method,comparator,source,utility_difference,task_success_rate_difference,catastrophe_rate_difference,intervention_rate_difference
Always Detour,Risk->BestFixed,0815f4806fc9a4fbd58c6627c8b92fd77f1b80ad4b8b4cd6d0c6e0541d488a7b,0.08333333333333337,0.0,-0.08333333333333333,0.41666666666666663
Always Detour,Risk->BestFixed,28c563172e6e13a0d3d84f1527243878c67a2140fa8c9a81ecb8b81ec9402dc8,0.0,0.0,0.0,0.0
Always Detour,Risk->BestFixed,2ef1381d9cfc0a92b107e2940bcf431c7494cd7067d032284f30a23c47b487cc,0.055555555555555525,-0.16666666666666674,-0.2222222222222222,0.7222222222222222
Always Detour,Risk->BestFixed,3f7887ee8820a4163a5033c81050731e85d1a310652a612f5b0ea5c450ec2043,0.0,0.0,0.0,0.0
Always Detour,Risk->BestFixed,5de3fa5396875480db81793738029227ed357caa91e5d24290ffc5cb0371f908,-0.08333333333333337,-0.08333333333333326,0.0,0.41666666666666663
Always Detour,Risk->BestFixed,61f6ada542d03d1dd4d75a304f2674efa20660163c54b012b956522e98835cac,0.0,0.0,0.0,0.33333333333333337
Always Detour,Risk->BestFixed,6292759eb45913ce4ed8447194504833f347d9355012e3228775797a4b0a7cd1,0.16666666666666663,0.08333333333333337,-0.08333333333333333,0.6666666666666667
Always Detour,Risk->BestFixed,655347c9fb28aaf505e162e6bcad095d17e4bfee5506113825cfb3da6ca60845,-0.25,-0.33333333333333337,-0.08333333333333334,0.75
Always Detour,Risk->BestFixed,69fa7e93588c6aea4b134efa44633d38556ce1656b46df276021920a664881a3,0.1333333333333333,-0.033333333333333326,-0.16666666666666669,0.7333333333333334
Always Detour,Risk->BestFixed,76fe1d96587ab928f6fb5d7750ecd048fd712eb3d66aa60feb972a3d9d56c9d1,-0.08333333333333333,-0.16666666666666669,-0.08333333333333331,0.5
Always Detour,Risk->BestFixed,821b498fc1fcb4e3c103635fa473d7577f718c4f633b273772954295c83ae585,-0.19999999999999998,-0.2,0.0,0.4666666666666667
Always Detour,Risk->BestFixed,9176c2514b8a62105f4d2b8a22a8a0b0236c5b9feda58c18ef64cea917b98d9d,0.0,0.0,0.0,0.4666666666666667
Always Detour,Risk->BestFixed,986b3dff233a80cf0fd1c48f815600f49b95f83be0d9f898fee40d0a5c9dca63,0.08333333333333337,0.0,-0.08333333333333333,0.6666666666666667
Always Detour,Risk->BestFixed,a3e1c487338ecfe4ce59e1e8f0be7a20d0442476ad923022ec430bdb5470ee56,0.5,0.33333333333333326,-0.16666666666666669,0.6666666666666667
Always Detour,Risk->BestFixed,a992f0a563f4b0239708f4be6fa38192e6930b15387567b2d4a16568d4fa5671,0.0,0.0,0.0,0.08333333333333337
Always Detour,Risk->BestFixed,b830bede73f505b84b88a6596e92c22a5a4c0ded1e275e8e5b28a599849d2df6,-0.09999999999999998,-0.19999999999999996,-0.09999999999999998,0.9
Always Detour,Risk->BestFixed,c8fa274849bf4beeb7c46b93a7de7a6242e5af2e9c83a395e8d0db16da5e81d8,-0.06666666666666665,-0.2,-0.13333333333333333,0.8666666666666667
Always Detour,Risk->BestFixed,d6796d48077a08484abd1252e6deb387d8b6a10bf445e66c4e6eaa0bde0f7818,0.0,0.0,0.0,0.0
Always Detour,Risk->BestFixed,ddd84e646ab0cdd38c0f283802f28ac361a412492f3872c7f489b95bb55d53af,-0.06666666666666665,-0.13333333333333336,-0.06666666666666667,0.8666666666666667
Always Detour,Risk->BestFixed,f64d2a60c3b9cebc4b5e12f86f4978711b4ca1e7a3788d1756d078c45a1c1004,-0.16666666666666669,-0.25,-0.08333333333333334,0.5833333333333333
Always Retreat,Risk->BestFixed,0815f4806fc9a4fbd58c6627c8b92fd77f1b80ad4b8b4cd6d0c6e0541d488a7b,-0.5,-0.5833333333333334,-0.08333333333333333,0.41666666666666663
Always Retreat,Risk->BestFixed,28c563172e6e13a0d3d84f1527243878c67a2140fa8c9a81ecb8b81ec9402dc8,-0.8,0.0,0.8,0.0
Always Retreat,Risk->BestFixed,2ef1381d9cfc0a92b107e2940bcf431c7494cd7067d032284f30a23c47b487cc,-0.3888888888888889,-0.6111111111111112,-0.2222222222222222,0.7222222222222222
Always Retreat,Risk->BestFixed,3f7887ee8820a4163a5033c81050731e85d1a310652a612f5b0ea5c450ec2043,0.0,0.0,0.0,0.0
Always Retreat,Risk->BestFixed,5de3fa5396875480db81793738029227ed357caa91e5d24290ffc5cb0371f908,-0.4166666666666667,-0.6666666666666666,-0.25,0.41666666666666663
Always Retreat,Risk->BestFixed,61f6ada542d03d1dd4d75a304f2674efa20660163c54b012b956522e98835cac,-0.3333333333333333,-0.5,-0.16666666666666666,0.33333333333333337
Always Retreat,Risk->BestFixed,6292759eb45913ce4ed8447194504833f347d9355012e3228775797a4b0a7cd1,-0.8333333333333334,-0.9166666666666666,-0.08333333333333333,0.6666666666666667
Always Retreat,Risk->BestFixed,655347c9fb28aaf505e162e6bcad095d17e4bfee5506113825cfb3da6ca60845,-0.3333333333333333,-0.5833333333333334,-0.25,0.75
Always Retreat,Risk->BestFixed,69fa7e93588c6aea4b134efa44633d38556ce1656b46df276021920a664881a3,-0.5,-0.7,-0.2,0.7333333333333334
Always Retreat,Risk->BestFixed,76fe1d96587ab928f6fb5d7750ecd048fd712eb3d66aa60feb972a3d9d56c9d1,-0.08333333333333333,-0.4166666666666667,-0.3333333333333333,0.5
Always Retreat,Risk->BestFixed,821b498fc1fcb4e3c103635fa473d7577f718c4f633b273772954295c83ae585,-0.3333333333333333,-0.5333333333333333,-0.2,0.4666666666666667
Always Retreat,Risk->BestFixed,9176c2514b8a62105f4d2b8a22a8a0b0236c5b9feda58c18ef64cea917b98d9d,-0.4666666666666667,-0.4,0.06666666666666665,0.4666666666666667
Always Retreat,Risk->BestFixed,986b3dff233a80cf0fd1c48f815600f49b95f83be0d9f898fee40d0a5c9dca63,-0.5833333333333334,-0.6666666666666666,-0.08333333333333333,0.6666666666666667
Always Retreat,Risk->BestFixed,a3e1c487338ecfe4ce59e1e8f0be7a20d0442476ad923022ec430bdb5470ee56,-0.3333333333333333,-0.5833333333333334,-0.25,0.6666666666666667
Always Retreat,Risk->BestFixed,a992f0a563f4b0239708f4be6fa38192e6930b15387567b2d4a16568d4fa5671,-0.4166666666666667,-0.4166666666666667,0.0,0.08333333333333337
Always Retreat,Risk->BestFixed,b830bede73f505b84b88a6596e92c22a5a4c0ded1e275e8e5b28a599849d2df6,-0.36666666666666664,-0.6333333333333333,-0.26666666666666666,0.9
Always Retreat,Risk->BestFixed,c8fa274849bf4beeb7c46b93a7de7a6242e5af2e9c83a395e8d0db16da5e81d8,-0.3333333333333333,-0.5333333333333333,-0.2,0.8666666666666667
Always Retreat,Risk->BestFixed,d6796d48077a08484abd1252e6deb387d8b6a10bf445e66c4e6eaa0bde0f7818,-1.2,-0.4,0.8,0.0
Always Retreat,Risk->BestFixed,ddd84e646ab0cdd38c0f283802f28ac361a412492f3872c7f489b95bb55d53af,-0.3333333333333333,-0.4,-0.06666666666666667,0.8666666666666667
Always Retreat,Risk->BestFixed,f64d2a60c3b9cebc4b5e12f86f4978711b4ca1e7a3788d1756d078c45a1c1004,-0.25,-0.5,-0.25,0.5833333333333333
Base,Risk->BestFixed,0815f4806fc9a4fbd58c6627c8b92fd77f1b80ad4b8b4cd6d0c6e0541d488a7b,-0.16666666666666669,0.08333333333333326,0.25,-0.5833333333333334
Base,Risk->BestFixed,28c563172e6e13a0d3d84f1527243878c67a2140fa8c9a81ecb8b81ec9402dc8,-0.6000000000000001,0.0,0.6000000000000001,-1.0
Base,Risk->BestFixed,2ef1381d9cfc0a92b107e2940bcf431c7494cd7067d032284f30a23c47b487cc,-0.1111111111111111,0.0,0.1111111111111111,-0.2777777777777778
Base,Risk->BestFixed,3f7887ee8820a4163a5033c81050731e85d1a310652a612f5b0ea5c450ec2043,0.19999999999999996,0.0,-0.19999999999999996,-1.0
Base,Risk->BestFixed,5de3fa5396875480db81793738029227ed357caa91e5d24290ffc5cb0371f908,-0.16666666666666669,-0.08333333333333326,0.08333333333333331,-0.5833333333333334
Base,Risk->BestFixed,61f6ada542d03d1dd4d75a304f2674efa20660163c54b012b956522e98835cac,0.0,0.16666666666666663,0.16666666666666666,-0.6666666666666666
Base,Risk->BestFixed,6292759eb45913ce4ed8447194504833f347d9355012e3228775797a4b0a7cd1,-0.5,-0.25,0.25,-0.3333333333333333
Base,Risk->BestFixed,655347c9fb28aaf505e162e6bcad095d17e4bfee5506113825cfb3da6ca60845,-0.08333333333333331,0.0,0.08333333333333331,-0.25
Base,Risk->BestFixed,69fa7e93588c6aea4b134efa44633d38556ce1656b46df276021920a664881a3,-0.26666666666666666,-0.1333333333333333,0.1333333333333333,-0.26666666666666666
Base,Risk->BestFixed,76fe1d96587ab928f6fb5d7750ecd048fd712eb3d66aa60feb972a3d9d56c9d1,0.33333333333333337,0.24999999999999994,-0.08333333333333331,-0.5
Base,Risk->BestFixed,821b498fc1fcb4e3c103635fa473d7577f718c4f633b273772954295c83ae585,-0.06666666666666665,0.06666666666666665,0.1333333333333333,-0.5333333333333333
Base,Risk->BestFixed,9176c2514b8a62105f4d2b8a22a8a0b0236c5b9feda58c18ef64cea917b98d9d,0.3333333333333333,0.2666666666666666,-0.06666666666666671,-0.5333333333333333
Base,Risk->BestFixed,986b3dff233a80cf0fd1c48f815600f49b95f83be0d9f898fee40d0a5c9dca63,-0.25,-0.08333333333333326,0.16666666666666666,-0.3333333333333333
Base,Risk->BestFixed,a3e1c487338ecfe4ce59e1e8f0be7a20d0442476ad923022ec430bdb5470ee56,-0.16666666666666666,-0.16666666666666669,0.0,-0.3333333333333333
Base,Risk->BestFixed,a992f0a563f4b0239708f4be6fa38192e6930b15387567b2d4a16568d4fa5671,-0.08333333333333337,0.24999999999999994,0.3333333333333333,-0.9166666666666666
Base,Risk->BestFixed,b830bede73f505b84b88a6596e92c22a5a4c0ded1e275e8e5b28a599849d2df6,0.0,0.0,0.0,-0.1
Base,Risk->BestFixed,c8fa274849bf4beeb7c46b93a7de7a6242e5af2e9c83a395e8d0db16da5e81d8,0.0,0.06666666666666665,0.06666666666666665,-0.13333333333333333
Base,Risk->BestFixed,d6796d48077a08484abd1252e6deb387d8b6a10bf445e66c4e6eaa0bde0f7818,-1.2,-0.4,0.8,-1.0
Base,Risk->BestFixed,ddd84e646ab0cdd38c0f283802f28ac361a412492f3872c7f489b95bb55d53af,0.06666666666666665,0.06666666666666665,0.0,-0.13333333333333333
Base,Risk->BestFixed,f64d2a60c3b9cebc4b5e12f86f4978711b4ca1e7a3788d1756d078c45a1c1004,0.25,0.25,0.0,-0.4166666666666667
Condition-only diagnostic,Risk->BestFixed,0815f4806fc9a4fbd58c6627c8b92fd77f1b80ad4b8b4cd6d0c6e0541d488a7b,0.16666666666666663,0.08333333333333326,-0.08333333333333333,-0.25000000000000006
Condition-only diagnostic,Risk->BestFixed,28c563172e6e13a0d3d84f1527243878c67a2140fa8c9a81ecb8b81ec9402dc8,-0.8,0.0,0.8,0.0
Condition-only diagnostic,Risk->BestFixed,2ef1381d9cfc0a92b107e2940bcf431c7494cd7067d032284f30a23c47b487cc,0.22222222222222227,0.0,-0.2222222222222222,0.055555555555555525
Condition-only diagnostic,Risk->BestFixed,3f7887ee8820a4163a5033c81050731e85d1a310652a612f5b0ea5c450ec2043,0.0,0.0,0.0,0.0
Condition-only diagnostic,Risk->BestFixed,5de3fa5396875480db81793738029227ed357caa91e5d24290ffc5cb0371f908,-0.08333333333333337,-0.08333333333333326,0.0,-0.25000000000000006
Condition-only diagnostic,Risk->BestFixed,61f6ada542d03d1dd4d75a304f2674efa20660163c54b012b956522e98835cac,0.16666666666666669,0.16666666666666663,0.0,-0.3333333333333333
Condition-only diagnostic,Risk->BestFixed,6292759eb45913ce4ed8447194504833f347d9355012e3228775797a4b0a7cd1,0.16666666666666663,0.08333333333333337,-0.08333333333333333,0.0
Condition-only diagnostic,Risk->BestFixed,655347c9fb28aaf505e162e6bcad095d17e4bfee5506113825cfb3da6ca60845,0.08333333333333337,0.0,-0.08333333333333334,0.08333333333333331
Condition-only diagnostic,Risk->BestFixed,69fa7e93588c6aea4b134efa44633d38556ce1656b46df276021920a664881a3,0.06666666666666665,-0.1333333333333333,-0.2,0.06666666666666665
Condition-only diagnostic,Risk->BestFixed,76fe1d96587ab928f6fb5d7750ecd048fd712eb3d66aa60feb972a3d9d56c9d1,0.33333333333333337,0.24999999999999994,-0.08333333333333331,-0.16666666666666669
Condition-only diagnostic,Risk->BestFixed,821b498fc1fcb4e3c103635fa473d7577f718c4f633b273772954295c83ae585,0.26666666666666666,0.06666666666666665,-0.2,-0.2
Condition-only diagnostic,Risk->BestFixed,9176c2514b8a62105f4d2b8a22a8a0b0236c5b9feda58c18ef64cea917b98d9d,0.7333333333333333,0.4666666666666667,-0.2666666666666667,-0.2
Condition-only diagnostic,Risk->BestFixed,986b3dff233a80cf0fd1c48f815600f49b95f83be0d9f898fee40d0a5c9dca63,0.25,0.16666666666666674,-0.08333333333333333,0.0
Condition-only diagnostic,Risk->BestFixed,a3e1c487338ecfe4ce59e1e8f0be7a20d0442476ad923022ec430bdb5470ee56,0.08333333333333337,-0.16666666666666669,-0.25,0.0
Condition-only diagnostic,Risk->BestFixed,a992f0a563f4b0239708f4be6fa38192e6930b15387567b2d4a16568d4fa5671,0.24999999999999994,0.24999999999999994,0.0,-0.5833333333333333
Condition-only diagnostic,Risk->BestFixed,b830bede73f505b84b88a6596e92c22a5a4c0ded1e275e8e5b28a599849d2df6,0.10000000000000003,0.0,-0.09999999999999998,0.2333333333333333
Condition-only diagnostic,Risk->BestFixed,c8fa274849bf4beeb7c46b93a7de7a6242e5af2e9c83a395e8d0db16da5e81d8,0.2,0.06666666666666665,-0.13333333333333333,0.19999999999999998
Condition-only diagnostic,Risk->BestFixed,d6796d48077a08484abd1252e6deb387d8b6a10bf445e66c4e6eaa0bde0f7818,-1.2,-0.4,0.8,0.0
Condition-only diagnostic,Risk->BestFixed,ddd84e646ab0cdd38c0f283802f28ac361a412492f3872c7f489b95bb55d53af,0.13333333333333336,0.06666666666666665,-0.06666666666666667,0.19999999999999998
Condition-only diagnostic,Risk->BestFixed,f64d2a60c3b9cebc4b5e12f86f4978711b4ca1e7a3788d1756d078c45a1c1004,0.25,0.16666666666666663,-0.08333333333333334,-0.08333333333333337
DirectChoice,Risk->BestFixed,0815f4806fc9a4fbd58c6627c8b92fd77f1b80ad4b8b4cd6d0c6e0541d488a7b,0.16666666666666663,0.08333333333333326,-0.08333333333333333,0.25
DirectChoice,Risk->BestFixed,28c563172e6e13a0d3d84f1527243878c67a2140fa8c9a81ecb8b81ec9402dc8,-0.6000000000000001,0.0,0.6000000000000001,-1.0
DirectChoice,Risk->BestFixed,2ef1381d9cfc0a92b107e2940bcf431c7494cd7067d032284f30a23c47b487cc,-0.05555555555555558,-0.16666666666666674,-0.1111111111111111,0.2777777777777778
DirectChoice,Risk->BestFixed,3f7887ee8820a4163a5033c81050731e85d1a310652a612f5b0ea5c450ec2043,0.19999999999999996,0.0,-0.19999999999999996,-0.6
DirectChoice,Risk->BestFixed,5de3fa5396875480db81793738029227ed357caa91e5d24290ffc5cb0371f908,0.0,0.0,0.0,0.16666666666666663
DirectChoice,Risk->BestFixed,61f6ada542d03d1dd4d75a304f2674efa20660163c54b012b956522e98835cac,0.0,0.0,0.0,0.0
DirectChoice,Risk->BestFixed,6292759eb45913ce4ed8447194504833f347d9355012e3228775797a4b0a7cd1,-0.25,-0.33333333333333326,-0.08333333333333333,0.3333333333333333
DirectChoice,Risk->BestFixed,655347c9fb28aaf505e162e6bcad095d17e4bfee5506113825cfb3da6ca60845,0.0,-0.16666666666666669,-0.16666666666666669,0.33333333333333337
DirectChoice,Risk->BestFixed,69fa7e93588c6aea4b134efa44633d38556ce1656b46df276021920a664881a3,-0.26666666666666666,-0.1333333333333333,0.1333333333333333,-0.26666666666666666
DirectChoice,Risk->BestFixed,76fe1d96587ab928f6fb5d7750ecd048fd712eb3d66aa60feb972a3d9d56c9d1,0.33333333333333337,0.16666666666666669,-0.16666666666666666,-0.16666666666666669
DirectChoice,Risk->BestFixed,821b498fc1fcb4e3c103635fa473d7577f718c4f633b273772954295c83ae585,-0.1333333333333333,-0.1333333333333333,0.0,-0.06666666666666665
DirectChoice,Risk->BestFixed,9176c2514b8a62105f4d2b8a22a8a0b0236c5b9feda58c18ef64cea917b98d9d,0.3333333333333333,0.19999999999999996,-0.13333333333333336,-0.2
DirectChoice,Risk->BestFixed,986b3dff233a80cf0fd1c48f815600f49b95f83be0d9f898fee40d0a5c9dca63,0.16666666666666663,0.08333333333333337,-0.08333333333333333,0.0
DirectChoice,Risk->BestFixed,a3e1c487338ecfe4ce59e1e8f0be7a20d0442476ad923022ec430bdb5470ee56,0.25000000000000006,0.16666666666666663,-0.08333333333333334,0.16666666666666669
DirectChoice,Risk->BestFixed,a992f0a563f4b0239708f4be6fa38192e6930b15387567b2d4a16568d4fa5671,0.08333333333333331,0.08333333333333331,0.0,-0.16666666666666663
DirectChoice,Risk->BestFixed,b830bede73f505b84b88a6596e92c22a5a4c0ded1e275e8e5b28a599849d2df6,0.06666666666666671,-0.033333333333333326,-0.09999999999999998,0.19999999999999998
DirectChoice,Risk->BestFixed,c8fa274849bf4beeb7c46b93a7de7a6242e5af2e9c83a395e8d0db16da5e81d8,-0.06666666666666665,-0.06666666666666665,0.0,0.4
DirectChoice,Risk->BestFixed,d6796d48077a08484abd1252e6deb387d8b6a10bf445e66c4e6eaa0bde0f7818,-0.8,-0.2,0.6000000000000001,-0.8
DirectChoice,Risk->BestFixed,ddd84e646ab0cdd38c0f283802f28ac361a412492f3872c7f489b95bb55d53af,0.06666666666666665,0.06666666666666665,0.0,-0.13333333333333333
DirectChoice,Risk->BestFixed,f64d2a60c3b9cebc4b5e12f86f4978711b4ca1e7a3788d1756d078c45a1c1004,0.25,0.08333333333333337,-0.16666666666666669,0.08333333333333331
DirectQ,Risk->BestFixed,0815f4806fc9a4fbd58c6627c8b92fd77f1b80ad4b8b4cd6d0c6e0541d488a7b,0.08333333333333337,0.0,-0.08333333333333333,0.41666666666666663
DirectQ,Risk->BestFixed,28c563172e6e13a0d3d84f1527243878c67a2140fa8c9a81ecb8b81ec9402dc8,-0.6000000000000001,0.0,0.6000000000000001,-1.0
DirectQ,Risk->BestFixed,2ef1381d9cfc0a92b107e2940bcf431c7494cd7067d032284f30a23c47b487cc,0.0,-0.22222222222222227,-0.2222222222222222,0.5
DirectQ,Risk->BestFixed,3f7887ee8820a4163a5033c81050731e85d1a310652a612f5b0ea5c450ec2043,0.19999999999999996,0.0,-0.19999999999999996,-0.19999999999999996
DirectQ,Risk->BestFixed,5de3fa5396875480db81793738029227ed357caa91e5d24290ffc5cb0371f908,-0.16666666666666669,-0.08333333333333326,0.08333333333333331,0.0
DirectQ,Risk->BestFixed,61f6ada542d03d1dd4d75a304f2674efa20660163c54b012b956522e98835cac,0.08333333333333337,0.08333333333333337,0.0,0.0
DirectQ,Risk->BestFixed,6292759eb45913ce4ed8447194504833f347d9355012e3228775797a4b0a7cd1,-0.25,-0.25,0.0,0.16666666666666669
DirectQ,Risk->BestFixed,655347c9fb28aaf505e162e6bcad095d17e4bfee5506113825cfb3da6ca60845,0.0,-0.08333333333333337,-0.08333333333333334,0.08333333333333331
DirectQ,Risk->BestFixed,69fa7e93588c6aea4b134efa44633d38556ce1656b46df276021920a664881a3,-0.033333333333333326,-0.09999999999999998,-0.06666666666666668,0.033333333333333326
DirectQ,Risk->BestFixed,76fe1d96587ab928f6fb5d7750ecd048fd712eb3d66aa60feb972a3d9d56c9d1,0.25,0.08333333333333331,-0.16666666666666666,0.0
DirectQ,Risk->BestFixed,821b498fc1fcb4e3c103635fa473d7577f718c4f633b273772954295c83ae585,0.0,0.06666666666666665,0.06666666666666665,-0.3333333333333333
DirectQ,Risk->BestFixed,9176c2514b8a62105f4d2b8a22a8a0b0236c5b9feda58c18ef64cea917b98d9d,0.3333333333333333,0.19999999999999996,-0.13333333333333336,-0.4
DirectQ,Risk->BestFixed,986b3dff233a80cf0fd1c48f815600f49b95f83be0d9f898fee40d0a5c9dca63,-0.08333333333333331,0.0,0.08333333333333334,-0.08333333333333331
DirectQ,Risk->BestFixed,a3e1c487338ecfe4ce59e1e8f0be7a20d0442476ad923022ec430bdb5470ee56,-0.08333333333333331,-0.08333333333333337,0.0,0.0
DirectQ,Risk->BestFixed,a992f0a563f4b0239708f4be6fa38192e6930b15387567b2d4a16568d4fa5671,0.08333333333333331,0.08333333333333331,0.0,-0.08333333333333326
DirectQ,Risk->BestFixed,b830bede73f505b84b88a6596e92c22a5a4c0ded1e275e8e5b28a599849d2df6,0.13333333333333336,0.033333333333333326,-0.09999999999999998,0.16666666666666666
DirectQ,Risk->BestFixed,c8fa274849bf4beeb7c46b93a7de7a6242e5af2e9c83a395e8d0db16da5e81d8,0.0,0.06666666666666665,0.06666666666666665,-0.06666666666666667
DirectQ,Risk->BestFixed,d6796d48077a08484abd1252e6deb387d8b6a10bf445e66c4e6eaa0bde0f7818,-1.2,-0.4,0.8,-1.0
DirectQ,Risk->BestFixed,ddd84e646ab0cdd38c0f283802f28ac361a412492f3872c7f489b95bb55d53af,-0.06666666666666665,-0.06666666666666671,0.0,0.0
DirectQ,Risk->BestFixed,f64d2a60c3b9cebc4b5e12f86f4978711b4ca1e7a3788d1756d078c45a1c1004,0.16666666666666669,0.0,-0.16666666666666669,0.16666666666666669
Horizon-only diagnostic,Risk->BestFixed,0815f4806fc9a4fbd58c6627c8b92fd77f1b80ad4b8b4cd6d0c6e0541d488a7b,0.0,0.08333333333333326,0.08333333333333333,-0.08333333333333337
Horizon-only diagnostic,Risk->BestFixed,28c563172e6e13a0d3d84f1527243878c67a2140fa8c9a81ecb8b81ec9402dc8,-0.2,0.0,0.2,-0.4
Horizon-only diagnostic,Risk->BestFixed,2ef1381d9cfc0a92b107e2940bcf431c7494cd7067d032284f30a23c47b487cc,-0.05555555555555558,-0.05555555555555558,0.0,0.055555555555555525
Horizon-only diagnostic,Risk->BestFixed,3f7887ee8820a4163a5033c81050731e85d1a310652a612f5b0ea5c450ec2043,0.0,0.0,0.0,-0.4
Horizon-only diagnostic,Risk->BestFixed,5de3fa5396875480db81793738029227ed357caa91e5d24290ffc5cb0371f908,-0.16666666666666669,-0.08333333333333326,0.08333333333333331,-0.08333333333333337
Horizon-only diagnostic,Risk->BestFixed,61f6ada542d03d1dd4d75a304f2674efa20660163c54b012b956522e98835cac,0.0,0.08333333333333337,0.08333333333333334,-0.16666666666666663
Horizon-only diagnostic,Risk->BestFixed,6292759eb45913ce4ed8447194504833f347d9355012e3228775797a4b0a7cd1,-0.33333333333333337,-0.16666666666666663,0.16666666666666669,-0.08333333333333331
Horizon-only diagnostic,Risk->BestFixed,655347c9fb28aaf505e162e6bcad095d17e4bfee5506113825cfb3da6ca60845,-0.16666666666666666,-0.16666666666666669,0.0,0.25
Horizon-only diagnostic,Risk->BestFixed,69fa7e93588c6aea4b134efa44633d38556ce1656b46df276021920a664881a3,0.0,-0.06666666666666665,-0.06666666666666668,0.3333333333333333
Horizon-only diagnostic,Risk->BestFixed,76fe1d96587ab928f6fb5d7750ecd048fd712eb3d66aa60feb972a3d9d56c9d1,0.25,0.08333333333333331,-0.16666666666666666,0.0
Horizon-only diagnostic,Risk->BestFixed,821b498fc1fcb4e3c103635fa473d7577f718c4f633b273772954295c83ae585,-0.26666666666666666,-0.1333333333333333,0.1333333333333333,-0.1333333333333333
Horizon-only diagnostic,Risk->BestFixed,9176c2514b8a62105f4d2b8a22a8a0b0236c5b9feda58c18ef64cea917b98d9d,0.13333333333333333,0.1333333333333333,0.0,-0.1333333333333333
Horizon-only diagnostic,Risk->BestFixed,986b3dff233a80cf0fd1c48f815600f49b95f83be0d9f898fee40d0a5c9dca63,0.08333333333333337,0.08333333333333337,0.0,0.16666666666666669
Horizon-only diagnostic,Risk->BestFixed,a3e1c487338ecfe4ce59e1e8f0be7a20d0442476ad923022ec430bdb5470ee56,0.0,0.0,0.0,0.16666666666666669
Horizon-only diagnostic,Risk->BestFixed,a992f0a563f4b0239708f4be6fa38192e6930b15387567b2d4a16568d4fa5671,-0.08333333333333337,0.08333333333333331,0.16666666666666666,-0.41666666666666663
Horizon-only diagnostic,Risk->BestFixed,b830bede73f505b84b88a6596e92c22a5a4c0ded1e275e8e5b28a599849d2df6,-0.033333333333333326,-0.09999999999999998,-0.06666666666666665,0.5
Horizon-only diagnostic,Risk->BestFixed,c8fa274849bf4beeb7c46b93a7de7a6242e5af2e9c83a395e8d0db16da5e81d8,0.0,0.06666666666666665,0.06666666666666665,-0.13333333333333333
Horizon-only diagnostic,Risk->BestFixed,d6796d48077a08484abd1252e6deb387d8b6a10bf445e66c4e6eaa0bde0f7818,-0.6000000000000001,-0.2,0.39999999999999997,-0.6
Horizon-only diagnostic,Risk->BestFixed,ddd84e646ab0cdd38c0f283802f28ac361a412492f3872c7f489b95bb55d53af,0.0,-0.06666666666666671,-0.06666666666666667,0.4666666666666667
Horizon-only diagnostic,Risk->BestFixed,f64d2a60c3b9cebc4b5e12f86f4978711b4ca1e7a3788d1756d078c45a1c1004,0.08333333333333331,0.0,-0.08333333333333334,0.08333333333333331
OutcomeRouter,Risk->BestFixed,0815f4806fc9a4fbd58c6627c8b92fd77f1b80ad4b8b4cd6d0c6e0541d488a7b,0.16666666666666663,0.08333333333333326,-0.08333333333333333,0.08333333333333326
OutcomeRouter,Risk->BestFixed,28c563172e6e13a0d3d84f1527243878c67a2140fa8c9a81ecb8b81ec9402dc8,-0.6000000000000001,0.0,0.6000000000000001,-1.0
OutcomeRouter,Risk->BestFixed,2ef1381d9cfc0a92b107e2940bcf431c7494cd7067d032284f30a23c47b487cc,0.055555555555555525,-0.11111111111111116,-0.16666666666666666,0.33333333333333337
OutcomeRouter,Risk->BestFixed,3f7887ee8820a4163a5033c81050731e85d1a310652a612f5b0ea5c450ec2043,0.0,0.0,0.0,0.0
OutcomeRouter,Risk->BestFixed,5de3fa5396875480db81793738029227ed357caa91e5d24290ffc5cb0371f908,-0.16666666666666669,-0.08333333333333326,0.08333333333333331,-0.41666666666666674
OutcomeRouter,Risk->BestFixed,61f6ada542d03d1dd4d75a304f2674efa20660163c54b012b956522e98835cac,0.08333333333333337,0.08333333333333337,0.0,-0.24999999999999994
OutcomeRouter,Risk->BestFixed,6292759eb45913ce4ed8447194504833f347d9355012e3228775797a4b0a7cd1,-0.16666666666666674,-0.25,-0.08333333333333333,0.25000000000000006
OutcomeRouter,Risk->BestFixed,655347c9fb28aaf505e162e6bcad095d17e4bfee5506113825cfb3da6ca60845,0.08333333333333337,0.0,-0.08333333333333334,0.0
OutcomeRouter,Risk->BestFixed,69fa7e93588c6aea4b134efa44633d38556ce1656b46df276021920a664881a3,0.06666666666666665,-0.09999999999999998,-0.16666666666666669,0.4666666666666666
OutcomeRouter,Risk->BestFixed,76fe1d96587ab928f6fb5d7750ecd048fd712eb3d66aa60feb972a3d9d56c9d1,0.4166666666666667,0.24999999999999994,-0.16666666666666666,-0.25
OutcomeRouter,Risk->BestFixed,821b498fc1fcb4e3c103635fa473d7577f718c4f633b273772954295c83ae585,-0.06666666666666665,-0.06666666666666665,0.0,0.06666666666666665
OutcomeRouter,Risk->BestFixed,9176c2514b8a62105f4d2b8a22a8a0b0236c5b9feda58c18ef64cea917b98d9d,0.26666666666666666,0.19999999999999996,-0.06666666666666671,-0.1333333333333333
OutcomeRouter,Risk->BestFixed,986b3dff233a80cf0fd1c48f815600f49b95f83be0d9f898fee40d0a5c9dca63,0.16666666666666663,0.08333333333333337,-0.08333333333333333,0.08333333333333337
OutcomeRouter,Risk->BestFixed,a3e1c487338ecfe4ce59e1e8f0be7a20d0442476ad923022ec430bdb5470ee56,-0.08333333333333331,-0.08333333333333337,0.0,0.0
OutcomeRouter,Risk->BestFixed,a992f0a563f4b0239708f4be6fa38192e6930b15387567b2d4a16568d4fa5671,0.0,0.08333333333333331,0.08333333333333333,-0.16666666666666663
OutcomeRouter,Risk->BestFixed,b830bede73f505b84b88a6596e92c22a5a4c0ded1e275e8e5b28a599849d2df6,0.10000000000000003,0.0,-0.09999999999999998,0.1
OutcomeRouter,Risk->BestFixed,c8fa274849bf4beeb7c46b93a7de7a6242e5af2e9c83a395e8d0db16da5e81d8,-0.06666666666666665,-0.1333333333333333,-0.06666666666666665,0.5333333333333333
OutcomeRouter,Risk->BestFixed,d6796d48077a08484abd1252e6deb387d8b6a10bf445e66c4e6eaa0bde0f7818,0.0,0.0,0.0,0.0
OutcomeRouter,Risk->BestFixed,ddd84e646ab0cdd38c0f283802f28ac361a412492f3872c7f489b95bb55d53af,-0.06666666666666665,-0.06666666666666671,0.0,0.06666666666666668
OutcomeRouter,Risk->BestFixed,f64d2a60c3b9cebc4b5e12f86f4978711b4ca1e7a3788d1756d078c45a1c1004,0.16666666666666669,0.08333333333333337,-0.08333333333333334,0.0
OutcomeRouter-hidden-only,Risk->BestFixed,0815f4806fc9a4fbd58c6627c8b92fd77f1b80ad4b8b4cd6d0c6e0541d488a7b,0.16666666666666663,0.08333333333333326,-0.08333333333333333,0.08333333333333326
OutcomeRouter-hidden-only,Risk->BestFixed,28c563172e6e13a0d3d84f1527243878c67a2140fa8c9a81ecb8b81ec9402dc8,-0.39999999999999997,0.0,0.39999999999999997,-0.4
OutcomeRouter-hidden-only,Risk->BestFixed,2ef1381d9cfc0a92b107e2940bcf431c7494cd7067d032284f30a23c47b487cc,0.0,-0.11111111111111116,-0.1111111111111111,0.16666666666666663
OutcomeRouter-hidden-only,Risk->BestFixed,3f7887ee8820a4163a5033c81050731e85d1a310652a612f5b0ea5c450ec2043,0.0,0.0,0.0,0.0
OutcomeRouter-hidden-only,Risk->BestFixed,5de3fa5396875480db81793738029227ed357caa91e5d24290ffc5cb0371f908,-0.08333333333333337,-0.08333333333333326,0.0,-0.41666666666666674
OutcomeRouter-hidden-only,Risk->BestFixed,61f6ada542d03d1dd4d75a304f2674efa20660163c54b012b956522e98835cac,0.25000000000000006,0.08333333333333337,-0.16666666666666666,-0.16666666666666663
OutcomeRouter-hidden-only,Risk->BestFixed,6292759eb45913ce4ed8447194504833f347d9355012e3228775797a4b0a7cd1,-0.08333333333333337,-0.08333333333333326,0.0,-0.08333333333333331
OutcomeRouter-hidden-only,Risk->BestFixed,655347c9fb28aaf505e162e6bcad095d17e4bfee5506113825cfb3da6ca60845,0.0,-0.16666666666666669,-0.16666666666666669,0.41666666666666663
OutcomeRouter-hidden-only,Risk->BestFixed,69fa7e93588c6aea4b134efa44633d38556ce1656b46df276021920a664881a3,0.09999999999999998,-0.09999999999999998,-0.2,0.5333333333333334
OutcomeRouter-hidden-only,Risk->BestFixed,76fe1d96587ab928f6fb5d7750ecd048fd712eb3d66aa60feb972a3d9d56c9d1,0.25,0.08333333333333331,-0.16666666666666666,0.0
OutcomeRouter-hidden-only,Risk->BestFixed,821b498fc1fcb4e3c103635fa473d7577f718c4f633b273772954295c83ae585,-0.1333333333333333,-0.1333333333333333,0.0,0.06666666666666665
OutcomeRouter-hidden-only,Risk->BestFixed,9176c2514b8a62105f4d2b8a22a8a0b0236c5b9feda58c18ef64cea917b98d9d,0.2,0.1333333333333333,-0.06666666666666671,-0.06666666666666665
OutcomeRouter-hidden-only,Risk->BestFixed,986b3dff233a80cf0fd1c48f815600f49b95f83be0d9f898fee40d0a5c9dca63,0.08333333333333337,0.0,-0.08333333333333333,0.25000000000000006
OutcomeRouter-hidden-only,Risk->BestFixed,a3e1c487338ecfe4ce59e1e8f0be7a20d0442476ad923022ec430bdb5470ee56,0.16666666666666669,0.08333333333333326,-0.08333333333333334,0.25000000000000006
OutcomeRouter-hidden-only,Risk->BestFixed,a992f0a563f4b0239708f4be6fa38192e6930b15387567b2d4a16568d4fa5671,0.0,0.08333333333333331,0.08333333333333333,-0.25
OutcomeRouter-hidden-only,Risk->BestFixed,b830bede73f505b84b88a6596e92c22a5a4c0ded1e275e8e5b28a599849d2df6,0.10000000000000003,-0.06666666666666665,-0.16666666666666666,0.5
OutcomeRouter-hidden-only,Risk->BestFixed,c8fa274849bf4beeb7c46b93a7de7a6242e5af2e9c83a395e8d0db16da5e81d8,0.0,0.0,0.0,0.06666666666666668
OutcomeRouter-hidden-only,Risk->BestFixed,d6796d48077a08484abd1252e6deb387d8b6a10bf445e66c4e6eaa0bde0f7818,-0.6000000000000001,-0.2,0.39999999999999997,-0.6
OutcomeRouter-hidden-only,Risk->BestFixed,ddd84e646ab0cdd38c0f283802f28ac361a412492f3872c7f489b95bb55d53af,-0.06666666666666665,-0.06666666666666671,0.0,0.19999999999999998
OutcomeRouter-hidden-only,Risk->BestFixed,f64d2a60c3b9cebc4b5e12f86f4978711b4ca1e7a3788d1756d078c45a1c1004,0.25,0.08333333333333337,-0.16666666666666669,0.0
OutcomeRouter-state-action-only,Risk->BestFixed,0815f4806fc9a4fbd58c6627c8b92fd77f1b80ad4b8b4cd6d0c6e0541d488a7b,0.08333333333333337,0.0,-0.08333333333333333,0.41666666666666663
OutcomeRouter-state-action-only,Risk->BestFixed,28c563172e6e13a0d3d84f1527243878c67a2140fa8c9a81ecb8b81ec9402dc8,-0.6000000000000001,0.0,0.6000000000000001,-1.0
OutcomeRouter-state-action-only,Risk->BestFixed,2ef1381d9cfc0a92b107e2940bcf431c7494cd7067d032284f30a23c47b487cc,-0.16666666666666669,-0.11111111111111116,0.05555555555555558,0.0
OutcomeRouter-state-action-only,Risk->BestFixed,3f7887ee8820a4163a5033c81050731e85d1a310652a612f5b0ea5c450ec2043,0.0,0.0,0.0,0.0
OutcomeRouter-state-action-only,Risk->BestFixed,5de3fa5396875480db81793738029227ed357caa91e5d24290ffc5cb0371f908,-0.16666666666666669,-0.08333333333333326,0.08333333333333331,-0.16666666666666669
OutcomeRouter-state-action-only,Risk->BestFixed,61f6ada542d03d1dd4d75a304f2674efa20660163c54b012b956522e98835cac,0.0,0.16666666666666663,0.16666666666666666,-0.5833333333333333
OutcomeRouter-state-action-only,Risk->BestFixed,6292759eb45913ce4ed8447194504833f347d9355012e3228775797a4b0a7cd1,-0.5,-0.25,0.25,-0.3333333333333333
OutcomeRouter-state-action-only,Risk->BestFixed,655347c9fb28aaf505e162e6bcad095d17e4bfee5506113825cfb3da6ca60845,-0.16666666666666666,-0.08333333333333337,0.08333333333333331,0.0
OutcomeRouter-state-action-only,Risk->BestFixed,69fa7e93588c6aea4b134efa44633d38556ce1656b46df276021920a664881a3,-0.26666666666666666,-0.1333333333333333,0.1333333333333333,-0.26666666666666666
OutcomeRouter-state-action-only,Risk->BestFixed,76fe1d96587ab928f6fb5d7750ecd048fd712eb3d66aa60feb972a3d9d56c9d1,0.25,0.24999999999999994,0.0,-0.08333333333333331
OutcomeRouter-state-action-only,Risk->BestFixed,821b498fc1fcb4e3c103635fa473d7577f718c4f633b273772954295c83ae585,-0.1333333333333333,-0.1333333333333333,0.0,0.2666666666666667
OutcomeRouter-state-action-only,Risk->BestFixed,9176c2514b8a62105f4d2b8a22a8a0b0236c5b9feda58c18ef64cea917b98d9d,0.3333333333333333,0.2666666666666666,-0.06666666666666671,-0.3333333333333333
OutcomeRouter-state-action-only,Risk->BestFixed,986b3dff233a80cf0fd1c48f815600f49b95f83be0d9f898fee40d0a5c9dca63,-0.25,-0.08333333333333326,0.16666666666666666,-0.3333333333333333
OutcomeRouter-state-action-only,Risk->BestFixed,a3e1c487338ecfe4ce59e1e8f0be7a20d0442476ad923022ec430bdb5470ee56,-0.08333333333333331,-0.08333333333333337,0.0,0.0
OutcomeRouter-state-action-only,Risk->BestFixed,a992f0a563f4b0239708f4be6fa38192e6930b15387567b2d4a16568d4fa5671,0.16666666666666669,0.16666666666666669,0.0,-0.25
OutcomeRouter-state-action-only,Risk->BestFixed,b830bede73f505b84b88a6596e92c22a5a4c0ded1e275e8e5b28a599849d2df6,0.033333333333333326,-0.033333333333333326,-0.06666666666666665,0.3666666666666667
OutcomeRouter-state-action-only,Risk->BestFixed,c8fa274849bf4beeb7c46b93a7de7a6242e5af2e9c83a395e8d0db16da5e81d8,0.0,0.06666666666666665,0.06666666666666665,-0.13333333333333333
OutcomeRouter-state-action-only,Risk->BestFixed,d6796d48077a08484abd1252e6deb387d8b6a10bf445e66c4e6eaa0bde0f7818,0.0,0.0,0.0,0.0
OutcomeRouter-state-action-only,Risk->BestFixed,ddd84e646ab0cdd38c0f283802f28ac361a412492f3872c7f489b95bb55d53af,0.0,0.0,0.0,0.19999999999999998
OutcomeRouter-state-action-only,Risk->BestFixed,f64d2a60c3b9cebc4b5e12f86f4978711b4ca1e7a3788d1756d078c45a1c1004,-0.16666666666666669,-0.16666666666666669,0.0,0.4166666666666667
PairwiseAdvantage,Risk->BestFixed,0815f4806fc9a4fbd58c6627c8b92fd77f1b80ad4b8b4cd6d0c6e0541d488a7b,0.08333333333333337,0.0,-0.08333333333333333,0.41666666666666663
PairwiseAdvantage,Risk->BestFixed,28c563172e6e13a0d3d84f1527243878c67a2140fa8c9a81ecb8b81ec9402dc8,-0.6000000000000001,0.0,0.6000000000000001,-1.0
PairwiseAdvantage,Risk->BestFixed,2ef1381d9cfc0a92b107e2940bcf431c7494cd7067d032284f30a23c47b487cc,0.0,-0.22222222222222227,-0.2222222222222222,0.5
PairwiseAdvantage,Risk->BestFixed,3f7887ee8820a4163a5033c81050731e85d1a310652a612f5b0ea5c450ec2043,0.19999999999999996,0.0,-0.19999999999999996,-0.19999999999999996
PairwiseAdvantage,Risk->BestFixed,5de3fa5396875480db81793738029227ed357caa91e5d24290ffc5cb0371f908,-0.16666666666666669,-0.08333333333333326,0.08333333333333331,0.0
PairwiseAdvantage,Risk->BestFixed,61f6ada542d03d1dd4d75a304f2674efa20660163c54b012b956522e98835cac,0.08333333333333337,0.08333333333333337,0.0,0.0
PairwiseAdvantage,Risk->BestFixed,6292759eb45913ce4ed8447194504833f347d9355012e3228775797a4b0a7cd1,-0.25,-0.25,0.0,0.16666666666666669
PairwiseAdvantage,Risk->BestFixed,655347c9fb28aaf505e162e6bcad095d17e4bfee5506113825cfb3da6ca60845,0.0,-0.08333333333333337,-0.08333333333333334,0.08333333333333331
PairwiseAdvantage,Risk->BestFixed,69fa7e93588c6aea4b134efa44633d38556ce1656b46df276021920a664881a3,-0.033333333333333326,-0.09999999999999998,-0.06666666666666668,0.033333333333333326
PairwiseAdvantage,Risk->BestFixed,76fe1d96587ab928f6fb5d7750ecd048fd712eb3d66aa60feb972a3d9d56c9d1,0.25,0.08333333333333331,-0.16666666666666666,0.0
PairwiseAdvantage,Risk->BestFixed,821b498fc1fcb4e3c103635fa473d7577f718c4f633b273772954295c83ae585,0.0,0.06666666666666665,0.06666666666666665,-0.3333333333333333
PairwiseAdvantage,Risk->BestFixed,9176c2514b8a62105f4d2b8a22a8a0b0236c5b9feda58c18ef64cea917b98d9d,0.3333333333333333,0.19999999999999996,-0.13333333333333336,-0.4
PairwiseAdvantage,Risk->BestFixed,986b3dff233a80cf0fd1c48f815600f49b95f83be0d9f898fee40d0a5c9dca63,-0.08333333333333331,0.0,0.08333333333333334,-0.08333333333333331
PairwiseAdvantage,Risk->BestFixed,a3e1c487338ecfe4ce59e1e8f0be7a20d0442476ad923022ec430bdb5470ee56,-0.08333333333333331,-0.08333333333333337,0.0,0.0
PairwiseAdvantage,Risk->BestFixed,a992f0a563f4b0239708f4be6fa38192e6930b15387567b2d4a16568d4fa5671,0.08333333333333331,0.08333333333333331,0.0,-0.08333333333333326
PairwiseAdvantage,Risk->BestFixed,b830bede73f505b84b88a6596e92c22a5a4c0ded1e275e8e5b28a599849d2df6,0.13333333333333336,0.033333333333333326,-0.09999999999999998,0.16666666666666666
PairwiseAdvantage,Risk->BestFixed,c8fa274849bf4beeb7c46b93a7de7a6242e5af2e9c83a395e8d0db16da5e81d8,0.0,0.06666666666666665,0.06666666666666665,-0.06666666666666667
PairwiseAdvantage,Risk->BestFixed,d6796d48077a08484abd1252e6deb387d8b6a10bf445e66c4e6eaa0bde0f7818,-1.2,-0.4,0.8,-1.0
PairwiseAdvantage,Risk->BestFixed,ddd84e646ab0cdd38c0f283802f28ac361a412492f3872c7f489b95bb55d53af,-0.06666666666666665,-0.06666666666666671,0.0,0.0
PairwiseAdvantage,Risk->BestFixed,f64d2a60c3b9cebc4b5e12f86f4978711b4ca1e7a3788d1756d078c45a1c1004,0.16666666666666669,0.0,-0.16666666666666669,0.16666666666666669
Risk+TwoStage,Risk->BestFixed,0815f4806fc9a4fbd58c6627c8b92fd77f1b80ad4b8b4cd6d0c6e0541d488a7b,0.08333333333333337,0.08333333333333326,0.0,-0.08333333333333337
Risk+TwoStage,Risk->BestFixed,28c563172e6e13a0d3d84f1527243878c67a2140fa8c9a81ecb8b81ec9402dc8,-0.8,0.0,0.8,0.0
Risk+TwoStage,Risk->BestFixed,2ef1381d9cfc0a92b107e2940bcf431c7494cd7067d032284f30a23c47b487cc,0.0,0.0,0.0,0.0
Risk+TwoStage,Risk->BestFixed,3f7887ee8820a4163a5033c81050731e85d1a310652a612f5b0ea5c450ec2043,0.0,0.0,0.0,0.0
Risk+TwoStage,Risk->BestFixed,5de3fa5396875480db81793738029227ed357caa91e5d24290ffc5cb0371f908,0.0,0.0,0.0,0.0
Risk+TwoStage,Risk->BestFixed,61f6ada542d03d1dd4d75a304f2674efa20660163c54b012b956522e98835cac,0.16666666666666669,0.0,-0.16666666666666666,0.0
Risk+TwoStage,Risk->BestFixed,6292759eb45913ce4ed8447194504833f347d9355012e3228775797a4b0a7cd1,-0.25,-0.25,0.0,0.0
Risk+TwoStage,Risk->BestFixed,655347c9fb28aaf505e162e6bcad095d17e4bfee5506113825cfb3da6ca60845,0.08333333333333337,0.0,-0.08333333333333334,0.0
Risk+TwoStage,Risk->BestFixed,69fa7e93588c6aea4b134efa44633d38556ce1656b46df276021920a664881a3,-0.26666666666666666,-0.1333333333333333,0.1333333333333333,-0.26666666666666666
Risk+TwoStage,Risk->BestFixed,76fe1d96587ab928f6fb5d7750ecd048fd712eb3d66aa60feb972a3d9d56c9d1,0.16666666666666669,0.0,-0.16666666666666666,0.0
Risk+TwoStage,Risk->BestFixed,821b498fc1fcb4e3c103635fa473d7577f718c4f633b273772954295c83ae585,-0.06666666666666665,0.0,0.06666666666666665,-0.2
Risk+TwoStage,Risk->BestFixed,9176c2514b8a62105f4d2b8a22a8a0b0236c5b9feda58c18ef64cea917b98d9d,-0.06666666666666667,-0.06666666666666671,0.0,0.0
Risk+TwoStage,Risk->BestFixed,986b3dff233a80cf0fd1c48f815600f49b95f83be0d9f898fee40d0a5c9dca63,-0.08333333333333331,-0.08333333333333326,0.0,0.0
Risk+TwoStage,Risk->BestFixed,a3e1c487338ecfe4ce59e1e8f0be7a20d0442476ad923022ec430bdb5470ee56,0.0,0.0,0.0,0.0
Risk+TwoStage,Risk->BestFixed,a992f0a563f4b0239708f4be6fa38192e6930b15387567b2d4a16568d4fa5671,-0.08333333333333337,-0.08333333333333337,0.0,0.0
Risk+TwoStage,Risk->BestFixed,b830bede73f505b84b88a6596e92c22a5a4c0ded1e275e8e5b28a599849d2df6,0.06666666666666671,0.0,-0.06666666666666665,0.0
Risk+TwoStage,Risk->BestFixed,c8fa274849bf4beeb7c46b93a7de7a6242e5af2e9c83a395e8d0db16da5e81d8,-0.13333333333333333,-0.06666666666666665,0.06666666666666665,0.06666666666666668
Risk+TwoStage,Risk->BestFixed,d6796d48077a08484abd1252e6deb387d8b6a10bf445e66c4e6eaa0bde0f7818,0.0,0.0,0.0,0.0
Risk+TwoStage,Risk->BestFixed,ddd84e646ab0cdd38c0f283802f28ac361a412492f3872c7f489b95bb55d53af,0.0,0.0,0.0,0.0
Risk+TwoStage,Risk->BestFixed,f64d2a60c3b9cebc4b5e12f86f4978711b4ca1e7a3788d1756d078c45a1c1004,0.25,0.08333333333333337,-0.16666666666666669,-0.08333333333333337
Risk->Detour,Risk->BestFixed,0815f4806fc9a4fbd58c6627c8b92fd77f1b80ad4b8b4cd6d0c6e0541d488a7b,0.0,0.0,0.0,0.0
Risk->Detour,Risk->BestFixed,28c563172e6e13a0d3d84f1527243878c67a2140fa8c9a81ecb8b81ec9402dc8,0.0,0.0,0.0,0.0
Risk->Detour,Risk->BestFixed,2ef1381d9cfc0a92b107e2940bcf431c7494cd7067d032284f30a23c47b487cc,0.0,0.0,0.0,0.0
Risk->Detour,Risk->BestFixed,3f7887ee8820a4163a5033c81050731e85d1a310652a612f5b0ea5c450ec2043,0.0,0.0,0.0,0.0
Risk->Detour,Risk->BestFixed,5de3fa5396875480db81793738029227ed357caa91e5d24290ffc5cb0371f908,0.0,0.0,0.0,0.0
Risk->Detour,Risk->BestFixed,61f6ada542d03d1dd4d75a304f2674efa20660163c54b012b956522e98835cac,0.0,0.0,0.0,0.0
Risk->Detour,Risk->BestFixed,6292759eb45913ce4ed8447194504833f347d9355012e3228775797a4b0a7cd1,0.0,0.0,0.0,0.0
Risk->Detour,Risk->BestFixed,655347c9fb28aaf505e162e6bcad095d17e4bfee5506113825cfb3da6ca60845,0.0,0.0,0.0,0.0
Risk->Detour,Risk->BestFixed,69fa7e93588c6aea4b134efa44633d38556ce1656b46df276021920a664881a3,0.0,0.0,0.0,0.0
Risk->Detour,Risk->BestFixed,76fe1d96587ab928f6fb5d7750ecd048fd712eb3d66aa60feb972a3d9d56c9d1,0.0,0.0,0.0,0.0
Risk->Detour,Risk->BestFixed,821b498fc1fcb4e3c103635fa473d7577f718c4f633b273772954295c83ae585,0.0,0.0,0.0,0.0
Risk->Detour,Risk->BestFixed,9176c2514b8a62105f4d2b8a22a8a0b0236c5b9feda58c18ef64cea917b98d9d,0.0,0.0,0.0,0.0
Risk->Detour,Risk->BestFixed,986b3dff233a80cf0fd1c48f815600f49b95f83be0d9f898fee40d0a5c9dca63,0.0,0.0,0.0,0.0
Risk->Detour,Risk->BestFixed,a3e1c487338ecfe4ce59e1e8f0be7a20d0442476ad923022ec430bdb5470ee56,0.0,0.0,0.0,0.0
Risk->Detour,Risk->BestFixed,a992f0a563f4b0239708f4be6fa38192e6930b15387567b2d4a16568d4fa5671,0.0,0.0,0.0,0.0
Risk->Detour,Risk->BestFixed,b830bede73f505b84b88a6596e92c22a5a4c0ded1e275e8e5b28a599849d2df6,0.0,0.0,0.0,0.0
Risk->Detour,Risk->BestFixed,c8fa274849bf4beeb7c46b93a7de7a6242e5af2e9c83a395e8d0db16da5e81d8,-0.13333333333333333,-0.06666666666666665,0.06666666666666665,0.06666666666666668
Risk->Detour,Risk->BestFixed,d6796d48077a08484abd1252e6deb387d8b6a10bf445e66c4e6eaa0bde0f7818,0.0,0.0,0.0,0.0
Risk->Detour,Risk->BestFixed,ddd84e646ab0cdd38c0f283802f28ac361a412492f3872c7f489b95bb55d53af,0.0,0.0,0.0,0.0
Risk->Detour,Risk->BestFixed,f64d2a60c3b9cebc4b5e12f86f4978711b4ca1e7a3788d1756d078c45a1c1004,0.0,0.0,0.0,0.0
Risk->Retreat,Risk->BestFixed,0815f4806fc9a4fbd58c6627c8b92fd77f1b80ad4b8b4cd6d0c6e0541d488a7b,-0.16666666666666669,-0.16666666666666669,0.0,-0.08333333333333337
Risk->Retreat,Risk->BestFixed,28c563172e6e13a0d3d84f1527243878c67a2140fa8c9a81ecb8b81ec9402dc8,-0.8,0.0,0.8,0.0
Risk->Retreat,Risk->BestFixed,2ef1381d9cfc0a92b107e2940bcf431c7494cd7067d032284f30a23c47b487cc,-0.1111111111111111,-0.05555555555555558,0.05555555555555558,-0.16666666666666669
Risk->Retreat,Risk->BestFixed,3f7887ee8820a4163a5033c81050731e85d1a310652a612f5b0ea5c450ec2043,0.0,0.0,0.0,0.0
Risk->Retreat,Risk->BestFixed,5de3fa5396875480db81793738029227ed357caa91e5d24290ffc5cb0371f908,0.0,-0.08333333333333326,-0.08333333333333334,-0.41666666666666674
Risk->Retreat,Risk->BestFixed,61f6ada542d03d1dd4d75a304f2674efa20660163c54b012b956522e98835cac,0.16666666666666669,0.16666666666666663,0.0,-0.5
Risk->Retreat,Risk->BestFixed,6292759eb45913ce4ed8447194504833f347d9355012e3228775797a4b0a7cd1,-0.25,-0.25,0.0,-0.08333333333333331
Risk->Retreat,Risk->BestFixed,655347c9fb28aaf505e162e6bcad095d17e4bfee5506113825cfb3da6ca60845,0.08333333333333337,0.0,-0.08333333333333334,-0.08333333333333334
Risk->Retreat,Risk->BestFixed,69fa7e93588c6aea4b134efa44633d38556ce1656b46df276021920a664881a3,-0.26666666666666666,-0.1333333333333333,0.1333333333333333,-0.26666666666666666
Risk->Retreat,Risk->BestFixed,76fe1d96587ab928f6fb5d7750ecd048fd712eb3d66aa60feb972a3d9d56c9d1,0.4166666666666667,0.24999999999999994,-0.16666666666666666,-0.33333333333333337
Risk->Retreat,Risk->BestFixed,821b498fc1fcb4e3c103635fa473d7577f718c4f633b273772954295c83ae585,-0.06666666666666665,-0.06666666666666665,0.0,-0.2
Risk->Retreat,Risk->BestFixed,9176c2514b8a62105f4d2b8a22a8a0b0236c5b9feda58c18ef64cea917b98d9d,0.2,0.1333333333333333,-0.06666666666666671,-0.3333333333333333
Risk->Retreat,Risk->BestFixed,986b3dff233a80cf0fd1c48f815600f49b95f83be0d9f898fee40d0a5c9dca63,-0.25,-0.08333333333333326,0.16666666666666666,-0.3333333333333333
Risk->Retreat,Risk->BestFixed,a3e1c487338ecfe4ce59e1e8f0be7a20d0442476ad923022ec430bdb5470ee56,-0.16666666666666666,-0.25000000000000006,-0.08333333333333334,0.0
Risk->Retreat,Risk->BestFixed,a992f0a563f4b0239708f4be6fa38192e6930b15387567b2d4a16568d4fa5671,-0.33333333333333337,-0.33333333333333337,0.0,0.0
Risk->Retreat,Risk->BestFixed,b830bede73f505b84b88a6596e92c22a5a4c0ded1e275e8e5b28a599849d2df6,0.06666666666666671,0.0,-0.06666666666666665,0.0
Risk->Retreat,Risk->BestFixed,c8fa274849bf4beeb7c46b93a7de7a6242e5af2e9c83a395e8d0db16da5e81d8,0.0,0.0,0.0,0.0
Risk->Retreat,Risk->BestFixed,d6796d48077a08484abd1252e6deb387d8b6a10bf445e66c4e6eaa0bde0f7818,-1.2,-0.4,0.8,0.0
Risk->Retreat,Risk->BestFixed,ddd84e646ab0cdd38c0f283802f28ac361a412492f3872c7f489b95bb55d53af,-0.06666666666666665,-0.06666666666666671,0.0,0.0
Risk->Retreat,Risk->BestFixed,f64d2a60c3b9cebc4b5e12f86f4978711b4ca1e7a3788d1756d078c45a1c1004,0.25,0.08333333333333337,-0.16666666666666669,-0.08333333333333337
SB-COR,Risk->BestFixed,0815f4806fc9a4fbd58c6627c8b92fd77f1b80ad4b8b4cd6d0c6e0541d488a7b,0.16666666666666663,0.08333333333333326,-0.08333333333333333,0.08333333333333326
SB-COR,Risk->BestFixed,28c563172e6e13a0d3d84f1527243878c67a2140fa8c9a81ecb8b81ec9402dc8,-0.6000000000000001,0.0,0.6000000000000001,-1.0
SB-COR,Risk->BestFixed,2ef1381d9cfc0a92b107e2940bcf431c7494cd7067d032284f30a23c47b487cc,0.0,-0.11111111111111116,-0.1111111111111111,0.2777777777777778
SB-COR,Risk->BestFixed,3f7887ee8820a4163a5033c81050731e85d1a310652a612f5b0ea5c450ec2043,0.0,0.0,0.0,-0.4
SB-COR,Risk->BestFixed,5de3fa5396875480db81793738029227ed357caa91e5d24290ffc5cb0371f908,-0.16666666666666669,-0.08333333333333326,0.08333333333333331,-0.41666666666666674
SB-COR,Risk->BestFixed,61f6ada542d03d1dd4d75a304f2674efa20660163c54b012b956522e98835cac,0.16666666666666669,0.08333333333333337,-0.08333333333333333,-0.24999999999999994
SB-COR,Risk->BestFixed,6292759eb45913ce4ed8447194504833f347d9355012e3228775797a4b0a7cd1,-0.16666666666666674,-0.25,-0.08333333333333333,0.25000000000000006
SB-COR,Risk->BestFixed,655347c9fb28aaf505e162e6bcad095d17e4bfee5506113825cfb3da6ca60845,0.08333333333333337,0.0,-0.08333333333333334,0.0
SB-COR,Risk->BestFixed,69fa7e93588c6aea4b134efa44633d38556ce1656b46df276021920a664881a3,0.06666666666666665,-0.09999999999999998,-0.16666666666666669,0.36666666666666664
SB-COR,Risk->BestFixed,76fe1d96587ab928f6fb5d7750ecd048fd712eb3d66aa60feb972a3d9d56c9d1,0.33333333333333337,0.16666666666666669,-0.16666666666666666,-0.16666666666666669
SB-COR,Risk->BestFixed,821b498fc1fcb4e3c103635fa473d7577f718c4f633b273772954295c83ae585,-0.06666666666666665,-0.06666666666666665,0.0,0.0
SB-COR,Risk->BestFixed,9176c2514b8a62105f4d2b8a22a8a0b0236c5b9feda58c18ef64cea917b98d9d,0.06666666666666667,0.06666666666666665,0.0,-0.26666666666666666
SB-COR,Risk->BestFixed,986b3dff233a80cf0fd1c48f815600f49b95f83be0d9f898fee40d0a5c9dca63,0.16666666666666663,0.08333333333333337,-0.08333333333333333,0.0
SB-COR,Risk->BestFixed,a3e1c487338ecfe4ce59e1e8f0be7a20d0442476ad923022ec430bdb5470ee56,0.0,0.0,0.0,0.08333333333333337
SB-COR,Risk->BestFixed,a992f0a563f4b0239708f4be6fa38192e6930b15387567b2d4a16568d4fa5671,0.0,0.08333333333333331,0.08333333333333333,-0.25
SB-COR,Risk->BestFixed,b830bede73f505b84b88a6596e92c22a5a4c0ded1e275e8e5b28a599849d2df6,0.13333333333333336,0.0,-0.13333333333333333,0.13333333333333333
SB-COR,Risk->BestFixed,c8fa274849bf4beeb7c46b93a7de7a6242e5af2e9c83a395e8d0db16da5e81d8,-0.13333333333333333,-0.2,-0.06666666666666665,0.6
SB-COR,Risk->BestFixed,d6796d48077a08484abd1252e6deb387d8b6a10bf445e66c4e6eaa0bde0f7818,-0.6000000000000001,-0.2,0.39999999999999997,-0.4
SB-COR,Risk->BestFixed,ddd84e646ab0cdd38c0f283802f28ac361a412492f3872c7f489b95bb55d53af,0.06666666666666665,0.06666666666666665,0.0,-0.06666666666666667
SB-COR,Risk->BestFixed,f64d2a60c3b9cebc4b5e12f86f4978711b4ca1e7a3788d1756d078c45a1c1004,0.25,0.08333333333333337,-0.16666666666666669,0.0
SB-DirectQ,Risk->BestFixed,0815f4806fc9a4fbd58c6627c8b92fd77f1b80ad4b8b4cd6d0c6e0541d488a7b,0.08333333333333337,0.0,-0.08333333333333333,0.41666666666666663
SB-DirectQ,Risk->BestFixed,28c563172e6e13a0d3d84f1527243878c67a2140fa8c9a81ecb8b81ec9402dc8,-0.6000000000000001,0.0,0.6000000000000001,-1.0
SB-DirectQ,Risk->BestFixed,2ef1381d9cfc0a92b107e2940bcf431c7494cd7067d032284f30a23c47b487cc,0.0,-0.22222222222222227,-0.2222222222222222,0.5
SB-DirectQ,Risk->BestFixed,3f7887ee8820a4163a5033c81050731e85d1a310652a612f5b0ea5c450ec2043,0.0,0.0,0.0,0.0
SB-DirectQ,Risk->BestFixed,5de3fa5396875480db81793738029227ed357caa91e5d24290ffc5cb0371f908,-0.08333333333333337,-0.08333333333333326,0.0,-0.41666666666666674
SB-DirectQ,Risk->BestFixed,61f6ada542d03d1dd4d75a304f2674efa20660163c54b012b956522e98835cac,0.16666666666666669,0.08333333333333337,-0.08333333333333333,-0.16666666666666663
SB-DirectQ,Risk->BestFixed,6292759eb45913ce4ed8447194504833f347d9355012e3228775797a4b0a7cd1,-0.25,-0.25,0.0,0.16666666666666669
SB-DirectQ,Risk->BestFixed,655347c9fb28aaf505e162e6bcad095d17e4bfee5506113825cfb3da6ca60845,0.08333333333333337,0.0,-0.08333333333333334,0.0
SB-DirectQ,Risk->BestFixed,69fa7e93588c6aea4b134efa44633d38556ce1656b46df276021920a664881a3,-0.06666666666666665,-0.1333333333333333,-0.06666666666666668,0.16666666666666669
SB-DirectQ,Risk->BestFixed,76fe1d96587ab928f6fb5d7750ecd048fd712eb3d66aa60feb972a3d9d56c9d1,0.16666666666666669,0.0,-0.16666666666666666,0.08333333333333337
SB-DirectQ,Risk->BestFixed,821b498fc1fcb4e3c103635fa473d7577f718c4f633b273772954295c83ae585,0.0,0.06666666666666665,0.06666666666666665,-0.4
SB-DirectQ,Risk->BestFixed,9176c2514b8a62105f4d2b8a22a8a0b0236c5b9feda58c18ef64cea917b98d9d,0.3333333333333333,0.19999999999999996,-0.13333333333333336,-0.4
SB-DirectQ,Risk->BestFixed,986b3dff233a80cf0fd1c48f815600f49b95f83be0d9f898fee40d0a5c9dca63,-0.08333333333333331,0.0,0.08333333333333334,-0.08333333333333331
SB-DirectQ,Risk->BestFixed,a3e1c487338ecfe4ce59e1e8f0be7a20d0442476ad923022ec430bdb5470ee56,-0.08333333333333331,-0.16666666666666669,-0.08333333333333334,-0.16666666666666666
SB-DirectQ,Risk->BestFixed,a992f0a563f4b0239708f4be6fa38192e6930b15387567b2d4a16568d4fa5671,0.08333333333333331,0.08333333333333331,0.0,-0.08333333333333326
SB-DirectQ,Risk->BestFixed,b830bede73f505b84b88a6596e92c22a5a4c0ded1e275e8e5b28a599849d2df6,0.10000000000000003,0.033333333333333326,-0.06666666666666665,0.1
SB-DirectQ,Risk->BestFixed,c8fa274849bf4beeb7c46b93a7de7a6242e5af2e9c83a395e8d0db16da5e81d8,-0.06666666666666665,0.0,0.06666666666666665,0.0
SB-DirectQ,Risk->BestFixed,d6796d48077a08484abd1252e6deb387d8b6a10bf445e66c4e6eaa0bde0f7818,-1.2,-0.4,0.8,-1.0
SB-DirectQ,Risk->BestFixed,ddd84e646ab0cdd38c0f283802f28ac361a412492f3872c7f489b95bb55d53af,-0.06666666666666665,-0.06666666666666671,0.0,0.0
SB-DirectQ,Risk->BestFixed,f64d2a60c3b9cebc4b5e12f86f4978711b4ca1e7a3788d1756d078c45a1c1004,0.25,0.08333333333333337,-0.16666666666666669,0.08333333333333331
SB-OutcomeRouter,Risk->BestFixed,0815f4806fc9a4fbd58c6627c8b92fd77f1b80ad4b8b4cd6d0c6e0541d488a7b,0.16666666666666663,0.08333333333333326,-0.08333333333333333,0.08333333333333326
SB-OutcomeRouter,Risk->BestFixed,28c563172e6e13a0d3d84f1527243878c67a2140fa8c9a81ecb8b81ec9402dc8,-0.6000000000000001,0.0,0.6000000000000001,-1.0
SB-OutcomeRouter,Risk->BestFixed,2ef1381d9cfc0a92b107e2940bcf431c7494cd7067d032284f30a23c47b487cc,0.055555555555555525,-0.11111111111111116,-0.16666666666666666,0.33333333333333337
SB-OutcomeRouter,Risk->BestFixed,3f7887ee8820a4163a5033c81050731e85d1a310652a612f5b0ea5c450ec2043,0.0,0.0,0.0,0.0
SB-OutcomeRouter,Risk->BestFixed,5de3fa5396875480db81793738029227ed357caa91e5d24290ffc5cb0371f908,-0.16666666666666669,-0.08333333333333326,0.08333333333333331,-0.41666666666666674
SB-OutcomeRouter,Risk->BestFixed,61f6ada542d03d1dd4d75a304f2674efa20660163c54b012b956522e98835cac,0.25000000000000006,0.08333333333333337,-0.16666666666666666,-0.16666666666666663
SB-OutcomeRouter,Risk->BestFixed,6292759eb45913ce4ed8447194504833f347d9355012e3228775797a4b0a7cd1,-0.16666666666666674,-0.25,-0.08333333333333333,0.25000000000000006
SB-OutcomeRouter,Risk->BestFixed,655347c9fb28aaf505e162e6bcad095d17e4bfee5506113825cfb3da6ca60845,0.08333333333333337,0.0,-0.08333333333333334,0.0
SB-OutcomeRouter,Risk->BestFixed,69fa7e93588c6aea4b134efa44633d38556ce1656b46df276021920a664881a3,0.06666666666666665,-0.09999999999999998,-0.16666666666666669,0.5333333333333334
SB-OutcomeRouter,Risk->BestFixed,76fe1d96587ab928f6fb5d7750ecd048fd712eb3d66aa60feb972a3d9d56c9d1,0.4166666666666667,0.24999999999999994,-0.16666666666666666,-0.25
SB-OutcomeRouter,Risk->BestFixed,821b498fc1fcb4e3c103635fa473d7577f718c4f633b273772954295c83ae585,-0.06666666666666665,0.0,0.06666666666666665,-0.1333333333333333
SB-OutcomeRouter,Risk->BestFixed,9176c2514b8a62105f4d2b8a22a8a0b0236c5b9feda58c18ef64cea917b98d9d,0.26666666666666666,0.19999999999999996,-0.06666666666666671,-0.1333333333333333
SB-OutcomeRouter,Risk->BestFixed,986b3dff233a80cf0fd1c48f815600f49b95f83be0d9f898fee40d0a5c9dca63,0.16666666666666663,0.08333333333333337,-0.08333333333333333,0.08333333333333337
SB-OutcomeRouter,Risk->BestFixed,a3e1c487338ecfe4ce59e1e8f0be7a20d0442476ad923022ec430bdb5470ee56,0.0,0.0,0.0,0.08333333333333337
SB-OutcomeRouter,Risk->BestFixed,a992f0a563f4b0239708f4be6fa38192e6930b15387567b2d4a16568d4fa5671,0.0,0.08333333333333331,0.08333333333333333,-0.16666666666666663
SB-OutcomeRouter,Risk->BestFixed,b830bede73f505b84b88a6596e92c22a5a4c0ded1e275e8e5b28a599849d2df6,0.06666666666666671,-0.033333333333333326,-0.09999999999999998,0.16666666666666666
SB-OutcomeRouter,Risk->BestFixed,c8fa274849bf4beeb7c46b93a7de7a6242e5af2e9c83a395e8d0db16da5e81d8,0.0,-0.06666666666666665,-0.06666666666666665,0.33333333333333337
SB-OutcomeRouter,Risk->BestFixed,d6796d48077a08484abd1252e6deb387d8b6a10bf445e66c4e6eaa0bde0f7818,-0.6000000000000001,-0.2,0.39999999999999997,-0.4
SB-OutcomeRouter,Risk->BestFixed,ddd84e646ab0cdd38c0f283802f28ac361a412492f3872c7f489b95bb55d53af,0.06666666666666665,0.06666666666666665,0.0,-0.06666666666666667
SB-OutcomeRouter,Risk->BestFixed,f64d2a60c3b9cebc4b5e12f86f4978711b4ca1e7a3788d1756d078c45a1c1004,0.25,0.08333333333333337,-0.16666666666666669,0.0
SB-Risk+TwoStage,Risk->BestFixed,0815f4806fc9a4fbd58c6627c8b92fd77f1b80ad4b8b4cd6d0c6e0541d488a7b,0.08333333333333337,0.08333333333333326,0.0,-0.08333333333333337
SB-Risk+TwoStage,Risk->BestFixed,28c563172e6e13a0d3d84f1527243878c67a2140fa8c9a81ecb8b81ec9402dc8,-0.8,0.0,0.8,0.0
SB-Risk+TwoStage,Risk->BestFixed,2ef1381d9cfc0a92b107e2940bcf431c7494cd7067d032284f30a23c47b487cc,0.0,0.0,0.0,0.0
SB-Risk+TwoStage,Risk->BestFixed,3f7887ee8820a4163a5033c81050731e85d1a310652a612f5b0ea5c450ec2043,0.0,0.0,0.0,0.0
SB-Risk+TwoStage,Risk->BestFixed,5de3fa5396875480db81793738029227ed357caa91e5d24290ffc5cb0371f908,0.0,0.0,0.0,0.0
SB-Risk+TwoStage,Risk->BestFixed,61f6ada542d03d1dd4d75a304f2674efa20660163c54b012b956522e98835cac,0.16666666666666669,0.0,-0.16666666666666666,0.0
SB-Risk+TwoStage,Risk->BestFixed,6292759eb45913ce4ed8447194504833f347d9355012e3228775797a4b0a7cd1,-0.25,-0.25,0.0,0.0
SB-Risk+TwoStage,Risk->BestFixed,655347c9fb28aaf505e162e6bcad095d17e4bfee5506113825cfb3da6ca60845,0.08333333333333337,0.0,-0.08333333333333334,0.0
SB-Risk+TwoStage,Risk->BestFixed,69fa7e93588c6aea4b134efa44633d38556ce1656b46df276021920a664881a3,-0.26666666666666666,-0.1333333333333333,0.1333333333333333,-0.26666666666666666
SB-Risk+TwoStage,Risk->BestFixed,76fe1d96587ab928f6fb5d7750ecd048fd712eb3d66aa60feb972a3d9d56c9d1,0.16666666666666669,0.0,-0.16666666666666666,0.0
SB-Risk+TwoStage,Risk->BestFixed,821b498fc1fcb4e3c103635fa473d7577f718c4f633b273772954295c83ae585,-0.06666666666666665,0.0,0.06666666666666665,-0.2
SB-Risk+TwoStage,Risk->BestFixed,9176c2514b8a62105f4d2b8a22a8a0b0236c5b9feda58c18ef64cea917b98d9d,-0.06666666666666667,-0.06666666666666671,0.0,0.0
SB-Risk+TwoStage,Risk->BestFixed,986b3dff233a80cf0fd1c48f815600f49b95f83be0d9f898fee40d0a5c9dca63,-0.08333333333333331,-0.08333333333333326,0.0,0.0
SB-Risk+TwoStage,Risk->BestFixed,a3e1c487338ecfe4ce59e1e8f0be7a20d0442476ad923022ec430bdb5470ee56,0.0,0.0,0.0,0.0
SB-Risk+TwoStage,Risk->BestFixed,a992f0a563f4b0239708f4be6fa38192e6930b15387567b2d4a16568d4fa5671,-0.08333333333333337,-0.08333333333333337,0.0,0.0
SB-Risk+TwoStage,Risk->BestFixed,b830bede73f505b84b88a6596e92c22a5a4c0ded1e275e8e5b28a599849d2df6,0.06666666666666671,0.0,-0.06666666666666665,0.0
SB-Risk+TwoStage,Risk->BestFixed,c8fa274849bf4beeb7c46b93a7de7a6242e5af2e9c83a395e8d0db16da5e81d8,-0.13333333333333333,-0.06666666666666665,0.06666666666666665,0.06666666666666668
SB-Risk+TwoStage,Risk->BestFixed,d6796d48077a08484abd1252e6deb387d8b6a10bf445e66c4e6eaa0bde0f7818,0.0,0.0,0.0,0.0
SB-Risk+TwoStage,Risk->BestFixed,ddd84e646ab0cdd38c0f283802f28ac361a412492f3872c7f489b95bb55d53af,0.0,0.0,0.0,0.0
SB-Risk+TwoStage,Risk->BestFixed,f64d2a60c3b9cebc4b5e12f86f4978711b4ca1e7a3788d1756d078c45a1c1004,0.25,0.08333333333333337,-0.16666666666666669,-0.08333333333333337
Always Detour,SB-Risk+TwoStage,0815f4806fc9a4fbd58c6627c8b92fd77f1b80ad4b8b4cd6d0c6e0541d488a7b,0.0,-0.08333333333333326,-0.08333333333333333,0.5
Always Detour,SB-Risk+TwoStage,28c563172e6e13a0d3d84f1527243878c67a2140fa8c9a81ecb8b81ec9402dc8,0.8,0.0,-0.8,0.0
Always Detour,SB-Risk+TwoStage,2ef1381d9cfc0a92b107e2940bcf431c7494cd7067d032284f30a23c47b487cc,0.055555555555555525,-0.16666666666666674,-0.2222222222222222,0.7222222222222222
Always Detour,SB-Risk+TwoStage,3f7887ee8820a4163a5033c81050731e85d1a310652a612f5b0ea5c450ec2043,0.0,0.0,0.0,0.0
Always Detour,SB-Risk+TwoStage,5de3fa5396875480db81793738029227ed357caa91e5d24290ffc5cb0371f908,-0.08333333333333337,-0.08333333333333326,0.0,0.41666666666666663
Always Detour,SB-Risk+TwoStage,61f6ada542d03d1dd4d75a304f2674efa20660163c54b012b956522e98835cac,-0.16666666666666669,0.0,0.16666666666666666,0.33333333333333337
Always Detour,SB-Risk+TwoStage,6292759eb45913ce4ed8447194504833f347d9355012e3228775797a4b0a7cd1,0.41666666666666663,0.33333333333333337,-0.08333333333333333,0.6666666666666667
Always Detour,SB-Risk+TwoStage,655347c9fb28aaf505e162e6bcad095d17e4bfee5506113825cfb3da6ca60845,-0.33333333333333337,-0.33333333333333337,0.0,0.75
Always Detour,SB-Risk+TwoStage,69fa7e93588c6aea4b134efa44633d38556ce1656b46df276021920a664881a3,0.39999999999999997,0.09999999999999998,-0.3,1.0
Always Detour,SB-Risk+TwoStage,76fe1d96587ab928f6fb5d7750ecd048fd712eb3d66aa60feb972a3d9d56c9d1,-0.25,-0.16666666666666669,0.08333333333333334,0.5
Always Detour,SB-Risk+TwoStage,821b498fc1fcb4e3c103635fa473d7577f718c4f633b273772954295c83ae585,-0.13333333333333333,-0.2,-0.06666666666666665,0.6666666666666667
Always Detour,SB-Risk+TwoStage,9176c2514b8a62105f4d2b8a22a8a0b0236c5b9feda58c18ef64cea917b98d9d,0.06666666666666667,0.06666666666666671,0.0,0.4666666666666667
Always Detour,SB-Risk+TwoStage,986b3dff233a80cf0fd1c48f815600f49b95f83be0d9f898fee40d0a5c9dca63,0.16666666666666669,0.08333333333333326,-0.08333333333333333,0.6666666666666667
Always Detour,SB-Risk+TwoStage,a3e1c487338ecfe4ce59e1e8f0be7a20d0442476ad923022ec430bdb5470ee56,0.5,0.33333333333333326,-0.16666666666666669,0.6666666666666667
Always Detour,SB-Risk+TwoStage,a992f0a563f4b0239708f4be6fa38192e6930b15387567b2d4a16568d4fa5671,0.08333333333333337,0.08333333333333337,0.0,0.08333333333333337
Always Detour,SB-Risk+TwoStage,b830bede73f505b84b88a6596e92c22a5a4c0ded1e275e8e5b28a599849d2df6,-0.16666666666666669,-0.19999999999999996,-0.033333333333333326,0.9
Always Detour,SB-Risk+TwoStage,c8fa274849bf4beeb7c46b93a7de7a6242e5af2e9c83a395e8d0db16da5e81d8,0.06666666666666668,-0.13333333333333336,-0.19999999999999998,0.8
Always Detour,SB-Risk+TwoStage,d6796d48077a08484abd1252e6deb387d8b6a10bf445e66c4e6eaa0bde0f7818,0.0,0.0,0.0,0.0
Always Detour,SB-Risk+TwoStage,ddd84e646ab0cdd38c0f283802f28ac361a412492f3872c7f489b95bb55d53af,-0.06666666666666665,-0.13333333333333336,-0.06666666666666667,0.8666666666666667
Always Detour,SB-Risk+TwoStage,f64d2a60c3b9cebc4b5e12f86f4978711b4ca1e7a3788d1756d078c45a1c1004,-0.4166666666666667,-0.33333333333333337,0.08333333333333333,0.6666666666666667
Always Retreat,SB-Risk+TwoStage,0815f4806fc9a4fbd58c6627c8b92fd77f1b80ad4b8b4cd6d0c6e0541d488a7b,-0.5833333333333334,-0.6666666666666666,-0.08333333333333333,0.5
Always Retreat,SB-Risk+TwoStage,28c563172e6e13a0d3d84f1527243878c67a2140fa8c9a81ecb8b81ec9402dc8,0.0,0.0,0.0,0.0
Always Retreat,SB-Risk+TwoStage,2ef1381d9cfc0a92b107e2940bcf431c7494cd7067d032284f30a23c47b487cc,-0.3888888888888889,-0.6111111111111112,-0.2222222222222222,0.7222222222222222
Always Retreat,SB-Risk+TwoStage,3f7887ee8820a4163a5033c81050731e85d1a310652a612f5b0ea5c450ec2043,0.0,0.0,0.0,0.0
Always Retreat,SB-Risk+TwoStage,5de3fa5396875480db81793738029227ed357caa91e5d24290ffc5cb0371f908,-0.4166666666666667,-0.6666666666666666,-0.25,0.41666666666666663
Always Retreat,SB-Risk+TwoStage,61f6ada542d03d1dd4d75a304f2674efa20660163c54b012b956522e98835cac,-0.5,-0.5,0.0,0.33333333333333337
Always Retreat,SB-Risk+TwoStage,6292759eb45913ce4ed8447194504833f347d9355012e3228775797a4b0a7cd1,-0.5833333333333334,-0.6666666666666666,-0.08333333333333333,0.6666666666666667
Always Retreat,SB-Risk+TwoStage,655347c9fb28aaf505e162e6bcad095d17e4bfee5506113825cfb3da6ca60845,-0.4166666666666667,-0.5833333333333334,-0.16666666666666666,0.75
Always Retreat,SB-Risk+TwoStage,69fa7e93588c6aea4b134efa44633d38556ce1656b46df276021920a664881a3,-0.23333333333333334,-0.5666666666666667,-0.3333333333333333,1.0
Always Retreat,SB-Risk+TwoStage,76fe1d96587ab928f6fb5d7750ecd048fd712eb3d66aa60feb972a3d9d56c9d1,-0.25,-0.4166666666666667,-0.16666666666666666,0.5
Always Retreat,SB-Risk+TwoStage,821b498fc1fcb4e3c103635fa473d7577f718c4f633b273772954295c83ae585,-0.26666666666666666,-0.5333333333333333,-0.26666666666666666,0.6666666666666667
Always Retreat,SB-Risk+TwoStage,9176c2514b8a62105f4d2b8a22a8a0b0236c5b9feda58c18ef64cea917b98d9d,-0.4,-0.3333333333333333,0.06666666666666665,0.4666666666666667
Always Retreat,SB-Risk+TwoStage,986b3dff233a80cf0fd1c48f815600f49b95f83be0d9f898fee40d0a5c9dca63,-0.5,-0.5833333333333334,-0.08333333333333333,0.6666666666666667
Always Retreat,SB-Risk+TwoStage,a3e1c487338ecfe4ce59e1e8f0be7a20d0442476ad923022ec430bdb5470ee56,-0.3333333333333333,-0.5833333333333334,-0.25,0.6666666666666667
Always Retreat,SB-Risk+TwoStage,a992f0a563f4b0239708f4be6fa38192e6930b15387567b2d4a16568d4fa5671,-0.3333333333333333,-0.3333333333333333,0.0,0.08333333333333337
Always Retreat,SB-Risk+TwoStage,b830bede73f505b84b88a6596e92c22a5a4c0ded1e275e8e5b28a599849d2df6,-0.43333333333333335,-0.6333333333333333,-0.2,0.9
Always Retreat,SB-Risk+TwoStage,c8fa274849bf4beeb7c46b93a7de7a6242e5af2e9c83a395e8d0db16da5e81d8,-0.2,-0.4666666666666667,-0.26666666666666666,0.8
Always Retreat,SB-Risk+TwoStage,d6796d48077a08484abd1252e6deb387d8b6a10bf445e66c4e6eaa0bde0f7818,-1.2,-0.4,0.8,0.0
Always Retreat,SB-Risk+TwoStage,ddd84e646ab0cdd38c0f283802f28ac361a412492f3872c7f489b95bb55d53af,-0.3333333333333333,-0.4,-0.06666666666666667,0.8666666666666667
Always Retreat,SB-Risk+TwoStage,f64d2a60c3b9cebc4b5e12f86f4978711b4ca1e7a3788d1756d078c45a1c1004,-0.5,-0.5833333333333334,-0.08333333333333333,0.6666666666666667
Base,SB-Risk+TwoStage,0815f4806fc9a4fbd58c6627c8b92fd77f1b80ad4b8b4cd6d0c6e0541d488a7b,-0.25000000000000006,0.0,0.25,-0.5
Base,SB-Risk+TwoStage,28c563172e6e13a0d3d84f1527243878c67a2140fa8c9a81ecb8b81ec9402dc8,0.19999999999999996,0.0,-0.19999999999999996,-1.0
Base,SB-Risk+TwoStage,2ef1381d9cfc0a92b107e2940bcf431c7494cd7067d032284f30a23c47b487cc,-0.1111111111111111,0.0,0.1111111111111111,-0.2777777777777778
Base,SB-Risk+TwoStage,3f7887ee8820a4163a5033c81050731e85d1a310652a612f5b0ea5c450ec2043,0.19999999999999996,0.0,-0.19999999999999996,-1.0
Base,SB-Risk+TwoStage,5de3fa5396875480db81793738029227ed357caa91e5d24290ffc5cb0371f908,-0.16666666666666669,-0.08333333333333326,0.08333333333333331,-0.5833333333333334
Base,SB-Risk+TwoStage,61f6ada542d03d1dd4d75a304f2674efa20660163c54b012b956522e98835cac,-0.16666666666666669,0.16666666666666663,0.3333333333333333,-0.6666666666666666
Base,SB-Risk+TwoStage,6292759eb45913ce4ed8447194504833f347d9355012e3228775797a4b0a7cd1,-0.25000000000000006,0.0,0.25,-0.3333333333333333
Base,SB-Risk+TwoStage,655347c9fb28aaf505e162e6bcad095d17e4bfee5506113825cfb3da6ca60845,-0.16666666666666669,0.0,0.16666666666666666,-0.25
Base,SB-Risk+TwoStage,69fa7e93588c6aea4b134efa44633d38556ce1656b46df276021920a664881a3,0.0,0.0,0.0,0.0
Base,SB-Risk+TwoStage,76fe1d96587ab928f6fb5d7750ecd048fd712eb3d66aa60feb972a3d9d56c9d1,0.16666666666666669,0.24999999999999994,0.08333333333333334,-0.5
Base,SB-Risk+TwoStage,821b498fc1fcb4e3c103635fa473d7577f718c4f633b273772954295c83ae585,0.0,0.06666666666666665,0.06666666666666665,-0.3333333333333333
Base,SB-Risk+TwoStage,9176c2514b8a62105f4d2b8a22a8a0b0236c5b9feda58c18ef64cea917b98d9d,0.39999999999999997,0.3333333333333333,-0.06666666666666671,-0.5333333333333333
Base,SB-Risk+TwoStage,986b3dff233a80cf0fd1c48f815600f49b95f83be0d9f898fee40d0a5c9dca63,-0.16666666666666669,0.0,0.16666666666666666,-0.3333333333333333
Base,SB-Risk+TwoStage,a3e1c487338ecfe4ce59e1e8f0be7a20d0442476ad923022ec430bdb5470ee56,-0.16666666666666666,-0.16666666666666669,0.0,-0.3333333333333333
Base,SB-Risk+TwoStage,a992f0a563f4b0239708f4be6fa38192e6930b15387567b2d4a16568d4fa5671,0.0,0.3333333333333333,0.3333333333333333,-0.9166666666666666
Base,SB-Risk+TwoStage,b830bede73f505b84b88a6596e92c22a5a4c0ded1e275e8e5b28a599849d2df6,-0.06666666666666671,0.0,0.06666666666666665,-0.1
Base,SB-Risk+TwoStage,c8fa274849bf4beeb7c46b93a7de7a6242e5af2e9c83a395e8d0db16da5e81d8,0.13333333333333333,0.1333333333333333,0.0,-0.2
Base,SB-Risk+TwoStage,d6796d48077a08484abd1252e6deb387d8b6a10bf445e66c4e6eaa0bde0f7818,-1.2,-0.4,0.8,-1.0
Base,SB-Risk+TwoStage,ddd84e646ab0cdd38c0f283802f28ac361a412492f3872c7f489b95bb55d53af,0.06666666666666665,0.06666666666666665,0.0,-0.13333333333333333
Base,SB-Risk+TwoStage,f64d2a60c3b9cebc4b5e12f86f4978711b4ca1e7a3788d1756d078c45a1c1004,0.0,0.16666666666666663,0.16666666666666669,-0.3333333333333333
Condition-only diagnostic,SB-Risk+TwoStage,0815f4806fc9a4fbd58c6627c8b92fd77f1b80ad4b8b4cd6d0c6e0541d488a7b,0.08333333333333326,0.0,-0.08333333333333333,-0.16666666666666669
Condition-only diagnostic,SB-Risk+TwoStage,28c563172e6e13a0d3d84f1527243878c67a2140fa8c9a81ecb8b81ec9402dc8,0.0,0.0,0.0,0.0
Condition-only diagnostic,SB-Risk+TwoStage,2ef1381d9cfc0a92b107e2940bcf431c7494cd7067d032284f30a23c47b487cc,0.22222222222222227,0.0,-0.2222222222222222,0.055555555555555525
Condition-only diagnostic,SB-Risk+TwoStage,3f7887ee8820a4163a5033c81050731e85d1a310652a612f5b0ea5c450ec2043,0.0,0.0,0.0,0.0
Condition-only diagnostic,SB-Risk+TwoStage,5de3fa5396875480db81793738029227ed357caa91e5d24290ffc5cb0371f908,-0.08333333333333337,-0.08333333333333326,0.0,-0.25000000000000006
Condition-only diagnostic,SB-Risk+TwoStage,61f6ada542d03d1dd4d75a304f2674efa20660163c54b012b956522e98835cac,0.0,0.16666666666666663,0.16666666666666666,-0.3333333333333333
Condition-only diagnostic,SB-Risk+TwoStage,6292759eb45913ce4ed8447194504833f347d9355012e3228775797a4b0a7cd1,0.41666666666666663,0.33333333333333337,-0.08333333333333333,0.0
Condition-only diagnostic,SB-Risk+TwoStage,655347c9fb28aaf505e162e6bcad095d17e4bfee5506113825cfb3da6ca60845,0.0,0.0,0.0,0.08333333333333331
Condition-only diagnostic,SB-Risk+TwoStage,69fa7e93588c6aea4b134efa44633d38556ce1656b46df276021920a664881a3,0.3333333333333333,0.0,-0.3333333333333333,0.3333333333333333
Condition-only diagnostic,SB-Risk+TwoStage,76fe1d96587ab928f6fb5d7750ecd048fd712eb3d66aa60feb972a3d9d56c9d1,0.16666666666666669,0.24999999999999994,0.08333333333333334,-0.16666666666666669
Condition-only diagnostic,SB-Risk+TwoStage,821b498fc1fcb4e3c103635fa473d7577f718c4f633b273772954295c83ae585,0.3333333333333333,0.06666666666666665,-0.26666666666666666,0.0
Condition-only diagnostic,SB-Risk+TwoStage,9176c2514b8a62105f4d2b8a22a8a0b0236c5b9feda58c18ef64cea917b98d9d,0.7999999999999999,0.5333333333333334,-0.2666666666666667,-0.2
Condition-only diagnostic,SB-Risk+TwoStage,986b3dff233a80cf0fd1c48f815600f49b95f83be0d9f898fee40d0a5c9dca63,0.3333333333333333,0.25,-0.08333333333333333,0.0
Condition-only diagnostic,SB-Risk+TwoStage,a3e1c487338ecfe4ce59e1e8f0be7a20d0442476ad923022ec430bdb5470ee56,0.08333333333333337,-0.16666666666666669,-0.25,0.0
Condition-only diagnostic,SB-Risk+TwoStage,a992f0a563f4b0239708f4be6fa38192e6930b15387567b2d4a16568d4fa5671,0.3333333333333333,0.3333333333333333,0.0,-0.5833333333333333
Condition-only diagnostic,SB-Risk+TwoStage,b830bede73f505b84b88a6596e92c22a5a4c0ded1e275e8e5b28a599849d2df6,0.033333333333333326,0.0,-0.033333333333333326,0.2333333333333333
Condition-only diagnostic,SB-Risk+TwoStage,c8fa274849bf4beeb7c46b93a7de7a6242e5af2e9c83a395e8d0db16da5e81d8,0.33333333333333337,0.1333333333333333,-0.19999999999999998,0.1333333333333333
Condition-only diagnostic,SB-Risk+TwoStage,d6796d48077a08484abd1252e6deb387d8b6a10bf445e66c4e6eaa0bde0f7818,-1.2,-0.4,0.8,0.0
Condition-only diagnostic,SB-Risk+TwoStage,ddd84e646ab0cdd38c0f283802f28ac361a412492f3872c7f489b95bb55d53af,0.13333333333333336,0.06666666666666665,-0.06666666666666667,0.19999999999999998
Condition-only diagnostic,SB-Risk+TwoStage,f64d2a60c3b9cebc4b5e12f86f4978711b4ca1e7a3788d1756d078c45a1c1004,0.0,0.08333333333333326,0.08333333333333333,0.0
DirectChoice,SB-Risk+TwoStage,0815f4806fc9a4fbd58c6627c8b92fd77f1b80ad4b8b4cd6d0c6e0541d488a7b,0.08333333333333326,0.0,-0.08333333333333333,0.33333333333333337
DirectChoice,SB-Risk+TwoStage,28c563172e6e13a0d3d84f1527243878c67a2140fa8c9a81ecb8b81ec9402dc8,0.19999999999999996,0.0,-0.19999999999999996,-1.0
DirectChoice,SB-Risk+TwoStage,2ef1381d9cfc0a92b107e2940bcf431c7494cd7067d032284f30a23c47b487cc,-0.05555555555555558,-0.16666666666666674,-0.1111111111111111,0.2777777777777778
DirectChoice,SB-Risk+TwoStage,3f7887ee8820a4163a5033c81050731e85d1a310652a612f5b0ea5c450ec2043,0.19999999999999996,0.0,-0.19999999999999996,-0.6
DirectChoice,SB-Risk+TwoStage,5de3fa5396875480db81793738029227ed357caa91e5d24290ffc5cb0371f908,0.0,0.0,0.0,0.16666666666666663
DirectChoice,SB-Risk+TwoStage,61f6ada542d03d1dd4d75a304f2674efa20660163c54b012b956522e98835cac,-0.16666666666666669,0.0,0.16666666666666666,0.0
DirectChoice,SB-Risk+TwoStage,6292759eb45913ce4ed8447194504833f347d9355012e3228775797a4b0a7cd1,0.0,-0.08333333333333326,-0.08333333333333333,0.3333333333333333
DirectChoice,SB-Risk+TwoStage,655347c9fb28aaf505e162e6bcad095d17e4bfee5506113825cfb3da6ca60845,-0.08333333333333337,-0.16666666666666669,-0.08333333333333333,0.33333333333333337
DirectChoice,SB-Risk+TwoStage,69fa7e93588c6aea4b134efa44633d38556ce1656b46df276021920a664881a3,0.0,0.0,0.0,0.0
DirectChoice,SB-Risk+TwoStage,76fe1d96587ab928f6fb5d7750ecd048fd712eb3d66aa60feb972a3d9d56c9d1,0.16666666666666669,0.16666666666666669,0.0,-0.16666666666666669
DirectChoice,SB-Risk+TwoStage,821b498fc1fcb4e3c103635fa473d7577f718c4f633b273772954295c83ae585,-0.06666666666666665,-0.1333333333333333,-0.06666666666666665,0.13333333333333336
DirectChoice,SB-Risk+TwoStage,9176c2514b8a62105f4d2b8a22a8a0b0236c5b9feda58c18ef64cea917b98d9d,0.39999999999999997,0.26666666666666666,-0.13333333333333336,-0.2
DirectChoice,SB-Risk+TwoStage,986b3dff233a80cf0fd1c48f815600f49b95f83be0d9f898fee40d0a5c9dca63,0.24999999999999994,0.16666666666666663,-0.08333333333333333,0.0
DirectChoice,SB-Risk+TwoStage,a3e1c487338ecfe4ce59e1e8f0be7a20d0442476ad923022ec430bdb5470ee56,0.25000000000000006,0.16666666666666663,-0.08333333333333334,0.16666666666666669
DirectChoice,SB-Risk+TwoStage,a992f0a563f4b0239708f4be6fa38192e6930b15387567b2d4a16568d4fa5671,0.16666666666666669,0.16666666666666669,0.0,-0.16666666666666663
DirectChoice,SB-Risk+TwoStage,b830bede73f505b84b88a6596e92c22a5a4c0ded1e275e8e5b28a599849d2df6,0.0,-0.033333333333333326,-0.033333333333333326,0.19999999999999998
DirectChoice,SB-Risk+TwoStage,c8fa274849bf4beeb7c46b93a7de7a6242e5af2e9c83a395e8d0db16da5e81d8,0.06666666666666668,0.0,-0.06666666666666665,0.3333333333333333
DirectChoice,SB-Risk+TwoStage,d6796d48077a08484abd1252e6deb387d8b6a10bf445e66c4e6eaa0bde0f7818,-0.8,-0.2,0.6000000000000001,-0.8
DirectChoice,SB-Risk+TwoStage,ddd84e646ab0cdd38c0f283802f28ac361a412492f3872c7f489b95bb55d53af,0.06666666666666665,0.06666666666666665,0.0,-0.13333333333333333
DirectChoice,SB-Risk+TwoStage,f64d2a60c3b9cebc4b5e12f86f4978711b4ca1e7a3788d1756d078c45a1c1004,0.0,0.0,0.0,0.16666666666666669
DirectQ,SB-Risk+TwoStage,0815f4806fc9a4fbd58c6627c8b92fd77f1b80ad4b8b4cd6d0c6e0541d488a7b,0.0,-0.08333333333333326,-0.08333333333333333,0.5
DirectQ,SB-Risk+TwoStage,28c563172e6e13a0d3d84f1527243878c67a2140fa8c9a81ecb8b81ec9402dc8,0.19999999999999996,0.0,-0.19999999999999996,-1.0
DirectQ,SB-Risk+TwoStage,2ef1381d9cfc0a92b107e2940bcf431c7494cd7067d032284f30a23c47b487cc,0.0,-0.22222222222222227,-0.2222222222222222,0.5
DirectQ,SB-Risk+TwoStage,3f7887ee8820a4163a5033c81050731e85d1a310652a612f5b0ea5c450ec2043,0.19999999999999996,0.0,-0.19999999999999996,-0.19999999999999996
DirectQ,SB-Risk+TwoStage,5de3fa5396875480db81793738029227ed357caa91e5d24290ffc5cb0371f908,-0.16666666666666669,-0.08333333333333326,0.08333333333333331,0.0
DirectQ,SB-Risk+TwoStage,61f6ada542d03d1dd4d75a304f2674efa20660163c54b012b956522e98835cac,-0.08333333333333331,0.08333333333333337,0.16666666666666666,0.0
DirectQ,SB-Risk+TwoStage,6292759eb45913ce4ed8447194504833f347d9355012e3228775797a4b0a7cd1,0.0,0.0,0.0,0.16666666666666669
DirectQ,SB-Risk+TwoStage,655347c9fb28aaf505e162e6bcad095d17e4bfee5506113825cfb3da6ca60845,-0.08333333333333337,-0.08333333333333337,0.0,0.08333333333333331
DirectQ,SB-Risk+TwoStage,69fa7e93588c6aea4b134efa44633d38556ce1656b46df276021920a664881a3,0.23333333333333334,0.033333333333333326,-0.19999999999999998,0.3
DirectQ,SB-Risk+TwoStage,76fe1d96587ab928f6fb5d7750ecd048fd712eb3d66aa60feb972a3d9d56c9d1,0.08333333333333331,0.08333333333333331,0.0,0.0
DirectQ,SB-Risk+TwoStage,821b498fc1fcb4e3c103635fa473d7577f718c4f633b273772954295c83ae585,0.06666666666666665,0.06666666666666665,0.0,-0.1333333333333333
DirectQ,SB-Risk+TwoStage,9176c2514b8a62105f4d2b8a22a8a0b0236c5b9feda58c18ef64cea917b98d9d,0.39999999999999997,0.26666666666666666,-0.13333333333333336,-0.4
DirectQ,SB-Risk+TwoStage,986b3dff233a80cf0fd1c48f815600f49b95f83be0d9f898fee40d0a5c9dca63,0.0,0.08333333333333326,0.08333333333333334,-0.08333333333333331
DirectQ,SB-Risk+TwoStage,a3e1c487338ecfe4ce59e1e8f0be7a20d0442476ad923022ec430bdb5470ee56,-0.08333333333333331,-0.08333333333333337,0.0,0.0
DirectQ,SB-Risk+TwoStage,a992f0a563f4b0239708f4be6fa38192e6930b15387567b2d4a16568d4fa5671,0.16666666666666669,0.16666666666666669,0.0,-0.08333333333333326
DirectQ,SB-Risk+TwoStage,b830bede73f505b84b88a6596e92c22a5a4c0ded1e275e8e5b28a599849d2df6,0.06666666666666665,0.033333333333333326,-0.033333333333333326,0.16666666666666666
DirectQ,SB-Risk+TwoStage,c8fa274849bf4beeb7c46b93a7de7a6242e5af2e9c83a395e8d0db16da5e81d8,0.13333333333333333,0.1333333333333333,0.0,-0.13333333333333336
DirectQ,SB-Risk+TwoStage,d6796d48077a08484abd1252e6deb387d8b6a10bf445e66c4e6eaa0bde0f7818,-1.2,-0.4,0.8,-1.0
DirectQ,SB-Risk+TwoStage,ddd84e646ab0cdd38c0f283802f28ac361a412492f3872c7f489b95bb55d53af,-0.06666666666666665,-0.06666666666666671,0.0,0.0
DirectQ,SB-Risk+TwoStage,f64d2a60c3b9cebc4b5e12f86f4978711b4ca1e7a3788d1756d078c45a1c1004,-0.08333333333333331,-0.08333333333333337,0.0,0.25000000000000006
Horizon-only diagnostic,SB-Risk+TwoStage,0815f4806fc9a4fbd58c6627c8b92fd77f1b80ad4b8b4cd6d0c6e0541d488a7b,-0.08333333333333337,0.0,0.08333333333333333,0.0
Horizon-only diagnostic,SB-Risk+TwoStage,28c563172e6e13a0d3d84f1527243878c67a2140fa8c9a81ecb8b81ec9402dc8,0.6,0.0,-0.6,-0.4
Horizon-only diagnostic,SB-Risk+TwoStage,2ef1381d9cfc0a92b107e2940bcf431c7494cd7067d032284f30a23c47b487cc,-0.05555555555555558,-0.05555555555555558,0.0,0.055555555555555525
Horizon-only diagnostic,SB-Risk+TwoStage,3f7887ee8820a4163a5033c81050731e85d1a310652a612f5b0ea5c450ec2043,0.0,0.0,0.0,-0.4
Horizon-only diagnostic,SB-Risk+TwoStage,5de3fa5396875480db81793738029227ed357caa91e5d24290ffc5cb0371f908,-0.16666666666666669,-0.08333333333333326,0.08333333333333331,-0.08333333333333337
Horizon-only diagnostic,SB-Risk+TwoStage,61f6ada542d03d1dd4d75a304f2674efa20660163c54b012b956522e98835cac,-0.16666666666666669,0.08333333333333337,0.25,-0.16666666666666663
Horizon-only diagnostic,SB-Risk+TwoStage,6292759eb45913ce4ed8447194504833f347d9355012e3228775797a4b0a7cd1,-0.08333333333333337,0.08333333333333337,0.16666666666666669,-0.08333333333333331
Horizon-only diagnostic,SB-Risk+TwoStage,655347c9fb28aaf505e162e6bcad095d17e4bfee5506113825cfb3da6ca60845,-0.25,-0.16666666666666669,0.08333333333333334,0.25
Horizon-only diagnostic,SB-Risk+TwoStage,69fa7e93588c6aea4b134efa44633d38556ce1656b46df276021920a664881a3,0.26666666666666666,0.06666666666666665,-0.19999999999999998,0.6
Horizon-only diagnostic,SB-Risk+TwoStage,76fe1d96587ab928f6fb5d7750ecd048fd712eb3d66aa60feb972a3d9d56c9d1,0.08333333333333331,0.08333333333333331,0.0,0.0
Horizon-only diagnostic,SB-Risk+TwoStage,821b498fc1fcb4e3c103635fa473d7577f718c4f633b273772954295c83ae585,-0.2,-0.1333333333333333,0.06666666666666665,0.06666666666666671
Horizon-only diagnostic,SB-Risk+TwoStage,9176c2514b8a62105f4d2b8a22a8a0b0236c5b9feda58c18ef64cea917b98d9d,0.2,0.2,0.0,-0.1333333333333333
Horizon-only diagnostic,SB-Risk+TwoStage,986b3dff233a80cf0fd1c48f815600f49b95f83be0d9f898fee40d0a5c9dca63,0.16666666666666669,0.16666666666666663,0.0,0.16666666666666669
Horizon-only diagnostic,SB-Risk+TwoStage,a3e1c487338ecfe4ce59e1e8f0be7a20d0442476ad923022ec430bdb5470ee56,0.0,0.0,0.0,0.16666666666666669
Horizon-only diagnostic,SB-Risk+TwoStage,a992f0a563f4b0239708f4be6fa38192e6930b15387567b2d4a16568d4fa5671,0.0,0.16666666666666669,0.16666666666666666,-0.41666666666666663
Horizon-only diagnostic,SB-Risk+TwoStage,b830bede73f505b84b88a6596e92c22a5a4c0ded1e275e8e5b28a599849d2df6,-0.10000000000000003,-0.09999999999999998,0.0,0.5
Horizon-only diagnostic,SB-Risk+TwoStage,c8fa274849bf4beeb7c46b93a7de7a6242e5af2e9c83a395e8d0db16da5e81d8,0.13333333333333333,0.1333333333333333,0.0,-0.2
Horizon-only diagnostic,SB-Risk+TwoStage,d6796d48077a08484abd1252e6deb387d8b6a10bf445e66c4e6eaa0bde0f7818,-0.6000000000000001,-0.2,0.39999999999999997,-0.6
Horizon-only diagnostic,SB-Risk+TwoStage,ddd84e646ab0cdd38c0f283802f28ac361a412492f3872c7f489b95bb55d53af,0.0,-0.06666666666666671,-0.06666666666666667,0.4666666666666667
Horizon-only diagnostic,SB-Risk+TwoStage,f64d2a60c3b9cebc4b5e12f86f4978711b4ca1e7a3788d1756d078c45a1c1004,-0.16666666666666669,-0.08333333333333337,0.08333333333333333,0.16666666666666669
OutcomeRouter,SB-Risk+TwoStage,0815f4806fc9a4fbd58c6627c8b92fd77f1b80ad4b8b4cd6d0c6e0541d488a7b,0.08333333333333326,0.0,-0.08333333333333333,0.16666666666666663
OutcomeRouter,SB-Risk+TwoStage,28c563172e6e13a0d3d84f1527243878c67a2140fa8c9a81ecb8b81ec9402dc8,0.19999999999999996,0.0,-0.19999999999999996,-1.0
OutcomeRouter,SB-Risk+TwoStage,2ef1381d9cfc0a92b107e2940bcf431c7494cd7067d032284f30a23c47b487cc,0.055555555555555525,-0.11111111111111116,-0.16666666666666666,0.33333333333333337
OutcomeRouter,SB-Risk+TwoStage,3f7887ee8820a4163a5033c81050731e85d1a310652a612f5b0ea5c450ec2043,0.0,0.0,0.0,0.0
OutcomeRouter,SB-Risk+TwoStage,5de3fa5396875480db81793738029227ed357caa91e5d24290ffc5cb0371f908,-0.16666666666666669,-0.08333333333333326,0.08333333333333331,-0.41666666666666674
OutcomeRouter,SB-Risk+TwoStage,61f6ada542d03d1dd4d75a304f2674efa20660163c54b012b956522e98835cac,-0.08333333333333331,0.08333333333333337,0.16666666666666666,-0.24999999999999994
OutcomeRouter,SB-Risk+TwoStage,6292759eb45913ce4ed8447194504833f347d9355012e3228775797a4b0a7cd1,0.08333333333333326,0.0,-0.08333333333333333,0.25000000000000006
OutcomeRouter,SB-Risk+TwoStage,655347c9fb28aaf505e162e6bcad095d17e4bfee5506113825cfb3da6ca60845,0.0,0.0,0.0,0.0
OutcomeRouter,SB-Risk+TwoStage,69fa7e93588c6aea4b134efa44633d38556ce1656b46df276021920a664881a3,0.3333333333333333,0.033333333333333326,-0.3,0.7333333333333333
OutcomeRouter,SB-Risk+TwoStage,76fe1d96587ab928f6fb5d7750ecd048fd712eb3d66aa60feb972a3d9d56c9d1,0.25,0.24999999999999994,0.0,-0.25
OutcomeRouter,SB-Risk+TwoStage,821b498fc1fcb4e3c103635fa473d7577f718c4f633b273772954295c83ae585,0.0,-0.06666666666666665,-0.06666666666666665,0.26666666666666666
OutcomeRouter,SB-Risk+TwoStage,9176c2514b8a62105f4d2b8a22a8a0b0236c5b9feda58c18ef64cea917b98d9d,0.3333333333333333,0.26666666666666666,-0.06666666666666671,-0.1333333333333333
OutcomeRouter,SB-Risk+TwoStage,986b3dff233a80cf0fd1c48f815600f49b95f83be0d9f898fee40d0a5c9dca63,0.24999999999999994,0.16666666666666663,-0.08333333333333333,0.08333333333333337
OutcomeRouter,SB-Risk+TwoStage,a3e1c487338ecfe4ce59e1e8f0be7a20d0442476ad923022ec430bdb5470ee56,-0.08333333333333331,-0.08333333333333337,0.0,0.0
OutcomeRouter,SB-Risk+TwoStage,a992f0a563f4b0239708f4be6fa38192e6930b15387567b2d4a16568d4fa5671,0.08333333333333337,0.16666666666666669,0.08333333333333333,-0.16666666666666663
OutcomeRouter,SB-Risk+TwoStage,b830bede73f505b84b88a6596e92c22a5a4c0ded1e275e8e5b28a599849d2df6,0.033333333333333326,0.0,-0.033333333333333326,0.1
OutcomeRouter,SB-Risk+TwoStage,c8fa274849bf4beeb7c46b93a7de7a6242e5af2e9c83a395e8d0db16da5e81d8,0.06666666666666668,-0.06666666666666665,-0.1333333333333333,0.4666666666666666
OutcomeRouter,SB-Risk+TwoStage,d6796d48077a08484abd1252e6deb387d8b6a10bf445e66c4e6eaa0bde0f7818,0.0,0.0,0.0,0.0
OutcomeRouter,SB-Risk+TwoStage,ddd84e646ab0cdd38c0f283802f28ac361a412492f3872c7f489b95bb55d53af,-0.06666666666666665,-0.06666666666666671,0.0,0.06666666666666668
OutcomeRouter,SB-Risk+TwoStage,f64d2a60c3b9cebc4b5e12f86f4978711b4ca1e7a3788d1756d078c45a1c1004,-0.08333333333333331,0.0,0.08333333333333333,0.08333333333333337
OutcomeRouter-hidden-only,SB-Risk+TwoStage,0815f4806fc9a4fbd58c6627c8b92fd77f1b80ad4b8b4cd6d0c6e0541d488a7b,0.08333333333333326,0.0,-0.08333333333333333,0.16666666666666663
OutcomeRouter-hidden-only,SB-Risk+TwoStage,28c563172e6e13a0d3d84f1527243878c67a2140fa8c9a81ecb8b81ec9402dc8,0.4,0.0,-0.4,-0.4
OutcomeRouter-hidden-only,SB-Risk+TwoStage,2ef1381d9cfc0a92b107e2940bcf431c7494cd7067d032284f30a23c47b487cc,0.0,-0.11111111111111116,-0.1111111111111111,0.16666666666666663
OutcomeRouter-hidden-only,SB-Risk+TwoStage,3f7887ee8820a4163a5033c81050731e85d1a310652a612f5b0ea5c450ec2043,0.0,0.0,0.0,0.0
OutcomeRouter-hidden-only,SB-Risk+TwoStage,5de3fa5396875480db81793738029227ed357caa91e5d24290ffc5cb0371f908,-0.08333333333333337,-0.08333333333333326,0.0,-0.41666666666666674
OutcomeRouter-hidden-only,SB-Risk+TwoStage,61f6ada542d03d1dd4d75a304f2674efa20660163c54b012b956522e98835cac,0.08333333333333337,0.08333333333333337,0.0,-0.16666666666666663
OutcomeRouter-hidden-only,SB-Risk+TwoStage,6292759eb45913ce4ed8447194504833f347d9355012e3228775797a4b0a7cd1,0.16666666666666663,0.16666666666666674,0.0,-0.08333333333333331
OutcomeRouter-hidden-only,SB-Risk+TwoStage,655347c9fb28aaf505e162e6bcad095d17e4bfee5506113825cfb3da6ca60845,-0.08333333333333337,-0.16666666666666669,-0.08333333333333333,0.41666666666666663
OutcomeRouter-hidden-only,SB-Risk+TwoStage,69fa7e93588c6aea4b134efa44633d38556ce1656b46df276021920a664881a3,0.36666666666666664,0.033333333333333326,-0.3333333333333333,0.8
OutcomeRouter-hidden-only,SB-Risk+TwoStage,76fe1d96587ab928f6fb5d7750ecd048fd712eb3d66aa60feb972a3d9d56c9d1,0.08333333333333331,0.08333333333333331,0.0,0.0
OutcomeRouter-hidden-only,SB-Risk+TwoStage,821b498fc1fcb4e3c103635fa473d7577f718c4f633b273772954295c83ae585,-0.06666666666666665,-0.1333333333333333,-0.06666666666666665,0.26666666666666666
OutcomeRouter-hidden-only,SB-Risk+TwoStage,9176c2514b8a62105f4d2b8a22a8a0b0236c5b9feda58c18ef64cea917b98d9d,0.26666666666666666,0.2,-0.06666666666666671,-0.06666666666666665
OutcomeRouter-hidden-only,SB-Risk+TwoStage,986b3dff233a80cf0fd1c48f815600f49b95f83be0d9f898fee40d0a5c9dca63,0.16666666666666669,0.08333333333333326,-0.08333333333333333,0.25000000000000006
OutcomeRouter-hidden-only,SB-Risk+TwoStage,a3e1c487338ecfe4ce59e1e8f0be7a20d0442476ad923022ec430bdb5470ee56,0.16666666666666669,0.08333333333333326,-0.08333333333333334,0.25000000000000006
OutcomeRouter-hidden-only,SB-Risk+TwoStage,a992f0a563f4b0239708f4be6fa38192e6930b15387567b2d4a16568d4fa5671,0.08333333333333337,0.16666666666666669,0.08333333333333333,-0.25
OutcomeRouter-hidden-only,SB-Risk+TwoStage,b830bede73f505b84b88a6596e92c22a5a4c0ded1e275e8e5b28a599849d2df6,0.033333333333333326,-0.06666666666666665,-0.1,0.5
OutcomeRouter-hidden-only,SB-Risk+TwoStage,c8fa274849bf4beeb7c46b93a7de7a6242e5af2e9c83a395e8d0db16da5e81d8,0.13333333333333333,0.06666666666666665,-0.06666666666666665,0.0
OutcomeRouter-hidden-only,SB-Risk+TwoStage,d6796d48077a08484abd1252e6deb387d8b6a10bf445e66c4e6eaa0bde0f7818,-0.6000000000000001,-0.2,0.39999999999999997,-0.6
OutcomeRouter-hidden-only,SB-Risk+TwoStage,ddd84e646ab0cdd38c0f283802f28ac361a412492f3872c7f489b95bb55d53af,-0.06666666666666665,-0.06666666666666671,0.0,0.19999999999999998
OutcomeRouter-hidden-only,SB-Risk+TwoStage,f64d2a60c3b9cebc4b5e12f86f4978711b4ca1e7a3788d1756d078c45a1c1004,0.0,0.0,0.0,0.08333333333333337
OutcomeRouter-state-action-only,SB-Risk+TwoStage,0815f4806fc9a4fbd58c6627c8b92fd77f1b80ad4b8b4cd6d0c6e0541d488a7b,0.0,-0.08333333333333326,-0.08333333333333333,0.5
OutcomeRouter-state-action-only,SB-Risk+TwoStage,28c563172e6e13a0d3d84f1527243878c67a2140fa8c9a81ecb8b81ec9402dc8,0.19999999999999996,0.0,-0.19999999999999996,-1.0
OutcomeRouter-state-action-only,SB-Risk+TwoStage,2ef1381d9cfc0a92b107e2940bcf431c7494cd7067d032284f30a23c47b487cc,-0.16666666666666669,-0.11111111111111116,0.05555555555555558,0.0
OutcomeRouter-state-action-only,SB-Risk+TwoStage,3f7887ee8820a4163a5033c81050731e85d1a310652a612f5b0ea5c450ec2043,0.0,0.0,0.0,0.0
OutcomeRouter-state-action-only,SB-Risk+TwoStage,5de3fa5396875480db81793738029227ed357caa91e5d24290ffc5cb0371f908,-0.16666666666666669,-0.08333333333333326,0.08333333333333331,-0.16666666666666669
OutcomeRouter-state-action-only,SB-Risk+TwoStage,61f6ada542d03d1dd4d75a304f2674efa20660163c54b012b956522e98835cac,-0.16666666666666669,0.16666666666666663,0.3333333333333333,-0.5833333333333333
OutcomeRouter-state-action-only,SB-Risk+TwoStage,6292759eb45913ce4ed8447194504833f347d9355012e3228775797a4b0a7cd1,-0.25000000000000006,0.0,0.25,-0.3333333333333333
OutcomeRouter-state-action-only,SB-Risk+TwoStage,655347c9fb28aaf505e162e6bcad095d17e4bfee5506113825cfb3da6ca60845,-0.25,-0.08333333333333337,0.16666666666666666,0.0
OutcomeRouter-state-action-only,SB-Risk+TwoStage,69fa7e93588c6aea4b134efa44633d38556ce1656b46df276021920a664881a3,0.0,0.0,0.0,0.0
OutcomeRouter-state-action-only,SB-Risk+TwoStage,76fe1d96587ab928f6fb5d7750ecd048fd712eb3d66aa60feb972a3d9d56c9d1,0.08333333333333331,0.24999999999999994,0.16666666666666666,-0.08333333333333331
OutcomeRouter-state-action-only,SB-Risk+TwoStage,821b498fc1fcb4e3c103635fa473d7577f718c4f633b273772954295c83ae585,-0.06666666666666665,-0.1333333333333333,-0.06666666666666665,0.46666666666666673
OutcomeRouter-state-action-only,SB-Risk+TwoStage,9176c2514b8a62105f4d2b8a22a8a0b0236c5b9feda58c18ef64cea917b98d9d,0.39999999999999997,0.3333333333333333,-0.06666666666666671,-0.3333333333333333
OutcomeRouter-state-action-only,SB-Risk+TwoStage,986b3dff233a80cf0fd1c48f815600f49b95f83be0d9f898fee40d0a5c9dca63,-0.16666666666666669,0.0,0.16666666666666666,-0.3333333333333333
OutcomeRouter-state-action-only,SB-Risk+TwoStage,a3e1c487338ecfe4ce59e1e8f0be7a20d0442476ad923022ec430bdb5470ee56,-0.08333333333333331,-0.08333333333333337,0.0,0.0
OutcomeRouter-state-action-only,SB-Risk+TwoStage,a992f0a563f4b0239708f4be6fa38192e6930b15387567b2d4a16568d4fa5671,0.25000000000000006,0.25000000000000006,0.0,-0.25
OutcomeRouter-state-action-only,SB-Risk+TwoStage,b830bede73f505b84b88a6596e92c22a5a4c0ded1e275e8e5b28a599849d2df6,-0.03333333333333338,-0.033333333333333326,0.0,0.3666666666666667
OutcomeRouter-state-action-only,SB-Risk+TwoStage,c8fa274849bf4beeb7c46b93a7de7a6242e5af2e9c83a395e8d0db16da5e81d8,0.13333333333333333,0.1333333333333333,0.0,-0.2
OutcomeRouter-state-action-only,SB-Risk+TwoStage,d6796d48077a08484abd1252e6deb387d8b6a10bf445e66c4e6eaa0bde0f7818,0.0,0.0,0.0,0.0
OutcomeRouter-state-action-only,SB-Risk+TwoStage,ddd84e646ab0cdd38c0f283802f28ac361a412492f3872c7f489b95bb55d53af,0.0,0.0,0.0,0.19999999999999998
OutcomeRouter-state-action-only,SB-Risk+TwoStage,f64d2a60c3b9cebc4b5e12f86f4978711b4ca1e7a3788d1756d078c45a1c1004,-0.4166666666666667,-0.25000000000000006,0.16666666666666669,0.5
PairwiseAdvantage,SB-Risk+TwoStage,0815f4806fc9a4fbd58c6627c8b92fd77f1b80ad4b8b4cd6d0c6e0541d488a7b,0.0,-0.08333333333333326,-0.08333333333333333,0.5
PairwiseAdvantage,SB-Risk+TwoStage,28c563172e6e13a0d3d84f1527243878c67a2140fa8c9a81ecb8b81ec9402dc8,0.19999999999999996,0.0,-0.19999999999999996,-1.0
PairwiseAdvantage,SB-Risk+TwoStage,2ef1381d9cfc0a92b107e2940bcf431c7494cd7067d032284f30a23c47b487cc,0.0,-0.22222222222222227,-0.2222222222222222,0.5
PairwiseAdvantage,SB-Risk+TwoStage,3f7887ee8820a4163a5033c81050731e85d1a310652a612f5b0ea5c450ec2043,0.19999999999999996,0.0,-0.19999999999999996,-0.19999999999999996
PairwiseAdvantage,SB-Risk+TwoStage,5de3fa5396875480db81793738029227ed357caa91e5d24290ffc5cb0371f908,-0.16666666666666669,-0.08333333333333326,0.08333333333333331,0.0
PairwiseAdvantage,SB-Risk+TwoStage,61f6ada542d03d1dd4d75a304f2674efa20660163c54b012b956522e98835cac,-0.08333333333333331,0.08333333333333337,0.16666666666666666,0.0
PairwiseAdvantage,SB-Risk+TwoStage,6292759eb45913ce4ed8447194504833f347d9355012e3228775797a4b0a7cd1,0.0,0.0,0.0,0.16666666666666669
PairwiseAdvantage,SB-Risk+TwoStage,655347c9fb28aaf505e162e6bcad095d17e4bfee5506113825cfb3da6ca60845,-0.08333333333333337,-0.08333333333333337,0.0,0.08333333333333331
PairwiseAdvantage,SB-Risk+TwoStage,69fa7e93588c6aea4b134efa44633d38556ce1656b46df276021920a664881a3,0.23333333333333334,0.033333333333333326,-0.19999999999999998,0.3
PairwiseAdvantage,SB-Risk+TwoStage,76fe1d96587ab928f6fb5d7750ecd048fd712eb3d66aa60feb972a3d9d56c9d1,0.08333333333333331,0.08333333333333331,0.0,0.0
PairwiseAdvantage,SB-Risk+TwoStage,821b498fc1fcb4e3c103635fa473d7577f718c4f633b273772954295c83ae585,0.06666666666666665,0.06666666666666665,0.0,-0.1333333333333333
PairwiseAdvantage,SB-Risk+TwoStage,9176c2514b8a62105f4d2b8a22a8a0b0236c5b9feda58c18ef64cea917b98d9d,0.39999999999999997,0.26666666666666666,-0.13333333333333336,-0.4
PairwiseAdvantage,SB-Risk+TwoStage,986b3dff233a80cf0fd1c48f815600f49b95f83be0d9f898fee40d0a5c9dca63,0.0,0.08333333333333326,0.08333333333333334,-0.08333333333333331
PairwiseAdvantage,SB-Risk+TwoStage,a3e1c487338ecfe4ce59e1e8f0be7a20d0442476ad923022ec430bdb5470ee56,-0.08333333333333331,-0.08333333333333337,0.0,0.0
PairwiseAdvantage,SB-Risk+TwoStage,a992f0a563f4b0239708f4be6fa38192e6930b15387567b2d4a16568d4fa5671,0.16666666666666669,0.16666666666666669,0.0,-0.08333333333333326
PairwiseAdvantage,SB-Risk+TwoStage,b830bede73f505b84b88a6596e92c22a5a4c0ded1e275e8e5b28a599849d2df6,0.06666666666666665,0.033333333333333326,-0.033333333333333326,0.16666666666666666
PairwiseAdvantage,SB-Risk+TwoStage,c8fa274849bf4beeb7c46b93a7de7a6242e5af2e9c83a395e8d0db16da5e81d8,0.13333333333333333,0.1333333333333333,0.0,-0.13333333333333336
PairwiseAdvantage,SB-Risk+TwoStage,d6796d48077a08484abd1252e6deb387d8b6a10bf445e66c4e6eaa0bde0f7818,-1.2,-0.4,0.8,-1.0
PairwiseAdvantage,SB-Risk+TwoStage,ddd84e646ab0cdd38c0f283802f28ac361a412492f3872c7f489b95bb55d53af,-0.06666666666666665,-0.06666666666666671,0.0,0.0
PairwiseAdvantage,SB-Risk+TwoStage,f64d2a60c3b9cebc4b5e12f86f4978711b4ca1e7a3788d1756d078c45a1c1004,-0.08333333333333331,-0.08333333333333337,0.0,0.25000000000000006
Risk+TwoStage,SB-Risk+TwoStage,0815f4806fc9a4fbd58c6627c8b92fd77f1b80ad4b8b4cd6d0c6e0541d488a7b,0.0,0.0,0.0,0.0
Risk+TwoStage,SB-Risk+TwoStage,28c563172e6e13a0d3d84f1527243878c67a2140fa8c9a81ecb8b81ec9402dc8,0.0,0.0,0.0,0.0
Risk+TwoStage,SB-Risk+TwoStage,2ef1381d9cfc0a92b107e2940bcf431c7494cd7067d032284f30a23c47b487cc,0.0,0.0,0.0,0.0
Risk+TwoStage,SB-Risk+TwoStage,3f7887ee8820a4163a5033c81050731e85d1a310652a612f5b0ea5c450ec2043,0.0,0.0,0.0,0.0
Risk+TwoStage,SB-Risk+TwoStage,5de3fa5396875480db81793738029227ed357caa91e5d24290ffc5cb0371f908,0.0,0.0,0.0,0.0
Risk+TwoStage,SB-Risk+TwoStage,61f6ada542d03d1dd4d75a304f2674efa20660163c54b012b956522e98835cac,0.0,0.0,0.0,0.0
Risk+TwoStage,SB-Risk+TwoStage,6292759eb45913ce4ed8447194504833f347d9355012e3228775797a4b0a7cd1,0.0,0.0,0.0,0.0
Risk+TwoStage,SB-Risk+TwoStage,655347c9fb28aaf505e162e6bcad095d17e4bfee5506113825cfb3da6ca60845,0.0,0.0,0.0,0.0
Risk+TwoStage,SB-Risk+TwoStage,69fa7e93588c6aea4b134efa44633d38556ce1656b46df276021920a664881a3,0.0,0.0,0.0,0.0
Risk+TwoStage,SB-Risk+TwoStage,76fe1d96587ab928f6fb5d7750ecd048fd712eb3d66aa60feb972a3d9d56c9d1,0.0,0.0,0.0,0.0
Risk+TwoStage,SB-Risk+TwoStage,821b498fc1fcb4e3c103635fa473d7577f718c4f633b273772954295c83ae585,0.0,0.0,0.0,0.0
Risk+TwoStage,SB-Risk+TwoStage,9176c2514b8a62105f4d2b8a22a8a0b0236c5b9feda58c18ef64cea917b98d9d,0.0,0.0,0.0,0.0
Risk+TwoStage,SB-Risk+TwoStage,986b3dff233a80cf0fd1c48f815600f49b95f83be0d9f898fee40d0a5c9dca63,0.0,0.0,0.0,0.0
Risk+TwoStage,SB-Risk+TwoStage,a3e1c487338ecfe4ce59e1e8f0be7a20d0442476ad923022ec430bdb5470ee56,0.0,0.0,0.0,0.0
Risk+TwoStage,SB-Risk+TwoStage,a992f0a563f4b0239708f4be6fa38192e6930b15387567b2d4a16568d4fa5671,0.0,0.0,0.0,0.0
Risk+TwoStage,SB-Risk+TwoStage,b830bede73f505b84b88a6596e92c22a5a4c0ded1e275e8e5b28a599849d2df6,0.0,0.0,0.0,0.0
Risk+TwoStage,SB-Risk+TwoStage,c8fa274849bf4beeb7c46b93a7de7a6242e5af2e9c83a395e8d0db16da5e81d8,0.0,0.0,0.0,0.0
Risk+TwoStage,SB-Risk+TwoStage,d6796d48077a08484abd1252e6deb387d8b6a10bf445e66c4e6eaa0bde0f7818,0.0,0.0,0.0,0.0
Risk+TwoStage,SB-Risk+TwoStage,ddd84e646ab0cdd38c0f283802f28ac361a412492f3872c7f489b95bb55d53af,0.0,0.0,0.0,0.0
Risk+TwoStage,SB-Risk+TwoStage,f64d2a60c3b9cebc4b5e12f86f4978711b4ca1e7a3788d1756d078c45a1c1004,0.0,0.0,0.0,0.0
Risk->BestFixed,SB-Risk+TwoStage,0815f4806fc9a4fbd58c6627c8b92fd77f1b80ad4b8b4cd6d0c6e0541d488a7b,-0.08333333333333337,-0.08333333333333326,0.0,0.08333333333333337
Risk->BestFixed,SB-Risk+TwoStage,28c563172e6e13a0d3d84f1527243878c67a2140fa8c9a81ecb8b81ec9402dc8,0.8,0.0,-0.8,0.0
Risk->BestFixed,SB-Risk+TwoStage,2ef1381d9cfc0a92b107e2940bcf431c7494cd7067d032284f30a23c47b487cc,0.0,0.0,0.0,0.0
Risk->BestFixed,SB-Risk+TwoStage,3f7887ee8820a4163a5033c81050731e85d1a310652a612f5b0ea5c450ec2043,0.0,0.0,0.0,0.0
Risk->BestFixed,SB-Risk+TwoStage,5de3fa5396875480db81793738029227ed357caa91e5d24290ffc5cb0371f908,0.0,0.0,0.0,0.0
Risk->BestFixed,SB-Risk+TwoStage,61f6ada542d03d1dd4d75a304f2674efa20660163c54b012b956522e98835cac,-0.16666666666666669,0.0,0.16666666666666666,0.0
Risk->BestFixed,SB-Risk+TwoStage,6292759eb45913ce4ed8447194504833f347d9355012e3228775797a4b0a7cd1,0.25,0.25,0.0,0.0
Risk->BestFixed,SB-Risk+TwoStage,655347c9fb28aaf505e162e6bcad095d17e4bfee5506113825cfb3da6ca60845,-0.08333333333333337,0.0,0.08333333333333334,0.0
Risk->BestFixed,SB-Risk+TwoStage,69fa7e93588c6aea4b134efa44633d38556ce1656b46df276021920a664881a3,0.26666666666666666,0.1333333333333333,-0.1333333333333333,0.26666666666666666
Risk->BestFixed,SB-Risk+TwoStage,76fe1d96587ab928f6fb5d7750ecd048fd712eb3d66aa60feb972a3d9d56c9d1,-0.16666666666666669,0.0,0.16666666666666666,0.0
Risk->BestFixed,SB-Risk+TwoStage,821b498fc1fcb4e3c103635fa473d7577f718c4f633b273772954295c83ae585,0.06666666666666665,0.0,-0.06666666666666665,0.2
Risk->BestFixed,SB-Risk+TwoStage,9176c2514b8a62105f4d2b8a22a8a0b0236c5b9feda58c18ef64cea917b98d9d,0.06666666666666667,0.06666666666666671,0.0,0.0
Risk->BestFixed,SB-Risk+TwoStage,986b3dff233a80cf0fd1c48f815600f49b95f83be0d9f898fee40d0a5c9dca63,0.08333333333333331,0.08333333333333326,0.0,0.0
Risk->BestFixed,SB-Risk+TwoStage,a3e1c487338ecfe4ce59e1e8f0be7a20d0442476ad923022ec430bdb5470ee56,0.0,0.0,0.0,0.0
Risk->BestFixed,SB-Risk+TwoStage,a992f0a563f4b0239708f4be6fa38192e6930b15387567b2d4a16568d4fa5671,0.08333333333333337,0.08333333333333337,0.0,0.0
Risk->BestFixed,SB-Risk+TwoStage,b830bede73f505b84b88a6596e92c22a5a4c0ded1e275e8e5b28a599849d2df6,-0.06666666666666671,0.0,0.06666666666666665,0.0
Risk->BestFixed,SB-Risk+TwoStage,c8fa274849bf4beeb7c46b93a7de7a6242e5af2e9c83a395e8d0db16da5e81d8,0.13333333333333333,0.06666666666666665,-0.06666666666666665,-0.06666666666666668
Risk->BestFixed,SB-Risk+TwoStage,d6796d48077a08484abd1252e6deb387d8b6a10bf445e66c4e6eaa0bde0f7818,0.0,0.0,0.0,0.0
Risk->BestFixed,SB-Risk+TwoStage,ddd84e646ab0cdd38c0f283802f28ac361a412492f3872c7f489b95bb55d53af,0.0,0.0,0.0,0.0
Risk->BestFixed,SB-Risk+TwoStage,f64d2a60c3b9cebc4b5e12f86f4978711b4ca1e7a3788d1756d078c45a1c1004,-0.25,-0.08333333333333337,0.16666666666666669,0.08333333333333337
Risk->Detour,SB-Risk+TwoStage,0815f4806fc9a4fbd58c6627c8b92fd77f1b80ad4b8b4cd6d0c6e0541d488a7b,-0.08333333333333337,-0.08333333333333326,0.0,0.08333333333333337
Risk->Detour,SB-Risk+TwoStage,28c563172e6e13a0d3d84f1527243878c67a2140fa8c9a81ecb8b81ec9402dc8,0.8,0.0,-0.8,0.0
Risk->Detour,SB-Risk+TwoStage,2ef1381d9cfc0a92b107e2940bcf431c7494cd7067d032284f30a23c47b487cc,0.0,0.0,0.0,0.0
Risk->Detour,SB-Risk+TwoStage,3f7887ee8820a4163a5033c81050731e85d1a310652a612f5b0ea5c450ec2043,0.0,0.0,0.0,0.0
Risk->Detour,SB-Risk+TwoStage,5de3fa5396875480db81793738029227ed357caa91e5d24290ffc5cb0371f908,0.0,0.0,0.0,0.0
Risk->Detour,SB-Risk+TwoStage,61f6ada542d03d1dd4d75a304f2674efa20660163c54b012b956522e98835cac,-0.16666666666666669,0.0,0.16666666666666666,0.0
Risk->Detour,SB-Risk+TwoStage,6292759eb45913ce4ed8447194504833f347d9355012e3228775797a4b0a7cd1,0.25,0.25,0.0,0.0
Risk->Detour,SB-Risk+TwoStage,655347c9fb28aaf505e162e6bcad095d17e4bfee5506113825cfb3da6ca60845,-0.08333333333333337,0.0,0.08333333333333334,0.0
Risk->Detour,SB-Risk+TwoStage,69fa7e93588c6aea4b134efa44633d38556ce1656b46df276021920a664881a3,0.26666666666666666,0.1333333333333333,-0.1333333333333333,0.26666666666666666
Risk->Detour,SB-Risk+TwoStage,76fe1d96587ab928f6fb5d7750ecd048fd712eb3d66aa60feb972a3d9d56c9d1,-0.16666666666666669,0.0,0.16666666666666666,0.0
Risk->Detour,SB-Risk+TwoStage,821b498fc1fcb4e3c103635fa473d7577f718c4f633b273772954295c83ae585,0.06666666666666665,0.0,-0.06666666666666665,0.2
Risk->Detour,SB-Risk+TwoStage,9176c2514b8a62105f4d2b8a22a8a0b0236c5b9feda58c18ef64cea917b98d9d,0.06666666666666667,0.06666666666666671,0.0,0.0
Risk->Detour,SB-Risk+TwoStage,986b3dff233a80cf0fd1c48f815600f49b95f83be0d9f898fee40d0a5c9dca63,0.08333333333333331,0.08333333333333326,0.0,0.0
Risk->Detour,SB-Risk+TwoStage,a3e1c487338ecfe4ce59e1e8f0be7a20d0442476ad923022ec430bdb5470ee56,0.0,0.0,0.0,0.0
Risk->Detour,SB-Risk+TwoStage,a992f0a563f4b0239708f4be6fa38192e6930b15387567b2d4a16568d4fa5671,0.08333333333333337,0.08333333333333337,0.0,0.0
Risk->Detour,SB-Risk+TwoStage,b830bede73f505b84b88a6596e92c22a5a4c0ded1e275e8e5b28a599849d2df6,-0.06666666666666671,0.0,0.06666666666666665,0.0
Risk->Detour,SB-Risk+TwoStage,c8fa274849bf4beeb7c46b93a7de7a6242e5af2e9c83a395e8d0db16da5e81d8,0.0,0.0,0.0,0.0
Risk->Detour,SB-Risk+TwoStage,d6796d48077a08484abd1252e6deb387d8b6a10bf445e66c4e6eaa0bde0f7818,0.0,0.0,0.0,0.0
Risk->Detour,SB-Risk+TwoStage,ddd84e646ab0cdd38c0f283802f28ac361a412492f3872c7f489b95bb55d53af,0.0,0.0,0.0,0.0
Risk->Detour,SB-Risk+TwoStage,f64d2a60c3b9cebc4b5e12f86f4978711b4ca1e7a3788d1756d078c45a1c1004,-0.25,-0.08333333333333337,0.16666666666666669,0.08333333333333337
Risk->Retreat,SB-Risk+TwoStage,0815f4806fc9a4fbd58c6627c8b92fd77f1b80ad4b8b4cd6d0c6e0541d488a7b,-0.25000000000000006,-0.24999999999999994,0.0,0.0
Risk->Retreat,SB-Risk+TwoStage,28c563172e6e13a0d3d84f1527243878c67a2140fa8c9a81ecb8b81ec9402dc8,0.0,0.0,0.0,0.0
Risk->Retreat,SB-Risk+TwoStage,2ef1381d9cfc0a92b107e2940bcf431c7494cd7067d032284f30a23c47b487cc,-0.1111111111111111,-0.05555555555555558,0.05555555555555558,-0.16666666666666669
Risk->Retreat,SB-Risk+TwoStage,3f7887ee8820a4163a5033c81050731e85d1a310652a612f5b0ea5c450ec2043,0.0,0.0,0.0,0.0
Risk->Retreat,SB-Risk+TwoStage,5de3fa5396875480db81793738029227ed357caa91e5d24290ffc5cb0371f908,0.0,-0.08333333333333326,-0.08333333333333334,-0.41666666666666674
Risk->Retreat,SB-Risk+TwoStage,61f6ada542d03d1dd4d75a304f2674efa20660163c54b012b956522e98835cac,0.0,0.16666666666666663,0.16666666666666666,-0.5
Risk->Retreat,SB-Risk+TwoStage,6292759eb45913ce4ed8447194504833f347d9355012e3228775797a4b0a7cd1,0.0,0.0,0.0,-0.08333333333333331
Risk->Retreat,SB-Risk+TwoStage,655347c9fb28aaf505e162e6bcad095d17e4bfee5506113825cfb3da6ca60845,0.0,0.0,0.0,-0.08333333333333334
Risk->Retreat,SB-Risk+TwoStage,69fa7e93588c6aea4b134efa44633d38556ce1656b46df276021920a664881a3,0.0,0.0,0.0,0.0
Risk->Retreat,SB-Risk+TwoStage,76fe1d96587ab928f6fb5d7750ecd048fd712eb3d66aa60feb972a3d9d56c9d1,0.25,0.24999999999999994,0.0,-0.33333333333333337
Risk->Retreat,SB-Risk+TwoStage,821b498fc1fcb4e3c103635fa473d7577f718c4f633b273772954295c83ae585,0.0,-0.06666666666666665,-0.06666666666666665,0.0
Risk->Retreat,SB-Risk+TwoStage,9176c2514b8a62105f4d2b8a22a8a0b0236c5b9feda58c18ef64cea917b98d9d,0.26666666666666666,0.2,-0.06666666666666671,-0.3333333333333333
Risk->Retreat,SB-Risk+TwoStage,986b3dff233a80cf0fd1c48f815600f49b95f83be0d9f898fee40d0a5c9dca63,-0.16666666666666669,0.0,0.16666666666666666,-0.3333333333333333
Risk->Retreat,SB-Risk+TwoStage,a3e1c487338ecfe4ce59e1e8f0be7a20d0442476ad923022ec430bdb5470ee56,-0.16666666666666666,-0.25000000000000006,-0.08333333333333334,0.0
Risk->Retreat,SB-Risk+TwoStage,a992f0a563f4b0239708f4be6fa38192e6930b15387567b2d4a16568d4fa5671,-0.25,-0.25,0.0,0.0
Risk->Retreat,SB-Risk+TwoStage,b830bede73f505b84b88a6596e92c22a5a4c0ded1e275e8e5b28a599849d2df6,0.0,0.0,0.0,0.0
Risk->Retreat,SB-Risk+TwoStage,c8fa274849bf4beeb7c46b93a7de7a6242e5af2e9c83a395e8d0db16da5e81d8,0.13333333333333333,0.06666666666666665,-0.06666666666666665,-0.06666666666666668
Risk->Retreat,SB-Risk+TwoStage,d6796d48077a08484abd1252e6deb387d8b6a10bf445e66c4e6eaa0bde0f7818,-1.2,-0.4,0.8,0.0
Risk->Retreat,SB-Risk+TwoStage,ddd84e646ab0cdd38c0f283802f28ac361a412492f3872c7f489b95bb55d53af,-0.06666666666666665,-0.06666666666666671,0.0,0.0
Risk->Retreat,SB-Risk+TwoStage,f64d2a60c3b9cebc4b5e12f86f4978711b4ca1e7a3788d1756d078c45a1c1004,0.0,0.0,0.0,0.0
SB-COR,SB-Risk+TwoStage,0815f4806fc9a4fbd58c6627c8b92fd77f1b80ad4b8b4cd6d0c6e0541d488a7b,0.08333333333333326,0.0,-0.08333333333333333,0.16666666666666663
SB-COR,SB-Risk+TwoStage,28c563172e6e13a0d3d84f1527243878c67a2140fa8c9a81ecb8b81ec9402dc8,0.19999999999999996,0.0,-0.19999999999999996,-1.0
SB-COR,SB-Risk+TwoStage,2ef1381d9cfc0a92b107e2940bcf431c7494cd7067d032284f30a23c47b487cc,0.0,-0.11111111111111116,-0.1111111111111111,0.2777777777777778
SB-COR,SB-Risk+TwoStage,3f7887ee8820a4163a5033c81050731e85d1a310652a612f5b0ea5c450ec2043,0.0,0.0,0.0,-0.4
SB-COR,SB-Risk+TwoStage,5de3fa5396875480db81793738029227ed357caa91e5d24290ffc5cb0371f908,-0.16666666666666669,-0.08333333333333326,0.08333333333333331,-0.41666666666666674
SB-COR,SB-Risk+TwoStage,61f6ada542d03d1dd4d75a304f2674efa20660163c54b012b956522e98835cac,0.0,0.08333333333333337,0.08333333333333333,-0.24999999999999994
SB-COR,SB-Risk+TwoStage,6292759eb45913ce4ed8447194504833f347d9355012e3228775797a4b0a7cd1,0.08333333333333326,0.0,-0.08333333333333333,0.25000000000000006
SB-COR,SB-Risk+TwoStage,655347c9fb28aaf505e162e6bcad095d17e4bfee5506113825cfb3da6ca60845,0.0,0.0,0.0,0.0
SB-COR,SB-Risk+TwoStage,69fa7e93588c6aea4b134efa44633d38556ce1656b46df276021920a664881a3,0.3333333333333333,0.033333333333333326,-0.3,0.6333333333333333
SB-COR,SB-Risk+TwoStage,76fe1d96587ab928f6fb5d7750ecd048fd712eb3d66aa60feb972a3d9d56c9d1,0.16666666666666669,0.16666666666666669,0.0,-0.16666666666666669
SB-COR,SB-Risk+TwoStage,821b498fc1fcb4e3c103635fa473d7577f718c4f633b273772954295c83ae585,0.0,-0.06666666666666665,-0.06666666666666665,0.2
SB-COR,SB-Risk+TwoStage,9176c2514b8a62105f4d2b8a22a8a0b0236c5b9feda58c18ef64cea917b98d9d,0.13333333333333333,0.13333333333333336,0.0,-0.26666666666666666
SB-COR,SB-Risk+TwoStage,986b3dff233a80cf0fd1c48f815600f49b95f83be0d9f898fee40d0a5c9dca63,0.24999999999999994,0.16666666666666663,-0.08333333333333333,0.0
SB-COR,SB-Risk+TwoStage,a3e1c487338ecfe4ce59e1e8f0be7a20d0442476ad923022ec430bdb5470ee56,0.0,0.0,0.0,0.08333333333333337
SB-COR,SB-Risk+TwoStage,a992f0a563f4b0239708f4be6fa38192e6930b15387567b2d4a16568d4fa5671,0.08333333333333337,0.16666666666666669,0.08333333333333333,-0.25
SB-COR,SB-Risk+TwoStage,b830bede73f505b84b88a6596e92c22a5a4c0ded1e275e8e5b28a599849d2df6,0.06666666666666665,0.0,-0.06666666666666668,0.13333333333333333
SB-COR,SB-Risk+TwoStage,c8fa274849bf4beeb7c46b93a7de7a6242e5af2e9c83a395e8d0db16da5e81d8,0.0,-0.13333333333333336,-0.1333333333333333,0.5333333333333332
SB-COR,SB-Risk+TwoStage,d6796d48077a08484abd1252e6deb387d8b6a10bf445e66c4e6eaa0bde0f7818,-0.6000000000000001,-0.2,0.39999999999999997,-0.4
SB-COR,SB-Risk+TwoStage,ddd84e646ab0cdd38c0f283802f28ac361a412492f3872c7f489b95bb55d53af,0.06666666666666665,0.06666666666666665,0.0,-0.06666666666666667
SB-COR,SB-Risk+TwoStage,f64d2a60c3b9cebc4b5e12f86f4978711b4ca1e7a3788d1756d078c45a1c1004,0.0,0.0,0.0,0.08333333333333337
SB-DirectQ,SB-Risk+TwoStage,0815f4806fc9a4fbd58c6627c8b92fd77f1b80ad4b8b4cd6d0c6e0541d488a7b,0.0,-0.08333333333333326,-0.08333333333333333,0.5
SB-DirectQ,SB-Risk+TwoStage,28c563172e6e13a0d3d84f1527243878c67a2140fa8c9a81ecb8b81ec9402dc8,0.19999999999999996,0.0,-0.19999999999999996,-1.0
SB-DirectQ,SB-Risk+TwoStage,2ef1381d9cfc0a92b107e2940bcf431c7494cd7067d032284f30a23c47b487cc,0.0,-0.22222222222222227,-0.2222222222222222,0.5
SB-DirectQ,SB-Risk+TwoStage,3f7887ee8820a4163a5033c81050731e85d1a310652a612f5b0ea5c450ec2043,0.0,0.0,0.0,0.0
SB-DirectQ,SB-Risk+TwoStage,5de3fa5396875480db81793738029227ed357caa91e5d24290ffc5cb0371f908,-0.08333333333333337,-0.08333333333333326,0.0,-0.41666666666666674
SB-DirectQ,SB-Risk+TwoStage,61f6ada542d03d1dd4d75a304f2674efa20660163c54b012b956522e98835cac,0.0,0.08333333333333337,0.08333333333333333,-0.16666666666666663
SB-DirectQ,SB-Risk+TwoStage,6292759eb45913ce4ed8447194504833f347d9355012e3228775797a4b0a7cd1,0.0,0.0,0.0,0.16666666666666669
SB-DirectQ,SB-Risk+TwoStage,655347c9fb28aaf505e162e6bcad095d17e4bfee5506113825cfb3da6ca60845,0.0,0.0,0.0,0.0
SB-DirectQ,SB-Risk+TwoStage,69fa7e93588c6aea4b134efa44633d38556ce1656b46df276021920a664881a3,0.2,0.0,-0.19999999999999998,0.43333333333333335
SB-DirectQ,SB-Risk+TwoStage,76fe1d96587ab928f6fb5d7750ecd048fd712eb3d66aa60feb972a3d9d56c9d1,0.0,0.0,0.0,0.08333333333333337
SB-DirectQ,SB-Risk+TwoStage,821b498fc1fcb4e3c103635fa473d7577f718c4f633b273772954295c83ae585,0.06666666666666665,0.06666666666666665,0.0,-0.19999999999999998
SB-DirectQ,SB-Risk+TwoStage,9176c2514b8a62105f4d2b8a22a8a0b0236c5b9feda58c18ef64cea917b98d9d,0.39999999999999997,0.26666666666666666,-0.13333333333333336,-0.4
SB-DirectQ,SB-Risk+TwoStage,986b3dff233a80cf0fd1c48f815600f49b95f83be0d9f898fee40d0a5c9dca63,0.0,0.08333333333333326,0.08333333333333334,-0.08333333333333331
SB-DirectQ,SB-Risk+TwoStage,a3e1c487338ecfe4ce59e1e8f0be7a20d0442476ad923022ec430bdb5470ee56,-0.08333333333333331,-0.16666666666666669,-0.08333333333333334,-0.16666666666666666
SB-DirectQ,SB-Risk+TwoStage,a992f0a563f4b0239708f4be6fa38192e6930b15387567b2d4a16568d4fa5671,0.16666666666666669,0.16666666666666669,0.0,-0.08333333333333326
SB-DirectQ,SB-Risk+TwoStage,b830bede73f505b84b88a6596e92c22a5a4c0ded1e275e8e5b28a599849d2df6,0.033333333333333326,0.033333333333333326,0.0,0.1
SB-DirectQ,SB-Risk+TwoStage,c8fa274849bf4beeb7c46b93a7de7a6242e5af2e9c83a395e8d0db16da5e81d8,0.06666666666666668,0.06666666666666665,0.0,-0.06666666666666668
SB-DirectQ,SB-Risk+TwoStage,d6796d48077a08484abd1252e6deb387d8b6a10bf445e66c4e6eaa0bde0f7818,-1.2,-0.4,0.8,-1.0
SB-DirectQ,SB-Risk+TwoStage,ddd84e646ab0cdd38c0f283802f28ac361a412492f3872c7f489b95bb55d53af,-0.06666666666666665,-0.06666666666666671,0.0,0.0
SB-DirectQ,SB-Risk+TwoStage,f64d2a60c3b9cebc4b5e12f86f4978711b4ca1e7a3788d1756d078c45a1c1004,0.0,0.0,0.0,0.16666666666666669
SB-OutcomeRouter,SB-Risk+TwoStage,0815f4806fc9a4fbd58c6627c8b92fd77f1b80ad4b8b4cd6d0c6e0541d488a7b,0.08333333333333326,0.0,-0.08333333333333333,0.16666666666666663
SB-OutcomeRouter,SB-Risk+TwoStage,28c563172e6e13a0d3d84f1527243878c67a2140fa8c9a81ecb8b81ec9402dc8,0.19999999999999996,0.0,-0.19999999999999996,-1.0
SB-OutcomeRouter,SB-Risk+TwoStage,2ef1381d9cfc0a92b107e2940bcf431c7494cd7067d032284f30a23c47b487cc,0.055555555555555525,-0.11111111111111116,-0.16666666666666666,0.33333333333333337
SB-OutcomeRouter,SB-Risk+TwoStage,3f7887ee8820a4163a5033c81050731e85d1a310652a612f5b0ea5c450ec2043,0.0,0.0,0.0,0.0
SB-OutcomeRouter,SB-Risk+TwoStage,5de3fa5396875480db81793738029227ed357caa91e5d24290ffc5cb0371f908,-0.16666666666666669,-0.08333333333333326,0.08333333333333331,-0.41666666666666674
SB-OutcomeRouter,SB-Risk+TwoStage,61f6ada542d03d1dd4d75a304f2674efa20660163c54b012b956522e98835cac,0.08333333333333337,0.08333333333333337,0.0,-0.16666666666666663
SB-OutcomeRouter,SB-Risk+TwoStage,6292759eb45913ce4ed8447194504833f347d9355012e3228775797a4b0a7cd1,0.08333333333333326,0.0,-0.08333333333333333,0.25000000000000006
SB-OutcomeRouter,SB-Risk+TwoStage,655347c9fb28aaf505e162e6bcad095d17e4bfee5506113825cfb3da6ca60845,0.0,0.0,0.0,0.0
SB-OutcomeRouter,SB-Risk+TwoStage,69fa7e93588c6aea4b134efa44633d38556ce1656b46df276021920a664881a3,0.3333333333333333,0.033333333333333326,-0.3,0.8
SB-OutcomeRouter,SB-Risk+TwoStage,76fe1d96587ab928f6fb5d7750ecd048fd712eb3d66aa60feb972a3d9d56c9d1,0.25,0.24999999999999994,0.0,-0.25
SB-OutcomeRouter,SB-Risk+TwoStage,821b498fc1fcb4e3c103635fa473d7577f718c4f633b273772954295c83ae585,0.0,0.0,0.0,0.06666666666666671
SB-OutcomeRouter,SB-Risk+TwoStage,9176c2514b8a62105f4d2b8a22a8a0b0236c5b9feda58c18ef64cea917b98d9d,0.3333333333333333,0.26666666666666666,-0.06666666666666671,-0.1333333333333333
SB-OutcomeRouter,SB-Risk+TwoStage,986b3dff233a80cf0fd1c48f815600f49b95f83be0d9f898fee40d0a5c9dca63,0.24999999999999994,0.16666666666666663,-0.08333333333333333,0.08333333333333337
SB-OutcomeRouter,SB-Risk+TwoStage,a3e1c487338ecfe4ce59e1e8f0be7a20d0442476ad923022ec430bdb5470ee56,0.0,0.0,0.0,0.08333333333333337
SB-OutcomeRouter,SB-Risk+TwoStage,a992f0a563f4b0239708f4be6fa38192e6930b15387567b2d4a16568d4fa5671,0.08333333333333337,0.16666666666666669,0.08333333333333333,-0.16666666666666663
SB-OutcomeRouter,SB-Risk+TwoStage,b830bede73f505b84b88a6596e92c22a5a4c0ded1e275e8e5b28a599849d2df6,0.0,-0.033333333333333326,-0.033333333333333326,0.16666666666666666
SB-OutcomeRouter,SB-Risk+TwoStage,c8fa274849bf4beeb7c46b93a7de7a6242e5af2e9c83a395e8d0db16da5e81d8,0.13333333333333333,0.0,-0.1333333333333333,0.26666666666666666
SB-OutcomeRouter,SB-Risk+TwoStage,d6796d48077a08484abd1252e6deb387d8b6a10bf445e66c4e6eaa0bde0f7818,-0.6000000000000001,-0.2,0.39999999999999997,-0.4
SB-OutcomeRouter,SB-Risk+TwoStage,ddd84e646ab0cdd38c0f283802f28ac361a412492f3872c7f489b95bb55d53af,0.06666666666666665,0.06666666666666665,0.0,-0.06666666666666667
SB-OutcomeRouter,SB-Risk+TwoStage,f64d2a60c3b9cebc4b5e12f86f4978711b4ca1e7a3788d1756d078c45a1c1004,0.0,0.0,0.0,0.08333333333333337
Always Detour,SB-DirectQ,0815f4806fc9a4fbd58c6627c8b92fd77f1b80ad4b8b4cd6d0c6e0541d488a7b,0.0,0.0,0.0,0.0
Always Detour,SB-DirectQ,28c563172e6e13a0d3d84f1527243878c67a2140fa8c9a81ecb8b81ec9402dc8,0.6000000000000001,0.0,-0.6000000000000001,1.0
Always Detour,SB-DirectQ,2ef1381d9cfc0a92b107e2940bcf431c7494cd7067d032284f30a23c47b487cc,0.055555555555555525,0.055555555555555525,0.0,0.2222222222222222
Always Detour,SB-DirectQ,3f7887ee8820a4163a5033c81050731e85d1a310652a612f5b0ea5c450ec2043,0.0,0.0,0.0,0.0
Always Detour,SB-DirectQ,5de3fa5396875480db81793738029227ed357caa91e5d24290ffc5cb0371f908,0.0,0.0,0.0,0.8333333333333334
Always Detour,SB-DirectQ,61f6ada542d03d1dd4d75a304f2674efa20660163c54b012b956522e98835cac,-0.16666666666666669,-0.08333333333333337,0.08333333333333333,0.5
Always Detour,SB-DirectQ,6292759eb45913ce4ed8447194504833f347d9355012e3228775797a4b0a7cd1,0.41666666666666663,0.33333333333333337,-0.08333333333333333,0.5
Always Detour,SB-DirectQ,655347c9fb28aaf505e162e6bcad095d17e4bfee5506113825cfb3da6ca60845,-0.33333333333333337,-0.33333333333333337,0.0,0.75
Always Detour,SB-DirectQ,69fa7e93588c6aea4b134efa44633d38556ce1656b46df276021920a664881a3,0.19999999999999996,0.09999999999999998,-0.1,0.5666666666666667
Always Detour,SB-DirectQ,76fe1d96587ab928f6fb5d7750ecd048fd712eb3d66aa60feb972a3d9d56c9d1,-0.25,-0.16666666666666669,0.08333333333333334,0.41666666666666663
Always Detour,SB-DirectQ,821b498fc1fcb4e3c103635fa473d7577f718c4f633b273772954295c83ae585,-0.19999999999999998,-0.26666666666666666,-0.06666666666666665,0.8666666666666667
Always Detour,SB-DirectQ,9176c2514b8a62105f4d2b8a22a8a0b0236c5b9feda58c18ef64cea917b98d9d,-0.3333333333333333,-0.19999999999999996,0.13333333333333336,0.8666666666666667
Always Detour,SB-DirectQ,986b3dff233a80cf0fd1c48f815600f49b95f83be0d9f898fee40d0a5c9dca63,0.16666666666666669,0.0,-0.16666666666666669,0.75
Always Detour,SB-DirectQ,a3e1c487338ecfe4ce59e1e8f0be7a20d0442476ad923022ec430bdb5470ee56,0.5833333333333334,0.49999999999999994,-0.08333333333333333,0.8333333333333334
Always Detour,SB-DirectQ,a992f0a563f4b0239708f4be6fa38192e6930b15387567b2d4a16568d4fa5671,-0.08333333333333331,-0.08333333333333331,0.0,0.16666666666666663
Always Detour,SB-DirectQ,b830bede73f505b84b88a6596e92c22a5a4c0ded1e275e8e5b28a599849d2df6,-0.2,-0.23333333333333328,-0.033333333333333326,0.8
Always Detour,SB-DirectQ,c8fa274849bf4beeb7c46b93a7de7a6242e5af2e9c83a395e8d0db16da5e81d8,0.0,-0.2,-0.19999999999999998,0.8666666666666667
Always Detour,SB-DirectQ,d6796d48077a08484abd1252e6deb387d8b6a10bf445e66c4e6eaa0bde0f7818,1.2,0.4,-0.8,1.0
Always Detour,SB-DirectQ,ddd84e646ab0cdd38c0f283802f28ac361a412492f3872c7f489b95bb55d53af,0.0,-0.06666666666666665,-0.06666666666666667,0.8666666666666667
Always Detour,SB-DirectQ,f64d2a60c3b9cebc4b5e12f86f4978711b4ca1e7a3788d1756d078c45a1c1004,-0.4166666666666667,-0.33333333333333337,0.08333333333333333,0.5
Always Retreat,SB-DirectQ,0815f4806fc9a4fbd58c6627c8b92fd77f1b80ad4b8b4cd6d0c6e0541d488a7b,-0.5833333333333334,-0.5833333333333334,0.0,0.0
Always Retreat,SB-DirectQ,28c563172e6e13a0d3d84f1527243878c67a2140fa8c9a81ecb8b81ec9402dc8,-0.19999999999999996,0.0,0.19999999999999996,1.0
Always Retreat,SB-DirectQ,2ef1381d9cfc0a92b107e2940bcf431c7494cd7067d032284f30a23c47b487cc,-0.3888888888888889,-0.3888888888888889,0.0,0.2222222222222222
Always Retreat,SB-DirectQ,3f7887ee8820a4163a5033c81050731e85d1a310652a612f5b0ea5c450ec2043,0.0,0.0,0.0,0.0
Always Retreat,SB-DirectQ,5de3fa5396875480db81793738029227ed357caa91e5d24290ffc5cb0371f908,-0.3333333333333333,-0.5833333333333334,-0.25,0.8333333333333334
Always Retreat,SB-DirectQ,61f6ada542d03d1dd4d75a304f2674efa20660163c54b012b956522e98835cac,-0.5,-0.5833333333333334,-0.08333333333333333,0.5
Always Retreat,SB-DirectQ,6292759eb45913ce4ed8447194504833f347d9355012e3228775797a4b0a7cd1,-0.5833333333333334,-0.6666666666666666,-0.08333333333333333,0.5
Always Retreat,SB-DirectQ,655347c9fb28aaf505e162e6bcad095d17e4bfee5506113825cfb3da6ca60845,-0.4166666666666667,-0.5833333333333334,-0.16666666666666666,0.75
Always Retreat,SB-DirectQ,69fa7e93588c6aea4b134efa44633d38556ce1656b46df276021920a664881a3,-0.43333333333333335,-0.5666666666666667,-0.13333333333333333,0.5666666666666667
Always Retreat,SB-DirectQ,76fe1d96587ab928f6fb5d7750ecd048fd712eb3d66aa60feb972a3d9d56c9d1,-0.25,-0.4166666666666667,-0.16666666666666666,0.41666666666666663
Always Retreat,SB-DirectQ,821b498fc1fcb4e3c103635fa473d7577f718c4f633b273772954295c83ae585,-0.3333333333333333,-0.6,-0.26666666666666666,0.8666666666666667
Always Retreat,SB-DirectQ,9176c2514b8a62105f4d2b8a22a8a0b0236c5b9feda58c18ef64cea917b98d9d,-0.8,-0.6,0.2,0.8666666666666667
Always Retreat,SB-DirectQ,986b3dff233a80cf0fd1c48f815600f49b95f83be0d9f898fee40d0a5c9dca63,-0.5,-0.6666666666666666,-0.16666666666666669,0.75
Always Retreat,SB-DirectQ,a3e1c487338ecfe4ce59e1e8f0be7a20d0442476ad923022ec430bdb5470ee56,-0.25,-0.4166666666666667,-0.16666666666666666,0.8333333333333334
Always Retreat,SB-DirectQ,a992f0a563f4b0239708f4be6fa38192e6930b15387567b2d4a16568d4fa5671,-0.5,-0.5,0.0,0.16666666666666663
Always Retreat,SB-DirectQ,b830bede73f505b84b88a6596e92c22a5a4c0ded1e275e8e5b28a599849d2df6,-0.4666666666666667,-0.6666666666666666,-0.2,0.8
Always Retreat,SB-DirectQ,c8fa274849bf4beeb7c46b93a7de7a6242e5af2e9c83a395e8d0db16da5e81d8,-0.26666666666666666,-0.5333333333333333,-0.26666666666666666,0.8666666666666667
Always Retreat,SB-DirectQ,d6796d48077a08484abd1252e6deb387d8b6a10bf445e66c4e6eaa0bde0f7818,0.0,0.0,0.0,1.0
Always Retreat,SB-DirectQ,ddd84e646ab0cdd38c0f283802f28ac361a412492f3872c7f489b95bb55d53af,-0.26666666666666666,-0.3333333333333333,-0.06666666666666667,0.8666666666666667
Always Retreat,SB-DirectQ,f64d2a60c3b9cebc4b5e12f86f4978711b4ca1e7a3788d1756d078c45a1c1004,-0.5,-0.5833333333333334,-0.08333333333333333,0.5
Base,SB-DirectQ,0815f4806fc9a4fbd58c6627c8b92fd77f1b80ad4b8b4cd6d0c6e0541d488a7b,-0.25000000000000006,0.08333333333333326,0.3333333333333333,-1.0
Base,SB-DirectQ,28c563172e6e13a0d3d84f1527243878c67a2140fa8c9a81ecb8b81ec9402dc8,0.0,0.0,0.0,0.0
Base,SB-DirectQ,2ef1381d9cfc0a92b107e2940bcf431c7494cd7067d032284f30a23c47b487cc,-0.1111111111111111,0.22222222222222227,0.3333333333333333,-0.7777777777777778
Base,SB-DirectQ,3f7887ee8820a4163a5033c81050731e85d1a310652a612f5b0ea5c450ec2043,0.19999999999999996,0.0,-0.19999999999999996,-1.0
Base,SB-DirectQ,5de3fa5396875480db81793738029227ed357caa91e5d24290ffc5cb0371f908,-0.08333333333333331,0.0,0.08333333333333331,-0.16666666666666666
Base,SB-DirectQ,61f6ada542d03d1dd4d75a304f2674efa20660163c54b012b956522e98835cac,-0.16666666666666669,0.08333333333333326,0.25,-0.5
Base,SB-DirectQ,6292759eb45913ce4ed8447194504833f347d9355012e3228775797a4b0a7cd1,-0.25000000000000006,0.0,0.25,-0.5
Base,SB-DirectQ,655347c9fb28aaf505e162e6bcad095d17e4bfee5506113825cfb3da6ca60845,-0.16666666666666669,0.0,0.16666666666666666,-0.25
Base,SB-DirectQ,69fa7e93588c6aea4b134efa44633d38556ce1656b46df276021920a664881a3,-0.2,0.0,0.19999999999999998,-0.43333333333333335
Base,SB-DirectQ,76fe1d96587ab928f6fb5d7750ecd048fd712eb3d66aa60feb972a3d9d56c9d1,0.16666666666666669,0.24999999999999994,0.08333333333333334,-0.5833333333333334
Base,SB-DirectQ,821b498fc1fcb4e3c103635fa473d7577f718c4f633b273772954295c83ae585,-0.06666666666666665,0.0,0.06666666666666665,-0.13333333333333333
Base,SB-DirectQ,9176c2514b8a62105f4d2b8a22a8a0b0236c5b9feda58c18ef64cea917b98d9d,0.0,0.06666666666666665,0.06666666666666665,-0.13333333333333333
Base,SB-DirectQ,986b3dff233a80cf0fd1c48f815600f49b95f83be0d9f898fee40d0a5c9dca63,-0.16666666666666669,-0.08333333333333326,0.08333333333333331,-0.25
Base,SB-DirectQ,a3e1c487338ecfe4ce59e1e8f0be7a20d0442476ad923022ec430bdb5470ee56,-0.08333333333333334,0.0,0.08333333333333334,-0.16666666666666666
Base,SB-DirectQ,a992f0a563f4b0239708f4be6fa38192e6930b15387567b2d4a16568d4fa5671,-0.16666666666666669,0.16666666666666663,0.3333333333333333,-0.8333333333333334
Base,SB-DirectQ,b830bede73f505b84b88a6596e92c22a5a4c0ded1e275e8e5b28a599849d2df6,-0.10000000000000003,-0.033333333333333326,0.06666666666666665,-0.2
Base,SB-DirectQ,c8fa274849bf4beeb7c46b93a7de7a6242e5af2e9c83a395e8d0db16da5e81d8,0.06666666666666665,0.06666666666666665,0.0,-0.13333333333333333
Base,SB-DirectQ,d6796d48077a08484abd1252e6deb387d8b6a10bf445e66c4e6eaa0bde0f7818,0.0,0.0,0.0,0.0
Base,SB-DirectQ,ddd84e646ab0cdd38c0f283802f28ac361a412492f3872c7f489b95bb55d53af,0.1333333333333333,0.13333333333333336,0.0,-0.13333333333333333
Base,SB-DirectQ,f64d2a60c3b9cebc4b5e12f86f4978711b4ca1e7a3788d1756d078c45a1c1004,0.0,0.16666666666666663,0.16666666666666669,-0.5
Condition-only diagnostic,SB-DirectQ,0815f4806fc9a4fbd58c6627c8b92fd77f1b80ad4b8b4cd6d0c6e0541d488a7b,0.08333333333333326,0.08333333333333326,0.0,-0.6666666666666667
Condition-only diagnostic,SB-DirectQ,28c563172e6e13a0d3d84f1527243878c67a2140fa8c9a81ecb8b81ec9402dc8,-0.19999999999999996,0.0,0.19999999999999996,1.0
Condition-only diagnostic,SB-DirectQ,2ef1381d9cfc0a92b107e2940bcf431c7494cd7067d032284f30a23c47b487cc,0.22222222222222227,0.22222222222222227,0.0,-0.4444444444444445
Condition-only diagnostic,SB-DirectQ,3f7887ee8820a4163a5033c81050731e85d1a310652a612f5b0ea5c450ec2043,0.0,0.0,0.0,0.0
Condition-only diagnostic,SB-DirectQ,5de3fa5396875480db81793738029227ed357caa91e5d24290ffc5cb0371f908,0.0,0.0,0.0,0.16666666666666666
Condition-only diagnostic,SB-DirectQ,61f6ada542d03d1dd4d75a304f2674efa20660163c54b012b956522e98835cac,0.0,0.08333333333333326,0.08333333333333333,-0.16666666666666669
Condition-only diagnostic,SB-DirectQ,6292759eb45913ce4ed8447194504833f347d9355012e3228775797a4b0a7cd1,0.41666666666666663,0.33333333333333337,-0.08333333333333333,-0.16666666666666669
Condition-only diagnostic,SB-DirectQ,655347c9fb28aaf505e162e6bcad095d17e4bfee5506113825cfb3da6ca60845,0.0,0.0,0.0,0.08333333333333331
Condition-only diagnostic,SB-DirectQ,69fa7e93588c6aea4b134efa44633d38556ce1656b46df276021920a664881a3,0.1333333333333333,0.0,-0.13333333333333333,-0.10000000000000003
Condition-only diagnostic,SB-DirectQ,76fe1d96587ab928f6fb5d7750ecd048fd712eb3d66aa60feb972a3d9d56c9d1,0.16666666666666669,0.24999999999999994,0.08333333333333334,-0.25000000000000006
Condition-only diagnostic,SB-DirectQ,821b498fc1fcb4e3c103635fa473d7577f718c4f633b273772954295c83ae585,0.26666666666666666,0.0,-0.26666666666666666,0.19999999999999998
Condition-only diagnostic,SB-DirectQ,9176c2514b8a62105f4d2b8a22a8a0b0236c5b9feda58c18ef64cea917b98d9d,0.39999999999999997,0.2666666666666667,-0.13333333333333333,0.19999999999999998
Condition-only diagnostic,SB-DirectQ,986b3dff233a80cf0fd1c48f815600f49b95f83be0d9f898fee40d0a5c9dca63,0.3333333333333333,0.16666666666666674,-0.16666666666666669,0.08333333333333331
Condition-only diagnostic,SB-DirectQ,a3e1c487338ecfe4ce59e1e8f0be7a20d0442476ad923022ec430bdb5470ee56,0.16666666666666669,0.0,-0.16666666666666666,0.16666666666666666
Condition-only diagnostic,SB-DirectQ,a992f0a563f4b0239708f4be6fa38192e6930b15387567b2d4a16568d4fa5671,0.16666666666666663,0.16666666666666663,0.0,-0.5
Condition-only diagnostic,SB-DirectQ,b830bede73f505b84b88a6596e92c22a5a4c0ded1e275e8e5b28a599849d2df6,0.0,-0.033333333333333326,-0.033333333333333326,0.1333333333333333
Condition-only diagnostic,SB-DirectQ,c8fa274849bf4beeb7c46b93a7de7a6242e5af2e9c83a395e8d0db16da5e81d8,0.26666666666666666,0.06666666666666665,-0.19999999999999998,0.19999999999999998
Condition-only diagnostic,SB-DirectQ,d6796d48077a08484abd1252e6deb387d8b6a10bf445e66c4e6eaa0bde0f7818,0.0,0.0,0.0,1.0
Condition-only diagnostic,SB-DirectQ,ddd84e646ab0cdd38c0f283802f28ac361a412492f3872c7f489b95bb55d53af,0.2,0.13333333333333336,-0.06666666666666667,0.19999999999999998
Condition-only diagnostic,SB-DirectQ,f64d2a60c3b9cebc4b5e12f86f4978711b4ca1e7a3788d1756d078c45a1c1004,0.0,0.08333333333333326,0.08333333333333333,-0.16666666666666669
DirectChoice,SB-DirectQ,0815f4806fc9a4fbd58c6627c8b92fd77f1b80ad4b8b4cd6d0c6e0541d488a7b,0.08333333333333326,0.08333333333333326,0.0,-0.16666666666666663
DirectChoice,SB-DirectQ,28c563172e6e13a0d3d84f1527243878c67a2140fa8c9a81ecb8b81ec9402dc8,0.0,0.0,0.0,0.0
DirectChoice,SB-DirectQ,2ef1381d9cfc0a92b107e2940bcf431c7494cd7067d032284f30a23c47b487cc,-0.05555555555555558,0.055555555555555525,0.1111111111111111,-0.2222222222222222
DirectChoice,SB-DirectQ,3f7887ee8820a4163a5033c81050731e85d1a310652a612f5b0ea5c450ec2043,0.19999999999999996,0.0,-0.19999999999999996,-0.6
DirectChoice,SB-DirectQ,5de3fa5396875480db81793738029227ed357caa91e5d24290ffc5cb0371f908,0.08333333333333337,0.08333333333333326,0.0,0.5833333333333334
DirectChoice,SB-DirectQ,61f6ada542d03d1dd4d75a304f2674efa20660163c54b012b956522e98835cac,-0.16666666666666669,-0.08333333333333337,0.08333333333333333,0.16666666666666663
DirectChoice,SB-DirectQ,6292759eb45913ce4ed8447194504833f347d9355012e3228775797a4b0a7cd1,0.0,-0.08333333333333326,-0.08333333333333333,0.16666666666666663
DirectChoice,SB-DirectQ,655347c9fb28aaf505e162e6bcad095d17e4bfee5506113825cfb3da6ca60845,-0.08333333333333337,-0.16666666666666669,-0.08333333333333333,0.33333333333333337
DirectChoice,SB-DirectQ,69fa7e93588c6aea4b134efa44633d38556ce1656b46df276021920a664881a3,-0.2,0.0,0.19999999999999998,-0.43333333333333335
DirectChoice,SB-DirectQ,76fe1d96587ab928f6fb5d7750ecd048fd712eb3d66aa60feb972a3d9d56c9d1,0.16666666666666669,0.16666666666666669,0.0,-0.25000000000000006
DirectChoice,SB-DirectQ,821b498fc1fcb4e3c103635fa473d7577f718c4f633b273772954295c83ae585,-0.1333333333333333,-0.19999999999999996,-0.06666666666666665,0.33333333333333337
DirectChoice,SB-DirectQ,9176c2514b8a62105f4d2b8a22a8a0b0236c5b9feda58c18ef64cea917b98d9d,0.0,0.0,0.0,0.19999999999999998
DirectChoice,SB-DirectQ,986b3dff233a80cf0fd1c48f815600f49b95f83be0d9f898fee40d0a5c9dca63,0.24999999999999994,0.08333333333333337,-0.16666666666666669,0.08333333333333331
DirectChoice,SB-DirectQ,a3e1c487338ecfe4ce59e1e8f0be7a20d0442476ad923022ec430bdb5470ee56,0.33333333333333337,0.3333333333333333,0.0,0.33333333333333337
DirectChoice,SB-DirectQ,a992f0a563f4b0239708f4be6fa38192e6930b15387567b2d4a16568d4fa5671,0.0,0.0,0.0,-0.08333333333333337
DirectChoice,SB-DirectQ,b830bede73f505b84b88a6596e92c22a5a4c0ded1e275e8e5b28a599849d2df6,-0.033333333333333326,-0.06666666666666665,-0.033333333333333326,0.09999999999999998
DirectChoice,SB-DirectQ,c8fa274849bf4beeb7c46b93a7de7a6242e5af2e9c83a395e8d0db16da5e81d8,0.0,-0.06666666666666665,-0.06666666666666665,0.4
DirectChoice,SB-DirectQ,d6796d48077a08484abd1252e6deb387d8b6a10bf445e66c4e6eaa0bde0f7818,0.4,0.2,-0.19999999999999996,0.2
DirectChoice,SB-DirectQ,ddd84e646ab0cdd38c0f283802f28ac361a412492f3872c7f489b95bb55d53af,0.1333333333333333,0.13333333333333336,0.0,-0.13333333333333333
DirectChoice,SB-DirectQ,f64d2a60c3b9cebc4b5e12f86f4978711b4ca1e7a3788d1756d078c45a1c1004,0.0,0.0,0.0,0.0
DirectQ,SB-DirectQ,0815f4806fc9a4fbd58c6627c8b92fd77f1b80ad4b8b4cd6d0c6e0541d488a7b,0.0,0.0,0.0,0.0
DirectQ,SB-DirectQ,28c563172e6e13a0d3d84f1527243878c67a2140fa8c9a81ecb8b81ec9402dc8,0.0,0.0,0.0,0.0
DirectQ,SB-DirectQ,2ef1381d9cfc0a92b107e2940bcf431c7494cd7067d032284f30a23c47b487cc,0.0,0.0,0.0,0.0
DirectQ,SB-DirectQ,3f7887ee8820a4163a5033c81050731e85d1a310652a612f5b0ea5c450ec2043,0.19999999999999996,0.0,-0.19999999999999996,-0.19999999999999996
DirectQ,SB-DirectQ,5de3fa5396875480db81793738029227ed357caa91e5d24290ffc5cb0371f908,-0.08333333333333331,0.0,0.08333333333333331,0.41666666666666674
DirectQ,SB-DirectQ,61f6ada542d03d1dd4d75a304f2674efa20660163c54b012b956522e98835cac,-0.08333333333333331,0.0,0.08333333333333333,0.16666666666666663
DirectQ,SB-DirectQ,6292759eb45913ce4ed8447194504833f347d9355012e3228775797a4b0a7cd1,0.0,0.0,0.0,0.0
DirectQ,SB-DirectQ,655347c9fb28aaf505e162e6bcad095d17e4bfee5506113825cfb3da6ca60845,-0.08333333333333337,-0.08333333333333337,0.0,0.08333333333333331
DirectQ,SB-DirectQ,69fa7e93588c6aea4b134efa44633d38556ce1656b46df276021920a664881a3,0.033333333333333326,0.033333333333333326,0.0,-0.13333333333333336
DirectQ,SB-DirectQ,76fe1d96587ab928f6fb5d7750ecd048fd712eb3d66aa60feb972a3d9d56c9d1,0.08333333333333331,0.08333333333333331,0.0,-0.08333333333333337
DirectQ,SB-DirectQ,821b498fc1fcb4e3c103635fa473d7577f718c4f633b273772954295c83ae585,0.0,0.0,0.0,0.06666666666666668
DirectQ,SB-DirectQ,9176c2514b8a62105f4d2b8a22a8a0b0236c5b9feda58c18ef64cea917b98d9d,0.0,0.0,0.0,0.0
DirectQ,SB-DirectQ,986b3dff233a80cf0fd1c48f815600f49b95f83be0d9f898fee40d0a5c9dca63,0.0,0.0,0.0,0.0
DirectQ,SB-DirectQ,a3e1c487338ecfe4ce59e1e8f0be7a20d0442476ad923022ec430bdb5470ee56,0.0,0.08333333333333331,0.08333333333333334,0.16666666666666666
DirectQ,SB-DirectQ,a992f0a563f4b0239708f4be6fa38192e6930b15387567b2d4a16568d4fa5671,0.0,0.0,0.0,0.0
DirectQ,SB-DirectQ,b830bede73f505b84b88a6596e92c22a5a4c0ded1e275e8e5b28a599849d2df6,0.033333333333333326,0.0,-0.033333333333333326,0.06666666666666665
DirectQ,SB-DirectQ,c8fa274849bf4beeb7c46b93a7de7a6242e5af2e9c83a395e8d0db16da5e81d8,0.06666666666666665,0.06666666666666665,0.0,-0.06666666666666667
DirectQ,SB-DirectQ,d6796d48077a08484abd1252e6deb387d8b6a10bf445e66c4e6eaa0bde0f7818,0.0,0.0,0.0,0.0
DirectQ,SB-DirectQ,ddd84e646ab0cdd38c0f283802f28ac361a412492f3872c7f489b95bb55d53af,0.0,0.0,0.0,0.0
DirectQ,SB-DirectQ,f64d2a60c3b9cebc4b5e12f86f4978711b4ca1e7a3788d1756d078c45a1c1004,-0.08333333333333331,-0.08333333333333337,0.0,0.08333333333333337
Horizon-only diagnostic,SB-DirectQ,0815f4806fc9a4fbd58c6627c8b92fd77f1b80ad4b8b4cd6d0c6e0541d488a7b,-0.08333333333333337,0.08333333333333326,0.16666666666666666,-0.5
Horizon-only diagnostic,SB-DirectQ,28c563172e6e13a0d3d84f1527243878c67a2140fa8c9a81ecb8b81ec9402dc8,0.4,0.0,-0.4,0.6
Horizon-only diagnostic,SB-DirectQ,2ef1381d9cfc0a92b107e2940bcf431c7494cd7067d032284f30a23c47b487cc,-0.05555555555555558,0.16666666666666669,0.2222222222222222,-0.4444444444444445
Horizon-only diagnostic,SB-DirectQ,3f7887ee8820a4163a5033c81050731e85d1a310652a612f5b0ea5c450ec2043,0.0,0.0,0.0,-0.4
Horizon-only diagnostic,SB-DirectQ,5de3fa5396875480db81793738029227ed357caa91e5d24290ffc5cb0371f908,-0.08333333333333331,0.0,0.08333333333333331,0.33333333333333337
Horizon-only diagnostic,SB-DirectQ,61f6ada542d03d1dd4d75a304f2674efa20660163c54b012b956522e98835cac,-0.16666666666666669,0.0,0.16666666666666669,0.0
Horizon-only diagnostic,SB-DirectQ,6292759eb45913ce4ed8447194504833f347d9355012e3228775797a4b0a7cd1,-0.08333333333333337,0.08333333333333337,0.16666666666666669,-0.25
Horizon-only diagnostic,SB-DirectQ,655347c9fb28aaf505e162e6bcad095d17e4bfee5506113825cfb3da6ca60845,-0.25,-0.16666666666666669,0.08333333333333334,0.25
Horizon-only diagnostic,SB-DirectQ,69fa7e93588c6aea4b134efa44633d38556ce1656b46df276021920a664881a3,0.06666666666666665,0.06666666666666665,0.0,0.16666666666666663
Horizon-only diagnostic,SB-DirectQ,76fe1d96587ab928f6fb5d7750ecd048fd712eb3d66aa60feb972a3d9d56c9d1,0.08333333333333331,0.08333333333333331,0.0,-0.08333333333333337
Horizon-only diagnostic,SB-DirectQ,821b498fc1fcb4e3c103635fa473d7577f718c4f633b273772954295c83ae585,-0.26666666666666666,-0.19999999999999996,0.06666666666666665,0.2666666666666667
Horizon-only diagnostic,SB-DirectQ,9176c2514b8a62105f4d2b8a22a8a0b0236c5b9feda58c18ef64cea917b98d9d,-0.19999999999999998,-0.06666666666666665,0.13333333333333336,0.2666666666666667
Horizon-only diagnostic,SB-DirectQ,986b3dff233a80cf0fd1c48f815600f49b95f83be0d9f898fee40d0a5c9dca63,0.16666666666666669,0.08333333333333337,-0.08333333333333334,0.25
Horizon-only diagnostic,SB-DirectQ,a3e1c487338ecfe4ce59e1e8f0be7a20d0442476ad923022ec430bdb5470ee56,0.08333333333333331,0.16666666666666669,0.08333333333333334,0.33333333333333337
Horizon-only diagnostic,SB-DirectQ,a992f0a563f4b0239708f4be6fa38192e6930b15387567b2d4a16568d4fa5671,-0.16666666666666669,0.0,0.16666666666666666,-0.33333333333333337
Horizon-only diagnostic,SB-DirectQ,b830bede73f505b84b88a6596e92c22a5a4c0ded1e275e8e5b28a599849d2df6,-0.13333333333333336,-0.1333333333333333,0.0,0.39999999999999997
Horizon-only diagnostic,SB-DirectQ,c8fa274849bf4beeb7c46b93a7de7a6242e5af2e9c83a395e8d0db16da5e81d8,0.06666666666666665,0.06666666666666665,0.0,-0.13333333333333333
Horizon-only diagnostic,SB-DirectQ,d6796d48077a08484abd1252e6deb387d8b6a10bf445e66c4e6eaa0bde0f7818,0.6,0.2,-0.4,0.4
Horizon-only diagnostic,SB-DirectQ,ddd84e646ab0cdd38c0f283802f28ac361a412492f3872c7f489b95bb55d53af,0.06666666666666665,0.0,-0.06666666666666667,0.4666666666666667
Horizon-only diagnostic,SB-DirectQ,f64d2a60c3b9cebc4b5e12f86f4978711b4ca1e7a3788d1756d078c45a1c1004,-0.16666666666666669,-0.08333333333333337,0.08333333333333333,0.0
OutcomeRouter,SB-DirectQ,0815f4806fc9a4fbd58c6627c8b92fd77f1b80ad4b8b4cd6d0c6e0541d488a7b,0.08333333333333326,0.08333333333333326,0.0,-0.33333333333333337
OutcomeRouter,SB-DirectQ,28c563172e6e13a0d3d84f1527243878c67a2140fa8c9a81ecb8b81ec9402dc8,0.0,0.0,0.0,0.0
OutcomeRouter,SB-DirectQ,2ef1381d9cfc0a92b107e2940bcf431c7494cd7067d032284f30a23c47b487cc,0.055555555555555525,0.1111111111111111,0.05555555555555555,-0.16666666666666663
OutcomeRouter,SB-DirectQ,3f7887ee8820a4163a5033c81050731e85d1a310652a612f5b0ea5c450ec2043,0.0,0.0,0.0,0.0
OutcomeRouter,SB-DirectQ,5de3fa5396875480db81793738029227ed357caa91e5d24290ffc5cb0371f908,-0.08333333333333331,0.0,0.08333333333333331,0.0
OutcomeRouter,SB-DirectQ,61f6ada542d03d1dd4d75a304f2674efa20660163c54b012b956522e98835cac,-0.08333333333333331,0.0,0.08333333333333333,-0.08333333333333331
OutcomeRouter,SB-DirectQ,6292759eb45913ce4ed8447194504833f347d9355012e3228775797a4b0a7cd1,0.08333333333333326,0.0,-0.08333333333333333,0.08333333333333337
OutcomeRouter,SB-DirectQ,655347c9fb28aaf505e162e6bcad095d17e4bfee5506113825cfb3da6ca60845,0.0,0.0,0.0,0.0
OutcomeRouter,SB-DirectQ,69fa7e93588c6aea4b134efa44633d38556ce1656b46df276021920a664881a3,0.1333333333333333,0.033333333333333326,-0.1,0.29999999999999993
OutcomeRouter,SB-DirectQ,76fe1d96587ab928f6fb5d7750ecd048fd712eb3d66aa60feb972a3d9d56c9d1,0.25,0.24999999999999994,0.0,-0.33333333333333337
OutcomeRouter,SB-DirectQ,821b498fc1fcb4e3c103635fa473d7577f718c4f633b273772954295c83ae585,-0.06666666666666665,-0.1333333333333333,-0.06666666666666665,0.4666666666666667
OutcomeRouter,SB-DirectQ,9176c2514b8a62105f4d2b8a22a8a0b0236c5b9feda58c18ef64cea917b98d9d,-0.06666666666666665,0.0,0.06666666666666665,0.2666666666666667
OutcomeRouter,SB-DirectQ,986b3dff233a80cf0fd1c48f815600f49b95f83be0d9f898fee40d0a5c9dca63,0.24999999999999994,0.08333333333333337,-0.16666666666666669,0.16666666666666669
OutcomeRouter,SB-DirectQ,a3e1c487338ecfe4ce59e1e8f0be7a20d0442476ad923022ec430bdb5470ee56,0.0,0.08333333333333331,0.08333333333333334,0.16666666666666666
OutcomeRouter,SB-DirectQ,a992f0a563f4b0239708f4be6fa38192e6930b15387567b2d4a16568d4fa5671,-0.08333333333333331,0.0,0.08333333333333333,-0.08333333333333337
OutcomeRouter,SB-DirectQ,b830bede73f505b84b88a6596e92c22a5a4c0ded1e275e8e5b28a599849d2df6,0.0,-0.033333333333333326,-0.033333333333333326,0.0
OutcomeRouter,SB-DirectQ,c8fa274849bf4beeb7c46b93a7de7a6242e5af2e9c83a395e8d0db16da5e81d8,0.0,-0.1333333333333333,-0.1333333333333333,0.5333333333333333
OutcomeRouter,SB-DirectQ,d6796d48077a08484abd1252e6deb387d8b6a10bf445e66c4e6eaa0bde0f7818,1.2,0.4,-0.8,1.0
OutcomeRouter,SB-DirectQ,ddd84e646ab0cdd38c0f283802f28ac361a412492f3872c7f489b95bb55d53af,0.0,0.0,0.0,0.06666666666666668
OutcomeRouter,SB-DirectQ,f64d2a60c3b9cebc4b5e12f86f4978711b4ca1e7a3788d1756d078c45a1c1004,-0.08333333333333331,0.0,0.08333333333333333,-0.08333333333333331
OutcomeRouter-hidden-only,SB-DirectQ,0815f4806fc9a4fbd58c6627c8b92fd77f1b80ad4b8b4cd6d0c6e0541d488a7b,0.08333333333333326,0.08333333333333326,0.0,-0.33333333333333337
OutcomeRouter-hidden-only,SB-DirectQ,28c563172e6e13a0d3d84f1527243878c67a2140fa8c9a81ecb8b81ec9402dc8,0.20000000000000007,0.0,-0.20000000000000007,0.6
OutcomeRouter-hidden-only,SB-DirectQ,2ef1381d9cfc0a92b107e2940bcf431c7494cd7067d032284f30a23c47b487cc,0.0,0.1111111111111111,0.1111111111111111,-0.33333333333333337
OutcomeRouter-hidden-only,SB-DirectQ,3f7887ee8820a4163a5033c81050731e85d1a310652a612f5b0ea5c450ec2043,0.0,0.0,0.0,0.0
OutcomeRouter-hidden-only,SB-DirectQ,5de3fa5396875480db81793738029227ed357caa91e5d24290ffc5cb0371f908,0.0,0.0,0.0,0.0
OutcomeRouter-hidden-only,SB-DirectQ,61f6ada542d03d1dd4d75a304f2674efa20660163c54b012b956522e98835cac,0.08333333333333337,0.0,-0.08333333333333333,0.0
OutcomeRouter-hidden-only,SB-DirectQ,6292759eb45913ce4ed8447194504833f347d9355012e3228775797a4b0a7cd1,0.16666666666666663,0.16666666666666674,0.0,-0.25
OutcomeRouter-hidden-only,SB-DirectQ,655347c9fb28aaf505e162e6bcad095d17e4bfee5506113825cfb3da6ca60845,-0.08333333333333337,-0.16666666666666669,-0.08333333333333333,0.41666666666666663
OutcomeRouter-hidden-only,SB-DirectQ,69fa7e93588c6aea4b134efa44633d38556ce1656b46df276021920a664881a3,0.16666666666666663,0.033333333333333326,-0.13333333333333333,0.3666666666666667
OutcomeRouter-hidden-only,SB-DirectQ,76fe1d96587ab928f6fb5d7750ecd048fd712eb3d66aa60feb972a3d9d56c9d1,0.08333333333333331,0.08333333333333331,0.0,-0.08333333333333337
OutcomeRouter-hidden-only,SB-DirectQ,821b498fc1fcb4e3c103635fa473d7577f718c4f633b273772954295c83ae585,-0.1333333333333333,-0.19999999999999996,-0.06666666666666665,0.4666666666666667
OutcomeRouter-hidden-only,SB-DirectQ,9176c2514b8a62105f4d2b8a22a8a0b0236c5b9feda58c18ef64cea917b98d9d,-0.1333333333333333,-0.06666666666666665,0.06666666666666665,0.33333333333333337
OutcomeRouter-hidden-only,SB-DirectQ,986b3dff233a80cf0fd1c48f815600f49b95f83be0d9f898fee40d0a5c9dca63,0.16666666666666669,0.0,-0.16666666666666669,0.33333333333333337
OutcomeRouter-hidden-only,SB-DirectQ,a3e1c487338ecfe4ce59e1e8f0be7a20d0442476ad923022ec430bdb5470ee56,0.25,0.24999999999999994,0.0,0.41666666666666674
OutcomeRouter-hidden-only,SB-DirectQ,a992f0a563f4b0239708f4be6fa38192e6930b15387567b2d4a16568d4fa5671,-0.08333333333333331,0.0,0.08333333333333333,-0.16666666666666674
OutcomeRouter-hidden-only,SB-DirectQ,b830bede73f505b84b88a6596e92c22a5a4c0ded1e275e8e5b28a599849d2df6,0.0,-0.09999999999999998,-0.1,0.39999999999999997
OutcomeRouter-hidden-only,SB-DirectQ,c8fa274849bf4beeb7c46b93a7de7a6242e5af2e9c83a395e8d0db16da5e81d8,0.06666666666666665,0.0,-0.06666666666666665,0.06666666666666668
OutcomeRouter-hidden-only,SB-DirectQ,d6796d48077a08484abd1252e6deb387d8b6a10bf445e66c4e6eaa0bde0f7818,0.6,0.2,-0.4,0.4
OutcomeRouter-hidden-only,SB-DirectQ,ddd84e646ab0cdd38c0f283802f28ac361a412492f3872c7f489b95bb55d53af,0.0,0.0,0.0,0.19999999999999998
OutcomeRouter-hidden-only,SB-DirectQ,f64d2a60c3b9cebc4b5e12f86f4978711b4ca1e7a3788d1756d078c45a1c1004,0.0,0.0,0.0,-0.08333333333333331
OutcomeRouter-state-action-only,SB-DirectQ,0815f4806fc9a4fbd58c6627c8b92fd77f1b80ad4b8b4cd6d0c6e0541d488a7b,0.0,0.0,0.0,0.0
OutcomeRouter-state-action-only,SB-DirectQ,28c563172e6e13a0d3d84f1527243878c67a2140fa8c9a81ecb8b81ec9402dc8,0.0,0.0,0.0,0.0
OutcomeRouter-state-action-only,SB-DirectQ,2ef1381d9cfc0a92b107e2940bcf431c7494cd7067d032284f30a23c47b487cc,-0.16666666666666669,0.1111111111111111,0.2777777777777778,-0.5
OutcomeRouter-state-action-only,SB-DirectQ,3f7887ee8820a4163a5033c81050731e85d1a310652a612f5b0ea5c450ec2043,0.0,0.0,0.0,0.0
OutcomeRouter-state-action-only,SB-DirectQ,5de3fa5396875480db81793738029227ed357caa91e5d24290ffc5cb0371f908,-0.08333333333333331,0.0,0.08333333333333331,0.25
OutcomeRouter-state-action-only,SB-DirectQ,61f6ada542d03d1dd4d75a304f2674efa20660163c54b012b956522e98835cac,-0.16666666666666669,0.08333333333333326,0.25,-0.4166666666666667
OutcomeRouter-state-action-only,SB-DirectQ,6292759eb45913ce4ed8447194504833f347d9355012e3228775797a4b0a7cd1,-0.25000000000000006,0.0,0.25,-0.5
OutcomeRouter-state-action-only,SB-DirectQ,655347c9fb28aaf505e162e6bcad095d17e4bfee5506113825cfb3da6ca60845,-0.25,-0.08333333333333337,0.16666666666666666,0.0
OutcomeRouter-state-action-only,SB-DirectQ,69fa7e93588c6aea4b134efa44633d38556ce1656b46df276021920a664881a3,-0.2,0.0,0.19999999999999998,-0.43333333333333335
OutcomeRouter-state-action-only,SB-DirectQ,76fe1d96587ab928f6fb5d7750ecd048fd712eb3d66aa60feb972a3d9d56c9d1,0.08333333333333331,0.24999999999999994,0.16666666666666666,-0.16666666666666669
OutcomeRouter-state-action-only,SB-DirectQ,821b498fc1fcb4e3c103635fa473d7577f718c4f633b273772954295c83ae585,-0.1333333333333333,-0.19999999999999996,-0.06666666666666665,0.6666666666666667
OutcomeRouter-state-action-only,SB-DirectQ,9176c2514b8a62105f4d2b8a22a8a0b0236c5b9feda58c18ef64cea917b98d9d,0.0,0.06666666666666665,0.06666666666666665,0.06666666666666668
OutcomeRouter-state-action-only,SB-DirectQ,986b3dff233a80cf0fd1c48f815600f49b95f83be0d9f898fee40d0a5c9dca63,-0.16666666666666669,-0.08333333333333326,0.08333333333333331,-0.25
OutcomeRouter-state-action-only,SB-DirectQ,a3e1c487338ecfe4ce59e1e8f0be7a20d0442476ad923022ec430bdb5470ee56,0.0,0.08333333333333331,0.08333333333333334,0.16666666666666666
OutcomeRouter-state-action-only,SB-DirectQ,a992f0a563f4b0239708f4be6fa38192e6930b15387567b2d4a16568d4fa5671,0.08333333333333337,0.08333333333333337,0.0,-0.16666666666666674
OutcomeRouter-state-action-only,SB-DirectQ,b830bede73f505b84b88a6596e92c22a5a4c0ded1e275e8e5b28a599849d2df6,-0.06666666666666671,-0.06666666666666665,0.0,0.26666666666666666
OutcomeRouter-state-action-only,SB-DirectQ,c8fa274849bf4beeb7c46b93a7de7a6242e5af2e9c83a395e8d0db16da5e81d8,0.06666666666666665,0.06666666666666665,0.0,-0.13333333333333333
OutcomeRouter-state-action-only,SB-DirectQ,d6796d48077a08484abd1252e6deb387d8b6a10bf445e66c4e6eaa0bde0f7818,1.2,0.4,-0.8,1.0
OutcomeRouter-state-action-only,SB-DirectQ,ddd84e646ab0cdd38c0f283802f28ac361a412492f3872c7f489b95bb55d53af,0.06666666666666665,0.06666666666666671,0.0,0.19999999999999998
OutcomeRouter-state-action-only,SB-DirectQ,f64d2a60c3b9cebc4b5e12f86f4978711b4ca1e7a3788d1756d078c45a1c1004,-0.4166666666666667,-0.25000000000000006,0.16666666666666669,0.33333333333333337
PairwiseAdvantage,SB-DirectQ,0815f4806fc9a4fbd58c6627c8b92fd77f1b80ad4b8b4cd6d0c6e0541d488a7b,0.0,0.0,0.0,0.0
PairwiseAdvantage,SB-DirectQ,28c563172e6e13a0d3d84f1527243878c67a2140fa8c9a81ecb8b81ec9402dc8,0.0,0.0,0.0,0.0
PairwiseAdvantage,SB-DirectQ,2ef1381d9cfc0a92b107e2940bcf431c7494cd7067d032284f30a23c47b487cc,0.0,0.0,0.0,0.0
PairwiseAdvantage,SB-DirectQ,3f7887ee8820a4163a5033c81050731e85d1a310652a612f5b0ea5c450ec2043,0.19999999999999996,0.0,-0.19999999999999996,-0.19999999999999996
PairwiseAdvantage,SB-DirectQ,5de3fa5396875480db81793738029227ed357caa91e5d24290ffc5cb0371f908,-0.08333333333333331,0.0,0.08333333333333331,0.41666666666666674
PairwiseAdvantage,SB-DirectQ,61f6ada542d03d1dd4d75a304f2674efa20660163c54b012b956522e98835cac,-0.08333333333333331,0.0,0.08333333333333333,0.16666666666666663
PairwiseAdvantage,SB-DirectQ,6292759eb45913ce4ed8447194504833f347d9355012e3228775797a4b0a7cd1,0.0,0.0,0.0,0.0
PairwiseAdvantage,SB-DirectQ,655347c9fb28aaf505e162e6bcad095d17e4bfee5506113825cfb3da6ca60845,-0.08333333333333337,-0.08333333333333337,0.0,0.08333333333333331
PairwiseAdvantage,SB-DirectQ,69fa7e93588c6aea4b134efa44633d38556ce1656b46df276021920a664881a3,0.033333333333333326,0.033333333333333326,0.0,-0.13333333333333336
PairwiseAdvantage,SB-DirectQ,76fe1d96587ab928f6fb5d7750ecd048fd712eb3d66aa60feb972a3d9d56c9d1,0.08333333333333331,0.08333333333333331,0.0,-0.08333333333333337
PairwiseAdvantage,SB-DirectQ,821b498fc1fcb4e3c103635fa473d7577f718c4f633b273772954295c83ae585,0.0,0.0,0.0,0.06666666666666668
PairwiseAdvantage,SB-DirectQ,9176c2514b8a62105f4d2b8a22a8a0b0236c5b9feda58c18ef64cea917b98d9d,0.0,0.0,0.0,0.0
PairwiseAdvantage,SB-DirectQ,986b3dff233a80cf0fd1c48f815600f49b95f83be0d9f898fee40d0a5c9dca63,0.0,0.0,0.0,0.0
PairwiseAdvantage,SB-DirectQ,a3e1c487338ecfe4ce59e1e8f0be7a20d0442476ad923022ec430bdb5470ee56,0.0,0.08333333333333331,0.08333333333333334,0.16666666666666666
PairwiseAdvantage,SB-DirectQ,a992f0a563f4b0239708f4be6fa38192e6930b15387567b2d4a16568d4fa5671,0.0,0.0,0.0,0.0
PairwiseAdvantage,SB-DirectQ,b830bede73f505b84b88a6596e92c22a5a4c0ded1e275e8e5b28a599849d2df6,0.033333333333333326,0.0,-0.033333333333333326,0.06666666666666665
PairwiseAdvantage,SB-DirectQ,c8fa274849bf4beeb7c46b93a7de7a6242e5af2e9c83a395e8d0db16da5e81d8,0.06666666666666665,0.06666666666666665,0.0,-0.06666666666666667
PairwiseAdvantage,SB-DirectQ,d6796d48077a08484abd1252e6deb387d8b6a10bf445e66c4e6eaa0bde0f7818,0.0,0.0,0.0,0.0
PairwiseAdvantage,SB-DirectQ,ddd84e646ab0cdd38c0f283802f28ac361a412492f3872c7f489b95bb55d53af,0.0,0.0,0.0,0.0
PairwiseAdvantage,SB-DirectQ,f64d2a60c3b9cebc4b5e12f86f4978711b4ca1e7a3788d1756d078c45a1c1004,-0.08333333333333331,-0.08333333333333337,0.0,0.08333333333333337
Risk+TwoStage,SB-DirectQ,0815f4806fc9a4fbd58c6627c8b92fd77f1b80ad4b8b4cd6d0c6e0541d488a7b,0.0,0.08333333333333326,0.08333333333333333,-0.5
Risk+TwoStage,SB-DirectQ,28c563172e6e13a0d3d84f1527243878c67a2140fa8c9a81ecb8b81ec9402dc8,-0.19999999999999996,0.0,0.19999999999999996,1.0
Risk+TwoStage,SB-DirectQ,2ef1381d9cfc0a92b107e2940bcf431c7494cd7067d032284f30a23c47b487cc,0.0,0.22222222222222227,0.2222222222222222,-0.5
Risk+TwoStage,SB-DirectQ,3f7887ee8820a4163a5033c81050731e85d1a310652a612f5b0ea5c450ec2043,0.0,0.0,0.0,0.0
Risk+TwoStage,SB-DirectQ,5de3fa5396875480db81793738029227ed357caa91e5d24290ffc5cb0371f908,0.08333333333333337,0.08333333333333326,0.0,0.41666666666666674
Risk+TwoStage,SB-DirectQ,61f6ada542d03d1dd4d75a304f2674efa20660163c54b012b956522e98835cac,0.0,-0.08333333333333337,-0.08333333333333333,0.16666666666666663
Risk+TwoStage,SB-DirectQ,6292759eb45913ce4ed8447194504833f347d9355012e3228775797a4b0a7cd1,0.0,0.0,0.0,-0.16666666666666669
Risk+TwoStage,SB-DirectQ,655347c9fb28aaf505e162e6bcad095d17e4bfee5506113825cfb3da6ca60845,0.0,0.0,0.0,0.0
Risk+TwoStage,SB-DirectQ,69fa7e93588c6aea4b134efa44633d38556ce1656b46df276021920a664881a3,-0.2,0.0,0.19999999999999998,-0.43333333333333335
Risk+TwoStage,SB-DirectQ,76fe1d96587ab928f6fb5d7750ecd048fd712eb3d66aa60feb972a3d9d56c9d1,0.0,0.0,0.0,-0.08333333333333337
Risk+TwoStage,SB-DirectQ,821b498fc1fcb4e3c103635fa473d7577f718c4f633b273772954295c83ae585,-0.06666666666666665,-0.06666666666666665,0.0,0.19999999999999998
Risk+TwoStage,SB-DirectQ,9176c2514b8a62105f4d2b8a22a8a0b0236c5b9feda58c18ef64cea917b98d9d,-0.39999999999999997,-0.26666666666666666,0.13333333333333336,0.4
Risk+TwoStage,SB-DirectQ,986b3dff233a80cf0fd1c48f815600f49b95f83be0d9f898fee40d0a5c9dca63,0.0,-0.08333333333333326,-0.08333333333333334,0.08333333333333331
Risk+TwoStage,SB-DirectQ,a3e1c487338ecfe4ce59e1e8f0be7a20d0442476ad923022ec430bdb5470ee56,0.08333333333333331,0.16666666666666669,0.08333333333333334,0.16666666666666666
Risk+TwoStage,SB-DirectQ,a992f0a563f4b0239708f4be6fa38192e6930b15387567b2d4a16568d4fa5671,-0.16666666666666669,-0.16666666666666669,0.0,0.08333333333333326
Risk+TwoStage,SB-DirectQ,b830bede73f505b84b88a6596e92c22a5a4c0ded1e275e8e5b28a599849d2df6,-0.033333333333333326,-0.033333333333333326,0.0,-0.1
Risk+TwoStage,SB-DirectQ,c8fa274849bf4beeb7c46b93a7de7a6242e5af2e9c83a395e8d0db16da5e81d8,-0.06666666666666668,-0.06666666666666665,0.0,0.06666666666666668
Risk+TwoStage,SB-DirectQ,d6796d48077a08484abd1252e6deb387d8b6a10bf445e66c4e6eaa0bde0f7818,1.2,0.4,-0.8,1.0
Risk+TwoStage,SB-DirectQ,ddd84e646ab0cdd38c0f283802f28ac361a412492f3872c7f489b95bb55d53af,0.06666666666666665,0.06666666666666671,0.0,0.0
Risk+TwoStage,SB-DirectQ,f64d2a60c3b9cebc4b5e12f86f4978711b4ca1e7a3788d1756d078c45a1c1004,0.0,0.0,0.0,-0.16666666666666669
Risk->BestFixed,SB-DirectQ,0815f4806fc9a4fbd58c6627c8b92fd77f1b80ad4b8b4cd6d0c6e0541d488a7b,-0.08333333333333337,0.0,0.08333333333333333,-0.41666666666666663
Risk->BestFixed,SB-DirectQ,28c563172e6e13a0d3d84f1527243878c67a2140fa8c9a81ecb8b81ec9402dc8,0.6000000000000001,0.0,-0.6000000000000001,1.0
Risk->BestFixed,SB-DirectQ,2ef1381d9cfc0a92b107e2940bcf431c7494cd7067d032284f30a23c47b487cc,0.0,0.22222222222222227,0.2222222222222222,-0.5
Risk->BestFixed,SB-DirectQ,3f7887ee8820a4163a5033c81050731e85d1a310652a612f5b0ea5c450ec2043,0.0,0.0,0.0,0.0
Risk->BestFixed,SB-DirectQ,5de3fa5396875480db81793738029227ed357caa91e5d24290ffc5cb0371f908,0.08333333333333337,0.08333333333333326,0.0,0.41666666666666674
Risk->BestFixed,SB-DirectQ,61f6ada542d03d1dd4d75a304f2674efa20660163c54b012b956522e98835cac,-0.16666666666666669,-0.08333333333333337,0.08333333333333333,0.16666666666666663
Risk->BestFixed,SB-DirectQ,6292759eb45913ce4ed8447194504833f347d9355012e3228775797a4b0a7cd1,0.25,0.25,0.0,-0.16666666666666669
Risk->BestFixed,SB-DirectQ,655347c9fb28aaf505e162e6bcad095d17e4bfee5506113825cfb3da6ca60845,-0.08333333333333337,0.0,0.08333333333333334,0.0
Risk->BestFixed,SB-DirectQ,69fa7e93588c6aea4b134efa44633d38556ce1656b46df276021920a664881a3,0.06666666666666665,0.1333333333333333,0.06666666666666668,-0.16666666666666669
Risk->BestFixed,SB-DirectQ,76fe1d96587ab928f6fb5d7750ecd048fd712eb3d66aa60feb972a3d9d56c9d1,-0.16666666666666669,0.0,0.16666666666666666,-0.08333333333333337
Risk->BestFixed,SB-DirectQ,821b498fc1fcb4e3c103635fa473d7577f718c4f633b273772954295c83ae585,0.0,-0.06666666666666665,-0.06666666666666665,0.4
Risk->BestFixed,SB-DirectQ,9176c2514b8a62105f4d2b8a22a8a0b0236c5b9feda58c18ef64cea917b98d9d,-0.3333333333333333,-0.19999999999999996,0.13333333333333336,0.4
Risk->BestFixed,SB-DirectQ,986b3dff233a80cf0fd1c48f815600f49b95f83be0d9f898fee40d0a5c9dca63,0.08333333333333331,0.0,-0.08333333333333334,0.08333333333333331
Risk->BestFixed,SB-DirectQ,a3e1c487338ecfe4ce59e1e8f0be7a20d0442476ad923022ec430bdb5470ee56,0.08333333333333331,0.16666666666666669,0.08333333333333334,0.16666666666666666
Risk->BestFixed,SB-DirectQ,a992f0a563f4b0239708f4be6fa38192e6930b15387567b2d4a16568d4fa5671,-0.08333333333333331,-0.08333333333333331,0.0,0.08333333333333326
Risk->BestFixed,SB-DirectQ,b830bede73f505b84b88a6596e92c22a5a4c0ded1e275e8e5b28a599849d2df6,-0.10000000000000003,-0.033333333333333326,0.06666666666666665,-0.1
Risk->BestFixed,SB-DirectQ,c8fa274849bf4beeb7c46b93a7de7a6242e5af2e9c83a395e8d0db16da5e81d8,0.06666666666666665,0.0,-0.06666666666666665,0.0
Risk->BestFixed,SB-DirectQ,d6796d48077a08484abd1252e6deb387d8b6a10bf445e66c4e6eaa0bde0f7818,1.2,0.4,-0.8,1.0
Risk->BestFixed,SB-DirectQ,ddd84e646ab0cdd38c0f283802f28ac361a412492f3872c7f489b95bb55d53af,0.06666666666666665,0.06666666666666671,0.0,0.0
Risk->BestFixed,SB-DirectQ,f64d2a60c3b9cebc4b5e12f86f4978711b4ca1e7a3788d1756d078c45a1c1004,-0.25,-0.08333333333333337,0.16666666666666669,-0.08333333333333331
Risk->Detour,SB-DirectQ,0815f4806fc9a4fbd58c6627c8b92fd77f1b80ad4b8b4cd6d0c6e0541d488a7b,-0.08333333333333337,0.0,0.08333333333333333,-0.41666666666666663
Risk->Detour,SB-DirectQ,28c563172e6e13a0d3d84f1527243878c67a2140fa8c9a81ecb8b81ec9402dc8,0.6000000000000001,0.0,-0.6000000000000001,1.0
Risk->Detour,SB-DirectQ,2ef1381d9cfc0a92b107e2940bcf431c7494cd7067d032284f30a23c47b487cc,0.0,0.22222222222222227,0.2222222222222222,-0.5
Risk->Detour,SB-DirectQ,3f7887ee8820a4163a5033c81050731e85d1a310652a612f5b0ea5c450ec2043,0.0,0.0,0.0,0.0
Risk->Detour,SB-DirectQ,5de3fa5396875480db81793738029227ed357caa91e5d24290ffc5cb0371f908,0.08333333333333337,0.08333333333333326,0.0,0.41666666666666674
Risk->Detour,SB-DirectQ,61f6ada542d03d1dd4d75a304f2674efa20660163c54b012b956522e98835cac,-0.16666666666666669,-0.08333333333333337,0.08333333333333333,0.16666666666666663
Risk->Detour,SB-DirectQ,6292759eb45913ce4ed8447194504833f347d9355012e3228775797a4b0a7cd1,0.25,0.25,0.0,-0.16666666666666669
Risk->Detour,SB-DirectQ,655347c9fb28aaf505e162e6bcad095d17e4bfee5506113825cfb3da6ca60845,-0.08333333333333337,0.0,0.08333333333333334,0.0
Risk->Detour,SB-DirectQ,69fa7e93588c6aea4b134efa44633d38556ce1656b46df276021920a664881a3,0.06666666666666665,0.1333333333333333,0.06666666666666668,-0.16666666666666669
Risk->Detour,SB-DirectQ,76fe1d96587ab928f6fb5d7750ecd048fd712eb3d66aa60feb972a3d9d56c9d1,-0.16666666666666669,0.0,0.16666666666666666,-0.08333333333333337
Risk->Detour,SB-DirectQ,821b498fc1fcb4e3c103635fa473d7577f718c4f633b273772954295c83ae585,0.0,-0.06666666666666665,-0.06666666666666665,0.4
Risk->Detour,SB-DirectQ,9176c2514b8a62105f4d2b8a22a8a0b0236c5b9feda58c18ef64cea917b98d9d,-0.3333333333333333,-0.19999999999999996,0.13333333333333336,0.4
Risk->Detour,SB-DirectQ,986b3dff233a80cf0fd1c48f815600f49b95f83be0d9f898fee40d0a5c9dca63,0.08333333333333331,0.0,-0.08333333333333334,0.08333333333333331
Risk->Detour,SB-DirectQ,a3e1c487338ecfe4ce59e1e8f0be7a20d0442476ad923022ec430bdb5470ee56,0.08333333333333331,0.16666666666666669,0.08333333333333334,0.16666666666666666
Risk->Detour,SB-DirectQ,a992f0a563f4b0239708f4be6fa38192e6930b15387567b2d4a16568d4fa5671,-0.08333333333333331,-0.08333333333333331,0.0,0.08333333333333326
Risk->Detour,SB-DirectQ,b830bede73f505b84b88a6596e92c22a5a4c0ded1e275e8e5b28a599849d2df6,-0.10000000000000003,-0.033333333333333326,0.06666666666666665,-0.1
Risk->Detour,SB-DirectQ,c8fa274849bf4beeb7c46b93a7de7a6242e5af2e9c83a395e8d0db16da5e81d8,-0.06666666666666668,-0.06666666666666665,0.0,0.06666666666666668
Risk->Detour,SB-DirectQ,d6796d48077a08484abd1252e6deb387d8b6a10bf445e66c4e6eaa0bde0f7818,1.2,0.4,-0.8,1.0
Risk->Detour,SB-DirectQ,ddd84e646ab0cdd38c0f283802f28ac361a412492f3872c7f489b95bb55d53af,0.06666666666666665,0.06666666666666671,0.0,0.0
Risk->Detour,SB-DirectQ,f64d2a60c3b9cebc4b5e12f86f4978711b4ca1e7a3788d1756d078c45a1c1004,-0.25,-0.08333333333333337,0.16666666666666669,-0.08333333333333331
Risk->Retreat,SB-DirectQ,0815f4806fc9a4fbd58c6627c8b92fd77f1b80ad4b8b4cd6d0c6e0541d488a7b,-0.25000000000000006,-0.16666666666666669,0.08333333333333333,-0.5
Risk->Retreat,SB-DirectQ,28c563172e6e13a0d3d84f1527243878c67a2140fa8c9a81ecb8b81ec9402dc8,-0.19999999999999996,0.0,0.19999999999999996,1.0
Risk->Retreat,SB-DirectQ,2ef1381d9cfc0a92b107e2940bcf431c7494cd7067d032284f30a23c47b487cc,-0.1111111111111111,0.16666666666666669,0.2777777777777778,-0.6666666666666667
Risk->Retreat,SB-DirectQ,3f7887ee8820a4163a5033c81050731e85d1a310652a612f5b0ea5c450ec2043,0.0,0.0,0.0,0.0
Risk->Retreat,SB-DirectQ,5de3fa5396875480db81793738029227ed357caa91e5d24290ffc5cb0371f908,0.08333333333333337,0.0,-0.08333333333333334,0.0
Risk->Retreat,SB-DirectQ,61f6ada542d03d1dd4d75a304f2674efa20660163c54b012b956522e98835cac,0.0,0.08333333333333326,0.08333333333333333,-0.33333333333333337
Risk->Retreat,SB-DirectQ,6292759eb45913ce4ed8447194504833f347d9355012e3228775797a4b0a7cd1,0.0,0.0,0.0,-0.25
Risk->Retreat,SB-DirectQ,655347c9fb28aaf505e162e6bcad095d17e4bfee5506113825cfb3da6ca60845,0.0,0.0,0.0,-0.08333333333333334
Risk->Retreat,SB-DirectQ,69fa7e93588c6aea4b134efa44633d38556ce1656b46df276021920a664881a3,-0.2,0.0,0.19999999999999998,-0.43333333333333335
Risk->Retreat,SB-DirectQ,76fe1d96587ab928f6fb5d7750ecd048fd712eb3d66aa60feb972a3d9d56c9d1,0.25,0.24999999999999994,0.0,-0.41666666666666674
Risk->Retreat,SB-DirectQ,821b498fc1fcb4e3c103635fa473d7577f718c4f633b273772954295c83ae585,-0.06666666666666665,-0.1333333333333333,-0.06666666666666665,0.19999999999999998
Risk->Retreat,SB-DirectQ,9176c2514b8a62105f4d2b8a22a8a0b0236c5b9feda58c18ef64cea917b98d9d,-0.1333333333333333,-0.06666666666666665,0.06666666666666665,0.06666666666666668
Risk->Retreat,SB-DirectQ,986b3dff233a80cf0fd1c48f815600f49b95f83be0d9f898fee40d0a5c9dca63,-0.16666666666666669,-0.08333333333333326,0.08333333333333331,-0.25
Risk->Retreat,SB-DirectQ,a3e1c487338ecfe4ce59e1e8f0be7a20d0442476ad923022ec430bdb5470ee56,-0.08333333333333334,-0.08333333333333337,0.0,0.16666666666666666
Risk->Retreat,SB-DirectQ,a992f0a563f4b0239708f4be6fa38192e6930b15387567b2d4a16568d4fa5671,-0.4166666666666667,-0.4166666666666667,0.0,0.08333333333333326
Risk->Retreat,SB-DirectQ,b830bede73f505b84b88a6596e92c22a5a4c0ded1e275e8e5b28a599849d2df6,-0.033333333333333326,-0.033333333333333326,0.0,-0.1
Risk->Retreat,SB-DirectQ,c8fa274849bf4beeb7c46b93a7de7a6242e5af2e9c83a395e8d0db16da5e81d8,0.06666666666666665,0.0,-0.06666666666666665,0.0
Risk->Retreat,SB-DirectQ,d6796d48077a08484abd1252e6deb387d8b6a10bf445e66c4e6eaa0bde0f7818,0.0,0.0,0.0,1.0
Risk->Retreat,SB-DirectQ,ddd84e646ab0cdd38c0f283802f28ac361a412492f3872c7f489b95bb55d53af,0.0,0.0,0.0,0.0
Risk->Retreat,SB-DirectQ,f64d2a60c3b9cebc4b5e12f86f4978711b4ca1e7a3788d1756d078c45a1c1004,0.0,0.0,0.0,-0.16666666666666669
SB-COR,SB-DirectQ,0815f4806fc9a4fbd58c6627c8b92fd77f1b80ad4b8b4cd6d0c6e0541d488a7b,0.08333333333333326,0.08333333333333326,0.0,-0.33333333333333337
SB-COR,SB-DirectQ,28c563172e6e13a0d3d84f1527243878c67a2140fa8c9a81ecb8b81ec9402dc8,0.0,0.0,0.0,0.0
SB-COR,SB-DirectQ,2ef1381d9cfc0a92b107e2940bcf431c7494cd7067d032284f30a23c47b487cc,0.0,0.1111111111111111,0.1111111111111111,-0.2222222222222222
SB-COR,SB-DirectQ,3f7887ee8820a4163a5033c81050731e85d1a310652a612f5b0ea5c450ec2043,0.0,0.0,0.0,-0.4
SB-COR,SB-DirectQ,5de3fa5396875480db81793738029227ed357caa91e5d24290ffc5cb0371f908,-0.08333333333333331,0.0,0.08333333333333331,0.0
SB-COR,SB-DirectQ,61f6ada542d03d1dd4d75a304f2674efa20660163c54b012b956522e98835cac,0.0,0.0,0.0,-0.08333333333333331
SB-COR,SB-DirectQ,6292759eb45913ce4ed8447194504833f347d9355012e3228775797a4b0a7cd1,0.08333333333333326,0.0,-0.08333333333333333,0.08333333333333337
SB-COR,SB-DirectQ,655347c9fb28aaf505e162e6bcad095d17e4bfee5506113825cfb3da6ca60845,0.0,0.0,0.0,0.0
SB-COR,SB-DirectQ,69fa7e93588c6aea4b134efa44633d38556ce1656b46df276021920a664881a3,0.1333333333333333,0.033333333333333326,-0.1,0.19999999999999996
SB-COR,SB-DirectQ,76fe1d96587ab928f6fb5d7750ecd048fd712eb3d66aa60feb972a3d9d56c9d1,0.16666666666666669,0.16666666666666669,0.0,-0.25000000000000006
SB-COR,SB-DirectQ,821b498fc1fcb4e3c103635fa473d7577f718c4f633b273772954295c83ae585,-0.06666666666666665,-0.1333333333333333,-0.06666666666666665,0.4
SB-COR,SB-DirectQ,9176c2514b8a62105f4d2b8a22a8a0b0236c5b9feda58c18ef64cea917b98d9d,-0.26666666666666666,-0.1333333333333333,0.13333333333333336,0.13333333333333333
SB-COR,SB-DirectQ,986b3dff233a80cf0fd1c48f815600f49b95f83be0d9f898fee40d0a5c9dca63,0.24999999999999994,0.08333333333333337,-0.16666666666666669,0.08333333333333331
SB-COR,SB-DirectQ,a3e1c487338ecfe4ce59e1e8f0be7a20d0442476ad923022ec430bdb5470ee56,0.08333333333333331,0.16666666666666669,0.08333333333333334,0.25
SB-COR,SB-DirectQ,a992f0a563f4b0239708f4be6fa38192e6930b15387567b2d4a16568d4fa5671,-0.08333333333333331,0.0,0.08333333333333333,-0.16666666666666674
SB-COR,SB-DirectQ,b830bede73f505b84b88a6596e92c22a5a4c0ded1e275e8e5b28a599849d2df6,0.033333333333333326,-0.033333333333333326,-0.06666666666666668,0.033333333333333326
SB-COR,SB-DirectQ,c8fa274849bf4beeb7c46b93a7de7a6242e5af2e9c83a395e8d0db16da5e81d8,-0.06666666666666668,-0.2,-0.1333333333333333,0.6
SB-COR,SB-DirectQ,d6796d48077a08484abd1252e6deb387d8b6a10bf445e66c4e6eaa0bde0f7818,0.6,0.2,-0.4,0.6
SB-COR,SB-DirectQ,ddd84e646ab0cdd38c0f283802f28ac361a412492f3872c7f489b95bb55d53af,0.1333333333333333,0.13333333333333336,0.0,-0.06666666666666667
SB-COR,SB-DirectQ,f64d2a60c3b9cebc4b5e12f86f4978711b4ca1e7a3788d1756d078c45a1c1004,0.0,0.0,0.0,-0.08333333333333331
SB-OutcomeRouter,SB-DirectQ,0815f4806fc9a4fbd58c6627c8b92fd77f1b80ad4b8b4cd6d0c6e0541d488a7b,0.08333333333333326,0.08333333333333326,0.0,-0.33333333333333337
SB-OutcomeRouter,SB-DirectQ,28c563172e6e13a0d3d84f1527243878c67a2140fa8c9a81ecb8b81ec9402dc8,0.0,0.0,0.0,0.0
SB-OutcomeRouter,SB-DirectQ,2ef1381d9cfc0a92b107e2940bcf431c7494cd7067d032284f30a23c47b487cc,0.055555555555555525,0.1111111111111111,0.05555555555555555,-0.16666666666666663
SB-OutcomeRouter,SB-DirectQ,3f7887ee8820a4163a5033c81050731e85d1a310652a612f5b0ea5c450ec2043,0.0,0.0,0.0,0.0
SB-OutcomeRouter,SB-DirectQ,5de3fa5396875480db81793738029227ed357caa91e5d24290ffc5cb0371f908,-0.08333333333333331,0.0,0.08333333333333331,0.0
SB-OutcomeRouter,SB-DirectQ,61f6ada542d03d1dd4d75a304f2674efa20660163c54b012b956522e98835cac,0.08333333333333337,0.0,-0.08333333333333333,0.0
SB-OutcomeRouter,SB-DirectQ,6292759eb45913ce4ed8447194504833f347d9355012e3228775797a4b0a7cd1,0.08333333333333326,0.0,-0.08333333333333333,0.08333333333333337
SB-OutcomeRouter,SB-DirectQ,655347c9fb28aaf505e162e6bcad095d17e4bfee5506113825cfb3da6ca60845,0.0,0.0,0.0,0.0
SB-OutcomeRouter,SB-DirectQ,69fa7e93588c6aea4b134efa44633d38556ce1656b46df276021920a664881a3,0.1333333333333333,0.033333333333333326,-0.1,0.3666666666666667
SB-OutcomeRouter,SB-DirectQ,76fe1d96587ab928f6fb5d7750ecd048fd712eb3d66aa60feb972a3d9d56c9d1,0.25,0.24999999999999994,0.0,-0.33333333333333337
SB-OutcomeRouter,SB-DirectQ,821b498fc1fcb4e3c103635fa473d7577f718c4f633b273772954295c83ae585,-0.06666666666666665,-0.06666666666666665,0.0,0.2666666666666667
SB-OutcomeRouter,SB-DirectQ,9176c2514b8a62105f4d2b8a22a8a0b0236c5b9feda58c18ef64cea917b98d9d,-0.06666666666666665,0.0,0.06666666666666665,0.2666666666666667
SB-OutcomeRouter,SB-DirectQ,986b3dff233a80cf0fd1c48f815600f49b95f83be0d9f898fee40d0a5c9dca63,0.24999999999999994,0.08333333333333337,-0.16666666666666669,0.16666666666666669
SB-OutcomeRouter,SB-DirectQ,a3e1c487338ecfe4ce59e1e8f0be7a20d0442476ad923022ec430bdb5470ee56,0.08333333333333331,0.16666666666666669,0.08333333333333334,0.25
SB-OutcomeRouter,SB-DirectQ,a992f0a563f4b0239708f4be6fa38192e6930b15387567b2d4a16568d4fa5671,-0.08333333333333331,0.0,0.08333333333333333,-0.08333333333333337
SB-OutcomeRouter,SB-DirectQ,b830bede73f505b84b88a6596e92c22a5a4c0ded1e275e8e5b28a599849d2df6,-0.033333333333333326,-0.06666666666666665,-0.033333333333333326,0.06666666666666665
SB-OutcomeRouter,SB-DirectQ,c8fa274849bf4beeb7c46b93a7de7a6242e5af2e9c83a395e8d0db16da5e81d8,0.06666666666666665,-0.06666666666666665,-0.1333333333333333,0.33333333333333337
SB-OutcomeRouter,SB-DirectQ,d6796d48077a08484abd1252e6deb387d8b6a10bf445e66c4e6eaa0bde0f7818,0.6,0.2,-0.4,0.6
SB-OutcomeRouter,SB-DirectQ,ddd84e646ab0cdd38c0f283802f28ac361a412492f3872c7f489b95bb55d53af,0.1333333333333333,0.13333333333333336,0.0,-0.06666666666666667
SB-OutcomeRouter,SB-DirectQ,f64d2a60c3b9cebc4b5e12f86f4978711b4ca1e7a3788d1756d078c45a1c1004,0.0,0.0,0.0,-0.08333333333333331
SB-Risk+TwoStage,SB-DirectQ,0815f4806fc9a4fbd58c6627c8b92fd77f1b80ad4b8b4cd6d0c6e0541d488a7b,0.0,0.08333333333333326,0.08333333333333333,-0.5
SB-Risk+TwoStage,SB-DirectQ,28c563172e6e13a0d3d84f1527243878c67a2140fa8c9a81ecb8b81ec9402dc8,-0.19999999999999996,0.0,0.19999999999999996,1.0
SB-Risk+TwoStage,SB-DirectQ,2ef1381d9cfc0a92b107e2940bcf431c7494cd7067d032284f30a23c47b487cc,0.0,0.22222222222222227,0.2222222222222222,-0.5
SB-Risk+TwoStage,SB-DirectQ,3f7887ee8820a4163a5033c81050731e85d1a310652a612f5b0ea5c450ec2043,0.0,0.0,0.0,0.0
SB-Risk+TwoStage,SB-DirectQ,5de3fa5396875480db81793738029227ed357caa91e5d24290ffc5cb0371f908,0.08333333333333337,0.08333333333333326,0.0,0.41666666666666674
SB-Risk+TwoStage,SB-DirectQ,61f6ada542d03d1dd4d75a304f2674efa20660163c54b012b956522e98835cac,0.0,-0.08333333333333337,-0.08333333333333333,0.16666666666666663
SB-Risk+TwoStage,SB-DirectQ,6292759eb45913ce4ed8447194504833f347d9355012e3228775797a4b0a7cd1,0.0,0.0,0.0,-0.16666666666666669
SB-Risk+TwoStage,SB-DirectQ,655347c9fb28aaf505e162e6bcad095d17e4bfee5506113825cfb3da6ca60845,0.0,0.0,0.0,0.0
SB-Risk+TwoStage,SB-DirectQ,69fa7e93588c6aea4b134efa44633d38556ce1656b46df276021920a664881a3,-0.2,0.0,0.19999999999999998,-0.43333333333333335
SB-Risk+TwoStage,SB-DirectQ,76fe1d96587ab928f6fb5d7750ecd048fd712eb3d66aa60feb972a3d9d56c9d1,0.0,0.0,0.0,-0.08333333333333337
SB-Risk+TwoStage,SB-DirectQ,821b498fc1fcb4e3c103635fa473d7577f718c4f633b273772954295c83ae585,-0.06666666666666665,-0.06666666666666665,0.0,0.19999999999999998
SB-Risk+TwoStage,SB-DirectQ,9176c2514b8a62105f4d2b8a22a8a0b0236c5b9feda58c18ef64cea917b98d9d,-0.39999999999999997,-0.26666666666666666,0.13333333333333336,0.4
SB-Risk+TwoStage,SB-DirectQ,986b3dff233a80cf0fd1c48f815600f49b95f83be0d9f898fee40d0a5c9dca63,0.0,-0.08333333333333326,-0.08333333333333334,0.08333333333333331
SB-Risk+TwoStage,SB-DirectQ,a3e1c487338ecfe4ce59e1e8f0be7a20d0442476ad923022ec430bdb5470ee56,0.08333333333333331,0.16666666666666669,0.08333333333333334,0.16666666666666666
SB-Risk+TwoStage,SB-DirectQ,a992f0a563f4b0239708f4be6fa38192e6930b15387567b2d4a16568d4fa5671,-0.16666666666666669,-0.16666666666666669,0.0,0.08333333333333326
SB-Risk+TwoStage,SB-DirectQ,b830bede73f505b84b88a6596e92c22a5a4c0ded1e275e8e5b28a599849d2df6,-0.033333333333333326,-0.033333333333333326,0.0,-0.1
SB-Risk+TwoStage,SB-DirectQ,c8fa274849bf4beeb7c46b93a7de7a6242e5af2e9c83a395e8d0db16da5e81d8,-0.06666666666666668,-0.06666666666666665,0.0,0.06666666666666668
SB-Risk+TwoStage,SB-DirectQ,d6796d48077a08484abd1252e6deb387d8b6a10bf445e66c4e6eaa0bde0f7818,1.2,0.4,-0.8,1.0
SB-Risk+TwoStage,SB-DirectQ,ddd84e646ab0cdd38c0f283802f28ac361a412492f3872c7f489b95bb55d53af,0.06666666666666665,0.06666666666666671,0.0,0.0
SB-Risk+TwoStage,SB-DirectQ,f64d2a60c3b9cebc4b5e12f86f4978711b4ca1e7a3788d1756d078c45a1c1004,0.0,0.0,0.0,-0.16666666666666669
