parent,offset,option,suffix_actions,success,accident
e18,0,0,0,0.0,0.0
e18,0,0,1,0.0,0.0
e18,0,0,2,0.0,0.0
e18,0,0,3,0.0,0.0
e18,0,0,4,0.0,0.0
e18,0,0,5,0.0,0.0
e18,0,0,6,0.0,0.0
e18,0,0,7,0.0,0.0
e18,0,0,8,0.0,0.0
e18,0,0,9,0.0,0.0
e18,0,0,10,0.0,0.0
e18,0,0,11,0.0,0.0
e18,0,0,12,0.0,0.0
e18,0,0,13,0.0,0.0
e18,0,0,14,0.0,0.0
e18,0,0,15,0.0,0.0
e18,0,0,16,0.0,0.0
e18,0,0,17,0.0,0.0
e18,0,0,18,0.0,0.0
e18,0,0,19,0.0,0.0
e18,0,0,20,0.0,0.0
e18,0,0,21,0.0,0.0
e18,0,0,22,0.0,0.5
e18,0,0,23,0.0,0.5
e18,0,0,24,0.0,0.5
e18,0,0,25,0.0,0.5
e18,0,0,26,0.0,0.5
e18,0,0,27,0.0,0.5
e18,0,0,28,0.0,0.5
e18,0,0,29,0.0,0.5
e18,0,0,30,0.0,0.5
e18,0,0,31,0.0,0.5
e18,0,0,32,0.0,0.5
e18,0,0,33,0.0,0.5
e18,0,0,34,0.0,0.5
e18,0,0,35,0.0,0.5
e18,0,0,36,0.0,0.5
e18,0,0,37,0.0,0.5
e18,0,0,38,0.0,0.5
e18,0,0,39,0.0,0.5
e18,0,0,40,0.0,0.5
e18,0,0,41,0.0,0.5
e18,0,0,42,0.0,0.5
e18,0,0,43,0.0,0.5
e18,0,0,44,0.0,0.5
e18,0,0,45,0.0,0.5
e18,0,0,46,0.0,0.5
e18,0,0,47,0.0,0.5
e18,0,0,48,0.0,0.5
e18,0,0,49,0.0,0.5
e18,0,0,50,0.0,0.5
e18,0,0,51,0.0,0.5
e18,0,0,52,0.0,0.5
e18,0,0,53,0.0,0.5
e18,0,0,54,0.0,0.5
e18,0,0,55,0.0,0.5
e18,0,0,56,0.0,0.5
e18,0,0,57,0.0,0.5
e18,0,0,58,0.0,0.5
e18,0,0,59,0.0,0.5
e18,0,0,60,0.0,0.5
e18,0,0,61,0.0,0.5
e18,0,0,62,0.0,0.5
e18,0,0,63,0.0,0.5
e18,0,0,64,0.0,0.5
e18,0,0,65,0.0,0.5
e18,0,0,66,0.0,0.5
e18,0,0,67,0.0,0.5
e18,0,0,68,0.0,0.5
e18,0,0,69,0.0,0.5
e18,0,0,70,0.0,0.5
e18,0,0,71,0.0,0.5
e18,0,0,72,0.0,0.5
e18,0,0,73,0.0,0.5
e18,0,0,74,0.0,0.5
e18,0,0,75,0.0,0.5
e18,0,0,76,0.0,0.5
e18,0,0,77,0.0,0.5
e18,0,0,78,0.0,0.5
e18,0,0,79,0.0,0.5
e18,0,0,80,0.0,0.5
e18,0,0,81,0.0,0.5
e18,0,0,82,0.0,0.5
e18,0,0,83,0.0,0.5
e18,0,0,84,0.0,0.5
e18,0,0,85,0.0,0.5
e18,0,0,86,0.0,0.5
e18,0,0,87,0.0,0.5
e18,0,0,88,0.0,0.5
e18,0,0,89,0.0,0.5
e18,0,0,90,0.0,0.5
e18,0,0,91,0.0,0.5
e18,0,0,92,0.0,0.5
e18,0,0,93,0.0,0.5
e18,0,0,94,0.0,0.5
e18,0,0,95,0.0,0.5
e18,0,0,96,0.0,0.5
e18,0,0,97,0.0,0.5
e18,0,0,98,0.0,0.5
e18,0,0,99,0.0,0.5
e18,0,0,100,0.0,0.5
e18,0,0,101,0.0,0.5
e18,0,0,102,0.0,0.5
e18,0,0,103,0.0,0.5
e18,0,0,104,0.0,0.5
e18,0,0,105,0.0,0.5
e18,0,0,106,0.0,0.5
e18,0,0,107,0.0,0.5
e18,0,0,108,0.0,0.5
e18,0,0,109,0.0,0.5
e18,0,0,110,0.0,0.5
e18,0,0,111,0.0,0.5
e18,0,0,112,0.0,0.5
e18,0,0,113,0.0,0.5
e18,0,0,114,0.0,0.5
e18,0,0,115,0.0,0.5
e18,0,0,116,0.0,0.5
e18,0,0,117,0.0,0.5
e18,0,0,118,0.0,0.5
e18,0,0,119,0.0,0.5
e18,0,0,120,0.0,0.5
e18,0,0,121,0.0,0.5
e18,0,0,122,0.0,0.5
e18,0,0,123,0.0,0.5
e18,0,0,124,0.0,0.5
e18,0,0,125,0.0,0.5
e18,0,0,126,0.0,0.5
e18,0,0,127,0.0,0.5
e18,0,0,128,0.0,0.5
e18,0,0,129,0.0,0.5
e18,0,0,130,0.0,0.5
e18,0,0,131,0.0,0.5
e18,0,0,132,0.0,0.5
e18,0,0,133,0.0,0.5
e18,0,0,134,0.0,0.5
e18,0,0,135,0.0,0.5
e18,0,0,136,0.0,0.5
e18,0,0,137,0.0,0.5
e18,0,0,138,0.0,0.5
e18,0,0,139,0.0,0.5
e18,0,0,140,0.0,0.5
e18,0,0,141,0.0,0.5
e18,0,0,142,0.0,0.5
e18,0,0,143,0.0,0.5
e18,0,0,144,0.0,0.5
e18,0,0,145,0.0,0.5
e18,0,0,146,0.0,0.5
e18,0,0,147,0.0,0.5
e18,0,0,148,0.0,0.5
e18,0,0,149,0.0,0.5
e18,0,0,150,0.0,0.5
e18,0,0,151,0.0,0.5
e18,0,0,152,0.0,0.5
e18,0,0,153,0.0,0.5
e18,0,0,154,0.0,0.5
e18,0,0,155,0.0,0.5
e18,0,0,156,0.0,0.5
e18,0,0,157,0.0,0.5
e18,0,0,158,0.0,0.5
e18,0,0,159,0.0,0.5
e18,0,0,160,0.0,0.5
e18,0,0,161,0.0,0.5
e18,0,0,162,0.0,0.5
e18,0,0,163,0.0,0.5
e18,0,0,164,0.0,0.5
e18,0,0,165,0.0,0.5
e18,0,0,166,0.0,0.5
e18,0,0,167,0.0,0.5
e18,0,0,168,0.0,0.5
e18,0,0,169,0.0,0.5
e18,0,0,170,0.0,0.5
e18,0,0,171,0.0,0.5
e18,0,0,172,0.0,0.5
e18,0,0,173,0.0,0.5
e18,0,0,174,0.0,0.5
e18,0,0,175,0.0,0.5
e18,0,0,176,0.0,0.5
e18,0,0,177,0.0,0.5
e18,0,0,178,0.0,0.5
e18,0,0,179,0.0,0.5
e18,0,0,180,0.0,0.5
e18,0,0,181,0.0,0.5
e18,0,0,182,0.0,0.5
e18,0,0,183,0.0,0.5
e18,0,0,184,0.0,0.5
e18,0,0,185,0.0,0.5
e18,0,0,186,0.0,0.5
e18,0,0,187,0.0,0.5
e18,0,0,188,0.0,0.5
e18,0,0,189,0.0,0.5
e18,0,0,190,0.0,0.5
e18,0,0,191,0.0,0.5
e18,0,0,192,0.0,0.5
e18,0,0,193,0.0,0.5
e18,0,0,194,0.0,0.5
e18,0,0,195,0.0,0.5
e18,0,0,196,0.0,0.5
e18,0,0,197,0.0,0.5
e18,0,0,198,0.0,0.5
e18,0,0,199,0.0,0.5
e18,0,0,200,0.0,0.5
e18,0,0,201,0.0,0.5
e18,0,0,202,0.0,0.5
e18,0,0,203,0.0,0.5
e18,0,0,204,0.0,0.5
e18,0,0,205,0.0,0.5
e18,0,0,206,0.0,0.5
e18,0,0,207,0.0,0.5
e18,0,0,208,0.0,0.5
e18,0,0,209,0.0,0.5
e18,0,0,210,0.0,0.5
e18,0,0,211,0.0,0.5
e18,0,0,212,0.0,0.5
e18,0,0,213,0.0,0.5
e18,0,0,214,0.0,0.5
e18,0,0,215,0.0,0.5
e18,0,0,216,0.0,0.5
e18,0,0,217,0.0,0.5
e18,0,0,218,0.0,0.5
e18,0,0,219,0.0,0.5
e18,0,0,220,0.0,0.5
e18,0,0,221,0.0,0.5
e18,0,0,222,0.0,0.5
e18,0,0,223,0.0,0.5
e18,0,0,224,0.0,0.5
e18,0,0,225,0.0,0.5
e18,0,0,226,0.0,0.5
e18,0,0,227,0.0,0.5
e18,0,0,228,0.0,0.5
e18,0,0,229,0.0,0.5
e18,0,0,230,0.0,0.5
e18,0,0,231,0.0,0.5
e18,0,0,232,0.0,0.5
e18,0,0,233,0.0,0.5
e18,0,0,234,0.0,0.5
e18,0,0,235,0.0,0.5
e18,0,0,236,0.0,0.5
e18,0,0,237,0.0,0.5
e18,0,0,238,0.0,0.5
e18,0,0,239,0.0,0.5
e18,0,0,240,0.0,0.5
e18,0,0,241,0.0,0.5
e18,0,0,242,0.0,0.5
e18,0,0,243,0.0,0.5
e18,0,0,244,0.0,0.5
e18,0,0,245,0.0,0.5
e18,0,0,246,0.0,0.5
e18,0,0,247,0.0,0.5
e18,0,0,248,0.0,0.5
e18,0,0,249,0.0,0.5
e18,0,0,250,0.0,0.5
e18,0,0,251,0.0,0.5
e18,0,0,252,0.0,0.5
e18,0,0,253,0.0,0.5
e18,0,0,254,0.0,0.5
e18,0,0,255,0.0,0.5
e18,0,0,256,0.0,0.5
e18,0,0,257,0.0,0.5
e18,0,0,258,0.0,0.5
e18,0,0,259,0.0,0.5
e18,0,0,260,0.0,0.5
e18,0,0,261,0.0,0.5
e18,0,0,262,0.0,0.5
e18,0,0,263,0.0,0.5
e18,0,0,264,0.0,0.5
e18,0,0,265,0.0,0.5
e18,0,0,266,0.0,0.5
e18,0,0,267,0.0,0.5
e18,0,0,268,0.0,0.5
e18,0,0,269,0.0,0.5
e18,0,0,270,0.0,0.5
e18,0,0,271,0.0,0.5
e18,0,0,272,0.0,0.5
e18,0,0,273,0.0,0.5
e18,0,0,274,0.0,0.5
e18,0,0,275,0.0,0.5
e18,0,0,276,0.0,0.5
e18,0,0,277,0.0,0.5
e18,0,0,278,0.0,0.5
e18,0,0,279,0.0,0.5
e18,0,0,280,0.0,0.5
e18,0,0,281,0.0,0.5
e18,0,0,282,0.0,0.5
e18,0,0,283,0.0,0.5
e18,0,0,284,0.0,0.5
e18,0,0,285,0.0,0.5
e18,0,0,286,0.0,0.5
e18,0,0,287,0.0,0.5
e18,0,0,288,0.0,0.5
e18,0,0,289,0.0,0.5
e18,0,0,290,0.0,0.5
e18,0,0,291,0.0,0.5
e18,0,0,292,0.0,0.5
e18,0,0,293,0.0,0.5
e18,0,0,294,0.0,0.5
e18,0,0,295,0.0,0.5
e18,0,0,296,0.0,0.5
e18,0,0,297,0.0,0.5
e18,0,0,298,0.0,0.5
e18,0,0,299,0.0,0.5
e18,0,0,300,0.0,0.5
e18,0,0,301,0.0,0.5
e18,0,0,302,0.0,0.5
e18,0,0,303,0.0,0.5
e18,0,0,304,0.0,0.5
e18,0,0,305,0.0,0.5
e18,0,0,306,0.0,0.5
e18,0,0,307,0.0,0.5
e18,0,0,308,0.0,0.5
e18,0,0,309,0.0,0.5
e18,0,0,310,0.0,0.5
e18,0,0,311,0.0,0.5
e18,0,0,312,0.0,0.5
e18,0,0,313,0.0,0.5
e18,0,0,314,0.0,0.5
e18,0,0,315,0.0,0.5
e18,0,0,316,0.0,0.5
e18,0,0,317,0.0,0.5
e18,0,0,318,0.0,0.5
e18,0,0,319,0.0,0.5
e18,0,0,320,0.0,0.5
e18,0,0,321,0.0,0.5
e18,0,0,322,0.0,0.5
e18,0,0,323,0.0,0.5
e18,0,0,324,0.0,0.5
e18,0,0,325,0.0,0.5
e18,0,0,326,0.0,0.5
e18,0,0,327,0.0,0.5
e18,0,0,328,0.0,0.5
e18,0,0,329,0.0,0.5
e18,0,0,330,0.0,0.5
e18,0,0,331,0.0,0.5
e18,0,0,332,0.0,0.5
e18,0,0,333,0.0,0.5
e18,0,0,334,0.0,0.5
e18,0,0,335,0.0,0.5
e18,0,0,336,0.0,0.5
e18,0,0,337,0.0,0.5
e18,0,0,338,0.0,0.5
e18,0,0,339,0.0,0.5
e18,0,0,340,0.0,0.5
e18,0,0,341,0.0,0.5
e18,0,0,342,0.0,0.5
e18,0,0,343,0.0,0.5
e18,0,0,344,0.0,0.5
e18,0,0,345,0.0,0.5
e18,0,0,346,0.0,0.5
e18,0,0,347,0.0,0.5
e18,0,0,348,0.0,0.5
e18,0,0,349,0.0,0.5
e18,0,0,350,0.0,0.5
e18,0,0,351,0.0,0.5
e18,0,0,352,0.0,0.5
e18,0,0,353,0.0,0.5
e18,0,0,354,0.0,0.5
e18,0,0,355,0.0,0.5
e18,0,0,356,0.0,0.5
e18,0,0,357,0.0,0.5
e18,0,0,358,0.0,0.5
e18,0,0,359,0.0,0.5
e18,0,0,360,0.0,0.5
e18,0,0,361,0.0,0.5
e18,0,0,362,0.0,0.5
e18,0,0,363,0.0,0.5
e18,0,0,364,0.0,0.5
e18,0,0,365,0.0,0.5
e18,0,0,366,0.0,0.5
e18,0,0,367,0.0,0.5
e18,0,0,368,0.0,0.5
e18,0,0,369,0.0,0.5
e18,0,0,370,0.0,0.5
e18,0,0,371,0.0,0.5
e18,0,0,372,0.0,0.5
e18,0,0,373,0.0,0.5
e18,0,0,374,0.0,0.5
e18,0,0,375,0.0,0.5
e18,0,0,376,0.0,0.5
e18,0,0,377,0.0,0.5
e18,0,0,378,0.0,0.5
e18,0,0,379,0.0,0.5
e18,0,0,380,0.0,0.5
e18,0,0,381,0.0,0.5
e18,0,0,382,0.0,0.5
e18,0,0,383,0.0,0.5
e18,0,0,384,0.0,0.5
e18,0,0,385,0.0,0.5
e18,0,0,386,0.0,0.5
e18,0,0,387,0.0,0.5
e18,0,0,388,0.0,0.5
e18,0,0,389,0.0,0.5
e18,0,0,390,0.0,0.5
e18,0,0,391,0.0,0.5
e18,0,0,392,0.0,0.5
e18,0,0,393,0.0,0.5
e18,0,0,394,0.0,0.5
e18,0,0,395,0.0,0.5
e18,0,0,396,0.0,0.5
e18,0,0,397,0.0,0.5
e18,0,0,398,0.0,0.5
e18,0,0,399,0.0,0.5
e18,0,0,400,0.0,0.5
e18,0,0,401,0.0,0.5
e18,0,0,402,0.0,0.5
e18,0,0,403,0.0,0.5
e18,0,0,404,0.0,0.5
e18,0,0,405,0.0,0.5
e18,0,0,406,0.0,0.5
e18,0,0,407,0.0,0.5
e18,0,0,408,0.0,0.5
e18,0,0,409,0.0,0.5
e18,0,0,410,0.0,0.5
e18,0,0,411,0.0,0.5
e18,0,0,412,0.0,0.5
e18,0,0,413,0.0,0.5
e18,0,0,414,0.0,0.5
e18,0,0,415,0.0,0.5
e18,0,0,416,0.0,0.5
e18,0,0,417,0.0,0.5
e18,0,0,418,0.0,0.5
e18,0,0,419,0.0,0.5
e18,0,0,420,0.0,0.5
e18,0,0,421,0.0,0.5
e18,0,0,422,0.0,0.5
e18,0,0,423,0.0,0.5
e18,0,0,424,0.0,0.5
e18,0,0,425,0.0,0.5
e18,0,0,426,0.0,0.5
e18,0,0,427,0.0,0.5
e18,0,0,428,0.0,0.5
e18,0,0,429,0.0,0.5
e18,0,0,430,0.0,0.5
e18,0,0,431,0.0,0.5
e18,0,0,432,0.0,0.5
e18,0,0,433,0.0,0.5
e18,0,0,434,0.0,0.5
e18,0,0,435,0.0,0.5
e18,0,0,436,0.0,0.5
e18,0,0,437,0.0,0.5
e18,0,0,438,0.0,0.5
e18,0,0,439,0.0,0.5
e18,0,0,440,0.0,0.5
e18,0,1,0,0.0,0.0
e18,0,1,1,0.0,0.0
e18,0,1,2,0.0,0.0
e18,0,1,3,0.0,0.0
e18,0,1,4,0.0,0.0
e18,0,1,5,0.0,0.0
e18,0,1,6,0.0,0.0
e18,0,1,7,0.0,0.0
e18,0,1,8,0.0,0.0
e18,0,1,9,0.0,0.0
e18,0,1,10,0.0,0.0
e18,0,1,11,0.0,0.0
e18,0,1,12,0.0,0.0
e18,0,1,13,0.0,0.0
e18,0,1,14,0.0,0.0
e18,0,1,15,0.0,0.0
e18,0,1,16,0.0,0.0
e18,0,1,17,0.0,0.0
e18,0,1,18,0.0,0.0
e18,0,1,19,0.0,0.0
e18,0,1,20,0.0,0.0
e18,0,1,21,0.0,0.0
e18,0,1,22,0.0,0.0
e18,0,1,23,0.0,0.0
e18,0,1,24,0.0,0.0
e18,0,1,25,0.0,0.0
e18,0,1,26,0.0,0.0
e18,0,1,27,0.0,0.0
e18,0,1,28,0.0,0.0
e18,0,1,29,0.0,0.0
e18,0,1,30,0.0,0.0
e18,0,1,31,0.0,0.0
e18,0,1,32,0.0,0.0
e18,0,1,33,0.0,0.0
e18,0,1,34,0.0,0.0
e18,0,1,35,0.0,0.0
e18,0,1,36,0.0,0.0
e18,0,1,37,0.0,0.0
e18,0,1,38,0.0,0.0
e18,0,1,39,0.0,0.0
e18,0,1,40,0.0,0.0
e18,0,1,41,0.0,0.0
e18,0,1,42,0.0,0.0
e18,0,1,43,0.0,0.0
e18,0,1,44,0.0,0.0
e18,0,1,45,0.0,0.0
e18,0,1,46,0.0,0.0
e18,0,1,47,0.0,0.0
e18,0,1,48,0.0,0.0
e18,0,1,49,0.0,0.0
e18,0,1,50,0.0,0.0
e18,0,1,51,0.0,0.0
e18,0,1,52,0.0,0.0
e18,0,1,53,0.0,0.0
e18,0,1,54,0.0,0.0
e18,0,1,55,0.0,0.0
e18,0,1,56,0.0,0.0
e18,0,1,57,0.0,0.0
e18,0,1,58,0.0,0.0
e18,0,1,59,0.0,0.0
e18,0,1,60,0.0,0.0
e18,0,1,61,0.0,0.0
e18,0,1,62,0.0,0.0
e18,0,1,63,0.0,0.0
e18,0,1,64,0.0,0.0
e18,0,1,65,0.0,0.0
e18,0,1,66,0.0,0.0
e18,0,1,67,0.0,0.0
e18,0,1,68,0.0,0.0
e18,0,1,69,0.0,0.0
e18,0,1,70,0.0,0.0
e18,0,1,71,0.0,0.0
e18,0,1,72,0.0,0.0
e18,0,1,73,0.0,0.0
e18,0,1,74,0.0,0.0
e18,0,1,75,0.0,0.0
e18,0,1,76,0.0,0.0
e18,0,1,77,0.0,0.0
e18,0,1,78,0.0,0.0
e18,0,1,79,0.0,0.0
e18,0,1,80,0.0,0.0
e18,0,1,81,0.0,0.0
e18,0,1,82,0.0,0.0
e18,0,1,83,0.0,0.0
e18,0,1,84,0.0,0.0
e18,0,1,85,0.0,0.0
e18,0,1,86,0.0,0.0
e18,0,1,87,0.0,0.0
e18,0,1,88,0.0,0.0
e18,0,1,89,0.0,0.0
e18,0,1,90,0.0,0.0
e18,0,1,91,0.0,0.0
e18,0,1,92,0.0,0.0
e18,0,1,93,0.0,0.0
e18,0,1,94,0.0,0.0
e18,0,1,95,0.0,0.0
e18,0,1,96,0.0,0.0
e18,0,1,97,0.0,0.0
e18,0,1,98,0.0,0.0
e18,0,1,99,0.0,0.0
e18,0,1,100,0.0,0.0
e18,0,1,101,0.0,0.0
e18,0,1,102,0.0,0.0
e18,0,1,103,0.0,0.0
e18,0,1,104,0.0,0.0
e18,0,1,105,0.0,0.0
e18,0,1,106,0.0,0.0
e18,0,1,107,0.0,0.0
e18,0,1,108,0.0,0.0
e18,0,1,109,0.0,0.0
e18,0,1,110,0.0,0.0
e18,0,1,111,0.0,0.0
e18,0,1,112,0.0,0.0
e18,0,1,113,0.0,0.0
e18,0,1,114,0.0,0.0
e18,0,1,115,0.0,0.0
e18,0,1,116,0.0,0.0
e18,0,1,117,0.0,0.0
e18,0,1,118,0.0,0.0
e18,0,1,119,0.0,0.0
e18,0,1,120,0.0,0.0
e18,0,1,121,0.0,0.0
e18,0,1,122,0.0,0.0
e18,0,1,123,0.0,0.0
e18,0,1,124,0.0,0.0
e18,0,1,125,0.0,0.0
e18,0,1,126,0.0,0.0
e18,0,1,127,0.0,0.0
e18,0,1,128,0.0,0.0
e18,0,1,129,0.0,0.0
e18,0,1,130,0.0,0.0
e18,0,1,131,0.0,0.0
e18,0,1,132,0.0,0.0
e18,0,1,133,0.0,0.0
e18,0,1,134,0.0,0.0
e18,0,1,135,0.0,0.0
e18,0,1,136,0.0,0.0
e18,0,1,137,0.0,0.0
e18,0,1,138,0.0,0.0
e18,0,1,139,0.0,0.0
e18,0,1,140,0.0,0.0
e18,0,1,141,0.0,0.0
e18,0,1,142,0.0,0.0
e18,0,1,143,0.0,0.0
e18,0,1,144,0.0,0.0
e18,0,1,145,0.0,0.0
e18,0,1,146,0.0,0.0
e18,0,1,147,0.0,0.0
e18,0,1,148,0.0,0.0
e18,0,1,149,0.0,0.0
e18,0,1,150,0.0,0.0
e18,0,1,151,0.0,0.0
e18,0,1,152,0.0,0.0
e18,0,1,153,0.0,0.0
e18,0,1,154,0.0,0.0
e18,0,1,155,0.0,0.0
e18,0,1,156,0.0,0.0
e18,0,1,157,0.0,0.0
e18,0,1,158,0.0,0.0
e18,0,1,159,0.0,0.0
e18,0,1,160,0.0,0.0
e18,0,1,161,0.0,0.0
e18,0,1,162,0.0,0.0
e18,0,1,163,0.0,0.0
e18,0,1,164,0.0,0.0
e18,0,1,165,0.0,0.0
e18,0,1,166,0.0,0.0
e18,0,1,167,0.0,0.0
e18,0,1,168,0.0,0.0
e18,0,1,169,0.0,0.0
e18,0,1,170,0.0,0.0
e18,0,1,171,0.0,0.0
e18,0,1,172,0.0,0.0
e18,0,1,173,0.0,0.0
e18,0,1,174,0.0,0.0
e18,0,1,175,0.0,0.0
e18,0,1,176,0.0,0.0
e18,0,1,177,0.0,0.0
e18,0,1,178,0.0,0.0
e18,0,1,179,0.0,0.0
e18,0,1,180,0.0,0.0
e18,0,1,181,0.0,0.0
e18,0,1,182,0.0,0.0
e18,0,1,183,0.0,0.0
e18,0,1,184,0.0,0.0
e18,0,1,185,0.0,0.0
e18,0,1,186,0.0,0.0
e18,0,1,187,0.0,0.0
e18,0,1,188,0.0,0.0
e18,0,1,189,0.0,0.0
e18,0,1,190,0.0,0.0
e18,0,1,191,1.0,0.0
e18,0,1,192,1.0,0.0
e18,0,1,193,1.0,0.0
e18,0,1,194,1.0,0.0
e18,0,1,195,1.0,0.0
e18,0,1,196,1.0,0.0
e18,0,1,197,1.0,0.0
e18,0,1,198,1.0,0.0
e18,0,1,199,1.0,0.0
e18,0,1,200,1.0,0.0
e18,0,1,201,1.0,0.0
e18,0,1,202,1.0,0.0
e18,0,1,203,1.0,0.0
e18,0,1,204,1.0,0.0
e18,0,1,205,1.0,0.0
e18,0,1,206,1.0,0.0
e18,0,1,207,1.0,0.0
e18,0,1,208,1.0,0.0
e18,0,1,209,1.0,0.0
e18,0,1,210,1.0,0.0
e18,0,1,211,1.0,0.0
e18,0,1,212,1.0,0.0
e18,0,1,213,1.0,0.0
e18,0,1,214,1.0,0.0
e18,0,1,215,1.0,0.0
e18,0,1,216,1.0,0.0
e18,0,1,217,1.0,0.0
e18,0,1,218,1.0,0.0
e18,0,1,219,1.0,0.0
e18,0,1,220,1.0,0.0
e18,0,1,221,1.0,0.0
e18,0,1,222,1.0,0.0
e18,0,1,223,1.0,0.0
e18,0,1,224,1.0,0.0
e18,0,1,225,1.0,0.0
e18,0,1,226,1.0,0.0
e18,0,1,227,1.0,0.0
e18,0,1,228,1.0,0.0
e18,0,1,229,1.0,0.0
e18,0,1,230,1.0,0.0
e18,0,1,231,1.0,0.0
e18,0,1,232,1.0,0.0
e18,0,1,233,1.0,0.0
e18,0,1,234,1.0,0.0
e18,0,1,235,1.0,0.0
e18,0,1,236,1.0,0.0
e18,0,1,237,1.0,0.0
e18,0,1,238,1.0,0.0
e18,0,1,239,1.0,0.0
e18,0,1,240,1.0,0.0
e18,0,1,241,1.0,0.0
e18,0,1,242,1.0,0.0
e18,0,1,243,1.0,0.0
e18,0,1,244,1.0,0.0
e18,0,1,245,1.0,0.0
e18,0,1,246,1.0,0.0
e18,0,1,247,1.0,0.0
e18,0,1,248,1.0,0.0
e18,0,1,249,1.0,0.0
e18,0,1,250,1.0,0.0
e18,0,1,251,1.0,0.0
e18,0,1,252,1.0,0.0
e18,0,1,253,1.0,0.0
e18,0,1,254,1.0,0.0
e18,0,1,255,1.0,0.0
e18,0,1,256,1.0,0.0
e18,0,1,257,1.0,0.0
e18,0,1,258,1.0,0.0
e18,0,1,259,1.0,0.0
e18,0,1,260,1.0,0.0
e18,0,1,261,1.0,0.0
e18,0,1,262,1.0,0.0
e18,0,1,263,1.0,0.0
e18,0,1,264,1.0,0.0
e18,0,1,265,1.0,0.0
e18,0,1,266,1.0,0.0
e18,0,1,267,1.0,0.0
e18,0,1,268,1.0,0.0
e18,0,1,269,1.0,0.0
e18,0,1,270,1.0,0.0
e18,0,1,271,1.0,0.0
e18,0,1,272,1.0,0.0
e18,0,1,273,1.0,0.0
e18,0,1,274,1.0,0.0
e18,0,1,275,1.0,0.0
e18,0,1,276,1.0,0.0
e18,0,1,277,1.0,0.0
e18,0,1,278,1.0,0.0
e18,0,1,279,1.0,0.0
e18,0,1,280,1.0,0.0
e18,0,1,281,1.0,0.0
e18,0,1,282,1.0,0.0
e18,0,1,283,1.0,0.0
e18,0,1,284,1.0,0.0
e18,0,1,285,1.0,0.0
e18,0,1,286,1.0,0.0
e18,0,1,287,1.0,0.0
e18,0,1,288,1.0,0.0
e18,0,1,289,1.0,0.0
e18,0,1,290,1.0,0.0
e18,0,1,291,1.0,0.0
e18,0,1,292,1.0,0.0
e18,0,1,293,1.0,0.0
e18,0,1,294,1.0,0.0
e18,0,1,295,1.0,0.0
e18,0,1,296,1.0,0.0
e18,0,1,297,1.0,0.0
e18,0,1,298,1.0,0.0
e18,0,1,299,1.0,0.0
e18,0,1,300,1.0,0.0
e18,0,1,301,1.0,0.0
e18,0,1,302,1.0,0.0
e18,0,1,303,1.0,0.0
e18,0,1,304,1.0,0.0
e18,0,1,305,1.0,0.0
e18,0,1,306,1.0,0.0
e18,0,1,307,1.0,0.0
e18,0,1,308,1.0,0.0
e18,0,1,309,1.0,0.0
e18,0,1,310,1.0,0.0
e18,0,1,311,1.0,0.0
e18,0,1,312,1.0,0.0
e18,0,1,313,1.0,0.0
e18,0,1,314,1.0,0.0
e18,0,1,315,1.0,0.0
e18,0,1,316,1.0,0.0
e18,0,1,317,1.0,0.0
e18,0,1,318,1.0,0.0
e18,0,1,319,1.0,0.0
e18,0,1,320,1.0,0.0
e18,0,1,321,1.0,0.0
e18,0,1,322,1.0,0.0
e18,0,1,323,1.0,0.0
e18,0,1,324,1.0,0.0
e18,0,1,325,1.0,0.0
e18,0,1,326,1.0,0.0
e18,0,1,327,1.0,0.0
e18,0,1,328,1.0,0.0
e18,0,1,329,1.0,0.0
e18,0,1,330,1.0,0.0
e18,0,1,331,1.0,0.0
e18,0,1,332,1.0,0.0
e18,0,1,333,1.0,0.0
e18,0,1,334,1.0,0.0
e18,0,1,335,1.0,0.0
e18,0,1,336,1.0,0.0
e18,0,1,337,1.0,0.0
e18,0,1,338,1.0,0.0
e18,0,1,339,1.0,0.0
e18,0,1,340,1.0,0.0
e18,0,1,341,1.0,0.0
e18,0,1,342,1.0,0.0
e18,0,1,343,1.0,0.0
e18,0,1,344,1.0,0.0
e18,0,1,345,1.0,0.0
e18,0,1,346,1.0,0.0
e18,0,1,347,1.0,0.0
e18,0,1,348,1.0,0.0
e18,0,1,349,1.0,0.0
e18,0,1,350,1.0,0.0
e18,0,1,351,1.0,0.0
e18,0,1,352,1.0,0.0
e18,0,1,353,1.0,0.0
e18,0,1,354,1.0,0.0
e18,0,1,355,1.0,0.0
e18,0,1,356,1.0,0.0
e18,0,1,357,1.0,0.0
e18,0,1,358,1.0,0.0
e18,0,1,359,1.0,0.0
e18,0,1,360,1.0,0.0
e18,0,1,361,1.0,0.0
e18,0,1,362,1.0,0.0
e18,0,1,363,1.0,0.0
e18,0,1,364,1.0,0.0
e18,0,1,365,1.0,0.0
e18,0,1,366,1.0,0.0
e18,0,1,367,1.0,0.0
e18,0,1,368,1.0,0.0
e18,0,1,369,1.0,0.0
e18,0,1,370,1.0,0.0
e18,0,1,371,1.0,0.0
e18,0,1,372,1.0,0.0
e18,0,1,373,1.0,0.0
e18,0,1,374,1.0,0.0
e18,0,1,375,1.0,0.0
e18,0,1,376,1.0,0.0
e18,0,1,377,1.0,0.0
e18,0,1,378,1.0,0.0
e18,0,1,379,1.0,0.0
e18,0,1,380,1.0,0.0
e18,0,1,381,1.0,0.0
e18,0,1,382,1.0,0.0
e18,0,1,383,1.0,0.0
e18,0,1,384,1.0,0.0
e18,0,1,385,1.0,0.0
e18,0,1,386,1.0,0.0
e18,0,1,387,1.0,0.0
e18,0,1,388,1.0,0.0
e18,0,1,389,1.0,0.0
e18,0,1,390,1.0,0.0
e18,0,1,391,1.0,0.0
e18,0,1,392,1.0,0.0
e18,0,1,393,1.0,0.0
e18,0,1,394,1.0,0.0
e18,0,1,395,1.0,0.0
e18,0,1,396,1.0,0.0
e18,0,1,397,1.0,0.0
e18,0,1,398,1.0,0.0
e18,0,1,399,1.0,0.0
e18,0,1,400,1.0,0.0
e18,0,1,401,1.0,0.0
e18,0,1,402,1.0,0.0
e18,0,1,403,1.0,0.0
e18,0,1,404,1.0,0.0
e18,0,1,405,1.0,0.0
e18,0,1,406,1.0,0.0
e18,0,1,407,1.0,0.0
e18,0,1,408,1.0,0.0
e18,0,1,409,1.0,0.0
e18,0,1,410,1.0,0.0
e18,0,1,411,1.0,0.0
e18,0,1,412,1.0,0.0
e18,0,1,413,1.0,0.0
e18,0,1,414,1.0,0.0
e18,0,1,415,1.0,0.0
e18,0,1,416,1.0,0.0
e18,0,1,417,1.0,0.0
e18,0,1,418,1.0,0.0
e18,0,1,419,1.0,0.0
e18,0,1,420,1.0,0.0
e18,0,1,421,1.0,0.0
e18,0,1,422,1.0,0.0
e18,0,1,423,1.0,0.0
e18,0,1,424,1.0,0.0
e18,0,1,425,1.0,0.0
e18,0,1,426,1.0,0.0
e18,0,1,427,1.0,0.0
e18,0,1,428,1.0,0.0
e18,0,1,429,1.0,0.0
e18,0,1,430,1.0,0.0
e18,0,1,431,1.0,0.0
e18,0,1,432,1.0,0.0
e18,0,1,433,1.0,0.0
e18,0,1,434,1.0,0.0
e18,0,1,435,1.0,0.0
e18,0,1,436,1.0,0.0
e18,0,1,437,1.0,0.0
e18,0,1,438,1.0,0.0
e18,0,1,439,1.0,0.0
e18,0,1,440,1.0,0.0
e18,3,0,0,0.0,0.0
e18,3,0,1,0.0,0.0
e18,3,0,2,0.0,0.0
e18,3,0,3,0.0,0.0
e18,3,0,4,0.0,0.0
e18,3,0,5,0.0,0.0
e18,3,0,6,0.0,0.0
e18,3,0,7,0.0,0.0
e18,3,0,8,0.0,0.0
e18,3,0,9,0.0,0.0
e18,3,0,10,0.0,0.0
e18,3,0,11,0.0,0.0
e18,3,0,12,0.0,0.0
e18,3,0,13,0.0,0.0
e18,3,0,14,0.0,0.0
e18,3,0,15,0.0,0.0
e18,3,0,16,0.0,0.0
e18,3,0,17,0.0,0.0
e18,3,0,18,0.0,0.0
e18,3,0,19,0.0,0.5
e18,3,0,20,0.0,0.5
e18,3,0,21,0.0,0.5
e18,3,0,22,0.0,0.5
e18,3,0,23,0.0,0.5
e18,3,0,24,0.0,0.5
e18,3,0,25,0.0,0.5
e18,3,0,26,0.0,0.5
e18,3,0,27,0.0,0.5
e18,3,0,28,0.0,0.5
e18,3,0,29,0.0,0.5
e18,3,0,30,0.0,0.5
e18,3,0,31,0.0,0.5
e18,3,0,32,0.0,0.5
e18,3,0,33,0.0,0.5
e18,3,0,34,0.0,0.5
e18,3,0,35,0.0,0.5
e18,3,0,36,0.0,0.5
e18,3,0,37,0.0,0.5
e18,3,0,38,0.0,0.5
e18,3,0,39,0.0,0.5
e18,3,0,40,0.0,0.5
e18,3,0,41,0.0,0.5
e18,3,0,42,0.0,0.5
e18,3,0,43,0.0,0.5
e18,3,0,44,0.0,0.5
e18,3,0,45,0.0,0.5
e18,3,0,46,0.0,0.5
e18,3,0,47,0.0,0.5
e18,3,0,48,0.0,0.5
e18,3,0,49,0.0,0.5
e18,3,0,50,0.0,0.5
e18,3,0,51,0.0,0.5
e18,3,0,52,0.0,0.5
e18,3,0,53,0.0,0.5
e18,3,0,54,0.0,0.5
e18,3,0,55,0.0,0.5
e18,3,0,56,0.0,0.5
e18,3,0,57,0.0,0.5
e18,3,0,58,0.0,0.5
e18,3,0,59,0.0,0.5
e18,3,0,60,0.0,0.5
e18,3,0,61,0.0,0.5
e18,3,0,62,0.0,0.5
e18,3,0,63,0.0,0.5
e18,3,0,64,0.0,0.5
e18,3,0,65,0.0,0.5
e18,3,0,66,0.0,0.5
e18,3,0,67,0.0,0.5
e18,3,0,68,0.0,0.5
e18,3,0,69,0.0,0.5
e18,3,0,70,0.0,0.5
e18,3,0,71,0.0,0.5
e18,3,0,72,0.0,0.5
e18,3,0,73,0.0,0.5
e18,3,0,74,0.0,0.5
e18,3,0,75,0.0,0.5
e18,3,0,76,0.0,0.5
e18,3,0,77,0.0,0.5
e18,3,0,78,0.0,0.5
e18,3,0,79,0.0,0.5
e18,3,0,80,0.0,0.5
e18,3,0,81,0.0,0.5
e18,3,0,82,0.0,0.5
e18,3,0,83,0.0,0.5
e18,3,0,84,0.0,0.5
e18,3,0,85,0.0,0.5
e18,3,0,86,0.0,0.5
e18,3,0,87,0.0,0.5
e18,3,0,88,0.0,0.5
e18,3,0,89,0.0,0.5
e18,3,0,90,0.0,0.5
e18,3,0,91,0.0,0.5
e18,3,0,92,0.0,0.5
e18,3,0,93,0.0,0.5
e18,3,0,94,0.0,0.5
e18,3,0,95,0.0,0.5
e18,3,0,96,0.0,0.5
e18,3,0,97,0.0,0.5
e18,3,0,98,0.0,0.5
e18,3,0,99,0.0,0.5
e18,3,0,100,0.0,0.5
e18,3,0,101,0.0,0.5
e18,3,0,102,0.0,0.5
e18,3,0,103,0.0,0.5
e18,3,0,104,0.0,0.5
e18,3,0,105,0.0,0.5
e18,3,0,106,0.0,0.5
e18,3,0,107,0.0,0.5
e18,3,0,108,0.0,0.5
e18,3,0,109,0.0,0.5
e18,3,0,110,0.0,0.5
e18,3,0,111,0.0,0.5
e18,3,0,112,0.0,0.5
e18,3,0,113,0.0,0.5
e18,3,0,114,0.0,0.5
e18,3,0,115,0.0,0.5
e18,3,0,116,0.0,0.5
e18,3,0,117,0.0,0.5
e18,3,0,118,0.0,0.5
e18,3,0,119,0.0,0.5
e18,3,0,120,0.0,0.5
e18,3,0,121,0.0,0.5
e18,3,0,122,0.0,0.5
e18,3,0,123,0.0,0.5
e18,3,0,124,0.0,0.5
e18,3,0,125,0.0,0.5
e18,3,0,126,0.0,0.5
e18,3,0,127,0.0,0.5
e18,3,0,128,0.0,0.5
e18,3,0,129,0.0,0.5
e18,3,0,130,0.0,0.5
e18,3,0,131,0.0,0.5
e18,3,0,132,0.0,0.5
e18,3,0,133,0.0,0.5
e18,3,0,134,0.0,0.5
e18,3,0,135,0.0,0.5
e18,3,0,136,0.0,0.5
e18,3,0,137,0.0,0.5
e18,3,0,138,0.0,0.5
e18,3,0,139,0.0,0.5
e18,3,0,140,0.5,0.5
e18,3,0,141,0.5,0.5
e18,3,0,142,0.5,0.5
e18,3,0,143,0.5,0.5
e18,3,0,144,0.5,0.5
e18,3,0,145,0.5,0.5
e18,3,0,146,0.5,0.5
e18,3,0,147,0.5,0.5
e18,3,0,148,0.5,0.5
e18,3,0,149,0.5,0.5
e18,3,0,150,0.5,0.5
e18,3,0,151,0.5,0.5
e18,3,0,152,0.5,0.5
e18,3,0,153,0.5,0.5
e18,3,0,154,0.5,0.5
e18,3,0,155,0.5,0.5
e18,3,0,156,0.5,0.5
e18,3,0,157,0.5,0.5
e18,3,0,158,0.5,0.5
e18,3,0,159,0.5,0.5
e18,3,0,160,0.5,0.5
e18,3,0,161,0.5,0.5
e18,3,0,162,0.5,0.5
e18,3,0,163,0.5,0.5
e18,3,0,164,0.5,0.5
e18,3,0,165,0.5,0.5
e18,3,0,166,0.5,0.5
e18,3,0,167,0.5,0.5
e18,3,0,168,0.5,0.5
e18,3,0,169,0.5,0.5
e18,3,0,170,0.5,0.5
e18,3,0,171,0.5,0.5
e18,3,0,172,0.5,0.5
e18,3,0,173,0.5,0.5
e18,3,0,174,0.5,0.5
e18,3,0,175,0.5,0.5
e18,3,0,176,0.5,0.5
e18,3,0,177,0.5,0.5
e18,3,0,178,0.5,0.5
e18,3,0,179,0.5,0.5
e18,3,0,180,0.5,0.5
e18,3,0,181,0.5,0.5
e18,3,0,182,0.5,0.5
e18,3,0,183,0.5,0.5
e18,3,0,184,0.5,0.5
e18,3,0,185,0.5,0.5
e18,3,0,186,0.5,0.5
e18,3,0,187,0.5,0.5
e18,3,0,188,0.5,0.5
e18,3,0,189,0.5,0.5
e18,3,0,190,0.5,0.5
e18,3,0,191,0.5,0.5
e18,3,0,192,0.5,0.5
e18,3,0,193,0.5,0.5
e18,3,0,194,0.5,0.5
e18,3,0,195,0.5,0.5
e18,3,0,196,0.5,0.5
e18,3,0,197,0.5,0.5
e18,3,0,198,0.5,0.5
e18,3,0,199,0.5,0.5
e18,3,0,200,0.5,0.5
e18,3,0,201,0.5,0.5
e18,3,0,202,0.5,0.5
e18,3,0,203,0.5,0.5
e18,3,0,204,0.5,0.5
e18,3,0,205,0.5,0.5
e18,3,0,206,0.5,0.5
e18,3,0,207,0.5,0.5
e18,3,0,208,0.5,0.5
e18,3,0,209,0.5,0.5
e18,3,0,210,0.5,0.5
e18,3,0,211,0.5,0.5
e18,3,0,212,0.5,0.5
e18,3,0,213,0.5,0.5
e18,3,0,214,0.5,0.5
e18,3,0,215,0.5,0.5
e18,3,0,216,0.5,0.5
e18,3,0,217,0.5,0.5
e18,3,0,218,0.5,0.5
e18,3,0,219,0.5,0.5
e18,3,0,220,0.5,0.5
e18,3,0,221,0.5,0.5
e18,3,0,222,0.5,0.5
e18,3,0,223,0.5,0.5
e18,3,0,224,0.5,0.5
e18,3,0,225,0.5,0.5
e18,3,0,226,0.5,0.5
e18,3,0,227,0.5,0.5
e18,3,0,228,0.5,0.5
e18,3,0,229,0.5,0.5
e18,3,0,230,0.5,0.5
e18,3,0,231,0.5,0.5
e18,3,0,232,0.5,0.5
e18,3,0,233,0.5,0.5
e18,3,0,234,0.5,0.5
e18,3,0,235,0.5,0.5
e18,3,0,236,0.5,0.5
e18,3,0,237,0.5,0.5
e18,3,0,238,0.5,0.5
e18,3,0,239,0.5,0.5
e18,3,0,240,0.5,0.5
e18,3,0,241,0.5,0.5
e18,3,0,242,0.5,0.5
e18,3,0,243,0.5,0.5
e18,3,0,244,0.5,0.5
e18,3,0,245,0.5,0.5
e18,3,0,246,0.5,0.5
e18,3,0,247,0.5,0.5
e18,3,0,248,0.5,0.5
e18,3,0,249,0.5,0.5
e18,3,0,250,0.5,0.5
e18,3,0,251,0.5,0.5
e18,3,0,252,0.5,0.5
e18,3,0,253,0.5,0.5
e18,3,0,254,0.5,0.5
e18,3,0,255,0.5,0.5
e18,3,0,256,0.5,0.5
e18,3,0,257,0.5,0.5
e18,3,0,258,0.5,0.5
e18,3,0,259,0.5,0.5
e18,3,0,260,0.5,0.5
e18,3,0,261,0.5,0.5
e18,3,0,262,0.5,0.5
e18,3,0,263,0.5,0.5
e18,3,0,264,0.5,0.5
e18,3,0,265,0.5,0.5
e18,3,0,266,0.5,0.5
e18,3,0,267,0.5,0.5
e18,3,0,268,0.5,0.5
e18,3,0,269,0.5,0.5
e18,3,0,270,0.5,0.5
e18,3,0,271,0.5,0.5
e18,3,0,272,0.5,0.5
e18,3,0,273,0.5,0.5
e18,3,0,274,0.5,0.5
e18,3,0,275,0.5,0.5
e18,3,0,276,0.5,0.5
e18,3,0,277,0.5,0.5
e18,3,0,278,0.5,0.5
e18,3,0,279,0.5,0.5
e18,3,0,280,0.5,0.5
e18,3,0,281,0.5,0.5
e18,3,0,282,0.5,0.5
e18,3,0,283,0.5,0.5
e18,3,0,284,0.5,0.5
e18,3,0,285,0.5,0.5
e18,3,0,286,0.5,0.5
e18,3,0,287,0.5,0.5
e18,3,0,288,0.5,0.5
e18,3,0,289,0.5,0.5
e18,3,0,290,0.5,0.5
e18,3,0,291,0.5,0.5
e18,3,0,292,0.5,0.5
e18,3,0,293,0.5,0.5
e18,3,0,294,0.5,0.5
e18,3,0,295,0.5,0.5
e18,3,0,296,0.5,0.5
e18,3,0,297,0.5,0.5
e18,3,0,298,0.5,0.5
e18,3,0,299,0.5,0.5
e18,3,0,300,0.5,0.5
e18,3,0,301,0.5,0.5
e18,3,0,302,0.5,0.5
e18,3,0,303,0.5,0.5
e18,3,0,304,0.5,0.5
e18,3,0,305,0.5,0.5
e18,3,0,306,0.5,0.5
e18,3,0,307,0.5,0.5
e18,3,0,308,0.5,0.5
e18,3,0,309,0.5,0.5
e18,3,0,310,0.5,0.5
e18,3,0,311,0.5,0.5
e18,3,0,312,0.5,0.5
e18,3,0,313,0.5,0.5
e18,3,0,314,0.5,0.5
e18,3,0,315,0.5,0.5
e18,3,0,316,0.5,0.5
e18,3,0,317,0.5,0.5
e18,3,0,318,0.5,0.5
e18,3,0,319,0.5,0.5
e18,3,0,320,0.5,0.5
e18,3,0,321,0.5,0.5
e18,3,0,322,0.5,0.5
e18,3,0,323,0.5,0.5
e18,3,0,324,0.5,0.5
e18,3,0,325,0.5,0.5
e18,3,0,326,0.5,0.5
e18,3,0,327,0.5,0.5
e18,3,0,328,0.5,0.5
e18,3,0,329,0.5,0.5
e18,3,0,330,0.5,0.5
e18,3,0,331,0.5,0.5
e18,3,0,332,0.5,0.5
e18,3,0,333,0.5,0.5
e18,3,0,334,0.5,0.5
e18,3,0,335,0.5,0.5
e18,3,0,336,0.5,0.5
e18,3,0,337,0.5,0.5
e18,3,0,338,0.5,0.5
e18,3,0,339,0.5,0.5
e18,3,0,340,0.5,0.5
e18,3,0,341,0.5,0.5
e18,3,0,342,0.5,0.5
e18,3,0,343,0.5,0.5
e18,3,0,344,0.5,0.5
e18,3,0,345,0.5,0.5
e18,3,0,346,0.5,0.5
e18,3,0,347,0.5,0.5
e18,3,0,348,0.5,0.5
e18,3,0,349,0.5,0.5
e18,3,0,350,0.5,0.5
e18,3,0,351,0.5,0.5
e18,3,0,352,0.5,0.5
e18,3,0,353,0.5,0.5
e18,3,0,354,0.5,0.5
e18,3,0,355,0.5,0.5
e18,3,0,356,0.5,0.5
e18,3,0,357,0.5,0.5
e18,3,0,358,0.5,0.5
e18,3,0,359,0.5,0.5
e18,3,0,360,0.5,0.5
e18,3,0,361,0.5,0.5
e18,3,0,362,0.5,0.5
e18,3,0,363,0.5,0.5
e18,3,0,364,0.5,0.5
e18,3,0,365,0.5,0.5
e18,3,0,366,0.5,0.5
e18,3,0,367,0.5,0.5
e18,3,0,368,0.5,0.5
e18,3,0,369,0.5,0.5
e18,3,0,370,0.5,0.5
e18,3,0,371,0.5,0.5
e18,3,0,372,0.5,0.5
e18,3,0,373,0.5,0.5
e18,3,0,374,0.5,0.5
e18,3,0,375,0.5,0.5
e18,3,0,376,0.5,0.5
e18,3,0,377,0.5,0.5
e18,3,0,378,0.5,0.5
e18,3,0,379,0.5,0.5
e18,3,0,380,0.5,0.5
e18,3,0,381,0.5,0.5
e18,3,0,382,0.5,0.5
e18,3,0,383,0.5,0.5
e18,3,0,384,0.5,0.5
e18,3,0,385,0.5,0.5
e18,3,0,386,0.5,0.5
e18,3,0,387,0.5,0.5
e18,3,0,388,0.5,0.5
e18,3,0,389,0.5,0.5
e18,3,0,390,0.5,0.5
e18,3,0,391,0.5,0.5
e18,3,0,392,0.5,0.5
e18,3,0,393,0.5,0.5
e18,3,0,394,0.5,0.5
e18,3,0,395,0.5,0.5
e18,3,0,396,0.5,0.5
e18,3,0,397,0.5,0.5
e18,3,0,398,0.5,0.5
e18,3,0,399,0.5,0.5
e18,3,0,400,0.5,0.5
e18,3,0,401,0.5,0.5
e18,3,0,402,0.5,0.5
e18,3,0,403,0.5,0.5
e18,3,0,404,0.5,0.5
e18,3,0,405,0.5,0.5
e18,3,0,406,0.5,0.5
e18,3,0,407,0.5,0.5
e18,3,0,408,0.5,0.5
e18,3,0,409,0.5,0.5
e18,3,0,410,0.5,0.5
e18,3,0,411,0.5,0.5
e18,3,0,412,0.5,0.5
e18,3,0,413,0.5,0.5
e18,3,0,414,0.5,0.5
e18,3,0,415,0.5,0.5
e18,3,0,416,0.5,0.5
e18,3,0,417,0.5,0.5
e18,3,0,418,0.5,0.5
e18,3,0,419,0.5,0.5
e18,3,0,420,0.5,0.5
e18,3,0,421,0.5,0.5
e18,3,0,422,0.5,0.5
e18,3,0,423,0.5,0.5
e18,3,0,424,0.5,0.5
e18,3,0,425,0.5,0.5
e18,3,0,426,0.5,0.5
e18,3,0,427,0.5,0.5
e18,3,0,428,0.5,0.5
e18,3,0,429,0.5,0.5
e18,3,0,430,0.5,0.5
e18,3,0,431,0.5,0.5
e18,3,0,432,0.5,0.5
e18,3,0,433,0.5,0.5
e18,3,0,434,0.5,0.5
e18,3,0,435,0.5,0.5
e18,3,0,436,0.5,0.5
e18,3,0,437,0.5,0.5
e18,3,0,438,0.5,0.5
e18,3,0,439,0.5,0.5
e18,3,0,440,0.5,0.5
e18,3,1,0,0.0,0.0
e18,3,1,1,0.0,0.0
e18,3,1,2,0.0,0.0
e18,3,1,3,0.0,0.0
e18,3,1,4,0.0,0.0
e18,3,1,5,0.0,0.0
e18,3,1,6,0.0,0.0
e18,3,1,7,0.0,0.0
e18,3,1,8,0.0,0.0
e18,3,1,9,0.0,0.0
e18,3,1,10,0.0,0.0
e18,3,1,11,0.0,0.0
e18,3,1,12,0.0,0.0
e18,3,1,13,0.0,0.0
e18,3,1,14,0.0,0.0
e18,3,1,15,0.0,0.0
e18,3,1,16,0.0,0.0
e18,3,1,17,0.0,0.0
e18,3,1,18,0.0,0.0
e18,3,1,19,0.0,0.0
e18,3,1,20,0.0,0.0
e18,3,1,21,0.0,0.0
e18,3,1,22,0.0,0.0
e18,3,1,23,0.0,0.0
e18,3,1,24,0.0,0.0
e18,3,1,25,0.0,0.0
e18,3,1,26,0.0,0.0
e18,3,1,27,0.0,0.0
e18,3,1,28,0.0,0.0
e18,3,1,29,0.0,0.0
e18,3,1,30,0.0,0.0
e18,3,1,31,0.0,0.0
e18,3,1,32,0.0,0.0
e18,3,1,33,0.0,0.0
e18,3,1,34,0.0,0.0
e18,3,1,35,0.0,0.0
e18,3,1,36,0.0,0.0
e18,3,1,37,0.0,0.0
e18,3,1,38,0.0,0.0
e18,3,1,39,0.0,0.0
e18,3,1,40,0.0,0.0
e18,3,1,41,0.0,0.0
e18,3,1,42,0.0,0.0
e18,3,1,43,0.0,0.0
e18,3,1,44,0.0,0.0
e18,3,1,45,0.0,0.0
e18,3,1,46,0.0,0.0
e18,3,1,47,0.0,0.0
e18,3,1,48,0.0,0.0
e18,3,1,49,0.0,0.0
e18,3,1,50,0.0,0.0
e18,3,1,51,0.0,0.0
e18,3,1,52,0.0,0.0
e18,3,1,53,0.0,0.0
e18,3,1,54,0.0,0.0
e18,3,1,55,0.0,0.0
e18,3,1,56,0.0,0.0
e18,3,1,57,0.0,0.0
e18,3,1,58,0.0,0.0
e18,3,1,59,0.0,0.0
e18,3,1,60,0.0,0.0
e18,3,1,61,0.0,0.0
e18,3,1,62,0.0,0.0
e18,3,1,63,0.0,0.0
e18,3,1,64,0.0,0.0
e18,3,1,65,0.0,0.0
e18,3,1,66,0.0,0.0
e18,3,1,67,0.0,0.0
e18,3,1,68,0.0,0.0
e18,3,1,69,0.0,0.0
e18,3,1,70,0.0,0.0
e18,3,1,71,0.0,0.0
e18,3,1,72,0.0,0.0
e18,3,1,73,0.0,0.0
e18,3,1,74,0.0,0.0
e18,3,1,75,0.0,0.0
e18,3,1,76,0.0,0.0
e18,3,1,77,0.0,0.0
e18,3,1,78,0.0,0.0
e18,3,1,79,0.0,0.0
e18,3,1,80,0.0,0.0
e18,3,1,81,0.0,0.0
e18,3,1,82,0.0,0.0
e18,3,1,83,0.0,0.0
e18,3,1,84,0.0,0.0
e18,3,1,85,0.0,0.0
e18,3,1,86,0.0,0.0
e18,3,1,87,0.0,0.0
e18,3,1,88,0.0,0.0
e18,3,1,89,0.0,0.0
e18,3,1,90,0.0,0.0
e18,3,1,91,0.0,0.0
e18,3,1,92,0.0,0.0
e18,3,1,93,0.0,0.0
e18,3,1,94,0.0,0.0
e18,3,1,95,0.0,0.0
e18,3,1,96,0.0,0.0
e18,3,1,97,0.0,0.0
e18,3,1,98,0.0,0.0
e18,3,1,99,0.0,0.0
e18,3,1,100,0.0,0.0
e18,3,1,101,0.0,0.0
e18,3,1,102,0.0,0.0
e18,3,1,103,0.0,0.0
e18,3,1,104,0.0,0.0
e18,3,1,105,0.0,0.0
e18,3,1,106,0.0,0.0
e18,3,1,107,0.0,0.0
e18,3,1,108,0.0,0.0
e18,3,1,109,0.0,0.0
e18,3,1,110,0.0,0.0
e18,3,1,111,0.0,0.0
e18,3,1,112,0.0,0.0
e18,3,1,113,0.0,0.0
e18,3,1,114,0.0,0.0
e18,3,1,115,0.0,0.0
e18,3,1,116,0.0,0.0
e18,3,1,117,0.0,0.0
e18,3,1,118,0.0,0.0
e18,3,1,119,0.0,0.0
e18,3,1,120,0.0,0.0
e18,3,1,121,0.0,0.0
e18,3,1,122,0.0,0.0
e18,3,1,123,0.0,0.0
e18,3,1,124,0.0,0.0
e18,3,1,125,0.0,0.0
e18,3,1,126,0.0,0.0
e18,3,1,127,0.0,0.0
e18,3,1,128,0.0,0.0
e18,3,1,129,0.0,0.0
e18,3,1,130,0.0,0.0
e18,3,1,131,0.0,0.0
e18,3,1,132,0.0,0.0
e18,3,1,133,0.0,0.0
e18,3,1,134,0.0,0.0
e18,3,1,135,0.0,0.0
e18,3,1,136,0.0,0.0
e18,3,1,137,0.0,0.0
e18,3,1,138,0.0,0.0
e18,3,1,139,0.0,0.0
e18,3,1,140,0.0,0.0
e18,3,1,141,0.0,0.0
e18,3,1,142,0.0,0.0
e18,3,1,143,0.0,0.0
e18,3,1,144,0.0,0.0
e18,3,1,145,0.0,0.0
e18,3,1,146,0.0,0.0
e18,3,1,147,0.0,0.0
e18,3,1,148,0.0,0.0
e18,3,1,149,0.0,0.0
e18,3,1,150,0.0,0.0
e18,3,1,151,0.0,0.0
e18,3,1,152,0.0,0.0
e18,3,1,153,0.0,0.0
e18,3,1,154,0.0,0.0
e18,3,1,155,0.0,0.0
e18,3,1,156,0.0,0.0
e18,3,1,157,0.0,0.0
e18,3,1,158,0.0,0.0
e18,3,1,159,0.0,0.0
e18,3,1,160,0.0,0.0
e18,3,1,161,0.0,0.0
e18,3,1,162,0.0,0.0
e18,3,1,163,0.0,0.0
e18,3,1,164,0.0,0.0
e18,3,1,165,0.0,0.0
e18,3,1,166,0.0,0.0
e18,3,1,167,0.0,0.0
e18,3,1,168,1.0,0.0
e18,3,1,169,1.0,0.0
e18,3,1,170,1.0,0.0
e18,3,1,171,1.0,0.0
e18,3,1,172,1.0,0.0
e18,3,1,173,1.0,0.0
e18,3,1,174,1.0,0.0
e18,3,1,175,1.0,0.0
e18,3,1,176,1.0,0.0
e18,3,1,177,1.0,0.0
e18,3,1,178,1.0,0.0
e18,3,1,179,1.0,0.0
e18,3,1,180,1.0,0.0
e18,3,1,181,1.0,0.0
e18,3,1,182,1.0,0.0
e18,3,1,183,1.0,0.0
e18,3,1,184,1.0,0.0
e18,3,1,185,1.0,0.0
e18,3,1,186,1.0,0.0
e18,3,1,187,1.0,0.0
e18,3,1,188,1.0,0.0
e18,3,1,189,1.0,0.0
e18,3,1,190,1.0,0.0
e18,3,1,191,1.0,0.0
e18,3,1,192,1.0,0.0
e18,3,1,193,1.0,0.0
e18,3,1,194,1.0,0.0
e18,3,1,195,1.0,0.0
e18,3,1,196,1.0,0.0
e18,3,1,197,1.0,0.0
e18,3,1,198,1.0,0.0
e18,3,1,199,1.0,0.0
e18,3,1,200,1.0,0.0
e18,3,1,201,1.0,0.0
e18,3,1,202,1.0,0.0
e18,3,1,203,1.0,0.0
e18,3,1,204,1.0,0.0
e18,3,1,205,1.0,0.0
e18,3,1,206,1.0,0.0
e18,3,1,207,1.0,0.0
e18,3,1,208,1.0,0.0
e18,3,1,209,1.0,0.0
e18,3,1,210,1.0,0.0
e18,3,1,211,1.0,0.0
e18,3,1,212,1.0,0.0
e18,3,1,213,1.0,0.0
e18,3,1,214,1.0,0.0
e18,3,1,215,1.0,0.0
e18,3,1,216,1.0,0.0
e18,3,1,217,1.0,0.0
e18,3,1,218,1.0,0.0
e18,3,1,219,1.0,0.0
e18,3,1,220,1.0,0.0
e18,3,1,221,1.0,0.0
e18,3,1,222,1.0,0.0
e18,3,1,223,1.0,0.0
e18,3,1,224,1.0,0.0
e18,3,1,225,1.0,0.0
e18,3,1,226,1.0,0.0
e18,3,1,227,1.0,0.0
e18,3,1,228,1.0,0.0
e18,3,1,229,1.0,0.0
e18,3,1,230,1.0,0.0
e18,3,1,231,1.0,0.0
e18,3,1,232,1.0,0.0
e18,3,1,233,1.0,0.0
e18,3,1,234,1.0,0.0
e18,3,1,235,1.0,0.0
e18,3,1,236,1.0,0.0
e18,3,1,237,1.0,0.0
e18,3,1,238,1.0,0.0
e18,3,1,239,1.0,0.0
e18,3,1,240,1.0,0.0
e18,3,1,241,1.0,0.0
e18,3,1,242,1.0,0.0
e18,3,1,243,1.0,0.0
e18,3,1,244,1.0,0.0
e18,3,1,245,1.0,0.0
e18,3,1,246,1.0,0.0
e18,3,1,247,1.0,0.0
e18,3,1,248,1.0,0.0
e18,3,1,249,1.0,0.0
e18,3,1,250,1.0,0.0
e18,3,1,251,1.0,0.0
e18,3,1,252,1.0,0.0
e18,3,1,253,1.0,0.0
e18,3,1,254,1.0,0.0
e18,3,1,255,1.0,0.0
e18,3,1,256,1.0,0.0
e18,3,1,257,1.0,0.0
e18,3,1,258,1.0,0.0
e18,3,1,259,1.0,0.0
e18,3,1,260,1.0,0.0
e18,3,1,261,1.0,0.0
e18,3,1,262,1.0,0.0
e18,3,1,263,1.0,0.0
e18,3,1,264,1.0,0.0
e18,3,1,265,1.0,0.0
e18,3,1,266,1.0,0.0
e18,3,1,267,1.0,0.0
e18,3,1,268,1.0,0.0
e18,3,1,269,1.0,0.0
e18,3,1,270,1.0,0.0
e18,3,1,271,1.0,0.0
e18,3,1,272,1.0,0.0
e18,3,1,273,1.0,0.0
e18,3,1,274,1.0,0.0
e18,3,1,275,1.0,0.0
e18,3,1,276,1.0,0.0
e18,3,1,277,1.0,0.0
e18,3,1,278,1.0,0.0
e18,3,1,279,1.0,0.0
e18,3,1,280,1.0,0.0
e18,3,1,281,1.0,0.0
e18,3,1,282,1.0,0.0
e18,3,1,283,1.0,0.0
e18,3,1,284,1.0,0.0
e18,3,1,285,1.0,0.0
e18,3,1,286,1.0,0.0
e18,3,1,287,1.0,0.0
e18,3,1,288,1.0,0.0
e18,3,1,289,1.0,0.0
e18,3,1,290,1.0,0.0
e18,3,1,291,1.0,0.0
e18,3,1,292,1.0,0.0
e18,3,1,293,1.0,0.0
e18,3,1,294,1.0,0.0
e18,3,1,295,1.0,0.0
e18,3,1,296,1.0,0.0
e18,3,1,297,1.0,0.0
e18,3,1,298,1.0,0.0
e18,3,1,299,1.0,0.0
e18,3,1,300,1.0,0.0
e18,3,1,301,1.0,0.0
e18,3,1,302,1.0,0.0
e18,3,1,303,1.0,0.0
e18,3,1,304,1.0,0.0
e18,3,1,305,1.0,0.0
e18,3,1,306,1.0,0.0
e18,3,1,307,1.0,0.0
e18,3,1,308,1.0,0.0
e18,3,1,309,1.0,0.0
e18,3,1,310,1.0,0.0
e18,3,1,311,1.0,0.0
e18,3,1,312,1.0,0.0
e18,3,1,313,1.0,0.0
e18,3,1,314,1.0,0.0
e18,3,1,315,1.0,0.0
e18,3,1,316,1.0,0.0
e18,3,1,317,1.0,0.0
e18,3,1,318,1.0,0.0
e18,3,1,319,1.0,0.0
e18,3,1,320,1.0,0.0
e18,3,1,321,1.0,0.0
e18,3,1,322,1.0,0.0
e18,3,1,323,1.0,0.0
e18,3,1,324,1.0,0.0
e18,3,1,325,1.0,0.0
e18,3,1,326,1.0,0.0
e18,3,1,327,1.0,0.0
e18,3,1,328,1.0,0.0
e18,3,1,329,1.0,0.0
e18,3,1,330,1.0,0.0
e18,3,1,331,1.0,0.0
e18,3,1,332,1.0,0.0
e18,3,1,333,1.0,0.0
e18,3,1,334,1.0,0.0
e18,3,1,335,1.0,0.0
e18,3,1,336,1.0,0.0
e18,3,1,337,1.0,0.0
e18,3,1,338,1.0,0.0
e18,3,1,339,1.0,0.0
e18,3,1,340,1.0,0.0
e18,3,1,341,1.0,0.0
e18,3,1,342,1.0,0.0
e18,3,1,343,1.0,0.0
e18,3,1,344,1.0,0.0
e18,3,1,345,1.0,0.0
e18,3,1,346,1.0,0.0
e18,3,1,347,1.0,0.0
e18,3,1,348,1.0,0.0
e18,3,1,349,1.0,0.0
e18,3,1,350,1.0,0.0
e18,3,1,351,1.0,0.0
e18,3,1,352,1.0,0.0
e18,3,1,353,1.0,0.0
e18,3,1,354,1.0,0.0
e18,3,1,355,1.0,0.0
e18,3,1,356,1.0,0.0
e18,3,1,357,1.0,0.0
e18,3,1,358,1.0,0.0
e18,3,1,359,1.0,0.0
e18,3,1,360,1.0,0.0
e18,3,1,361,1.0,0.0
e18,3,1,362,1.0,0.0
e18,3,1,363,1.0,0.0
e18,3,1,364,1.0,0.0
e18,3,1,365,1.0,0.0
e18,3,1,366,1.0,0.0
e18,3,1,367,1.0,0.0
e18,3,1,368,1.0,0.0
e18,3,1,369,1.0,0.0
e18,3,1,370,1.0,0.0
e18,3,1,371,1.0,0.0
e18,3,1,372,1.0,0.0
e18,3,1,373,1.0,0.0
e18,3,1,374,1.0,0.0
e18,3,1,375,1.0,0.0
e18,3,1,376,1.0,0.0
e18,3,1,377,1.0,0.0
e18,3,1,378,1.0,0.0
e18,3,1,379,1.0,0.0
e18,3,1,380,1.0,0.0
e18,3,1,381,1.0,0.0
e18,3,1,382,1.0,0.0
e18,3,1,383,1.0,0.0
e18,3,1,384,1.0,0.0
e18,3,1,385,1.0,0.0
e18,3,1,386,1.0,0.0
e18,3,1,387,1.0,0.0
e18,3,1,388,1.0,0.0
e18,3,1,389,1.0,0.0
e18,3,1,390,1.0,0.0
e18,3,1,391,1.0,0.0
e18,3,1,392,1.0,0.0
e18,3,1,393,1.0,0.0
e18,3,1,394,1.0,0.0
e18,3,1,395,1.0,0.0
e18,3,1,396,1.0,0.0
e18,3,1,397,1.0,0.0
e18,3,1,398,1.0,0.0
e18,3,1,399,1.0,0.0
e18,3,1,400,1.0,0.0
e18,3,1,401,1.0,0.0
e18,3,1,402,1.0,0.0
e18,3,1,403,1.0,0.0
e18,3,1,404,1.0,0.0
e18,3,1,405,1.0,0.0
e18,3,1,406,1.0,0.0
e18,3,1,407,1.0,0.0
e18,3,1,408,1.0,0.0
e18,3,1,409,1.0,0.0
e18,3,1,410,1.0,0.0
e18,3,1,411,1.0,0.0
e18,3,1,412,1.0,0.0
e18,3,1,413,1.0,0.0
e18,3,1,414,1.0,0.0
e18,3,1,415,1.0,0.0
e18,3,1,416,1.0,0.0
e18,3,1,417,1.0,0.0
e18,3,1,418,1.0,0.0
e18,3,1,419,1.0,0.0
e18,3,1,420,1.0,0.0
e18,3,1,421,1.0,0.0
e18,3,1,422,1.0,0.0
e18,3,1,423,1.0,0.0
e18,3,1,424,1.0,0.0
e18,3,1,425,1.0,0.0
e18,3,1,426,1.0,0.0
e18,3,1,427,1.0,0.0
e18,3,1,428,1.0,0.0
e18,3,1,429,1.0,0.0
e18,3,1,430,1.0,0.0
e18,3,1,431,1.0,0.0
e18,3,1,432,1.0,0.0
e18,3,1,433,1.0,0.0
e18,3,1,434,1.0,0.0
e18,3,1,435,1.0,0.0
e18,3,1,436,1.0,0.0
e18,3,1,437,1.0,0.0
e18,3,1,438,1.0,0.0
e18,3,1,439,1.0,0.0
e18,3,1,440,1.0,0.0
e18,10,0,0,0.0,0.0
e18,10,0,1,0.0,0.0
e18,10,0,2,0.0,0.0
e18,10,0,3,0.0,0.0
e18,10,0,4,0.0,0.0
e18,10,0,5,0.0,0.0
e18,10,0,6,0.0,0.0
e18,10,0,7,0.0,0.0
e18,10,0,8,0.0,0.0
e18,10,0,9,0.0,0.0
e18,10,0,10,0.0,0.0
e18,10,0,11,0.0,0.0
e18,10,0,12,0.0,0.0
e18,10,0,13,0.0,0.0
e18,10,0,14,0.0,0.0
e18,10,0,15,0.0,0.0
e18,10,0,16,0.0,0.0
e18,10,0,17,0.0,0.0
e18,10,0,18,0.0,0.0
e18,10,0,19,0.0,0.0
e18,10,0,20,0.0,0.0
e18,10,0,21,0.0,0.0
e18,10,0,22,0.0,0.0
e18,10,0,23,0.0,0.0
e18,10,0,24,0.0,0.0
e18,10,0,25,0.0,0.0
e18,10,0,26,0.0,0.0
e18,10,0,27,0.0,0.0
e18,10,0,28,0.0,0.0
e18,10,0,29,0.0,0.0
e18,10,0,30,0.0,0.0
e18,10,0,31,0.0,0.0
e18,10,0,32,0.0,0.0
e18,10,0,33,0.0,0.0
e18,10,0,34,0.0,0.0
e18,10,0,35,0.0,0.0
e18,10,0,36,0.0,0.0
e18,10,0,37,0.0,0.0
e18,10,0,38,0.0,0.0
e18,10,0,39,0.0,0.0
e18,10,0,40,0.0,0.0
e18,10,0,41,0.0,0.0
e18,10,0,42,0.0,0.0
e18,10,0,43,0.0,0.0
e18,10,0,44,0.0,0.0
e18,10,0,45,0.0,0.0
e18,10,0,46,0.0,0.0
e18,10,0,47,0.0,0.0
e18,10,0,48,0.0,0.0
e18,10,0,49,0.0,0.0
e18,10,0,50,0.0,0.0
e18,10,0,51,0.0,0.0
e18,10,0,52,0.0,0.0
e18,10,0,53,0.0,0.0
e18,10,0,54,0.0,0.0
e18,10,0,55,0.0,0.0
e18,10,0,56,0.0,0.0
e18,10,0,57,0.0,0.0
e18,10,0,58,0.0,0.0
e18,10,0,59,0.0,0.0
e18,10,0,60,0.0,0.0
e18,10,0,61,0.0,0.0
e18,10,0,62,0.0,0.0
e18,10,0,63,0.0,0.0
e18,10,0,64,0.0,0.0
e18,10,0,65,0.0,0.0
e18,10,0,66,0.0,0.0
e18,10,0,67,0.0,0.0
e18,10,0,68,0.0,0.0
e18,10,0,69,0.0,0.0
e18,10,0,70,0.0,0.0
e18,10,0,71,0.0,0.0
e18,10,0,72,0.0,0.0
e18,10,0,73,0.0,0.0
e18,10,0,74,0.0,0.0
e18,10,0,75,0.0,0.0
e18,10,0,76,0.0,0.0
e18,10,0,77,0.0,0.0
e18,10,0,78,0.0,0.0
e18,10,0,79,0.0,0.0
e18,10,0,80,0.0,0.0
e18,10,0,81,0.5,0.0
e18,10,0,82,0.5,0.0
e18,10,0,83,0.5,0.0
e18,10,0,84,0.5,0.0
e18,10,0,85,0.5,0.0
e18,10,0,86,0.5,0.0
e18,10,0,87,0.5,0.0
e18,10,0,88,0.5,0.0
e18,10,0,89,0.5,0.0
e18,10,0,90,0.5,0.0
e18,10,0,91,0.5,0.0
e18,10,0,92,0.5,0.0
e18,10,0,93,0.5,0.0
e18,10,0,94,0.5,0.0
e18,10,0,95,0.5,0.0
e18,10,0,96,0.5,0.0
e18,10,0,97,0.5,0.0
e18,10,0,98,0.5,0.0
e18,10,0,99,0.5,0.0
e18,10,0,100,0.5,0.0
e18,10,0,101,0.5,0.0
e18,10,0,102,0.5,0.0
e18,10,0,103,0.5,0.0
e18,10,0,104,0.5,0.0
e18,10,0,105,0.5,0.0
e18,10,0,106,0.5,0.0
e18,10,0,107,0.5,0.0
e18,10,0,108,0.5,0.0
e18,10,0,109,0.5,0.0
e18,10,0,110,0.5,0.0
e18,10,0,111,0.5,0.0
e18,10,0,112,1.0,0.0
e18,10,0,113,1.0,0.0
e18,10,0,114,1.0,0.0
e18,10,0,115,1.0,0.0
e18,10,0,116,1.0,0.0
e18,10,0,117,1.0,0.0
e18,10,0,118,1.0,0.0
e18,10,0,119,1.0,0.0
e18,10,0,120,1.0,0.0
e18,10,0,121,1.0,0.0
e18,10,0,122,1.0,0.0
e18,10,0,123,1.0,0.0
e18,10,0,124,1.0,0.0
e18,10,0,125,1.0,0.0
e18,10,0,126,1.0,0.0
e18,10,0,127,1.0,0.0
e18,10,0,128,1.0,0.0
e18,10,0,129,1.0,0.0
e18,10,0,130,1.0,0.0
e18,10,0,131,1.0,0.0
e18,10,0,132,1.0,0.0
e18,10,0,133,1.0,0.0
e18,10,0,134,1.0,0.0
e18,10,0,135,1.0,0.0
e18,10,0,136,1.0,0.0
e18,10,0,137,1.0,0.0
e18,10,0,138,1.0,0.0
e18,10,0,139,1.0,0.0
e18,10,0,140,1.0,0.0
e18,10,0,141,1.0,0.0
e18,10,0,142,1.0,0.0
e18,10,0,143,1.0,0.0
e18,10,0,144,1.0,0.0
e18,10,0,145,1.0,0.0
e18,10,0,146,1.0,0.0
e18,10,0,147,1.0,0.0
e18,10,0,148,1.0,0.0
e18,10,0,149,1.0,0.0
e18,10,0,150,1.0,0.0
e18,10,0,151,1.0,0.0
e18,10,0,152,1.0,0.0
e18,10,0,153,1.0,0.0
e18,10,0,154,1.0,0.0
e18,10,0,155,1.0,0.0
e18,10,0,156,1.0,0.0
e18,10,0,157,1.0,0.0
e18,10,0,158,1.0,0.0
e18,10,0,159,1.0,0.0
e18,10,0,160,1.0,0.0
e18,10,0,161,1.0,0.0
e18,10,0,162,1.0,0.0
e18,10,0,163,1.0,0.0
e18,10,0,164,1.0,0.0
e18,10,0,165,1.0,0.0
e18,10,0,166,1.0,0.0
e18,10,0,167,1.0,0.0
e18,10,0,168,1.0,0.0
e18,10,0,169,1.0,0.0
e18,10,0,170,1.0,0.0
e18,10,0,171,1.0,0.0
e18,10,0,172,1.0,0.0
e18,10,0,173,1.0,0.0
e18,10,0,174,1.0,0.0
e18,10,0,175,1.0,0.0
e18,10,0,176,1.0,0.0
e18,10,0,177,1.0,0.0
e18,10,0,178,1.0,0.0
e18,10,0,179,1.0,0.0
e18,10,0,180,1.0,0.0
e18,10,0,181,1.0,0.0
e18,10,0,182,1.0,0.0
e18,10,0,183,1.0,0.0
e18,10,0,184,1.0,0.0
e18,10,0,185,1.0,0.0
e18,10,0,186,1.0,0.0
e18,10,0,187,1.0,0.0
e18,10,0,188,1.0,0.0
e18,10,0,189,1.0,0.0
e18,10,0,190,1.0,0.0
e18,10,0,191,1.0,0.0
e18,10,0,192,1.0,0.0
e18,10,0,193,1.0,0.0
e18,10,0,194,1.0,0.0
e18,10,0,195,1.0,0.0
e18,10,0,196,1.0,0.0
e18,10,0,197,1.0,0.0
e18,10,0,198,1.0,0.0
e18,10,0,199,1.0,0.0
e18,10,0,200,1.0,0.0
e18,10,0,201,1.0,0.0
e18,10,0,202,1.0,0.0
e18,10,0,203,1.0,0.0
e18,10,0,204,1.0,0.0
e18,10,0,205,1.0,0.0
e18,10,0,206,1.0,0.0
e18,10,0,207,1.0,0.0
e18,10,0,208,1.0,0.0
e18,10,0,209,1.0,0.0
e18,10,0,210,1.0,0.0
e18,10,0,211,1.0,0.0
e18,10,0,212,1.0,0.0
e18,10,0,213,1.0,0.0
e18,10,0,214,1.0,0.0
e18,10,0,215,1.0,0.0
e18,10,0,216,1.0,0.0
e18,10,0,217,1.0,0.0
e18,10,0,218,1.0,0.0
e18,10,0,219,1.0,0.0
e18,10,0,220,1.0,0.0
e18,10,0,221,1.0,0.0
e18,10,0,222,1.0,0.0
e18,10,0,223,1.0,0.0
e18,10,0,224,1.0,0.0
e18,10,0,225,1.0,0.0
e18,10,0,226,1.0,0.0
e18,10,0,227,1.0,0.0
e18,10,0,228,1.0,0.0
e18,10,0,229,1.0,0.0
e18,10,0,230,1.0,0.0
e18,10,0,231,1.0,0.0
e18,10,0,232,1.0,0.0
e18,10,0,233,1.0,0.0
e18,10,0,234,1.0,0.0
e18,10,0,235,1.0,0.0
e18,10,0,236,1.0,0.0
e18,10,0,237,1.0,0.0
e18,10,0,238,1.0,0.0
e18,10,0,239,1.0,0.0
e18,10,0,240,1.0,0.0
e18,10,0,241,1.0,0.0
e18,10,0,242,1.0,0.0
e18,10,0,243,1.0,0.0
e18,10,0,244,1.0,0.0
e18,10,0,245,1.0,0.0
e18,10,0,246,1.0,0.0
e18,10,0,247,1.0,0.0
e18,10,0,248,1.0,0.0
e18,10,0,249,1.0,0.0
e18,10,0,250,1.0,0.0
e18,10,0,251,1.0,0.0
e18,10,0,252,1.0,0.0
e18,10,0,253,1.0,0.0
e18,10,0,254,1.0,0.0
e18,10,0,255,1.0,0.0
e18,10,0,256,1.0,0.0
e18,10,0,257,1.0,0.0
e18,10,0,258,1.0,0.0
e18,10,0,259,1.0,0.0
e18,10,0,260,1.0,0.0
e18,10,0,261,1.0,0.0
e18,10,0,262,1.0,0.0
e18,10,0,263,1.0,0.0
e18,10,0,264,1.0,0.0
e18,10,0,265,1.0,0.0
e18,10,0,266,1.0,0.0
e18,10,0,267,1.0,0.0
e18,10,0,268,1.0,0.0
e18,10,0,269,1.0,0.0
e18,10,0,270,1.0,0.0
e18,10,0,271,1.0,0.0
e18,10,0,272,1.0,0.0
e18,10,0,273,1.0,0.0
e18,10,0,274,1.0,0.0
e18,10,0,275,1.0,0.0
e18,10,0,276,1.0,0.0
e18,10,0,277,1.0,0.0
e18,10,0,278,1.0,0.0
e18,10,0,279,1.0,0.0
e18,10,0,280,1.0,0.0
e18,10,0,281,1.0,0.0
e18,10,0,282,1.0,0.0
e18,10,0,283,1.0,0.0
e18,10,0,284,1.0,0.0
e18,10,0,285,1.0,0.0
e18,10,0,286,1.0,0.0
e18,10,0,287,1.0,0.0
e18,10,0,288,1.0,0.0
e18,10,0,289,1.0,0.0
e18,10,0,290,1.0,0.0
e18,10,0,291,1.0,0.0
e18,10,0,292,1.0,0.0
e18,10,0,293,1.0,0.0
e18,10,0,294,1.0,0.0
e18,10,0,295,1.0,0.0
e18,10,0,296,1.0,0.0
e18,10,0,297,1.0,0.0
e18,10,0,298,1.0,0.0
e18,10,0,299,1.0,0.0
e18,10,0,300,1.0,0.0
e18,10,0,301,1.0,0.0
e18,10,0,302,1.0,0.0
e18,10,0,303,1.0,0.0
e18,10,0,304,1.0,0.0
e18,10,0,305,1.0,0.0
e18,10,0,306,1.0,0.0
e18,10,0,307,1.0,0.0
e18,10,0,308,1.0,0.0
e18,10,0,309,1.0,0.0
e18,10,0,310,1.0,0.0
e18,10,0,311,1.0,0.0
e18,10,0,312,1.0,0.0
e18,10,0,313,1.0,0.0
e18,10,0,314,1.0,0.0
e18,10,0,315,1.0,0.0
e18,10,0,316,1.0,0.0
e18,10,0,317,1.0,0.0
e18,10,0,318,1.0,0.0
e18,10,0,319,1.0,0.0
e18,10,0,320,1.0,0.0
e18,10,0,321,1.0,0.0
e18,10,0,322,1.0,0.0
e18,10,0,323,1.0,0.0
e18,10,0,324,1.0,0.0
e18,10,0,325,1.0,0.0
e18,10,0,326,1.0,0.0
e18,10,0,327,1.0,0.0
e18,10,0,328,1.0,0.0
e18,10,0,329,1.0,0.0
e18,10,0,330,1.0,0.0
e18,10,0,331,1.0,0.0
e18,10,0,332,1.0,0.0
e18,10,0,333,1.0,0.0
e18,10,0,334,1.0,0.0
e18,10,0,335,1.0,0.0
e18,10,0,336,1.0,0.0
e18,10,0,337,1.0,0.0
e18,10,0,338,1.0,0.0
e18,10,0,339,1.0,0.0
e18,10,0,340,1.0,0.0
e18,10,0,341,1.0,0.0
e18,10,0,342,1.0,0.0
e18,10,0,343,1.0,0.0
e18,10,0,344,1.0,0.0
e18,10,0,345,1.0,0.0
e18,10,0,346,1.0,0.0
e18,10,0,347,1.0,0.0
e18,10,0,348,1.0,0.0
e18,10,0,349,1.0,0.0
e18,10,0,350,1.0,0.0
e18,10,0,351,1.0,0.0
e18,10,0,352,1.0,0.0
e18,10,0,353,1.0,0.0
e18,10,0,354,1.0,0.0
e18,10,0,355,1.0,0.0
e18,10,0,356,1.0,0.0
e18,10,0,357,1.0,0.0
e18,10,0,358,1.0,0.0
e18,10,0,359,1.0,0.0
e18,10,0,360,1.0,0.0
e18,10,0,361,1.0,0.0
e18,10,0,362,1.0,0.0
e18,10,0,363,1.0,0.0
e18,10,0,364,1.0,0.0
e18,10,0,365,1.0,0.0
e18,10,0,366,1.0,0.0
e18,10,0,367,1.0,0.0
e18,10,0,368,1.0,0.0
e18,10,0,369,1.0,0.0
e18,10,0,370,1.0,0.0
e18,10,0,371,1.0,0.0
e18,10,0,372,1.0,0.0
e18,10,0,373,1.0,0.0
e18,10,0,374,1.0,0.0
e18,10,0,375,1.0,0.0
e18,10,0,376,1.0,0.0
e18,10,0,377,1.0,0.0
e18,10,0,378,1.0,0.0
e18,10,0,379,1.0,0.0
e18,10,0,380,1.0,0.0
e18,10,0,381,1.0,0.0
e18,10,0,382,1.0,0.0
e18,10,0,383,1.0,0.0
e18,10,0,384,1.0,0.0
e18,10,0,385,1.0,0.0
e18,10,0,386,1.0,0.0
e18,10,0,387,1.0,0.0
e18,10,0,388,1.0,0.0
e18,10,0,389,1.0,0.0
e18,10,0,390,1.0,0.0
e18,10,0,391,1.0,0.0
e18,10,0,392,1.0,0.0
e18,10,0,393,1.0,0.0
e18,10,0,394,1.0,0.0
e18,10,0,395,1.0,0.0
e18,10,0,396,1.0,0.0
e18,10,0,397,1.0,0.0
e18,10,0,398,1.0,0.0
e18,10,0,399,1.0,0.0
e18,10,0,400,1.0,0.0
e18,10,0,401,1.0,0.0
e18,10,0,402,1.0,0.0
e18,10,0,403,1.0,0.0
e18,10,0,404,1.0,0.0
e18,10,0,405,1.0,0.0
e18,10,0,406,1.0,0.0
e18,10,0,407,1.0,0.0
e18,10,0,408,1.0,0.0
e18,10,0,409,1.0,0.0
e18,10,0,410,1.0,0.0
e18,10,0,411,1.0,0.0
e18,10,0,412,1.0,0.0
e18,10,0,413,1.0,0.0
e18,10,0,414,1.0,0.0
e18,10,0,415,1.0,0.0
e18,10,0,416,1.0,0.0
e18,10,0,417,1.0,0.0
e18,10,0,418,1.0,0.0
e18,10,0,419,1.0,0.0
e18,10,0,420,1.0,0.0
e18,10,0,421,1.0,0.0
e18,10,0,422,1.0,0.0
e18,10,0,423,1.0,0.0
e18,10,0,424,1.0,0.0
e18,10,0,425,1.0,0.0
e18,10,0,426,1.0,0.0
e18,10,0,427,1.0,0.0
e18,10,0,428,1.0,0.0
e18,10,0,429,1.0,0.0
e18,10,0,430,1.0,0.0
e18,10,0,431,1.0,0.0
e18,10,0,432,1.0,0.0
e18,10,0,433,1.0,0.0
e18,10,0,434,1.0,0.0
e18,10,0,435,1.0,0.0
e18,10,0,436,1.0,0.0
e18,10,0,437,1.0,0.0
e18,10,0,438,1.0,0.0
e18,10,0,439,1.0,0.0
e18,10,0,440,1.0,0.0
e18,10,1,0,0.0,0.0
e18,10,1,1,0.0,0.0
e18,10,1,2,0.0,0.0
e18,10,1,3,0.0,0.0
e18,10,1,4,0.0,0.0
e18,10,1,5,0.0,0.0
e18,10,1,6,0.0,0.0
e18,10,1,7,0.0,0.0
e18,10,1,8,0.0,0.0
e18,10,1,9,0.0,0.0
e18,10,1,10,0.0,0.0
e18,10,1,11,0.0,0.0
e18,10,1,12,0.0,0.0
e18,10,1,13,0.0,0.0
e18,10,1,14,0.0,0.0
e18,10,1,15,0.0,0.0
e18,10,1,16,0.0,0.0
e18,10,1,17,0.0,0.0
e18,10,1,18,0.0,0.0
e18,10,1,19,0.0,0.0
e18,10,1,20,0.0,0.0
e18,10,1,21,0.0,0.0
e18,10,1,22,0.0,0.0
e18,10,1,23,0.0,0.0
e18,10,1,24,0.0,0.0
e18,10,1,25,0.0,0.0
e18,10,1,26,0.0,0.0
e18,10,1,27,0.0,0.0
e18,10,1,28,0.0,0.0
e18,10,1,29,0.0,0.0
e18,10,1,30,0.0,0.0
e18,10,1,31,0.0,0.0
e18,10,1,32,0.0,0.0
e18,10,1,33,0.0,0.0
e18,10,1,34,0.0,0.0
e18,10,1,35,0.0,0.0
e18,10,1,36,0.0,0.0
e18,10,1,37,0.0,0.0
e18,10,1,38,0.0,0.0
e18,10,1,39,0.0,0.0
e18,10,1,40,0.0,0.0
e18,10,1,41,0.0,0.0
e18,10,1,42,0.0,0.0
e18,10,1,43,0.0,0.0
e18,10,1,44,0.0,0.0
e18,10,1,45,0.0,0.0
e18,10,1,46,0.0,0.0
e18,10,1,47,0.0,0.0
e18,10,1,48,0.0,0.0
e18,10,1,49,0.0,0.0
e18,10,1,50,0.0,0.0
e18,10,1,51,0.0,0.0
e18,10,1,52,0.0,0.0
e18,10,1,53,0.0,0.0
e18,10,1,54,0.0,0.0
e18,10,1,55,0.0,0.0
e18,10,1,56,0.0,0.0
e18,10,1,57,0.0,0.0
e18,10,1,58,0.0,0.0
e18,10,1,59,0.0,0.0
e18,10,1,60,0.0,0.0
e18,10,1,61,0.0,0.0
e18,10,1,62,0.0,0.0
e18,10,1,63,0.0,0.0
e18,10,1,64,0.0,0.0
e18,10,1,65,0.0,0.0
e18,10,1,66,0.0,0.0
e18,10,1,67,0.0,0.0
e18,10,1,68,0.0,0.0
e18,10,1,69,0.0,0.0
e18,10,1,70,0.0,0.0
e18,10,1,71,0.0,0.0
e18,10,1,72,0.0,0.0
e18,10,1,73,0.0,0.0
e18,10,1,74,0.0,0.0
e18,10,1,75,0.0,0.0
e18,10,1,76,0.0,0.0
e18,10,1,77,0.0,0.0
e18,10,1,78,0.0,0.0
e18,10,1,79,0.0,0.0
e18,10,1,80,0.0,0.0
e18,10,1,81,0.0,0.0
e18,10,1,82,0.0,0.0
e18,10,1,83,0.0,0.0
e18,10,1,84,0.0,0.0
e18,10,1,85,0.0,0.0
e18,10,1,86,0.0,0.0
e18,10,1,87,0.0,0.0
e18,10,1,88,0.0,0.0
e18,10,1,89,0.0,0.0
e18,10,1,90,0.0,0.0
e18,10,1,91,0.0,0.0
e18,10,1,92,0.0,0.0
e18,10,1,93,0.0,0.0
e18,10,1,94,0.0,0.0
e18,10,1,95,0.0,0.0
e18,10,1,96,0.0,0.0
e18,10,1,97,0.0,0.0
e18,10,1,98,0.0,0.0
e18,10,1,99,0.0,0.0
e18,10,1,100,0.0,0.0
e18,10,1,101,0.0,0.0
e18,10,1,102,0.0,0.0
e18,10,1,103,0.0,0.0
e18,10,1,104,0.0,0.0
e18,10,1,105,0.0,0.0
e18,10,1,106,0.0,0.0
e18,10,1,107,0.0,0.0
e18,10,1,108,0.0,0.0
e18,10,1,109,0.0,0.0
e18,10,1,110,0.0,0.0
e18,10,1,111,0.0,0.0
e18,10,1,112,0.0,0.0
e18,10,1,113,0.0,0.0
e18,10,1,114,0.0,0.0
e18,10,1,115,0.0,0.0
e18,10,1,116,0.0,0.0
e18,10,1,117,0.0,0.0
e18,10,1,118,0.0,0.0
e18,10,1,119,0.0,0.0
e18,10,1,120,0.0,0.0
e18,10,1,121,0.0,0.0
e18,10,1,122,0.0,0.0
e18,10,1,123,0.0,0.0
e18,10,1,124,0.0,0.0
e18,10,1,125,0.0,0.0
e18,10,1,126,0.0,0.0
e18,10,1,127,0.0,0.0
e18,10,1,128,0.0,0.0
e18,10,1,129,0.0,0.0
e18,10,1,130,0.0,0.0
e18,10,1,131,0.0,0.0
e18,10,1,132,0.0,0.0
e18,10,1,133,0.0,0.0
e18,10,1,134,0.0,0.0
e18,10,1,135,0.0,0.0
e18,10,1,136,0.0,0.0
e18,10,1,137,0.0,0.0
e18,10,1,138,0.0,0.0
e18,10,1,139,0.0,0.0
e18,10,1,140,0.0,0.0
e18,10,1,141,0.0,0.0
e18,10,1,142,0.0,0.0
e18,10,1,143,0.0,0.0
e18,10,1,144,0.0,0.0
e18,10,1,145,0.0,0.0
e18,10,1,146,0.0,0.0
e18,10,1,147,0.0,0.0
e18,10,1,148,0.0,0.0
e18,10,1,149,0.0,0.0
e18,10,1,150,0.0,0.0
e18,10,1,151,0.0,0.0
e18,10,1,152,0.0,0.0
e18,10,1,153,0.0,0.0
e18,10,1,154,0.0,0.0
e18,10,1,155,0.0,0.0
e18,10,1,156,0.0,0.0
e18,10,1,157,0.0,0.0
e18,10,1,158,0.0,0.0
e18,10,1,159,0.0,0.0
e18,10,1,160,0.0,0.0
e18,10,1,161,0.0,0.0
e18,10,1,162,0.0,0.0
e18,10,1,163,0.0,0.0
e18,10,1,164,0.0,0.0
e18,10,1,165,0.0,0.0
e18,10,1,166,0.0,0.0
e18,10,1,167,0.0,0.0
e18,10,1,168,0.0,0.0
e18,10,1,169,0.0,0.0
e18,10,1,170,0.0,0.0
e18,10,1,171,0.0,0.0
e18,10,1,172,0.0,0.0
e18,10,1,173,0.0,0.0
e18,10,1,174,0.0,0.0
e18,10,1,175,0.0,0.0
e18,10,1,176,0.0,0.0
e18,10,1,177,0.0,0.0
e18,10,1,178,0.0,0.0
e18,10,1,179,1.0,0.0
e18,10,1,180,1.0,0.0
e18,10,1,181,1.0,0.0
e18,10,1,182,1.0,0.0
e18,10,1,183,1.0,0.0
e18,10,1,184,1.0,0.0
e18,10,1,185,1.0,0.0
e18,10,1,186,1.0,0.0
e18,10,1,187,1.0,0.0
e18,10,1,188,1.0,0.0
e18,10,1,189,1.0,0.0
e18,10,1,190,1.0,0.0
e18,10,1,191,1.0,0.0
e18,10,1,192,1.0,0.0
e18,10,1,193,1.0,0.0
e18,10,1,194,1.0,0.0
e18,10,1,195,1.0,0.0
e18,10,1,196,1.0,0.0
e18,10,1,197,1.0,0.0
e18,10,1,198,1.0,0.0
e18,10,1,199,1.0,0.0
e18,10,1,200,1.0,0.0
e18,10,1,201,1.0,0.0
e18,10,1,202,1.0,0.0
e18,10,1,203,1.0,0.0
e18,10,1,204,1.0,0.0
e18,10,1,205,1.0,0.0
e18,10,1,206,1.0,0.0
e18,10,1,207,1.0,0.0
e18,10,1,208,1.0,0.0
e18,10,1,209,1.0,0.0
e18,10,1,210,1.0,0.0
e18,10,1,211,1.0,0.0
e18,10,1,212,1.0,0.0
e18,10,1,213,1.0,0.0
e18,10,1,214,1.0,0.0
e18,10,1,215,1.0,0.0
e18,10,1,216,1.0,0.0
e18,10,1,217,1.0,0.0
e18,10,1,218,1.0,0.0
e18,10,1,219,1.0,0.0
e18,10,1,220,1.0,0.0
e18,10,1,221,1.0,0.0
e18,10,1,222,1.0,0.0
e18,10,1,223,1.0,0.0
e18,10,1,224,1.0,0.0
e18,10,1,225,1.0,0.0
e18,10,1,226,1.0,0.0
e18,10,1,227,1.0,0.0
e18,10,1,228,1.0,0.0
e18,10,1,229,1.0,0.0
e18,10,1,230,1.0,0.0
e18,10,1,231,1.0,0.0
e18,10,1,232,1.0,0.0
e18,10,1,233,1.0,0.0
e18,10,1,234,1.0,0.0
e18,10,1,235,1.0,0.0
e18,10,1,236,1.0,0.0
e18,10,1,237,1.0,0.0
e18,10,1,238,1.0,0.0
e18,10,1,239,1.0,0.0
e18,10,1,240,1.0,0.0
e18,10,1,241,1.0,0.0
e18,10,1,242,1.0,0.0
e18,10,1,243,1.0,0.0
e18,10,1,244,1.0,0.0
e18,10,1,245,1.0,0.0
e18,10,1,246,1.0,0.0
e18,10,1,247,1.0,0.0
e18,10,1,248,1.0,0.0
e18,10,1,249,1.0,0.0
e18,10,1,250,1.0,0.0
e18,10,1,251,1.0,0.0
e18,10,1,252,1.0,0.0
e18,10,1,253,1.0,0.0
e18,10,1,254,1.0,0.0
e18,10,1,255,1.0,0.0
e18,10,1,256,1.0,0.0
e18,10,1,257,1.0,0.0
e18,10,1,258,1.0,0.0
e18,10,1,259,1.0,0.0
e18,10,1,260,1.0,0.0
e18,10,1,261,1.0,0.0
e18,10,1,262,1.0,0.0
e18,10,1,263,1.0,0.0
e18,10,1,264,1.0,0.0
e18,10,1,265,1.0,0.0
e18,10,1,266,1.0,0.0
e18,10,1,267,1.0,0.0
e18,10,1,268,1.0,0.0
e18,10,1,269,1.0,0.0
e18,10,1,270,1.0,0.0
e18,10,1,271,1.0,0.0
e18,10,1,272,1.0,0.0
e18,10,1,273,1.0,0.0
e18,10,1,274,1.0,0.0
e18,10,1,275,1.0,0.0
e18,10,1,276,1.0,0.0
e18,10,1,277,1.0,0.0
e18,10,1,278,1.0,0.0
e18,10,1,279,1.0,0.0
e18,10,1,280,1.0,0.0
e18,10,1,281,1.0,0.0
e18,10,1,282,1.0,0.0
e18,10,1,283,1.0,0.0
e18,10,1,284,1.0,0.0
e18,10,1,285,1.0,0.0
e18,10,1,286,1.0,0.0
e18,10,1,287,1.0,0.0
e18,10,1,288,1.0,0.0
e18,10,1,289,1.0,0.0
e18,10,1,290,1.0,0.0
e18,10,1,291,1.0,0.0
e18,10,1,292,1.0,0.0
e18,10,1,293,1.0,0.0
e18,10,1,294,1.0,0.0
e18,10,1,295,1.0,0.0
e18,10,1,296,1.0,0.0
e18,10,1,297,1.0,0.0
e18,10,1,298,1.0,0.0
e18,10,1,299,1.0,0.0
e18,10,1,300,1.0,0.0
e18,10,1,301,1.0,0.0
e18,10,1,302,1.0,0.0
e18,10,1,303,1.0,0.0
e18,10,1,304,1.0,0.0
e18,10,1,305,1.0,0.0
e18,10,1,306,1.0,0.0
e18,10,1,307,1.0,0.0
e18,10,1,308,1.0,0.0
e18,10,1,309,1.0,0.0
e18,10,1,310,1.0,0.0
e18,10,1,311,1.0,0.0
e18,10,1,312,1.0,0.0
e18,10,1,313,1.0,0.0
e18,10,1,314,1.0,0.0
e18,10,1,315,1.0,0.0
e18,10,1,316,1.0,0.0
e18,10,1,317,1.0,0.0
e18,10,1,318,1.0,0.0
e18,10,1,319,1.0,0.0
e18,10,1,320,1.0,0.0
e18,10,1,321,1.0,0.0
e18,10,1,322,1.0,0.0
e18,10,1,323,1.0,0.0
e18,10,1,324,1.0,0.0
e18,10,1,325,1.0,0.0
e18,10,1,326,1.0,0.0
e18,10,1,327,1.0,0.0
e18,10,1,328,1.0,0.0
e18,10,1,329,1.0,0.0
e18,10,1,330,1.0,0.0
e18,10,1,331,1.0,0.0
e18,10,1,332,1.0,0.0
e18,10,1,333,1.0,0.0
e18,10,1,334,1.0,0.0
e18,10,1,335,1.0,0.0
e18,10,1,336,1.0,0.0
e18,10,1,337,1.0,0.0
e18,10,1,338,1.0,0.0
e18,10,1,339,1.0,0.0
e18,10,1,340,1.0,0.0
e18,10,1,341,1.0,0.0
e18,10,1,342,1.0,0.0
e18,10,1,343,1.0,0.0
e18,10,1,344,1.0,0.0
e18,10,1,345,1.0,0.0
e18,10,1,346,1.0,0.0
e18,10,1,347,1.0,0.0
e18,10,1,348,1.0,0.0
e18,10,1,349,1.0,0.0
e18,10,1,350,1.0,0.0
e18,10,1,351,1.0,0.0
e18,10,1,352,1.0,0.0
e18,10,1,353,1.0,0.0
e18,10,1,354,1.0,0.0
e18,10,1,355,1.0,0.0
e18,10,1,356,1.0,0.0
e18,10,1,357,1.0,0.0
e18,10,1,358,1.0,0.0
e18,10,1,359,1.0,0.0
e18,10,1,360,1.0,0.0
e18,10,1,361,1.0,0.0
e18,10,1,362,1.0,0.0
e18,10,1,363,1.0,0.0
e18,10,1,364,1.0,0.0
e18,10,1,365,1.0,0.0
e18,10,1,366,1.0,0.0
e18,10,1,367,1.0,0.0
e18,10,1,368,1.0,0.0
e18,10,1,369,1.0,0.0
e18,10,1,370,1.0,0.0
e18,10,1,371,1.0,0.0
e18,10,1,372,1.0,0.0
e18,10,1,373,1.0,0.0
e18,10,1,374,1.0,0.0
e18,10,1,375,1.0,0.0
e18,10,1,376,1.0,0.0
e18,10,1,377,1.0,0.0
e18,10,1,378,1.0,0.0
e18,10,1,379,1.0,0.0
e18,10,1,380,1.0,0.0
e18,10,1,381,1.0,0.0
e18,10,1,382,1.0,0.0
e18,10,1,383,1.0,0.0
e18,10,1,384,1.0,0.0
e18,10,1,385,1.0,0.0
e18,10,1,386,1.0,0.0
e18,10,1,387,1.0,0.0
e18,10,1,388,1.0,0.0
e18,10,1,389,1.0,0.0
e18,10,1,390,1.0,0.0
e18,10,1,391,1.0,0.0
e18,10,1,392,1.0,0.0
e18,10,1,393,1.0,0.0
e18,10,1,394,1.0,0.0
e18,10,1,395,1.0,0.0
e18,10,1,396,1.0,0.0
e18,10,1,397,1.0,0.0
e18,10,1,398,1.0,0.0
e18,10,1,399,1.0,0.0
e18,10,1,400,1.0,0.0
e18,10,1,401,1.0,0.0
e18,10,1,402,1.0,0.0
e18,10,1,403,1.0,0.0
e18,10,1,404,1.0,0.0
e18,10,1,405,1.0,0.0
e18,10,1,406,1.0,0.0
e18,10,1,407,1.0,0.0
e18,10,1,408,1.0,0.0
e18,10,1,409,1.0,0.0
e18,10,1,410,1.0,0.0
e18,10,1,411,1.0,0.0
e18,10,1,412,1.0,0.0
e18,10,1,413,1.0,0.0
e18,10,1,414,1.0,0.0
e18,10,1,415,1.0,0.0
e18,10,1,416,1.0,0.0
e18,10,1,417,1.0,0.0
e18,10,1,418,1.0,0.0
e18,10,1,419,1.0,0.0
e18,10,1,420,1.0,0.0
e18,10,1,421,1.0,0.0
e18,10,1,422,1.0,0.0
e18,10,1,423,1.0,0.0
e18,10,1,424,1.0,0.0
e18,10,1,425,1.0,0.0
e18,10,1,426,1.0,0.0
e18,10,1,427,1.0,0.0
e18,10,1,428,1.0,0.0
e18,10,1,429,1.0,0.0
e18,10,1,430,1.0,0.0
e18,10,1,431,1.0,0.0
e18,10,1,432,1.0,0.0
e18,10,1,433,1.0,0.0
e18,10,1,434,1.0,0.0
e18,10,1,435,1.0,0.0
e18,10,1,436,1.0,0.0
e18,10,1,437,1.0,0.0
e18,10,1,438,1.0,0.0
e18,10,1,439,1.0,0.0
e18,10,1,440,1.0,0.0
e21,0,0,0,0.0,0.0
e21,0,0,1,0.0,0.0
e21,0,0,2,0.0,0.0
e21,0,0,3,0.0,0.0
e21,0,0,4,0.0,0.0
e21,0,0,5,0.0,0.0
e21,0,0,6,0.0,0.0
e21,0,0,7,0.0,0.0
e21,0,0,8,0.0,0.0
e21,0,0,9,0.0,0.0
e21,0,0,10,0.0,0.0
e21,0,0,11,0.0,0.0
e21,0,0,12,0.0,0.0
e21,0,0,13,0.0,0.0
e21,0,0,14,0.0,0.0
e21,0,0,15,0.0,0.0
e21,0,0,16,0.0,0.0
e21,0,0,17,0.0,0.0
e21,0,0,18,0.0,0.0
e21,0,0,19,0.0,0.0
e21,0,0,20,0.0,0.0
e21,0,0,21,0.0,0.0
e21,0,0,22,0.0,0.0
e21,0,0,23,0.0,0.0
e21,0,0,24,0.0,0.0
e21,0,0,25,0.0,0.0
e21,0,0,26,0.0,0.0
e21,0,0,27,0.0,0.0
e21,0,0,28,0.0,0.0
e21,0,0,29,0.0,0.0
e21,0,0,30,0.0,0.0
e21,0,0,31,0.0,0.0
e21,0,0,32,0.0,0.0
e21,0,0,33,0.0,0.0
e21,0,0,34,0.0,0.0
e21,0,0,35,0.0,0.0
e21,0,0,36,0.0,0.0
e21,0,0,37,0.0,0.0
e21,0,0,38,0.0,0.0
e21,0,0,39,0.0,0.0
e21,0,0,40,0.0,0.0
e21,0,0,41,0.0,0.0
e21,0,0,42,0.0,0.0
e21,0,0,43,0.0,0.0
e21,0,0,44,0.0,0.0
e21,0,0,45,0.0,0.0
e21,0,0,46,0.0,0.0
e21,0,0,47,0.0,0.0
e21,0,0,48,0.0,0.0
e21,0,0,49,0.0,0.0
e21,0,0,50,0.0,0.0
e21,0,0,51,0.0,0.0
e21,0,0,52,0.0,0.0
e21,0,0,53,0.0,0.0
e21,0,0,54,0.0,0.0
e21,0,0,55,0.0,0.0
e21,0,0,56,0.0,0.0
e21,0,0,57,0.0,0.0
e21,0,0,58,0.0,0.0
e21,0,0,59,0.0,0.0
e21,0,0,60,0.0,0.0
e21,0,0,61,0.0,0.0
e21,0,0,62,0.0,0.0
e21,0,0,63,0.0,0.0
e21,0,0,64,0.0,0.0
e21,0,0,65,0.0,0.0
e21,0,0,66,0.0,0.0
e21,0,0,67,0.0,0.0
e21,0,0,68,0.0,0.0
e21,0,0,69,0.0,0.0
e21,0,0,70,0.0,0.0
e21,0,0,71,0.0,0.0
e21,0,0,72,0.0,0.0
e21,0,0,73,0.0,0.0
e21,0,0,74,0.0,0.0
e21,0,0,75,0.0,0.0
e21,0,0,76,0.0,0.0
e21,0,0,77,0.0,0.0
e21,0,0,78,0.0,0.0
e21,0,0,79,0.0,0.0
e21,0,0,80,0.0,0.0
e21,0,0,81,0.0,0.0
e21,0,0,82,0.0,0.0
e21,0,0,83,0.0,0.0
e21,0,0,84,0.0,0.0
e21,0,0,85,0.0,0.0
e21,0,0,86,0.0,0.0
e21,0,0,87,0.0,0.0
e21,0,0,88,0.0,0.0
e21,0,0,89,0.0,0.0
e21,0,0,90,0.0,0.0
e21,0,0,91,0.0,0.0
e21,0,0,92,0.0,0.5
e21,0,0,93,0.0,0.5
e21,0,0,94,0.0,0.5
e21,0,0,95,0.0,0.5
e21,0,0,96,0.0,0.5
e21,0,0,97,0.0,0.5
e21,0,0,98,0.0,0.5
e21,0,0,99,0.0,0.5
e21,0,0,100,0.0,0.5
e21,0,0,101,0.0,0.5
e21,0,0,102,0.0,0.5
e21,0,0,103,0.0,0.5
e21,0,0,104,0.0,0.5
e21,0,0,105,0.0,0.5
e21,0,0,106,0.0,0.5
e21,0,0,107,0.0,0.5
e21,0,0,108,0.0,0.5
e21,0,0,109,0.0,0.5
e21,0,0,110,0.0,0.5
e21,0,0,111,0.0,0.5
e21,0,0,112,0.0,0.5
e21,0,0,113,0.0,0.5
e21,0,0,114,0.0,0.5
e21,0,0,115,0.0,0.5
e21,0,0,116,0.0,0.5
e21,0,0,117,0.0,0.5
e21,0,0,118,0.0,0.5
e21,0,0,119,0.0,0.5
e21,0,0,120,0.0,0.5
e21,0,0,121,0.0,0.5
e21,0,0,122,0.0,0.5
e21,0,0,123,0.0,0.5
e21,0,0,124,0.0,0.5
e21,0,0,125,0.0,0.5
e21,0,0,126,0.0,0.5
e21,0,0,127,0.0,0.5
e21,0,0,128,0.0,0.5
e21,0,0,129,0.0,0.5
e21,0,0,130,0.0,0.5
e21,0,0,131,0.0,0.5
e21,0,0,132,0.0,0.5
e21,0,0,133,0.0,0.5
e21,0,0,134,0.0,0.5
e21,0,0,135,0.0,0.5
e21,0,0,136,0.0,0.5
e21,0,0,137,0.0,0.5
e21,0,0,138,0.0,0.5
e21,0,0,139,0.0,0.5
e21,0,0,140,0.0,0.5
e21,0,0,141,0.0,0.5
e21,0,0,142,0.0,0.5
e21,0,0,143,0.0,0.5
e21,0,0,144,0.0,0.5
e21,0,0,145,0.0,0.5
e21,0,0,146,0.0,0.5
e21,0,0,147,0.0,0.5
e21,0,0,148,0.0,0.5
e21,0,0,149,0.0,0.5
e21,0,0,150,0.0,0.5
e21,0,0,151,0.0,0.5
e21,0,0,152,0.0,0.5
e21,0,0,153,0.0,0.5
e21,0,0,154,0.0,0.5
e21,0,0,155,0.0,0.5
e21,0,0,156,0.0,0.5
e21,0,0,157,0.0,0.5
e21,0,0,158,0.0,0.5
e21,0,0,159,0.0,0.5
e21,0,0,160,0.0,0.5
e21,0,0,161,0.0,0.5
e21,0,0,162,0.0,0.5
e21,0,0,163,0.0,0.5
e21,0,0,164,0.0,0.5
e21,0,0,165,0.0,0.5
e21,0,0,166,0.0,0.5
e21,0,0,167,0.0,0.5
e21,0,0,168,0.0,0.5
e21,0,0,169,0.0,0.5
e21,0,0,170,0.0,0.5
e21,0,0,171,0.0,0.5
e21,0,0,172,0.0,0.5
e21,0,0,173,0.0,0.5
e21,0,0,174,0.0,0.5
e21,0,0,175,0.0,0.5
e21,0,0,176,0.0,0.5
e21,0,0,177,0.0,0.5
e21,0,0,178,0.0,0.5
e21,0,0,179,0.0,0.5
e21,0,0,180,0.0,0.5
e21,0,0,181,0.0,0.5
e21,0,0,182,0.0,0.5
e21,0,0,183,0.0,0.5
e21,0,0,184,0.0,0.5
e21,0,0,185,0.0,0.5
e21,0,0,186,0.0,0.5
e21,0,0,187,0.0,0.5
e21,0,0,188,0.0,0.5
e21,0,0,189,0.0,0.5
e21,0,0,190,0.0,0.5
e21,0,0,191,0.0,0.5
e21,0,0,192,0.0,0.5
e21,0,0,193,0.0,0.5
e21,0,0,194,0.0,0.5
e21,0,0,195,0.0,0.5
e21,0,0,196,0.0,0.5
e21,0,0,197,0.0,0.5
e21,0,0,198,0.0,0.5
e21,0,0,199,0.0,0.5
e21,0,0,200,0.0,0.5
e21,0,0,201,0.0,0.5
e21,0,0,202,0.0,0.5
e21,0,0,203,0.0,0.5
e21,0,0,204,0.0,0.5
e21,0,0,205,0.0,0.5
e21,0,0,206,0.0,0.5
e21,0,0,207,0.0,0.5
e21,0,0,208,0.0,0.5
e21,0,0,209,0.0,0.5
e21,0,0,210,0.0,0.5
e21,0,0,211,0.0,0.5
e21,0,0,212,0.0,0.5
e21,0,0,213,0.0,0.5
e21,0,0,214,0.0,0.5
e21,0,0,215,0.0,0.5
e21,0,0,216,0.0,0.5
e21,0,0,217,0.0,0.5
e21,0,0,218,0.0,0.5
e21,0,0,219,0.0,0.5
e21,0,0,220,0.0,0.5
e21,0,0,221,0.0,0.5
e21,0,0,222,0.0,0.5
e21,0,0,223,0.0,0.5
e21,0,0,224,0.0,0.5
e21,0,0,225,0.0,0.5
e21,0,0,226,0.0,0.5
e21,0,0,227,0.0,0.5
e21,0,0,228,0.0,0.5
e21,0,0,229,0.0,0.5
e21,0,0,230,0.0,0.5
e21,0,0,231,0.0,0.5
e21,0,0,232,0.0,0.5
e21,0,0,233,0.0,0.5
e21,0,0,234,0.0,0.5
e21,0,0,235,0.0,0.5
e21,0,0,236,0.0,0.5
e21,0,0,237,0.0,0.5
e21,0,0,238,0.0,0.5
e21,0,0,239,0.0,0.5
e21,0,0,240,0.0,0.5
e21,0,0,241,0.0,0.5
e21,0,0,242,0.0,0.5
e21,0,0,243,0.0,0.5
e21,0,0,244,0.0,0.5
e21,0,0,245,0.0,0.5
e21,0,0,246,0.0,0.5
e21,0,0,247,0.0,0.5
e21,0,0,248,0.0,0.5
e21,0,0,249,0.0,0.5
e21,0,0,250,0.0,0.5
e21,0,0,251,0.0,0.5
e21,0,0,252,0.0,0.5
e21,0,0,253,0.0,0.5
e21,0,0,254,0.0,0.5
e21,0,0,255,0.0,0.5
e21,0,0,256,0.0,0.5
e21,0,0,257,0.0,0.5
e21,0,0,258,0.0,0.5
e21,0,0,259,0.0,0.5
e21,0,0,260,0.0,0.5
e21,0,0,261,0.0,0.5
e21,0,0,262,0.0,0.5
e21,0,0,263,0.0,0.5
e21,0,0,264,0.0,0.5
e21,0,0,265,0.0,0.5
e21,0,0,266,0.0,0.5
e21,0,0,267,0.0,0.5
e21,0,0,268,0.0,0.5
e21,0,0,269,0.0,0.5
e21,0,0,270,0.0,0.5
e21,0,0,271,0.0,0.5
e21,0,0,272,0.0,0.5
e21,0,0,273,0.0,0.5
e21,0,0,274,0.0,0.5
e21,0,0,275,0.0,0.5
e21,0,0,276,0.0,0.5
e21,0,0,277,0.0,0.5
e21,0,0,278,0.0,0.5
e21,0,0,279,0.0,0.5
e21,0,0,280,0.0,0.5
e21,0,0,281,0.0,0.5
e21,0,0,282,0.0,0.5
e21,0,0,283,0.0,0.5
e21,0,0,284,0.0,0.5
e21,0,0,285,0.0,0.5
e21,0,0,286,0.0,0.5
e21,0,0,287,0.0,0.5
e21,0,0,288,0.0,0.5
e21,0,0,289,0.0,0.5
e21,0,0,290,0.0,0.5
e21,0,0,291,0.0,0.5
e21,0,0,292,0.0,0.5
e21,0,0,293,0.0,0.5
e21,0,0,294,0.0,0.5
e21,0,0,295,0.0,0.5
e21,0,0,296,0.0,0.5
e21,0,0,297,0.0,0.5
e21,0,0,298,0.0,0.5
e21,0,0,299,0.0,0.5
e21,0,0,300,0.0,0.5
e21,0,0,301,0.0,0.5
e21,0,0,302,0.0,0.5
e21,0,0,303,0.0,0.5
e21,0,0,304,0.0,0.5
e21,0,0,305,0.0,0.5
e21,0,0,306,0.0,0.5
e21,0,0,307,0.0,0.5
e21,0,0,308,0.0,0.5
e21,0,0,309,0.0,0.5
e21,0,0,310,0.0,0.5
e21,0,0,311,0.0,0.5
e21,0,0,312,0.0,0.5
e21,0,0,313,0.0,0.5
e21,0,0,314,0.0,0.5
e21,0,0,315,0.0,0.5
e21,0,0,316,0.0,0.5
e21,0,0,317,0.0,0.5
e21,0,0,318,0.0,0.5
e21,0,0,319,0.0,0.5
e21,0,0,320,0.0,0.5
e21,0,0,321,0.0,0.5
e21,0,0,322,0.0,0.5
e21,0,0,323,0.0,0.5
e21,0,0,324,0.0,0.5
e21,0,0,325,0.0,0.5
e21,0,0,326,0.0,0.5
e21,0,0,327,0.0,0.5
e21,0,0,328,0.0,0.5
e21,0,0,329,0.0,0.5
e21,0,0,330,0.0,0.5
e21,0,0,331,0.0,0.5
e21,0,0,332,0.0,0.5
e21,0,0,333,0.0,0.5
e21,0,0,334,0.0,0.5
e21,0,0,335,0.0,0.5
e21,0,0,336,0.0,0.5
e21,0,0,337,0.0,0.5
e21,0,0,338,0.0,0.5
e21,0,0,339,0.0,0.5
e21,0,0,340,0.0,0.5
e21,0,0,341,0.0,0.5
e21,0,0,342,0.0,0.5
e21,0,0,343,0.0,0.5
e21,0,0,344,0.0,0.5
e21,0,0,345,0.0,0.5
e21,0,0,346,0.0,0.5
e21,0,0,347,0.0,0.5
e21,0,0,348,0.0,0.5
e21,0,0,349,0.0,0.5
e21,0,0,350,0.0,0.5
e21,0,0,351,0.0,0.5
e21,0,0,352,0.0,0.5
e21,0,0,353,0.0,0.5
e21,0,0,354,0.0,0.5
e21,0,0,355,0.0,0.5
e21,0,0,356,0.0,0.5
e21,0,0,357,0.0,0.5
e21,0,0,358,0.0,0.5
e21,0,0,359,0.0,0.5
e21,0,0,360,0.0,0.5
e21,0,0,361,0.0,0.5
e21,0,0,362,0.0,0.5
e21,0,0,363,0.0,0.5
e21,0,0,364,0.0,0.5
e21,0,0,365,0.0,0.5
e21,0,0,366,0.0,0.5
e21,0,0,367,0.0,0.5
e21,0,0,368,0.0,0.5
e21,0,0,369,0.0,0.5
e21,0,0,370,0.0,0.5
e21,0,0,371,0.0,0.5
e21,0,0,372,0.0,0.5
e21,0,0,373,0.0,0.5
e21,0,0,374,0.0,0.5
e21,0,0,375,0.0,0.5
e21,0,0,376,0.0,0.5
e21,0,0,377,0.0,0.5
e21,0,0,378,0.0,0.5
e21,0,0,379,0.0,0.5
e21,0,0,380,0.0,0.5
e21,0,0,381,0.0,0.5
e21,0,0,382,0.0,0.5
e21,0,0,383,0.0,0.5
e21,0,0,384,0.0,0.5
e21,0,0,385,0.0,0.5
e21,0,0,386,0.0,0.5
e21,0,0,387,0.0,0.5
e21,0,0,388,0.0,0.5
e21,0,0,389,0.0,0.5
e21,0,0,390,0.0,0.5
e21,0,0,391,0.0,0.5
e21,0,0,392,0.0,0.5
e21,0,0,393,0.0,0.5
e21,0,0,394,0.0,0.5
e21,0,0,395,0.0,0.5
e21,0,0,396,0.0,0.5
e21,0,0,397,0.0,0.5
e21,0,0,398,0.0,0.5
e21,0,0,399,0.0,0.5
e21,0,0,400,0.0,0.5
e21,0,0,401,0.0,0.5
e21,0,0,402,0.0,0.5
e21,0,0,403,0.0,0.5
e21,0,0,404,0.0,0.5
e21,0,0,405,0.0,0.5
e21,0,0,406,0.0,0.5
e21,0,0,407,0.0,0.5
e21,0,0,408,0.0,0.5
e21,0,0,409,0.0,0.5
e21,0,0,410,0.0,0.5
e21,0,0,411,0.0,0.5
e21,0,0,412,0.0,0.5
e21,0,0,413,0.0,0.5
e21,0,0,414,0.0,0.5
e21,0,0,415,0.0,0.5
e21,0,0,416,0.0,0.5
e21,0,0,417,0.0,0.5
e21,0,0,418,0.0,0.5
e21,0,0,419,0.0,0.5
e21,0,0,420,0.0,0.5
e21,0,0,421,0.0,0.5
e21,0,0,422,0.0,0.5
e21,0,0,423,0.0,0.5
e21,0,0,424,0.0,0.5
e21,0,0,425,0.0,0.5
e21,0,0,426,0.0,0.5
e21,0,0,427,0.0,0.5
e21,0,0,428,0.0,0.5
e21,0,0,429,0.0,0.5
e21,0,0,430,0.0,0.5
e21,0,0,431,0.0,0.5
e21,0,0,432,0.0,0.5
e21,0,0,433,0.0,0.5
e21,0,0,434,0.0,0.5
e21,0,0,435,0.0,0.5
e21,0,0,436,0.0,0.5
e21,0,0,437,0.0,0.5
e21,0,0,438,0.0,0.5
e21,0,0,439,0.0,0.5
e21,0,0,440,0.0,0.5
e21,0,1,0,0.0,0.0
e21,0,1,1,0.0,0.0
e21,0,1,2,0.0,0.0
e21,0,1,3,0.0,0.0
e21,0,1,4,0.0,0.0
e21,0,1,5,0.0,0.0
e21,0,1,6,0.0,0.0
e21,0,1,7,0.0,0.0
e21,0,1,8,0.0,0.0
e21,0,1,9,0.0,0.0
e21,0,1,10,0.0,0.0
e21,0,1,11,0.0,0.0
e21,0,1,12,0.0,0.0
e21,0,1,13,0.0,0.0
e21,0,1,14,0.0,0.0
e21,0,1,15,0.0,0.0
e21,0,1,16,0.0,0.0
e21,0,1,17,0.0,0.0
e21,0,1,18,0.0,0.0
e21,0,1,19,0.0,0.0
e21,0,1,20,0.0,0.0
e21,0,1,21,0.0,0.0
e21,0,1,22,0.0,0.0
e21,0,1,23,0.0,0.0
e21,0,1,24,0.0,0.0
e21,0,1,25,0.0,0.0
e21,0,1,26,0.0,0.0
e21,0,1,27,0.0,0.0
e21,0,1,28,0.0,0.0
e21,0,1,29,0.0,0.0
e21,0,1,30,0.0,0.0
e21,0,1,31,0.0,0.0
e21,0,1,32,0.0,0.0
e21,0,1,33,0.0,0.0
e21,0,1,34,0.0,0.0
e21,0,1,35,0.0,0.0
e21,0,1,36,0.0,0.0
e21,0,1,37,0.0,0.0
e21,0,1,38,0.0,0.0
e21,0,1,39,0.0,0.0
e21,0,1,40,0.0,0.0
e21,0,1,41,0.0,0.0
e21,0,1,42,0.0,0.0
e21,0,1,43,0.0,0.0
e21,0,1,44,0.0,0.0
e21,0,1,45,0.0,0.0
e21,0,1,46,0.0,0.0
e21,0,1,47,0.0,0.0
e21,0,1,48,0.0,0.0
e21,0,1,49,0.0,0.0
e21,0,1,50,0.0,0.0
e21,0,1,51,0.0,0.0
e21,0,1,52,0.0,0.0
e21,0,1,53,0.0,0.0
e21,0,1,54,0.0,0.0
e21,0,1,55,0.0,0.0
e21,0,1,56,0.0,0.0
e21,0,1,57,0.0,0.0
e21,0,1,58,0.0,0.0
e21,0,1,59,0.0,0.0
e21,0,1,60,0.0,0.0
e21,0,1,61,0.0,0.0
e21,0,1,62,0.0,0.0
e21,0,1,63,0.0,0.0
e21,0,1,64,0.0,0.0
e21,0,1,65,0.0,0.0
e21,0,1,66,0.0,0.0
e21,0,1,67,0.0,0.0
e21,0,1,68,0.0,0.0
e21,0,1,69,0.0,0.0
e21,0,1,70,0.0,0.0
e21,0,1,71,0.0,0.0
e21,0,1,72,0.0,0.0
e21,0,1,73,0.0,0.0
e21,0,1,74,0.0,0.0
e21,0,1,75,0.0,0.0
e21,0,1,76,0.0,0.0
e21,0,1,77,0.0,0.0
e21,0,1,78,0.0,0.0
e21,0,1,79,0.0,0.0
e21,0,1,80,0.0,0.0
e21,0,1,81,0.0,0.0
e21,0,1,82,0.0,0.0
e21,0,1,83,0.0,0.0
e21,0,1,84,0.0,0.0
e21,0,1,85,0.0,0.0
e21,0,1,86,0.0,0.0
e21,0,1,87,0.0,0.0
e21,0,1,88,0.0,0.0
e21,0,1,89,0.0,0.0
e21,0,1,90,0.0,0.0
e21,0,1,91,0.0,0.0
e21,0,1,92,0.0,0.0
e21,0,1,93,0.0,0.0
e21,0,1,94,0.0,0.0
e21,0,1,95,0.0,0.0
e21,0,1,96,0.0,0.0
e21,0,1,97,0.0,0.0
e21,0,1,98,0.0,0.0
e21,0,1,99,0.0,0.0
e21,0,1,100,0.0,0.0
e21,0,1,101,0.0,0.0
e21,0,1,102,0.0,0.0
e21,0,1,103,0.0,0.0
e21,0,1,104,0.0,0.0
e21,0,1,105,0.0,0.0
e21,0,1,106,0.0,0.0
e21,0,1,107,0.0,0.0
e21,0,1,108,0.0,0.0
e21,0,1,109,0.0,0.0
e21,0,1,110,0.0,0.0
e21,0,1,111,0.0,0.0
e21,0,1,112,0.0,0.0
e21,0,1,113,0.0,0.0
e21,0,1,114,0.0,0.0
e21,0,1,115,0.0,0.0
e21,0,1,116,0.0,0.0
e21,0,1,117,0.0,0.0
e21,0,1,118,0.0,0.0
e21,0,1,119,0.0,0.0
e21,0,1,120,0.0,0.0
e21,0,1,121,0.0,0.0
e21,0,1,122,0.0,0.0
e21,0,1,123,0.0,0.0
e21,0,1,124,0.0,0.0
e21,0,1,125,0.0,0.0
e21,0,1,126,0.0,0.0
e21,0,1,127,0.0,0.0
e21,0,1,128,0.0,0.0
e21,0,1,129,0.0,0.0
e21,0,1,130,0.0,0.0
e21,0,1,131,0.0,0.0
e21,0,1,132,0.0,0.0
e21,0,1,133,0.0,0.0
e21,0,1,134,0.0,0.0
e21,0,1,135,0.0,0.0
e21,0,1,136,0.0,0.0
e21,0,1,137,0.0,0.0
e21,0,1,138,0.0,0.0
e21,0,1,139,0.0,0.0
e21,0,1,140,0.0,0.0
e21,0,1,141,0.0,0.0
e21,0,1,142,0.0,0.0
e21,0,1,143,0.0,0.0
e21,0,1,144,0.0,0.0
e21,0,1,145,0.0,0.0
e21,0,1,146,0.0,0.0
e21,0,1,147,0.0,0.0
e21,0,1,148,0.0,0.0
e21,0,1,149,0.0,0.0
e21,0,1,150,0.0,0.0
e21,0,1,151,0.0,0.0
e21,0,1,152,0.0,0.0
e21,0,1,153,0.0,0.0
e21,0,1,154,0.0,0.0
e21,0,1,155,0.0,0.0
e21,0,1,156,0.0,0.0
e21,0,1,157,0.0,0.0
e21,0,1,158,0.0,0.0
e21,0,1,159,0.0,0.0
e21,0,1,160,0.0,0.0
e21,0,1,161,0.0,0.0
e21,0,1,162,0.0,0.0
e21,0,1,163,0.0,0.0
e21,0,1,164,0.0,0.0
e21,0,1,165,0.0,0.0
e21,0,1,166,0.0,0.0
e21,0,1,167,0.0,0.0
e21,0,1,168,0.0,0.0
e21,0,1,169,0.0,0.0
e21,0,1,170,0.0,0.0
e21,0,1,171,0.0,0.0
e21,0,1,172,0.0,0.0
e21,0,1,173,0.0,0.0
e21,0,1,174,0.0,0.0
e21,0,1,175,0.0,0.0
e21,0,1,176,0.0,0.0
e21,0,1,177,0.0,0.0
e21,0,1,178,0.0,0.0
e21,0,1,179,0.0,0.0
e21,0,1,180,0.0,0.0
e21,0,1,181,0.0,0.0
e21,0,1,182,0.0,0.0
e21,0,1,183,0.0,0.0
e21,0,1,184,0.0,0.0
e21,0,1,185,0.0,0.0
e21,0,1,186,0.0,0.0
e21,0,1,187,0.0,0.0
e21,0,1,188,0.0,0.0
e21,0,1,189,0.0,0.0
e21,0,1,190,0.0,0.0
e21,0,1,191,0.0,0.0
e21,0,1,192,0.0,0.0
e21,0,1,193,0.0,0.0
e21,0,1,194,0.0,0.0
e21,0,1,195,0.0,0.0
e21,0,1,196,0.0,0.0
e21,0,1,197,0.0,0.0
e21,0,1,198,0.0,0.0
e21,0,1,199,0.0,0.0
e21,0,1,200,0.0,0.0
e21,0,1,201,0.0,0.0
e21,0,1,202,0.0,0.0
e21,0,1,203,0.0,0.0
e21,0,1,204,0.0,0.0
e21,0,1,205,0.0,0.0
e21,0,1,206,0.0,0.0
e21,0,1,207,0.0,0.0
e21,0,1,208,0.0,0.0
e21,0,1,209,0.0,0.0
e21,0,1,210,0.0,0.0
e21,0,1,211,0.0,0.0
e21,0,1,212,0.0,0.0
e21,0,1,213,0.0,0.0
e21,0,1,214,0.0,0.0
e21,0,1,215,0.0,0.0
e21,0,1,216,0.0,0.0
e21,0,1,217,0.0,0.0
e21,0,1,218,0.0,0.0
e21,0,1,219,0.0,0.0
e21,0,1,220,0.0,0.0
e21,0,1,221,0.0,0.0
e21,0,1,222,0.0,0.0
e21,0,1,223,0.0,0.0
e21,0,1,224,0.0,0.0
e21,0,1,225,0.0,0.0
e21,0,1,226,0.0,0.0
e21,0,1,227,0.0,0.0
e21,0,1,228,0.0,0.0
e21,0,1,229,0.0,0.0
e21,0,1,230,0.0,0.0
e21,0,1,231,0.0,0.0
e21,0,1,232,0.0,0.0
e21,0,1,233,0.0,0.0
e21,0,1,234,0.0,0.0
e21,0,1,235,0.0,0.0
e21,0,1,236,0.0,0.0
e21,0,1,237,0.0,0.0
e21,0,1,238,0.0,0.0
e21,0,1,239,0.0,0.0
e21,0,1,240,0.0,0.0
e21,0,1,241,0.0,0.0
e21,0,1,242,0.0,0.0
e21,0,1,243,0.0,0.0
e21,0,1,244,0.0,0.0
e21,0,1,245,0.0,0.0
e21,0,1,246,0.0,0.0
e21,0,1,247,0.0,0.0
e21,0,1,248,0.0,0.0
e21,0,1,249,0.0,0.0
e21,0,1,250,0.0,0.0
e21,0,1,251,0.0,0.0
e21,0,1,252,0.0,0.0
e21,0,1,253,0.0,0.0
e21,0,1,254,0.0,0.0
e21,0,1,255,0.0,0.0
e21,0,1,256,0.0,0.0
e21,0,1,257,0.0,0.0
e21,0,1,258,0.0,0.0
e21,0,1,259,0.0,0.0
e21,0,1,260,0.0,0.0
e21,0,1,261,0.0,0.0
e21,0,1,262,0.0,0.0
e21,0,1,263,0.0,0.0
e21,0,1,264,0.0,0.0
e21,0,1,265,0.0,0.0
e21,0,1,266,0.0,0.0
e21,0,1,267,0.0,0.0
e21,0,1,268,0.0,0.0
e21,0,1,269,0.0,0.0
e21,0,1,270,0.0,0.0
e21,0,1,271,0.0,0.0
e21,0,1,272,0.0,0.0
e21,0,1,273,0.0,0.0
e21,0,1,274,0.0,0.0
e21,0,1,275,0.0,0.0
e21,0,1,276,0.0,0.0
e21,0,1,277,0.0,0.0
e21,0,1,278,0.0,0.0
e21,0,1,279,0.0,0.0
e21,0,1,280,0.0,0.0
e21,0,1,281,0.0,0.0
e21,0,1,282,0.0,0.0
e21,0,1,283,0.0,0.0
e21,0,1,284,0.0,0.0
e21,0,1,285,0.0,0.0
e21,0,1,286,0.0,0.0
e21,0,1,287,0.0,0.0
e21,0,1,288,0.0,0.0
e21,0,1,289,0.0,0.0
e21,0,1,290,0.0,0.0
e21,0,1,291,0.0,0.0
e21,0,1,292,0.0,0.0
e21,0,1,293,0.0,0.0
e21,0,1,294,0.0,0.0
e21,0,1,295,0.0,0.0
e21,0,1,296,0.0,0.0
e21,0,1,297,0.0,0.0
e21,0,1,298,0.0,0.0
e21,0,1,299,0.0,0.0
e21,0,1,300,0.0,0.0
e21,0,1,301,0.0,0.0
e21,0,1,302,0.0,0.0
e21,0,1,303,0.0,0.0
e21,0,1,304,0.0,0.0
e21,0,1,305,0.0,0.0
e21,0,1,306,0.0,0.0
e21,0,1,307,0.0,0.0
e21,0,1,308,0.0,0.0
e21,0,1,309,0.0,0.0
e21,0,1,310,0.0,0.0
e21,0,1,311,0.0,0.0
e21,0,1,312,0.0,0.0
e21,0,1,313,0.0,0.0
e21,0,1,314,0.0,0.0
e21,0,1,315,0.0,0.0
e21,0,1,316,0.0,0.0
e21,0,1,317,0.0,0.0
e21,0,1,318,0.0,0.0
e21,0,1,319,0.0,0.0
e21,0,1,320,0.0,0.0
e21,0,1,321,0.0,0.0
e21,0,1,322,0.0,0.0
e21,0,1,323,0.0,0.0
e21,0,1,324,0.0,0.0
e21,0,1,325,0.0,0.0
e21,0,1,326,0.0,0.0
e21,0,1,327,0.0,0.0
e21,0,1,328,0.0,0.0
e21,0,1,329,0.0,0.0
e21,0,1,330,0.0,0.0
e21,0,1,331,0.0,0.0
e21,0,1,332,0.0,0.0
e21,0,1,333,0.0,0.0
e21,0,1,334,0.0,0.0
e21,0,1,335,0.0,0.0
e21,0,1,336,0.0,0.0
e21,0,1,337,0.0,0.0
e21,0,1,338,0.0,0.0
e21,0,1,339,0.0,0.0
e21,0,1,340,0.0,0.0
e21,0,1,341,0.0,0.0
e21,0,1,342,0.0,0.0
e21,0,1,343,0.0,0.0
e21,0,1,344,0.0,0.0
e21,0,1,345,0.0,0.0
e21,0,1,346,0.0,0.0
e21,0,1,347,0.0,0.0
e21,0,1,348,0.0,0.0
e21,0,1,349,0.0,0.0
e21,0,1,350,0.0,0.0
e21,0,1,351,0.0,0.0
e21,0,1,352,0.0,0.0
e21,0,1,353,0.0,0.0
e21,0,1,354,0.0,0.0
e21,0,1,355,0.0,0.0
e21,0,1,356,0.0,0.0
e21,0,1,357,0.0,0.0
e21,0,1,358,0.0,0.0
e21,0,1,359,0.0,0.0
e21,0,1,360,0.0,0.0
e21,0,1,361,0.0,0.0
e21,0,1,362,0.0,0.0
e21,0,1,363,0.0,0.0
e21,0,1,364,0.0,0.0
e21,0,1,365,0.0,0.0
e21,0,1,366,0.0,0.0
e21,0,1,367,0.0,0.0
e21,0,1,368,0.0,0.0
e21,0,1,369,0.0,0.0
e21,0,1,370,0.0,0.0
e21,0,1,371,0.0,0.0
e21,0,1,372,0.0,0.0
e21,0,1,373,0.0,0.0
e21,0,1,374,0.0,0.0
e21,0,1,375,0.0,0.0
e21,0,1,376,0.0,0.0
e21,0,1,377,0.0,0.0
e21,0,1,378,0.0,0.0
e21,0,1,379,0.0,0.0
e21,0,1,380,0.0,0.0
e21,0,1,381,0.0,0.0
e21,0,1,382,0.0,0.0
e21,0,1,383,0.0,0.0
e21,0,1,384,0.0,0.0
e21,0,1,385,0.0,0.0
e21,0,1,386,0.0,0.0
e21,0,1,387,0.0,0.0
e21,0,1,388,0.0,0.0
e21,0,1,389,0.0,0.0
e21,0,1,390,0.0,0.0
e21,0,1,391,0.0,0.0
e21,0,1,392,0.0,0.0
e21,0,1,393,0.0,0.0
e21,0,1,394,0.0,0.0
e21,0,1,395,0.0,0.0
e21,0,1,396,0.0,0.0
e21,0,1,397,0.0,0.0
e21,0,1,398,0.0,0.0
e21,0,1,399,0.0,0.0
e21,0,1,400,0.0,0.0
e21,0,1,401,0.0,0.0
e21,0,1,402,0.0,0.0
e21,0,1,403,0.0,0.0
e21,0,1,404,0.0,0.0
e21,0,1,405,0.0,0.0
e21,0,1,406,0.0,0.0
e21,0,1,407,0.0,0.0
e21,0,1,408,0.0,0.0
e21,0,1,409,0.0,0.0
e21,0,1,410,0.0,0.0
e21,0,1,411,0.0,0.0
e21,0,1,412,0.0,0.0
e21,0,1,413,0.0,0.0
e21,0,1,414,0.0,0.0
e21,0,1,415,0.0,0.0
e21,0,1,416,0.0,0.0
e21,0,1,417,0.0,0.0
e21,0,1,418,1.0,0.0
e21,0,1,419,1.0,0.0
e21,0,1,420,1.0,0.0
e21,0,1,421,1.0,0.0
e21,0,1,422,1.0,0.0
e21,0,1,423,1.0,0.0
e21,0,1,424,1.0,0.0
e21,0,1,425,1.0,0.0
e21,0,1,426,1.0,0.0
e21,0,1,427,1.0,0.0
e21,0,1,428,1.0,0.0
e21,0,1,429,1.0,0.0
e21,0,1,430,1.0,0.0
e21,0,1,431,1.0,0.0
e21,0,1,432,1.0,0.0
e21,0,1,433,1.0,0.0
e21,0,1,434,1.0,0.0
e21,0,1,435,1.0,0.0
e21,0,1,436,1.0,0.0
e21,0,1,437,1.0,0.0
e21,0,1,438,1.0,0.0
e21,0,1,439,1.0,0.0
e21,0,1,440,1.0,0.0
e21,3,0,0,0.0,0.0
e21,3,0,1,0.0,0.0
e21,3,0,2,0.0,0.0
e21,3,0,3,0.0,0.0
e21,3,0,4,0.0,0.0
e21,3,0,5,0.0,0.0
e21,3,0,6,0.0,0.0
e21,3,0,7,0.0,0.0
e21,3,0,8,0.0,0.0
e21,3,0,9,0.0,0.0
e21,3,0,10,0.0,0.0
e21,3,0,11,0.0,0.0
e21,3,0,12,0.0,0.0
e21,3,0,13,0.0,0.0
e21,3,0,14,0.0,0.0
e21,3,0,15,0.0,0.0
e21,3,0,16,0.0,0.0
e21,3,0,17,0.0,0.0
e21,3,0,18,0.0,0.0
e21,3,0,19,0.0,0.0
e21,3,0,20,0.0,0.0
e21,3,0,21,0.0,0.0
e21,3,0,22,0.0,0.0
e21,3,0,23,0.0,0.0
e21,3,0,24,0.0,0.0
e21,3,0,25,0.0,0.0
e21,3,0,26,0.0,0.0
e21,3,0,27,0.0,0.0
e21,3,0,28,0.0,0.0
e21,3,0,29,0.0,0.0
e21,3,0,30,0.0,0.0
e21,3,0,31,0.0,0.0
e21,3,0,32,0.0,0.0
e21,3,0,33,0.0,0.0
e21,3,0,34,0.0,0.0
e21,3,0,35,0.0,0.0
e21,3,0,36,0.0,0.0
e21,3,0,37,0.0,0.0
e21,3,0,38,0.0,0.0
e21,3,0,39,0.0,0.0
e21,3,0,40,0.0,0.0
e21,3,0,41,0.0,0.0
e21,3,0,42,0.0,0.0
e21,3,0,43,0.0,0.0
e21,3,0,44,0.0,0.0
e21,3,0,45,0.0,0.0
e21,3,0,46,0.0,0.0
e21,3,0,47,0.0,0.0
e21,3,0,48,0.0,0.0
e21,3,0,49,0.0,0.0
e21,3,0,50,0.0,0.0
e21,3,0,51,0.0,0.0
e21,3,0,52,0.0,0.0
e21,3,0,53,0.0,0.0
e21,3,0,54,0.0,0.0
e21,3,0,55,0.0,0.0
e21,3,0,56,0.0,0.0
e21,3,0,57,0.0,0.0
e21,3,0,58,0.0,0.0
e21,3,0,59,0.0,0.0
e21,3,0,60,0.0,0.0
e21,3,0,61,0.0,0.0
e21,3,0,62,0.0,0.0
e21,3,0,63,0.0,0.0
e21,3,0,64,0.0,0.0
e21,3,0,65,0.0,0.0
e21,3,0,66,0.0,0.0
e21,3,0,67,0.0,0.0
e21,3,0,68,0.0,0.0
e21,3,0,69,0.0,0.0
e21,3,0,70,0.0,0.0
e21,3,0,71,0.0,0.0
e21,3,0,72,0.0,0.0
e21,3,0,73,0.0,0.0
e21,3,0,74,0.0,0.0
e21,3,0,75,0.0,0.0
e21,3,0,76,0.0,0.0
e21,3,0,77,0.0,0.0
e21,3,0,78,0.0,0.0
e21,3,0,79,0.0,0.0
e21,3,0,80,0.0,0.0
e21,3,0,81,0.0,0.0
e21,3,0,82,0.0,0.0
e21,3,0,83,0.0,0.0
e21,3,0,84,0.0,0.0
e21,3,0,85,0.0,0.0
e21,3,0,86,0.0,0.0
e21,3,0,87,0.0,0.0
e21,3,0,88,0.0,0.0
e21,3,0,89,0.0,0.0
e21,3,0,90,0.0,0.0
e21,3,0,91,0.0,0.0
e21,3,0,92,0.0,0.0
e21,3,0,93,0.0,0.0
e21,3,0,94,0.0,0.0
e21,3,0,95,0.0,0.0
e21,3,0,96,0.0,0.0
e21,3,0,97,0.0,0.0
e21,3,0,98,0.0,0.0
e21,3,0,99,0.0,0.0
e21,3,0,100,0.0,0.0
e21,3,0,101,0.0,0.0
e21,3,0,102,0.0,0.0
e21,3,0,103,0.0,0.0
e21,3,0,104,0.0,0.0
e21,3,0,105,0.0,0.0
e21,3,0,106,0.0,0.0
e21,3,0,107,0.0,0.0
e21,3,0,108,0.0,0.0
e21,3,0,109,0.0,0.0
e21,3,0,110,0.0,0.0
e21,3,0,111,0.0,0.0
e21,3,0,112,0.0,0.0
e21,3,0,113,0.0,0.0
e21,3,0,114,0.0,0.0
e21,3,0,115,0.0,0.0
e21,3,0,116,0.0,0.0
e21,3,0,117,0.0,0.0
e21,3,0,118,0.0,0.0
e21,3,0,119,0.0,0.0
e21,3,0,120,0.0,0.0
e21,3,0,121,0.0,0.0
e21,3,0,122,0.0,0.0
e21,3,0,123,0.0,0.0
e21,3,0,124,0.0,0.0
e21,3,0,125,0.0,0.0
e21,3,0,126,0.0,0.0
e21,3,0,127,0.0,0.0
e21,3,0,128,0.0,0.0
e21,3,0,129,0.0,0.0
e21,3,0,130,0.0,0.0
e21,3,0,131,0.0,0.0
e21,3,0,132,0.0,0.0
e21,3,0,133,0.0,0.0
e21,3,0,134,0.0,0.0
e21,3,0,135,0.0,0.0
e21,3,0,136,0.0,0.0
e21,3,0,137,0.0,0.0
e21,3,0,138,0.0,0.0
e21,3,0,139,0.0,0.0
e21,3,0,140,0.0,0.0
e21,3,0,141,0.0,0.0
e21,3,0,142,0.0,0.0
e21,3,0,143,0.0,0.0
e21,3,0,144,0.0,0.0
e21,3,0,145,0.0,0.0
e21,3,0,146,0.0,0.0
e21,3,0,147,0.0,0.0
e21,3,0,148,0.0,0.0
e21,3,0,149,0.0,0.0
e21,3,0,150,0.0,0.0
e21,3,0,151,0.0,0.0
e21,3,0,152,0.0,0.0
e21,3,0,153,0.0,0.0
e21,3,0,154,0.0,0.0
e21,3,0,155,0.0,0.0
e21,3,0,156,0.0,0.0
e21,3,0,157,0.0,0.0
e21,3,0,158,0.0,0.0
e21,3,0,159,0.0,0.0
e21,3,0,160,0.0,0.0
e21,3,0,161,0.0,0.0
e21,3,0,162,0.0,0.0
e21,3,0,163,0.0,0.0
e21,3,0,164,0.0,0.0
e21,3,0,165,0.0,0.0
e21,3,0,166,0.0,0.0
e21,3,0,167,0.0,0.0
e21,3,0,168,0.0,0.0
e21,3,0,169,0.0,0.0
e21,3,0,170,0.0,0.0
e21,3,0,171,0.0,0.0
e21,3,0,172,0.0,0.0
e21,3,0,173,0.0,0.0
e21,3,0,174,0.0,0.0
e21,3,0,175,0.0,0.0
e21,3,0,176,0.0,0.0
e21,3,0,177,0.0,0.0
e21,3,0,178,0.0,0.0
e21,3,0,179,0.0,0.0
e21,3,0,180,0.0,0.0
e21,3,0,181,0.0,0.0
e21,3,0,182,0.0,0.0
e21,3,0,183,0.0,0.0
e21,3,0,184,0.0,0.0
e21,3,0,185,0.0,0.0
e21,3,0,186,0.0,0.0
e21,3,0,187,0.0,0.0
e21,3,0,188,0.0,0.0
e21,3,0,189,0.0,0.0
e21,3,0,190,0.0,0.0
e21,3,0,191,0.0,0.0
e21,3,0,192,0.0,0.0
e21,3,0,193,0.0,0.0
e21,3,0,194,0.0,0.0
e21,3,0,195,0.0,0.0
e21,3,0,196,0.0,0.0
e21,3,0,197,0.0,0.0
e21,3,0,198,0.0,0.0
e21,3,0,199,0.0,0.0
e21,3,0,200,0.0,0.0
e21,3,0,201,0.0,0.0
e21,3,0,202,0.0,0.0
e21,3,0,203,0.0,0.0
e21,3,0,204,0.0,0.0
e21,3,0,205,0.0,0.0
e21,3,0,206,0.0,0.0
e21,3,0,207,0.0,0.0
e21,3,0,208,0.0,0.0
e21,3,0,209,0.0,0.0
e21,3,0,210,0.0,0.0
e21,3,0,211,0.0,0.0
e21,3,0,212,0.0,0.0
e21,3,0,213,0.0,0.0
e21,3,0,214,0.0,0.0
e21,3,0,215,0.0,0.0
e21,3,0,216,0.0,0.0
e21,3,0,217,0.0,0.0
e21,3,0,218,0.0,0.0
e21,3,0,219,0.0,0.0
e21,3,0,220,0.0,0.0
e21,3,0,221,0.0,0.0
e21,3,0,222,0.0,0.0
e21,3,0,223,0.0,0.0
e21,3,0,224,0.0,0.0
e21,3,0,225,0.0,0.0
e21,3,0,226,0.0,0.0
e21,3,0,227,0.0,0.0
e21,3,0,228,0.0,0.0
e21,3,0,229,0.0,0.0
e21,3,0,230,0.0,0.0
e21,3,0,231,0.0,0.0
e21,3,0,232,0.0,0.0
e21,3,0,233,0.0,0.0
e21,3,0,234,0.0,0.0
e21,3,0,235,0.0,0.0
e21,3,0,236,0.0,0.0
e21,3,0,237,0.0,0.0
e21,3,0,238,0.0,0.0
e21,3,0,239,0.0,0.0
e21,3,0,240,0.0,0.0
e21,3,0,241,0.0,0.0
e21,3,0,242,0.0,0.0
e21,3,0,243,0.0,0.0
e21,3,0,244,0.0,0.0
e21,3,0,245,0.0,0.0
e21,3,0,246,0.0,0.0
e21,3,0,247,0.0,0.0
e21,3,0,248,0.0,0.0
e21,3,0,249,0.0,0.0
e21,3,0,250,0.0,0.0
e21,3,0,251,0.0,0.0
e21,3,0,252,0.0,0.0
e21,3,0,253,0.0,0.0
e21,3,0,254,0.0,0.0
e21,3,0,255,0.0,0.0
e21,3,0,256,0.0,0.0
e21,3,0,257,0.0,0.0
e21,3,0,258,0.0,0.0
e21,3,0,259,0.0,0.0
e21,3,0,260,0.0,0.0
e21,3,0,261,0.0,0.0
e21,3,0,262,0.0,0.0
e21,3,0,263,0.0,0.0
e21,3,0,264,0.0,0.0
e21,3,0,265,0.0,0.0
e21,3,0,266,0.0,0.0
e21,3,0,267,0.0,0.0
e21,3,0,268,0.0,0.0
e21,3,0,269,0.0,0.0
e21,3,0,270,0.0,0.0
e21,3,0,271,0.0,0.0
e21,3,0,272,0.0,0.0
e21,3,0,273,0.0,0.0
e21,3,0,274,0.0,0.0
e21,3,0,275,0.0,0.0
e21,3,0,276,0.0,0.0
e21,3,0,277,0.0,0.0
e21,3,0,278,0.0,0.0
e21,3,0,279,0.0,0.0
e21,3,0,280,0.0,0.0
e21,3,0,281,0.0,0.0
e21,3,0,282,0.0,0.0
e21,3,0,283,0.0,0.0
e21,3,0,284,0.0,0.0
e21,3,0,285,0.0,0.0
e21,3,0,286,0.0,0.0
e21,3,0,287,0.0,0.0
e21,3,0,288,0.0,0.0
e21,3,0,289,0.0,0.0
e21,3,0,290,0.0,0.0
e21,3,0,291,0.0,0.0
e21,3,0,292,0.0,0.0
e21,3,0,293,0.0,0.0
e21,3,0,294,0.0,0.0
e21,3,0,295,0.0,0.0
e21,3,0,296,0.0,0.0
e21,3,0,297,0.0,0.0
e21,3,0,298,0.0,0.0
e21,3,0,299,0.0,0.0
e21,3,0,300,0.0,0.0
e21,3,0,301,0.0,0.0
e21,3,0,302,0.0,0.0
e21,3,0,303,0.0,0.0
e21,3,0,304,0.0,0.0
e21,3,0,305,0.0,0.0
e21,3,0,306,0.0,0.0
e21,3,0,307,0.0,0.0
e21,3,0,308,0.0,0.0
e21,3,0,309,0.0,0.0
e21,3,0,310,0.0,0.0
e21,3,0,311,0.0,0.0
e21,3,0,312,0.0,0.0
e21,3,0,313,0.0,0.0
e21,3,0,314,0.0,0.0
e21,3,0,315,0.0,0.0
e21,3,0,316,0.0,0.0
e21,3,0,317,0.0,0.0
e21,3,0,318,0.0,0.0
e21,3,0,319,0.0,0.0
e21,3,0,320,0.0,0.0
e21,3,0,321,0.0,0.0
e21,3,0,322,0.0,0.0
e21,3,0,323,0.0,0.0
e21,3,0,324,0.0,0.0
e21,3,0,325,0.0,0.0
e21,3,0,326,0.0,0.0
e21,3,0,327,0.0,0.0
e21,3,0,328,0.0,0.0
e21,3,0,329,0.0,0.0
e21,3,0,330,0.0,0.0
e21,3,0,331,0.0,0.0
e21,3,0,332,0.0,0.0
e21,3,0,333,0.0,0.0
e21,3,0,334,0.0,0.0
e21,3,0,335,0.0,0.0
e21,3,0,336,0.0,0.0
e21,3,0,337,0.0,0.0
e21,3,0,338,0.0,0.0
e21,3,0,339,0.0,0.0
e21,3,0,340,0.0,0.0
e21,3,0,341,0.0,0.0
e21,3,0,342,0.0,0.0
e21,3,0,343,0.0,0.0
e21,3,0,344,0.0,0.0
e21,3,0,345,0.0,0.0
e21,3,0,346,0.0,0.0
e21,3,0,347,0.0,0.0
e21,3,0,348,0.0,0.0
e21,3,0,349,0.0,0.0
e21,3,0,350,0.0,0.0
e21,3,0,351,0.0,0.0
e21,3,0,352,0.0,0.0
e21,3,0,353,0.0,0.0
e21,3,0,354,0.0,0.0
e21,3,0,355,0.0,0.0
e21,3,0,356,0.0,0.0
e21,3,0,357,0.0,0.0
e21,3,0,358,0.0,0.0
e21,3,0,359,0.0,0.0
e21,3,0,360,0.0,0.0
e21,3,0,361,0.0,0.0
e21,3,0,362,0.0,0.0
e21,3,0,363,0.0,0.0
e21,3,0,364,0.0,0.0
e21,3,0,365,0.0,0.0
e21,3,0,366,0.0,0.0
e21,3,0,367,0.0,0.0
e21,3,0,368,0.0,0.0
e21,3,0,369,0.0,0.0
e21,3,0,370,0.0,0.0
e21,3,0,371,0.0,0.0
e21,3,0,372,0.0,0.0
e21,3,0,373,0.0,0.0
e21,3,0,374,0.0,0.0
e21,3,0,375,0.0,0.0
e21,3,0,376,0.0,0.0
e21,3,0,377,0.0,0.0
e21,3,0,378,0.0,0.0
e21,3,0,379,0.0,0.0
e21,3,0,380,0.0,0.0
e21,3,0,381,0.0,0.0
e21,3,0,382,0.0,0.0
e21,3,0,383,0.0,0.0
e21,3,0,384,0.0,0.0
e21,3,0,385,0.0,0.0
e21,3,0,386,0.0,0.0
e21,3,0,387,0.0,0.0
e21,3,0,388,0.0,0.0
e21,3,0,389,0.0,0.0
e21,3,0,390,0.0,0.0
e21,3,0,391,0.0,0.0
e21,3,0,392,0.0,0.0
e21,3,0,393,0.0,0.0
e21,3,0,394,0.0,0.0
e21,3,0,395,0.0,0.0
e21,3,0,396,0.0,0.0
e21,3,0,397,0.0,0.0
e21,3,0,398,0.0,0.0
e21,3,0,399,0.0,0.0
e21,3,0,400,0.0,0.0
e21,3,0,401,0.0,0.0
e21,3,0,402,0.0,0.0
e21,3,0,403,0.0,0.0
e21,3,0,404,0.0,0.0
e21,3,0,405,0.0,0.0
e21,3,0,406,0.0,0.0
e21,3,0,407,0.0,0.0
e21,3,0,408,0.0,0.0
e21,3,0,409,0.0,0.0
e21,3,0,410,0.0,0.0
e21,3,0,411,0.0,0.0
e21,3,0,412,0.0,0.0
e21,3,0,413,0.0,0.0
e21,3,0,414,0.0,0.0
e21,3,0,415,0.0,0.0
e21,3,0,416,0.0,0.0
e21,3,0,417,0.0,0.0
e21,3,0,418,0.0,0.0
e21,3,0,419,0.0,0.0
e21,3,0,420,0.0,0.0
e21,3,0,421,0.0,0.0
e21,3,0,422,0.0,0.0
e21,3,0,423,0.0,0.0
e21,3,0,424,0.0,0.0
e21,3,0,425,0.0,0.0
e21,3,0,426,0.0,0.0
e21,3,0,427,0.0,0.0
e21,3,0,428,0.0,0.0
e21,3,0,429,0.0,0.0
e21,3,0,430,0.0,0.0
e21,3,0,431,0.0,0.0
e21,3,0,432,0.0,0.0
e21,3,0,433,0.0,0.0
e21,3,0,434,0.0,0.0
e21,3,0,435,0.0,0.0
e21,3,0,436,0.0,0.0
e21,3,0,437,0.0,0.0
e21,3,0,438,0.0,0.0
e21,3,0,439,0.0,0.0
e21,3,0,440,0.0,0.0
e21,3,1,0,0.0,0.0
e21,3,1,1,0.0,0.0
e21,3,1,2,0.0,0.0
e21,3,1,3,0.0,0.0
e21,3,1,4,0.0,0.0
e21,3,1,5,0.0,0.0
e21,3,1,6,0.0,0.0
e21,3,1,7,0.0,0.0
e21,3,1,8,0.0,0.0
e21,3,1,9,0.0,0.0
e21,3,1,10,0.0,0.0
e21,3,1,11,0.0,0.0
e21,3,1,12,0.0,0.0
e21,3,1,13,0.0,0.0
e21,3,1,14,0.0,0.0
e21,3,1,15,0.0,0.0
e21,3,1,16,0.0,0.0
e21,3,1,17,0.0,0.0
e21,3,1,18,0.0,0.0
e21,3,1,19,0.0,0.0
e21,3,1,20,0.0,0.0
e21,3,1,21,0.0,0.0
e21,3,1,22,0.0,0.0
e21,3,1,23,0.0,0.0
e21,3,1,24,0.0,0.0
e21,3,1,25,0.0,0.0
e21,3,1,26,0.0,0.0
e21,3,1,27,0.0,0.0
e21,3,1,28,0.0,0.0
e21,3,1,29,0.0,0.0
e21,3,1,30,0.0,0.0
e21,3,1,31,0.0,0.0
e21,3,1,32,0.0,0.0
e21,3,1,33,0.0,0.0
e21,3,1,34,0.0,0.0
e21,3,1,35,0.0,0.0
e21,3,1,36,0.0,0.0
e21,3,1,37,0.0,0.0
e21,3,1,38,0.0,0.0
e21,3,1,39,0.0,0.0
e21,3,1,40,0.0,0.0
e21,3,1,41,0.0,0.0
e21,3,1,42,0.0,0.0
e21,3,1,43,0.0,0.0
e21,3,1,44,0.0,0.0
e21,3,1,45,0.0,0.0
e21,3,1,46,0.0,0.0
e21,3,1,47,0.0,0.0
e21,3,1,48,0.0,0.0
e21,3,1,49,0.0,0.0
e21,3,1,50,0.0,0.0
e21,3,1,51,0.0,0.0
e21,3,1,52,0.0,0.0
e21,3,1,53,0.0,0.0
e21,3,1,54,0.0,0.0
e21,3,1,55,0.0,0.0
e21,3,1,56,0.0,0.0
e21,3,1,57,0.0,0.0
e21,3,1,58,0.0,0.0
e21,3,1,59,0.0,0.0
e21,3,1,60,0.0,0.0
e21,3,1,61,0.0,0.0
e21,3,1,62,0.0,0.0
e21,3,1,63,0.0,0.0
e21,3,1,64,0.0,0.0
e21,3,1,65,0.0,0.0
e21,3,1,66,0.0,0.0
e21,3,1,67,0.0,0.0
e21,3,1,68,0.0,0.0
e21,3,1,69,0.0,0.0
e21,3,1,70,0.0,0.0
e21,3,1,71,0.0,0.0
e21,3,1,72,0.0,0.0
e21,3,1,73,0.0,0.0
e21,3,1,74,0.0,0.0
e21,3,1,75,0.0,0.0
e21,3,1,76,0.0,0.0
e21,3,1,77,0.0,0.0
e21,3,1,78,0.0,0.0
e21,3,1,79,0.0,0.0
e21,3,1,80,0.0,0.0
e21,3,1,81,0.0,0.0
e21,3,1,82,0.0,0.0
e21,3,1,83,0.0,0.0
e21,3,1,84,0.0,0.0
e21,3,1,85,0.0,0.0
e21,3,1,86,0.0,0.0
e21,3,1,87,0.0,0.0
e21,3,1,88,0.0,0.0
e21,3,1,89,0.0,0.0
e21,3,1,90,0.0,0.0
e21,3,1,91,0.0,0.0
e21,3,1,92,0.0,0.0
e21,3,1,93,0.0,0.0
e21,3,1,94,0.0,0.0
e21,3,1,95,0.0,0.0
e21,3,1,96,0.0,0.0
e21,3,1,97,0.0,0.0
e21,3,1,98,0.0,0.0
e21,3,1,99,0.0,0.0
e21,3,1,100,0.0,0.0
e21,3,1,101,0.0,0.0
e21,3,1,102,0.0,0.0
e21,3,1,103,0.0,0.0
e21,3,1,104,0.0,0.0
e21,3,1,105,0.0,0.0
e21,3,1,106,0.0,0.0
e21,3,1,107,0.0,0.0
e21,3,1,108,0.0,0.0
e21,3,1,109,0.0,0.0
e21,3,1,110,0.0,0.0
e21,3,1,111,0.0,0.0
e21,3,1,112,0.0,0.0
e21,3,1,113,0.0,0.0
e21,3,1,114,0.0,0.0
e21,3,1,115,0.0,0.0
e21,3,1,116,0.0,0.0
e21,3,1,117,0.0,0.0
e21,3,1,118,0.0,0.0
e21,3,1,119,0.0,0.0
e21,3,1,120,0.0,0.0
e21,3,1,121,0.0,0.0
e21,3,1,122,0.0,0.0
e21,3,1,123,0.0,0.0
e21,3,1,124,0.0,0.0
e21,3,1,125,0.0,0.0
e21,3,1,126,0.0,0.0
e21,3,1,127,0.0,0.0
e21,3,1,128,0.0,0.0
e21,3,1,129,0.0,0.0
e21,3,1,130,0.0,0.0
e21,3,1,131,0.0,0.0
e21,3,1,132,0.0,0.0
e21,3,1,133,0.0,0.0
e21,3,1,134,0.0,0.0
e21,3,1,135,0.0,0.0
e21,3,1,136,0.0,0.0
e21,3,1,137,0.0,0.0
e21,3,1,138,0.0,0.0
e21,3,1,139,0.0,0.0
e21,3,1,140,0.0,0.0
e21,3,1,141,0.0,0.0
e21,3,1,142,0.0,0.0
e21,3,1,143,0.0,0.0
e21,3,1,144,0.0,0.0
e21,3,1,145,0.0,0.0
e21,3,1,146,0.0,0.0
e21,3,1,147,0.0,0.0
e21,3,1,148,0.0,0.0
e21,3,1,149,0.0,0.0
e21,3,1,150,0.0,0.0
e21,3,1,151,0.0,0.0
e21,3,1,152,0.0,0.0
e21,3,1,153,0.0,0.0
e21,3,1,154,0.0,0.0
e21,3,1,155,0.0,0.0
e21,3,1,156,0.0,0.0
e21,3,1,157,0.0,0.0
e21,3,1,158,0.0,0.0
e21,3,1,159,0.0,0.0
e21,3,1,160,0.0,0.0
e21,3,1,161,0.0,0.0
e21,3,1,162,0.0,0.0
e21,3,1,163,0.0,0.0
e21,3,1,164,0.0,0.0
e21,3,1,165,0.0,0.0
e21,3,1,166,0.0,0.0
e21,3,1,167,0.0,0.0
e21,3,1,168,0.0,0.0
e21,3,1,169,0.0,0.0
e21,3,1,170,0.0,0.0
e21,3,1,171,0.0,0.0
e21,3,1,172,0.0,0.0
e21,3,1,173,0.0,0.0
e21,3,1,174,0.0,0.0
e21,3,1,175,0.0,0.0
e21,3,1,176,0.0,0.0
e21,3,1,177,0.0,0.0
e21,3,1,178,0.0,0.0
e21,3,1,179,0.0,0.0
e21,3,1,180,0.0,0.0
e21,3,1,181,0.0,0.0
e21,3,1,182,0.0,0.0
e21,3,1,183,0.0,0.0
e21,3,1,184,0.0,0.0
e21,3,1,185,0.0,0.0
e21,3,1,186,0.0,0.0
e21,3,1,187,0.0,0.0
e21,3,1,188,0.0,0.0
e21,3,1,189,0.0,0.0
e21,3,1,190,0.0,0.0
e21,3,1,191,0.0,0.0
e21,3,1,192,0.0,0.0
e21,3,1,193,0.0,0.0
e21,3,1,194,0.0,0.0
e21,3,1,195,0.0,0.0
e21,3,1,196,0.0,0.0
e21,3,1,197,0.0,0.0
e21,3,1,198,0.0,0.0
e21,3,1,199,0.0,0.0
e21,3,1,200,0.0,0.0
e21,3,1,201,0.0,0.0
e21,3,1,202,0.0,0.0
e21,3,1,203,0.0,0.0
e21,3,1,204,0.0,0.0
e21,3,1,205,0.0,0.0
e21,3,1,206,0.0,0.0
e21,3,1,207,0.0,0.0
e21,3,1,208,0.0,0.0
e21,3,1,209,0.0,0.0
e21,3,1,210,0.0,0.0
e21,3,1,211,0.0,0.0
e21,3,1,212,0.0,0.0
e21,3,1,213,0.0,0.0
e21,3,1,214,0.0,0.0
e21,3,1,215,0.0,0.0
e21,3,1,216,0.0,0.0
e21,3,1,217,0.0,0.0
e21,3,1,218,0.0,0.0
e21,3,1,219,0.0,0.0
e21,3,1,220,0.0,0.0
e21,3,1,221,0.0,0.0
e21,3,1,222,0.0,0.0
e21,3,1,223,0.0,0.0
e21,3,1,224,0.0,0.0
e21,3,1,225,0.0,0.0
e21,3,1,226,0.0,0.0
e21,3,1,227,0.0,0.0
e21,3,1,228,0.0,0.0
e21,3,1,229,0.0,0.0
e21,3,1,230,0.0,0.0
e21,3,1,231,0.0,0.0
e21,3,1,232,0.0,0.0
e21,3,1,233,0.0,0.0
e21,3,1,234,0.0,0.0
e21,3,1,235,0.0,0.0
e21,3,1,236,0.0,0.0
e21,3,1,237,0.0,0.0
e21,3,1,238,0.0,0.0
e21,3,1,239,0.0,0.0
e21,3,1,240,0.0,0.0
e21,3,1,241,0.0,0.0
e21,3,1,242,0.0,0.0
e21,3,1,243,0.0,0.0
e21,3,1,244,0.0,0.0
e21,3,1,245,0.0,0.0
e21,3,1,246,0.0,0.0
e21,3,1,247,0.0,0.0
e21,3,1,248,0.0,0.0
e21,3,1,249,0.0,0.0
e21,3,1,250,0.0,0.0
e21,3,1,251,0.0,0.0
e21,3,1,252,0.0,0.0
e21,3,1,253,0.0,0.0
e21,3,1,254,0.0,0.0
e21,3,1,255,0.0,0.0
e21,3,1,256,0.0,0.0
e21,3,1,257,0.0,0.0
e21,3,1,258,0.0,0.0
e21,3,1,259,0.0,0.0
e21,3,1,260,0.0,0.0
e21,3,1,261,0.0,0.0
e21,3,1,262,0.0,0.0
e21,3,1,263,0.0,0.0
e21,3,1,264,0.0,0.0
e21,3,1,265,0.0,0.0
e21,3,1,266,0.0,0.0
e21,3,1,267,0.0,0.0
e21,3,1,268,0.0,0.0
e21,3,1,269,0.0,0.0
e21,3,1,270,0.0,0.0
e21,3,1,271,0.0,0.0
e21,3,1,272,0.0,0.0
e21,3,1,273,0.0,0.0
e21,3,1,274,0.0,0.0
e21,3,1,275,0.0,0.0
e21,3,1,276,0.0,0.0
e21,3,1,277,0.0,0.0
e21,3,1,278,0.0,0.0
e21,3,1,279,0.0,0.0
e21,3,1,280,0.0,0.0
e21,3,1,281,0.0,0.0
e21,3,1,282,0.0,0.0
e21,3,1,283,0.0,0.0
e21,3,1,284,0.0,0.0
e21,3,1,285,0.0,0.0
e21,3,1,286,0.0,0.0
e21,3,1,287,0.0,0.0
e21,3,1,288,0.0,0.0
e21,3,1,289,0.0,0.0
e21,3,1,290,0.0,0.0
e21,3,1,291,0.0,0.0
e21,3,1,292,0.0,0.0
e21,3,1,293,0.0,0.0
e21,3,1,294,0.0,0.0
e21,3,1,295,0.0,0.0
e21,3,1,296,0.0,0.0
e21,3,1,297,0.0,0.0
e21,3,1,298,0.0,0.0
e21,3,1,299,0.0,0.0
e21,3,1,300,0.0,0.0
e21,3,1,301,0.0,0.0
e21,3,1,302,0.0,0.0
e21,3,1,303,0.0,0.0
e21,3,1,304,0.0,0.0
e21,3,1,305,0.0,0.0
e21,3,1,306,0.0,0.0
e21,3,1,307,0.0,0.0
e21,3,1,308,0.0,0.0
e21,3,1,309,0.0,0.0
e21,3,1,310,0.0,0.0
e21,3,1,311,0.0,0.0
e21,3,1,312,0.0,0.0
e21,3,1,313,0.0,0.0
e21,3,1,314,0.0,0.0
e21,3,1,315,0.0,0.0
e21,3,1,316,0.0,0.0
e21,3,1,317,0.0,0.0
e21,3,1,318,0.0,0.0
e21,3,1,319,0.0,0.0
e21,3,1,320,0.0,0.0
e21,3,1,321,0.0,0.0
e21,3,1,322,0.0,0.0
e21,3,1,323,0.0,0.0
e21,3,1,324,0.0,0.0
e21,3,1,325,0.0,0.0
e21,3,1,326,0.0,0.0
e21,3,1,327,0.0,0.0
e21,3,1,328,0.0,0.0
e21,3,1,329,0.0,0.0
e21,3,1,330,0.0,0.0
e21,3,1,331,0.0,0.0
e21,3,1,332,0.0,0.0
e21,3,1,333,0.0,0.0
e21,3,1,334,0.0,0.0
e21,3,1,335,0.0,0.0
e21,3,1,336,0.0,0.0
e21,3,1,337,0.0,0.0
e21,3,1,338,0.0,0.0
e21,3,1,339,0.0,0.0
e21,3,1,340,0.0,0.0
e21,3,1,341,0.0,0.0
e21,3,1,342,0.0,0.0
e21,3,1,343,0.0,0.0
e21,3,1,344,0.0,0.0
e21,3,1,345,0.0,0.0
e21,3,1,346,0.0,0.0
e21,3,1,347,0.0,0.0
e21,3,1,348,0.0,0.0
e21,3,1,349,0.0,0.0
e21,3,1,350,0.0,0.0
e21,3,1,351,0.0,0.0
e21,3,1,352,0.0,0.0
e21,3,1,353,0.0,0.0
e21,3,1,354,0.0,0.0
e21,3,1,355,0.0,0.0
e21,3,1,356,0.0,0.0
e21,3,1,357,0.0,0.0
e21,3,1,358,0.0,0.0
e21,3,1,359,0.0,0.0
e21,3,1,360,0.0,0.0
e21,3,1,361,0.0,0.0
e21,3,1,362,0.0,0.0
e21,3,1,363,0.0,0.0
e21,3,1,364,0.0,0.0
e21,3,1,365,0.0,0.0
e21,3,1,366,0.0,0.0
e21,3,1,367,0.0,0.0
e21,3,1,368,0.0,0.0
e21,3,1,369,0.0,0.0
e21,3,1,370,0.0,0.0
e21,3,1,371,0.0,0.0
e21,3,1,372,0.0,0.0
e21,3,1,373,0.0,0.0
e21,3,1,374,0.0,0.0
e21,3,1,375,0.0,0.0
e21,3,1,376,0.0,0.0
e21,3,1,377,0.0,0.0
e21,3,1,378,0.0,0.0
e21,3,1,379,0.0,0.0
e21,3,1,380,0.0,0.0
e21,3,1,381,0.0,0.0
e21,3,1,382,0.0,0.0
e21,3,1,383,0.0,0.0
e21,3,1,384,0.0,0.0
e21,3,1,385,0.0,0.0
e21,3,1,386,0.0,0.0
e21,3,1,387,0.0,0.0
e21,3,1,388,0.0,0.0
e21,3,1,389,0.0,0.0
e21,3,1,390,0.0,0.0
e21,3,1,391,0.0,0.0
e21,3,1,392,0.0,0.0
e21,3,1,393,0.0,0.0
e21,3,1,394,0.0,0.0
e21,3,1,395,0.0,0.0
e21,3,1,396,0.0,0.0
e21,3,1,397,0.0,0.0
e21,3,1,398,0.0,0.0
e21,3,1,399,0.0,0.0
e21,3,1,400,0.0,0.0
e21,3,1,401,0.0,0.0
e21,3,1,402,0.0,0.0
e21,3,1,403,0.0,0.0
e21,3,1,404,0.0,0.0
e21,3,1,405,0.0,0.0
e21,3,1,406,0.0,0.0
e21,3,1,407,0.0,0.0
e21,3,1,408,0.0,0.0
e21,3,1,409,0.0,0.0
e21,3,1,410,0.0,0.0
e21,3,1,411,0.0,0.0
e21,3,1,412,0.0,0.0
e21,3,1,413,0.0,0.0
e21,3,1,414,0.0,0.0
e21,3,1,415,0.0,0.0
e21,3,1,416,0.0,0.0
e21,3,1,417,0.0,0.0
e21,3,1,418,0.0,0.0
e21,3,1,419,0.0,0.0
e21,3,1,420,0.0,0.0
e21,3,1,421,0.0,0.0
e21,3,1,422,0.0,0.0
e21,3,1,423,0.0,0.0
e21,3,1,424,0.0,0.0
e21,3,1,425,0.0,0.0
e21,3,1,426,0.0,0.0
e21,3,1,427,0.0,0.0
e21,3,1,428,0.0,0.0
e21,3,1,429,0.0,0.0
e21,3,1,430,0.0,0.0
e21,3,1,431,0.0,0.0
e21,3,1,432,0.0,0.0
e21,3,1,433,0.0,0.0
e21,3,1,434,1.0,0.0
e21,3,1,435,1.0,0.0
e21,3,1,436,1.0,0.0
e21,3,1,437,1.0,0.0
e21,3,1,438,1.0,0.0
e21,3,1,439,1.0,0.0
e21,3,1,440,1.0,0.0
e21,10,0,0,0.0,0.0
e21,10,0,1,0.0,0.0
e21,10,0,2,0.0,0.0
e21,10,0,3,0.0,0.0
e21,10,0,4,0.0,0.0
e21,10,0,5,0.0,0.0
e21,10,0,6,0.0,0.0
e21,10,0,7,0.0,0.0
e21,10,0,8,0.0,0.0
e21,10,0,9,0.0,0.0
e21,10,0,10,0.0,0.0
e21,10,0,11,0.0,0.0
e21,10,0,12,0.0,0.0
e21,10,0,13,0.0,0.0
e21,10,0,14,0.0,0.0
e21,10,0,15,0.0,0.0
e21,10,0,16,0.0,0.0
e21,10,0,17,0.0,0.0
e21,10,0,18,0.0,0.0
e21,10,0,19,0.0,0.0
e21,10,0,20,0.0,0.0
e21,10,0,21,0.0,0.0
e21,10,0,22,0.0,0.0
e21,10,0,23,0.0,0.0
e21,10,0,24,0.0,0.0
e21,10,0,25,0.0,0.0
e21,10,0,26,0.0,0.0
e21,10,0,27,0.0,0.0
e21,10,0,28,0.0,0.0
e21,10,0,29,0.0,0.0
e21,10,0,30,0.0,0.0
e21,10,0,31,0.0,0.0
e21,10,0,32,0.0,0.0
e21,10,0,33,0.0,0.0
e21,10,0,34,0.0,0.0
e21,10,0,35,0.0,0.0
e21,10,0,36,0.0,0.0
e21,10,0,37,0.0,0.0
e21,10,0,38,0.0,0.0
e21,10,0,39,0.0,0.0
e21,10,0,40,0.0,0.0
e21,10,0,41,0.0,0.0
e21,10,0,42,0.0,0.0
e21,10,0,43,0.0,0.0
e21,10,0,44,0.0,0.0
e21,10,0,45,0.0,0.0
e21,10,0,46,0.0,0.0
e21,10,0,47,0.0,0.0
e21,10,0,48,0.0,0.0
e21,10,0,49,0.0,0.0
e21,10,0,50,0.0,0.0
e21,10,0,51,0.0,0.0
e21,10,0,52,0.0,0.0
e21,10,0,53,0.0,0.0
e21,10,0,54,0.0,0.0
e21,10,0,55,0.0,0.0
e21,10,0,56,0.0,0.0
e21,10,0,57,0.0,0.0
e21,10,0,58,0.0,0.0
e21,10,0,59,0.0,0.0
e21,10,0,60,0.0,0.0
e21,10,0,61,0.0,0.0
e21,10,0,62,0.0,0.0
e21,10,0,63,0.0,0.0
e21,10,0,64,0.0,0.0
e21,10,0,65,0.0,0.0
e21,10,0,66,0.0,0.0
e21,10,0,67,0.0,0.0
e21,10,0,68,0.0,0.0
e21,10,0,69,0.0,0.0
e21,10,0,70,0.0,0.0
e21,10,0,71,0.0,0.0
e21,10,0,72,0.0,0.0
e21,10,0,73,0.0,0.0
e21,10,0,74,0.0,0.0
e21,10,0,75,0.0,0.0
e21,10,0,76,0.0,0.0
e21,10,0,77,0.0,0.0
e21,10,0,78,0.0,0.0
e21,10,0,79,0.0,0.0
e21,10,0,80,0.0,0.0
e21,10,0,81,0.0,0.0
e21,10,0,82,0.0,0.0
e21,10,0,83,0.0,0.0
e21,10,0,84,0.0,0.0
e21,10,0,85,0.0,0.0
e21,10,0,86,0.0,0.0
e21,10,0,87,0.0,0.0
e21,10,0,88,0.0,0.0
e21,10,0,89,0.0,0.0
e21,10,0,90,0.0,0.0
e21,10,0,91,0.0,0.0
e21,10,0,92,0.0,0.0
e21,10,0,93,0.0,0.0
e21,10,0,94,0.0,0.0
e21,10,0,95,0.0,0.0
e21,10,0,96,0.0,0.0
e21,10,0,97,0.0,0.0
e21,10,0,98,0.0,0.0
e21,10,0,99,0.0,0.0
e21,10,0,100,0.0,0.0
e21,10,0,101,0.0,0.0
e21,10,0,102,0.0,0.0
e21,10,0,103,0.0,0.0
e21,10,0,104,0.0,0.0
e21,10,0,105,0.0,0.0
e21,10,0,106,0.0,0.0
e21,10,0,107,0.0,0.0
e21,10,0,108,0.0,0.0
e21,10,0,109,0.0,0.0
e21,10,0,110,0.0,0.0
e21,10,0,111,0.0,0.0
e21,10,0,112,0.0,0.0
e21,10,0,113,0.0,0.0
e21,10,0,114,0.0,0.0
e21,10,0,115,0.0,0.0
e21,10,0,116,0.0,0.0
e21,10,0,117,0.0,0.0
e21,10,0,118,0.0,0.0
e21,10,0,119,0.0,0.0
e21,10,0,120,0.0,0.0
e21,10,0,121,0.0,0.0
e21,10,0,122,0.0,0.0
e21,10,0,123,0.0,0.0
e21,10,0,124,0.0,0.0
e21,10,0,125,0.0,0.0
e21,10,0,126,0.0,0.0
e21,10,0,127,0.0,0.0
e21,10,0,128,0.0,0.0
e21,10,0,129,0.0,0.0
e21,10,0,130,0.0,0.0
e21,10,0,131,0.0,0.0
e21,10,0,132,0.0,0.0
e21,10,0,133,0.0,0.0
e21,10,0,134,0.0,0.0
e21,10,0,135,0.0,0.0
e21,10,0,136,0.0,0.0
e21,10,0,137,0.0,0.0
e21,10,0,138,0.0,0.0
e21,10,0,139,0.0,0.0
e21,10,0,140,0.0,0.0
e21,10,0,141,0.0,0.0
e21,10,0,142,0.0,0.0
e21,10,0,143,0.0,0.0
e21,10,0,144,0.0,0.0
e21,10,0,145,0.0,0.0
e21,10,0,146,0.0,0.0
e21,10,0,147,0.0,0.0
e21,10,0,148,0.0,0.0
e21,10,0,149,0.0,0.0
e21,10,0,150,0.0,0.0
e21,10,0,151,0.0,0.0
e21,10,0,152,0.0,0.0
e21,10,0,153,0.0,0.0
e21,10,0,154,0.0,0.0
e21,10,0,155,0.0,0.0
e21,10,0,156,0.0,0.0
e21,10,0,157,0.0,0.0
e21,10,0,158,0.0,0.0
e21,10,0,159,0.0,0.0
e21,10,0,160,0.0,0.0
e21,10,0,161,0.0,0.0
e21,10,0,162,0.0,0.0
e21,10,0,163,0.0,0.0
e21,10,0,164,0.0,0.0
e21,10,0,165,0.0,0.0
e21,10,0,166,0.0,0.0
e21,10,0,167,0.0,0.0
e21,10,0,168,0.0,0.0
e21,10,0,169,0.0,0.0
e21,10,0,170,0.0,0.0
e21,10,0,171,0.0,0.0
e21,10,0,172,0.0,0.0
e21,10,0,173,0.0,0.0
e21,10,0,174,0.0,0.0
e21,10,0,175,0.0,0.0
e21,10,0,176,0.0,0.0
e21,10,0,177,0.0,0.0
e21,10,0,178,0.0,0.0
e21,10,0,179,0.0,0.0
e21,10,0,180,0.0,0.0
e21,10,0,181,0.0,0.0
e21,10,0,182,0.0,0.0
e21,10,0,183,0.0,0.0
e21,10,0,184,0.0,0.0
e21,10,0,185,0.0,0.0
e21,10,0,186,0.0,0.0
e21,10,0,187,0.0,0.0
e21,10,0,188,0.0,0.0
e21,10,0,189,0.0,0.0
e21,10,0,190,0.0,0.0
e21,10,0,191,0.0,0.0
e21,10,0,192,0.0,0.0
e21,10,0,193,0.0,0.0
e21,10,0,194,0.0,0.0
e21,10,0,195,0.0,0.0
e21,10,0,196,0.0,0.0
e21,10,0,197,0.0,0.0
e21,10,0,198,0.0,0.0
e21,10,0,199,0.0,0.0
e21,10,0,200,0.0,0.0
e21,10,0,201,0.0,0.0
e21,10,0,202,0.0,0.0
e21,10,0,203,0.0,0.0
e21,10,0,204,0.0,0.0
e21,10,0,205,0.0,0.0
e21,10,0,206,0.0,0.0
e21,10,0,207,0.0,0.0
e21,10,0,208,0.0,0.0
e21,10,0,209,0.0,0.0
e21,10,0,210,0.0,0.0
e21,10,0,211,0.0,0.0
e21,10,0,212,0.0,0.0
e21,10,0,213,0.0,0.0
e21,10,0,214,0.0,0.0
e21,10,0,215,0.0,0.0
e21,10,0,216,0.0,0.0
e21,10,0,217,0.0,0.0
e21,10,0,218,0.0,0.0
e21,10,0,219,0.0,0.0
e21,10,0,220,0.0,0.0
e21,10,0,221,0.0,0.0
e21,10,0,222,0.0,0.0
e21,10,0,223,0.0,0.0
e21,10,0,224,0.0,0.0
e21,10,0,225,0.0,0.0
e21,10,0,226,0.0,0.0
e21,10,0,227,0.0,0.0
e21,10,0,228,0.0,0.0
e21,10,0,229,0.0,0.0
e21,10,0,230,0.0,0.0
e21,10,0,231,0.0,0.0
e21,10,0,232,0.0,0.0
e21,10,0,233,0.0,0.0
e21,10,0,234,0.0,0.0
e21,10,0,235,0.0,0.0
e21,10,0,236,0.0,0.0
e21,10,0,237,0.0,0.0
e21,10,0,238,0.0,0.0
e21,10,0,239,0.0,0.0
e21,10,0,240,0.0,0.0
e21,10,0,241,0.0,0.0
e21,10,0,242,0.0,0.0
e21,10,0,243,0.0,0.0
e21,10,0,244,0.0,0.0
e21,10,0,245,0.0,0.0
e21,10,0,246,0.0,0.0
e21,10,0,247,0.0,0.0
e21,10,0,248,0.0,0.0
e21,10,0,249,0.0,0.0
e21,10,0,250,0.0,0.0
e21,10,0,251,0.0,0.0
e21,10,0,252,0.0,0.0
e21,10,0,253,0.0,0.0
e21,10,0,254,0.0,0.0
e21,10,0,255,0.0,0.0
e21,10,0,256,0.0,0.0
e21,10,0,257,0.0,0.0
e21,10,0,258,0.0,0.0
e21,10,0,259,0.0,0.0
e21,10,0,260,0.0,0.0
e21,10,0,261,0.0,0.0
e21,10,0,262,0.0,0.0
e21,10,0,263,0.0,0.0
e21,10,0,264,0.0,0.0
e21,10,0,265,0.0,0.0
e21,10,0,266,0.0,0.0
e21,10,0,267,0.0,0.0
e21,10,0,268,0.0,0.0
e21,10,0,269,0.0,0.0
e21,10,0,270,0.0,0.0
e21,10,0,271,0.0,0.0
e21,10,0,272,0.0,0.0
e21,10,0,273,0.0,0.0
e21,10,0,274,0.0,0.0
e21,10,0,275,0.0,0.0
e21,10,0,276,0.0,0.0
e21,10,0,277,0.0,0.0
e21,10,0,278,0.0,0.0
e21,10,0,279,0.0,0.0
e21,10,0,280,0.0,0.0
e21,10,0,281,0.0,0.0
e21,10,0,282,0.0,0.0
e21,10,0,283,0.0,0.0
e21,10,0,284,0.0,0.0
e21,10,0,285,0.0,0.0
e21,10,0,286,0.0,0.0
e21,10,0,287,0.0,0.0
e21,10,0,288,0.0,0.0
e21,10,0,289,0.0,0.0
e21,10,0,290,0.0,0.0
e21,10,0,291,0.0,0.0
e21,10,0,292,0.0,0.0
e21,10,0,293,0.0,0.0
e21,10,0,294,0.0,0.0
e21,10,0,295,0.0,0.0
e21,10,0,296,0.0,0.0
e21,10,0,297,0.0,0.0
e21,10,0,298,0.0,0.0
e21,10,0,299,0.0,0.0
e21,10,0,300,0.0,0.0
e21,10,0,301,0.0,0.0
e21,10,0,302,0.0,0.0
e21,10,0,303,0.0,0.0
e21,10,0,304,0.0,0.0
e21,10,0,305,0.0,0.0
e21,10,0,306,0.0,0.0
e21,10,0,307,0.0,0.0
e21,10,0,308,0.0,0.0
e21,10,0,309,0.0,0.0
e21,10,0,310,0.0,0.0
e21,10,0,311,0.0,0.0
e21,10,0,312,0.0,0.0
e21,10,0,313,0.0,0.0
e21,10,0,314,0.0,0.0
e21,10,0,315,0.0,0.0
e21,10,0,316,0.0,0.0
e21,10,0,317,0.0,0.5
e21,10,0,318,0.0,0.5
e21,10,0,319,0.0,0.5
e21,10,0,320,0.0,0.5
e21,10,0,321,0.0,0.5
e21,10,0,322,0.0,0.5
e21,10,0,323,0.0,0.5
e21,10,0,324,0.0,0.5
e21,10,0,325,0.0,0.5
e21,10,0,326,0.0,0.5
e21,10,0,327,0.0,0.5
e21,10,0,328,0.0,0.5
e21,10,0,329,0.0,0.5
e21,10,0,330,0.0,0.5
e21,10,0,331,0.0,0.5
e21,10,0,332,0.0,0.5
e21,10,0,333,0.0,0.5
e21,10,0,334,0.0,0.5
e21,10,0,335,0.0,0.5
e21,10,0,336,0.0,0.5
e21,10,0,337,0.0,0.5
e21,10,0,338,0.0,0.5
e21,10,0,339,0.0,0.5
e21,10,0,340,0.0,0.5
e21,10,0,341,0.0,0.5
e21,10,0,342,0.0,0.5
e21,10,0,343,0.0,0.5
e21,10,0,344,0.0,0.5
e21,10,0,345,0.0,0.5
e21,10,0,346,0.0,0.5
e21,10,0,347,0.0,0.5
e21,10,0,348,0.0,0.5
e21,10,0,349,0.0,0.5
e21,10,0,350,0.0,0.5
e21,10,0,351,0.0,0.5
e21,10,0,352,0.0,0.5
e21,10,0,353,0.0,0.5
e21,10,0,354,0.0,0.5
e21,10,0,355,0.0,0.5
e21,10,0,356,0.0,0.5
e21,10,0,357,0.0,0.5
e21,10,0,358,0.0,0.5
e21,10,0,359,0.0,0.5
e21,10,0,360,0.0,0.5
e21,10,0,361,0.0,0.5
e21,10,0,362,0.0,0.5
e21,10,0,363,0.0,0.5
e21,10,0,364,0.0,0.5
e21,10,0,365,0.0,0.5
e21,10,0,366,0.0,0.5
e21,10,0,367,0.0,0.5
e21,10,0,368,0.0,0.5
e21,10,0,369,0.0,0.5
e21,10,0,370,0.0,0.5
e21,10,0,371,0.0,0.5
e21,10,0,372,0.0,0.5
e21,10,0,373,0.0,0.5
e21,10,0,374,0.0,0.5
e21,10,0,375,0.0,0.5
e21,10,0,376,0.0,0.5
e21,10,0,377,0.0,0.5
e21,10,0,378,0.0,0.5
e21,10,0,379,0.0,0.5
e21,10,0,380,0.0,0.5
e21,10,0,381,0.0,0.5
e21,10,0,382,0.0,0.5
e21,10,0,383,0.0,0.5
e21,10,0,384,0.0,0.5
e21,10,0,385,0.0,0.5
e21,10,0,386,0.0,0.5
e21,10,0,387,0.0,0.5
e21,10,0,388,0.0,0.5
e21,10,0,389,0.0,0.5
e21,10,0,390,0.0,0.5
e21,10,0,391,0.0,0.5
e21,10,0,392,0.0,0.5
e21,10,0,393,0.0,0.5
e21,10,0,394,0.0,0.5
e21,10,0,395,0.0,0.5
e21,10,0,396,0.0,0.5
e21,10,0,397,0.0,0.5
e21,10,0,398,0.0,0.5
e21,10,0,399,0.0,0.5
e21,10,0,400,0.0,0.5
e21,10,0,401,0.0,0.5
e21,10,0,402,0.0,0.5
e21,10,0,403,0.0,0.5
e21,10,0,404,0.0,0.5
e21,10,0,405,0.0,0.5
e21,10,0,406,0.0,0.5
e21,10,0,407,0.0,0.5
e21,10,0,408,0.0,0.5
e21,10,0,409,0.0,0.5
e21,10,0,410,0.0,0.5
e21,10,0,411,0.0,0.5
e21,10,0,412,0.0,0.5
e21,10,0,413,0.0,0.5
e21,10,0,414,0.0,0.5
e21,10,0,415,0.0,0.5
e21,10,0,416,0.0,0.5
e21,10,0,417,0.0,0.5
e21,10,0,418,0.0,0.5
e21,10,0,419,0.0,0.5
e21,10,0,420,0.0,0.5
e21,10,0,421,0.0,0.5
e21,10,0,422,0.0,0.5
e21,10,0,423,0.0,0.5
e21,10,0,424,0.0,0.5
e21,10,0,425,0.0,0.5
e21,10,0,426,0.0,0.5
e21,10,0,427,0.0,0.5
e21,10,0,428,0.0,0.5
e21,10,0,429,0.0,0.5
e21,10,0,430,0.0,0.5
e21,10,0,431,0.0,0.5
e21,10,0,432,0.0,0.5
e21,10,0,433,0.0,0.5
e21,10,0,434,0.0,0.5
e21,10,0,435,0.0,0.5
e21,10,0,436,0.0,0.5
e21,10,0,437,0.0,0.5
e21,10,0,438,0.0,0.5
e21,10,0,439,0.0,0.5
e21,10,0,440,0.0,0.5
e21,10,1,0,0.0,0.0
e21,10,1,1,0.0,0.0
e21,10,1,2,0.0,0.0
e21,10,1,3,0.0,0.0
e21,10,1,4,0.0,0.0
e21,10,1,5,0.0,0.0
e21,10,1,6,0.0,0.0
e21,10,1,7,0.0,0.0
e21,10,1,8,0.0,0.0
e21,10,1,9,0.0,0.0
e21,10,1,10,0.0,0.0
e21,10,1,11,0.0,0.0
e21,10,1,12,0.0,0.0
e21,10,1,13,0.0,0.0
e21,10,1,14,0.0,0.0
e21,10,1,15,0.0,0.0
e21,10,1,16,0.0,0.0
e21,10,1,17,0.0,0.0
e21,10,1,18,0.0,0.0
e21,10,1,19,0.0,0.0
e21,10,1,20,0.0,0.0
e21,10,1,21,0.0,0.0
e21,10,1,22,0.0,0.0
e21,10,1,23,0.0,0.0
e21,10,1,24,0.0,0.0
e21,10,1,25,0.0,0.0
e21,10,1,26,0.0,0.0
e21,10,1,27,0.0,0.0
e21,10,1,28,0.0,0.0
e21,10,1,29,0.0,0.0
e21,10,1,30,0.0,0.0
e21,10,1,31,0.0,0.0
e21,10,1,32,0.0,0.0
e21,10,1,33,0.0,0.0
e21,10,1,34,0.0,0.0
e21,10,1,35,0.0,0.0
e21,10,1,36,0.0,0.0
e21,10,1,37,0.0,0.0
e21,10,1,38,0.0,0.0
e21,10,1,39,0.0,0.0
e21,10,1,40,0.0,0.0
e21,10,1,41,0.0,0.0
e21,10,1,42,0.0,0.0
e21,10,1,43,0.0,0.0
e21,10,1,44,0.0,0.0
e21,10,1,45,0.0,0.0
e21,10,1,46,0.0,0.0
e21,10,1,47,0.0,0.0
e21,10,1,48,0.0,0.0
e21,10,1,49,0.0,0.0
e21,10,1,50,0.0,0.0
e21,10,1,51,0.0,0.0
e21,10,1,52,0.0,0.0
e21,10,1,53,0.0,0.0
e21,10,1,54,0.0,0.0
e21,10,1,55,0.0,0.0
e21,10,1,56,0.0,0.0
e21,10,1,57,0.0,0.0
e21,10,1,58,0.0,0.0
e21,10,1,59,0.0,0.0
e21,10,1,60,0.0,0.0
e21,10,1,61,0.0,0.0
e21,10,1,62,0.0,0.0
e21,10,1,63,0.0,0.0
e21,10,1,64,0.0,0.0
e21,10,1,65,0.0,0.0
e21,10,1,66,0.0,0.0
e21,10,1,67,0.0,0.0
e21,10,1,68,0.0,0.0
e21,10,1,69,0.0,0.0
e21,10,1,70,0.0,0.0
e21,10,1,71,0.0,0.0
e21,10,1,72,0.0,0.0
e21,10,1,73,0.0,0.0
e21,10,1,74,0.0,0.0
e21,10,1,75,0.0,0.0
e21,10,1,76,0.0,0.0
e21,10,1,77,0.0,0.0
e21,10,1,78,0.0,0.0
e21,10,1,79,0.0,0.0
e21,10,1,80,0.0,0.0
e21,10,1,81,0.0,0.0
e21,10,1,82,0.0,0.0
e21,10,1,83,0.0,0.0
e21,10,1,84,0.0,0.0
e21,10,1,85,0.0,0.0
e21,10,1,86,0.0,0.0
e21,10,1,87,0.0,0.0
e21,10,1,88,0.0,0.0
e21,10,1,89,0.0,0.0
e21,10,1,90,0.0,0.0
e21,10,1,91,0.0,0.0
e21,10,1,92,0.0,0.0
e21,10,1,93,0.0,0.0
e21,10,1,94,0.0,0.0
e21,10,1,95,0.0,0.0
e21,10,1,96,0.0,0.0
e21,10,1,97,0.0,0.0
e21,10,1,98,0.0,0.0
e21,10,1,99,0.0,0.0
e21,10,1,100,0.0,0.0
e21,10,1,101,0.0,0.0
e21,10,1,102,0.0,0.0
e21,10,1,103,0.0,0.0
e21,10,1,104,0.0,0.0
e21,10,1,105,0.0,0.0
e21,10,1,106,0.0,0.0
e21,10,1,107,0.0,0.0
e21,10,1,108,0.0,0.0
e21,10,1,109,0.0,0.0
e21,10,1,110,0.0,0.0
e21,10,1,111,0.0,0.0
e21,10,1,112,0.0,0.0
e21,10,1,113,0.0,0.0
e21,10,1,114,0.0,0.0
e21,10,1,115,0.0,0.0
e21,10,1,116,0.0,0.0
e21,10,1,117,0.0,0.0
e21,10,1,118,0.0,0.0
e21,10,1,119,0.0,0.0
e21,10,1,120,0.0,0.0
e21,10,1,121,0.0,0.0
e21,10,1,122,0.0,0.0
e21,10,1,123,0.0,0.0
e21,10,1,124,0.0,0.0
e21,10,1,125,0.0,0.0
e21,10,1,126,0.0,0.0
e21,10,1,127,0.0,0.0
e21,10,1,128,0.0,0.0
e21,10,1,129,0.0,0.0
e21,10,1,130,0.0,0.0
e21,10,1,131,0.0,0.0
e21,10,1,132,0.0,0.0
e21,10,1,133,0.0,0.0
e21,10,1,134,0.0,0.0
e21,10,1,135,0.0,0.0
e21,10,1,136,0.0,0.0
e21,10,1,137,0.0,0.0
e21,10,1,138,0.0,0.0
e21,10,1,139,0.0,0.0
e21,10,1,140,0.0,0.0
e21,10,1,141,0.0,0.0
e21,10,1,142,0.0,0.0
e21,10,1,143,0.0,0.0
e21,10,1,144,0.0,0.0
e21,10,1,145,0.0,0.0
e21,10,1,146,0.0,0.0
e21,10,1,147,0.0,0.0
e21,10,1,148,0.0,0.0
e21,10,1,149,0.0,0.0
e21,10,1,150,0.0,0.0
e21,10,1,151,0.0,0.0
e21,10,1,152,0.0,0.0
e21,10,1,153,0.0,0.0
e21,10,1,154,0.0,0.0
e21,10,1,155,0.0,0.0
e21,10,1,156,0.0,0.0
e21,10,1,157,0.0,0.0
e21,10,1,158,0.0,0.0
e21,10,1,159,0.0,0.0
e21,10,1,160,0.0,0.0
e21,10,1,161,0.0,0.0
e21,10,1,162,0.0,0.0
e21,10,1,163,0.0,0.0
e21,10,1,164,0.0,0.0
e21,10,1,165,0.0,0.0
e21,10,1,166,0.0,0.0
e21,10,1,167,0.0,0.0
e21,10,1,168,0.0,0.0
e21,10,1,169,0.0,0.0
e21,10,1,170,0.0,0.0
e21,10,1,171,0.0,0.0
e21,10,1,172,0.0,0.0
e21,10,1,173,0.0,0.0
e21,10,1,174,0.0,0.0
e21,10,1,175,0.0,0.0
e21,10,1,176,0.0,0.0
e21,10,1,177,0.0,0.0
e21,10,1,178,0.0,0.0
e21,10,1,179,0.0,0.0
e21,10,1,180,0.0,0.0
e21,10,1,181,0.0,0.0
e21,10,1,182,0.0,0.0
e21,10,1,183,0.0,0.0
e21,10,1,184,0.0,0.0
e21,10,1,185,0.0,0.0
e21,10,1,186,0.0,0.0
e21,10,1,187,0.0,0.0
e21,10,1,188,0.0,0.0
e21,10,1,189,0.0,0.0
e21,10,1,190,0.0,0.0
e21,10,1,191,0.0,0.0
e21,10,1,192,0.0,0.0
e21,10,1,193,0.0,0.0
e21,10,1,194,0.0,0.0
e21,10,1,195,0.0,0.0
e21,10,1,196,0.0,0.0
e21,10,1,197,0.0,0.0
e21,10,1,198,0.0,0.0
e21,10,1,199,0.0,0.0
e21,10,1,200,0.0,0.0
e21,10,1,201,0.0,0.0
e21,10,1,202,0.0,0.0
e21,10,1,203,0.0,0.0
e21,10,1,204,0.0,0.0
e21,10,1,205,0.0,0.0
e21,10,1,206,0.0,0.0
e21,10,1,207,0.0,0.0
e21,10,1,208,0.0,0.0
e21,10,1,209,0.0,0.0
e21,10,1,210,0.0,0.0
e21,10,1,211,0.0,0.0
e21,10,1,212,0.0,0.0
e21,10,1,213,0.0,0.0
e21,10,1,214,0.0,0.0
e21,10,1,215,0.0,0.0
e21,10,1,216,0.0,0.0
e21,10,1,217,0.0,0.0
e21,10,1,218,0.0,0.0
e21,10,1,219,0.0,0.0
e21,10,1,220,0.0,0.0
e21,10,1,221,0.0,0.0
e21,10,1,222,0.0,0.0
e21,10,1,223,0.0,0.0
e21,10,1,224,0.0,0.0
e21,10,1,225,0.0,0.0
e21,10,1,226,0.0,0.0
e21,10,1,227,0.0,0.0
e21,10,1,228,0.0,0.0
e21,10,1,229,0.0,0.0
e21,10,1,230,0.0,0.0
e21,10,1,231,0.0,0.0
e21,10,1,232,0.0,0.0
e21,10,1,233,0.0,0.0
e21,10,1,234,0.0,0.0
e21,10,1,235,0.0,0.0
e21,10,1,236,0.0,0.0
e21,10,1,237,0.0,0.0
e21,10,1,238,0.0,0.0
e21,10,1,239,0.0,0.0
e21,10,1,240,0.0,0.0
e21,10,1,241,0.0,0.0
e21,10,1,242,0.0,0.0
e21,10,1,243,0.0,0.0
e21,10,1,244,0.0,0.0
e21,10,1,245,0.0,0.0
e21,10,1,246,0.0,0.0
e21,10,1,247,0.0,0.0
e21,10,1,248,0.0,0.0
e21,10,1,249,0.0,0.0
e21,10,1,250,0.0,0.0
e21,10,1,251,0.0,0.0
e21,10,1,252,0.0,0.0
e21,10,1,253,0.0,0.0
e21,10,1,254,0.0,0.0
e21,10,1,255,0.0,0.0
e21,10,1,256,0.0,0.0
e21,10,1,257,0.0,0.0
e21,10,1,258,0.0,0.0
e21,10,1,259,0.0,0.0
e21,10,1,260,0.0,0.0
e21,10,1,261,0.0,0.0
e21,10,1,262,0.0,0.0
e21,10,1,263,0.0,0.0
e21,10,1,264,0.0,0.0
e21,10,1,265,0.0,0.0
e21,10,1,266,0.0,0.0
e21,10,1,267,0.0,0.0
e21,10,1,268,0.0,0.0
e21,10,1,269,0.0,0.0
e21,10,1,270,0.0,0.0
e21,10,1,271,0.0,0.0
e21,10,1,272,0.0,0.0
e21,10,1,273,0.0,0.0
e21,10,1,274,0.0,0.0
e21,10,1,275,0.0,0.0
e21,10,1,276,0.0,0.0
e21,10,1,277,0.0,0.0
e21,10,1,278,0.0,0.0
e21,10,1,279,0.0,0.0
e21,10,1,280,0.0,0.0
e21,10,1,281,0.0,0.0
e21,10,1,282,0.0,0.0
e21,10,1,283,0.0,0.0
e21,10,1,284,0.0,0.0
e21,10,1,285,0.0,0.0
e21,10,1,286,0.0,0.0
e21,10,1,287,0.0,0.0
e21,10,1,288,0.0,0.0
e21,10,1,289,0.0,0.0
e21,10,1,290,0.0,0.0
e21,10,1,291,0.0,0.0
e21,10,1,292,0.0,0.0
e21,10,1,293,0.0,0.0
e21,10,1,294,0.0,0.0
e21,10,1,295,0.0,0.0
e21,10,1,296,0.0,0.0
e21,10,1,297,0.0,0.0
e21,10,1,298,0.0,0.0
e21,10,1,299,0.0,0.0
e21,10,1,300,0.0,0.0
e21,10,1,301,0.0,0.0
e21,10,1,302,0.0,0.0
e21,10,1,303,0.0,0.0
e21,10,1,304,0.0,0.0
e21,10,1,305,0.0,0.0
e21,10,1,306,0.0,0.0
e21,10,1,307,0.0,0.0
e21,10,1,308,0.0,0.0
e21,10,1,309,0.0,0.0
e21,10,1,310,0.0,0.0
e21,10,1,311,0.0,0.0
e21,10,1,312,0.0,0.0
e21,10,1,313,0.0,0.0
e21,10,1,314,0.0,0.0
e21,10,1,315,0.0,0.0
e21,10,1,316,0.0,0.0
e21,10,1,317,0.0,0.0
e21,10,1,318,0.0,0.0
e21,10,1,319,0.0,0.0
e21,10,1,320,0.0,0.0
e21,10,1,321,0.0,0.0
e21,10,1,322,0.0,0.0
e21,10,1,323,0.0,0.0
e21,10,1,324,0.0,0.0
e21,10,1,325,0.0,0.0
e21,10,1,326,0.0,0.0
e21,10,1,327,0.0,0.0
e21,10,1,328,0.0,0.0
e21,10,1,329,0.0,0.0
e21,10,1,330,0.0,0.0
e21,10,1,331,0.0,0.0
e21,10,1,332,0.0,0.0
e21,10,1,333,0.0,0.0
e21,10,1,334,0.0,0.0
e21,10,1,335,0.0,0.0
e21,10,1,336,0.0,0.0
e21,10,1,337,0.0,0.0
e21,10,1,338,0.0,0.0
e21,10,1,339,0.0,0.0
e21,10,1,340,0.0,0.0
e21,10,1,341,0.0,0.0
e21,10,1,342,0.0,0.0
e21,10,1,343,0.0,0.0
e21,10,1,344,0.0,0.0
e21,10,1,345,0.0,0.0
e21,10,1,346,0.0,0.0
e21,10,1,347,0.0,0.0
e21,10,1,348,0.0,0.0
e21,10,1,349,0.0,0.0
e21,10,1,350,0.0,0.0
e21,10,1,351,0.0,0.0
e21,10,1,352,0.0,0.0
e21,10,1,353,0.0,0.0
e21,10,1,354,0.0,0.0
e21,10,1,355,0.0,0.0
e21,10,1,356,0.0,0.0
e21,10,1,357,0.0,0.0
e21,10,1,358,0.0,0.0
e21,10,1,359,0.0,0.0
e21,10,1,360,0.0,0.0
e21,10,1,361,0.0,0.0
e21,10,1,362,0.0,0.0
e21,10,1,363,0.0,0.0
e21,10,1,364,0.0,0.0
e21,10,1,365,0.0,0.0
e21,10,1,366,0.0,0.0
e21,10,1,367,0.0,0.0
e21,10,1,368,0.0,0.0
e21,10,1,369,0.0,0.0
e21,10,1,370,0.0,0.0
e21,10,1,371,0.0,0.0
e21,10,1,372,0.0,0.0
e21,10,1,373,0.0,0.0
e21,10,1,374,0.0,0.0
e21,10,1,375,0.0,0.0
e21,10,1,376,0.0,0.0
e21,10,1,377,0.0,0.0
e21,10,1,378,0.0,0.0
e21,10,1,379,0.0,0.0
e21,10,1,380,0.0,0.0
e21,10,1,381,0.0,0.0
e21,10,1,382,0.0,0.0
e21,10,1,383,0.0,0.0
e21,10,1,384,0.0,0.0
e21,10,1,385,0.0,0.0
e21,10,1,386,0.0,0.0
e21,10,1,387,0.0,0.0
e21,10,1,388,0.0,0.0
e21,10,1,389,0.0,0.0
e21,10,1,390,0.0,0.0
e21,10,1,391,0.0,0.0
e21,10,1,392,0.0,0.0
e21,10,1,393,0.0,0.0
e21,10,1,394,0.0,0.0
e21,10,1,395,0.0,0.0
e21,10,1,396,0.0,0.0
e21,10,1,397,0.0,0.0
e21,10,1,398,0.0,0.0
e21,10,1,399,0.0,0.0
e21,10,1,400,0.0,0.0
e21,10,1,401,0.0,0.0
e21,10,1,402,0.0,0.0
e21,10,1,403,0.0,0.0
e21,10,1,404,0.0,0.0
e21,10,1,405,0.0,0.0
e21,10,1,406,0.0,0.0
e21,10,1,407,0.0,0.0
e21,10,1,408,0.0,0.0
e21,10,1,409,0.0,0.0
e21,10,1,410,0.0,0.0
e21,10,1,411,0.0,0.0
e21,10,1,412,0.0,0.0
e21,10,1,413,0.0,0.0
e21,10,1,414,0.0,0.0
e21,10,1,415,0.0,0.0
e21,10,1,416,0.0,0.0
e21,10,1,417,0.0,0.0
e21,10,1,418,0.0,0.0
e21,10,1,419,0.0,0.0
e21,10,1,420,0.0,0.0
e21,10,1,421,0.0,0.0
e21,10,1,422,0.0,0.0
e21,10,1,423,0.0,0.0
e21,10,1,424,0.0,0.0
e21,10,1,425,0.0,0.0
e21,10,1,426,0.0,0.0
e21,10,1,427,0.0,0.0
e21,10,1,428,1.0,0.0
e21,10,1,429,1.0,0.0
e21,10,1,430,1.0,0.0
e21,10,1,431,1.0,0.0
e21,10,1,432,1.0,0.0
e21,10,1,433,1.0,0.0
e21,10,1,434,1.0,0.0
e21,10,1,435,1.0,0.0
e21,10,1,436,1.0,0.0
e21,10,1,437,1.0,0.0
e21,10,1,438,1.0,0.0
e21,10,1,439,1.0,0.0
e21,10,1,440,1.0,0.0
e27,0,0,0,0.0,0.0
e27,0,0,1,0.0,0.0
e27,0,0,2,0.0,0.0
e27,0,0,3,0.0,0.0
e27,0,0,4,0.0,0.0
e27,0,0,5,0.0,0.0
e27,0,0,6,0.0,0.0
e27,0,0,7,0.0,0.0
e27,0,0,8,0.0,0.0
e27,0,0,9,0.0,0.0
e27,0,0,10,0.0,0.0
e27,0,0,11,0.0,0.0
e27,0,0,12,0.0,0.0
e27,0,0,13,0.0,0.0
e27,0,0,14,0.0,0.0
e27,0,0,15,0.0,0.0
e27,0,0,16,0.0,0.0
e27,0,0,17,0.0,0.0
e27,0,0,18,0.0,0.0
e27,0,0,19,0.0,0.0
e27,0,0,20,0.0,0.0
e27,0,0,21,0.0,0.0
e27,0,0,22,0.0,0.0
e27,0,0,23,0.0,0.0
e27,0,0,24,0.0,0.0
e27,0,0,25,0.0,0.0
e27,0,0,26,0.0,0.0
e27,0,0,27,0.0,0.0
e27,0,0,28,0.0,0.0
e27,0,0,29,0.0,0.0
e27,0,0,30,0.0,0.0
e27,0,0,31,0.0,0.0
e27,0,0,32,0.0,0.0
e27,0,0,33,0.0,0.0
e27,0,0,34,0.0,0.5
e27,0,0,35,0.0,0.5
e27,0,0,36,0.0,0.5
e27,0,0,37,0.0,0.5
e27,0,0,38,0.0,0.5
e27,0,0,39,0.0,1.0
e27,0,0,40,0.0,1.0
e27,0,0,41,0.0,1.0
e27,0,0,42,0.0,1.0
e27,0,0,43,0.0,1.0
e27,0,0,44,0.0,1.0
e27,0,0,45,0.0,1.0
e27,0,0,46,0.0,1.0
e27,0,0,47,0.0,1.0
e27,0,0,48,0.0,1.0
e27,0,0,49,0.0,1.0
e27,0,0,50,0.0,1.0
e27,0,0,51,0.0,1.0
e27,0,0,52,0.0,1.0
e27,0,0,53,0.0,1.0
e27,0,0,54,0.0,1.0
e27,0,0,55,0.0,1.0
e27,0,0,56,0.0,1.0
e27,0,0,57,0.0,1.0
e27,0,0,58,0.0,1.0
e27,0,0,59,0.0,1.0
e27,0,0,60,0.0,1.0
e27,0,0,61,0.0,1.0
e27,0,0,62,0.0,1.0
e27,0,0,63,0.0,1.0
e27,0,0,64,0.0,1.0
e27,0,0,65,0.0,1.0
e27,0,0,66,0.0,1.0
e27,0,0,67,0.0,1.0
e27,0,0,68,0.0,1.0
e27,0,0,69,0.0,1.0
e27,0,0,70,0.0,1.0
e27,0,0,71,0.0,1.0
e27,0,0,72,0.0,1.0
e27,0,0,73,0.0,1.0
e27,0,0,74,0.0,1.0
e27,0,0,75,0.0,1.0
e27,0,0,76,0.0,1.0
e27,0,0,77,0.0,1.0
e27,0,0,78,0.0,1.0
e27,0,0,79,0.0,1.0
e27,0,0,80,0.0,1.0
e27,0,0,81,0.0,1.0
e27,0,0,82,0.0,1.0
e27,0,0,83,0.0,1.0
e27,0,0,84,0.0,1.0
e27,0,0,85,0.0,1.0
e27,0,0,86,0.0,1.0
e27,0,0,87,0.0,1.0
e27,0,0,88,0.0,1.0
e27,0,0,89,0.0,1.0
e27,0,0,90,0.0,1.0
e27,0,0,91,0.0,1.0
e27,0,0,92,0.0,1.0
e27,0,0,93,0.0,1.0
e27,0,0,94,0.0,1.0
e27,0,0,95,0.0,1.0
e27,0,0,96,0.0,1.0
e27,0,0,97,0.0,1.0
e27,0,0,98,0.0,1.0
e27,0,0,99,0.0,1.0
e27,0,0,100,0.0,1.0
e27,0,0,101,0.0,1.0
e27,0,0,102,0.0,1.0
e27,0,0,103,0.0,1.0
e27,0,0,104,0.0,1.0
e27,0,0,105,0.0,1.0
e27,0,0,106,0.0,1.0
e27,0,0,107,0.0,1.0
e27,0,0,108,0.0,1.0
e27,0,0,109,0.0,1.0
e27,0,0,110,0.0,1.0
e27,0,0,111,0.0,1.0
e27,0,0,112,0.0,1.0
e27,0,0,113,0.0,1.0
e27,0,0,114,0.0,1.0
e27,0,0,115,0.0,1.0
e27,0,0,116,0.0,1.0
e27,0,0,117,0.0,1.0
e27,0,0,118,0.0,1.0
e27,0,0,119,0.0,1.0
e27,0,0,120,0.0,1.0
e27,0,0,121,0.0,1.0
e27,0,0,122,0.0,1.0
e27,0,0,123,0.0,1.0
e27,0,0,124,0.0,1.0
e27,0,0,125,0.0,1.0
e27,0,0,126,0.0,1.0
e27,0,0,127,0.0,1.0
e27,0,0,128,0.0,1.0
e27,0,0,129,0.0,1.0
e27,0,0,130,0.0,1.0
e27,0,0,131,0.0,1.0
e27,0,0,132,0.0,1.0
e27,0,0,133,0.0,1.0
e27,0,0,134,0.0,1.0
e27,0,0,135,0.0,1.0
e27,0,0,136,0.0,1.0
e27,0,0,137,0.0,1.0
e27,0,0,138,0.0,1.0
e27,0,0,139,0.0,1.0
e27,0,0,140,0.0,1.0
e27,0,0,141,0.0,1.0
e27,0,0,142,0.0,1.0
e27,0,0,143,0.0,1.0
e27,0,0,144,0.0,1.0
e27,0,0,145,0.0,1.0
e27,0,0,146,0.0,1.0
e27,0,0,147,0.0,1.0
e27,0,0,148,0.0,1.0
e27,0,0,149,0.0,1.0
e27,0,0,150,0.0,1.0
e27,0,0,151,0.0,1.0
e27,0,0,152,0.0,1.0
e27,0,0,153,0.0,1.0
e27,0,0,154,0.0,1.0
e27,0,0,155,0.0,1.0
e27,0,0,156,0.0,1.0
e27,0,0,157,0.0,1.0
e27,0,0,158,0.0,1.0
e27,0,0,159,0.0,1.0
e27,0,0,160,0.0,1.0
e27,0,0,161,0.0,1.0
e27,0,0,162,0.0,1.0
e27,0,0,163,0.0,1.0
e27,0,0,164,0.0,1.0
e27,0,0,165,0.0,1.0
e27,0,0,166,0.0,1.0
e27,0,0,167,0.0,1.0
e27,0,0,168,0.0,1.0
e27,0,0,169,0.0,1.0
e27,0,0,170,0.0,1.0
e27,0,0,171,0.0,1.0
e27,0,0,172,0.0,1.0
e27,0,0,173,0.0,1.0
e27,0,0,174,0.0,1.0
e27,0,0,175,0.0,1.0
e27,0,0,176,0.0,1.0
e27,0,0,177,0.0,1.0
e27,0,0,178,0.0,1.0
e27,0,0,179,0.0,1.0
e27,0,0,180,0.0,1.0
e27,0,0,181,0.0,1.0
e27,0,0,182,0.0,1.0
e27,0,0,183,0.0,1.0
e27,0,0,184,0.0,1.0
e27,0,0,185,0.0,1.0
e27,0,0,186,0.0,1.0
e27,0,0,187,0.0,1.0
e27,0,0,188,0.0,1.0
e27,0,0,189,0.0,1.0
e27,0,0,190,0.0,1.0
e27,0,0,191,0.0,1.0
e27,0,0,192,0.0,1.0
e27,0,0,193,0.0,1.0
e27,0,0,194,0.0,1.0
e27,0,0,195,0.0,1.0
e27,0,0,196,0.0,1.0
e27,0,0,197,0.0,1.0
e27,0,0,198,0.0,1.0
e27,0,0,199,0.0,1.0
e27,0,0,200,0.0,1.0
e27,0,0,201,0.0,1.0
e27,0,0,202,0.0,1.0
e27,0,0,203,0.0,1.0
e27,0,0,204,0.0,1.0
e27,0,0,205,0.0,1.0
e27,0,0,206,0.0,1.0
e27,0,0,207,0.0,1.0
e27,0,0,208,0.0,1.0
e27,0,0,209,0.0,1.0
e27,0,0,210,0.0,1.0
e27,0,0,211,0.0,1.0
e27,0,0,212,0.0,1.0
e27,0,0,213,0.0,1.0
e27,0,0,214,0.0,1.0
e27,0,0,215,0.0,1.0
e27,0,0,216,0.0,1.0
e27,0,0,217,0.0,1.0
e27,0,0,218,0.0,1.0
e27,0,0,219,0.0,1.0
e27,0,0,220,0.0,1.0
e27,0,0,221,0.0,1.0
e27,0,0,222,0.0,1.0
e27,0,0,223,0.0,1.0
e27,0,0,224,0.0,1.0
e27,0,0,225,0.0,1.0
e27,0,0,226,0.0,1.0
e27,0,0,227,0.0,1.0
e27,0,0,228,0.0,1.0
e27,0,0,229,0.0,1.0
e27,0,0,230,0.0,1.0
e27,0,0,231,0.0,1.0
e27,0,0,232,0.0,1.0
e27,0,0,233,0.0,1.0
e27,0,0,234,0.0,1.0
e27,0,0,235,0.0,1.0
e27,0,0,236,0.0,1.0
e27,0,0,237,0.0,1.0
e27,0,0,238,0.0,1.0
e27,0,0,239,0.0,1.0
e27,0,0,240,0.0,1.0
e27,0,0,241,0.0,1.0
e27,0,0,242,0.0,1.0
e27,0,0,243,0.0,1.0
e27,0,0,244,0.0,1.0
e27,0,0,245,0.0,1.0
e27,0,0,246,0.0,1.0
e27,0,0,247,0.0,1.0
e27,0,0,248,0.0,1.0
e27,0,0,249,0.0,1.0
e27,0,0,250,0.0,1.0
e27,0,0,251,0.0,1.0
e27,0,0,252,0.0,1.0
e27,0,0,253,0.0,1.0
e27,0,0,254,0.0,1.0
e27,0,0,255,0.0,1.0
e27,0,0,256,0.0,1.0
e27,0,0,257,0.0,1.0
e27,0,0,258,0.0,1.0
e27,0,0,259,0.0,1.0
e27,0,0,260,0.0,1.0
e27,0,0,261,0.0,1.0
e27,0,0,262,0.0,1.0
e27,0,0,263,0.0,1.0
e27,0,0,264,0.0,1.0
e27,0,0,265,0.0,1.0
e27,0,0,266,0.0,1.0
e27,0,0,267,0.0,1.0
e27,0,0,268,0.0,1.0
e27,0,0,269,0.0,1.0
e27,0,0,270,0.0,1.0
e27,0,0,271,0.0,1.0
e27,0,0,272,0.0,1.0
e27,0,0,273,0.0,1.0
e27,0,0,274,0.0,1.0
e27,0,0,275,0.0,1.0
e27,0,0,276,0.0,1.0
e27,0,0,277,0.0,1.0
e27,0,0,278,0.0,1.0
e27,0,0,279,0.0,1.0
e27,0,0,280,0.0,1.0
e27,0,0,281,0.0,1.0
e27,0,0,282,0.0,1.0
e27,0,0,283,0.0,1.0
e27,0,0,284,0.0,1.0
e27,0,0,285,0.0,1.0
e27,0,0,286,0.0,1.0
e27,0,0,287,0.0,1.0
e27,0,0,288,0.0,1.0
e27,0,0,289,0.0,1.0
e27,0,0,290,0.0,1.0
e27,0,0,291,0.0,1.0
e27,0,0,292,0.0,1.0
e27,0,0,293,0.0,1.0
e27,0,0,294,0.0,1.0
e27,0,0,295,0.0,1.0
e27,0,0,296,0.0,1.0
e27,0,0,297,0.0,1.0
e27,0,0,298,0.0,1.0
e27,0,0,299,0.0,1.0
e27,0,0,300,0.0,1.0
e27,0,0,301,0.0,1.0
e27,0,0,302,0.0,1.0
e27,0,0,303,0.0,1.0
e27,0,0,304,0.0,1.0
e27,0,0,305,0.0,1.0
e27,0,0,306,0.0,1.0
e27,0,0,307,0.0,1.0
e27,0,0,308,0.0,1.0
e27,0,0,309,0.0,1.0
e27,0,0,310,0.0,1.0
e27,0,0,311,0.0,1.0
e27,0,0,312,0.0,1.0
e27,0,0,313,0.0,1.0
e27,0,0,314,0.0,1.0
e27,0,0,315,0.0,1.0
e27,0,0,316,0.0,1.0
e27,0,0,317,0.0,1.0
e27,0,0,318,0.0,1.0
e27,0,0,319,0.0,1.0
e27,0,0,320,0.0,1.0
e27,0,0,321,0.0,1.0
e27,0,0,322,0.0,1.0
e27,0,0,323,0.0,1.0
e27,0,0,324,0.0,1.0
e27,0,0,325,0.0,1.0
e27,0,0,326,0.0,1.0
e27,0,0,327,0.0,1.0
e27,0,0,328,0.0,1.0
e27,0,0,329,0.0,1.0
e27,0,0,330,0.0,1.0
e27,0,0,331,0.0,1.0
e27,0,0,332,0.0,1.0
e27,0,0,333,0.0,1.0
e27,0,0,334,0.0,1.0
e27,0,0,335,0.0,1.0
e27,0,0,336,0.0,1.0
e27,0,0,337,0.0,1.0
e27,0,0,338,0.0,1.0
e27,0,0,339,0.0,1.0
e27,0,0,340,0.0,1.0
e27,0,0,341,0.0,1.0
e27,0,0,342,0.0,1.0
e27,0,0,343,0.0,1.0
e27,0,0,344,0.0,1.0
e27,0,0,345,0.0,1.0
e27,0,0,346,0.0,1.0
e27,0,0,347,0.0,1.0
e27,0,0,348,0.0,1.0
e27,0,0,349,0.0,1.0
e27,0,0,350,0.0,1.0
e27,0,0,351,0.0,1.0
e27,0,0,352,0.0,1.0
e27,0,0,353,0.0,1.0
e27,0,0,354,0.0,1.0
e27,0,0,355,0.0,1.0
e27,0,0,356,0.0,1.0
e27,0,0,357,0.0,1.0
e27,0,0,358,0.0,1.0
e27,0,0,359,0.0,1.0
e27,0,0,360,0.0,1.0
e27,0,0,361,0.0,1.0
e27,0,0,362,0.0,1.0
e27,0,0,363,0.0,1.0
e27,0,0,364,0.0,1.0
e27,0,0,365,0.0,1.0
e27,0,0,366,0.0,1.0
e27,0,0,367,0.0,1.0
e27,0,0,368,0.0,1.0
e27,0,0,369,0.0,1.0
e27,0,0,370,0.0,1.0
e27,0,0,371,0.0,1.0
e27,0,0,372,0.0,1.0
e27,0,0,373,0.0,1.0
e27,0,0,374,0.0,1.0
e27,0,0,375,0.0,1.0
e27,0,0,376,0.0,1.0
e27,0,0,377,0.0,1.0
e27,0,0,378,0.0,1.0
e27,0,0,379,0.0,1.0
e27,0,0,380,0.0,1.0
e27,0,0,381,0.0,1.0
e27,0,0,382,0.0,1.0
e27,0,0,383,0.0,1.0
e27,0,0,384,0.0,1.0
e27,0,0,385,0.0,1.0
e27,0,0,386,0.0,1.0
e27,0,0,387,0.0,1.0
e27,0,0,388,0.0,1.0
e27,0,0,389,0.0,1.0
e27,0,0,390,0.0,1.0
e27,0,0,391,0.0,1.0
e27,0,0,392,0.0,1.0
e27,0,0,393,0.0,1.0
e27,0,0,394,0.0,1.0
e27,0,0,395,0.0,1.0
e27,0,0,396,0.0,1.0
e27,0,0,397,0.0,1.0
e27,0,0,398,0.0,1.0
e27,0,0,399,0.0,1.0
e27,0,0,400,0.0,1.0
e27,0,0,401,0.0,1.0
e27,0,0,402,0.0,1.0
e27,0,0,403,0.0,1.0
e27,0,0,404,0.0,1.0
e27,0,0,405,0.0,1.0
e27,0,0,406,0.0,1.0
e27,0,0,407,0.0,1.0
e27,0,0,408,0.0,1.0
e27,0,0,409,0.0,1.0
e27,0,0,410,0.0,1.0
e27,0,0,411,0.0,1.0
e27,0,0,412,0.0,1.0
e27,0,0,413,0.0,1.0
e27,0,0,414,0.0,1.0
e27,0,0,415,0.0,1.0
e27,0,0,416,0.0,1.0
e27,0,0,417,0.0,1.0
e27,0,0,418,0.0,1.0
e27,0,0,419,0.0,1.0
e27,0,0,420,0.0,1.0
e27,0,0,421,0.0,1.0
e27,0,0,422,0.0,1.0
e27,0,0,423,0.0,1.0
e27,0,0,424,0.0,1.0
e27,0,0,425,0.0,1.0
e27,0,0,426,0.0,1.0
e27,0,0,427,0.0,1.0
e27,0,0,428,0.0,1.0
e27,0,0,429,0.0,1.0
e27,0,0,430,0.0,1.0
e27,0,0,431,0.0,1.0
e27,0,0,432,0.0,1.0
e27,0,0,433,0.0,1.0
e27,0,0,434,0.0,1.0
e27,0,0,435,0.0,1.0
e27,0,0,436,0.0,1.0
e27,0,0,437,0.0,1.0
e27,0,0,438,0.0,1.0
e27,0,0,439,0.0,1.0
e27,0,0,440,0.0,1.0
e27,0,1,0,0.0,0.0
e27,0,1,1,0.0,0.0
e27,0,1,2,0.0,0.0
e27,0,1,3,0.0,0.0
e27,0,1,4,0.0,0.0
e27,0,1,5,0.0,0.0
e27,0,1,6,0.0,0.0
e27,0,1,7,0.0,0.0
e27,0,1,8,0.0,0.0
e27,0,1,9,0.0,0.0
e27,0,1,10,0.0,0.0
e27,0,1,11,0.0,0.0
e27,0,1,12,0.0,0.0
e27,0,1,13,0.0,0.0
e27,0,1,14,0.0,0.0
e27,0,1,15,0.0,0.0
e27,0,1,16,0.0,0.0
e27,0,1,17,0.0,0.0
e27,0,1,18,0.0,0.0
e27,0,1,19,0.0,0.0
e27,0,1,20,0.0,0.0
e27,0,1,21,0.0,0.0
e27,0,1,22,0.0,0.0
e27,0,1,23,0.0,0.0
e27,0,1,24,0.0,0.0
e27,0,1,25,0.0,0.0
e27,0,1,26,0.0,0.0
e27,0,1,27,0.0,0.0
e27,0,1,28,0.0,0.0
e27,0,1,29,0.0,0.0
e27,0,1,30,0.0,0.0
e27,0,1,31,0.0,0.0
e27,0,1,32,0.0,0.0
e27,0,1,33,0.0,0.0
e27,0,1,34,0.0,0.0
e27,0,1,35,0.0,0.0
e27,0,1,36,0.0,0.0
e27,0,1,37,0.0,0.0
e27,0,1,38,0.0,0.0
e27,0,1,39,0.0,0.0
e27,0,1,40,0.0,0.0
e27,0,1,41,0.0,0.0
e27,0,1,42,0.0,0.0
e27,0,1,43,0.0,0.0
e27,0,1,44,0.0,0.0
e27,0,1,45,0.0,0.0
e27,0,1,46,0.0,0.0
e27,0,1,47,0.0,0.0
e27,0,1,48,0.0,0.0
e27,0,1,49,0.0,0.0
e27,0,1,50,0.0,0.0
e27,0,1,51,0.0,0.0
e27,0,1,52,0.0,0.0
e27,0,1,53,0.0,0.0
e27,0,1,54,0.0,0.0
e27,0,1,55,0.0,0.0
e27,0,1,56,0.0,0.0
e27,0,1,57,0.0,0.0
e27,0,1,58,0.0,0.0
e27,0,1,59,0.0,0.0
e27,0,1,60,0.0,0.0
e27,0,1,61,0.0,0.0
e27,0,1,62,0.0,0.0
e27,0,1,63,0.0,0.0
e27,0,1,64,0.0,0.0
e27,0,1,65,0.0,0.0
e27,0,1,66,0.0,0.0
e27,0,1,67,0.0,0.0
e27,0,1,68,0.0,0.0
e27,0,1,69,0.0,0.0
e27,0,1,70,0.0,0.0
e27,0,1,71,0.0,0.0
e27,0,1,72,0.0,0.0
e27,0,1,73,0.0,0.0
e27,0,1,74,0.0,0.0
e27,0,1,75,0.0,0.0
e27,0,1,76,0.0,0.0
e27,0,1,77,0.0,0.0
e27,0,1,78,0.0,0.0
e27,0,1,79,0.0,0.0
e27,0,1,80,0.0,0.0
e27,0,1,81,0.0,0.0
e27,0,1,82,0.0,0.0
e27,0,1,83,0.0,0.0
e27,0,1,84,0.0,0.0
e27,0,1,85,0.0,0.0
e27,0,1,86,0.0,0.0
e27,0,1,87,0.0,0.0
e27,0,1,88,0.0,0.0
e27,0,1,89,0.0,0.0
e27,0,1,90,0.0,0.0
e27,0,1,91,0.0,0.0
e27,0,1,92,0.0,0.0
e27,0,1,93,0.0,0.0
e27,0,1,94,0.0,0.0
e27,0,1,95,0.0,0.0
e27,0,1,96,0.0,0.0
e27,0,1,97,0.0,0.0
e27,0,1,98,0.0,0.0
e27,0,1,99,0.0,0.0
e27,0,1,100,0.0,0.0
e27,0,1,101,0.0,0.0
e27,0,1,102,0.0,0.0
e27,0,1,103,0.0,0.0
e27,0,1,104,0.0,0.0
e27,0,1,105,0.0,0.0
e27,0,1,106,0.0,0.0
e27,0,1,107,0.0,0.0
e27,0,1,108,0.0,0.0
e27,0,1,109,0.0,0.0
e27,0,1,110,0.0,0.0
e27,0,1,111,0.0,0.0
e27,0,1,112,0.0,0.0
e27,0,1,113,0.0,0.0
e27,0,1,114,0.0,0.0
e27,0,1,115,0.0,0.0
e27,0,1,116,0.0,0.0
e27,0,1,117,0.0,0.0
e27,0,1,118,0.0,0.0
e27,0,1,119,0.0,0.0
e27,0,1,120,0.0,0.0
e27,0,1,121,0.0,0.0
e27,0,1,122,0.0,0.0
e27,0,1,123,0.0,0.0
e27,0,1,124,0.0,0.0
e27,0,1,125,0.0,0.0
e27,0,1,126,0.0,0.0
e27,0,1,127,0.0,0.0
e27,0,1,128,0.0,0.0
e27,0,1,129,0.0,0.0
e27,0,1,130,0.0,0.0
e27,0,1,131,0.0,0.0
e27,0,1,132,0.0,0.0
e27,0,1,133,0.0,0.0
e27,0,1,134,0.0,0.0
e27,0,1,135,0.0,0.0
e27,0,1,136,0.0,0.0
e27,0,1,137,0.0,0.0
e27,0,1,138,0.0,0.0
e27,0,1,139,0.0,0.0
e27,0,1,140,0.0,0.0
e27,0,1,141,0.0,0.0
e27,0,1,142,0.0,0.0
e27,0,1,143,0.0,0.0
e27,0,1,144,0.0,0.0
e27,0,1,145,0.0,0.0
e27,0,1,146,0.0,0.0
e27,0,1,147,0.0,0.0
e27,0,1,148,0.0,0.0
e27,0,1,149,0.0,0.0
e27,0,1,150,0.0,0.0
e27,0,1,151,0.0,0.0
e27,0,1,152,0.0,0.0
e27,0,1,153,0.0,0.0
e27,0,1,154,0.0,0.0
e27,0,1,155,0.0,0.0
e27,0,1,156,0.0,0.0
e27,0,1,157,0.0,0.0
e27,0,1,158,0.0,0.0
e27,0,1,159,0.0,0.0
e27,0,1,160,0.0,0.0
e27,0,1,161,0.0,0.0
e27,0,1,162,0.0,0.0
e27,0,1,163,0.0,0.0
e27,0,1,164,0.0,0.0
e27,0,1,165,0.0,0.0
e27,0,1,166,0.0,0.0
e27,0,1,167,0.0,0.0
e27,0,1,168,0.0,0.0
e27,0,1,169,0.0,0.0
e27,0,1,170,0.0,0.0
e27,0,1,171,0.0,0.0
e27,0,1,172,0.0,0.0
e27,0,1,173,0.0,0.0
e27,0,1,174,0.0,0.0
e27,0,1,175,0.0,0.0
e27,0,1,176,0.0,0.0
e27,0,1,177,0.0,0.0
e27,0,1,178,0.0,0.0
e27,0,1,179,0.0,0.0
e27,0,1,180,0.0,0.0
e27,0,1,181,0.0,0.0
e27,0,1,182,0.0,0.0
e27,0,1,183,0.0,0.0
e27,0,1,184,0.0,0.0
e27,0,1,185,0.0,0.0
e27,0,1,186,0.0,0.0
e27,0,1,187,0.0,0.0
e27,0,1,188,0.0,0.0
e27,0,1,189,0.0,0.0
e27,0,1,190,0.0,0.0
e27,0,1,191,0.0,0.0
e27,0,1,192,0.0,0.0
e27,0,1,193,0.0,0.0
e27,0,1,194,0.0,0.0
e27,0,1,195,0.0,0.0
e27,0,1,196,0.0,0.0
e27,0,1,197,0.0,0.0
e27,0,1,198,0.0,0.0
e27,0,1,199,0.0,0.0
e27,0,1,200,0.0,0.0
e27,0,1,201,0.0,0.0
e27,0,1,202,0.0,0.0
e27,0,1,203,0.0,0.0
e27,0,1,204,0.0,0.0
e27,0,1,205,0.0,0.0
e27,0,1,206,0.0,0.0
e27,0,1,207,0.0,0.0
e27,0,1,208,0.0,0.0
e27,0,1,209,0.0,0.0
e27,0,1,210,0.0,0.0
e27,0,1,211,0.0,0.0
e27,0,1,212,0.0,0.0
e27,0,1,213,0.0,0.0
e27,0,1,214,0.0,0.0
e27,0,1,215,0.0,0.0
e27,0,1,216,0.0,0.0
e27,0,1,217,0.0,0.0
e27,0,1,218,0.0,0.0
e27,0,1,219,0.0,0.0
e27,0,1,220,0.0,0.0
e27,0,1,221,0.0,0.0
e27,0,1,222,0.0,0.0
e27,0,1,223,0.0,0.0
e27,0,1,224,0.0,0.0
e27,0,1,225,0.0,0.0
e27,0,1,226,0.0,0.0
e27,0,1,227,0.0,0.0
e27,0,1,228,0.0,0.0
e27,0,1,229,0.0,0.0
e27,0,1,230,0.0,0.0
e27,0,1,231,0.0,0.0
e27,0,1,232,0.0,0.0
e27,0,1,233,0.0,0.0
e27,0,1,234,0.0,0.0
e27,0,1,235,0.0,0.0
e27,0,1,236,0.0,0.0
e27,0,1,237,0.0,0.0
e27,0,1,238,0.0,0.0
e27,0,1,239,0.0,0.0
e27,0,1,240,0.0,0.0
e27,0,1,241,0.0,0.0
e27,0,1,242,0.0,0.0
e27,0,1,243,0.0,0.0
e27,0,1,244,0.0,0.0
e27,0,1,245,0.0,0.0
e27,0,1,246,0.0,0.0
e27,0,1,247,0.0,0.0
e27,0,1,248,0.0,0.0
e27,0,1,249,0.0,0.0
e27,0,1,250,0.0,0.0
e27,0,1,251,0.0,0.0
e27,0,1,252,0.0,0.0
e27,0,1,253,0.0,0.0
e27,0,1,254,0.0,0.0
e27,0,1,255,0.0,0.0
e27,0,1,256,0.0,0.0
e27,0,1,257,0.0,0.0
e27,0,1,258,0.0,0.0
e27,0,1,259,0.0,0.0
e27,0,1,260,0.0,0.0
e27,0,1,261,0.0,0.0
e27,0,1,262,0.0,0.0
e27,0,1,263,0.0,0.0
e27,0,1,264,0.0,0.0
e27,0,1,265,0.0,0.0
e27,0,1,266,0.0,0.0
e27,0,1,267,0.0,0.0
e27,0,1,268,0.0,0.0
e27,0,1,269,0.0,0.0
e27,0,1,270,0.0,0.0
e27,0,1,271,0.0,0.0
e27,0,1,272,0.0,0.0
e27,0,1,273,0.0,0.0
e27,0,1,274,0.0,0.0
e27,0,1,275,0.0,0.0
e27,0,1,276,0.0,0.0
e27,0,1,277,0.0,0.0
e27,0,1,278,0.0,0.0
e27,0,1,279,0.0,0.0
e27,0,1,280,0.0,0.0
e27,0,1,281,0.0,0.0
e27,0,1,282,0.0,0.0
e27,0,1,283,0.0,0.0
e27,0,1,284,0.0,0.0
e27,0,1,285,0.0,0.0
e27,0,1,286,0.0,0.0
e27,0,1,287,0.0,0.0
e27,0,1,288,0.0,0.0
e27,0,1,289,0.0,0.0
e27,0,1,290,0.0,0.0
e27,0,1,291,0.0,0.0
e27,0,1,292,0.0,0.0
e27,0,1,293,0.0,0.0
e27,0,1,294,0.0,0.0
e27,0,1,295,0.0,0.0
e27,0,1,296,0.0,0.0
e27,0,1,297,0.0,0.0
e27,0,1,298,0.0,0.0
e27,0,1,299,0.0,0.0
e27,0,1,300,0.0,0.0
e27,0,1,301,0.0,0.0
e27,0,1,302,0.0,0.0
e27,0,1,303,0.0,0.0
e27,0,1,304,0.0,0.0
e27,0,1,305,0.0,0.0
e27,0,1,306,0.0,0.0
e27,0,1,307,0.0,0.0
e27,0,1,308,0.0,0.0
e27,0,1,309,0.0,0.0
e27,0,1,310,0.0,0.0
e27,0,1,311,0.0,0.0
e27,0,1,312,0.0,0.0
e27,0,1,313,0.0,0.0
e27,0,1,314,0.0,0.0
e27,0,1,315,0.0,0.0
e27,0,1,316,0.0,0.0
e27,0,1,317,0.0,0.0
e27,0,1,318,0.0,0.0
e27,0,1,319,0.0,0.0
e27,0,1,320,0.0,0.0
e27,0,1,321,0.0,0.0
e27,0,1,322,0.0,0.0
e27,0,1,323,0.0,0.0
e27,0,1,324,0.0,0.0
e27,0,1,325,0.0,0.0
e27,0,1,326,0.0,0.0
e27,0,1,327,0.0,0.0
e27,0,1,328,0.0,0.0
e27,0,1,329,0.0,0.0
e27,0,1,330,0.0,0.0
e27,0,1,331,0.0,0.0
e27,0,1,332,0.0,0.0
e27,0,1,333,0.0,0.0
e27,0,1,334,0.0,0.0
e27,0,1,335,0.0,0.0
e27,0,1,336,0.0,0.0
e27,0,1,337,0.0,0.0
e27,0,1,338,0.0,0.0
e27,0,1,339,0.0,0.0
e27,0,1,340,0.0,0.0
e27,0,1,341,0.0,0.0
e27,0,1,342,0.0,0.0
e27,0,1,343,0.0,0.0
e27,0,1,344,0.0,0.0
e27,0,1,345,0.0,0.0
e27,0,1,346,0.0,0.0
e27,0,1,347,0.0,0.0
e27,0,1,348,0.0,0.0
e27,0,1,349,0.0,0.0
e27,0,1,350,0.0,0.0
e27,0,1,351,0.0,0.0
e27,0,1,352,0.0,0.0
e27,0,1,353,0.0,0.0
e27,0,1,354,0.0,0.0
e27,0,1,355,0.0,0.0
e27,0,1,356,0.0,0.0
e27,0,1,357,0.0,0.0
e27,0,1,358,0.0,0.0
e27,0,1,359,0.0,0.0
e27,0,1,360,0.0,0.0
e27,0,1,361,0.0,0.0
e27,0,1,362,0.0,0.0
e27,0,1,363,0.0,0.0
e27,0,1,364,0.0,0.0
e27,0,1,365,0.0,0.0
e27,0,1,366,0.0,0.0
e27,0,1,367,0.0,0.0
e27,0,1,368,0.0,0.0
e27,0,1,369,0.0,0.0
e27,0,1,370,0.0,0.0
e27,0,1,371,0.0,0.0
e27,0,1,372,0.0,0.0
e27,0,1,373,0.0,0.0
e27,0,1,374,0.0,0.0
e27,0,1,375,0.0,0.0
e27,0,1,376,0.0,0.0
e27,0,1,377,0.0,0.0
e27,0,1,378,0.0,0.0
e27,0,1,379,0.0,0.0
e27,0,1,380,0.0,0.0
e27,0,1,381,0.0,0.0
e27,0,1,382,0.0,0.0
e27,0,1,383,0.0,0.0
e27,0,1,384,0.0,0.0
e27,0,1,385,0.0,0.0
e27,0,1,386,0.0,0.0
e27,0,1,387,0.0,0.0
e27,0,1,388,0.0,0.0
e27,0,1,389,0.0,0.0
e27,0,1,390,0.0,0.0
e27,0,1,391,0.0,0.0
e27,0,1,392,0.0,0.0
e27,0,1,393,0.0,0.0
e27,0,1,394,0.0,0.0
e27,0,1,395,0.0,0.0
e27,0,1,396,0.0,0.0
e27,0,1,397,0.0,0.0
e27,0,1,398,0.0,0.0
e27,0,1,399,0.0,0.0
e27,0,1,400,0.0,0.0
e27,0,1,401,0.0,0.0
e27,0,1,402,0.0,0.0
e27,0,1,403,0.0,0.0
e27,0,1,404,0.0,0.0
e27,0,1,405,0.0,0.0
e27,0,1,406,0.0,0.0
e27,0,1,407,0.0,0.0
e27,0,1,408,0.0,0.0
e27,0,1,409,0.0,0.0
e27,0,1,410,0.0,0.0
e27,0,1,411,0.0,0.0
e27,0,1,412,0.0,0.0
e27,0,1,413,0.0,0.0
e27,0,1,414,0.0,0.0
e27,0,1,415,0.0,0.0
e27,0,1,416,0.0,0.0
e27,0,1,417,0.0,0.0
e27,0,1,418,0.0,0.0
e27,0,1,419,0.0,0.0
e27,0,1,420,0.0,0.0
e27,0,1,421,0.0,0.0
e27,0,1,422,0.0,0.0
e27,0,1,423,0.0,0.0
e27,0,1,424,0.0,0.0
e27,0,1,425,0.0,0.0
e27,0,1,426,0.0,0.0
e27,0,1,427,0.0,0.0
e27,0,1,428,0.0,0.0
e27,0,1,429,0.0,0.0
e27,0,1,430,0.0,0.0
e27,0,1,431,0.0,0.0
e27,0,1,432,0.0,0.0
e27,0,1,433,0.0,0.0
e27,0,1,434,0.0,0.0
e27,0,1,435,0.0,0.0
e27,0,1,436,0.0,0.0
e27,0,1,437,0.0,0.0
e27,0,1,438,0.0,0.0
e27,0,1,439,0.0,0.0
e27,0,1,440,0.0,0.0
e27,3,0,0,0.0,0.0
e27,3,0,1,0.0,0.0
e27,3,0,2,0.0,0.0
e27,3,0,3,0.0,0.0
e27,3,0,4,0.0,0.0
e27,3,0,5,0.0,0.0
e27,3,0,6,0.0,0.0
e27,3,0,7,0.0,0.0
e27,3,0,8,0.0,0.0
e27,3,0,9,0.0,0.0
e27,3,0,10,0.0,0.0
e27,3,0,11,0.0,0.0
e27,3,0,12,0.0,0.0
e27,3,0,13,0.0,0.0
e27,3,0,14,0.0,0.0
e27,3,0,15,0.0,0.0
e27,3,0,16,0.0,0.0
e27,3,0,17,0.0,0.0
e27,3,0,18,0.0,0.0
e27,3,0,19,0.0,0.0
e27,3,0,20,0.0,0.0
e27,3,0,21,0.0,0.0
e27,3,0,22,0.0,0.0
e27,3,0,23,0.0,0.0
e27,3,0,24,0.0,0.5
e27,3,0,25,0.0,0.5
e27,3,0,26,0.0,0.5
e27,3,0,27,0.0,0.5
e27,3,0,28,0.0,0.5
e27,3,0,29,0.0,0.5
e27,3,0,30,0.0,1.0
e27,3,0,31,0.0,1.0
e27,3,0,32,0.0,1.0
e27,3,0,33,0.0,1.0
e27,3,0,34,0.0,1.0
e27,3,0,35,0.0,1.0
e27,3,0,36,0.0,1.0
e27,3,0,37,0.0,1.0
e27,3,0,38,0.0,1.0
e27,3,0,39,0.0,1.0
e27,3,0,40,0.0,1.0
e27,3,0,41,0.0,1.0
e27,3,0,42,0.0,1.0
e27,3,0,43,0.0,1.0
e27,3,0,44,0.0,1.0
e27,3,0,45,0.0,1.0
e27,3,0,46,0.0,1.0
e27,3,0,47,0.0,1.0
e27,3,0,48,0.0,1.0
e27,3,0,49,0.0,1.0
e27,3,0,50,0.0,1.0
e27,3,0,51,0.0,1.0
e27,3,0,52,0.0,1.0
e27,3,0,53,0.0,1.0
e27,3,0,54,0.0,1.0
e27,3,0,55,0.0,1.0
e27,3,0,56,0.0,1.0
e27,3,0,57,0.0,1.0
e27,3,0,58,0.0,1.0
e27,3,0,59,0.0,1.0
e27,3,0,60,0.0,1.0
e27,3,0,61,0.0,1.0
e27,3,0,62,0.0,1.0
e27,3,0,63,0.0,1.0
e27,3,0,64,0.0,1.0
e27,3,0,65,0.0,1.0
e27,3,0,66,0.0,1.0
e27,3,0,67,0.0,1.0
e27,3,0,68,0.0,1.0
e27,3,0,69,0.0,1.0
e27,3,0,70,0.0,1.0
e27,3,0,71,0.0,1.0
e27,3,0,72,0.0,1.0
e27,3,0,73,0.0,1.0
e27,3,0,74,0.0,1.0
e27,3,0,75,0.0,1.0
e27,3,0,76,0.0,1.0
e27,3,0,77,0.0,1.0
e27,3,0,78,0.0,1.0
e27,3,0,79,0.0,1.0
e27,3,0,80,0.0,1.0
e27,3,0,81,0.0,1.0
e27,3,0,82,0.0,1.0
e27,3,0,83,0.0,1.0
e27,3,0,84,0.0,1.0
e27,3,0,85,0.0,1.0
e27,3,0,86,0.0,1.0
e27,3,0,87,0.0,1.0
e27,3,0,88,0.0,1.0
e27,3,0,89,0.0,1.0
e27,3,0,90,0.0,1.0
e27,3,0,91,0.0,1.0
e27,3,0,92,0.0,1.0
e27,3,0,93,0.0,1.0
e27,3,0,94,0.0,1.0
e27,3,0,95,0.0,1.0
e27,3,0,96,0.0,1.0
e27,3,0,97,0.0,1.0
e27,3,0,98,0.0,1.0
e27,3,0,99,0.0,1.0
e27,3,0,100,0.0,1.0
e27,3,0,101,0.0,1.0
e27,3,0,102,0.0,1.0
e27,3,0,103,0.0,1.0
e27,3,0,104,0.0,1.0
e27,3,0,105,0.0,1.0
e27,3,0,106,0.0,1.0
e27,3,0,107,0.0,1.0
e27,3,0,108,0.0,1.0
e27,3,0,109,0.0,1.0
e27,3,0,110,0.0,1.0
e27,3,0,111,0.0,1.0
e27,3,0,112,0.0,1.0
e27,3,0,113,0.0,1.0
e27,3,0,114,0.0,1.0
e27,3,0,115,0.0,1.0
e27,3,0,116,0.0,1.0
e27,3,0,117,0.0,1.0
e27,3,0,118,0.0,1.0
e27,3,0,119,0.0,1.0
e27,3,0,120,0.0,1.0
e27,3,0,121,0.0,1.0
e27,3,0,122,0.0,1.0
e27,3,0,123,0.0,1.0
e27,3,0,124,0.0,1.0
e27,3,0,125,0.0,1.0
e27,3,0,126,0.0,1.0
e27,3,0,127,0.0,1.0
e27,3,0,128,0.0,1.0
e27,3,0,129,0.0,1.0
e27,3,0,130,0.0,1.0
e27,3,0,131,0.0,1.0
e27,3,0,132,0.0,1.0
e27,3,0,133,0.0,1.0
e27,3,0,134,0.0,1.0
e27,3,0,135,0.0,1.0
e27,3,0,136,0.0,1.0
e27,3,0,137,0.0,1.0
e27,3,0,138,0.0,1.0
e27,3,0,139,0.0,1.0
e27,3,0,140,0.0,1.0
e27,3,0,141,0.0,1.0
e27,3,0,142,0.0,1.0
e27,3,0,143,0.0,1.0
e27,3,0,144,0.0,1.0
e27,3,0,145,0.0,1.0
e27,3,0,146,0.0,1.0
e27,3,0,147,0.0,1.0
e27,3,0,148,0.0,1.0
e27,3,0,149,0.0,1.0
e27,3,0,150,0.0,1.0
e27,3,0,151,0.0,1.0
e27,3,0,152,0.0,1.0
e27,3,0,153,0.0,1.0
e27,3,0,154,0.0,1.0
e27,3,0,155,0.0,1.0
e27,3,0,156,0.0,1.0
e27,3,0,157,0.0,1.0
e27,3,0,158,0.0,1.0
e27,3,0,159,0.0,1.0
e27,3,0,160,0.0,1.0
e27,3,0,161,0.0,1.0
e27,3,0,162,0.0,1.0
e27,3,0,163,0.0,1.0
e27,3,0,164,0.0,1.0
e27,3,0,165,0.0,1.0
e27,3,0,166,0.0,1.0
e27,3,0,167,0.0,1.0
e27,3,0,168,0.0,1.0
e27,3,0,169,0.0,1.0
e27,3,0,170,0.0,1.0
e27,3,0,171,0.0,1.0
e27,3,0,172,0.0,1.0
e27,3,0,173,0.0,1.0
e27,3,0,174,0.0,1.0
e27,3,0,175,0.0,1.0
e27,3,0,176,0.0,1.0
e27,3,0,177,0.0,1.0
e27,3,0,178,0.0,1.0
e27,3,0,179,0.0,1.0
e27,3,0,180,0.0,1.0
e27,3,0,181,0.0,1.0
e27,3,0,182,0.0,1.0
e27,3,0,183,0.0,1.0
e27,3,0,184,0.0,1.0
e27,3,0,185,0.0,1.0
e27,3,0,186,0.0,1.0
e27,3,0,187,0.0,1.0
e27,3,0,188,0.0,1.0
e27,3,0,189,0.0,1.0
e27,3,0,190,0.0,1.0
e27,3,0,191,0.0,1.0
e27,3,0,192,0.0,1.0
e27,3,0,193,0.0,1.0
e27,3,0,194,0.0,1.0
e27,3,0,195,0.0,1.0
e27,3,0,196,0.0,1.0
e27,3,0,197,0.0,1.0
e27,3,0,198,0.0,1.0
e27,3,0,199,0.0,1.0
e27,3,0,200,0.0,1.0
e27,3,0,201,0.0,1.0
e27,3,0,202,0.0,1.0
e27,3,0,203,0.0,1.0
e27,3,0,204,0.0,1.0
e27,3,0,205,0.0,1.0
e27,3,0,206,0.0,1.0
e27,3,0,207,0.0,1.0
e27,3,0,208,0.0,1.0
e27,3,0,209,0.0,1.0
e27,3,0,210,0.0,1.0
e27,3,0,211,0.0,1.0
e27,3,0,212,0.0,1.0
e27,3,0,213,0.0,1.0
e27,3,0,214,0.0,1.0
e27,3,0,215,0.0,1.0
e27,3,0,216,0.0,1.0
e27,3,0,217,0.0,1.0
e27,3,0,218,0.0,1.0
e27,3,0,219,0.0,1.0
e27,3,0,220,0.0,1.0
e27,3,0,221,0.0,1.0
e27,3,0,222,0.0,1.0
e27,3,0,223,0.0,1.0
e27,3,0,224,0.0,1.0
e27,3,0,225,0.0,1.0
e27,3,0,226,0.0,1.0
e27,3,0,227,0.0,1.0
e27,3,0,228,0.0,1.0
e27,3,0,229,0.0,1.0
e27,3,0,230,0.0,1.0
e27,3,0,231,0.0,1.0
e27,3,0,232,0.0,1.0
e27,3,0,233,0.0,1.0
e27,3,0,234,0.0,1.0
e27,3,0,235,0.0,1.0
e27,3,0,236,0.0,1.0
e27,3,0,237,0.0,1.0
e27,3,0,238,0.0,1.0
e27,3,0,239,0.0,1.0
e27,3,0,240,0.0,1.0
e27,3,0,241,0.0,1.0
e27,3,0,242,0.0,1.0
e27,3,0,243,0.0,1.0
e27,3,0,244,0.0,1.0
e27,3,0,245,0.0,1.0
e27,3,0,246,0.0,1.0
e27,3,0,247,0.0,1.0
e27,3,0,248,0.0,1.0
e27,3,0,249,0.0,1.0
e27,3,0,250,0.0,1.0
e27,3,0,251,0.0,1.0
e27,3,0,252,0.0,1.0
e27,3,0,253,0.0,1.0
e27,3,0,254,0.0,1.0
e27,3,0,255,0.0,1.0
e27,3,0,256,0.0,1.0
e27,3,0,257,0.0,1.0
e27,3,0,258,0.0,1.0
e27,3,0,259,0.0,1.0
e27,3,0,260,0.0,1.0
e27,3,0,261,0.0,1.0
e27,3,0,262,0.0,1.0
e27,3,0,263,0.0,1.0
e27,3,0,264,0.0,1.0
e27,3,0,265,0.0,1.0
e27,3,0,266,0.0,1.0
e27,3,0,267,0.0,1.0
e27,3,0,268,0.0,1.0
e27,3,0,269,0.0,1.0
e27,3,0,270,0.0,1.0
e27,3,0,271,0.0,1.0
e27,3,0,272,0.0,1.0
e27,3,0,273,0.0,1.0
e27,3,0,274,0.0,1.0
e27,3,0,275,0.0,1.0
e27,3,0,276,0.0,1.0
e27,3,0,277,0.0,1.0
e27,3,0,278,0.0,1.0
e27,3,0,279,0.0,1.0
e27,3,0,280,0.0,1.0
e27,3,0,281,0.0,1.0
e27,3,0,282,0.0,1.0
e27,3,0,283,0.0,1.0
e27,3,0,284,0.0,1.0
e27,3,0,285,0.0,1.0
e27,3,0,286,0.0,1.0
e27,3,0,287,0.0,1.0
e27,3,0,288,0.0,1.0
e27,3,0,289,0.0,1.0
e27,3,0,290,0.0,1.0
e27,3,0,291,0.0,1.0
e27,3,0,292,0.0,1.0
e27,3,0,293,0.0,1.0
e27,3,0,294,0.0,1.0
e27,3,0,295,0.0,1.0
e27,3,0,296,0.0,1.0
e27,3,0,297,0.0,1.0
e27,3,0,298,0.0,1.0
e27,3,0,299,0.0,1.0
e27,3,0,300,0.0,1.0
e27,3,0,301,0.0,1.0
e27,3,0,302,0.0,1.0
e27,3,0,303,0.0,1.0
e27,3,0,304,0.0,1.0
e27,3,0,305,0.0,1.0
e27,3,0,306,0.0,1.0
e27,3,0,307,0.0,1.0
e27,3,0,308,0.0,1.0
e27,3,0,309,0.0,1.0
e27,3,0,310,0.0,1.0
e27,3,0,311,0.0,1.0
e27,3,0,312,0.0,1.0
e27,3,0,313,0.0,1.0
e27,3,0,314,0.0,1.0
e27,3,0,315,0.0,1.0
e27,3,0,316,0.0,1.0
e27,3,0,317,0.0,1.0
e27,3,0,318,0.0,1.0
e27,3,0,319,0.0,1.0
e27,3,0,320,0.0,1.0
e27,3,0,321,0.0,1.0
e27,3,0,322,0.0,1.0
e27,3,0,323,0.0,1.0
e27,3,0,324,0.0,1.0
e27,3,0,325,0.0,1.0
e27,3,0,326,0.0,1.0
e27,3,0,327,0.0,1.0
e27,3,0,328,0.0,1.0
e27,3,0,329,0.0,1.0
e27,3,0,330,0.0,1.0
e27,3,0,331,0.0,1.0
e27,3,0,332,0.0,1.0
e27,3,0,333,0.0,1.0
e27,3,0,334,0.0,1.0
e27,3,0,335,0.0,1.0
e27,3,0,336,0.0,1.0
e27,3,0,337,0.0,1.0
e27,3,0,338,0.0,1.0
e27,3,0,339,0.0,1.0
e27,3,0,340,0.0,1.0
e27,3,0,341,0.0,1.0
e27,3,0,342,0.0,1.0
e27,3,0,343,0.0,1.0
e27,3,0,344,0.0,1.0
e27,3,0,345,0.0,1.0
e27,3,0,346,0.0,1.0
e27,3,0,347,0.0,1.0
e27,3,0,348,0.0,1.0
e27,3,0,349,0.0,1.0
e27,3,0,350,0.0,1.0
e27,3,0,351,0.0,1.0
e27,3,0,352,0.0,1.0
e27,3,0,353,0.0,1.0
e27,3,0,354,0.0,1.0
e27,3,0,355,0.0,1.0
e27,3,0,356,0.0,1.0
e27,3,0,357,0.0,1.0
e27,3,0,358,0.0,1.0
e27,3,0,359,0.0,1.0
e27,3,0,360,0.0,1.0
e27,3,0,361,0.0,1.0
e27,3,0,362,0.0,1.0
e27,3,0,363,0.0,1.0
e27,3,0,364,0.0,1.0
e27,3,0,365,0.0,1.0
e27,3,0,366,0.0,1.0
e27,3,0,367,0.0,1.0
e27,3,0,368,0.0,1.0
e27,3,0,369,0.0,1.0
e27,3,0,370,0.0,1.0
e27,3,0,371,0.0,1.0
e27,3,0,372,0.0,1.0
e27,3,0,373,0.0,1.0
e27,3,0,374,0.0,1.0
e27,3,0,375,0.0,1.0
e27,3,0,376,0.0,1.0
e27,3,0,377,0.0,1.0
e27,3,0,378,0.0,1.0
e27,3,0,379,0.0,1.0
e27,3,0,380,0.0,1.0
e27,3,0,381,0.0,1.0
e27,3,0,382,0.0,1.0
e27,3,0,383,0.0,1.0
e27,3,0,384,0.0,1.0
e27,3,0,385,0.0,1.0
e27,3,0,386,0.0,1.0
e27,3,0,387,0.0,1.0
e27,3,0,388,0.0,1.0
e27,3,0,389,0.0,1.0
e27,3,0,390,0.0,1.0
e27,3,0,391,0.0,1.0
e27,3,0,392,0.0,1.0
e27,3,0,393,0.0,1.0
e27,3,0,394,0.0,1.0
e27,3,0,395,0.0,1.0
e27,3,0,396,0.0,1.0
e27,3,0,397,0.0,1.0
e27,3,0,398,0.0,1.0
e27,3,0,399,0.0,1.0
e27,3,0,400,0.0,1.0
e27,3,0,401,0.0,1.0
e27,3,0,402,0.0,1.0
e27,3,0,403,0.0,1.0
e27,3,0,404,0.0,1.0
e27,3,0,405,0.0,1.0
e27,3,0,406,0.0,1.0
e27,3,0,407,0.0,1.0
e27,3,0,408,0.0,1.0
e27,3,0,409,0.0,1.0
e27,3,0,410,0.0,1.0
e27,3,0,411,0.0,1.0
e27,3,0,412,0.0,1.0
e27,3,0,413,0.0,1.0
e27,3,0,414,0.0,1.0
e27,3,0,415,0.0,1.0
e27,3,0,416,0.0,1.0
e27,3,0,417,0.0,1.0
e27,3,0,418,0.0,1.0
e27,3,0,419,0.0,1.0
e27,3,0,420,0.0,1.0
e27,3,0,421,0.0,1.0
e27,3,0,422,0.0,1.0
e27,3,0,423,0.0,1.0
e27,3,0,424,0.0,1.0
e27,3,0,425,0.0,1.0
e27,3,0,426,0.0,1.0
e27,3,0,427,0.0,1.0
e27,3,0,428,0.0,1.0
e27,3,0,429,0.0,1.0
e27,3,0,430,0.0,1.0
e27,3,0,431,0.0,1.0
e27,3,0,432,0.0,1.0
e27,3,0,433,0.0,1.0
e27,3,0,434,0.0,1.0
e27,3,0,435,0.0,1.0
e27,3,0,436,0.0,1.0
e27,3,0,437,0.0,1.0
e27,3,0,438,0.0,1.0
e27,3,0,439,0.0,1.0
e27,3,0,440,0.0,1.0
e27,3,1,0,0.0,0.0
e27,3,1,1,0.0,0.0
e27,3,1,2,0.0,0.0
e27,3,1,3,0.0,0.0
e27,3,1,4,0.0,0.0
e27,3,1,5,0.0,0.0
e27,3,1,6,0.0,0.0
e27,3,1,7,0.0,0.0
e27,3,1,8,0.0,0.0
e27,3,1,9,0.0,0.0
e27,3,1,10,0.0,0.0
e27,3,1,11,0.0,0.0
e27,3,1,12,0.0,0.0
e27,3,1,13,0.0,0.0
e27,3,1,14,0.0,0.0
e27,3,1,15,0.0,0.0
e27,3,1,16,0.0,0.0
e27,3,1,17,0.0,0.0
e27,3,1,18,0.0,0.0
e27,3,1,19,0.0,0.0
e27,3,1,20,0.0,0.0
e27,3,1,21,0.0,0.0
e27,3,1,22,0.0,0.0
e27,3,1,23,0.0,0.0
e27,3,1,24,0.0,0.0
e27,3,1,25,0.0,0.0
e27,3,1,26,0.0,0.0
e27,3,1,27,0.0,0.0
e27,3,1,28,0.0,0.0
e27,3,1,29,0.0,0.0
e27,3,1,30,0.0,0.0
e27,3,1,31,0.0,0.0
e27,3,1,32,0.0,0.0
e27,3,1,33,0.0,0.0
e27,3,1,34,0.0,0.0
e27,3,1,35,0.0,0.0
e27,3,1,36,0.0,0.0
e27,3,1,37,0.0,0.0
e27,3,1,38,0.0,0.0
e27,3,1,39,0.0,0.0
e27,3,1,40,0.0,0.0
e27,3,1,41,0.0,0.0
e27,3,1,42,0.0,0.0
e27,3,1,43,0.0,0.0
e27,3,1,44,0.0,0.0
e27,3,1,45,0.0,0.0
e27,3,1,46,0.0,0.0
e27,3,1,47,0.0,0.0
e27,3,1,48,0.0,0.0
e27,3,1,49,0.0,0.0
e27,3,1,50,0.0,0.0
e27,3,1,51,0.0,0.0
e27,3,1,52,0.0,0.0
e27,3,1,53,0.0,0.0
e27,3,1,54,0.0,0.0
e27,3,1,55,0.0,0.0
e27,3,1,56,0.0,0.0
e27,3,1,57,0.0,0.0
e27,3,1,58,0.0,0.0
e27,3,1,59,0.0,0.0
e27,3,1,60,0.0,0.0
e27,3,1,61,0.0,0.0
e27,3,1,62,0.0,0.0
e27,3,1,63,0.0,0.0
e27,3,1,64,0.0,0.0
e27,3,1,65,0.0,0.0
e27,3,1,66,0.0,0.0
e27,3,1,67,0.0,0.0
e27,3,1,68,0.0,0.0
e27,3,1,69,0.0,0.0
e27,3,1,70,0.0,0.0
e27,3,1,71,0.0,0.0
e27,3,1,72,0.0,0.0
e27,3,1,73,0.0,0.0
e27,3,1,74,0.0,0.0
e27,3,1,75,0.0,0.0
e27,3,1,76,0.0,0.0
e27,3,1,77,0.0,0.0
e27,3,1,78,0.0,0.0
e27,3,1,79,0.0,0.0
e27,3,1,80,0.0,0.0
e27,3,1,81,0.0,0.0
e27,3,1,82,0.0,1.0
e27,3,1,83,0.0,1.0
e27,3,1,84,0.0,1.0
e27,3,1,85,0.0,1.0
e27,3,1,86,0.0,1.0
e27,3,1,87,0.0,1.0
e27,3,1,88,0.0,1.0
e27,3,1,89,0.0,1.0
e27,3,1,90,0.0,1.0
e27,3,1,91,0.0,1.0
e27,3,1,92,0.0,1.0
e27,3,1,93,0.0,1.0
e27,3,1,94,0.0,1.0
e27,3,1,95,0.0,1.0
e27,3,1,96,0.0,1.0
e27,3,1,97,0.0,1.0
e27,3,1,98,0.0,1.0
e27,3,1,99,0.0,1.0
e27,3,1,100,0.0,1.0
e27,3,1,101,0.0,1.0
e27,3,1,102,0.0,1.0
e27,3,1,103,0.0,1.0
e27,3,1,104,0.0,1.0
e27,3,1,105,0.0,1.0
e27,3,1,106,0.0,1.0
e27,3,1,107,0.0,1.0
e27,3,1,108,0.0,1.0
e27,3,1,109,0.0,1.0
e27,3,1,110,0.0,1.0
e27,3,1,111,0.0,1.0
e27,3,1,112,0.0,1.0
e27,3,1,113,0.0,1.0
e27,3,1,114,0.0,1.0
e27,3,1,115,0.0,1.0
e27,3,1,116,0.0,1.0
e27,3,1,117,0.0,1.0
e27,3,1,118,0.0,1.0
e27,3,1,119,0.0,1.0
e27,3,1,120,0.0,1.0
e27,3,1,121,0.0,1.0
e27,3,1,122,0.0,1.0
e27,3,1,123,0.0,1.0
e27,3,1,124,0.0,1.0
e27,3,1,125,0.0,1.0
e27,3,1,126,0.0,1.0
e27,3,1,127,0.0,1.0
e27,3,1,128,0.0,1.0
e27,3,1,129,0.0,1.0
e27,3,1,130,0.0,1.0
e27,3,1,131,0.0,1.0
e27,3,1,132,0.0,1.0
e27,3,1,133,0.0,1.0
e27,3,1,134,0.0,1.0
e27,3,1,135,0.0,1.0
e27,3,1,136,0.0,1.0
e27,3,1,137,0.0,1.0
e27,3,1,138,0.0,1.0
e27,3,1,139,0.0,1.0
e27,3,1,140,0.0,1.0
e27,3,1,141,0.0,1.0
e27,3,1,142,0.0,1.0
e27,3,1,143,0.0,1.0
e27,3,1,144,0.0,1.0
e27,3,1,145,0.0,1.0
e27,3,1,146,0.0,1.0
e27,3,1,147,0.0,1.0
e27,3,1,148,0.0,1.0
e27,3,1,149,0.0,1.0
e27,3,1,150,0.0,1.0
e27,3,1,151,0.0,1.0
e27,3,1,152,0.0,1.0
e27,3,1,153,0.0,1.0
e27,3,1,154,0.0,1.0
e27,3,1,155,0.0,1.0
e27,3,1,156,0.0,1.0
e27,3,1,157,0.0,1.0
e27,3,1,158,0.0,1.0
e27,3,1,159,0.0,1.0
e27,3,1,160,0.0,1.0
e27,3,1,161,0.0,1.0
e27,3,1,162,0.0,1.0
e27,3,1,163,0.0,1.0
e27,3,1,164,0.0,1.0
e27,3,1,165,0.0,1.0
e27,3,1,166,0.0,1.0
e27,3,1,167,0.0,1.0
e27,3,1,168,0.0,1.0
e27,3,1,169,0.0,1.0
e27,3,1,170,0.0,1.0
e27,3,1,171,0.0,1.0
e27,3,1,172,0.0,1.0
e27,3,1,173,0.0,1.0
e27,3,1,174,0.0,1.0
e27,3,1,175,0.0,1.0
e27,3,1,176,0.0,1.0
e27,3,1,177,0.0,1.0
e27,3,1,178,0.0,1.0
e27,3,1,179,0.0,1.0
e27,3,1,180,0.0,1.0
e27,3,1,181,0.0,1.0
e27,3,1,182,0.0,1.0
e27,3,1,183,0.0,1.0
e27,3,1,184,0.0,1.0
e27,3,1,185,0.0,1.0
e27,3,1,186,0.0,1.0
e27,3,1,187,0.0,1.0
e27,3,1,188,0.0,1.0
e27,3,1,189,0.0,1.0
e27,3,1,190,0.0,1.0
e27,3,1,191,0.0,1.0
e27,3,1,192,0.0,1.0
e27,3,1,193,0.0,1.0
e27,3,1,194,0.0,1.0
e27,3,1,195,0.0,1.0
e27,3,1,196,0.0,1.0
e27,3,1,197,0.0,1.0
e27,3,1,198,0.0,1.0
e27,3,1,199,0.0,1.0
e27,3,1,200,0.0,1.0
e27,3,1,201,0.0,1.0
e27,3,1,202,0.0,1.0
e27,3,1,203,0.0,1.0
e27,3,1,204,0.0,1.0
e27,3,1,205,0.0,1.0
e27,3,1,206,0.0,1.0
e27,3,1,207,0.0,1.0
e27,3,1,208,0.0,1.0
e27,3,1,209,0.0,1.0
e27,3,1,210,0.0,1.0
e27,3,1,211,0.0,1.0
e27,3,1,212,0.0,1.0
e27,3,1,213,0.0,1.0
e27,3,1,214,0.0,1.0
e27,3,1,215,0.0,1.0
e27,3,1,216,0.0,1.0
e27,3,1,217,0.0,1.0
e27,3,1,218,0.0,1.0
e27,3,1,219,0.0,1.0
e27,3,1,220,0.0,1.0
e27,3,1,221,0.0,1.0
e27,3,1,222,0.0,1.0
e27,3,1,223,0.0,1.0
e27,3,1,224,0.0,1.0
e27,3,1,225,0.0,1.0
e27,3,1,226,0.0,1.0
e27,3,1,227,0.0,1.0
e27,3,1,228,0.0,1.0
e27,3,1,229,0.0,1.0
e27,3,1,230,0.0,1.0
e27,3,1,231,0.0,1.0
e27,3,1,232,0.0,1.0
e27,3,1,233,0.0,1.0
e27,3,1,234,0.0,1.0
e27,3,1,235,0.0,1.0
e27,3,1,236,0.0,1.0
e27,3,1,237,0.0,1.0
e27,3,1,238,0.0,1.0
e27,3,1,239,0.0,1.0
e27,3,1,240,0.0,1.0
e27,3,1,241,0.0,1.0
e27,3,1,242,0.0,1.0
e27,3,1,243,0.0,1.0
e27,3,1,244,0.0,1.0
e27,3,1,245,0.0,1.0
e27,3,1,246,0.0,1.0
e27,3,1,247,0.0,1.0
e27,3,1,248,0.0,1.0
e27,3,1,249,0.0,1.0
e27,3,1,250,0.0,1.0
e27,3,1,251,0.0,1.0
e27,3,1,252,0.0,1.0
e27,3,1,253,0.0,1.0
e27,3,1,254,0.0,1.0
e27,3,1,255,0.0,1.0
e27,3,1,256,0.0,1.0
e27,3,1,257,0.0,1.0
e27,3,1,258,0.0,1.0
e27,3,1,259,0.0,1.0
e27,3,1,260,0.0,1.0
e27,3,1,261,0.0,1.0
e27,3,1,262,0.0,1.0
e27,3,1,263,0.0,1.0
e27,3,1,264,0.0,1.0
e27,3,1,265,0.0,1.0
e27,3,1,266,0.0,1.0
e27,3,1,267,0.0,1.0
e27,3,1,268,0.0,1.0
e27,3,1,269,0.0,1.0
e27,3,1,270,0.0,1.0
e27,3,1,271,0.0,1.0
e27,3,1,272,0.0,1.0
e27,3,1,273,0.0,1.0
e27,3,1,274,0.0,1.0
e27,3,1,275,0.0,1.0
e27,3,1,276,0.0,1.0
e27,3,1,277,0.0,1.0
e27,3,1,278,0.0,1.0
e27,3,1,279,0.0,1.0
e27,3,1,280,0.0,1.0
e27,3,1,281,0.0,1.0
e27,3,1,282,0.0,1.0
e27,3,1,283,0.0,1.0
e27,3,1,284,0.0,1.0
e27,3,1,285,0.0,1.0
e27,3,1,286,0.0,1.0
e27,3,1,287,0.0,1.0
e27,3,1,288,0.0,1.0
e27,3,1,289,0.0,1.0
e27,3,1,290,0.0,1.0
e27,3,1,291,0.0,1.0
e27,3,1,292,0.0,1.0
e27,3,1,293,0.0,1.0
e27,3,1,294,0.0,1.0
e27,3,1,295,0.0,1.0
e27,3,1,296,0.0,1.0
e27,3,1,297,0.0,1.0
e27,3,1,298,0.0,1.0
e27,3,1,299,0.0,1.0
e27,3,1,300,0.0,1.0
e27,3,1,301,0.0,1.0
e27,3,1,302,0.0,1.0
e27,3,1,303,0.0,1.0
e27,3,1,304,0.0,1.0
e27,3,1,305,0.0,1.0
e27,3,1,306,0.0,1.0
e27,3,1,307,0.0,1.0
e27,3,1,308,0.0,1.0
e27,3,1,309,0.0,1.0
e27,3,1,310,0.0,1.0
e27,3,1,311,0.0,1.0
e27,3,1,312,0.0,1.0
e27,3,1,313,0.0,1.0
e27,3,1,314,0.0,1.0
e27,3,1,315,0.0,1.0
e27,3,1,316,0.0,1.0
e27,3,1,317,0.0,1.0
e27,3,1,318,0.0,1.0
e27,3,1,319,0.0,1.0
e27,3,1,320,0.0,1.0
e27,3,1,321,0.0,1.0
e27,3,1,322,0.0,1.0
e27,3,1,323,0.0,1.0
e27,3,1,324,0.0,1.0
e27,3,1,325,0.0,1.0
e27,3,1,326,0.0,1.0
e27,3,1,327,0.0,1.0
e27,3,1,328,0.0,1.0
e27,3,1,329,0.0,1.0
e27,3,1,330,0.0,1.0
e27,3,1,331,0.0,1.0
e27,3,1,332,0.0,1.0
e27,3,1,333,0.0,1.0
e27,3,1,334,0.0,1.0
e27,3,1,335,0.0,1.0
e27,3,1,336,0.0,1.0
e27,3,1,337,0.0,1.0
e27,3,1,338,0.0,1.0
e27,3,1,339,0.0,1.0
e27,3,1,340,0.0,1.0
e27,3,1,341,0.0,1.0
e27,3,1,342,0.0,1.0
e27,3,1,343,0.0,1.0
e27,3,1,344,0.0,1.0
e27,3,1,345,0.0,1.0
e27,3,1,346,0.0,1.0
e27,3,1,347,0.0,1.0
e27,3,1,348,0.0,1.0
e27,3,1,349,0.0,1.0
e27,3,1,350,0.0,1.0
e27,3,1,351,0.0,1.0
e27,3,1,352,0.0,1.0
e27,3,1,353,0.0,1.0
e27,3,1,354,0.0,1.0
e27,3,1,355,0.0,1.0
e27,3,1,356,0.0,1.0
e27,3,1,357,0.0,1.0
e27,3,1,358,0.0,1.0
e27,3,1,359,0.0,1.0
e27,3,1,360,0.0,1.0
e27,3,1,361,0.0,1.0
e27,3,1,362,0.0,1.0
e27,3,1,363,0.0,1.0
e27,3,1,364,0.0,1.0
e27,3,1,365,0.0,1.0
e27,3,1,366,0.0,1.0
e27,3,1,367,0.0,1.0
e27,3,1,368,0.0,1.0
e27,3,1,369,0.0,1.0
e27,3,1,370,0.0,1.0
e27,3,1,371,0.0,1.0
e27,3,1,372,0.0,1.0
e27,3,1,373,0.0,1.0
e27,3,1,374,0.0,1.0
e27,3,1,375,0.0,1.0
e27,3,1,376,0.0,1.0
e27,3,1,377,0.0,1.0
e27,3,1,378,0.0,1.0
e27,3,1,379,0.0,1.0
e27,3,1,380,0.0,1.0
e27,3,1,381,0.0,1.0
e27,3,1,382,0.0,1.0
e27,3,1,383,0.0,1.0
e27,3,1,384,0.0,1.0
e27,3,1,385,0.0,1.0
e27,3,1,386,0.0,1.0
e27,3,1,387,0.0,1.0
e27,3,1,388,0.0,1.0
e27,3,1,389,0.0,1.0
e27,3,1,390,0.0,1.0
e27,3,1,391,0.0,1.0
e27,3,1,392,0.0,1.0
e27,3,1,393,0.0,1.0
e27,3,1,394,0.0,1.0
e27,3,1,395,0.0,1.0
e27,3,1,396,0.0,1.0
e27,3,1,397,0.0,1.0
e27,3,1,398,0.0,1.0
e27,3,1,399,0.0,1.0
e27,3,1,400,0.0,1.0
e27,3,1,401,0.0,1.0
e27,3,1,402,0.0,1.0
e27,3,1,403,0.0,1.0
e27,3,1,404,0.0,1.0
e27,3,1,405,0.0,1.0
e27,3,1,406,0.0,1.0
e27,3,1,407,0.0,1.0
e27,3,1,408,0.0,1.0
e27,3,1,409,0.0,1.0
e27,3,1,410,0.0,1.0
e27,3,1,411,0.0,1.0
e27,3,1,412,0.0,1.0
e27,3,1,413,0.0,1.0
e27,3,1,414,0.0,1.0
e27,3,1,415,0.0,1.0
e27,3,1,416,0.0,1.0
e27,3,1,417,0.0,1.0
e27,3,1,418,0.0,1.0
e27,3,1,419,0.0,1.0
e27,3,1,420,0.0,1.0
e27,3,1,421,0.0,1.0
e27,3,1,422,0.0,1.0
e27,3,1,423,0.0,1.0
e27,3,1,424,0.0,1.0
e27,3,1,425,0.0,1.0
e27,3,1,426,0.0,1.0
e27,3,1,427,0.0,1.0
e27,3,1,428,0.0,1.0
e27,3,1,429,0.0,1.0
e27,3,1,430,0.0,1.0
e27,3,1,431,0.0,1.0
e27,3,1,432,0.0,1.0
e27,3,1,433,0.0,1.0
e27,3,1,434,0.0,1.0
e27,3,1,435,0.0,1.0
e27,3,1,436,0.0,1.0
e27,3,1,437,0.0,1.0
e27,3,1,438,0.0,1.0
e27,3,1,439,0.0,1.0
e27,3,1,440,0.0,1.0
e27,10,0,0,0.0,0.0
e27,10,0,1,0.0,0.0
e27,10,0,2,0.0,0.0
e27,10,0,3,0.0,0.0
e27,10,0,4,0.0,0.0
e27,10,0,5,0.0,0.0
e27,10,0,6,0.0,0.0
e27,10,0,7,0.0,0.0
e27,10,0,8,0.0,0.0
e27,10,0,9,0.0,0.0
e27,10,0,10,0.0,0.0
e27,10,0,11,0.0,0.0
e27,10,0,12,0.0,0.0
e27,10,0,13,0.0,0.0
e27,10,0,14,0.0,0.0
e27,10,0,15,0.0,0.0
e27,10,0,16,0.0,0.0
e27,10,0,17,0.0,0.5
e27,10,0,18,0.0,0.5
e27,10,0,19,0.0,0.5
e27,10,0,20,0.0,1.0
e27,10,0,21,0.0,1.0
e27,10,0,22,0.0,1.0
e27,10,0,23,0.0,1.0
e27,10,0,24,0.0,1.0
e27,10,0,25,0.0,1.0
e27,10,0,26,0.0,1.0
e27,10,0,27,0.0,1.0
e27,10,0,28,0.0,1.0
e27,10,0,29,0.0,1.0
e27,10,0,30,0.0,1.0
e27,10,0,31,0.0,1.0
e27,10,0,32,0.0,1.0
e27,10,0,33,0.0,1.0
e27,10,0,34,0.0,1.0
e27,10,0,35,0.0,1.0
e27,10,0,36,0.0,1.0
e27,10,0,37,0.0,1.0
e27,10,0,38,0.0,1.0
e27,10,0,39,0.0,1.0
e27,10,0,40,0.0,1.0
e27,10,0,41,0.0,1.0
e27,10,0,42,0.0,1.0
e27,10,0,43,0.0,1.0
e27,10,0,44,0.0,1.0
e27,10,0,45,0.0,1.0
e27,10,0,46,0.0,1.0
e27,10,0,47,0.0,1.0
e27,10,0,48,0.0,1.0
e27,10,0,49,0.0,1.0
e27,10,0,50,0.0,1.0
e27,10,0,51,0.0,1.0
e27,10,0,52,0.0,1.0
e27,10,0,53,0.0,1.0
e27,10,0,54,0.0,1.0
e27,10,0,55,0.0,1.0
e27,10,0,56,0.0,1.0
e27,10,0,57,0.0,1.0
e27,10,0,58,0.0,1.0
e27,10,0,59,0.0,1.0
e27,10,0,60,0.0,1.0
e27,10,0,61,0.0,1.0
e27,10,0,62,0.0,1.0
e27,10,0,63,0.0,1.0
e27,10,0,64,0.0,1.0
e27,10,0,65,0.0,1.0
e27,10,0,66,0.0,1.0
e27,10,0,67,0.0,1.0
e27,10,0,68,0.0,1.0
e27,10,0,69,0.0,1.0
e27,10,0,70,0.0,1.0
e27,10,0,71,0.0,1.0
e27,10,0,72,0.0,1.0
e27,10,0,73,0.0,1.0
e27,10,0,74,0.0,1.0
e27,10,0,75,0.0,1.0
e27,10,0,76,0.0,1.0
e27,10,0,77,0.0,1.0
e27,10,0,78,0.0,1.0
e27,10,0,79,0.0,1.0
e27,10,0,80,0.0,1.0
e27,10,0,81,0.0,1.0
e27,10,0,82,0.0,1.0
e27,10,0,83,0.0,1.0
e27,10,0,84,0.0,1.0
e27,10,0,85,0.0,1.0
e27,10,0,86,0.0,1.0
e27,10,0,87,0.0,1.0
e27,10,0,88,0.0,1.0
e27,10,0,89,0.0,1.0
e27,10,0,90,0.0,1.0
e27,10,0,91,0.0,1.0
e27,10,0,92,0.0,1.0
e27,10,0,93,0.0,1.0
e27,10,0,94,0.0,1.0
e27,10,0,95,0.0,1.0
e27,10,0,96,0.0,1.0
e27,10,0,97,0.0,1.0
e27,10,0,98,0.0,1.0
e27,10,0,99,0.0,1.0
e27,10,0,100,0.0,1.0
e27,10,0,101,0.0,1.0
e27,10,0,102,0.0,1.0
e27,10,0,103,0.0,1.0
e27,10,0,104,0.0,1.0
e27,10,0,105,0.0,1.0
e27,10,0,106,0.0,1.0
e27,10,0,107,0.0,1.0
e27,10,0,108,0.0,1.0
e27,10,0,109,0.0,1.0
e27,10,0,110,0.0,1.0
e27,10,0,111,0.0,1.0
e27,10,0,112,0.0,1.0
e27,10,0,113,0.0,1.0
e27,10,0,114,0.0,1.0
e27,10,0,115,0.0,1.0
e27,10,0,116,0.0,1.0
e27,10,0,117,0.0,1.0
e27,10,0,118,0.0,1.0
e27,10,0,119,0.0,1.0
e27,10,0,120,0.0,1.0
e27,10,0,121,0.0,1.0
e27,10,0,122,0.0,1.0
e27,10,0,123,0.0,1.0
e27,10,0,124,0.0,1.0
e27,10,0,125,0.0,1.0
e27,10,0,126,0.0,1.0
e27,10,0,127,0.0,1.0
e27,10,0,128,0.0,1.0
e27,10,0,129,0.0,1.0
e27,10,0,130,0.0,1.0
e27,10,0,131,0.0,1.0
e27,10,0,132,0.0,1.0
e27,10,0,133,0.0,1.0
e27,10,0,134,0.0,1.0
e27,10,0,135,0.0,1.0
e27,10,0,136,0.0,1.0
e27,10,0,137,0.0,1.0
e27,10,0,138,0.0,1.0
e27,10,0,139,0.0,1.0
e27,10,0,140,0.0,1.0
e27,10,0,141,0.0,1.0
e27,10,0,142,0.0,1.0
e27,10,0,143,0.0,1.0
e27,10,0,144,0.0,1.0
e27,10,0,145,0.0,1.0
e27,10,0,146,0.0,1.0
e27,10,0,147,0.0,1.0
e27,10,0,148,0.0,1.0
e27,10,0,149,0.0,1.0
e27,10,0,150,0.0,1.0
e27,10,0,151,0.0,1.0
e27,10,0,152,0.0,1.0
e27,10,0,153,0.0,1.0
e27,10,0,154,0.0,1.0
e27,10,0,155,0.0,1.0
e27,10,0,156,0.0,1.0
e27,10,0,157,0.0,1.0
e27,10,0,158,0.0,1.0
e27,10,0,159,0.0,1.0
e27,10,0,160,0.0,1.0
e27,10,0,161,0.0,1.0
e27,10,0,162,0.0,1.0
e27,10,0,163,0.0,1.0
e27,10,0,164,0.0,1.0
e27,10,0,165,0.0,1.0
e27,10,0,166,0.0,1.0
e27,10,0,167,0.0,1.0
e27,10,0,168,0.0,1.0
e27,10,0,169,0.0,1.0
e27,10,0,170,0.0,1.0
e27,10,0,171,0.0,1.0
e27,10,0,172,0.0,1.0
e27,10,0,173,0.0,1.0
e27,10,0,174,0.0,1.0
e27,10,0,175,0.0,1.0
e27,10,0,176,0.0,1.0
e27,10,0,177,0.0,1.0
e27,10,0,178,0.0,1.0
e27,10,0,179,0.0,1.0
e27,10,0,180,0.0,1.0
e27,10,0,181,0.0,1.0
e27,10,0,182,0.0,1.0
e27,10,0,183,0.0,1.0
e27,10,0,184,0.0,1.0
e27,10,0,185,0.0,1.0
e27,10,0,186,0.0,1.0
e27,10,0,187,0.0,1.0
e27,10,0,188,0.0,1.0
e27,10,0,189,0.0,1.0
e27,10,0,190,0.0,1.0
e27,10,0,191,0.0,1.0
e27,10,0,192,0.0,1.0
e27,10,0,193,0.0,1.0
e27,10,0,194,0.0,1.0
e27,10,0,195,0.0,1.0
e27,10,0,196,0.0,1.0
e27,10,0,197,0.0,1.0
e27,10,0,198,0.0,1.0
e27,10,0,199,0.0,1.0
e27,10,0,200,0.0,1.0
e27,10,0,201,0.0,1.0
e27,10,0,202,0.0,1.0
e27,10,0,203,0.0,1.0
e27,10,0,204,0.0,1.0
e27,10,0,205,0.0,1.0
e27,10,0,206,0.0,1.0
e27,10,0,207,0.0,1.0
e27,10,0,208,0.0,1.0
e27,10,0,209,0.0,1.0
e27,10,0,210,0.0,1.0
e27,10,0,211,0.0,1.0
e27,10,0,212,0.0,1.0
e27,10,0,213,0.0,1.0
e27,10,0,214,0.0,1.0
e27,10,0,215,0.0,1.0
e27,10,0,216,0.0,1.0
e27,10,0,217,0.0,1.0
e27,10,0,218,0.0,1.0
e27,10,0,219,0.0,1.0
e27,10,0,220,0.0,1.0
e27,10,0,221,0.0,1.0
e27,10,0,222,0.0,1.0
e27,10,0,223,0.0,1.0
e27,10,0,224,0.0,1.0
e27,10,0,225,0.0,1.0
e27,10,0,226,0.0,1.0
e27,10,0,227,0.0,1.0
e27,10,0,228,0.0,1.0
e27,10,0,229,0.0,1.0
e27,10,0,230,0.0,1.0
e27,10,0,231,0.0,1.0
e27,10,0,232,0.0,1.0
e27,10,0,233,0.0,1.0
e27,10,0,234,0.0,1.0
e27,10,0,235,0.0,1.0
e27,10,0,236,0.0,1.0
e27,10,0,237,0.0,1.0
e27,10,0,238,0.0,1.0
e27,10,0,239,0.0,1.0
e27,10,0,240,0.0,1.0
e27,10,0,241,0.0,1.0
e27,10,0,242,0.0,1.0
e27,10,0,243,0.0,1.0
e27,10,0,244,0.0,1.0
e27,10,0,245,0.0,1.0
e27,10,0,246,0.0,1.0
e27,10,0,247,0.0,1.0
e27,10,0,248,0.0,1.0
e27,10,0,249,0.0,1.0
e27,10,0,250,0.0,1.0
e27,10,0,251,0.0,1.0
e27,10,0,252,0.0,1.0
e27,10,0,253,0.0,1.0
e27,10,0,254,0.0,1.0
e27,10,0,255,0.0,1.0
e27,10,0,256,0.0,1.0
e27,10,0,257,0.0,1.0
e27,10,0,258,0.0,1.0
e27,10,0,259,0.0,1.0
e27,10,0,260,0.0,1.0
e27,10,0,261,0.0,1.0
e27,10,0,262,0.0,1.0
e27,10,0,263,0.0,1.0
e27,10,0,264,0.0,1.0
e27,10,0,265,0.0,1.0
e27,10,0,266,0.0,1.0
e27,10,0,267,0.0,1.0
e27,10,0,268,0.0,1.0
e27,10,0,269,0.0,1.0
e27,10,0,270,0.0,1.0
e27,10,0,271,0.0,1.0
e27,10,0,272,0.0,1.0
e27,10,0,273,0.0,1.0
e27,10,0,274,0.0,1.0
e27,10,0,275,0.0,1.0
e27,10,0,276,0.0,1.0
e27,10,0,277,0.0,1.0
e27,10,0,278,0.0,1.0
e27,10,0,279,0.0,1.0
e27,10,0,280,0.0,1.0
e27,10,0,281,0.0,1.0
e27,10,0,282,0.0,1.0
e27,10,0,283,0.0,1.0
e27,10,0,284,0.0,1.0
e27,10,0,285,0.0,1.0
e27,10,0,286,0.0,1.0
e27,10,0,287,0.0,1.0
e27,10,0,288,0.0,1.0
e27,10,0,289,0.0,1.0
e27,10,0,290,0.0,1.0
e27,10,0,291,0.0,1.0
e27,10,0,292,0.0,1.0
e27,10,0,293,0.0,1.0
e27,10,0,294,0.0,1.0
e27,10,0,295,0.0,1.0
e27,10,0,296,0.0,1.0
e27,10,0,297,0.0,1.0
e27,10,0,298,0.0,1.0
e27,10,0,299,0.0,1.0
e27,10,0,300,0.0,1.0
e27,10,0,301,0.0,1.0
e27,10,0,302,0.0,1.0
e27,10,0,303,0.0,1.0
e27,10,0,304,0.0,1.0
e27,10,0,305,0.0,1.0
e27,10,0,306,0.0,1.0
e27,10,0,307,0.0,1.0
e27,10,0,308,0.0,1.0
e27,10,0,309,0.0,1.0
e27,10,0,310,0.0,1.0
e27,10,0,311,0.0,1.0
e27,10,0,312,0.0,1.0
e27,10,0,313,0.0,1.0
e27,10,0,314,0.0,1.0
e27,10,0,315,0.0,1.0
e27,10,0,316,0.0,1.0
e27,10,0,317,0.0,1.0
e27,10,0,318,0.0,1.0
e27,10,0,319,0.0,1.0
e27,10,0,320,0.0,1.0
e27,10,0,321,0.0,1.0
e27,10,0,322,0.0,1.0
e27,10,0,323,0.0,1.0
e27,10,0,324,0.0,1.0
e27,10,0,325,0.0,1.0
e27,10,0,326,0.0,1.0
e27,10,0,327,0.0,1.0
e27,10,0,328,0.0,1.0
e27,10,0,329,0.0,1.0
e27,10,0,330,0.0,1.0
e27,10,0,331,0.0,1.0
e27,10,0,332,0.0,1.0
e27,10,0,333,0.0,1.0
e27,10,0,334,0.0,1.0
e27,10,0,335,0.0,1.0
e27,10,0,336,0.0,1.0
e27,10,0,337,0.0,1.0
e27,10,0,338,0.0,1.0
e27,10,0,339,0.0,1.0
e27,10,0,340,0.0,1.0
e27,10,0,341,0.0,1.0
e27,10,0,342,0.0,1.0
e27,10,0,343,0.0,1.0
e27,10,0,344,0.0,1.0
e27,10,0,345,0.0,1.0
e27,10,0,346,0.0,1.0
e27,10,0,347,0.0,1.0
e27,10,0,348,0.0,1.0
e27,10,0,349,0.0,1.0
e27,10,0,350,0.0,1.0
e27,10,0,351,0.0,1.0
e27,10,0,352,0.0,1.0
e27,10,0,353,0.0,1.0
e27,10,0,354,0.0,1.0
e27,10,0,355,0.0,1.0
e27,10,0,356,0.0,1.0
e27,10,0,357,0.0,1.0
e27,10,0,358,0.0,1.0
e27,10,0,359,0.0,1.0
e27,10,0,360,0.0,1.0
e27,10,0,361,0.0,1.0
e27,10,0,362,0.0,1.0
e27,10,0,363,0.0,1.0
e27,10,0,364,0.0,1.0
e27,10,0,365,0.0,1.0
e27,10,0,366,0.0,1.0
e27,10,0,367,0.0,1.0
e27,10,0,368,0.0,1.0
e27,10,0,369,0.0,1.0
e27,10,0,370,0.0,1.0
e27,10,0,371,0.0,1.0
e27,10,0,372,0.0,1.0
e27,10,0,373,0.0,1.0
e27,10,0,374,0.0,1.0
e27,10,0,375,0.0,1.0
e27,10,0,376,0.0,1.0
e27,10,0,377,0.0,1.0
e27,10,0,378,0.0,1.0
e27,10,0,379,0.0,1.0
e27,10,0,380,0.0,1.0
e27,10,0,381,0.0,1.0
e27,10,0,382,0.0,1.0
e27,10,0,383,0.0,1.0
e27,10,0,384,0.0,1.0
e27,10,0,385,0.0,1.0
e27,10,0,386,0.0,1.0
e27,10,0,387,0.0,1.0
e27,10,0,388,0.0,1.0
e27,10,0,389,0.0,1.0
e27,10,0,390,0.0,1.0
e27,10,0,391,0.0,1.0
e27,10,0,392,0.0,1.0
e27,10,0,393,0.0,1.0
e27,10,0,394,0.0,1.0
e27,10,0,395,0.0,1.0
e27,10,0,396,0.0,1.0
e27,10,0,397,0.0,1.0
e27,10,0,398,0.0,1.0
e27,10,0,399,0.0,1.0
e27,10,0,400,0.0,1.0
e27,10,0,401,0.0,1.0
e27,10,0,402,0.0,1.0
e27,10,0,403,0.0,1.0
e27,10,0,404,0.0,1.0
e27,10,0,405,0.0,1.0
e27,10,0,406,0.0,1.0
e27,10,0,407,0.0,1.0
e27,10,0,408,0.0,1.0
e27,10,0,409,0.0,1.0
e27,10,0,410,0.0,1.0
e27,10,0,411,0.0,1.0
e27,10,0,412,0.0,1.0
e27,10,0,413,0.0,1.0
e27,10,0,414,0.0,1.0
e27,10,0,415,0.0,1.0
e27,10,0,416,0.0,1.0
e27,10,0,417,0.0,1.0
e27,10,0,418,0.0,1.0
e27,10,0,419,0.0,1.0
e27,10,0,420,0.0,1.0
e27,10,0,421,0.0,1.0
e27,10,0,422,0.0,1.0
e27,10,0,423,0.0,1.0
e27,10,0,424,0.0,1.0
e27,10,0,425,0.0,1.0
e27,10,0,426,0.0,1.0
e27,10,0,427,0.0,1.0
e27,10,0,428,0.0,1.0
e27,10,0,429,0.0,1.0
e27,10,0,430,0.0,1.0
e27,10,0,431,0.0,1.0
e27,10,0,432,0.0,1.0
e27,10,0,433,0.0,1.0
e27,10,0,434,0.0,1.0
e27,10,0,435,0.0,1.0
e27,10,0,436,0.0,1.0
e27,10,0,437,0.0,1.0
e27,10,0,438,0.0,1.0
e27,10,0,439,0.0,1.0
e27,10,0,440,0.0,1.0
e27,10,1,0,0.0,0.0
e27,10,1,1,0.0,0.0
e27,10,1,2,0.0,0.0
e27,10,1,3,0.0,0.0
e27,10,1,4,0.0,0.0
e27,10,1,5,0.0,0.0
e27,10,1,6,0.0,0.0
e27,10,1,7,0.0,0.0
e27,10,1,8,0.0,0.0
e27,10,1,9,0.0,0.0
e27,10,1,10,0.0,0.0
e27,10,1,11,0.0,0.0
e27,10,1,12,0.0,0.0
e27,10,1,13,0.0,0.0
e27,10,1,14,0.0,0.0
e27,10,1,15,0.0,0.0
e27,10,1,16,0.0,0.0
e27,10,1,17,0.0,0.0
e27,10,1,18,0.0,0.0
e27,10,1,19,0.0,0.0
e27,10,1,20,0.0,0.0
e27,10,1,21,0.0,0.0
e27,10,1,22,0.0,0.0
e27,10,1,23,0.0,0.0
e27,10,1,24,0.0,0.0
e27,10,1,25,0.0,0.0
e27,10,1,26,0.0,0.0
e27,10,1,27,0.0,0.0
e27,10,1,28,0.0,0.0
e27,10,1,29,0.0,0.0
e27,10,1,30,0.0,0.0
e27,10,1,31,0.0,0.0
e27,10,1,32,0.0,0.0
e27,10,1,33,0.0,0.0
e27,10,1,34,0.0,0.0
e27,10,1,35,0.0,0.0
e27,10,1,36,0.0,0.0
e27,10,1,37,0.0,0.0
e27,10,1,38,0.0,0.0
e27,10,1,39,0.0,0.0
e27,10,1,40,0.0,0.0
e27,10,1,41,0.0,0.0
e27,10,1,42,0.0,0.0
e27,10,1,43,0.0,0.0
e27,10,1,44,0.0,0.0
e27,10,1,45,0.0,0.0
e27,10,1,46,0.0,0.0
e27,10,1,47,0.0,0.0
e27,10,1,48,0.0,0.0
e27,10,1,49,0.0,0.0
e27,10,1,50,0.0,0.0
e27,10,1,51,0.0,0.0
e27,10,1,52,0.0,0.0
e27,10,1,53,0.0,0.0
e27,10,1,54,0.0,0.0
e27,10,1,55,0.0,0.0
e27,10,1,56,0.0,0.0
e27,10,1,57,0.0,0.0
e27,10,1,58,0.0,0.0
e27,10,1,59,0.0,0.0
e27,10,1,60,0.0,0.0
e27,10,1,61,0.0,0.0
e27,10,1,62,0.0,0.0
e27,10,1,63,0.0,0.0
e27,10,1,64,0.0,0.0
e27,10,1,65,0.0,0.0
e27,10,1,66,0.0,0.0
e27,10,1,67,0.0,0.0
e27,10,1,68,0.0,1.0
e27,10,1,69,0.0,1.0
e27,10,1,70,0.0,1.0
e27,10,1,71,0.0,1.0
e27,10,1,72,0.0,1.0
e27,10,1,73,0.0,1.0
e27,10,1,74,0.0,1.0
e27,10,1,75,0.0,1.0
e27,10,1,76,0.0,1.0
e27,10,1,77,0.0,1.0
e27,10,1,78,0.0,1.0
e27,10,1,79,0.0,1.0
e27,10,1,80,0.0,1.0
e27,10,1,81,0.0,1.0
e27,10,1,82,0.0,1.0
e27,10,1,83,0.0,1.0
e27,10,1,84,0.0,1.0
e27,10,1,85,0.0,1.0
e27,10,1,86,0.0,1.0
e27,10,1,87,0.0,1.0
e27,10,1,88,0.0,1.0
e27,10,1,89,0.0,1.0
e27,10,1,90,0.0,1.0
e27,10,1,91,0.0,1.0
e27,10,1,92,0.0,1.0
e27,10,1,93,0.0,1.0
e27,10,1,94,0.0,1.0
e27,10,1,95,0.0,1.0
e27,10,1,96,0.0,1.0
e27,10,1,97,0.0,1.0
e27,10,1,98,0.0,1.0
e27,10,1,99,0.0,1.0
e27,10,1,100,0.0,1.0
e27,10,1,101,0.0,1.0
e27,10,1,102,0.0,1.0
e27,10,1,103,0.0,1.0
e27,10,1,104,0.0,1.0
e27,10,1,105,0.0,1.0
e27,10,1,106,0.0,1.0
e27,10,1,107,0.0,1.0
e27,10,1,108,0.0,1.0
e27,10,1,109,0.0,1.0
e27,10,1,110,0.0,1.0
e27,10,1,111,0.0,1.0
e27,10,1,112,0.0,1.0
e27,10,1,113,0.0,1.0
e27,10,1,114,0.0,1.0
e27,10,1,115,0.0,1.0
e27,10,1,116,0.0,1.0
e27,10,1,117,0.0,1.0
e27,10,1,118,0.0,1.0
e27,10,1,119,0.0,1.0
e27,10,1,120,0.0,1.0
e27,10,1,121,0.0,1.0
e27,10,1,122,0.0,1.0
e27,10,1,123,0.0,1.0
e27,10,1,124,0.0,1.0
e27,10,1,125,0.0,1.0
e27,10,1,126,0.0,1.0
e27,10,1,127,0.0,1.0
e27,10,1,128,0.0,1.0
e27,10,1,129,0.0,1.0
e27,10,1,130,0.0,1.0
e27,10,1,131,0.0,1.0
e27,10,1,132,0.0,1.0
e27,10,1,133,0.0,1.0
e27,10,1,134,0.0,1.0
e27,10,1,135,0.0,1.0
e27,10,1,136,0.0,1.0
e27,10,1,137,0.0,1.0
e27,10,1,138,0.0,1.0
e27,10,1,139,0.0,1.0
e27,10,1,140,0.0,1.0
e27,10,1,141,0.0,1.0
e27,10,1,142,0.0,1.0
e27,10,1,143,0.0,1.0
e27,10,1,144,0.0,1.0
e27,10,1,145,0.0,1.0
e27,10,1,146,0.0,1.0
e27,10,1,147,0.0,1.0
e27,10,1,148,0.0,1.0
e27,10,1,149,0.0,1.0
e27,10,1,150,0.0,1.0
e27,10,1,151,0.0,1.0
e27,10,1,152,0.0,1.0
e27,10,1,153,0.0,1.0
e27,10,1,154,0.0,1.0
e27,10,1,155,0.0,1.0
e27,10,1,156,0.0,1.0
e27,10,1,157,0.0,1.0
e27,10,1,158,0.0,1.0
e27,10,1,159,0.0,1.0
e27,10,1,160,0.0,1.0
e27,10,1,161,0.0,1.0
e27,10,1,162,0.0,1.0
e27,10,1,163,0.0,1.0
e27,10,1,164,0.0,1.0
e27,10,1,165,0.0,1.0
e27,10,1,166,0.0,1.0
e27,10,1,167,0.0,1.0
e27,10,1,168,0.0,1.0
e27,10,1,169,0.0,1.0
e27,10,1,170,0.0,1.0
e27,10,1,171,0.0,1.0
e27,10,1,172,0.0,1.0
e27,10,1,173,0.0,1.0
e27,10,1,174,0.0,1.0
e27,10,1,175,0.0,1.0
e27,10,1,176,0.0,1.0
e27,10,1,177,0.0,1.0
e27,10,1,178,0.0,1.0
e27,10,1,179,0.0,1.0
e27,10,1,180,0.0,1.0
e27,10,1,181,0.0,1.0
e27,10,1,182,0.0,1.0
e27,10,1,183,0.0,1.0
e27,10,1,184,0.0,1.0
e27,10,1,185,0.0,1.0
e27,10,1,186,0.0,1.0
e27,10,1,187,0.0,1.0
e27,10,1,188,0.0,1.0
e27,10,1,189,0.0,1.0
e27,10,1,190,0.0,1.0
e27,10,1,191,0.0,1.0
e27,10,1,192,0.0,1.0
e27,10,1,193,0.0,1.0
e27,10,1,194,0.0,1.0
e27,10,1,195,0.0,1.0
e27,10,1,196,0.0,1.0
e27,10,1,197,0.0,1.0
e27,10,1,198,0.0,1.0
e27,10,1,199,0.0,1.0
e27,10,1,200,0.0,1.0
e27,10,1,201,0.0,1.0
e27,10,1,202,0.0,1.0
e27,10,1,203,0.0,1.0
e27,10,1,204,0.0,1.0
e27,10,1,205,0.0,1.0
e27,10,1,206,0.0,1.0
e27,10,1,207,0.0,1.0
e27,10,1,208,0.0,1.0
e27,10,1,209,0.0,1.0
e27,10,1,210,0.0,1.0
e27,10,1,211,0.0,1.0
e27,10,1,212,0.0,1.0
e27,10,1,213,0.0,1.0
e27,10,1,214,0.0,1.0
e27,10,1,215,0.0,1.0
e27,10,1,216,0.0,1.0
e27,10,1,217,0.0,1.0
e27,10,1,218,0.0,1.0
e27,10,1,219,0.0,1.0
e27,10,1,220,0.0,1.0
e27,10,1,221,0.0,1.0
e27,10,1,222,0.0,1.0
e27,10,1,223,0.0,1.0
e27,10,1,224,0.0,1.0
e27,10,1,225,0.0,1.0
e27,10,1,226,0.0,1.0
e27,10,1,227,0.0,1.0
e27,10,1,228,0.0,1.0
e27,10,1,229,0.0,1.0
e27,10,1,230,0.0,1.0
e27,10,1,231,0.0,1.0
e27,10,1,232,0.0,1.0
e27,10,1,233,0.0,1.0
e27,10,1,234,0.0,1.0
e27,10,1,235,0.0,1.0
e27,10,1,236,0.0,1.0
e27,10,1,237,0.0,1.0
e27,10,1,238,0.0,1.0
e27,10,1,239,0.0,1.0
e27,10,1,240,0.0,1.0
e27,10,1,241,0.0,1.0
e27,10,1,242,0.0,1.0
e27,10,1,243,0.0,1.0
e27,10,1,244,0.0,1.0
e27,10,1,245,0.0,1.0
e27,10,1,246,0.0,1.0
e27,10,1,247,0.0,1.0
e27,10,1,248,0.0,1.0
e27,10,1,249,0.0,1.0
e27,10,1,250,0.0,1.0
e27,10,1,251,0.0,1.0
e27,10,1,252,0.0,1.0
e27,10,1,253,0.0,1.0
e27,10,1,254,0.0,1.0
e27,10,1,255,0.0,1.0
e27,10,1,256,0.0,1.0
e27,10,1,257,0.0,1.0
e27,10,1,258,0.0,1.0
e27,10,1,259,0.0,1.0
e27,10,1,260,0.0,1.0
e27,10,1,261,0.0,1.0
e27,10,1,262,0.0,1.0
e27,10,1,263,0.0,1.0
e27,10,1,264,0.0,1.0
e27,10,1,265,0.0,1.0
e27,10,1,266,0.0,1.0
e27,10,1,267,0.0,1.0
e27,10,1,268,0.0,1.0
e27,10,1,269,0.0,1.0
e27,10,1,270,0.0,1.0
e27,10,1,271,0.0,1.0
e27,10,1,272,0.0,1.0
e27,10,1,273,0.0,1.0
e27,10,1,274,0.0,1.0
e27,10,1,275,0.0,1.0
e27,10,1,276,0.0,1.0
e27,10,1,277,0.0,1.0
e27,10,1,278,0.0,1.0
e27,10,1,279,0.0,1.0
e27,10,1,280,0.0,1.0
e27,10,1,281,0.0,1.0
e27,10,1,282,0.0,1.0
e27,10,1,283,0.0,1.0
e27,10,1,284,0.0,1.0
e27,10,1,285,0.0,1.0
e27,10,1,286,0.0,1.0
e27,10,1,287,0.0,1.0
e27,10,1,288,0.0,1.0
e27,10,1,289,0.0,1.0
e27,10,1,290,0.0,1.0
e27,10,1,291,0.0,1.0
e27,10,1,292,0.0,1.0
e27,10,1,293,0.0,1.0
e27,10,1,294,0.0,1.0
e27,10,1,295,0.0,1.0
e27,10,1,296,0.0,1.0
e27,10,1,297,0.0,1.0
e27,10,1,298,0.0,1.0
e27,10,1,299,0.0,1.0
e27,10,1,300,0.0,1.0
e27,10,1,301,0.0,1.0
e27,10,1,302,0.0,1.0
e27,10,1,303,0.0,1.0
e27,10,1,304,0.0,1.0
e27,10,1,305,0.0,1.0
e27,10,1,306,0.0,1.0
e27,10,1,307,0.0,1.0
e27,10,1,308,0.0,1.0
e27,10,1,309,0.0,1.0
e27,10,1,310,0.0,1.0
e27,10,1,311,0.0,1.0
e27,10,1,312,0.0,1.0
e27,10,1,313,0.0,1.0
e27,10,1,314,0.0,1.0
e27,10,1,315,0.0,1.0
e27,10,1,316,0.0,1.0
e27,10,1,317,0.0,1.0
e27,10,1,318,0.0,1.0
e27,10,1,319,0.0,1.0
e27,10,1,320,0.0,1.0
e27,10,1,321,0.0,1.0
e27,10,1,322,0.0,1.0
e27,10,1,323,0.0,1.0
e27,10,1,324,0.0,1.0
e27,10,1,325,0.0,1.0
e27,10,1,326,0.0,1.0
e27,10,1,327,0.0,1.0
e27,10,1,328,0.0,1.0
e27,10,1,329,0.0,1.0
e27,10,1,330,0.0,1.0
e27,10,1,331,0.0,1.0
e27,10,1,332,0.0,1.0
e27,10,1,333,0.0,1.0
e27,10,1,334,0.0,1.0
e27,10,1,335,0.0,1.0
e27,10,1,336,0.0,1.0
e27,10,1,337,0.0,1.0
e27,10,1,338,0.0,1.0
e27,10,1,339,0.0,1.0
e27,10,1,340,0.0,1.0
e27,10,1,341,0.0,1.0
e27,10,1,342,0.0,1.0
e27,10,1,343,0.0,1.0
e27,10,1,344,0.0,1.0
e27,10,1,345,0.0,1.0
e27,10,1,346,0.0,1.0
e27,10,1,347,0.0,1.0
e27,10,1,348,0.0,1.0
e27,10,1,349,0.0,1.0
e27,10,1,350,0.0,1.0
e27,10,1,351,0.0,1.0
e27,10,1,352,0.0,1.0
e27,10,1,353,0.0,1.0
e27,10,1,354,0.0,1.0
e27,10,1,355,0.0,1.0
e27,10,1,356,0.0,1.0
e27,10,1,357,0.0,1.0
e27,10,1,358,0.0,1.0
e27,10,1,359,0.0,1.0
e27,10,1,360,0.0,1.0
e27,10,1,361,0.0,1.0
e27,10,1,362,0.0,1.0
e27,10,1,363,0.0,1.0
e27,10,1,364,0.0,1.0
e27,10,1,365,0.0,1.0
e27,10,1,366,0.0,1.0
e27,10,1,367,0.0,1.0
e27,10,1,368,0.0,1.0
e27,10,1,369,0.0,1.0
e27,10,1,370,0.0,1.0
e27,10,1,371,0.0,1.0
e27,10,1,372,0.0,1.0
e27,10,1,373,0.0,1.0
e27,10,1,374,0.0,1.0
e27,10,1,375,0.0,1.0
e27,10,1,376,0.0,1.0
e27,10,1,377,0.0,1.0
e27,10,1,378,0.0,1.0
e27,10,1,379,0.0,1.0
e27,10,1,380,0.0,1.0
e27,10,1,381,0.0,1.0
e27,10,1,382,0.0,1.0
e27,10,1,383,0.0,1.0
e27,10,1,384,0.0,1.0
e27,10,1,385,0.0,1.0
e27,10,1,386,0.0,1.0
e27,10,1,387,0.0,1.0
e27,10,1,388,0.0,1.0
e27,10,1,389,0.0,1.0
e27,10,1,390,0.0,1.0
e27,10,1,391,0.0,1.0
e27,10,1,392,0.0,1.0
e27,10,1,393,0.0,1.0
e27,10,1,394,0.0,1.0
e27,10,1,395,0.0,1.0
e27,10,1,396,0.0,1.0
e27,10,1,397,0.0,1.0
e27,10,1,398,0.0,1.0
e27,10,1,399,0.0,1.0
e27,10,1,400,0.0,1.0
e27,10,1,401,0.0,1.0
e27,10,1,402,0.0,1.0
e27,10,1,403,0.0,1.0
e27,10,1,404,0.0,1.0
e27,10,1,405,0.0,1.0
e27,10,1,406,0.0,1.0
e27,10,1,407,0.0,1.0
e27,10,1,408,0.0,1.0
e27,10,1,409,0.0,1.0
e27,10,1,410,0.0,1.0
e27,10,1,411,0.0,1.0
e27,10,1,412,0.0,1.0
e27,10,1,413,0.0,1.0
e27,10,1,414,0.0,1.0
e27,10,1,415,0.0,1.0
e27,10,1,416,0.0,1.0
e27,10,1,417,0.0,1.0
e27,10,1,418,0.0,1.0
e27,10,1,419,0.0,1.0
e27,10,1,420,0.0,1.0
e27,10,1,421,0.0,1.0
e27,10,1,422,0.0,1.0
e27,10,1,423,0.0,1.0
e27,10,1,424,0.0,1.0
e27,10,1,425,0.0,1.0
e27,10,1,426,0.0,1.0
e27,10,1,427,0.0,1.0
e27,10,1,428,0.0,1.0
e27,10,1,429,0.0,1.0
e27,10,1,430,0.0,1.0
e27,10,1,431,0.0,1.0
e27,10,1,432,0.0,1.0
e27,10,1,433,0.0,1.0
e27,10,1,434,0.0,1.0
e27,10,1,435,0.0,1.0
e27,10,1,436,0.0,1.0
e27,10,1,437,0.0,1.0
e27,10,1,438,0.0,1.0
e27,10,1,439,0.0,1.0
e27,10,1,440,0.0,1.0
e06,0,0,0,0.0,0.0
e06,0,0,1,0.0,0.0
e06,0,0,2,0.0,0.0
e06,0,0,3,0.0,0.0
e06,0,0,4,0.0,0.0
e06,0,0,5,0.0,0.0
e06,0,0,6,0.0,0.0
e06,0,0,7,0.0,0.0
e06,0,0,8,0.0,0.0
e06,0,0,9,0.0,0.0
e06,0,0,10,0.0,0.0
e06,0,0,11,0.0,0.0
e06,0,0,12,0.0,0.0
e06,0,0,13,0.0,0.0
e06,0,0,14,0.0,0.0
e06,0,0,15,0.0,0.0
e06,0,0,16,0.0,0.0
e06,0,0,17,0.0,0.0
e06,0,0,18,0.0,0.0
e06,0,0,19,0.0,0.0
e06,0,0,20,0.0,0.0
e06,0,0,21,0.0,0.0
e06,0,0,22,0.0,0.0
e06,0,0,23,0.0,0.0
e06,0,0,24,0.0,0.0
e06,0,0,25,0.0,0.0
e06,0,0,26,0.0,0.0
e06,0,0,27,0.0,0.0
e06,0,0,28,0.0,0.0
e06,0,0,29,0.0,0.0
e06,0,0,30,0.0,0.0
e06,0,0,31,0.0,0.0
e06,0,0,32,0.0,0.0
e06,0,0,33,0.0,0.0
e06,0,0,34,0.0,0.0
e06,0,0,35,0.0,0.0
e06,0,0,36,0.0,0.0
e06,0,0,37,0.0,0.0
e06,0,0,38,0.0,0.0
e06,0,0,39,0.0,1.0
e06,0,0,40,0.0,1.0
e06,0,0,41,0.0,1.0
e06,0,0,42,0.0,1.0
e06,0,0,43,0.0,1.0
e06,0,0,44,0.0,1.0
e06,0,0,45,0.0,1.0
e06,0,0,46,0.0,1.0
e06,0,0,47,0.0,1.0
e06,0,0,48,0.0,1.0
e06,0,0,49,0.0,1.0
e06,0,0,50,0.0,1.0
e06,0,0,51,0.0,1.0
e06,0,0,52,0.0,1.0
e06,0,0,53,0.0,1.0
e06,0,0,54,0.0,1.0
e06,0,0,55,0.0,1.0
e06,0,0,56,0.0,1.0
e06,0,0,57,0.0,1.0
e06,0,0,58,0.0,1.0
e06,0,0,59,0.0,1.0
e06,0,0,60,0.0,1.0
e06,0,0,61,0.0,1.0
e06,0,0,62,0.0,1.0
e06,0,0,63,0.0,1.0
e06,0,0,64,0.0,1.0
e06,0,0,65,0.0,1.0
e06,0,0,66,0.0,1.0
e06,0,0,67,0.0,1.0
e06,0,0,68,0.0,1.0
e06,0,0,69,0.0,1.0
e06,0,0,70,0.0,1.0
e06,0,0,71,0.0,1.0
e06,0,0,72,0.0,1.0
e06,0,0,73,0.0,1.0
e06,0,0,74,0.0,1.0
e06,0,0,75,0.0,1.0
e06,0,0,76,0.0,1.0
e06,0,0,77,0.0,1.0
e06,0,0,78,0.0,1.0
e06,0,0,79,0.0,1.0
e06,0,0,80,0.0,1.0
e06,0,0,81,0.0,1.0
e06,0,0,82,0.0,1.0
e06,0,0,83,0.0,1.0
e06,0,0,84,0.0,1.0
e06,0,0,85,0.0,1.0
e06,0,0,86,0.0,1.0
e06,0,0,87,0.0,1.0
e06,0,0,88,0.0,1.0
e06,0,0,89,0.0,1.0
e06,0,0,90,0.0,1.0
e06,0,0,91,0.0,1.0
e06,0,0,92,0.0,1.0
e06,0,0,93,0.0,1.0
e06,0,0,94,0.0,1.0
e06,0,0,95,0.0,1.0
e06,0,0,96,0.0,1.0
e06,0,0,97,0.0,1.0
e06,0,0,98,0.0,1.0
e06,0,0,99,0.0,1.0
e06,0,0,100,0.0,1.0
e06,0,0,101,0.0,1.0
e06,0,0,102,0.0,1.0
e06,0,0,103,0.0,1.0
e06,0,0,104,0.0,1.0
e06,0,0,105,0.0,1.0
e06,0,0,106,0.0,1.0
e06,0,0,107,0.0,1.0
e06,0,0,108,0.0,1.0
e06,0,0,109,0.0,1.0
e06,0,0,110,0.0,1.0
e06,0,0,111,0.0,1.0
e06,0,0,112,0.0,1.0
e06,0,0,113,0.0,1.0
e06,0,0,114,0.0,1.0
e06,0,0,115,0.0,1.0
e06,0,0,116,0.0,1.0
e06,0,0,117,0.0,1.0
e06,0,0,118,0.0,1.0
e06,0,0,119,0.0,1.0
e06,0,0,120,0.0,1.0
e06,0,0,121,0.0,1.0
e06,0,0,122,0.0,1.0
e06,0,0,123,0.0,1.0
e06,0,0,124,0.0,1.0
e06,0,0,125,0.0,1.0
e06,0,0,126,0.0,1.0
e06,0,0,127,0.0,1.0
e06,0,0,128,0.0,1.0
e06,0,0,129,0.0,1.0
e06,0,0,130,0.0,1.0
e06,0,0,131,0.0,1.0
e06,0,0,132,0.0,1.0
e06,0,0,133,0.0,1.0
e06,0,0,134,0.0,1.0
e06,0,0,135,0.0,1.0
e06,0,0,136,0.0,1.0
e06,0,0,137,0.0,1.0
e06,0,0,138,0.0,1.0
e06,0,0,139,0.0,1.0
e06,0,0,140,0.0,1.0
e06,0,0,141,0.0,1.0
e06,0,0,142,0.0,1.0
e06,0,0,143,0.0,1.0
e06,0,0,144,0.0,1.0
e06,0,0,145,0.0,1.0
e06,0,0,146,0.0,1.0
e06,0,0,147,0.0,1.0
e06,0,0,148,0.0,1.0
e06,0,0,149,0.0,1.0
e06,0,0,150,0.0,1.0
e06,0,0,151,0.0,1.0
e06,0,0,152,0.0,1.0
e06,0,0,153,0.0,1.0
e06,0,0,154,0.0,1.0
e06,0,0,155,0.0,1.0
e06,0,0,156,0.0,1.0
e06,0,0,157,0.0,1.0
e06,0,0,158,0.0,1.0
e06,0,0,159,0.0,1.0
e06,0,0,160,0.0,1.0
e06,0,0,161,0.0,1.0
e06,0,0,162,0.0,1.0
e06,0,0,163,0.0,1.0
e06,0,0,164,0.0,1.0
e06,0,0,165,0.0,1.0
e06,0,0,166,0.0,1.0
e06,0,0,167,0.0,1.0
e06,0,0,168,0.0,1.0
e06,0,0,169,0.0,1.0
e06,0,0,170,0.0,1.0
e06,0,0,171,0.0,1.0
e06,0,0,172,0.0,1.0
e06,0,0,173,0.0,1.0
e06,0,0,174,0.0,1.0
e06,0,0,175,0.0,1.0
e06,0,0,176,0.0,1.0
e06,0,0,177,0.0,1.0
e06,0,0,178,0.0,1.0
e06,0,0,179,0.0,1.0
e06,0,0,180,0.0,1.0
e06,0,0,181,0.0,1.0
e06,0,0,182,0.0,1.0
e06,0,0,183,0.0,1.0
e06,0,0,184,0.0,1.0
e06,0,0,185,0.0,1.0
e06,0,0,186,0.0,1.0
e06,0,0,187,0.0,1.0
e06,0,0,188,0.0,1.0
e06,0,0,189,0.0,1.0
e06,0,0,190,0.0,1.0
e06,0,0,191,0.0,1.0
e06,0,0,192,0.0,1.0
e06,0,0,193,0.0,1.0
e06,0,0,194,0.0,1.0
e06,0,0,195,0.0,1.0
e06,0,0,196,0.0,1.0
e06,0,0,197,0.0,1.0
e06,0,0,198,0.0,1.0
e06,0,0,199,0.0,1.0
e06,0,0,200,0.0,1.0
e06,0,0,201,0.0,1.0
e06,0,0,202,0.0,1.0
e06,0,0,203,0.0,1.0
e06,0,0,204,0.0,1.0
e06,0,0,205,0.0,1.0
e06,0,0,206,0.0,1.0
e06,0,0,207,0.0,1.0
e06,0,0,208,0.0,1.0
e06,0,0,209,0.0,1.0
e06,0,0,210,0.0,1.0
e06,0,0,211,0.0,1.0
e06,0,0,212,0.0,1.0
e06,0,0,213,0.0,1.0
e06,0,0,214,0.0,1.0
e06,0,0,215,0.0,1.0
e06,0,0,216,0.0,1.0
e06,0,0,217,0.0,1.0
e06,0,0,218,0.0,1.0
e06,0,0,219,0.0,1.0
e06,0,0,220,0.0,1.0
e06,0,0,221,0.0,1.0
e06,0,0,222,0.0,1.0
e06,0,0,223,0.0,1.0
e06,0,0,224,0.0,1.0
e06,0,0,225,0.0,1.0
e06,0,0,226,0.0,1.0
e06,0,0,227,0.0,1.0
e06,0,0,228,0.0,1.0
e06,0,0,229,0.0,1.0
e06,0,0,230,0.0,1.0
e06,0,0,231,0.0,1.0
e06,0,0,232,0.0,1.0
e06,0,0,233,0.0,1.0
e06,0,0,234,0.0,1.0
e06,0,0,235,0.0,1.0
e06,0,0,236,0.0,1.0
e06,0,0,237,0.0,1.0
e06,0,0,238,0.0,1.0
e06,0,0,239,0.0,1.0
e06,0,0,240,0.0,1.0
e06,0,0,241,0.0,1.0
e06,0,0,242,0.0,1.0
e06,0,0,243,0.0,1.0
e06,0,0,244,0.0,1.0
e06,0,0,245,0.0,1.0
e06,0,0,246,0.0,1.0
e06,0,0,247,0.0,1.0
e06,0,0,248,0.0,1.0
e06,0,0,249,0.0,1.0
e06,0,0,250,0.0,1.0
e06,0,0,251,0.0,1.0
e06,0,0,252,0.0,1.0
e06,0,0,253,0.0,1.0
e06,0,0,254,0.0,1.0
e06,0,0,255,0.0,1.0
e06,0,0,256,0.0,1.0
e06,0,0,257,0.0,1.0
e06,0,0,258,0.0,1.0
e06,0,0,259,0.0,1.0
e06,0,0,260,0.0,1.0
e06,0,0,261,0.0,1.0
e06,0,0,262,0.0,1.0
e06,0,0,263,0.0,1.0
e06,0,0,264,0.0,1.0
e06,0,0,265,0.0,1.0
e06,0,0,266,0.0,1.0
e06,0,0,267,0.0,1.0
e06,0,0,268,0.0,1.0
e06,0,0,269,0.0,1.0
e06,0,0,270,0.0,1.0
e06,0,0,271,0.0,1.0
e06,0,0,272,0.0,1.0
e06,0,0,273,0.0,1.0
e06,0,0,274,0.0,1.0
e06,0,0,275,0.0,1.0
e06,0,0,276,0.0,1.0
e06,0,0,277,0.0,1.0
e06,0,0,278,0.0,1.0
e06,0,0,279,0.0,1.0
e06,0,0,280,0.0,1.0
e06,0,0,281,0.0,1.0
e06,0,0,282,0.0,1.0
e06,0,0,283,0.0,1.0
e06,0,0,284,0.0,1.0
e06,0,0,285,0.0,1.0
e06,0,0,286,0.0,1.0
e06,0,0,287,0.0,1.0
e06,0,0,288,0.0,1.0
e06,0,0,289,0.0,1.0
e06,0,0,290,0.0,1.0
e06,0,0,291,0.0,1.0
e06,0,0,292,0.0,1.0
e06,0,0,293,0.0,1.0
e06,0,0,294,0.0,1.0
e06,0,0,295,0.0,1.0
e06,0,0,296,0.0,1.0
e06,0,0,297,0.0,1.0
e06,0,0,298,0.0,1.0
e06,0,0,299,0.0,1.0
e06,0,0,300,0.0,1.0
e06,0,0,301,0.0,1.0
e06,0,0,302,0.0,1.0
e06,0,0,303,0.0,1.0
e06,0,0,304,0.0,1.0
e06,0,0,305,0.0,1.0
e06,0,0,306,0.0,1.0
e06,0,0,307,0.0,1.0
e06,0,0,308,0.0,1.0
e06,0,0,309,0.0,1.0
e06,0,0,310,0.0,1.0
e06,0,0,311,0.0,1.0
e06,0,0,312,0.0,1.0
e06,0,0,313,0.0,1.0
e06,0,0,314,0.0,1.0
e06,0,0,315,0.0,1.0
e06,0,0,316,0.0,1.0
e06,0,0,317,0.0,1.0
e06,0,0,318,0.0,1.0
e06,0,0,319,0.0,1.0
e06,0,0,320,0.0,1.0
e06,0,0,321,0.0,1.0
e06,0,0,322,0.0,1.0
e06,0,0,323,0.0,1.0
e06,0,0,324,0.0,1.0
e06,0,0,325,0.0,1.0
e06,0,0,326,0.0,1.0
e06,0,0,327,0.0,1.0
e06,0,0,328,0.0,1.0
e06,0,0,329,0.0,1.0
e06,0,0,330,0.0,1.0
e06,0,0,331,0.0,1.0
e06,0,0,332,0.0,1.0
e06,0,0,333,0.0,1.0
e06,0,0,334,0.0,1.0
e06,0,0,335,0.0,1.0
e06,0,0,336,0.0,1.0
e06,0,0,337,0.0,1.0
e06,0,0,338,0.0,1.0
e06,0,0,339,0.0,1.0
e06,0,0,340,0.0,1.0
e06,0,0,341,0.0,1.0
e06,0,0,342,0.0,1.0
e06,0,0,343,0.0,1.0
e06,0,0,344,0.0,1.0
e06,0,0,345,0.0,1.0
e06,0,0,346,0.0,1.0
e06,0,0,347,0.0,1.0
e06,0,0,348,0.0,1.0
e06,0,0,349,0.0,1.0
e06,0,0,350,0.0,1.0
e06,0,0,351,0.0,1.0
e06,0,0,352,0.0,1.0
e06,0,0,353,0.0,1.0
e06,0,0,354,0.0,1.0
e06,0,0,355,0.0,1.0
e06,0,0,356,0.0,1.0
e06,0,0,357,0.0,1.0
e06,0,0,358,0.0,1.0
e06,0,0,359,0.0,1.0
e06,0,0,360,0.0,1.0
e06,0,0,361,0.0,1.0
e06,0,0,362,0.0,1.0
e06,0,0,363,0.0,1.0
e06,0,0,364,0.0,1.0
e06,0,0,365,0.0,1.0
e06,0,0,366,0.0,1.0
e06,0,0,367,0.0,1.0
e06,0,0,368,0.0,1.0
e06,0,0,369,0.0,1.0
e06,0,0,370,0.0,1.0
e06,0,0,371,0.0,1.0
e06,0,0,372,0.0,1.0
e06,0,0,373,0.0,1.0
e06,0,0,374,0.0,1.0
e06,0,0,375,0.0,1.0
e06,0,0,376,0.0,1.0
e06,0,0,377,0.0,1.0
e06,0,0,378,0.0,1.0
e06,0,0,379,0.0,1.0
e06,0,0,380,0.0,1.0
e06,0,0,381,0.0,1.0
e06,0,0,382,0.0,1.0
e06,0,0,383,0.0,1.0
e06,0,0,384,0.0,1.0
e06,0,0,385,0.0,1.0
e06,0,0,386,0.0,1.0
e06,0,0,387,0.0,1.0
e06,0,0,388,0.0,1.0
e06,0,0,389,0.0,1.0
e06,0,0,390,0.0,1.0
e06,0,0,391,0.0,1.0
e06,0,0,392,0.0,1.0
e06,0,0,393,0.0,1.0
e06,0,0,394,0.0,1.0
e06,0,0,395,0.0,1.0
e06,0,0,396,0.0,1.0
e06,0,0,397,0.0,1.0
e06,0,0,398,0.0,1.0
e06,0,0,399,0.0,1.0
e06,0,0,400,0.0,1.0
e06,0,0,401,0.0,1.0
e06,0,0,402,0.0,1.0
e06,0,0,403,0.0,1.0
e06,0,0,404,0.0,1.0
e06,0,0,405,0.0,1.0
e06,0,0,406,0.0,1.0
e06,0,0,407,0.0,1.0
e06,0,0,408,0.0,1.0
e06,0,0,409,0.0,1.0
e06,0,0,410,0.0,1.0
e06,0,0,411,0.0,1.0
e06,0,0,412,0.0,1.0
e06,0,0,413,0.0,1.0
e06,0,0,414,0.0,1.0
e06,0,0,415,0.0,1.0
e06,0,0,416,0.0,1.0
e06,0,0,417,0.0,1.0
e06,0,0,418,0.0,1.0
e06,0,0,419,0.0,1.0
e06,0,0,420,0.0,1.0
e06,0,0,421,0.0,1.0
e06,0,0,422,0.0,1.0
e06,0,0,423,0.0,1.0
e06,0,0,424,0.0,1.0
e06,0,0,425,0.0,1.0
e06,0,0,426,0.0,1.0
e06,0,0,427,0.0,1.0
e06,0,0,428,0.0,1.0
e06,0,0,429,0.0,1.0
e06,0,0,430,0.0,1.0
e06,0,0,431,0.0,1.0
e06,0,0,432,0.0,1.0
e06,0,0,433,0.0,1.0
e06,0,0,434,0.0,1.0
e06,0,0,435,0.0,1.0
e06,0,0,436,0.0,1.0
e06,0,0,437,0.0,1.0
e06,0,0,438,0.0,1.0
e06,0,0,439,0.0,1.0
e06,0,0,440,0.0,1.0
e06,0,1,0,0.0,0.0
e06,0,1,1,0.0,0.0
e06,0,1,2,0.0,0.0
e06,0,1,3,0.0,0.0
e06,0,1,4,0.0,0.0
e06,0,1,5,0.0,0.0
e06,0,1,6,0.0,0.0
e06,0,1,7,0.0,0.0
e06,0,1,8,0.0,0.0
e06,0,1,9,0.0,0.0
e06,0,1,10,0.0,0.0
e06,0,1,11,0.0,0.0
e06,0,1,12,0.0,0.0
e06,0,1,13,0.0,0.0
e06,0,1,14,0.0,0.0
e06,0,1,15,0.0,0.0
e06,0,1,16,0.0,0.0
e06,0,1,17,0.0,0.0
e06,0,1,18,0.0,0.0
e06,0,1,19,0.0,0.0
e06,0,1,20,0.0,0.0
e06,0,1,21,0.0,0.0
e06,0,1,22,0.0,0.0
e06,0,1,23,0.0,0.0
e06,0,1,24,0.0,0.0
e06,0,1,25,0.0,0.0
e06,0,1,26,0.0,0.0
e06,0,1,27,0.0,0.0
e06,0,1,28,0.0,0.0
e06,0,1,29,0.0,0.0
e06,0,1,30,0.0,0.0
e06,0,1,31,0.0,0.0
e06,0,1,32,0.0,0.0
e06,0,1,33,0.0,0.0
e06,0,1,34,0.0,0.0
e06,0,1,35,0.0,0.0
e06,0,1,36,0.0,0.0
e06,0,1,37,0.0,0.0
e06,0,1,38,0.0,0.0
e06,0,1,39,0.0,0.0
e06,0,1,40,0.0,0.0
e06,0,1,41,0.0,0.0
e06,0,1,42,0.0,0.0
e06,0,1,43,0.0,0.0
e06,0,1,44,0.0,0.0
e06,0,1,45,0.0,0.0
e06,0,1,46,0.0,0.0
e06,0,1,47,0.0,0.0
e06,0,1,48,0.0,0.0
e06,0,1,49,0.0,0.0
e06,0,1,50,0.0,0.0
e06,0,1,51,0.0,0.0
e06,0,1,52,0.0,0.0
e06,0,1,53,0.0,0.0
e06,0,1,54,0.0,0.0
e06,0,1,55,0.0,0.0
e06,0,1,56,0.0,0.0
e06,0,1,57,0.0,0.0
e06,0,1,58,0.0,0.0
e06,0,1,59,0.0,0.0
e06,0,1,60,0.0,0.0
e06,0,1,61,0.0,0.0
e06,0,1,62,0.0,0.0
e06,0,1,63,0.0,0.0
e06,0,1,64,0.0,0.0
e06,0,1,65,0.0,0.0
e06,0,1,66,0.0,0.0
e06,0,1,67,0.0,0.0
e06,0,1,68,0.0,0.0
e06,0,1,69,0.0,0.0
e06,0,1,70,0.0,0.0
e06,0,1,71,0.0,0.0
e06,0,1,72,0.0,0.0
e06,0,1,73,0.0,0.0
e06,0,1,74,0.0,0.0
e06,0,1,75,0.0,0.0
e06,0,1,76,0.0,0.0
e06,0,1,77,0.0,0.0
e06,0,1,78,0.0,0.0
e06,0,1,79,0.0,0.0
e06,0,1,80,0.0,0.0
e06,0,1,81,0.0,0.0
e06,0,1,82,0.0,0.0
e06,0,1,83,0.0,0.0
e06,0,1,84,0.0,0.0
e06,0,1,85,0.0,0.0
e06,0,1,86,0.0,0.0
e06,0,1,87,0.0,0.0
e06,0,1,88,0.0,0.0
e06,0,1,89,0.0,0.0
e06,0,1,90,0.0,0.0
e06,0,1,91,0.0,0.0
e06,0,1,92,0.0,0.0
e06,0,1,93,0.0,0.0
e06,0,1,94,0.0,0.0
e06,0,1,95,0.0,0.0
e06,0,1,96,0.0,0.0
e06,0,1,97,0.0,0.0
e06,0,1,98,0.0,0.0
e06,0,1,99,0.0,0.0
e06,0,1,100,0.0,0.0
e06,0,1,101,0.0,0.0
e06,0,1,102,0.0,0.0
e06,0,1,103,0.0,0.0
e06,0,1,104,0.0,0.0
e06,0,1,105,0.0,0.0
e06,0,1,106,0.0,0.0
e06,0,1,107,0.0,0.0
e06,0,1,108,0.0,0.0
e06,0,1,109,0.0,0.0
e06,0,1,110,0.0,0.0
e06,0,1,111,0.0,0.0
e06,0,1,112,0.0,0.0
e06,0,1,113,0.0,0.0
e06,0,1,114,0.0,0.0
e06,0,1,115,0.0,0.0
e06,0,1,116,0.0,0.0
e06,0,1,117,0.0,0.0
e06,0,1,118,0.0,0.0
e06,0,1,119,0.0,0.0
e06,0,1,120,0.0,0.0
e06,0,1,121,0.0,0.0
e06,0,1,122,0.0,0.0
e06,0,1,123,0.0,0.0
e06,0,1,124,0.0,0.0
e06,0,1,125,0.0,0.0
e06,0,1,126,0.0,0.0
e06,0,1,127,0.0,0.0
e06,0,1,128,0.0,0.0
e06,0,1,129,0.0,0.0
e06,0,1,130,0.0,0.0
e06,0,1,131,0.0,0.0
e06,0,1,132,0.0,0.0
e06,0,1,133,0.0,0.0
e06,0,1,134,0.0,0.0
e06,0,1,135,0.0,0.0
e06,0,1,136,0.0,0.0
e06,0,1,137,0.0,0.0
e06,0,1,138,0.0,0.0
e06,0,1,139,0.0,0.0
e06,0,1,140,0.0,0.0
e06,0,1,141,0.0,0.0
e06,0,1,142,0.0,0.0
e06,0,1,143,0.0,0.0
e06,0,1,144,0.0,0.0
e06,0,1,145,0.0,0.0
e06,0,1,146,0.0,0.0
e06,0,1,147,0.0,0.0
e06,0,1,148,0.0,0.0
e06,0,1,149,0.0,0.0
e06,0,1,150,0.0,0.0
e06,0,1,151,0.0,0.0
e06,0,1,152,0.0,0.0
e06,0,1,153,0.0,0.0
e06,0,1,154,0.0,0.0
e06,0,1,155,0.0,0.0
e06,0,1,156,0.0,0.0
e06,0,1,157,0.0,0.0
e06,0,1,158,0.0,0.0
e06,0,1,159,0.0,0.0
e06,0,1,160,0.0,0.0
e06,0,1,161,0.0,0.0
e06,0,1,162,0.0,0.0
e06,0,1,163,0.0,0.0
e06,0,1,164,0.0,0.0
e06,0,1,165,0.0,0.0
e06,0,1,166,0.0,0.0
e06,0,1,167,0.0,0.0
e06,0,1,168,0.0,0.0
e06,0,1,169,0.0,0.0
e06,0,1,170,0.0,0.0
e06,0,1,171,0.0,0.0
e06,0,1,172,0.0,0.0
e06,0,1,173,0.0,0.0
e06,0,1,174,0.0,0.0
e06,0,1,175,0.0,0.0
e06,0,1,176,0.0,0.0
e06,0,1,177,0.0,0.0
e06,0,1,178,0.0,0.0
e06,0,1,179,0.0,0.0
e06,0,1,180,0.0,0.0
e06,0,1,181,0.0,0.0
e06,0,1,182,0.0,0.0
e06,0,1,183,0.0,0.0
e06,0,1,184,0.0,0.0
e06,0,1,185,0.0,0.0
e06,0,1,186,0.0,0.0
e06,0,1,187,0.0,0.0
e06,0,1,188,0.0,0.0
e06,0,1,189,0.0,0.0
e06,0,1,190,0.0,0.0
e06,0,1,191,0.0,0.0
e06,0,1,192,0.0,0.0
e06,0,1,193,0.0,0.0
e06,0,1,194,0.0,0.0
e06,0,1,195,0.0,0.0
e06,0,1,196,0.0,0.0
e06,0,1,197,0.0,0.0
e06,0,1,198,0.0,0.0
e06,0,1,199,0.0,0.0
e06,0,1,200,0.0,0.0
e06,0,1,201,0.0,0.0
e06,0,1,202,0.0,0.0
e06,0,1,203,0.0,0.0
e06,0,1,204,0.0,0.0
e06,0,1,205,0.0,0.0
e06,0,1,206,0.0,0.0
e06,0,1,207,0.0,0.0
e06,0,1,208,0.0,0.0
e06,0,1,209,0.0,0.0
e06,0,1,210,0.0,0.0
e06,0,1,211,0.0,0.0
e06,0,1,212,0.0,0.0
e06,0,1,213,0.0,0.0
e06,0,1,214,0.0,0.0
e06,0,1,215,0.0,0.0
e06,0,1,216,0.0,0.0
e06,0,1,217,0.0,0.0
e06,0,1,218,0.0,0.0
e06,0,1,219,0.0,0.0
e06,0,1,220,0.0,0.0
e06,0,1,221,0.0,0.0
e06,0,1,222,0.0,0.0
e06,0,1,223,0.0,0.0
e06,0,1,224,0.0,0.0
e06,0,1,225,0.0,0.0
e06,0,1,226,0.0,0.0
e06,0,1,227,0.0,0.0
e06,0,1,228,0.0,0.0
e06,0,1,229,0.0,0.0
e06,0,1,230,0.0,0.0
e06,0,1,231,0.0,0.0
e06,0,1,232,0.0,0.0
e06,0,1,233,0.0,0.0
e06,0,1,234,0.0,0.0
e06,0,1,235,0.0,0.0
e06,0,1,236,0.0,0.0
e06,0,1,237,0.0,0.0
e06,0,1,238,0.0,0.0
e06,0,1,239,0.0,0.0
e06,0,1,240,0.0,0.0
e06,0,1,241,0.0,0.0
e06,0,1,242,0.0,0.0
e06,0,1,243,0.0,0.0
e06,0,1,244,0.0,0.0
e06,0,1,245,0.0,0.0
e06,0,1,246,0.0,0.0
e06,0,1,247,0.0,0.0
e06,0,1,248,0.0,0.0
e06,0,1,249,0.0,0.0
e06,0,1,250,0.0,0.0
e06,0,1,251,0.0,0.0
e06,0,1,252,0.0,0.0
e06,0,1,253,0.0,0.0
e06,0,1,254,0.0,0.0
e06,0,1,255,0.0,0.0
e06,0,1,256,0.0,0.0
e06,0,1,257,0.0,0.0
e06,0,1,258,0.0,0.0
e06,0,1,259,0.0,0.0
e06,0,1,260,0.0,0.0
e06,0,1,261,0.0,0.0
e06,0,1,262,0.0,0.0
e06,0,1,263,0.0,0.0
e06,0,1,264,0.0,0.0
e06,0,1,265,0.0,0.0
e06,0,1,266,0.0,0.0
e06,0,1,267,0.0,0.0
e06,0,1,268,0.0,0.0
e06,0,1,269,0.0,0.0
e06,0,1,270,0.0,0.0
e06,0,1,271,0.0,0.0
e06,0,1,272,0.0,0.0
e06,0,1,273,0.0,0.0
e06,0,1,274,0.0,0.0
e06,0,1,275,0.0,0.0
e06,0,1,276,0.0,0.0
e06,0,1,277,0.0,0.0
e06,0,1,278,0.0,0.0
e06,0,1,279,0.0,0.0
e06,0,1,280,0.0,0.0
e06,0,1,281,0.0,0.0
e06,0,1,282,0.0,0.0
e06,0,1,283,0.0,0.0
e06,0,1,284,0.0,0.0
e06,0,1,285,0.0,0.0
e06,0,1,286,0.0,0.0
e06,0,1,287,0.0,0.0
e06,0,1,288,0.0,0.0
e06,0,1,289,0.0,0.0
e06,0,1,290,0.0,0.0
e06,0,1,291,0.0,0.0
e06,0,1,292,0.0,0.0
e06,0,1,293,0.0,0.0
e06,0,1,294,0.0,0.0
e06,0,1,295,0.0,0.0
e06,0,1,296,0.0,0.0
e06,0,1,297,0.0,0.0
e06,0,1,298,0.0,0.0
e06,0,1,299,0.0,0.0
e06,0,1,300,0.0,0.0
e06,0,1,301,0.0,0.0
e06,0,1,302,0.0,0.0
e06,0,1,303,0.0,0.0
e06,0,1,304,0.0,0.0
e06,0,1,305,0.0,0.0
e06,0,1,306,0.0,0.0
e06,0,1,307,0.0,0.0
e06,0,1,308,0.0,0.0
e06,0,1,309,0.0,0.0
e06,0,1,310,0.0,0.0
e06,0,1,311,0.0,0.0
e06,0,1,312,0.0,0.0
e06,0,1,313,0.0,0.0
e06,0,1,314,0.0,0.0
e06,0,1,315,0.0,0.0
e06,0,1,316,0.0,0.0
e06,0,1,317,0.0,0.0
e06,0,1,318,0.0,0.0
e06,0,1,319,0.0,0.0
e06,0,1,320,0.0,0.0
e06,0,1,321,0.0,0.0
e06,0,1,322,0.0,0.0
e06,0,1,323,0.0,0.0
e06,0,1,324,0.0,0.0
e06,0,1,325,0.0,0.0
e06,0,1,326,0.0,0.0
e06,0,1,327,0.0,0.0
e06,0,1,328,0.0,0.0
e06,0,1,329,0.0,0.0
e06,0,1,330,0.0,0.0
e06,0,1,331,0.0,0.0
e06,0,1,332,0.0,0.0
e06,0,1,333,0.0,0.0
e06,0,1,334,0.0,0.0
e06,0,1,335,0.0,0.0
e06,0,1,336,0.0,0.0
e06,0,1,337,0.0,0.0
e06,0,1,338,0.0,0.0
e06,0,1,339,0.0,0.0
e06,0,1,340,0.0,0.0
e06,0,1,341,0.0,0.0
e06,0,1,342,0.0,0.0
e06,0,1,343,0.0,0.0
e06,0,1,344,0.0,0.0
e06,0,1,345,0.0,0.0
e06,0,1,346,0.0,0.0
e06,0,1,347,0.0,0.0
e06,0,1,348,0.0,0.0
e06,0,1,349,0.0,0.0
e06,0,1,350,0.0,0.0
e06,0,1,351,0.0,0.0
e06,0,1,352,0.0,0.0
e06,0,1,353,0.0,0.0
e06,0,1,354,0.0,0.0
e06,0,1,355,0.0,0.0
e06,0,1,356,0.0,0.0
e06,0,1,357,0.0,0.0
e06,0,1,358,0.0,0.0
e06,0,1,359,0.0,0.0
e06,0,1,360,0.0,0.0
e06,0,1,361,0.0,0.0
e06,0,1,362,0.0,0.0
e06,0,1,363,0.0,0.0
e06,0,1,364,0.0,0.0
e06,0,1,365,0.0,0.0
e06,0,1,366,0.0,0.0
e06,0,1,367,0.0,0.0
e06,0,1,368,0.0,0.0
e06,0,1,369,0.0,0.0
e06,0,1,370,0.0,0.0
e06,0,1,371,0.0,0.0
e06,0,1,372,0.0,0.0
e06,0,1,373,0.0,0.0
e06,0,1,374,0.0,0.0
e06,0,1,375,0.0,0.0
e06,0,1,376,0.0,0.0
e06,0,1,377,0.0,0.0
e06,0,1,378,0.0,0.0
e06,0,1,379,0.0,0.0
e06,0,1,380,0.0,0.0
e06,0,1,381,0.0,0.0
e06,0,1,382,0.0,0.0
e06,0,1,383,0.0,0.0
e06,0,1,384,0.0,0.0
e06,0,1,385,0.0,0.0
e06,0,1,386,0.0,0.0
e06,0,1,387,0.0,0.0
e06,0,1,388,0.0,0.0
e06,0,1,389,0.0,0.0
e06,0,1,390,0.0,0.0
e06,0,1,391,0.0,0.0
e06,0,1,392,0.0,0.0
e06,0,1,393,0.0,0.0
e06,0,1,394,0.0,0.0
e06,0,1,395,0.0,0.0
e06,0,1,396,0.0,0.0
e06,0,1,397,0.0,0.0
e06,0,1,398,0.0,0.0
e06,0,1,399,0.0,0.0
e06,0,1,400,0.0,0.0
e06,0,1,401,0.0,0.0
e06,0,1,402,0.0,0.0
e06,0,1,403,0.0,0.0
e06,0,1,404,0.0,0.0
e06,0,1,405,0.0,0.0
e06,0,1,406,0.0,0.0
e06,0,1,407,0.0,0.0
e06,0,1,408,0.0,0.0
e06,0,1,409,0.0,0.0
e06,0,1,410,0.0,0.0
e06,0,1,411,0.0,0.0
e06,0,1,412,0.0,0.0
e06,0,1,413,0.0,0.0
e06,0,1,414,0.0,0.0
e06,0,1,415,0.0,0.0
e06,0,1,416,0.0,0.0
e06,0,1,417,0.0,0.0
e06,0,1,418,0.0,0.0
e06,0,1,419,0.0,0.0
e06,0,1,420,0.0,0.0
e06,0,1,421,0.0,0.0
e06,0,1,422,0.0,0.0
e06,0,1,423,0.0,0.0
e06,0,1,424,0.0,0.0
e06,0,1,425,0.0,0.0
e06,0,1,426,0.0,0.0
e06,0,1,427,0.0,0.0
e06,0,1,428,0.0,0.0
e06,0,1,429,0.0,0.0
e06,0,1,430,0.0,0.0
e06,0,1,431,0.0,0.0
e06,0,1,432,0.0,0.0
e06,0,1,433,0.0,0.0
e06,0,1,434,0.0,0.0
e06,0,1,435,0.0,0.0
e06,0,1,436,0.0,0.0
e06,0,1,437,0.0,0.0
e06,0,1,438,0.0,0.0
e06,0,1,439,0.0,0.0
e06,0,1,440,0.0,0.0
e06,3,0,0,0.0,0.0
e06,3,0,1,0.0,0.0
e06,3,0,2,0.0,0.0
e06,3,0,3,0.0,0.0
e06,3,0,4,0.0,0.0
e06,3,0,5,0.0,0.0
e06,3,0,6,0.0,0.0
e06,3,0,7,0.0,0.0
e06,3,0,8,0.0,0.0
e06,3,0,9,0.0,0.0
e06,3,0,10,0.0,0.0
e06,3,0,11,0.0,0.0
e06,3,0,12,0.0,0.0
e06,3,0,13,0.0,0.0
e06,3,0,14,0.0,0.0
e06,3,0,15,0.0,0.0
e06,3,0,16,0.0,0.0
e06,3,0,17,0.0,0.0
e06,3,0,18,0.0,0.0
e06,3,0,19,0.0,0.0
e06,3,0,20,0.0,0.0
e06,3,0,21,0.0,0.0
e06,3,0,22,0.0,0.0
e06,3,0,23,0.0,0.0
e06,3,0,24,0.0,0.0
e06,3,0,25,0.0,0.0
e06,3,0,26,0.0,0.0
e06,3,0,27,0.0,0.0
e06,3,0,28,0.0,0.0
e06,3,0,29,0.0,0.0
e06,3,0,30,0.0,0.0
e06,3,0,31,0.0,0.0
e06,3,0,32,0.0,0.0
e06,3,0,33,0.0,0.5
e06,3,0,34,0.0,1.0
e06,3,0,35,0.0,1.0
e06,3,0,36,0.0,1.0
e06,3,0,37,0.0,1.0
e06,3,0,38,0.0,1.0
e06,3,0,39,0.0,1.0
e06,3,0,40,0.0,1.0
e06,3,0,41,0.0,1.0
e06,3,0,42,0.0,1.0
e06,3,0,43,0.0,1.0
e06,3,0,44,0.0,1.0
e06,3,0,45,0.0,1.0
e06,3,0,46,0.0,1.0
e06,3,0,47,0.0,1.0
e06,3,0,48,0.0,1.0
e06,3,0,49,0.0,1.0
e06,3,0,50,0.0,1.0
e06,3,0,51,0.0,1.0
e06,3,0,52,0.0,1.0
e06,3,0,53,0.0,1.0
e06,3,0,54,0.0,1.0
e06,3,0,55,0.0,1.0
e06,3,0,56,0.0,1.0
e06,3,0,57,0.0,1.0
e06,3,0,58,0.0,1.0
e06,3,0,59,0.0,1.0
e06,3,0,60,0.0,1.0
e06,3,0,61,0.0,1.0
e06,3,0,62,0.0,1.0
e06,3,0,63,0.0,1.0
e06,3,0,64,0.0,1.0
e06,3,0,65,0.0,1.0
e06,3,0,66,0.0,1.0
e06,3,0,67,0.0,1.0
e06,3,0,68,0.0,1.0
e06,3,0,69,0.0,1.0
e06,3,0,70,0.0,1.0
e06,3,0,71,0.0,1.0
e06,3,0,72,0.0,1.0
e06,3,0,73,0.0,1.0
e06,3,0,74,0.0,1.0
e06,3,0,75,0.0,1.0
e06,3,0,76,0.0,1.0
e06,3,0,77,0.0,1.0
e06,3,0,78,0.0,1.0
e06,3,0,79,0.0,1.0
e06,3,0,80,0.0,1.0
e06,3,0,81,0.0,1.0
e06,3,0,82,0.0,1.0
e06,3,0,83,0.0,1.0
e06,3,0,84,0.0,1.0
e06,3,0,85,0.0,1.0
e06,3,0,86,0.0,1.0
e06,3,0,87,0.0,1.0
e06,3,0,88,0.0,1.0
e06,3,0,89,0.0,1.0
e06,3,0,90,0.0,1.0
e06,3,0,91,0.0,1.0
e06,3,0,92,0.0,1.0
e06,3,0,93,0.0,1.0
e06,3,0,94,0.0,1.0
e06,3,0,95,0.0,1.0
e06,3,0,96,0.0,1.0
e06,3,0,97,0.0,1.0
e06,3,0,98,0.0,1.0
e06,3,0,99,0.0,1.0
e06,3,0,100,0.0,1.0
e06,3,0,101,0.0,1.0
e06,3,0,102,0.0,1.0
e06,3,0,103,0.0,1.0
e06,3,0,104,0.0,1.0
e06,3,0,105,0.0,1.0
e06,3,0,106,0.0,1.0
e06,3,0,107,0.0,1.0
e06,3,0,108,0.0,1.0
e06,3,0,109,0.0,1.0
e06,3,0,110,0.0,1.0
e06,3,0,111,0.0,1.0
e06,3,0,112,0.0,1.0
e06,3,0,113,0.0,1.0
e06,3,0,114,0.0,1.0
e06,3,0,115,0.0,1.0
e06,3,0,116,0.0,1.0
e06,3,0,117,0.0,1.0
e06,3,0,118,0.0,1.0
e06,3,0,119,0.0,1.0
e06,3,0,120,0.0,1.0
e06,3,0,121,0.0,1.0
e06,3,0,122,0.0,1.0
e06,3,0,123,0.0,1.0
e06,3,0,124,0.0,1.0
e06,3,0,125,0.0,1.0
e06,3,0,126,0.0,1.0
e06,3,0,127,0.0,1.0
e06,3,0,128,0.0,1.0
e06,3,0,129,0.0,1.0
e06,3,0,130,0.0,1.0
e06,3,0,131,0.0,1.0
e06,3,0,132,0.0,1.0
e06,3,0,133,0.0,1.0
e06,3,0,134,0.0,1.0
e06,3,0,135,0.0,1.0
e06,3,0,136,0.0,1.0
e06,3,0,137,0.0,1.0
e06,3,0,138,0.0,1.0
e06,3,0,139,0.0,1.0
e06,3,0,140,0.0,1.0
e06,3,0,141,0.0,1.0
e06,3,0,142,0.0,1.0
e06,3,0,143,0.0,1.0
e06,3,0,144,0.0,1.0
e06,3,0,145,0.0,1.0
e06,3,0,146,0.0,1.0
e06,3,0,147,0.0,1.0
e06,3,0,148,0.0,1.0
e06,3,0,149,0.0,1.0
e06,3,0,150,0.0,1.0
e06,3,0,151,0.0,1.0
e06,3,0,152,0.0,1.0
e06,3,0,153,0.0,1.0
e06,3,0,154,0.0,1.0
e06,3,0,155,0.0,1.0
e06,3,0,156,0.0,1.0
e06,3,0,157,0.0,1.0
e06,3,0,158,0.0,1.0
e06,3,0,159,0.0,1.0
e06,3,0,160,0.0,1.0
e06,3,0,161,0.0,1.0
e06,3,0,162,0.0,1.0
e06,3,0,163,0.0,1.0
e06,3,0,164,0.0,1.0
e06,3,0,165,0.0,1.0
e06,3,0,166,0.0,1.0
e06,3,0,167,0.0,1.0
e06,3,0,168,0.0,1.0
e06,3,0,169,0.0,1.0
e06,3,0,170,0.0,1.0
e06,3,0,171,0.0,1.0
e06,3,0,172,0.0,1.0
e06,3,0,173,0.0,1.0
e06,3,0,174,0.0,1.0
e06,3,0,175,0.0,1.0
e06,3,0,176,0.0,1.0
e06,3,0,177,0.0,1.0
e06,3,0,178,0.0,1.0
e06,3,0,179,0.0,1.0
e06,3,0,180,0.0,1.0
e06,3,0,181,0.0,1.0
e06,3,0,182,0.0,1.0
e06,3,0,183,0.0,1.0
e06,3,0,184,0.0,1.0
e06,3,0,185,0.0,1.0
e06,3,0,186,0.0,1.0
e06,3,0,187,0.0,1.0
e06,3,0,188,0.0,1.0
e06,3,0,189,0.0,1.0
e06,3,0,190,0.0,1.0
e06,3,0,191,0.0,1.0
e06,3,0,192,0.0,1.0
e06,3,0,193,0.0,1.0
e06,3,0,194,0.0,1.0
e06,3,0,195,0.0,1.0
e06,3,0,196,0.0,1.0
e06,3,0,197,0.0,1.0
e06,3,0,198,0.0,1.0
e06,3,0,199,0.0,1.0
e06,3,0,200,0.0,1.0
e06,3,0,201,0.0,1.0
e06,3,0,202,0.0,1.0
e06,3,0,203,0.0,1.0
e06,3,0,204,0.0,1.0
e06,3,0,205,0.0,1.0
e06,3,0,206,0.0,1.0
e06,3,0,207,0.0,1.0
e06,3,0,208,0.0,1.0
e06,3,0,209,0.0,1.0
e06,3,0,210,0.0,1.0
e06,3,0,211,0.0,1.0
e06,3,0,212,0.0,1.0
e06,3,0,213,0.0,1.0
e06,3,0,214,0.0,1.0
e06,3,0,215,0.0,1.0
e06,3,0,216,0.0,1.0
e06,3,0,217,0.0,1.0
e06,3,0,218,0.0,1.0
e06,3,0,219,0.0,1.0
e06,3,0,220,0.0,1.0
e06,3,0,221,0.0,1.0
e06,3,0,222,0.0,1.0
e06,3,0,223,0.0,1.0
e06,3,0,224,0.0,1.0
e06,3,0,225,0.0,1.0
e06,3,0,226,0.0,1.0
e06,3,0,227,0.0,1.0
e06,3,0,228,0.0,1.0
e06,3,0,229,0.0,1.0
e06,3,0,230,0.0,1.0
e06,3,0,231,0.0,1.0
e06,3,0,232,0.0,1.0
e06,3,0,233,0.0,1.0
e06,3,0,234,0.0,1.0
e06,3,0,235,0.0,1.0
e06,3,0,236,0.0,1.0
e06,3,0,237,0.0,1.0
e06,3,0,238,0.0,1.0
e06,3,0,239,0.0,1.0
e06,3,0,240,0.0,1.0
e06,3,0,241,0.0,1.0
e06,3,0,242,0.0,1.0
e06,3,0,243,0.0,1.0
e06,3,0,244,0.0,1.0
e06,3,0,245,0.0,1.0
e06,3,0,246,0.0,1.0
e06,3,0,247,0.0,1.0
e06,3,0,248,0.0,1.0
e06,3,0,249,0.0,1.0
e06,3,0,250,0.0,1.0
e06,3,0,251,0.0,1.0
e06,3,0,252,0.0,1.0
e06,3,0,253,0.0,1.0
e06,3,0,254,0.0,1.0
e06,3,0,255,0.0,1.0
e06,3,0,256,0.0,1.0
e06,3,0,257,0.0,1.0
e06,3,0,258,0.0,1.0
e06,3,0,259,0.0,1.0
e06,3,0,260,0.0,1.0
e06,3,0,261,0.0,1.0
e06,3,0,262,0.0,1.0
e06,3,0,263,0.0,1.0
e06,3,0,264,0.0,1.0
e06,3,0,265,0.0,1.0
e06,3,0,266,0.0,1.0
e06,3,0,267,0.0,1.0
e06,3,0,268,0.0,1.0
e06,3,0,269,0.0,1.0
e06,3,0,270,0.0,1.0
e06,3,0,271,0.0,1.0
e06,3,0,272,0.0,1.0
e06,3,0,273,0.0,1.0
e06,3,0,274,0.0,1.0
e06,3,0,275,0.0,1.0
e06,3,0,276,0.0,1.0
e06,3,0,277,0.0,1.0
e06,3,0,278,0.0,1.0
e06,3,0,279,0.0,1.0
e06,3,0,280,0.0,1.0
e06,3,0,281,0.0,1.0
e06,3,0,282,0.0,1.0
e06,3,0,283,0.0,1.0
e06,3,0,284,0.0,1.0
e06,3,0,285,0.0,1.0
e06,3,0,286,0.0,1.0
e06,3,0,287,0.0,1.0
e06,3,0,288,0.0,1.0
e06,3,0,289,0.0,1.0
e06,3,0,290,0.0,1.0
e06,3,0,291,0.0,1.0
e06,3,0,292,0.0,1.0
e06,3,0,293,0.0,1.0
e06,3,0,294,0.0,1.0
e06,3,0,295,0.0,1.0
e06,3,0,296,0.0,1.0
e06,3,0,297,0.0,1.0
e06,3,0,298,0.0,1.0
e06,3,0,299,0.0,1.0
e06,3,0,300,0.0,1.0
e06,3,0,301,0.0,1.0
e06,3,0,302,0.0,1.0
e06,3,0,303,0.0,1.0
e06,3,0,304,0.0,1.0
e06,3,0,305,0.0,1.0
e06,3,0,306,0.0,1.0
e06,3,0,307,0.0,1.0
e06,3,0,308,0.0,1.0
e06,3,0,309,0.0,1.0
e06,3,0,310,0.0,1.0
e06,3,0,311,0.0,1.0
e06,3,0,312,0.0,1.0
e06,3,0,313,0.0,1.0
e06,3,0,314,0.0,1.0
e06,3,0,315,0.0,1.0
e06,3,0,316,0.0,1.0
e06,3,0,317,0.0,1.0
e06,3,0,318,0.0,1.0
e06,3,0,319,0.0,1.0
e06,3,0,320,0.0,1.0
e06,3,0,321,0.0,1.0
e06,3,0,322,0.0,1.0
e06,3,0,323,0.0,1.0
e06,3,0,324,0.0,1.0
e06,3,0,325,0.0,1.0
e06,3,0,326,0.0,1.0
e06,3,0,327,0.0,1.0
e06,3,0,328,0.0,1.0
e06,3,0,329,0.0,1.0
e06,3,0,330,0.0,1.0
e06,3,0,331,0.0,1.0
e06,3,0,332,0.0,1.0
e06,3,0,333,0.0,1.0
e06,3,0,334,0.0,1.0
e06,3,0,335,0.0,1.0
e06,3,0,336,0.0,1.0
e06,3,0,337,0.0,1.0
e06,3,0,338,0.0,1.0
e06,3,0,339,0.0,1.0
e06,3,0,340,0.0,1.0
e06,3,0,341,0.0,1.0
e06,3,0,342,0.0,1.0
e06,3,0,343,0.0,1.0
e06,3,0,344,0.0,1.0
e06,3,0,345,0.0,1.0
e06,3,0,346,0.0,1.0
e06,3,0,347,0.0,1.0
e06,3,0,348,0.0,1.0
e06,3,0,349,0.0,1.0
e06,3,0,350,0.0,1.0
e06,3,0,351,0.0,1.0
e06,3,0,352,0.0,1.0
e06,3,0,353,0.0,1.0
e06,3,0,354,0.0,1.0
e06,3,0,355,0.0,1.0
e06,3,0,356,0.0,1.0
e06,3,0,357,0.0,1.0
e06,3,0,358,0.0,1.0
e06,3,0,359,0.0,1.0
e06,3,0,360,0.0,1.0
e06,3,0,361,0.0,1.0
e06,3,0,362,0.0,1.0
e06,3,0,363,0.0,1.0
e06,3,0,364,0.0,1.0
e06,3,0,365,0.0,1.0
e06,3,0,366,0.0,1.0
e06,3,0,367,0.0,1.0
e06,3,0,368,0.0,1.0
e06,3,0,369,0.0,1.0
e06,3,0,370,0.0,1.0
e06,3,0,371,0.0,1.0
e06,3,0,372,0.0,1.0
e06,3,0,373,0.0,1.0
e06,3,0,374,0.0,1.0
e06,3,0,375,0.0,1.0
e06,3,0,376,0.0,1.0
e06,3,0,377,0.0,1.0
e06,3,0,378,0.0,1.0
e06,3,0,379,0.0,1.0
e06,3,0,380,0.0,1.0
e06,3,0,381,0.0,1.0
e06,3,0,382,0.0,1.0
e06,3,0,383,0.0,1.0
e06,3,0,384,0.0,1.0
e06,3,0,385,0.0,1.0
e06,3,0,386,0.0,1.0
e06,3,0,387,0.0,1.0
e06,3,0,388,0.0,1.0
e06,3,0,389,0.0,1.0
e06,3,0,390,0.0,1.0
e06,3,0,391,0.0,1.0
e06,3,0,392,0.0,1.0
e06,3,0,393,0.0,1.0
e06,3,0,394,0.0,1.0
e06,3,0,395,0.0,1.0
e06,3,0,396,0.0,1.0
e06,3,0,397,0.0,1.0
e06,3,0,398,0.0,1.0
e06,3,0,399,0.0,1.0
e06,3,0,400,0.0,1.0
e06,3,0,401,0.0,1.0
e06,3,0,402,0.0,1.0
e06,3,0,403,0.0,1.0
e06,3,0,404,0.0,1.0
e06,3,0,405,0.0,1.0
e06,3,0,406,0.0,1.0
e06,3,0,407,0.0,1.0
e06,3,0,408,0.0,1.0
e06,3,0,409,0.0,1.0
e06,3,0,410,0.0,1.0
e06,3,0,411,0.0,1.0
e06,3,0,412,0.0,1.0
e06,3,0,413,0.0,1.0
e06,3,0,414,0.0,1.0
e06,3,0,415,0.0,1.0
e06,3,0,416,0.0,1.0
e06,3,0,417,0.0,1.0
e06,3,0,418,0.0,1.0
e06,3,0,419,0.0,1.0
e06,3,0,420,0.0,1.0
e06,3,0,421,0.0,1.0
e06,3,0,422,0.0,1.0
e06,3,0,423,0.0,1.0
e06,3,0,424,0.0,1.0
e06,3,0,425,0.0,1.0
e06,3,0,426,0.0,1.0
e06,3,0,427,0.0,1.0
e06,3,0,428,0.0,1.0
e06,3,0,429,0.0,1.0
e06,3,0,430,0.0,1.0
e06,3,0,431,0.0,1.0
e06,3,0,432,0.0,1.0
e06,3,0,433,0.0,1.0
e06,3,0,434,0.0,1.0
e06,3,0,435,0.0,1.0
e06,3,0,436,0.0,1.0
e06,3,0,437,0.0,1.0
e06,3,0,438,0.0,1.0
e06,3,0,439,0.0,1.0
e06,3,0,440,0.0,1.0
e06,3,1,0,0.0,0.0
e06,3,1,1,0.0,0.0
e06,3,1,2,0.0,0.0
e06,3,1,3,0.0,0.0
e06,3,1,4,0.0,0.0
e06,3,1,5,0.0,0.0
e06,3,1,6,0.0,0.0
e06,3,1,7,0.0,0.0
e06,3,1,8,0.0,0.0
e06,3,1,9,0.0,0.0
e06,3,1,10,0.0,0.0
e06,3,1,11,0.0,0.0
e06,3,1,12,0.0,0.0
e06,3,1,13,0.0,0.0
e06,3,1,14,0.0,0.0
e06,3,1,15,0.0,0.0
e06,3,1,16,0.0,0.0
e06,3,1,17,0.0,0.0
e06,3,1,18,0.0,0.0
e06,3,1,19,0.0,0.0
e06,3,1,20,0.0,0.0
e06,3,1,21,0.0,0.0
e06,3,1,22,0.0,0.0
e06,3,1,23,0.0,0.0
e06,3,1,24,0.0,0.0
e06,3,1,25,0.0,0.0
e06,3,1,26,0.0,0.0
e06,3,1,27,0.0,0.0
e06,3,1,28,0.0,0.0
e06,3,1,29,0.0,0.0
e06,3,1,30,0.0,0.0
e06,3,1,31,0.0,0.0
e06,3,1,32,0.0,0.0
e06,3,1,33,0.0,0.0
e06,3,1,34,0.0,0.0
e06,3,1,35,0.0,0.0
e06,3,1,36,0.0,0.0
e06,3,1,37,0.0,0.0
e06,3,1,38,0.0,0.0
e06,3,1,39,0.0,0.0
e06,3,1,40,0.0,0.0
e06,3,1,41,0.0,0.0
e06,3,1,42,0.0,0.0
e06,3,1,43,0.0,0.0
e06,3,1,44,0.0,0.0
e06,3,1,45,0.0,0.0
e06,3,1,46,0.0,0.0
e06,3,1,47,0.0,0.0
e06,3,1,48,0.0,0.0
e06,3,1,49,0.0,0.0
e06,3,1,50,0.0,0.0
e06,3,1,51,0.0,0.0
e06,3,1,52,0.0,0.0
e06,3,1,53,0.0,0.0
e06,3,1,54,0.0,0.0
e06,3,1,55,0.0,0.0
e06,3,1,56,0.0,0.0
e06,3,1,57,0.0,0.0
e06,3,1,58,0.0,0.0
e06,3,1,59,0.0,0.0
e06,3,1,60,0.0,0.0
e06,3,1,61,0.0,0.0
e06,3,1,62,0.0,0.0
e06,3,1,63,0.0,0.0
e06,3,1,64,0.0,0.0
e06,3,1,65,0.0,0.0
e06,3,1,66,0.0,0.0
e06,3,1,67,0.0,0.0
e06,3,1,68,0.0,0.0
e06,3,1,69,0.0,0.0
e06,3,1,70,0.0,0.0
e06,3,1,71,0.0,0.0
e06,3,1,72,0.0,0.0
e06,3,1,73,0.0,0.0
e06,3,1,74,0.0,0.0
e06,3,1,75,0.0,0.0
e06,3,1,76,0.0,0.0
e06,3,1,77,0.0,0.0
e06,3,1,78,0.0,0.0
e06,3,1,79,0.0,0.0
e06,3,1,80,0.0,0.0
e06,3,1,81,0.0,0.0
e06,3,1,82,0.0,0.0
e06,3,1,83,0.0,0.0
e06,3,1,84,0.0,0.0
e06,3,1,85,0.0,0.0
e06,3,1,86,0.0,0.0
e06,3,1,87,0.0,0.0
e06,3,1,88,0.0,0.0
e06,3,1,89,0.0,0.0
e06,3,1,90,0.0,0.0
e06,3,1,91,0.0,0.0
e06,3,1,92,0.0,0.0
e06,3,1,93,0.0,0.0
e06,3,1,94,0.0,0.0
e06,3,1,95,0.0,0.0
e06,3,1,96,0.0,0.0
e06,3,1,97,0.0,0.0
e06,3,1,98,0.0,0.0
e06,3,1,99,0.0,0.0
e06,3,1,100,0.0,0.0
e06,3,1,101,0.0,0.0
e06,3,1,102,0.0,0.0
e06,3,1,103,0.0,0.0
e06,3,1,104,0.0,0.0
e06,3,1,105,0.0,0.0
e06,3,1,106,0.0,0.0
e06,3,1,107,0.0,0.0
e06,3,1,108,0.0,0.0
e06,3,1,109,0.0,0.0
e06,3,1,110,0.0,0.0
e06,3,1,111,0.0,0.0
e06,3,1,112,0.0,0.0
e06,3,1,113,0.0,0.0
e06,3,1,114,0.0,0.0
e06,3,1,115,0.0,0.0
e06,3,1,116,0.0,0.0
e06,3,1,117,0.0,0.0
e06,3,1,118,0.0,0.0
e06,3,1,119,0.0,0.0
e06,3,1,120,0.0,0.0
e06,3,1,121,0.0,0.0
e06,3,1,122,0.0,0.0
e06,3,1,123,0.0,0.0
e06,3,1,124,0.0,0.0
e06,3,1,125,0.0,0.0
e06,3,1,126,0.0,0.0
e06,3,1,127,0.0,0.0
e06,3,1,128,0.0,0.0
e06,3,1,129,0.0,0.0
e06,3,1,130,0.0,0.0
e06,3,1,131,0.0,0.0
e06,3,1,132,0.0,0.0
e06,3,1,133,0.0,0.0
e06,3,1,134,0.0,0.0
e06,3,1,135,0.0,0.0
e06,3,1,136,0.0,0.0
e06,3,1,137,0.0,0.0
e06,3,1,138,0.0,0.0
e06,3,1,139,0.0,0.0
e06,3,1,140,0.0,0.0
e06,3,1,141,0.0,0.0
e06,3,1,142,0.0,0.0
e06,3,1,143,0.0,0.0
e06,3,1,144,0.0,0.0
e06,3,1,145,0.0,0.0
e06,3,1,146,0.0,0.0
e06,3,1,147,0.0,0.0
e06,3,1,148,0.0,0.0
e06,3,1,149,0.0,0.0
e06,3,1,150,0.0,0.0
e06,3,1,151,0.0,0.0
e06,3,1,152,0.0,0.0
e06,3,1,153,0.0,0.0
e06,3,1,154,0.0,0.0
e06,3,1,155,0.0,0.0
e06,3,1,156,0.0,0.0
e06,3,1,157,0.0,0.0
e06,3,1,158,0.0,0.0
e06,3,1,159,0.0,0.0
e06,3,1,160,0.0,0.0
e06,3,1,161,0.0,0.0
e06,3,1,162,0.0,0.0
e06,3,1,163,0.0,0.0
e06,3,1,164,0.0,0.0
e06,3,1,165,0.0,0.0
e06,3,1,166,0.0,0.0
e06,3,1,167,0.0,0.0
e06,3,1,168,0.0,0.0
e06,3,1,169,0.0,0.0
e06,3,1,170,0.0,0.0
e06,3,1,171,0.0,0.0
e06,3,1,172,0.0,0.0
e06,3,1,173,0.0,0.0
e06,3,1,174,0.0,0.0
e06,3,1,175,0.0,0.0
e06,3,1,176,0.0,0.0
e06,3,1,177,0.0,0.0
e06,3,1,178,0.0,0.0
e06,3,1,179,0.0,0.0
e06,3,1,180,0.0,0.0
e06,3,1,181,0.0,0.0
e06,3,1,182,0.0,0.0
e06,3,1,183,0.0,0.0
e06,3,1,184,0.0,0.0
e06,3,1,185,0.0,0.0
e06,3,1,186,0.0,0.0
e06,3,1,187,0.0,0.0
e06,3,1,188,0.0,0.0
e06,3,1,189,0.0,0.0
e06,3,1,190,0.0,0.0
e06,3,1,191,0.0,0.0
e06,3,1,192,0.0,0.0
e06,3,1,193,0.0,0.0
e06,3,1,194,0.0,0.0
e06,3,1,195,0.0,0.0
e06,3,1,196,0.0,0.0
e06,3,1,197,0.0,0.0
e06,3,1,198,0.0,0.0
e06,3,1,199,0.0,0.0
e06,3,1,200,0.0,0.0
e06,3,1,201,0.0,0.0
e06,3,1,202,0.0,0.0
e06,3,1,203,0.0,0.0
e06,3,1,204,0.0,0.0
e06,3,1,205,0.0,0.0
e06,3,1,206,0.0,0.0
e06,3,1,207,0.0,0.0
e06,3,1,208,0.0,0.0
e06,3,1,209,0.0,0.0
e06,3,1,210,0.0,0.0
e06,3,1,211,0.0,0.0
e06,3,1,212,0.0,0.0
e06,3,1,213,0.0,0.0
e06,3,1,214,0.0,0.0
e06,3,1,215,0.0,0.0
e06,3,1,216,0.0,0.0
e06,3,1,217,0.0,0.0
e06,3,1,218,0.0,0.0
e06,3,1,219,0.0,0.0
e06,3,1,220,0.0,0.0
e06,3,1,221,0.0,0.0
e06,3,1,222,0.0,0.0
e06,3,1,223,0.0,0.0
e06,3,1,224,0.0,0.0
e06,3,1,225,0.0,0.0
e06,3,1,226,0.0,0.0
e06,3,1,227,0.0,0.0
e06,3,1,228,0.0,0.0
e06,3,1,229,0.0,0.0
e06,3,1,230,0.0,0.0
e06,3,1,231,0.0,0.0
e06,3,1,232,0.0,0.0
e06,3,1,233,0.0,0.0
e06,3,1,234,0.0,0.0
e06,3,1,235,0.0,0.0
e06,3,1,236,0.0,0.0
e06,3,1,237,0.0,0.0
e06,3,1,238,0.0,0.0
e06,3,1,239,0.0,0.0
e06,3,1,240,0.0,0.0
e06,3,1,241,0.0,0.0
e06,3,1,242,0.0,0.0
e06,3,1,243,0.0,0.0
e06,3,1,244,0.0,0.0
e06,3,1,245,0.0,0.0
e06,3,1,246,0.0,0.0
e06,3,1,247,0.0,0.0
e06,3,1,248,0.0,0.0
e06,3,1,249,0.0,0.0
e06,3,1,250,0.0,0.0
e06,3,1,251,0.0,0.0
e06,3,1,252,0.0,0.0
e06,3,1,253,0.0,0.0
e06,3,1,254,0.0,0.0
e06,3,1,255,0.0,0.0
e06,3,1,256,0.0,0.0
e06,3,1,257,0.0,0.0
e06,3,1,258,0.0,0.0
e06,3,1,259,0.0,0.0
e06,3,1,260,0.0,0.0
e06,3,1,261,0.0,0.0
e06,3,1,262,0.0,0.0
e06,3,1,263,0.0,0.0
e06,3,1,264,0.0,0.0
e06,3,1,265,0.0,0.0
e06,3,1,266,0.0,0.0
e06,3,1,267,0.0,0.0
e06,3,1,268,0.0,0.0
e06,3,1,269,0.0,0.0
e06,3,1,270,0.0,0.0
e06,3,1,271,0.0,0.0
e06,3,1,272,0.0,0.0
e06,3,1,273,0.0,0.0
e06,3,1,274,0.0,0.0
e06,3,1,275,0.0,0.0
e06,3,1,276,0.0,0.0
e06,3,1,277,0.0,0.0
e06,3,1,278,0.0,0.0
e06,3,1,279,0.0,0.0
e06,3,1,280,0.0,0.0
e06,3,1,281,0.0,0.0
e06,3,1,282,0.0,0.0
e06,3,1,283,0.0,0.0
e06,3,1,284,0.0,0.0
e06,3,1,285,0.0,0.0
e06,3,1,286,0.0,0.0
e06,3,1,287,0.0,0.0
e06,3,1,288,0.0,0.0
e06,3,1,289,0.0,0.0
e06,3,1,290,0.0,0.0
e06,3,1,291,0.0,0.0
e06,3,1,292,0.0,0.0
e06,3,1,293,0.0,0.0
e06,3,1,294,0.0,0.0
e06,3,1,295,0.0,0.0
e06,3,1,296,0.0,0.0
e06,3,1,297,0.0,0.0
e06,3,1,298,0.0,0.0
e06,3,1,299,0.0,0.0
e06,3,1,300,0.0,0.0
e06,3,1,301,0.0,0.0
e06,3,1,302,0.0,0.0
e06,3,1,303,0.0,0.0
e06,3,1,304,0.0,0.0
e06,3,1,305,0.0,0.0
e06,3,1,306,0.0,0.0
e06,3,1,307,0.0,0.0
e06,3,1,308,0.0,0.0
e06,3,1,309,0.0,0.0
e06,3,1,310,0.0,0.0
e06,3,1,311,0.0,0.0
e06,3,1,312,0.0,0.0
e06,3,1,313,0.0,0.0
e06,3,1,314,0.0,0.0
e06,3,1,315,0.0,0.0
e06,3,1,316,0.0,0.0
e06,3,1,317,0.0,0.0
e06,3,1,318,0.0,0.0
e06,3,1,319,0.0,0.0
e06,3,1,320,0.0,0.0
e06,3,1,321,0.0,0.0
e06,3,1,322,0.0,0.0
e06,3,1,323,0.0,0.0
e06,3,1,324,0.0,0.0
e06,3,1,325,0.0,0.0
e06,3,1,326,0.0,0.0
e06,3,1,327,0.0,0.0
e06,3,1,328,0.0,0.0
e06,3,1,329,0.0,0.0
e06,3,1,330,0.0,0.0
e06,3,1,331,0.0,0.0
e06,3,1,332,0.0,0.0
e06,3,1,333,0.0,0.0
e06,3,1,334,0.0,0.0
e06,3,1,335,0.0,0.0
e06,3,1,336,0.0,0.0
e06,3,1,337,0.0,0.0
e06,3,1,338,0.0,0.0
e06,3,1,339,0.0,0.0
e06,3,1,340,0.0,0.0
e06,3,1,341,0.0,0.0
e06,3,1,342,0.0,0.0
e06,3,1,343,0.0,0.0
e06,3,1,344,0.0,0.0
e06,3,1,345,0.0,0.0
e06,3,1,346,0.0,0.0
e06,3,1,347,0.0,0.0
e06,3,1,348,0.0,0.0
e06,3,1,349,0.0,0.0
e06,3,1,350,0.0,0.0
e06,3,1,351,0.0,0.0
e06,3,1,352,0.0,0.0
e06,3,1,353,0.0,0.0
e06,3,1,354,0.0,0.0
e06,3,1,355,0.0,0.0
e06,3,1,356,0.0,0.0
e06,3,1,357,0.0,0.0
e06,3,1,358,0.0,0.0
e06,3,1,359,0.0,0.0
e06,3,1,360,0.0,0.0
e06,3,1,361,0.0,0.0
e06,3,1,362,0.0,0.0
e06,3,1,363,0.0,0.0
e06,3,1,364,0.0,0.0
e06,3,1,365,0.0,0.0
e06,3,1,366,0.0,0.0
e06,3,1,367,0.0,0.0
e06,3,1,368,0.0,0.0
e06,3,1,369,0.0,0.0
e06,3,1,370,0.0,0.0
e06,3,1,371,0.0,0.0
e06,3,1,372,0.0,0.0
e06,3,1,373,0.0,0.0
e06,3,1,374,0.0,0.0
e06,3,1,375,0.0,0.0
e06,3,1,376,0.0,0.0
e06,3,1,377,0.0,0.0
e06,3,1,378,0.0,0.0
e06,3,1,379,0.0,0.0
e06,3,1,380,0.0,0.0
e06,3,1,381,0.0,0.0
e06,3,1,382,0.0,0.0
e06,3,1,383,0.0,0.0
e06,3,1,384,0.0,0.0
e06,3,1,385,0.0,0.0
e06,3,1,386,0.0,0.0
e06,3,1,387,0.0,0.0
e06,3,1,388,0.0,0.0
e06,3,1,389,0.0,0.0
e06,3,1,390,0.0,0.0
e06,3,1,391,0.0,0.0
e06,3,1,392,0.0,0.0
e06,3,1,393,0.0,0.0
e06,3,1,394,0.0,0.0
e06,3,1,395,0.0,0.0
e06,3,1,396,0.0,0.0
e06,3,1,397,0.0,0.0
e06,3,1,398,0.0,0.0
e06,3,1,399,0.0,0.0
e06,3,1,400,0.0,0.0
e06,3,1,401,0.0,0.0
e06,3,1,402,0.0,0.0
e06,3,1,403,0.0,0.0
e06,3,1,404,0.0,0.0
e06,3,1,405,0.0,0.0
e06,3,1,406,0.0,0.0
e06,3,1,407,0.0,0.0
e06,3,1,408,0.0,0.0
e06,3,1,409,0.0,0.0
e06,3,1,410,0.0,0.0
e06,3,1,411,0.0,0.0
e06,3,1,412,0.0,0.0
e06,3,1,413,0.0,0.0
e06,3,1,414,0.0,0.0
e06,3,1,415,0.0,0.0
e06,3,1,416,0.0,0.0
e06,3,1,417,0.0,0.0
e06,3,1,418,0.0,0.0
e06,3,1,419,0.0,0.0
e06,3,1,420,0.0,0.0
e06,3,1,421,0.0,0.0
e06,3,1,422,0.0,0.0
e06,3,1,423,0.0,0.0
e06,3,1,424,0.0,0.0
e06,3,1,425,0.0,0.0
e06,3,1,426,0.0,0.0
e06,3,1,427,0.0,0.0
e06,3,1,428,0.0,0.0
e06,3,1,429,0.0,0.0
e06,3,1,430,0.0,0.0
e06,3,1,431,0.0,0.0
e06,3,1,432,0.0,0.0
e06,3,1,433,0.0,0.0
e06,3,1,434,0.0,0.0
e06,3,1,435,0.0,0.0
e06,3,1,436,0.0,0.0
e06,3,1,437,0.0,0.0
e06,3,1,438,0.0,0.0
e06,3,1,439,0.0,0.0
e06,3,1,440,0.0,0.0
e06,10,0,0,0.0,0.0
e06,10,0,1,0.0,0.0
e06,10,0,2,0.0,0.0
e06,10,0,3,0.0,0.0
e06,10,0,4,0.0,0.0
e06,10,0,5,0.0,0.0
e06,10,0,6,0.0,0.0
e06,10,0,7,0.0,0.0
e06,10,0,8,0.0,0.0
e06,10,0,9,0.0,0.0
e06,10,0,10,0.0,0.0
e06,10,0,11,0.0,0.0
e06,10,0,12,0.0,0.0
e06,10,0,13,0.0,0.0
e06,10,0,14,0.0,0.0
e06,10,0,15,0.0,0.0
e06,10,0,16,0.0,0.0
e06,10,0,17,0.0,0.0
e06,10,0,18,0.0,0.0
e06,10,0,19,0.0,0.0
e06,10,0,20,0.0,0.0
e06,10,0,21,0.0,0.0
e06,10,0,22,0.0,0.0
e06,10,0,23,0.0,0.0
e06,10,0,24,0.0,0.0
e06,10,0,25,0.0,0.0
e06,10,0,26,0.0,0.0
e06,10,0,27,0.0,0.5
e06,10,0,28,0.0,1.0
e06,10,0,29,0.0,1.0
e06,10,0,30,0.0,1.0
e06,10,0,31,0.0,1.0
e06,10,0,32,0.0,1.0
e06,10,0,33,0.0,1.0
e06,10,0,34,0.0,1.0
e06,10,0,35,0.0,1.0
e06,10,0,36,0.0,1.0
e06,10,0,37,0.0,1.0
e06,10,0,38,0.0,1.0
e06,10,0,39,0.0,1.0
e06,10,0,40,0.0,1.0
e06,10,0,41,0.0,1.0
e06,10,0,42,0.0,1.0
e06,10,0,43,0.0,1.0
e06,10,0,44,0.0,1.0
e06,10,0,45,0.0,1.0
e06,10,0,46,0.0,1.0
e06,10,0,47,0.0,1.0
e06,10,0,48,0.0,1.0
e06,10,0,49,0.0,1.0
e06,10,0,50,0.0,1.0
e06,10,0,51,0.0,1.0
e06,10,0,52,0.0,1.0
e06,10,0,53,0.0,1.0
e06,10,0,54,0.0,1.0
e06,10,0,55,0.0,1.0
e06,10,0,56,0.0,1.0
e06,10,0,57,0.0,1.0
e06,10,0,58,0.0,1.0
e06,10,0,59,0.0,1.0
e06,10,0,60,0.0,1.0
e06,10,0,61,0.0,1.0
e06,10,0,62,0.0,1.0
e06,10,0,63,0.0,1.0
e06,10,0,64,0.0,1.0
e06,10,0,65,0.0,1.0
e06,10,0,66,0.0,1.0
e06,10,0,67,0.0,1.0
e06,10,0,68,0.0,1.0
e06,10,0,69,0.0,1.0
e06,10,0,70,0.0,1.0
e06,10,0,71,0.0,1.0
e06,10,0,72,0.0,1.0
e06,10,0,73,0.0,1.0
e06,10,0,74,0.0,1.0
e06,10,0,75,0.0,1.0
e06,10,0,76,0.0,1.0
e06,10,0,77,0.0,1.0
e06,10,0,78,0.0,1.0
e06,10,0,79,0.0,1.0
e06,10,0,80,0.0,1.0
e06,10,0,81,0.0,1.0
e06,10,0,82,0.0,1.0
e06,10,0,83,0.0,1.0
e06,10,0,84,0.0,1.0
e06,10,0,85,0.0,1.0
e06,10,0,86,0.0,1.0
e06,10,0,87,0.0,1.0
e06,10,0,88,0.0,1.0
e06,10,0,89,0.0,1.0
e06,10,0,90,0.0,1.0
e06,10,0,91,0.0,1.0
e06,10,0,92,0.0,1.0
e06,10,0,93,0.0,1.0
e06,10,0,94,0.0,1.0
e06,10,0,95,0.0,1.0
e06,10,0,96,0.0,1.0
e06,10,0,97,0.0,1.0
e06,10,0,98,0.0,1.0
e06,10,0,99,0.0,1.0
e06,10,0,100,0.0,1.0
e06,10,0,101,0.0,1.0
e06,10,0,102,0.0,1.0
e06,10,0,103,0.0,1.0
e06,10,0,104,0.0,1.0
e06,10,0,105,0.0,1.0
e06,10,0,106,0.0,1.0
e06,10,0,107,0.0,1.0
e06,10,0,108,0.0,1.0
e06,10,0,109,0.0,1.0
e06,10,0,110,0.0,1.0
e06,10,0,111,0.0,1.0
e06,10,0,112,0.0,1.0
e06,10,0,113,0.0,1.0
e06,10,0,114,0.0,1.0
e06,10,0,115,0.0,1.0
e06,10,0,116,0.0,1.0
e06,10,0,117,0.0,1.0
e06,10,0,118,0.0,1.0
e06,10,0,119,0.0,1.0
e06,10,0,120,0.0,1.0
e06,10,0,121,0.0,1.0
e06,10,0,122,0.0,1.0
e06,10,0,123,0.0,1.0
e06,10,0,124,0.0,1.0
e06,10,0,125,0.0,1.0
e06,10,0,126,0.0,1.0
e06,10,0,127,0.0,1.0
e06,10,0,128,0.0,1.0
e06,10,0,129,0.0,1.0
e06,10,0,130,0.0,1.0
e06,10,0,131,0.0,1.0
e06,10,0,132,0.0,1.0
e06,10,0,133,0.0,1.0
e06,10,0,134,0.0,1.0
e06,10,0,135,0.0,1.0
e06,10,0,136,0.0,1.0
e06,10,0,137,0.0,1.0
e06,10,0,138,0.0,1.0
e06,10,0,139,0.0,1.0
e06,10,0,140,0.0,1.0
e06,10,0,141,0.0,1.0
e06,10,0,142,0.0,1.0
e06,10,0,143,0.0,1.0
e06,10,0,144,0.0,1.0
e06,10,0,145,0.0,1.0
e06,10,0,146,0.0,1.0
e06,10,0,147,0.0,1.0
e06,10,0,148,0.0,1.0
e06,10,0,149,0.0,1.0
e06,10,0,150,0.0,1.0
e06,10,0,151,0.0,1.0
e06,10,0,152,0.0,1.0
e06,10,0,153,0.0,1.0
e06,10,0,154,0.0,1.0
e06,10,0,155,0.0,1.0
e06,10,0,156,0.0,1.0
e06,10,0,157,0.0,1.0
e06,10,0,158,0.0,1.0
e06,10,0,159,0.0,1.0
e06,10,0,160,0.0,1.0
e06,10,0,161,0.0,1.0
e06,10,0,162,0.0,1.0
e06,10,0,163,0.0,1.0
e06,10,0,164,0.0,1.0
e06,10,0,165,0.0,1.0
e06,10,0,166,0.0,1.0
e06,10,0,167,0.0,1.0
e06,10,0,168,0.0,1.0
e06,10,0,169,0.0,1.0
e06,10,0,170,0.0,1.0
e06,10,0,171,0.0,1.0
e06,10,0,172,0.0,1.0
e06,10,0,173,0.0,1.0
e06,10,0,174,0.0,1.0
e06,10,0,175,0.0,1.0
e06,10,0,176,0.0,1.0
e06,10,0,177,0.0,1.0
e06,10,0,178,0.0,1.0
e06,10,0,179,0.0,1.0
e06,10,0,180,0.0,1.0
e06,10,0,181,0.0,1.0
e06,10,0,182,0.0,1.0
e06,10,0,183,0.0,1.0
e06,10,0,184,0.0,1.0
e06,10,0,185,0.0,1.0
e06,10,0,186,0.0,1.0
e06,10,0,187,0.0,1.0
e06,10,0,188,0.0,1.0
e06,10,0,189,0.0,1.0
e06,10,0,190,0.0,1.0
e06,10,0,191,0.0,1.0
e06,10,0,192,0.0,1.0
e06,10,0,193,0.0,1.0
e06,10,0,194,0.0,1.0
e06,10,0,195,0.0,1.0
e06,10,0,196,0.0,1.0
e06,10,0,197,0.0,1.0
e06,10,0,198,0.0,1.0
e06,10,0,199,0.0,1.0
e06,10,0,200,0.0,1.0
e06,10,0,201,0.0,1.0
e06,10,0,202,0.0,1.0
e06,10,0,203,0.0,1.0
e06,10,0,204,0.0,1.0
e06,10,0,205,0.0,1.0
e06,10,0,206,0.0,1.0
e06,10,0,207,0.0,1.0
e06,10,0,208,0.0,1.0
e06,10,0,209,0.0,1.0
e06,10,0,210,0.0,1.0
e06,10,0,211,0.0,1.0
e06,10,0,212,0.0,1.0
e06,10,0,213,0.0,1.0
e06,10,0,214,0.0,1.0
e06,10,0,215,0.0,1.0
e06,10,0,216,0.0,1.0
e06,10,0,217,0.0,1.0
e06,10,0,218,0.0,1.0
e06,10,0,219,0.0,1.0
e06,10,0,220,0.0,1.0
e06,10,0,221,0.0,1.0
e06,10,0,222,0.0,1.0
e06,10,0,223,0.0,1.0
e06,10,0,224,0.0,1.0
e06,10,0,225,0.0,1.0
e06,10,0,226,0.0,1.0
e06,10,0,227,0.0,1.0
e06,10,0,228,0.0,1.0
e06,10,0,229,0.0,1.0
e06,10,0,230,0.0,1.0
e06,10,0,231,0.0,1.0
e06,10,0,232,0.0,1.0
e06,10,0,233,0.0,1.0
e06,10,0,234,0.0,1.0
e06,10,0,235,0.0,1.0
e06,10,0,236,0.0,1.0
e06,10,0,237,0.0,1.0
e06,10,0,238,0.0,1.0
e06,10,0,239,0.0,1.0
e06,10,0,240,0.0,1.0
e06,10,0,241,0.0,1.0
e06,10,0,242,0.0,1.0
e06,10,0,243,0.0,1.0
e06,10,0,244,0.0,1.0
e06,10,0,245,0.0,1.0
e06,10,0,246,0.0,1.0
e06,10,0,247,0.0,1.0
e06,10,0,248,0.0,1.0
e06,10,0,249,0.0,1.0
e06,10,0,250,0.0,1.0
e06,10,0,251,0.0,1.0
e06,10,0,252,0.0,1.0
e06,10,0,253,0.0,1.0
e06,10,0,254,0.0,1.0
e06,10,0,255,0.0,1.0
e06,10,0,256,0.0,1.0
e06,10,0,257,0.0,1.0
e06,10,0,258,0.0,1.0
e06,10,0,259,0.0,1.0
e06,10,0,260,0.0,1.0
e06,10,0,261,0.0,1.0
e06,10,0,262,0.0,1.0
e06,10,0,263,0.0,1.0
e06,10,0,264,0.0,1.0
e06,10,0,265,0.0,1.0
e06,10,0,266,0.0,1.0
e06,10,0,267,0.0,1.0
e06,10,0,268,0.0,1.0
e06,10,0,269,0.0,1.0
e06,10,0,270,0.0,1.0
e06,10,0,271,0.0,1.0
e06,10,0,272,0.0,1.0
e06,10,0,273,0.0,1.0
e06,10,0,274,0.0,1.0
e06,10,0,275,0.0,1.0
e06,10,0,276,0.0,1.0
e06,10,0,277,0.0,1.0
e06,10,0,278,0.0,1.0
e06,10,0,279,0.0,1.0
e06,10,0,280,0.0,1.0
e06,10,0,281,0.0,1.0
e06,10,0,282,0.0,1.0
e06,10,0,283,0.0,1.0
e06,10,0,284,0.0,1.0
e06,10,0,285,0.0,1.0
e06,10,0,286,0.0,1.0
e06,10,0,287,0.0,1.0
e06,10,0,288,0.0,1.0
e06,10,0,289,0.0,1.0
e06,10,0,290,0.0,1.0
e06,10,0,291,0.0,1.0
e06,10,0,292,0.0,1.0
e06,10,0,293,0.0,1.0
e06,10,0,294,0.0,1.0
e06,10,0,295,0.0,1.0
e06,10,0,296,0.0,1.0
e06,10,0,297,0.0,1.0
e06,10,0,298,0.0,1.0
e06,10,0,299,0.0,1.0
e06,10,0,300,0.0,1.0
e06,10,0,301,0.0,1.0
e06,10,0,302,0.0,1.0
e06,10,0,303,0.0,1.0
e06,10,0,304,0.0,1.0
e06,10,0,305,0.0,1.0
e06,10,0,306,0.0,1.0
e06,10,0,307,0.0,1.0
e06,10,0,308,0.0,1.0
e06,10,0,309,0.0,1.0
e06,10,0,310,0.0,1.0
e06,10,0,311,0.0,1.0
e06,10,0,312,0.0,1.0
e06,10,0,313,0.0,1.0
e06,10,0,314,0.0,1.0
e06,10,0,315,0.0,1.0
e06,10,0,316,0.0,1.0
e06,10,0,317,0.0,1.0
e06,10,0,318,0.0,1.0
e06,10,0,319,0.0,1.0
e06,10,0,320,0.0,1.0
e06,10,0,321,0.0,1.0
e06,10,0,322,0.0,1.0
e06,10,0,323,0.0,1.0
e06,10,0,324,0.0,1.0
e06,10,0,325,0.0,1.0
e06,10,0,326,0.0,1.0
e06,10,0,327,0.0,1.0
e06,10,0,328,0.0,1.0
e06,10,0,329,0.0,1.0
e06,10,0,330,0.0,1.0
e06,10,0,331,0.0,1.0
e06,10,0,332,0.0,1.0
e06,10,0,333,0.0,1.0
e06,10,0,334,0.0,1.0
e06,10,0,335,0.0,1.0
e06,10,0,336,0.0,1.0
e06,10,0,337,0.0,1.0
e06,10,0,338,0.0,1.0
e06,10,0,339,0.0,1.0
e06,10,0,340,0.0,1.0
e06,10,0,341,0.0,1.0
e06,10,0,342,0.0,1.0
e06,10,0,343,0.0,1.0
e06,10,0,344,0.0,1.0
e06,10,0,345,0.0,1.0
e06,10,0,346,0.0,1.0
e06,10,0,347,0.0,1.0
e06,10,0,348,0.0,1.0
e06,10,0,349,0.0,1.0
e06,10,0,350,0.0,1.0
e06,10,0,351,0.0,1.0
e06,10,0,352,0.0,1.0
e06,10,0,353,0.0,1.0
e06,10,0,354,0.0,1.0
e06,10,0,355,0.0,1.0
e06,10,0,356,0.0,1.0
e06,10,0,357,0.0,1.0
e06,10,0,358,0.0,1.0
e06,10,0,359,0.0,1.0
e06,10,0,360,0.0,1.0
e06,10,0,361,0.0,1.0
e06,10,0,362,0.0,1.0
e06,10,0,363,0.0,1.0
e06,10,0,364,0.0,1.0
e06,10,0,365,0.0,1.0
e06,10,0,366,0.0,1.0
e06,10,0,367,0.0,1.0
e06,10,0,368,0.0,1.0
e06,10,0,369,0.0,1.0
e06,10,0,370,0.0,1.0
e06,10,0,371,0.0,1.0
e06,10,0,372,0.0,1.0
e06,10,0,373,0.0,1.0
e06,10,0,374,0.0,1.0
e06,10,0,375,0.0,1.0
e06,10,0,376,0.0,1.0
e06,10,0,377,0.0,1.0
e06,10,0,378,0.0,1.0
e06,10,0,379,0.0,1.0
e06,10,0,380,0.0,1.0
e06,10,0,381,0.0,1.0
e06,10,0,382,0.0,1.0
e06,10,0,383,0.0,1.0
e06,10,0,384,0.0,1.0
e06,10,0,385,0.0,1.0
e06,10,0,386,0.0,1.0
e06,10,0,387,0.0,1.0
e06,10,0,388,0.0,1.0
e06,10,0,389,0.0,1.0
e06,10,0,390,0.0,1.0
e06,10,0,391,0.0,1.0
e06,10,0,392,0.0,1.0
e06,10,0,393,0.0,1.0
e06,10,0,394,0.0,1.0
e06,10,0,395,0.0,1.0
e06,10,0,396,0.0,1.0
e06,10,0,397,0.0,1.0
e06,10,0,398,0.0,1.0
e06,10,0,399,0.0,1.0
e06,10,0,400,0.0,1.0
e06,10,0,401,0.0,1.0
e06,10,0,402,0.0,1.0
e06,10,0,403,0.0,1.0
e06,10,0,404,0.0,1.0
e06,10,0,405,0.0,1.0
e06,10,0,406,0.0,1.0
e06,10,0,407,0.0,1.0
e06,10,0,408,0.0,1.0
e06,10,0,409,0.0,1.0
e06,10,0,410,0.0,1.0
e06,10,0,411,0.0,1.0
e06,10,0,412,0.0,1.0
e06,10,0,413,0.0,1.0
e06,10,0,414,0.0,1.0
e06,10,0,415,0.0,1.0
e06,10,0,416,0.0,1.0
e06,10,0,417,0.0,1.0
e06,10,0,418,0.0,1.0
e06,10,0,419,0.0,1.0
e06,10,0,420,0.0,1.0
e06,10,0,421,0.0,1.0
e06,10,0,422,0.0,1.0
e06,10,0,423,0.0,1.0
e06,10,0,424,0.0,1.0
e06,10,0,425,0.0,1.0
e06,10,0,426,0.0,1.0
e06,10,0,427,0.0,1.0
e06,10,0,428,0.0,1.0
e06,10,0,429,0.0,1.0
e06,10,0,430,0.0,1.0
e06,10,0,431,0.0,1.0
e06,10,0,432,0.0,1.0
e06,10,0,433,0.0,1.0
e06,10,0,434,0.0,1.0
e06,10,0,435,0.0,1.0
e06,10,0,436,0.0,1.0
e06,10,0,437,0.0,1.0
e06,10,0,438,0.0,1.0
e06,10,0,439,0.0,1.0
e06,10,0,440,0.0,1.0
e06,10,1,0,0.0,0.0
e06,10,1,1,0.0,0.0
e06,10,1,2,0.0,0.0
e06,10,1,3,0.0,0.0
e06,10,1,4,0.0,0.0
e06,10,1,5,0.0,0.0
e06,10,1,6,0.0,0.0
e06,10,1,7,0.0,0.0
e06,10,1,8,0.0,0.0
e06,10,1,9,0.0,0.0
e06,10,1,10,0.0,0.0
e06,10,1,11,0.0,0.0
e06,10,1,12,0.0,0.0
e06,10,1,13,0.0,0.0
e06,10,1,14,0.0,0.0
e06,10,1,15,0.0,0.0
e06,10,1,16,0.0,0.0
e06,10,1,17,0.0,0.0
e06,10,1,18,0.0,0.0
e06,10,1,19,0.0,0.0
e06,10,1,20,0.0,0.0
e06,10,1,21,0.0,0.0
e06,10,1,22,0.0,0.0
e06,10,1,23,0.0,0.0
e06,10,1,24,0.0,0.0
e06,10,1,25,0.0,0.0
e06,10,1,26,0.0,0.0
e06,10,1,27,0.0,0.0
e06,10,1,28,0.0,0.0
e06,10,1,29,0.0,0.0
e06,10,1,30,0.0,0.0
e06,10,1,31,0.0,0.0
e06,10,1,32,0.0,0.0
e06,10,1,33,0.0,0.0
e06,10,1,34,0.0,0.0
e06,10,1,35,0.0,0.0
e06,10,1,36,0.0,0.0
e06,10,1,37,0.0,0.0
e06,10,1,38,0.0,0.0
e06,10,1,39,0.0,0.0
e06,10,1,40,0.0,0.0
e06,10,1,41,0.0,0.0
e06,10,1,42,0.0,0.0
e06,10,1,43,0.0,0.0
e06,10,1,44,0.0,0.0
e06,10,1,45,0.0,0.0
e06,10,1,46,0.0,0.0
e06,10,1,47,0.0,0.0
e06,10,1,48,0.0,0.0
e06,10,1,49,0.0,0.0
e06,10,1,50,0.0,0.0
e06,10,1,51,0.0,0.0
e06,10,1,52,0.0,0.0
e06,10,1,53,0.0,0.0
e06,10,1,54,0.0,0.0
e06,10,1,55,0.0,0.0
e06,10,1,56,0.0,0.0
e06,10,1,57,0.0,0.0
e06,10,1,58,0.0,0.0
e06,10,1,59,0.0,0.0
e06,10,1,60,0.0,0.0
e06,10,1,61,0.0,0.0
e06,10,1,62,0.0,0.0
e06,10,1,63,0.0,0.0
e06,10,1,64,0.0,0.0
e06,10,1,65,0.0,0.0
e06,10,1,66,0.0,0.0
e06,10,1,67,0.0,0.0
e06,10,1,68,0.0,0.0
e06,10,1,69,0.0,0.0
e06,10,1,70,0.0,0.0
e06,10,1,71,0.0,0.0
e06,10,1,72,0.0,0.0
e06,10,1,73,0.0,0.0
e06,10,1,74,0.0,0.0
e06,10,1,75,0.0,0.0
e06,10,1,76,0.0,0.0
e06,10,1,77,0.0,0.0
e06,10,1,78,0.0,0.0
e06,10,1,79,0.0,0.0
e06,10,1,80,0.0,0.0
e06,10,1,81,0.0,0.0
e06,10,1,82,0.0,0.0
e06,10,1,83,0.0,0.0
e06,10,1,84,0.0,0.0
e06,10,1,85,0.0,0.0
e06,10,1,86,0.0,0.0
e06,10,1,87,0.0,0.0
e06,10,1,88,0.0,0.0
e06,10,1,89,0.0,0.0
e06,10,1,90,0.0,0.0
e06,10,1,91,0.0,0.0
e06,10,1,92,0.0,0.0
e06,10,1,93,0.0,0.0
e06,10,1,94,0.0,0.0
e06,10,1,95,0.0,0.0
e06,10,1,96,0.0,0.0
e06,10,1,97,0.0,0.0
e06,10,1,98,0.0,0.0
e06,10,1,99,0.0,0.0
e06,10,1,100,0.0,0.0
e06,10,1,101,0.0,0.0
e06,10,1,102,0.0,0.0
e06,10,1,103,0.0,0.0
e06,10,1,104,0.0,0.0
e06,10,1,105,0.0,0.0
e06,10,1,106,0.0,0.0
e06,10,1,107,0.0,0.0
e06,10,1,108,0.0,0.0
e06,10,1,109,0.0,0.0
e06,10,1,110,0.0,0.0
e06,10,1,111,0.0,0.0
e06,10,1,112,0.0,0.0
e06,10,1,113,0.0,0.0
e06,10,1,114,0.0,0.0
e06,10,1,115,0.0,0.0
e06,10,1,116,0.0,0.0
e06,10,1,117,0.0,0.0
e06,10,1,118,0.0,0.0
e06,10,1,119,0.0,0.0
e06,10,1,120,0.0,0.0
e06,10,1,121,0.0,0.0
e06,10,1,122,0.0,0.0
e06,10,1,123,0.0,0.0
e06,10,1,124,0.0,0.0
e06,10,1,125,0.0,0.0
e06,10,1,126,0.0,0.0
e06,10,1,127,0.0,0.0
e06,10,1,128,0.0,0.0
e06,10,1,129,0.0,0.0
e06,10,1,130,0.0,0.0
e06,10,1,131,0.0,0.0
e06,10,1,132,0.0,0.0
e06,10,1,133,0.0,0.0
e06,10,1,134,0.0,0.0
e06,10,1,135,0.0,0.0
e06,10,1,136,0.0,0.0
e06,10,1,137,0.0,0.0
e06,10,1,138,0.0,0.0
e06,10,1,139,0.0,0.0
e06,10,1,140,0.0,0.0
e06,10,1,141,0.0,0.0
e06,10,1,142,0.0,0.0
e06,10,1,143,0.0,0.0
e06,10,1,144,0.0,0.0
e06,10,1,145,0.0,0.0
e06,10,1,146,0.0,0.0
e06,10,1,147,0.0,0.0
e06,10,1,148,0.0,0.0
e06,10,1,149,0.0,0.0
e06,10,1,150,0.0,0.0
e06,10,1,151,0.0,0.0
e06,10,1,152,0.0,0.0
e06,10,1,153,0.0,0.0
e06,10,1,154,0.0,0.0
e06,10,1,155,0.0,0.0
e06,10,1,156,0.0,0.0
e06,10,1,157,0.0,0.0
e06,10,1,158,0.0,0.0
e06,10,1,159,0.0,0.0
e06,10,1,160,0.0,0.0
e06,10,1,161,0.0,0.0
e06,10,1,162,0.0,0.0
e06,10,1,163,0.0,0.0
e06,10,1,164,0.0,0.0
e06,10,1,165,0.0,0.0
e06,10,1,166,0.0,0.0
e06,10,1,167,0.0,0.0
e06,10,1,168,0.0,0.0
e06,10,1,169,0.0,0.0
e06,10,1,170,0.0,0.0
e06,10,1,171,0.0,0.0
e06,10,1,172,0.0,0.0
e06,10,1,173,0.0,0.0
e06,10,1,174,0.0,0.0
e06,10,1,175,0.0,0.0
e06,10,1,176,0.0,0.0
e06,10,1,177,0.0,0.0
e06,10,1,178,0.0,0.0
e06,10,1,179,0.0,0.0
e06,10,1,180,0.0,0.0
e06,10,1,181,0.0,0.0
e06,10,1,182,0.0,0.0
e06,10,1,183,0.0,0.0
e06,10,1,184,0.0,0.0
e06,10,1,185,0.0,0.0
e06,10,1,186,0.0,0.0
e06,10,1,187,0.0,0.0
e06,10,1,188,0.0,0.0
e06,10,1,189,0.0,0.0
e06,10,1,190,0.0,0.0
e06,10,1,191,0.0,0.0
e06,10,1,192,0.0,0.0
e06,10,1,193,0.0,0.0
e06,10,1,194,0.0,0.0
e06,10,1,195,0.0,0.0
e06,10,1,196,0.0,0.0
e06,10,1,197,0.0,0.0
e06,10,1,198,0.0,0.0
e06,10,1,199,0.0,0.0
e06,10,1,200,0.0,0.0
e06,10,1,201,0.0,0.0
e06,10,1,202,0.0,0.0
e06,10,1,203,0.0,0.0
e06,10,1,204,0.0,0.0
e06,10,1,205,0.0,0.0
e06,10,1,206,0.0,0.0
e06,10,1,207,0.0,0.0
e06,10,1,208,0.0,0.0
e06,10,1,209,0.0,0.0
e06,10,1,210,0.0,0.0
e06,10,1,211,0.0,0.0
e06,10,1,212,0.0,0.0
e06,10,1,213,0.0,0.0
e06,10,1,214,0.0,0.0
e06,10,1,215,0.0,0.0
e06,10,1,216,0.0,0.0
e06,10,1,217,0.0,0.0
e06,10,1,218,0.0,0.0
e06,10,1,219,0.0,0.0
e06,10,1,220,0.0,0.0
e06,10,1,221,0.0,0.0
e06,10,1,222,0.0,0.0
e06,10,1,223,0.0,0.0
e06,10,1,224,0.0,0.0
e06,10,1,225,0.0,0.0
e06,10,1,226,0.0,0.0
e06,10,1,227,0.0,0.0
e06,10,1,228,0.0,0.0
e06,10,1,229,0.0,0.0
e06,10,1,230,0.0,0.0
e06,10,1,231,0.0,0.0
e06,10,1,232,0.0,0.0
e06,10,1,233,0.0,0.0
e06,10,1,234,0.0,0.0
e06,10,1,235,0.0,0.0
e06,10,1,236,0.0,0.0
e06,10,1,237,0.0,0.0
e06,10,1,238,0.0,0.0
e06,10,1,239,0.0,0.0
e06,10,1,240,0.0,0.0
e06,10,1,241,0.0,0.0
e06,10,1,242,0.0,0.0
e06,10,1,243,0.0,0.0
e06,10,1,244,0.0,0.0
e06,10,1,245,0.0,0.0
e06,10,1,246,0.0,0.0
e06,10,1,247,0.0,0.0
e06,10,1,248,0.0,0.0
e06,10,1,249,0.0,0.0
e06,10,1,250,0.0,0.0
e06,10,1,251,0.0,0.0
e06,10,1,252,0.0,0.0
e06,10,1,253,0.0,0.0
e06,10,1,254,0.0,0.0
e06,10,1,255,0.0,0.0
e06,10,1,256,0.0,0.0
e06,10,1,257,0.0,0.0
e06,10,1,258,0.0,0.0
e06,10,1,259,0.0,0.0
e06,10,1,260,0.0,0.0
e06,10,1,261,0.0,0.0
e06,10,1,262,0.0,0.0
e06,10,1,263,0.0,0.0
e06,10,1,264,0.0,0.0
e06,10,1,265,0.0,0.0
e06,10,1,266,0.0,0.0
e06,10,1,267,0.0,0.0
e06,10,1,268,0.0,0.0
e06,10,1,269,0.0,0.0
e06,10,1,270,0.0,0.0
e06,10,1,271,0.0,0.0
e06,10,1,272,0.0,0.0
e06,10,1,273,0.0,0.0
e06,10,1,274,0.0,0.0
e06,10,1,275,0.0,0.0
e06,10,1,276,0.0,0.0
e06,10,1,277,0.0,0.0
e06,10,1,278,0.0,0.0
e06,10,1,279,0.0,0.0
e06,10,1,280,0.0,0.0
e06,10,1,281,0.0,0.0
e06,10,1,282,0.0,0.0
e06,10,1,283,0.0,0.0
e06,10,1,284,0.0,0.0
e06,10,1,285,0.0,0.0
e06,10,1,286,0.0,0.0
e06,10,1,287,0.0,0.0
e06,10,1,288,0.0,0.0
e06,10,1,289,0.0,0.0
e06,10,1,290,0.0,0.0
e06,10,1,291,0.0,0.0
e06,10,1,292,0.0,0.0
e06,10,1,293,0.0,0.0
e06,10,1,294,0.0,0.0
e06,10,1,295,0.0,0.0
e06,10,1,296,0.0,0.0
e06,10,1,297,0.0,0.0
e06,10,1,298,0.0,0.0
e06,10,1,299,0.0,0.0
e06,10,1,300,0.0,0.0
e06,10,1,301,0.0,0.0
e06,10,1,302,0.0,0.0
e06,10,1,303,0.0,0.0
e06,10,1,304,0.0,0.0
e06,10,1,305,0.0,0.0
e06,10,1,306,0.0,0.0
e06,10,1,307,0.0,0.0
e06,10,1,308,0.0,0.0
e06,10,1,309,0.0,0.0
e06,10,1,310,0.0,0.0
e06,10,1,311,0.0,0.0
e06,10,1,312,0.0,0.0
e06,10,1,313,0.0,0.0
e06,10,1,314,0.0,0.0
e06,10,1,315,0.0,0.0
e06,10,1,316,0.0,0.0
e06,10,1,317,0.0,0.0
e06,10,1,318,0.0,0.0
e06,10,1,319,0.0,0.0
e06,10,1,320,0.0,0.0
e06,10,1,321,0.0,0.0
e06,10,1,322,0.0,0.0
e06,10,1,323,0.0,0.0
e06,10,1,324,0.0,0.0
e06,10,1,325,0.0,0.0
e06,10,1,326,0.0,0.0
e06,10,1,327,0.0,0.0
e06,10,1,328,0.0,0.0
e06,10,1,329,0.0,0.0
e06,10,1,330,0.0,0.0
e06,10,1,331,0.0,0.0
e06,10,1,332,0.0,0.0
e06,10,1,333,0.0,0.0
e06,10,1,334,0.0,0.0
e06,10,1,335,0.0,0.0
e06,10,1,336,0.0,0.0
e06,10,1,337,0.0,0.0
e06,10,1,338,0.0,0.0
e06,10,1,339,0.0,0.0
e06,10,1,340,0.0,0.0
e06,10,1,341,0.0,0.0
e06,10,1,342,0.0,0.0
e06,10,1,343,0.0,0.0
e06,10,1,344,0.0,0.0
e06,10,1,345,0.0,0.0
e06,10,1,346,0.0,0.0
e06,10,1,347,0.0,0.0
e06,10,1,348,0.0,0.0
e06,10,1,349,0.0,0.0
e06,10,1,350,0.0,0.0
e06,10,1,351,0.0,0.0
e06,10,1,352,0.0,0.0
e06,10,1,353,0.0,0.0
e06,10,1,354,0.0,0.0
e06,10,1,355,0.0,0.0
e06,10,1,356,0.0,0.0
e06,10,1,357,0.0,0.0
e06,10,1,358,0.0,0.0
e06,10,1,359,0.0,0.0
e06,10,1,360,0.0,0.0
e06,10,1,361,0.0,0.0
e06,10,1,362,0.0,0.0
e06,10,1,363,0.0,0.0
e06,10,1,364,0.0,0.0
e06,10,1,365,0.0,0.0
e06,10,1,366,0.0,0.0
e06,10,1,367,0.0,0.0
e06,10,1,368,0.0,0.0
e06,10,1,369,0.0,0.0
e06,10,1,370,0.0,0.0
e06,10,1,371,0.0,0.0
e06,10,1,372,0.0,0.0
e06,10,1,373,0.0,0.0
e06,10,1,374,0.0,0.0
e06,10,1,375,0.0,0.0
e06,10,1,376,0.0,0.0
e06,10,1,377,0.0,0.0
e06,10,1,378,0.0,0.0
e06,10,1,379,0.0,0.0
e06,10,1,380,0.0,0.0
e06,10,1,381,0.0,0.0
e06,10,1,382,0.0,0.0
e06,10,1,383,0.0,0.0
e06,10,1,384,0.0,0.0
e06,10,1,385,0.0,0.0
e06,10,1,386,0.0,0.0
e06,10,1,387,0.0,0.0
e06,10,1,388,0.0,0.0
e06,10,1,389,0.0,0.0
e06,10,1,390,0.0,0.0
e06,10,1,391,0.0,0.0
e06,10,1,392,0.0,0.0
e06,10,1,393,0.0,0.0
e06,10,1,394,0.0,0.0
e06,10,1,395,0.0,0.0
e06,10,1,396,0.0,0.0
e06,10,1,397,0.0,0.0
e06,10,1,398,0.0,0.0
e06,10,1,399,0.0,0.0
e06,10,1,400,0.0,0.0
e06,10,1,401,0.0,0.0
e06,10,1,402,0.0,0.0
e06,10,1,403,0.0,0.0
e06,10,1,404,0.0,0.0
e06,10,1,405,0.0,0.0
e06,10,1,406,0.0,0.0
e06,10,1,407,0.0,0.0
e06,10,1,408,0.0,0.0
e06,10,1,409,0.0,0.0
e06,10,1,410,0.0,0.0
e06,10,1,411,0.0,0.0
e06,10,1,412,0.0,0.0
e06,10,1,413,0.0,0.0
e06,10,1,414,0.0,0.0
e06,10,1,415,0.0,0.0
e06,10,1,416,0.0,0.0
e06,10,1,417,0.0,0.0
e06,10,1,418,0.0,0.0
e06,10,1,419,0.0,0.0
e06,10,1,420,0.0,0.0
e06,10,1,421,0.0,0.0
e06,10,1,422,0.0,0.0
e06,10,1,423,0.0,0.0
e06,10,1,424,0.0,0.0
e06,10,1,425,0.0,0.0
e06,10,1,426,0.0,0.0
e06,10,1,427,0.0,0.0
e06,10,1,428,0.0,0.0
e06,10,1,429,0.0,0.0
e06,10,1,430,0.0,0.0
e06,10,1,431,0.0,0.0
e06,10,1,432,0.0,0.0
e06,10,1,433,0.0,0.0
e06,10,1,434,0.0,0.0
e06,10,1,435,0.0,0.0
e06,10,1,436,0.0,0.0
e06,10,1,437,0.0,0.0
e06,10,1,438,0.0,0.0
e06,10,1,439,0.0,0.0
e06,10,1,440,0.0,0.0
