component,group_type,group_value,method,scalar_utility,task_success_rate,catastrophe_rate,intervention_rate,raw_decisions,strict_base_recall,raw_strict_base_states,strict_detour_recall,raw_strict_detour_states,strict_retreat_recall,raw_strict_retreat_states,detour_retreat_balanced_accuracy,strict_choice_macro_f1,balanced_accuracy,macro_f1,detour_recall,retreat_recall,raw_target_detour_pred_detour,raw_target_detour_pred_retreat,raw_target_retreat_pred_detour,raw_target_retreat_pred_retreat,weighted_confusion_matrix,base_recall,intervention_recall,auroc,auprc,raw_base_states,raw_intervention_states
composed_router,family,glass,Base,-0.875,0.022500000000000006,0.8975,0.0,101,1.0,2,0.0,28,0.0,23,0.0,0.04848484848484847,,,,,,,,,,,,,,,
composed_router,family,glass,Always Detour,-0.10750000000000001,0.24250000000000008,0.3500000000000001,1.0,101,0.0,2,1.0,28,0.0,23,0.5,0.21573828470380194,,,,,,,,,,,,,,,
composed_router,family,glass,Always Retreat,-0.20250000000000007,0.0,0.20250000000000007,1.0,101,0.0,2,0.0,28,1.0,23,0.5,0.20471014492753623,,,,,,,,,,,,,,,
composed_router,family,glass,Risk->Retreat,-0.6091666666666666,0.0,0.6091666666666666,0.5108333333333333,101,0.0,2,0.0,28,0.5370370370370368,23,0.2685185185185184,0.1671488267438123,,,,,,,,,,,,,,,
composed_router,family,glass,Risk->Detour,-0.4283333333333334,0.15500000000000005,0.5833333333333335,0.6391666666666665,101,0.0,2,0.6111111111111112,28,0.0,23,0.3055555555555556,0.17968094038623003,,,,,,,,,,,,,,,
composed_router,family,glass,Risk->BestFixed,-0.41833333333333345,0.15500000000000005,0.5733333333333335,0.6391666666666665,101,0.0,2,0.6111111111111112,28,0.055555555555555546,23,0.33333333333333337,0.21099837407788022,,,,,,,,,,,,,,,
composed_router,family,glass,Risk+TwoStage,-0.46333333333333343,0.09250000000000001,0.5558333333333334,0.6041666666666666,101,0.0,2,0.32407407407407407,28,0.3703703703703703,23,0.3472222222222222,0.29849724401694144,,,,,,,,,,,,,,,
composed_router,family,glass,SB-Risk+TwoStage,-0.46333333333333343,0.09250000000000001,0.5558333333333334,0.6041666666666666,101,0.0,2,0.32407407407407407,28,0.3703703703703703,23,0.3472222222222222,0.29849724401694144,,,,,,,,,,,,,,,
composed_router,family,glass,DirectChoice,-0.3466666666666668,0.13000000000000003,0.4766666666666667,0.6083333333333334,101,0.5,2,0.38888888888888884,28,0.2962962962962962,23,0.34259259259259256,0.3808340249648705,,,,,,,,,,,,,,,
composed_router,family,glass,DirectQ,-0.4725,0.07250000000000002,0.5449999999999999,0.5425000000000002,101,0.5,2,0.23148148148148145,28,0.3703703703703703,23,0.3009259259259259,0.30104864076415644,,,,,,,,,,,,,,,
composed_router,family,glass,SB-DirectQ,-0.4499999999999999,0.07250000000000002,0.5224999999999999,0.5225000000000001,101,0.0,2,0.23148148148148145,28,0.5185185185185185,23,0.375,0.2889948118671111,,,,,,,,,,,,,,,
composed_router,family,glass,PairwiseAdvantage,-0.4725,0.07250000000000002,0.5449999999999999,0.5425000000000002,101,0.5,2,0.23148148148148145,28,0.3703703703703703,23,0.3009259259259259,0.30104864076415644,,,,,,,,,,,,,,,
composed_router,family,glass,OutcomeRouter,-0.33083333333333337,0.12500000000000006,0.45583333333333337,0.6841666666666666,101,0.0,2,0.45370370370370366,28,0.3703703703703703,23,0.412037037037037,0.2968122892556106,,,,,,,,,,,,,,,
composed_router,family,glass,SB-OutcomeRouter,-0.3333333333333334,0.11500000000000003,0.4483333333333333,0.6666666666666666,101,0.0,2,0.39814814814814814,28,0.48148148148148145,23,0.43981481481481477,0.3246842885251885,,,,,,,,,,,,,,,
composed_router,family,glass,SB-COR,-0.36916666666666675,0.09500000000000003,0.46416666666666667,0.6208333333333333,101,0.0,2,0.32407407407407407,28,0.48148148148148145,23,0.4027777777777778,0.2966680002057746,,,,,,,,,,,,,,,
composed_router,family,glass,OutcomeRouter-hidden-only,-0.2666666666666667,0.14,0.40666666666666673,0.7208333333333335,101,0.0,2,0.5,28,0.5185185185185185,23,0.5092592592592593,0.3731720124721471,,,,,,,,,,,,,,,
composed_router,family,glass,OutcomeRouter-state-action-only,-0.6541666666666669,0.0775,0.7316666666666668,0.41083333333333344,101,0.0,2,0.25925925925925924,28,0.0,23,0.12962962962962962,0.10279001468428779,,,,,,,,,,,,,,,
composed_router,family,glass,Condition-only diagnostic,-0.2550000000000001,0.1275,0.3825000000000001,1.0,101,0.0,2,0.4444444444444444,28,0.22222222222222218,23,0.3333333333333333,0.1752573190756538,,,,,,,,,,,,,,,
composed_router,family,glass,Horizon-only diagnostic,-0.5333333333333333,0.12000000000000004,0.6533333333333334,0.46416666666666667,101,0.0,2,0.4629629629629629,28,0.0,23,0.23148148148148145,0.15767091920183188,,,,,,,,,,,,,,,
composed_router,family,glass,ADR-linear-full,-0.4041666666666668,0.10750000000000001,0.5116666666666666,0.5933333333333335,101,0.5,2,0.361111111111111,28,0.25925925925925924,23,0.3101851851851851,0.3456126022861248,,,,,,,,,,,,,,,
composed_router,family,glass,ADR-linear-split,-0.3391666666666667,0.10250000000000001,0.4416666666666667,0.6658333333333334,101,0.5,2,0.4351851851851852,28,0.3703703703703703,23,0.40277777777777773,0.4077743475701183,,,,,,,,,,,,,,,
composed_router,family,glass,ADR-tiny-nonlinear-choice,-0.3641666666666668,0.11250000000000002,0.4766666666666667,0.5933333333333335,101,0.5,2,0.37037037037037035,28,0.44444444444444436,23,0.40740740740740733,0.4312466228203995,,,,,,,,,,,,,,,
composed_router,family,glass,Oracle upper bound diagnostic,0.16250000000000003,0.25500000000000006,0.09250000000000003,0.805,101,1.0,2,1.0,28,1.0,23,1.0,1.0,,,,,,,,,,,,,,,
oracle_hybrid,family,glass,ADR-linear-full/OracleGate+OracleChoice,0.16250000000000003,0.25500000000000006,0.09250000000000003,0.805,101,1.0,2,1.0,28,1.0,23,1.0,1.0,,,,,,,,,,,,,,,
oracle_hybrid,family,glass,ADR-linear-full/OracleGate+LearnedChoice,-0.07500000000000002,0.17500000000000004,0.25000000000000006,0.805,101,1.0,2,0.7037037037037037,28,0.4074074074074074,23,0.5555555555555556,0.6654736092886022,,,,,,,,,,,,,,,
oracle_hybrid,family,glass,ADR-linear-full/LearnedGate+OracleChoice,-0.23916666666666675,0.16000000000000003,0.3991666666666668,0.5933333333333335,101,0.5,2,0.48148148148148145,28,0.722222222222222,23,0.6018518518518517,0.5949121500734436,,,,,,,,,,,,,,,
oracle_hybrid,family,glass,ADR-linear-full/LearnedGate+LearnedChoice,-0.4041666666666668,0.10750000000000001,0.5116666666666666,0.5933333333333335,101,0.5,2,0.361111111111111,28,0.25925925925925924,23,0.3101851851851851,0.3456126022861248,,,,,,,,,,,,,,,
oracle_hybrid,family,glass,ADR-linear-split/OracleGate+OracleChoice,0.16250000000000003,0.25500000000000006,0.09250000000000003,0.805,101,1.0,2,1.0,28,1.0,23,1.0,1.0,,,,,,,,,,,,,,,
oracle_hybrid,family,glass,ADR-linear-split/OracleGate+LearnedChoice,-0.027500000000000007,0.19750000000000004,0.22500000000000003,0.805,101,1.0,2,0.8055555555555556,28,0.3703703703703703,23,0.5879629629629629,0.7231955303626502,,,,,,,,,,,,,,,
oracle_hybrid,family,glass,ADR-linear-split/LearnedGate+OracleChoice,-0.1666666666666667,0.16000000000000003,0.32666666666666677,0.6658333333333334,101,0.5,2,0.5925925925925924,28,0.8518518518518516,23,0.7222222222222221,0.6558499475084235,,,,,,,,,,,,,,,
oracle_hybrid,family,glass,ADR-linear-split/LearnedGate+LearnedChoice,-0.3391666666666667,0.10250000000000001,0.4416666666666667,0.6658333333333334,101,0.5,2,0.4351851851851852,28,0.3703703703703703,23,0.40277777777777773,0.4077743475701183,,,,,,,,,,,,,,,
oracle_hybrid,family,glass,ADR-tiny-nonlinear-choice/OracleGate+OracleChoice,0.16250000000000003,0.25500000000000006,0.09250000000000003,0.805,101,1.0,2,1.0,28,1.0,23,1.0,1.0,,,,,,,,,,,,,,,
oracle_hybrid,family,glass,ADR-tiny-nonlinear-choice/OracleGate+LearnedChoice,0.017500000000000005,0.22000000000000006,0.20250000000000007,0.805,101,1.0,2,0.8611111111111112,28,0.6296296296296294,23,0.7453703703703702,0.807078462374298,,,,,,,,,,,,,,,
oracle_hybrid,family,glass,ADR-tiny-nonlinear-choice/LearnedGate+OracleChoice,-0.25166666666666676,0.14750000000000005,0.3991666666666668,0.5933333333333335,101,0.5,2,0.44444444444444436,28,0.7777777777777776,23,0.6111111111111109,0.5981647418012616,,,,,,,,,,,,,,,
oracle_hybrid,family,glass,ADR-tiny-nonlinear-choice/LearnedGate+LearnedChoice,-0.3641666666666668,0.11250000000000002,0.4766666666666667,0.5933333333333335,101,0.5,2,0.37037037037037035,28,0.44444444444444436,23,0.40740740740740733,0.4312466228203995,,,,,,,,,,,,,,,
conditional_choice,family,glass,ADR-linear-full,,,,,51,,,,,,,,,0.5244165045846069,0.5132215565652098,0.6844262295081968,0.364406779661017,19,9,15,8,"[[5.566666666666666, 2.5666666666666664], [4.999999999999999, 2.8666666666666663]]",,,,,,
conditional_choice,family,glass,ADR-linear-split,,,,,51,,,,,,,,,0.6104299805501529,0.597958637692055,0.7971311475409836,0.42372881355932207,22,6,15,8,"[[6.4833333333333325, 1.65], [4.533333333333332, 3.333333333333333]]",,,,,,
conditional_choice,family,glass,ADR-tiny-nonlinear-choice,,,,,51,,,,,,,,,0.72188455126424,0.7187206655175198,0.8463114754098361,0.597457627118644,24,4,10,13,"[[6.883333333333333, 1.25], [3.1666666666666665, 4.699999999999999]]",,,,,,
conditional_choice,family,glass,Fixed-Detour diagnostic,,,,,51,,,,,,,,,0.5,0.33701657458563533,1.0,0.0,28,0,23,0,"[[8.133333333333333, 0.0], [7.866666666666665, 0.0]]",,,,,,
conditional_choice,family,glass,Condition-only choice diagnostic,,,,,51,,,,,,,,,0.31765768268963607,0.293748081818346,0.5081967213114755,0.12711864406779663,15,13,20,3,"[[4.133333333333334, 4.0], [6.866666666666665, 1.0]]",,,,,,
conditional_choice,family,glass,Horizon-only choice diagnostic,,,,,51,,,,,,,,,0.5,0.33701657458563533,1.0,0.0,28,0,23,0,"[[8.133333333333333, 0.0], [7.866666666666665, 0.0]]",,,,,,
benefit_gate,family,glass,ADR-linear-full,,,,0.5933333333333335,101,,,,,,,,,0.5920175438596491,,,,,,,,,0.6200000000000001,0.5640350877192981,0.6057625948930296,0.8421032145281613,19,82
benefit_gate,family,glass,ADR-linear-split,,,,0.6658333333333334,101,,,,,,,,,0.6323684210526317,,,,,,,,,0.6200000000000001,0.6447368421052632,0.6057625948930296,0.8421032145281613,19,82
benefit_gate,family,glass,ADR-tiny-nonlinear-choice,,,,0.5933333333333335,101,,,,,,,,,0.5920175438596491,,,,,,,,,0.6200000000000001,0.5640350877192981,0.6057625948930296,0.8421032145281613,19,82
composed_router,family,noglass,Base,0.9205882352941178,0.9205882352941178,0.0,0.0,86,1.0,35,0.0,5,,0,0.0,0.30099502487562185,,,,,,,,,,,,,,,
composed_router,family,noglass,Always Detour,0.5843137254901961,0.5843137254901961,0.0,1.0,86,0.0,35,1.0,5,,0,1.0,0.10019267822736032,,,,,,,,,,,,,,,
composed_router,family,noglass,Always Retreat,0.0,0.0,0.0,1.0,86,0.0,35,0.0,5,,0,0.0,0.0,,,,,,,,,,,,,,,
composed_router,family,noglass,Risk->Retreat,0.7990196078431372,0.7990196078431372,0.0,0.12156862745098038,86,0.9097222222222223,35,0.0,5,,0,0.0,0.28478649131352496,,,,,,,,,,,,,,,
composed_router,family,noglass,Risk->Detour,0.7823529411764706,0.7823529411764706,0.0,0.3137254901960785,86,0.6388888888888888,35,0.5,5,,0,0.5,0.35056866787271934,,,,,,,,,,,,,,,
composed_router,family,noglass,Risk->BestFixed,0.7941176470588235,0.7941176470588235,0.0,0.30196078431372547,86,0.6597222222222222,35,0.5,5,,0,0.5,0.362997515534824,,,,,,,,,,,,,,,
composed_router,family,noglass,Risk+TwoStage,0.7882352941176471,0.7882352941176471,0.0,0.28137254901960784,86,0.6944444444444443,35,0.25,5,,0,0.25,0.3444748858447489,,,,,,,,,,,,,,,
composed_router,family,noglass,SB-Risk+TwoStage,0.7882352941176471,0.7882352941176471,0.0,0.28137254901960784,86,0.6944444444444443,35,0.25,5,,0,0.25,0.3444748858447489,,,,,,,,,,,,,,,
composed_router,family,noglass,DirectChoice,0.7676470588235295,0.7676470588235295,0.0,0.37549019607843137,86,0.5763888888888888,35,0.375,5,,0,0.375,0.3421552740572426,,,,,,,,,,,,,,,
composed_router,family,noglass,DirectQ,0.7666666666666667,0.7666666666666667,0.0,0.3852941176470588,86,0.5972222222222222,35,0.5,5,,0,0.5,0.32383808095952027,,,,,,,,,,,,,,,
composed_router,family,noglass,SB-DirectQ,0.7637254901960785,0.7637254901960785,0.0,0.31470588235294117,86,0.6180555555555555,35,0.25,5,,0,0.25,0.24387205728375047,,,,,,,,,,,,,,,
composed_router,family,noglass,PairwiseAdvantage,0.7666666666666667,0.7666666666666667,0.0,0.3852941176470588,86,0.5972222222222222,35,0.5,5,,0,0.5,0.32383808095952027,,,,,,,,,,,,,,,
composed_router,family,noglass,OutcomeRouter,0.7892156862745098,0.7892156862745098,0.0,0.3009803921568628,86,0.6458333333333334,35,0.25,5,,0,0.25,0.2714267084631219,,,,,,,,,,,,,,,
composed_router,family,noglass,SB-OutcomeRouter,0.8098039215686275,0.8098039215686275,0.0,0.28627450980392155,86,0.6527777777777777,35,0.375,5,,0,0.375,0.3312972205433465,,,,,,,,,,,,,,,
composed_router,family,noglass,SB-COR,0.780392156862745,0.780392156862745,0.0,0.27450980392156865,86,0.5972222222222222,35,0.375,5,,0,0.375,0.30879907369991605,,,,,,,,,,,,,,,
composed_router,family,noglass,OutcomeRouter-hidden-only,0.7480392156862746,0.7480392156862746,0.0,0.34019607843137256,86,0.4930555555555555,35,0.375,5,,0,0.375,0.25094177931578693,,,,,,,,,,,,,,,
composed_router,family,noglass,OutcomeRouter-state-action-only,0.8245098039215687,0.8245098039215687,0.0,0.3686274509803921,86,0.736111111111111,35,0.5,5,,0,0.5,0.37660537329339444,,,,,,,,,,,,,,,
composed_router,family,noglass,Condition-only diagnostic,0.9205882352941178,0.9205882352941178,0.0,0.0,86,1.0,35,0.0,5,,0,0.0,0.30099502487562185,,,,,,,,,,,,,,,
composed_router,family,noglass,Horizon-only diagnostic,0.7833333333333334,0.7833333333333334,0.0,0.4519607843137255,86,0.5972222222222222,35,0.0,5,,0,0.0,0.22070534698521047,,,,,,,,,,,,,,,
composed_router,family,noglass,ADR-linear-full,0.7784313725490196,0.7784313725490196,0.0,0.38235294117647056,86,0.6527777777777777,35,0.5,5,,0,0.5,0.34652882996235435,,,,,,,,,,,,,,,
composed_router,family,noglass,ADR-linear-split,0.7284313725490197,0.7284313725490197,0.0,0.45588235294117646,86,0.5416666666666666,35,0.5,5,,0,0.5,0.2978259792997573,,,,,,,,,,,,,,,
composed_router,family,noglass,ADR-tiny-nonlinear-choice,0.765686274509804,0.765686274509804,0.0,0.38235294117647056,86,0.6249999999999999,35,0.5,5,,0,0.5,0.33265523588104234,,,,,,,,,,,,,,,
composed_router,family,noglass,Oracle upper bound diagnostic,0.9764705882352942,0.9764705882352942,0.0,0.055882352941176466,86,1.0,35,1.0,5,,0,1.0,0.6666666666666666,,,,,,,,,,,,,,,
oracle_hybrid,family,noglass,ADR-linear-full/OracleGate+OracleChoice,0.9764705882352942,0.9764705882352942,0.0,0.055882352941176466,86,1.0,35,1.0,5,,0,1.0,0.6666666666666666,,,,,,,,,,,,,,,
oracle_hybrid,family,noglass,ADR-linear-full/OracleGate+LearnedChoice,0.9617647058823531,0.9617647058823531,0.0,0.055882352941176466,86,1.0,35,0.875,5,,0,0.875,0.6292335115864528,,,,,,,,,,,,,,,
oracle_hybrid,family,noglass,ADR-linear-full/LearnedGate+OracleChoice,0.7901960784313726,0.7901960784313726,0.0,0.38235294117647056,86,0.6527777777777777,35,0.5,5,,0,0.5,0.34209647774865165,,,,,,,,,,,,,,,
oracle_hybrid,family,noglass,ADR-linear-full/LearnedGate+LearnedChoice,0.7784313725490196,0.7784313725490196,0.0,0.38235294117647056,86,0.6527777777777777,35,0.5,5,,0,0.5,0.34652882996235435,,,,,,,,,,,,,,,
oracle_hybrid,family,noglass,ADR-linear-split/OracleGate+OracleChoice,0.9764705882352942,0.9764705882352942,0.0,0.055882352941176466,86,1.0,35,1.0,5,,0,1.0,0.6666666666666666,,,,,,,,,,,,,,,
oracle_hybrid,family,noglass,ADR-linear-split/OracleGate+LearnedChoice,0.9764705882352942,0.9764705882352942,0.0,0.055882352941176466,86,1.0,35,1.0,5,,0,1.0,0.6666666666666666,,,,,,,,,,,,,,,
oracle_hybrid,family,noglass,ADR-linear-split/LearnedGate+OracleChoice,0.7284313725490197,0.7284313725490197,0.0,0.45588235294117646,86,0.5416666666666666,35,0.5,5,,0,0.5,0.2978259792997573,,,,,,,,,,,,,,,
oracle_hybrid,family,noglass,ADR-linear-split/LearnedGate+LearnedChoice,0.7284313725490197,0.7284313725490197,0.0,0.45588235294117646,86,0.5416666666666666,35,0.5,5,,0,0.5,0.2978259792997573,,,,,,,,,,,,,,,
oracle_hybrid,family,noglass,ADR-tiny-nonlinear-choice/OracleGate+OracleChoice,0.9764705882352942,0.9764705882352942,0.0,0.055882352941176466,86,1.0,35,1.0,5,,0,1.0,0.6666666666666666,,,,,,,,,,,,,,,
oracle_hybrid,family,noglass,ADR-tiny-nonlinear-choice/OracleGate+LearnedChoice,0.9617647058823531,0.9617647058823531,0.0,0.055882352941176466,86,1.0,35,0.875,5,,0,0.875,0.6292335115864528,,,,,,,,,,,,,,,
oracle_hybrid,family,noglass,ADR-tiny-nonlinear-choice/LearnedGate+OracleChoice,0.7754901960784315,0.7754901960784315,0.0,0.38235294117647056,86,0.6249999999999999,35,0.5,5,,0,0.5,0.33095442002093445,,,,,,,,,,,,,,,
oracle_hybrid,family,noglass,ADR-tiny-nonlinear-choice/LearnedGate+LearnedChoice,0.765686274509804,0.765686274509804,0.0,0.38235294117647056,86,0.6249999999999999,35,0.5,5,,0,0.5,0.33265523588104234,,,,,,,,,,,,,,,
conditional_choice,family,noglass,ADR-linear-full,,,,,5,,,,,,,,,0.875,0.4666666666666667,0.875,,4,1,0,0,"[[3.5, 0.5], [0.0, 0.0]]",,,,,,
conditional_choice,family,noglass,ADR-linear-split,,,,,5,,,,,,,,,1.0,0.5,1.0,,5,0,0,0,"[[4.0, 0.0], [0.0, 0.0]]",,,,,,
conditional_choice,family,noglass,ADR-tiny-nonlinear-choice,,,,,5,,,,,,,,,0.875,0.4666666666666667,0.875,,4,1,0,0,"[[3.5, 0.5], [0.0, 0.0]]",,,,,,
conditional_choice,family,noglass,Fixed-Detour diagnostic,,,,,5,,,,,,,,,1.0,0.5,1.0,,5,0,0,0,"[[4.0, 0.0], [0.0, 0.0]]",,,,,,
conditional_choice,family,noglass,Condition-only choice diagnostic,,,,,5,,,,,,,,,1.0,0.5,1.0,,5,0,0,0,"[[4.0, 0.0], [0.0, 0.0]]",,,,,,
conditional_choice,family,noglass,Horizon-only choice diagnostic,,,,,5,,,,,,,,,1.0,0.5,1.0,,5,0,0,0,"[[4.0, 0.0], [0.0, 0.0]]",,,,,,
benefit_gate,family,noglass,ADR-linear-full,,,,0.38235294117647056,86,,,,,,,,,0.5607843137254902,,,,,,,,,0.6215686274509805,0.5,0.5690550363447561,0.10331100736797856,81,5
benefit_gate,family,noglass,ADR-linear-split,,,,0.45588235294117646,86,,,,,,,,,0.5240196078431373,,,,,,,,,0.5480392156862746,0.5,0.5690550363447561,0.10331100736797856,81,5
benefit_gate,family,noglass,ADR-tiny-nonlinear-choice,,,,0.38235294117647056,86,,,,,,,,,0.5607843137254902,,,,,,,,,0.6215686274509805,0.5,0.5690550363447561,0.10331100736797856,81,5
composed_router,family,offpath,Base,0.8754901960784314,0.8872549019607844,0.011764705882352941,0.0,86,1.0,24,0.0,4,,0,0.0,0.2958057395143488,,,,,,,,,,,,,,,
composed_router,family,offpath,Always Detour,0.5588235294117647,0.6176470588235294,0.058823529411764705,1.0,86,0.0,24,1.0,4,,0,1.0,0.1122112211221122,,,,,,,,,,,,,,,
composed_router,family,offpath,Always Retreat,-0.06470588235294118,0.0,0.06470588235294118,1.0,86,0.0,24,0.0,4,,0,0.0,0.0,,,,,,,,,,,,,,,
composed_router,family,offpath,Risk->Retreat,0.7284313725490196,0.7519607843137256,0.023529411764705882,0.16176470588235295,86,0.7708333333333334,24,0.0,4,,0,0.0,0.26613965744400525,,,,,,,,,,,,,,,
composed_router,family,offpath,Risk->Detour,0.7137254901960786,0.7490196078431373,0.03529411764705883,0.3392156862745098,86,0.5555555555555555,24,0.5,4,,0,0.5,0.30952380952380953,,,,,,,,,,,,,,,
composed_router,family,offpath,Risk->BestFixed,0.7137254901960786,0.7490196078431373,0.03529411764705883,0.3392156862745098,86,0.5555555555555555,24,0.5,4,,0,0.5,0.30952380952380953,,,,,,,,,,,,,,,
composed_router,family,offpath,Risk+TwoStage,0.7019607843137255,0.7372549019607844,0.03529411764705883,0.3009803921568628,86,0.6249999999999999,24,0.25,4,,0,0.25,0.3207941483803553,,,,,,,,,,,,,,,
composed_router,family,offpath,SB-Risk+TwoStage,0.7019607843137255,0.7372549019607844,0.03529411764705883,0.3009803921568628,86,0.6249999999999999,24,0.25,4,,0,0.25,0.3207941483803553,,,,,,,,,,,,,,,
composed_router,family,offpath,DirectChoice,0.7519607843137256,0.7754901960784314,0.023529411764705882,0.37450980392156863,86,0.7152777777777777,24,0.25,4,,0,0.25,0.3551756885090218,,,,,,,,,,,,,,,
composed_router,family,offpath,DirectQ,0.7901960784313725,0.8019607843137255,0.011764705882352941,0.34019607843137256,86,0.6944444444444443,24,0.25,4,,0,0.25,0.3368227731864096,,,,,,,,,,,,,,,
composed_router,family,offpath,SB-DirectQ,0.7754901960784314,0.7872549019607844,0.011764705882352941,0.3107843137254902,86,0.736111111111111,24,0.0,4,,0,0.0,0.24615384615384614,,,,,,,,,,,,,,,
composed_router,family,offpath,PairwiseAdvantage,0.7901960784313725,0.8019607843137255,0.011764705882352941,0.34019607843137256,86,0.6944444444444443,24,0.25,4,,0,0.25,0.3368227731864096,,,,,,,,,,,,,,,
composed_router,family,offpath,OutcomeRouter,0.7490196078431373,0.7843137254901961,0.03529411764705883,0.3637254901960784,86,0.6944444444444443,24,0.25,4,,0,0.25,0.3422752111276701,,,,,,,,,,,,,,,
composed_router,family,offpath,SB-OutcomeRouter,0.7843137254901962,0.8196078431372549,0.03529411764705883,0.3343137254901961,86,0.8194444444444443,24,0.25,4,,0,0.25,0.388034188034188,,,,,,,,,,,,,,,
composed_router,family,offpath,SB-COR,0.769607843137255,0.8049019607843138,0.03529411764705883,0.3490196078431373,86,0.7777777777777777,24,0.25,4,,0,0.25,0.3702806379971734,,,,,,,,,,,,,,,
composed_router,family,offpath,OutcomeRouter-hidden-only,0.7343137254901961,0.769607843137255,0.03529411764705883,0.4196078431372549,86,0.5277777777777777,24,0.5,4,,0,0.5,0.3161858323174861,,,,,,,,,,,,,,,
composed_router,family,offpath,OutcomeRouter-state-action-only,0.7431372549019608,0.7666666666666667,0.023529411764705882,0.3382352941176471,86,0.5624999999999999,24,0.25,4,,0,0.25,0.29892444325434014,,,,,,,,,,,,,,,
composed_router,family,offpath,Condition-only diagnostic,0.8754901960784314,0.8872549019607844,0.011764705882352941,0.0,86,1.0,24,0.0,4,,0,0.0,0.2958057395143488,,,,,,,,,,,,,,,
composed_router,family,offpath,Horizon-only diagnostic,0.7147058823529412,0.75,0.03529411764705883,0.4519607843137255,86,0.5416666666666666,24,0.5,4,,0,0.5,0.35555555555555557,,,,,,,,,,,,,,,
composed_router,family,offpath,ADR-linear-full,0.719607843137255,0.7313725490196079,0.011764705882352941,0.4284313725490196,86,0.5694444444444444,24,0.0,4,,0,0.0,0.20338983050847456,,,,,,,,,,,,,,,
composed_router,family,offpath,ADR-linear-split,0.7372549019607844,0.7490196078431373,0.011764705882352941,0.4872549019607843,86,0.5277777777777778,24,0.0,4,,0,0.0,0.1954022988505747,,,,,,,,,,,,,,,
composed_router,family,offpath,ADR-tiny-nonlinear-choice,0.7607843137254903,0.7725490196078433,0.011764705882352941,0.4137254901960784,86,0.5694444444444444,24,0.25,4,,0,0.25,0.2300564971751412,,,,,,,,,,,,,,,
composed_router,family,offpath,Oracle upper bound diagnostic,0.9176470588235295,0.9294117647058824,0.011764705882352941,0.04215686274509804,86,1.0,24,1.0,4,,0,1.0,0.6666666666666666,,,,,,,,,,,,,,,
oracle_hybrid,family,offpath,ADR-linear-full/OracleGate+OracleChoice,0.9176470588235295,0.9294117647058824,0.011764705882352941,0.04215686274509804,86,1.0,24,1.0,4,,0,1.0,0.6666666666666666,,,,,,,,,,,,,,,
oracle_hybrid,family,offpath,ADR-linear-full/OracleGate+LearnedChoice,0.9058823529411766,0.9176470588235295,0.011764705882352941,0.04215686274509804,86,1.0,24,0.75,4,,0,0.75,0.6458333333333334,,,,,,,,,,,,,,,
oracle_hybrid,family,offpath,ADR-linear-full/LearnedGate+OracleChoice,0.7607843137254903,0.7725490196078433,0.011764705882352941,0.4284313725490196,86,0.5694444444444444,24,0.25,4,,0,0.25,0.2300564971751412,,,,,,,,,,,,,,,
oracle_hybrid,family,offpath,ADR-linear-full/LearnedGate+LearnedChoice,0.719607843137255,0.7313725490196079,0.011764705882352941,0.4284313725490196,86,0.5694444444444444,24,0.0,4,,0,0.0,0.20338983050847456,,,,,,,,,,,,,,,
oracle_hybrid,family,offpath,ADR-linear-split/OracleGate+OracleChoice,0.9176470588235295,0.9294117647058824,0.011764705882352941,0.04215686274509804,86,1.0,24,1.0,4,,0,1.0,0.6666666666666666,,,,,,,,,,,,,,,
oracle_hybrid,family,offpath,ADR-linear-split/OracleGate+LearnedChoice,0.9058823529411766,0.9176470588235295,0.011764705882352941,0.04215686274509804,86,1.0,24,0.75,4,,0,0.75,0.6458333333333334,,,,,,,,,,,,,,,
oracle_hybrid,family,offpath,ADR-linear-split/LearnedGate+OracleChoice,0.7490196078431373,0.7607843137254902,0.011764705882352941,0.4872549019607843,86,0.5277777777777778,24,0.25,4,,0,0.25,0.22104332449160033,,,,,,,,,,,,,,,
oracle_hybrid,family,offpath,ADR-linear-split/LearnedGate+LearnedChoice,0.7372549019607844,0.7490196078431373,0.011764705882352941,0.4872549019607843,86,0.5277777777777778,24,0.0,4,,0,0.0,0.1954022988505747,,,,,,,,,,,,,,,
oracle_hybrid,family,offpath,ADR-tiny-nonlinear-choice/OracleGate+OracleChoice,0.9176470588235295,0.9294117647058824,0.011764705882352941,0.04215686274509804,86,1.0,24,1.0,4,,0,1.0,0.6666666666666666,,,,,,,,,,,,,,,
oracle_hybrid,family,offpath,ADR-tiny-nonlinear-choice/OracleGate+LearnedChoice,0.9176470588235295,0.9294117647058824,0.011764705882352941,0.04215686274509804,86,1.0,24,1.0,4,,0,1.0,0.6666666666666666,,,,,,,,,,,,,,,
oracle_hybrid,family,offpath,ADR-tiny-nonlinear-choice/LearnedGate+OracleChoice,0.7607843137254903,0.7725490196078433,0.011764705882352941,0.4137254901960784,86,0.5694444444444444,24,0.25,4,,0,0.25,0.2300564971751412,,,,,,,,,,,,,,,
oracle_hybrid,family,offpath,ADR-tiny-nonlinear-choice/LearnedGate+LearnedChoice,0.7607843137254903,0.7725490196078433,0.011764705882352941,0.4137254901960784,86,0.5694444444444444,24,0.25,4,,0,0.25,0.2300564971751412,,,,,,,,,,,,,,,
conditional_choice,family,offpath,ADR-linear-full,,,,,4,,,,,,,,,0.75,0.42857142857142855,0.75,,3,1,0,0,"[[3.0, 1.0], [0.0, 0.0]]",,,,,,
conditional_choice,family,offpath,ADR-linear-split,,,,,4,,,,,,,,,0.75,0.42857142857142855,0.75,,3,1,0,0,"[[3.0, 1.0], [0.0, 0.0]]",,,,,,
conditional_choice,family,offpath,ADR-tiny-nonlinear-choice,,,,,4,,,,,,,,,1.0,0.5,1.0,,4,0,0,0,"[[4.0, 0.0], [0.0, 0.0]]",,,,,,
conditional_choice,family,offpath,Fixed-Detour diagnostic,,,,,4,,,,,,,,,1.0,0.5,1.0,,4,0,0,0,"[[4.0, 0.0], [0.0, 0.0]]",,,,,,
conditional_choice,family,offpath,Condition-only choice diagnostic,,,,,4,,,,,,,,,1.0,0.5,1.0,,4,0,0,0,"[[4.0, 0.0], [0.0, 0.0]]",,,,,,
conditional_choice,family,offpath,Horizon-only choice diagnostic,,,,,4,,,,,,,,,1.0,0.5,1.0,,4,0,0,0,"[[4.0, 0.0], [0.0, 0.0]]",,,,,,
benefit_gate,family,offpath,ADR-linear-full,,,,0.4284313725490196,86,,,,,,,,,0.4122549019607843,,,,,,,,,0.5745098039215686,0.25,0.5728975744447883,0.07328221245545849,82,4
benefit_gate,family,offpath,ADR-linear-split,,,,0.4872549019607843,86,,,,,,,,,0.3805555555555556,,,,,,,,,0.5111111111111112,0.25,0.5728975744447883,0.07328221245545849,82,4
benefit_gate,family,offpath,ADR-tiny-nonlinear-choice,,,,0.4137254901960784,86,,,,,,,,,0.41960784313725485,,,,,,,,,0.5892156862745097,0.25,0.5728975744447883,0.07328221245545849,82,4
composed_router,horizon,10,Base,0.08333333333333338,0.5000000000000002,0.41666666666666674,0.0,63,1.0,11,0.0,11,0.0,9,0.0,0.14492753623188404,,,,,,,,,,,,,,,
composed_router,horizon,10,Always Detour,0.25833333333333336,0.45833333333333354,0.20000000000000007,1.0,63,0.0,11,1.0,11,0.0,9,0.5,0.19913419913419914,,,,,,,,,,,,,,,
composed_router,horizon,10,Always Retreat,-0.1833333333333334,0.0,0.1833333333333334,1.0,63,0.0,11,0.0,11,1.0,9,0.5,0.15238095238095237,,,,,,,,,,,,,,,
composed_router,horizon,10,Risk->Retreat,0.11666666666666671,0.43333333333333346,0.3166666666666668,0.3333333333333334,63,0.8125,11,0.0,11,0.625,9,0.3125,0.3615154908547966,,,,,,,,,,,,,,,
composed_router,horizon,10,Risk->Detour,0.1833333333333334,0.4500000000000002,0.2666666666666667,0.4500000000000002,63,0.5,11,0.5555555555555556,11,0.0,9,0.2777777777777778,0.3262989016413675,,,,,,,,,,,,,,,
composed_router,horizon,10,Risk->BestFixed,0.1833333333333334,0.4500000000000002,0.2666666666666667,0.4500000000000002,63,0.5,11,0.5555555555555556,11,0.0,9,0.2777777777777778,0.3313039066463725,,,,,,,,,,,,,,,
composed_router,horizon,10,Risk+TwoStage,0.16666666666666674,0.43333333333333346,0.2666666666666668,0.4000000000000001,63,0.625,11,0.1111111111111111,11,0.5,9,0.3055555555555556,0.3733122535390431,,,,,,,,,,,,,,,
composed_router,horizon,10,SB-Risk+TwoStage,0.16666666666666674,0.43333333333333346,0.2666666666666668,0.4000000000000001,63,0.625,11,0.1111111111111111,11,0.5,9,0.3055555555555556,0.3733122535390431,,,,,,,,,,,,,,,
composed_router,horizon,10,DirectChoice,0.1583333333333334,0.43333333333333346,0.2750000000000001,0.47500000000000026,63,0.5625,11,0.2222222222222222,11,0.5,9,0.3611111111111111,0.3430369903553094,,,,,,,,,,,,,,,
composed_router,horizon,10,DirectQ,0.22499999999999998,0.5083333333333335,0.2833333333333334,0.36666666666666675,63,0.875,11,0.16666666666666666,11,0.375,9,0.2708333333333333,0.3869631826043984,,,,,,,,,,,,,,,
composed_router,horizon,10,SB-DirectQ,0.20833333333333334,0.47500000000000026,0.2666666666666668,0.36666666666666675,63,0.625,11,0.16666666666666666,11,0.5,9,0.3333333333333333,0.4075395536237729,,,,,,,,,,,,,,,
composed_router,horizon,10,PairwiseAdvantage,0.22499999999999998,0.5083333333333335,0.2833333333333334,0.36666666666666675,63,0.875,11,0.16666666666666666,11,0.375,9,0.2708333333333333,0.3869631826043984,,,,,,,,,,,,,,,
composed_router,horizon,10,OutcomeRouter,0.25833333333333336,0.45833333333333354,0.20000000000000007,0.4500000000000002,63,0.5625,11,0.3888888888888889,11,0.5,9,0.4444444444444444,0.45887486364344715,,,,,,,,,,,,,,,
composed_router,horizon,10,SB-OutcomeRouter,0.22500000000000003,0.47500000000000026,0.2500000000000001,0.4000000000000001,63,0.625,11,0.2777777777777778,11,0.5,9,0.3888888888888889,0.41560774769729997,,,,,,,,,,,,,,,
composed_router,horizon,10,SB-COR,0.18333333333333338,0.45833333333333354,0.2750000000000001,0.3500000000000001,63,0.625,11,0.16666666666666666,11,0.5,9,0.3333333333333333,0.39530556980018544,,,,,,,,,,,,,,,
composed_router,horizon,10,OutcomeRouter-hidden-only,0.2750000000000001,0.46666666666666695,0.19166666666666674,0.47500000000000014,63,0.5625,11,0.4444444444444444,11,0.5,9,0.4722222222222222,0.4877046489949716,,,,,,,,,,,,,,,
composed_router,horizon,10,OutcomeRouter-state-action-only,0.15000000000000005,0.46666666666666684,0.3166666666666667,0.42500000000000016,63,0.5625,11,0.3333333333333333,11,0.0,9,0.16666666666666666,0.2340382186366785,,,,,,,,,,,,,,,
composed_router,horizon,10,Condition-only diagnostic,0.2833333333333334,0.5500000000000003,0.2666666666666668,0.43333333333333335,63,1.0,11,0.3333333333333333,11,0.125,9,0.22916666666666666,0.4332539348932791,,,,,,,,,,,,,,,
composed_router,horizon,10,Horizon-only diagnostic,0.20833333333333343,0.45833333333333354,0.25000000000000006,0.6500000000000004,63,0.375,11,0.6666666666666666,11,0.0,9,0.3333333333333333,0.28315412186379924,,,,,,,,,,,,,,,
composed_router,horizon,10,ADR-linear-full,0.25000000000000006,0.5083333333333335,0.2583333333333334,0.46666666666666684,63,0.6875,11,0.3888888888888889,11,0.375,9,0.3819444444444444,0.4317075618445482,,,,,,,,,,,,,,,
composed_router,horizon,10,ADR-linear-split,0.23333333333333334,0.45833333333333354,0.2250000000000001,0.5166666666666669,63,0.5,11,0.2777777777777778,11,0.625,9,0.4513888888888889,0.4239708127789523,,,,,,,,,,,,,,,
composed_router,horizon,10,ADR-tiny-nonlinear-choice,0.2916666666666667,0.5166666666666669,0.2250000000000001,0.46666666666666684,63,0.6875,11,0.4444444444444444,11,0.625,9,0.5347222222222222,0.5877991162411873,,,,,,,,,,,,,,,
composed_router,horizon,10,Oracle upper bound diagnostic,0.5750000000000003,0.6250000000000003,0.05000000000000002,0.3916666666666668,63,1.0,11,1.0,11,1.0,9,1.0,1.0,,,,,,,,,,,,,,,
oracle_hybrid,horizon,10,ADR-linear-full/OracleGate+OracleChoice,0.5750000000000003,0.6250000000000003,0.05000000000000002,0.3916666666666668,63,1.0,11,1.0,11,1.0,9,1.0,1.0,,,,,,,,,,,,,,,
oracle_hybrid,horizon,10,ADR-linear-full/OracleGate+LearnedChoice,0.41666666666666674,0.5833333333333336,0.16666666666666674,0.3916666666666668,63,1.0,11,0.6666666666666666,11,0.5,9,0.5833333333333333,0.6500431406384815,,,,,,,,,,,,,,,
oracle_hybrid,horizon,10,ADR-linear-full/LearnedGate+OracleChoice,0.34166666666666673,0.5333333333333335,0.19166666666666674,0.46666666666666684,63,0.6875,11,0.5555555555555556,11,0.875,9,0.7152777777777778,0.7283532366264236,,,,,,,,,,,,,,,
oracle_hybrid,horizon,10,ADR-linear-full/LearnedGate+LearnedChoice,0.25000000000000006,0.5083333333333335,0.2583333333333334,0.46666666666666684,63,0.6875,11,0.3888888888888889,11,0.375,9,0.3819444444444444,0.4317075618445482,,,,,,,,,,,,,,,
oracle_hybrid,horizon,10,ADR-linear-split/OracleGate+OracleChoice,0.5750000000000003,0.6250000000000003,0.05000000000000002,0.3916666666666668,63,1.0,11,1.0,11,1.0,9,1.0,1.0,,,,,,,,,,,,,,,
oracle_hybrid,horizon,10,ADR-linear-split/OracleGate+LearnedChoice,0.48333333333333367,0.5833333333333336,0.10000000000000002,0.3916666666666668,63,1.0,11,0.7222222222222222,11,0.625,9,0.6736111111111112,0.7350543478260869,,,,,,,,,,,,,,,
oracle_hybrid,horizon,10,ADR-linear-split/LearnedGate+OracleChoice,0.325,0.5000000000000002,0.17500000000000007,0.5166666666666669,63,0.5,11,0.5555555555555556,11,1.0,9,0.7777777777777778,0.6964998825463941,,,,,,,,,,,,,,,
oracle_hybrid,horizon,10,ADR-linear-split/LearnedGate+LearnedChoice,0.23333333333333334,0.45833333333333354,0.2250000000000001,0.5166666666666669,63,0.5,11,0.2777777777777778,11,0.625,9,0.4513888888888889,0.4239708127789523,,,,,,,,,,,,,,,
oracle_hybrid,horizon,10,ADR-tiny-nonlinear-choice/OracleGate+OracleChoice,0.5750000000000003,0.6250000000000003,0.05000000000000002,0.3916666666666668,63,1.0,11,1.0,11,1.0,9,1.0,1.0,,,,,,,,,,,,,,,
oracle_hybrid,horizon,10,ADR-tiny-nonlinear-choice/OracleGate+LearnedChoice,0.5250000000000004,0.6083333333333336,0.08333333333333336,0.3916666666666668,63,1.0,11,0.8888888888888888,11,0.75,9,0.8194444444444444,0.8654012079378774,,,,,,,,,,,,,,,
oracle_hybrid,horizon,10,ADR-tiny-nonlinear-choice/LearnedGate+OracleChoice,0.34166666666666673,0.5333333333333335,0.19166666666666674,0.46666666666666684,63,0.6875,11,0.5555555555555556,11,0.875,9,0.7152777777777778,0.7283532366264236,,,,,,,,,,,,,,,
oracle_hybrid,horizon,10,ADR-tiny-nonlinear-choice/LearnedGate+LearnedChoice,0.2916666666666667,0.5166666666666669,0.2250000000000001,0.46666666666666684,63,0.6875,11,0.4444444444444444,11,0.625,9,0.5347222222222222,0.5877991162411873,,,,,,,,,,,,,,,
conditional_choice,horizon,10,ADR-linear-full,,,,,20,,,,,,,,,0.5833333333333333,0.5824561403508772,0.6666666666666666,0.5,7,4,5,4,"[[6.0, 3.0], [4.0, 4.0]]",,,,,,
conditional_choice,horizon,10,ADR-linear-split,,,,,20,,,,,,,,,0.6736111111111112,0.6739319965126417,0.7222222222222222,0.625,8,3,4,5,"[[6.5, 2.5], [3.0, 5.0]]",,,,,,
conditional_choice,horizon,10,ADR-tiny-nonlinear-choice,,,,,20,,,,,,,,,0.8194444444444444,0.8210526315789474,0.8888888888888888,0.75,10,1,3,6,"[[8.0, 1.0], [2.0, 6.0]]",,,,,,
conditional_choice,horizon,10,Fixed-Detour diagnostic,,,,,20,,,,,,,,,0.5,0.34615384615384615,1.0,0.0,11,0,9,0,"[[9.0, 0.0], [8.0, 0.0]]",,,,,,
conditional_choice,horizon,10,Condition-only choice diagnostic,,,,,20,,,,,,,,,0.3680555555555556,0.3358139534883721,0.6111111111111112,0.125,7,4,8,1,"[[5.5, 3.5], [7.0, 1.0]]",,,,,,
conditional_choice,horizon,10,Horizon-only choice diagnostic,,,,,20,,,,,,,,,0.5,0.34615384615384615,1.0,0.0,11,0,9,0,"[[9.0, 0.0], [8.0, 0.0]]",,,,,,
benefit_gate,horizon,10,ADR-linear-full,,,,0.46666666666666684,63,,,,,,,,,0.6782407407407407,,,,,,,,,0.6157407407407407,0.7407407407407408,0.6391722529874674,0.6236591800096946,40,23
benefit_gate,horizon,10,ADR-linear-split,,,,0.5166666666666669,63,,,,,,,,,0.6782407407407407,,,,,,,,,0.5601851851851851,0.7962962962962963,0.6391722529874674,0.6236591800096946,40,23
benefit_gate,horizon,10,ADR-tiny-nonlinear-choice,,,,0.46666666666666684,63,,,,,,,,,0.6782407407407407,,,,,,,,,0.6157407407407407,0.7407407407407408,0.6391722529874674,0.6236591800096946,40,23
composed_router,horizon,20,Base,0.20000000000000004,0.5666666666666669,0.36666666666666675,0.0,63,1.0,16,0.0,8,0.0,5,0.0,0.23728813559322035,,,,,,,,,,,,,,,
composed_router,horizon,20,Always Detour,0.3583333333333334,0.49166666666666686,0.1333333333333334,1.0,63,0.0,16,1.0,8,0.0,5,0.5,0.16666666666666666,,,,,,,,,,,,,,,
composed_router,horizon,20,Always Retreat,-0.1666666666666667,0.0,0.1666666666666667,1.0,63,0.0,16,0.0,8,1.0,5,0.5,0.06824146981627296,,,,,,,,,,,,,,,
composed_router,horizon,20,Risk->Retreat,0.18333333333333338,0.5000000000000002,0.3166666666666667,0.3166666666666667,63,0.8214285714285714,16,0.0,8,0.5,5,0.25,0.3266158315177923,,,,,,,,,,,,,,,
composed_router,horizon,20,Risk->Detour,0.32500000000000007,0.5333333333333335,0.20833333333333337,0.5166666666666668,63,0.42857142857142855,16,0.625,8,0.0,5,0.3125,0.3224875966308988,,,,,,,,,,,,,,,
composed_router,horizon,20,Risk->BestFixed,0.3583333333333334,0.5500000000000003,0.1916666666666667,0.5000000000000002,63,0.5,16,0.625,8,0.25,5,0.4375,0.4706922162804516,,,,,,,,,,,,,,,
composed_router,horizon,20,Risk+TwoStage,0.2833333333333334,0.5333333333333337,0.2500000000000001,0.4750000000000001,63,0.5357142857142857,16,0.5,8,0.25,5,0.375,0.4552832674571805,,,,,,,,,,,,,,,
composed_router,horizon,20,SB-Risk+TwoStage,0.2833333333333334,0.5333333333333337,0.2500000000000001,0.4750000000000001,63,0.5357142857142857,16,0.5,8,0.25,5,0.375,0.4552832674571805,,,,,,,,,,,,,,,
composed_router,horizon,20,DirectChoice,0.4000000000000001,0.5583333333333336,0.1583333333333334,0.45833333333333337,63,0.6071428571428571,16,0.625,8,0.25,5,0.4375,0.4890983711683981,,,,,,,,,,,,,,,
composed_router,horizon,20,DirectQ,0.25000000000000006,0.5166666666666669,0.2666666666666668,0.34166666666666673,63,0.7857142857142857,16,0.25,8,0.25,5,0.25,0.45440833676127795,,,,,,,,,,,,,,,
composed_router,horizon,20,SB-DirectQ,0.1666666666666667,0.49166666666666686,0.32500000000000007,0.35833333333333345,63,0.6428571428571429,16,0.125,8,0.25,5,0.1875,0.3565944687734249,,,,,,,,,,,,,,,
composed_router,horizon,20,PairwiseAdvantage,0.25000000000000006,0.5166666666666669,0.2666666666666668,0.34166666666666673,63,0.7857142857142857,16,0.25,8,0.25,5,0.25,0.45440833676127795,,,,,,,,,,,,,,,
composed_router,horizon,20,OutcomeRouter,0.30833333333333335,0.5583333333333336,0.25000000000000006,0.42500000000000016,63,0.6428571428571429,16,0.375,8,0.25,5,0.3125,0.4236925275757005,,,,,,,,,,,,,,,
composed_router,horizon,20,SB-OutcomeRouter,0.325,0.5583333333333336,0.2333333333333334,0.42500000000000016,63,0.6428571428571429,16,0.375,8,0.25,5,0.3125,0.4236925275757005,,,,,,,,,,,,,,,
composed_router,horizon,20,SB-COR,0.30833333333333335,0.5583333333333336,0.25000000000000006,0.40833333333333344,63,0.6428571428571429,16,0.375,8,0.25,5,0.3125,0.4236925275757005,,,,,,,,,,,,,,,
composed_router,horizon,20,OutcomeRouter-hidden-only,0.3083333333333334,0.5500000000000003,0.24166666666666672,0.47500000000000014,63,0.5357142857142857,16,0.5,8,0.25,5,0.375,0.45714285714285713,,,,,,,,,,,,,,,
composed_router,horizon,20,OutcomeRouter-state-action-only,0.2500000000000001,0.5833333333333336,0.3333333333333334,0.3750000000000001,63,0.7142857142857143,16,0.375,8,0.0,5,0.1875,0.3388850563384908,,,,,,,,,,,,,,,
composed_router,horizon,20,Condition-only diagnostic,0.40000000000000024,0.6000000000000003,0.20000000000000004,0.43333333333333335,63,0.9285714285714286,16,0.25,8,0.25,5,0.25,0.4481074481074481,,,,,,,,,,,,,,,
composed_router,horizon,20,Horizon-only diagnostic,0.1916666666666667,0.49166666666666686,0.3000000000000001,0.6000000000000002,63,0.35714285714285715,16,0.5,8,0.0,5,0.25,0.23510048510048512,,,,,,,,,,,,,,,
composed_router,horizon,20,ADR-linear-full,0.25833333333333336,0.5166666666666669,0.2583333333333334,0.3833333333333334,63,0.7142857142857143,16,0.375,8,0.25,5,0.3125,0.4821808112558001,,,,,,,,,,,,,,,
composed_router,horizon,20,ADR-linear-split,0.23333333333333334,0.5000000000000002,0.2666666666666668,0.41666666666666674,63,0.6428571428571429,16,0.375,8,0.125,5,0.25,0.3976161616161616,,,,,,,,,,,,,,,
composed_router,horizon,20,ADR-tiny-nonlinear-choice,0.25833333333333336,0.5000000000000002,0.24166666666666672,0.4000000000000001,63,0.7142857142857143,16,0.25,8,0.5,5,0.375,0.5282269813519814,,,,,,,,,,,,,,,
composed_router,horizon,20,Oracle upper bound diagnostic,0.7083333333333336,0.7083333333333336,0.0,0.3833333333333334,63,1.0,16,1.0,8,1.0,5,1.0,1.0,,,,,,,,,,,,,,,
oracle_hybrid,horizon,20,ADR-linear-full/OracleGate+OracleChoice,0.7083333333333336,0.7083333333333336,0.0,0.3833333333333334,63,1.0,16,1.0,8,1.0,5,1.0,1.0,,,,,,,,,,,,,,,
oracle_hybrid,horizon,20,ADR-linear-full/OracleGate+LearnedChoice,0.6500000000000004,0.7000000000000003,0.05000000000000002,0.3833333333333334,63,1.0,16,0.875,8,0.25,5,0.5625,0.7512195121951218,,,,,,,,,,,,,,,
oracle_hybrid,horizon,20,ADR-linear-full/LearnedGate+OracleChoice,0.30833333333333335,0.5333333333333335,0.2250000000000001,0.3833333333333334,63,0.7142857142857143,16,0.375,8,0.75,5,0.5625,0.6246325980809884,,,,,,,,,,,,,,,
oracle_hybrid,horizon,20,ADR-linear-full/LearnedGate+LearnedChoice,0.25833333333333336,0.5166666666666669,0.2583333333333334,0.3833333333333334,63,0.7142857142857143,16,0.375,8,0.25,5,0.3125,0.4821808112558001,,,,,,,,,,,,,,,
oracle_hybrid,horizon,20,ADR-linear-split/OracleGate+OracleChoice,0.7083333333333336,0.7083333333333336,0.0,0.3833333333333334,63,1.0,16,1.0,8,1.0,5,1.0,1.0,,,,,,,,,,,,,,,
oracle_hybrid,horizon,20,ADR-linear-split/OracleGate+LearnedChoice,0.6500000000000004,0.7083333333333336,0.05833333333333335,0.3833333333333334,63,1.0,16,1.0,8,0.125,5,0.5625,0.7134099616858237,,,,,,,,,,,,,,,
oracle_hybrid,horizon,20,ADR-linear-split/LearnedGate+OracleChoice,0.30833333333333335,0.5166666666666669,0.20833333333333337,0.41666666666666674,63,0.6428571428571429,16,0.375,8,1.0,5,0.6875,0.6572121212121212,,,,,,,,,,,,,,,
oracle_hybrid,horizon,20,ADR-linear-split/LearnedGate+LearnedChoice,0.23333333333333334,0.5000000000000002,0.2666666666666668,0.41666666666666674,63,0.6428571428571429,16,0.375,8,0.125,5,0.25,0.3976161616161616,,,,,,,,,,,,,,,
oracle_hybrid,horizon,20,ADR-tiny-nonlinear-choice/OracleGate+OracleChoice,0.7083333333333336,0.7083333333333336,0.0,0.3833333333333334,63,1.0,16,1.0,8,1.0,5,1.0,1.0,,,,,,,,,,,,,,,
oracle_hybrid,horizon,20,ADR-tiny-nonlinear-choice/OracleGate+LearnedChoice,0.6583333333333337,0.691666666666667,0.03333333333333335,0.3833333333333334,63,1.0,16,0.875,8,0.5,5,0.6875,0.8454545454545453,,,,,,,,,,,,,,,
oracle_hybrid,horizon,20,ADR-tiny-nonlinear-choice/LearnedGate+OracleChoice,0.325,0.5333333333333335,0.20833333333333337,0.4000000000000001,63,0.7142857142857143,16,0.375,8,1.0,5,0.6875,0.6730011261261261,,,,,,,,,,,,,,,
oracle_hybrid,horizon,20,ADR-tiny-nonlinear-choice/LearnedGate+LearnedChoice,0.25833333333333336,0.5000000000000002,0.24166666666666672,0.4000000000000001,63,0.7142857142857143,16,0.25,8,0.5,5,0.375,0.5282269813519814,,,,,,,,,,,,,,,
conditional_choice,horizon,20,ADR-linear-full,,,,,13,,,,,,,,,0.5625,0.5555555555555556,0.875,0.25,7,1,3,2,"[[7.0, 1.0], [3.0, 1.0]]",,,,,,
conditional_choice,horizon,20,ADR-linear-split,,,,,13,,,,,,,,,0.5625,0.5213675213675213,1.0,0.125,8,0,4,1,"[[8.0, 0.0], [3.5, 0.5]]",,,,,,
conditional_choice,horizon,20,ADR-tiny-nonlinear-choice,,,,,13,,,,,,,,,0.6875,0.6974789915966386,0.875,0.5,7,1,2,3,"[[7.0, 1.0], [2.0, 2.0]]",,,,,,
conditional_choice,horizon,20,Fixed-Detour diagnostic,,,,,13,,,,,,,,,0.5,0.4,1.0,0.0,8,0,5,0,"[[8.0, 0.0], [4.0, 0.0]]",,,,,,
conditional_choice,horizon,20,Condition-only choice diagnostic,,,,,13,,,,,,,,,0.375,0.37777777777777777,0.5,0.25,4,4,4,1,"[[4.0, 4.0], [3.0, 1.0]]",,,,,,
conditional_choice,horizon,20,Horizon-only choice diagnostic,,,,,13,,,,,,,,,0.5,0.4,1.0,0.0,8,0,5,0,"[[8.0, 0.0], [4.0, 0.0]]",,,,,,
benefit_gate,horizon,20,ADR-linear-full,,,,0.3833333333333334,63,,,,,,,,,0.5532407407407407,,,,,,,,,0.6342592592592592,0.4722222222222222,0.4891304347826087,0.4787856269047207,41,22
benefit_gate,horizon,20,ADR-linear-split,,,,0.41666666666666674,63,,,,,,,,,0.5671296296296295,,,,,,,,,0.6064814814814814,0.5277777777777778,0.4891304347826087,0.4787856269047207,41,22
benefit_gate,horizon,20,ADR-tiny-nonlinear-choice,,,,0.4000000000000001,63,,,,,,,,,0.5810185185185185,,,,,,,,,0.6342592592592592,0.5277777777777778,0.4891304347826087,0.4787856269047207,41,22
composed_router,horizon,30,Base,0.18421052631578944,0.5614035087719297,0.3771929824561403,0.0,57,1.0,15,0.0,6,0.0,1,0.0,0.2621722846441948,,,,,,,,,,,,,,,
composed_router,horizon,30,Always Detour,0.34210526315789475,0.4473684210526316,0.10526315789473684,1.0,57,0.0,15,1.0,6,0.0,1,0.5,0.15238095238095237,,,,,,,,,,,,,,,
composed_router,horizon,30,Always Retreat,-0.17543859649122806,0.0,0.17543859649122806,1.0,57,0.0,15,0.0,6,1.0,1,0.5,0.03508771929824561,,,,,,,,,,,,,,,
composed_router,horizon,30,Risk->Retreat,0.07894736842105261,0.40350877192982454,0.3245614035087719,0.41228070175438597,57,0.75,15,0.0,6,0.0,1,0.0,0.24761904761904763,,,,,,,,,,,,,,,
composed_router,horizon,30,Risk->Detour,0.3771929824561403,0.5614035087719298,0.18421052631578946,0.5701754385964911,57,0.625,15,0.8333333333333334,6,0.0,1,0.4166666666666667,0.43915343915343913,,,,,,,,,,,,,,,
composed_router,horizon,30,Risk->BestFixed,0.3771929824561403,0.5614035087719298,0.18421052631578946,0.5701754385964911,57,0.625,15,0.8333333333333334,6,0.0,1,0.4166666666666667,0.43915343915343913,,,,,,,,,,,,,,,
composed_router,horizon,30,Risk+TwoStage,0.28947368421052627,0.5438596491228069,0.25438596491228066,0.5350877192982456,57,0.625,15,0.6666666666666666,6,0.0,1,0.3333333333333333,0.4037444037444038,,,,,,,,,,,,,,,
composed_router,horizon,30,SB-Risk+TwoStage,0.28947368421052627,0.5438596491228069,0.25438596491228066,0.5350877192982456,57,0.625,15,0.6666666666666666,6,0.0,1,0.3333333333333333,0.4037444037444038,,,,,,,,,,,,,,,
composed_router,horizon,30,DirectChoice,0.2982456140350877,0.5438596491228069,0.24561403508771926,0.4912280701754385,57,0.6666666666666666,15,0.6666666666666666,6,0.0,1,0.3333333333333333,0.4098765432098766,,,,,,,,,,,,,,,
composed_router,horizon,30,DirectQ,0.20175438596491227,0.48245614035087714,0.2807017543859649,0.4912280701754385,57,0.5,15,0.5,6,0.0,1,0.25,0.3253272334477062,,,,,,,,,,,,,,,
composed_router,horizon,30,SB-DirectQ,0.22807017543859648,0.4999999999999999,0.27192982456140347,0.40350877192982454,57,0.625,15,0.3333333333333333,6,0.0,1,0.16666666666666666,0.32192179843048563,,,,,,,,,,,,,,,
composed_router,horizon,30,PairwiseAdvantage,0.20175438596491227,0.48245614035087714,0.2807017543859649,0.4912280701754385,57,0.5,15,0.5,6,0.0,1,0.25,0.3253272334477062,,,,,,,,,,,,,,,
composed_router,horizon,30,OutcomeRouter,0.3947368421052631,0.5877192982456139,0.19298245614035087,0.5964912280701754,57,0.5833333333333334,15,0.8333333333333334,6,0.0,1,0.4166666666666667,0.4155489319423746,,,,,,,,,,,,,,,
composed_router,horizon,30,SB-OutcomeRouter,0.2807017543859649,0.5438596491228069,0.2631578947368421,0.5263157894736841,57,0.625,15,0.6666666666666666,6,0.0,1,0.3333333333333333,0.3876058878474571,,,,,,,,,,,,,,,
composed_router,horizon,30,SB-COR,0.27192982456140347,0.5175438596491228,0.24561403508771926,0.5263157894736841,57,0.5833333333333334,15,0.5,6,0.0,1,0.25,0.3583333333333334,,,,,,,,,,,,,,,
composed_router,horizon,30,OutcomeRouter-hidden-only,0.2807017543859649,0.5087719298245613,0.22807017543859648,0.6140350877192982,57,0.4166666666666667,15,0.6666666666666666,6,0.0,1,0.3333333333333333,0.30276351186109074,,,,,,,,,,,,,,,
composed_router,horizon,30,OutcomeRouter-state-action-only,0.27192982456140347,0.5438596491228069,0.27192982456140347,0.3771929824561403,57,0.6666666666666666,15,0.3333333333333333,6,0.0,1,0.16666666666666666,0.33360950013808344,,,,,,,,,,,,,,,
composed_router,horizon,30,Condition-only diagnostic,0.42105263157894735,0.5964912280701754,0.17543859649122806,0.4385964912280701,57,0.9583333333333334,15,0.5,6,0.0,1,0.25,0.48205128205128206,,,,,,,,,,,,,,,
composed_router,horizon,30,Horizon-only diagnostic,0.3245614035087719,0.5438596491228069,0.21929824561403505,0.5789473684210527,57,0.5833333333333334,15,0.8333333333333334,6,0.0,1,0.4166666666666667,0.42569393269466965,,,,,,,,,,,,,,,
composed_router,horizon,30,ADR-linear-full,0.19298245614035084,0.46491228070175433,0.27192982456140347,0.48245614035087714,57,0.5833333333333334,15,0.3333333333333333,6,0.0,1,0.16666666666666666,0.30418653948065716,,,,,,,,,,,,,,,
composed_router,horizon,30,ADR-linear-split,0.22807017543859642,0.46491228070175433,0.23684210526315788,0.5701754385964911,57,0.4166666666666667,15,0.3333333333333333,6,0.0,1,0.16666666666666666,0.24356089022255564,,,,,,,,,,,,,,,
composed_router,horizon,30,ADR-tiny-nonlinear-choice,0.17543859649122806,0.46491228070175433,0.2894736842105263,0.4473684210526316,57,0.5,15,0.16666666666666666,6,0.0,1,0.08333333333333333,0.22300469483568075,,,,,,,,,,,,,,,
composed_router,horizon,30,Oracle upper bound diagnostic,0.631578947368421,0.6842105263157895,0.05263157894736842,0.34210526315789475,57,1.0,15,1.0,6,1.0,1,1.0,1.0,,,,,,,,,,,,,,,
oracle_hybrid,horizon,30,ADR-linear-full/OracleGate+OracleChoice,0.631578947368421,0.6842105263157895,0.05263157894736842,0.34210526315789475,57,1.0,15,1.0,6,1.0,1,1.0,1.0,,,,,,,,,,,,,,,
oracle_hybrid,horizon,30,ADR-linear-full/OracleGate+LearnedChoice,0.5964912280701754,0.6666666666666665,0.07017543859649122,0.34210526315789475,57,1.0,15,0.8333333333333334,6,0.0,1,0.4166666666666667,0.6274509803921569,,,,,,,,,,,,,,,
oracle_hybrid,horizon,30,ADR-linear-full/LearnedGate+OracleChoice,0.22807017543859648,0.5,0.27192982456140347,0.48245614035087714,57,0.5833333333333334,15,0.3333333333333333,6,0.0,1,0.16666666666666666,0.30418653948065716,,,,,,,,,,,,,,,
oracle_hybrid,horizon,30,ADR-linear-full/LearnedGate+LearnedChoice,0.19298245614035084,0.46491228070175433,0.27192982456140347,0.48245614035087714,57,0.5833333333333334,15,0.3333333333333333,6,0.0,1,0.16666666666666666,0.30418653948065716,,,,,,,,,,,,,,,
oracle_hybrid,horizon,30,ADR-linear-split/OracleGate+OracleChoice,0.631578947368421,0.6842105263157895,0.05263157894736842,0.34210526315789475,57,1.0,15,1.0,6,1.0,1,1.0,1.0,,,,,,,,,,,,,,,
oracle_hybrid,horizon,30,ADR-linear-split/OracleGate+LearnedChoice,0.5964912280701754,0.6666666666666665,0.07017543859649122,0.34210526315789475,57,1.0,15,0.8333333333333334,6,0.0,1,0.4166666666666667,0.6274509803921569,,,,,,,,,,,,,,,
oracle_hybrid,horizon,30,ADR-linear-split/LearnedGate+OracleChoice,0.22807017543859642,0.46491228070175433,0.23684210526315788,0.5701754385964911,57,0.4166666666666667,15,0.3333333333333333,6,0.0,1,0.16666666666666666,0.24356089022255564,,,,,,,,,,,,,,,
oracle_hybrid,horizon,30,ADR-linear-split/LearnedGate+LearnedChoice,0.22807017543859642,0.46491228070175433,0.23684210526315788,0.5701754385964911,57,0.4166666666666667,15,0.3333333333333333,6,0.0,1,0.16666666666666666,0.24356089022255564,,,,,,,,,,,,,,,
oracle_hybrid,horizon,30,ADR-tiny-nonlinear-choice/OracleGate+OracleChoice,0.631578947368421,0.6842105263157895,0.05263157894736842,0.34210526315789475,57,1.0,15,1.0,6,1.0,1,1.0,1.0,,,,,,,,,,,,,,,
oracle_hybrid,horizon,30,ADR-tiny-nonlinear-choice/OracleGate+LearnedChoice,0.45614035087719296,0.631578947368421,0.17543859649122806,0.34210526315789475,57,1.0,15,0.6666666666666666,6,0.0,1,0.3333333333333333,0.5632183908045977,,,,,,,,,,,,,,,
oracle_hybrid,horizon,30,ADR-tiny-nonlinear-choice/LearnedGate+OracleChoice,0.17543859649122806,0.46491228070175433,0.2894736842105263,0.4473684210526316,57,0.5,15,0.16666666666666666,6,0.0,1,0.08333333333333333,0.22072072072072071,,,,,,,,,,,,,,,
oracle_hybrid,horizon,30,ADR-tiny-nonlinear-choice/LearnedGate+LearnedChoice,0.17543859649122806,0.46491228070175433,0.2894736842105263,0.4473684210526316,57,0.5,15,0.16666666666666666,6,0.0,1,0.08333333333333333,0.22300469483568075,,,,,,,,,,,,,,,
conditional_choice,horizon,30,ADR-linear-full,,,,,7,,,,,,,,,0.4166666666666667,0.4166666666666667,0.8333333333333334,0.0,5,1,1,0,"[[5.0, 1.0], [1.0, 0.0]]",,,,,,
conditional_choice,horizon,30,ADR-linear-split,,,,,7,,,,,,,,,0.4166666666666667,0.4166666666666667,0.8333333333333334,0.0,5,1,1,0,"[[5.0, 1.0], [1.0, 0.0]]",,,,,,
conditional_choice,horizon,30,ADR-tiny-nonlinear-choice,,,,,7,,,,,,,,,0.3333333333333333,0.36363636363636365,0.6666666666666666,0.0,4,2,1,0,"[[4.0, 2.0], [1.0, 0.0]]",,,,,,
conditional_choice,horizon,30,Fixed-Detour diagnostic,,,,,7,,,,,,,,,0.5,0.46153846153846156,1.0,0.0,6,0,1,0,"[[6.0, 0.0], [1.0, 0.0]]",,,,,,
conditional_choice,horizon,30,Condition-only choice diagnostic,,,,,7,,,,,,,,,0.3333333333333333,0.36363636363636365,0.6666666666666666,0.0,4,2,1,0,"[[4.0, 2.0], [1.0, 0.0]]",,,,,,
conditional_choice,horizon,30,Horizon-only choice diagnostic,,,,,7,,,,,,,,,0.5,0.46153846153846156,1.0,0.0,6,0,1,0,"[[6.0, 0.0], [1.0, 0.0]]",,,,,,
benefit_gate,horizon,30,ADR-linear-full,,,,0.48245614035087714,57,,,,,,,,,0.4071078431372549,,,,,,,,,0.4392156862745098,0.375,0.354871794871795,0.30651922373496837,40,17
benefit_gate,horizon,30,ADR-linear-split,,,,0.5701754385964911,57,,,,,,,,,0.42549019607843136,,,,,,,,,0.3509803921568627,0.5,0.354871794871795,0.30651922373496837,40,17
benefit_gate,horizon,30,ADR-tiny-nonlinear-choice,,,,0.4473684210526316,57,,,,,,,,,0.390563725490196,,,,,,,,,0.4686274509803921,0.3125,0.354871794871795,0.30651922373496837,40,17
composed_router,horizon,40,Base,-0.03703703703703703,0.4074074074074074,0.4444444444444444,0.0,27,1.0,4,0.0,2,0.0,1,0.0,0.2222222222222222,,,,,,,,,,,,,,,
composed_router,horizon,40,Always Detour,0.1481481481481481,0.3333333333333333,0.18518518518518517,1.0,27,0.0,4,1.0,2,0.0,1,0.5,0.16666666666666666,,,,,,,,,,,,,,,
composed_router,horizon,40,Always Retreat,-0.37037037037037035,0.0,0.37037037037037035,1.0,27,0.0,4,0.0,2,1.0,1,0.5,0.09523809523809523,,,,,,,,,,,,,,,
composed_router,horizon,40,Risk->Retreat,-0.18518518518518523,0.33333333333333326,0.5185185185185185,0.4444444444444444,27,0.6666666666666666,4,0.0,2,1.0,1,0.5,0.38888888888888884,,,,,,,,,,,,,,,
composed_router,horizon,40,Risk->Detour,0.03703703703703703,0.37037037037037035,0.3333333333333333,0.4444444444444444,27,0.6666666666666666,4,0.5,2,0.0,1,0.25,0.35555555555555557,,,,,,,,,,,,,,,
composed_router,horizon,40,Risk->BestFixed,0.03703703703703703,0.37037037037037035,0.3333333333333333,0.4444444444444444,27,0.6666666666666666,4,0.5,2,0.0,1,0.25,0.35555555555555557,,,,,,,,,,,,,,,
composed_router,horizon,40,Risk+TwoStage,-0.07407407407407411,0.37037037037037035,0.4444444444444444,0.4444444444444444,27,0.6666666666666666,4,0.5,2,0.0,1,0.25,0.35555555555555557,,,,,,,,,,,,,,,
composed_router,horizon,40,SB-Risk+TwoStage,-0.07407407407407411,0.37037037037037035,0.4444444444444444,0.4444444444444444,27,0.6666666666666666,4,0.5,2,0.0,1,0.25,0.35555555555555557,,,,,,,,,,,,,,,
composed_router,horizon,40,DirectChoice,-0.03703703703703703,0.4074074074074074,0.4444444444444444,0.0,27,1.0,4,0.0,2,0.0,1,0.0,0.2222222222222222,,,,,,,,,,,,,,,
composed_router,horizon,40,DirectQ,-0.03703703703703703,0.37037037037037035,0.4074074074074074,0.18518518518518517,27,0.6666666666666666,4,0.0,2,0.0,1,0.0,0.16666666666666666,,,,,,,,,,,,,,,
composed_router,horizon,40,SB-DirectQ,-0.05555555555555555,0.37037037037037035,0.4259259259259259,0.18518518518518517,27,0.6666666666666666,4,0.0,2,0.0,1,0.0,0.16666666666666666,,,,,,,,,,,,,,,
composed_router,horizon,40,PairwiseAdvantage,-0.03703703703703703,0.37037037037037035,0.4074074074074074,0.18518518518518517,27,0.6666666666666666,4,0.0,2,0.0,1,0.0,0.16666666666666666,,,,,,,,,,,,,,,
composed_router,horizon,40,OutcomeRouter,0.07407407407407408,0.33333333333333326,0.25925925925925924,0.5555555555555556,27,0.3333333333333333,4,0.5,2,0.0,1,0.25,0.24444444444444446,,,,,,,,,,,,,,,
composed_router,horizon,40,SB-OutcomeRouter,0.1481481481481481,0.4074074074074074,0.25925925925925924,0.4444444444444444,27,1.0,4,0.5,2,0.0,1,0.25,0.4523809523809524,,,,,,,,,,,,,,,
composed_router,horizon,40,SB-COR,0.12962962962962962,0.37037037037037035,0.24074074074074073,0.3888888888888889,27,0.6666666666666666,4,0.5,2,0.0,1,0.25,0.35555555555555557,,,,,,,,,,,,,,,
composed_router,horizon,40,OutcomeRouter-hidden-only,0.1111111111111111,0.37037037037037035,0.25925925925925924,0.574074074074074,27,0.6666666666666666,4,0.5,2,0.0,1,0.25,0.35714285714285715,,,,,,,,,,,,,,,
composed_router,horizon,40,OutcomeRouter-state-action-only,0.07407407407407406,0.37037037037037035,0.2962962962962963,0.4629629629629629,27,0.6666666666666666,4,0.5,2,0.0,1,0.25,0.35555555555555557,,,,,,,,,,,,,,,
composed_router,horizon,40,Condition-only diagnostic,0.07407407407407401,0.4444444444444444,0.37037037037037035,0.5555555555555556,27,1.0,4,0.5,2,1.0,1,0.75,0.7777777777777777,,,,,,,,,,,,,,,
composed_router,horizon,40,Horizon-only diagnostic,-0.03703703703703703,0.3333333333333333,0.37037037037037035,0.5555555555555556,27,0.3333333333333333,4,0.0,2,0.0,1,0.0,0.09523809523809523,,,,,,,,,,,,,,,
composed_router,horizon,40,ADR-linear-full,0.07407407407407408,0.37037037037037035,0.2962962962962963,0.31481481481481477,27,0.6666666666666666,4,0.5,2,0.0,1,0.25,0.35714285714285715,,,,,,,,,,,,,,,
composed_router,horizon,40,ADR-linear-split,0.07407407407407408,0.33333333333333326,0.25925925925925924,0.5,27,0.3333333333333333,4,0.5,2,0.0,1,0.25,0.24444444444444446,,,,,,,,,,,,,,,
composed_router,horizon,40,ADR-tiny-nonlinear-choice,0.07407407407407408,0.37037037037037035,0.2962962962962963,0.31481481481481477,27,0.6666666666666666,4,0.5,2,0.0,1,0.25,0.35714285714285715,,,,,,,,,,,,,,,
composed_router,horizon,40,Oracle upper bound diagnostic,0.2962962962962962,0.4444444444444444,0.14814814814814814,0.2962962962962963,27,1.0,4,1.0,2,1.0,1,1.0,1.0,,,,,,,,,,,,,,,
oracle_hybrid,horizon,40,ADR-linear-full/OracleGate+OracleChoice,0.2962962962962962,0.4444444444444444,0.14814814814814814,0.2962962962962963,27,1.0,4,1.0,2,1.0,1,1.0,1.0,,,,,,,,,,,,,,,
oracle_hybrid,horizon,40,ADR-linear-full/OracleGate+LearnedChoice,0.22222222222222218,0.4074074074074074,0.18518518518518517,0.2962962962962963,27,1.0,4,0.5,2,0.0,1,0.25,0.5,,,,,,,,,,,,,,,
oracle_hybrid,horizon,40,ADR-linear-full/LearnedGate+OracleChoice,0.07407407407407408,0.37037037037037035,0.2962962962962963,0.31481481481481477,27,0.6666666666666666,4,0.5,2,0.0,1,0.25,0.35714285714285715,,,,,,,,,,,,,,,
oracle_hybrid,horizon,40,ADR-linear-full/LearnedGate+LearnedChoice,0.07407407407407408,0.37037037037037035,0.2962962962962963,0.31481481481481477,27,0.6666666666666666,4,0.5,2,0.0,1,0.25,0.35714285714285715,,,,,,,,,,,,,,,
oracle_hybrid,horizon,40,ADR-linear-split/OracleGate+OracleChoice,0.2962962962962962,0.4444444444444444,0.14814814814814814,0.2962962962962963,27,1.0,4,1.0,2,1.0,1,1.0,1.0,,,,,,,,,,,,,,,
oracle_hybrid,horizon,40,ADR-linear-split/OracleGate+LearnedChoice,0.25925925925925924,0.4444444444444444,0.18518518518518517,0.2962962962962963,27,1.0,4,1.0,2,0.0,1,0.5,0.6,,,,,,,,,,,,,,,
oracle_hybrid,horizon,40,ADR-linear-split/LearnedGate+OracleChoice,0.1111111111111111,0.33333333333333326,0.2222222222222222,0.5,27,0.3333333333333333,4,0.5,2,1.0,1,0.75,0.6,,,,,,,,,,,,,,,
oracle_hybrid,horizon,40,ADR-linear-split/LearnedGate+LearnedChoice,0.07407407407407408,0.33333333333333326,0.25925925925925924,0.5,27,0.3333333333333333,4,0.5,2,0.0,1,0.25,0.24444444444444446,,,,,,,,,,,,,,,
oracle_hybrid,horizon,40,ADR-tiny-nonlinear-choice/OracleGate+OracleChoice,0.2962962962962962,0.4444444444444444,0.14814814814814814,0.2962962962962963,27,1.0,4,1.0,2,1.0,1,1.0,1.0,,,,,,,,,,,,,,,
oracle_hybrid,horizon,40,ADR-tiny-nonlinear-choice/OracleGate+LearnedChoice,0.2962962962962962,0.4444444444444444,0.14814814814814814,0.2962962962962963,27,1.0,4,1.0,2,1.0,1,1.0,1.0,,,,,,,,,,,,,,,
oracle_hybrid,horizon,40,ADR-tiny-nonlinear-choice/LearnedGate+OracleChoice,0.07407407407407408,0.37037037037037035,0.2962962962962963,0.31481481481481477,27,0.6666666666666666,4,0.5,2,0.0,1,0.25,0.35714285714285715,,,,,,,,,,,,,,,
oracle_hybrid,horizon,40,ADR-tiny-nonlinear-choice/LearnedGate+LearnedChoice,0.07407407407407408,0.37037037037037035,0.2962962962962963,0.31481481481481477,27,0.6666666666666666,4,0.5,2,0.0,1,0.25,0.35714285714285715,,,,,,,,,,,,,,,
conditional_choice,horizon,40,ADR-linear-full,,,,,3,,,,,,,,,0.25,0.25,0.5,0.0,1,1,1,0,"[[1.0, 1.0], [1.0, 0.0]]",,,,,,
conditional_choice,horizon,40,ADR-linear-split,,,,,3,,,,,,,,,0.5,0.4,1.0,0.0,2,0,1,0,"[[2.0, 0.0], [1.0, 0.0]]",,,,,,
conditional_choice,horizon,40,ADR-tiny-nonlinear-choice,,,,,3,,,,,,,,,1.0,1.0,1.0,1.0,2,0,0,1,"[[2.0, 0.0], [0.0, 1.0]]",,,,,,
conditional_choice,horizon,40,Fixed-Detour diagnostic,,,,,3,,,,,,,,,0.5,0.4,1.0,0.0,2,0,1,0,"[[2.0, 0.0], [1.0, 0.0]]",,,,,,
conditional_choice,horizon,40,Condition-only choice diagnostic,,,,,3,,,,,,,,,0.75,0.6666666666666666,0.5,1.0,1,1,0,1,"[[1.0, 1.0], [0.0, 1.0]]",,,,,,
conditional_choice,horizon,40,Horizon-only choice diagnostic,,,,,3,,,,,,,,,0.5,0.4,1.0,0.0,2,0,1,0,"[[2.0, 0.0], [1.0, 0.0]]",,,,,,
benefit_gate,horizon,40,ADR-linear-full,,,,0.31481481481481477,27,,,,,,,,,0.5677083333333333,,,,,,,,,0.8020833333333333,0.3333333333333333,0.5888157894736842,0.37815449821599717,19,8
benefit_gate,horizon,40,ADR-linear-split,,,,0.5,27,,,,,,,,,0.640625,,,,,,,,,0.6145833333333333,0.6666666666666666,0.5888157894736842,0.37815449821599717,19,8
benefit_gate,horizon,40,ADR-tiny-nonlinear-choice,,,,0.31481481481481477,27,,,,,,,,,0.5677083333333333,,,,,,,,,0.8020833333333333,0.3333333333333333,0.5888157894736842,0.37815449821599717,19,8
composed_router,horizon,5,Base,0.024999999999999988,0.4416666666666669,0.41666666666666674,0.0,63,1.0,15,0.0,10,0.0,7,0.0,0.21756487025948104,,,,,,,,,,,,,,,
composed_router,horizon,5,Always Detour,0.00833333333333333,0.33333333333333337,0.32500000000000007,1.0,63,0.0,15,1.0,10,0.0,7,0.5,0.16161616161616163,,,,,,,,,,,,,,,
composed_router,horizon,5,Always Retreat,-0.24166666666666672,0.0,0.24166666666666672,1.0,63,0.0,15,0.0,10,1.0,7,0.5,0.1090458488228005,,,,,,,,,,,,,,,
composed_router,horizon,5,Risk->Retreat,0.14166666666666675,0.41666666666666674,0.2750000000000001,0.3500000000000001,63,0.9090909090909091,15,0.0,10,0.5,7,0.25,0.3945686224705783,,,,,,,,,,,,,,,
composed_router,horizon,5,Risk->Detour,0.11666666666666671,0.45833333333333365,0.34166666666666673,0.5083333333333335,63,0.7727272727272727,15,0.5952380952380951,10,0.0,7,0.29761904761904756,0.3735378870895734,,,,,,,,,,,,,,,
composed_router,horizon,5,Risk->BestFixed,0.11666666666666671,0.45833333333333365,0.34166666666666673,0.5083333333333335,63,0.7727272727272727,15,0.5952380952380951,10,0.0,7,0.29761904761904756,0.3735378870895734,,,,,,,,,,,,,,,
composed_router,horizon,5,Risk+TwoStage,0.0916666666666667,0.3916666666666668,0.30000000000000004,0.48333333333333345,63,0.7727272727272727,15,0.21428571428571427,10,0.3333333333333333,7,0.2738095238095238,0.4386247887494858,,,,,,,,,,,,,,,
composed_router,horizon,5,SB-Risk+TwoStage,0.0916666666666667,0.3916666666666668,0.30000000000000004,0.48333333333333345,63,0.7727272727272727,15,0.21428571428571427,10,0.3333333333333333,7,0.2738095238095238,0.4386247887494858,,,,,,,,,,,,,,,
composed_router,horizon,5,DirectChoice,0.10000000000000003,0.4000000000000001,0.30000000000000004,0.42500000000000016,63,0.6818181818181818,15,0.2857142857142857,10,0.16666666666666666,7,0.22619047619047616,0.3610376435302251,,,,,,,,,,,,,,,
composed_router,horizon,5,DirectQ,0.09166666666666669,0.3750000000000001,0.2833333333333334,0.45000000000000023,63,0.6363636363636364,15,0.3333333333333333,10,0.3333333333333333,7,0.3333333333333333,0.33511196395607845,,,,,,,,,,,,,,,
composed_router,horizon,5,SB-DirectQ,0.14166666666666672,0.3916666666666668,0.2500000000000001,0.41666666666666685,63,0.7272727272727273,15,0.3333333333333333,10,0.6666666666666666,7,0.5,0.49327187254065513,,,,,,,,,,,,,,,
composed_router,horizon,5,PairwiseAdvantage,0.09166666666666669,0.3750000000000001,0.2833333333333334,0.45000000000000023,63,0.6363636363636364,15,0.3333333333333333,10,0.3333333333333333,7,0.3333333333333333,0.33511196395607845,,,,,,,,,,,,,,,
composed_router,horizon,5,OutcomeRouter,0.10833333333333339,0.42500000000000016,0.3166666666666667,0.4500000000000002,63,0.8636363636363636,15,0.23809523809523808,10,0.16666666666666666,7,0.20238095238095238,0.34165604073877565,,,,,,,,,,,,,,,
composed_router,horizon,5,SB-OutcomeRouter,0.15833333333333335,0.4416666666666669,0.2833333333333334,0.4500000000000002,63,0.8636363636363636,15,0.3095238095238095,10,0.5,7,0.40476190476190477,0.5256628143970167,,,,,,,,,,,,,,,
composed_router,horizon,5,SB-COR,0.12500000000000006,0.40833333333333344,0.2833333333333334,0.41666666666666674,63,0.7272727272727273,15,0.3095238095238095,10,0.5,7,0.40476190476190477,0.48544053020649197,,,,,,,,,,,,,,,
composed_router,horizon,5,OutcomeRouter-hidden-only,0.1333333333333334,0.4000000000000001,0.2666666666666668,0.5250000000000001,63,0.5454545454545454,15,0.5476190476190476,10,0.6666666666666666,7,0.6071428571428571,0.5510531941581318,,,,,,,,,,,,,,,
composed_router,horizon,5,OutcomeRouter-state-action-only,-0.00833333333333335,0.3833333333333334,0.3916666666666668,0.42500000000000004,63,0.6363636363636364,15,0.2857142857142857,10,0.0,7,0.14285714285714285,0.2160239264149879,,,,,,,,,,,,,,,
composed_router,horizon,5,Condition-only diagnostic,0.15833333333333335,0.45833333333333365,0.30000000000000004,0.43333333333333335,63,1.0,15,0.2857142857142857,10,0.16666666666666666,7,0.22619047619047616,0.47090485272303445,,,,,,,,,,,,,,,
composed_router,horizon,5,Horizon-only diagnostic,0.024999999999999988,0.4416666666666669,0.41666666666666674,0.0,63,1.0,15,0.0,10,0.0,7,0.0,0.21756487025948104,,,,,,,,,,,,,,,
composed_router,horizon,5,ADR-linear-full,0.07500000000000002,0.36666666666666675,0.2916666666666667,0.491666666666667,63,0.5909090909090909,15,0.3333333333333333,10,0.16666666666666666,7,0.25,0.30360264826514755,,,,,,,,,,,,,,,
composed_router,horizon,5,ADR-linear-split,0.1333333333333334,0.3916666666666668,0.2583333333333334,0.541666666666667,63,0.5909090909090909,15,0.5714285714285714,10,0.3333333333333333,7,0.45238095238095233,0.48061483188124304,,,,,,,,,,,,,,,
composed_router,horizon,5,ADR-tiny-nonlinear-choice,0.15000000000000005,0.42500000000000016,0.2750000000000001,0.491666666666667,63,0.5909090909090909,15,0.6904761904761905,10,0.3333333333333333,7,0.5119047619047619,0.5080432660295694,,,,,,,,,,,,,,,
composed_router,horizon,5,Oracle upper bound diagnostic,0.35833333333333345,0.5583333333333337,0.20000000000000004,0.2750000000000001,63,1.0,15,1.0,10,1.0,7,1.0,1.0,,,,,,,,,,,,,,,
oracle_hybrid,horizon,5,ADR-linear-full/OracleGate+OracleChoice,0.35833333333333345,0.5583333333333337,0.20000000000000004,0.2750000000000001,63,1.0,15,1.0,10,1.0,7,1.0,1.0,,,,,,,,,,,,,,,
oracle_hybrid,horizon,5,ADR-linear-full/OracleGate+LearnedChoice,0.22499999999999998,0.491666666666667,0.2666666666666668,0.2750000000000001,63,1.0,15,0.5714285714285714,10,0.3333333333333333,7,0.45238095238095233,0.55432715867882,,,,,,,,,,,,,,,
oracle_hybrid,horizon,5,ADR-linear-full/LearnedGate+OracleChoice,0.20833333333333334,0.43333333333333346,0.2250000000000001,0.491666666666667,63,0.5909090909090909,15,0.6904761904761905,10,0.8333333333333334,7,0.7619047619047619,0.7092091909227459,,,,,,,,,,,,,,,
oracle_hybrid,horizon,5,ADR-linear-full/LearnedGate+LearnedChoice,0.07500000000000002,0.36666666666666675,0.2916666666666667,0.491666666666667,63,0.5909090909090909,15,0.3333333333333333,10,0.16666666666666666,7,0.25,0.30360264826514755,,,,,,,,,,,,,,,
oracle_hybrid,horizon,5,ADR-linear-split/OracleGate+OracleChoice,0.35833333333333345,0.5583333333333337,0.20000000000000004,0.2750000000000001,63,1.0,15,1.0,10,1.0,7,1.0,1.0,,,,,,,,,,,,,,,
oracle_hybrid,horizon,5,ADR-linear-split/OracleGate+LearnedChoice,0.25833333333333336,0.5166666666666669,0.2583333333333334,0.2750000000000001,63,1.0,15,0.738095238095238,10,0.3333333333333333,7,0.5357142857142857,0.6737615851709812,,,,,,,,,,,,,,,
oracle_hybrid,horizon,5,ADR-linear-split/LearnedGate+OracleChoice,0.22500000000000003,0.43333333333333346,0.20833333333333337,0.541666666666667,63,0.5909090909090909,15,0.8333333333333334,10,0.8333333333333334,7,0.8333333333333334,0.7671454271944468,,,,,,,,,,,,,,,
oracle_hybrid,horizon,5,ADR-linear-split/LearnedGate+LearnedChoice,0.1333333333333334,0.3916666666666668,0.2583333333333334,0.541666666666667,63,0.5909090909090909,15,0.5714285714285714,10,0.3333333333333333,7,0.45238095238095233,0.48061483188124304,,,,,,,,,,,,,,,
oracle_hybrid,horizon,5,ADR-tiny-nonlinear-choice/OracleGate+OracleChoice,0.35833333333333345,0.5583333333333337,0.20000000000000004,0.2750000000000001,63,1.0,15,1.0,10,1.0,7,1.0,1.0,,,,,,,,,,,,,,,
oracle_hybrid,horizon,5,ADR-tiny-nonlinear-choice/OracleGate+LearnedChoice,0.2916666666666667,0.541666666666667,0.2500000000000001,0.2750000000000001,63,1.0,15,0.9285714285714286,10,0.5,7,0.7142857142857143,0.7481682496607869,,,,,,,,,,,,,,,
oracle_hybrid,horizon,5,ADR-tiny-nonlinear-choice/LearnedGate+OracleChoice,0.20833333333333334,0.43333333333333346,0.2250000000000001,0.491666666666667,63,0.5909090909090909,15,0.6904761904761905,10,0.8333333333333334,7,0.7619047619047619,0.7092091909227459,,,,,,,,,,,,,,,
oracle_hybrid,horizon,5,ADR-tiny-nonlinear-choice/LearnedGate+LearnedChoice,0.15000000000000005,0.42500000000000016,0.2750000000000001,0.491666666666667,63,0.5909090909090909,15,0.6904761904761905,10,0.3333333333333333,7,0.5119047619047619,0.5080432660295694,,,,,,,,,,,,,,,
conditional_choice,horizon,5,ADR-linear-full,,,,,17,,,,,,,,,0.3805433016020432,0.37662337662337664,0.5068493150684932,0.25423728813559326,6,4,5,2,"[[3.0833333333333335, 3.0], [3.6666666666666665, 1.25]]",,,,,,
conditional_choice,horizon,5,ADR-linear-split,,,,,17,,,,,,,,,0.5595542140701184,0.5557692307692308,0.7123287671232876,0.4067796610169492,7,3,5,2,"[[4.333333333333333, 1.75], [2.9166666666666665, 2.0]]",,,,,,
conditional_choice,horizon,5,ADR-tiny-nonlinear-choice,,,,,17,,,,,,,,,0.687717668911075,0.6830131445904954,0.9178082191780822,0.45762711864406785,9,1,4,3,"[[5.583333333333333, 0.5], [2.6666666666666665, 2.25]]",,,,,,
conditional_choice,horizon,5,Fixed-Detour diagnostic,,,,,17,,,,,,,,,0.5,0.35609756097560974,1.0,0.0,10,0,7,0,"[[6.083333333333333, 0.0], [4.916666666666666, 0.0]]",,,,,,
conditional_choice,horizon,5,Condition-only choice diagnostic,,,,,17,,,,,,,,,0.3767123287671233,0.29411764705882354,0.7534246575342466,0.0,8,2,7,0,"[[4.583333333333333, 1.5], [4.916666666666666, 0.0]]",,,,,,
conditional_choice,horizon,5,Horizon-only choice diagnostic,,,,,17,,,,,,,,,0.5,0.35609756097560974,1.0,0.0,10,0,7,0,"[[6.083333333333333, 0.0], [4.916666666666666, 0.0]]",,,,,,
benefit_gate,horizon,5,ADR-linear-full,,,,0.491666666666667,63,,,,,,,,,0.7301282051282051,,,,,,,,,0.6333333333333333,0.8269230769230769,0.8296760710553817,0.5434848807709818,42,21
benefit_gate,horizon,5,ADR-linear-split,,,,0.541666666666667,63,,,,,,,,,0.7435897435897436,,,,,,,,,0.5833333333333333,0.9038461538461539,0.8296760710553817,0.5434848807709818,42,21
benefit_gate,horizon,5,ADR-tiny-nonlinear-choice,,,,0.491666666666667,63,,,,,,,,,0.7301282051282051,,,,,,,,,0.6333333333333333,0.8269230769230769,0.8296760710553817,0.5434848807709818,42,21
composed_router,family_horizon,glass|10,Base,-0.95,0.0,0.95,0.0,23,,0,0.0,9,0.0,9,0.0,0.0,,,,,,,,,,,,,,,
composed_router,family_horizon,glass|10,Always Detour,-0.15,0.3,0.45,1.0,23,,0,1.0,9,0.0,9,0.5,0.2222222222222222,,,,,,,,,,,,,,,
composed_router,family_horizon,glass|10,Always Retreat,-0.2,0.0,0.2,1.0,23,,0,0.0,9,1.0,9,0.5,0.2222222222222222,,,,,,,,,,,,,,,
composed_router,family_horizon,glass|10,Risk->Retreat,-0.6,0.0,0.6,0.5,23,,0,0.0,9,0.625,9,0.3125,0.20833333333333334,,,,,,,,,,,,,,,
composed_router,family_horizon,glass|10,Risk->Detour,-0.5,0.15,0.65,0.6,23,,0,0.625,9,0.0,9,0.3125,0.1851851851851852,,,,,,,,,,,,,,,
composed_router,family_horizon,glass|10,Risk->BestFixed,-0.5,0.15,0.65,0.6,23,,0,0.625,9,0.0,9,0.3125,0.1851851851851852,,,,,,,,,,,,,,,
composed_router,family_horizon,glass|10,Risk+TwoStage,-0.55,0.0,0.55,0.55,23,,0,0.125,9,0.5,9,0.3125,0.24444444444444446,,,,,,,,,,,,,,,
composed_router,family_horizon,glass|10,SB-Risk+TwoStage,-0.55,0.0,0.55,0.55,23,,0,0.125,9,0.5,9,0.3125,0.24444444444444446,,,,,,,,,,,,,,,
composed_router,family_horizon,glass|10,DirectChoice,-0.375,0.1,0.475,0.725,23,,0,0.25,9,0.5,9,0.375,0.2857142857142857,,,,,,,,,,,,,,,
composed_router,family_horizon,glass|10,DirectQ,-0.475,0.075,0.55,0.55,23,,0,0.1875,9,0.375,9,0.28125,0.24695652173913044,,,,,,,,,,,,,,,
composed_router,family_horizon,glass|10,SB-DirectQ,-0.425,0.075,0.5,0.55,23,,0,0.1875,9,0.5,9,0.34375,0.2927689594356261,,,,,,,,,,,,,,,
composed_router,family_horizon,glass|10,PairwiseAdvantage,-0.475,0.075,0.55,0.55,23,,0,0.1875,9,0.375,9,0.28125,0.24695652173913044,,,,,,,,,,,,,,,
composed_router,family_horizon,glass|10,OutcomeRouter,-0.225,0.125,0.35,0.75,23,,0,0.4375,9,0.5,9,0.46875,0.35674755214985093,,,,,,,,,,,,,,,
composed_router,family_horizon,glass|10,SB-OutcomeRouter,-0.275,0.125,0.4,0.7,23,,0,0.3125,9,0.5,9,0.40625,0.31724137931034485,,,,,,,,,,,,,,,
composed_router,family_horizon,glass|10,SB-COR,-0.4,0.075,0.475,0.625,23,,0,0.1875,9,0.5,9,0.34375,0.2708645677161419,,,,,,,,,,,,,,,
composed_router,family_horizon,glass|10,OutcomeRouter-hidden-only,-0.15,0.175,0.325,0.775,23,,0,0.5625,9,0.5,9,0.53125,0.39080459770114945,,,,,,,,,,,,,,,
composed_router,family_horizon,glass|10,OutcomeRouter-state-action-only,-0.65,0.1,0.75,0.5,23,,0,0.375,9,0.0,9,0.1875,0.13333333333333333,,,,,,,,,,,,,,,
composed_router,family_horizon,glass|10,Condition-only diagnostic,-0.35,0.15,0.5,1.0,23,,0,0.375,9,0.125,9,0.25,0.15873015873015872,,,,,,,,,,,,,,,
composed_router,family_horizon,glass|10,Horizon-only diagnostic,-0.5,0.15,0.65,0.65,23,,0,0.625,9,0.0,9,0.3125,0.17543859649122806,,,,,,,,,,,,,,,
composed_router,family_horizon,glass|10,ADR-linear-full,-0.3,0.175,0.475,0.725,23,,0,0.4375,9,0.375,9,0.40625,0.31053763440860216,,,,,,,,,,,,,,,
composed_router,family_horizon,glass|10,ADR-linear-split,-0.25,0.125,0.375,0.775,23,,0,0.3125,9,0.625,9,0.46875,0.338510553564317,,,,,,,,,,,,,,,
composed_router,family_horizon,glass|10,ADR-tiny-nonlinear-choice,-0.175,0.2,0.375,0.725,23,,0,0.5,9,0.625,9,0.5625,0.42857142857142855,,,,,,,,,,,,,,,
composed_router,family_horizon,glass|10,Oracle upper bound diagnostic,0.25,0.3,0.05,0.9,23,,0,1.0,9,1.0,9,1.0,0.6666666666666666,,,,,,,,,,,,,,,
oracle_hybrid,family_horizon,glass|10,ADR-linear-full/OracleGate+OracleChoice,0.25,0.3,0.05,0.9,23,,0,1.0,9,1.0,9,1.0,0.6666666666666666,,,,,,,,,,,,,,,
oracle_hybrid,family_horizon,glass|10,ADR-linear-full/OracleGate+LearnedChoice,-0.125,0.175,0.3,0.9,23,,0,0.5625,9,0.5,9,0.53125,0.35386119257086995,,,,,,,,,,,,,,,
oracle_hybrid,family_horizon,glass|10,ADR-linear-full/LearnedGate+OracleChoice,-0.025,0.25,0.275,0.725,23,,0,0.625,9,0.875,9,0.75,0.5675213675213676,,,,,,,,,,,,,,,
oracle_hybrid,family_horizon,glass|10,ADR-linear-full/LearnedGate+LearnedChoice,-0.3,0.175,0.475,0.725,23,,0,0.4375,9,0.375,9,0.40625,0.31053763440860216,,,,,,,,,,,,,,,
oracle_hybrid,family_horizon,glass|10,ADR-linear-split/OracleGate+OracleChoice,0.25,0.3,0.05,0.9,23,,0,1.0,9,1.0,9,1.0,0.6666666666666666,,,,,,,,,,,,,,,
oracle_hybrid,family_horizon,glass|10,ADR-linear-split/OracleGate+LearnedChoice,-0.025,0.175,0.2,0.9,23,,0,0.6875,9,0.625,9,0.65625,0.4372759856630824,,,,,,,,,,,,,,,
oracle_hybrid,family_horizon,glass|10,ADR-linear-split/LearnedGate+OracleChoice,0.025,0.25,0.225,0.775,23,,0,0.625,9,1.0,9,0.8125,0.5897435897435898,,,,,,,,,,,,,,,
oracle_hybrid,family_horizon,glass|10,ADR-linear-split/LearnedGate+LearnedChoice,-0.25,0.125,0.375,0.775,23,,0,0.3125,9,0.625,9,0.46875,0.338510553564317,,,,,,,,,,,,,,,
oracle_hybrid,family_horizon,glass|10,ADR-tiny-nonlinear-choice/OracleGate+OracleChoice,0.25,0.3,0.05,0.9,23,,0,1.0,9,1.0,9,1.0,0.6666666666666666,,,,,,,,,,,,,,,
oracle_hybrid,family_horizon,glass|10,ADR-tiny-nonlinear-choice/OracleGate+LearnedChoice,0.1,0.25,0.15,0.9,23,,0,0.875,9,0.75,9,0.8125,0.5411764705882353,,,,,,,,,,,,,,,
oracle_hybrid,family_horizon,glass|10,ADR-tiny-nonlinear-choice/LearnedGate+OracleChoice,-0.025,0.25,0.275,0.725,23,,0,0.625,9,0.875,9,0.75,0.5675213675213676,,,,,,,,,,,,,,,
oracle_hybrid,family_horizon,glass|10,ADR-tiny-nonlinear-choice/LearnedGate+LearnedChoice,-0.175,0.2,0.375,0.725,23,,0,0.5,9,0.625,9,0.5625,0.42857142857142855,,,,,,,,,,,,,,,
conditional_choice,family_horizon,glass|10,ADR-linear-full,,,,,18,,,,,,,,,0.53125,0.530791788856305,0.5625,0.5,5,4,5,4,"[[4.5, 3.5], [4.0, 4.0]]",,,,,,
conditional_choice,family_horizon,glass|10,ADR-linear-split,,,,,18,,,,,,,,,0.65625,0.6559139784946236,0.6875,0.625,6,3,4,5,"[[5.5, 2.5], [3.0, 5.0]]",,,,,,
conditional_choice,family_horizon,glass|10,ADR-tiny-nonlinear-choice,,,,,18,,,,,,,,,0.8125,0.8117647058823529,0.875,0.75,8,1,3,6,"[[7.0, 1.0], [2.0, 6.0]]",,,,,,
conditional_choice,family_horizon,glass|10,Fixed-Detour diagnostic,,,,,18,,,,,,,,,0.5,0.3333333333333333,1.0,0.0,9,0,9,0,"[[8.0, 0.0], [8.0, 0.0]]",,,,,,
conditional_choice,family_horizon,glass|10,Condition-only choice diagnostic,,,,,18,,,,,,,,,0.3125,0.2874493927125506,0.5,0.125,5,4,8,1,"[[4.0, 4.0], [7.0, 1.0]]",,,,,,
conditional_choice,family_horizon,glass|10,Horizon-only choice diagnostic,,,,,18,,,,,,,,,0.5,0.3333333333333333,1.0,0.0,9,0,9,0,"[[8.0, 0.0], [8.0, 0.0]]",,,,,,
benefit_gate,family_horizon,glass|10,ADR-linear-full,,,,0.725,23,,,,,,,,,0.625,,,,,,,,,0.5,0.75,0.6805555555555556,0.9503077371695184,2,21
benefit_gate,family_horizon,glass|10,ADR-linear-split,,,,0.775,23,,,,,,,,,0.6527777777777778,,,,,,,,,0.5,0.8055555555555556,0.6805555555555556,0.9503077371695184,2,21
benefit_gate,family_horizon,glass|10,ADR-tiny-nonlinear-choice,,,,0.725,23,,,,,,,,,0.625,,,,,,,,,0.5,0.75,0.6805555555555556,0.9503077371695184,2,21
composed_router,family_horizon,glass|20,Base,-0.85,0.05,0.9,0.0,23,1.0,1,0.0,7,0.0,5,0.0,0.05128205128205129,,,,,,,,,,,,,,,
composed_router,family_horizon,glass|20,Always Detour,0.075,0.325,0.25,1.0,23,0.0,1,1.0,7,0.0,5,0.5,0.24561403508771928,,,,,,,,,,,,,,,
composed_router,family_horizon,glass|20,Always Retreat,-0.15,0.0,0.15,1.0,23,0.0,1,0.0,7,1.0,5,0.5,0.16666666666666666,,,,,,,,,,,,,,,
composed_router,family_horizon,glass|20,Risk->Retreat,-0.65,0.0,0.65,0.5,23,0.0,1,0.0,7,0.5,5,0.25,0.12121212121212122,,,,,,,,,,,,,,,
composed_router,family_horizon,glass|20,Risk->Detour,-0.325,0.2,0.525,0.625,23,0.0,1,0.5714285714285714,7,0.0,5,0.2857142857142857,0.19047619047619047,,,,,,,,,,,,,,,
composed_router,family_horizon,glass|20,Risk->BestFixed,-0.275,0.2,0.475,0.625,23,0.0,1,0.5714285714285714,7,0.25,5,0.4107142857142857,0.3384615384615384,,,,,,,,,,,,,,,
composed_router,family_horizon,glass|20,Risk+TwoStage,-0.4,0.15,0.55,0.6,23,0.0,1,0.42857142857142855,7,0.25,5,0.3392857142857143,0.27777777777777773,,,,,,,,,,,,,,,
composed_router,family_horizon,glass|20,SB-Risk+TwoStage,-0.4,0.15,0.55,0.6,23,0.0,1,0.42857142857142855,7,0.25,5,0.3392857142857143,0.27777777777777773,,,,,,,,,,,,,,,
composed_router,family_horizon,glass|20,DirectChoice,-0.175,0.2,0.375,0.625,23,1.0,1,0.5714285714285714,7,0.25,5,0.4107142857142857,0.4444444444444444,,,,,,,,,,,,,,,
composed_router,family_horizon,glass|20,DirectQ,-0.55,0.05,0.6,0.45,23,1.0,1,0.14285714285714285,7,0.25,5,0.19642857142857142,0.2740740740740741,,,,,,,,,,,,,,,
composed_router,family_horizon,glass|20,SB-DirectQ,-0.625,0.05,0.675,0.475,23,0.0,1,0.14285714285714285,7,0.25,5,0.19642857142857142,0.19393939393939394,,,,,,,,,,,,,,,
composed_router,family_horizon,glass|20,PairwiseAdvantage,-0.55,0.05,0.6,0.45,23,1.0,1,0.14285714285714285,7,0.25,5,0.19642857142857142,0.2740740740740741,,,,,,,,,,,,,,,
composed_router,family_horizon,glass|20,OutcomeRouter,-0.4,0.15,0.55,0.55,23,0.0,1,0.42857142857142855,7,0.25,5,0.3392857142857143,0.27777777777777773,,,,,,,,,,,,,,,
composed_router,family_horizon,glass|20,SB-OutcomeRouter,-0.35,0.15,0.5,0.6,23,0.0,1,0.42857142857142855,7,0.25,5,0.3392857142857143,0.27777777777777773,,,,,,,,,,,,,,,
composed_router,family_horizon,glass|20,SB-COR,-0.4,0.15,0.55,0.55,23,0.0,1,0.42857142857142855,7,0.25,5,0.3392857142857143,0.27777777777777773,,,,,,,,,,,,,,,
composed_router,family_horizon,glass|20,OutcomeRouter-hidden-only,-0.35,0.175,0.525,0.625,23,0.0,1,0.5714285714285714,7,0.25,5,0.4107142857142857,0.3238095238095238,,,,,,,,,,,,,,,
composed_router,family_horizon,glass|20,OutcomeRouter-state-action-only,-0.65,0.15,0.8,0.325,23,0.0,1,0.2857142857142857,7,0.0,5,0.14285714285714285,0.11594202898550725,,,,,,,,,,,,,,,
composed_router,family_horizon,glass|20,Condition-only diagnostic,-0.15,0.15,0.3,1.0,23,0.0,1,0.2857142857142857,7,0.25,5,0.26785714285714285,0.1692307692307692,,,,,,,,,,,,,,,
composed_router,family_horizon,glass|20,Horizon-only diagnostic,-0.325,0.225,0.55,0.6,23,0.0,1,0.5714285714285714,7,0.0,5,0.2857142857142857,0.19047619047619047,,,,,,,,,,,,,,,
composed_router,family_horizon,glass|20,ADR-linear-full,-0.475,0.1,0.575,0.475,23,1.0,1,0.2857142857142857,7,0.25,5,0.26785714285714285,0.3378787878787879,,,,,,,,,,,,,,,
composed_router,family_horizon,glass|20,ADR-linear-split,-0.5,0.1,0.6,0.525,23,1.0,1,0.2857142857142857,7,0.125,5,0.20535714285714285,0.27597883597883593,,,,,,,,,,,,,,,
composed_router,family_horizon,glass|20,ADR-tiny-nonlinear-choice,-0.475,0.05,0.525,0.525,23,1.0,1,0.14285714285714285,7,0.5,5,0.3214285714285714,0.3523809523809524,,,,,,,,,,,,,,,
composed_router,family_horizon,glass|20,Oracle upper bound diagnostic,0.325,0.325,0.0,0.9,23,1.0,1,1.0,7,1.0,5,1.0,1.0,,,,,,,,,,,,,,,
oracle_hybrid,family_horizon,glass|20,ADR-linear-full/OracleGate+OracleChoice,0.325,0.325,0.0,0.9,23,1.0,1,1.0,7,1.0,5,1.0,1.0,,,,,,,,,,,,,,,
oracle_hybrid,family_horizon,glass|20,ADR-linear-full/OracleGate+LearnedChoice,0.15,0.3,0.15,0.9,23,1.0,1,0.8571428571428571,7,0.25,5,0.5535714285714286,0.6944444444444445,,,,,,,,,,,,,,,
oracle_hybrid,family_horizon,glass|20,ADR-linear-full/LearnedGate+OracleChoice,-0.325,0.15,0.475,0.475,23,1.0,1,0.2857142857142857,7,0.75,5,0.5178571428571428,0.5171957671957671,,,,,,,,,,,,,,,
oracle_hybrid,family_horizon,glass|20,ADR-linear-full/LearnedGate+LearnedChoice,-0.475,0.1,0.575,0.475,23,1.0,1,0.2857142857142857,7,0.25,5,0.26785714285714285,0.3378787878787879,,,,,,,,,,,,,,,
oracle_hybrid,family_horizon,glass|20,ADR-linear-split/OracleGate+OracleChoice,0.325,0.325,0.0,0.9,23,1.0,1,1.0,7,1.0,5,1.0,1.0,,,,,,,,,,,,,,,
oracle_hybrid,family_horizon,glass|20,ADR-linear-split/OracleGate+LearnedChoice,0.15,0.325,0.175,0.9,23,1.0,1,1.0,7,0.125,5,0.5625,0.674074074074074,,,,,,,,,,,,,,,
oracle_hybrid,family_horizon,glass|20,ADR-linear-split/LearnedGate+OracleChoice,-0.275,0.15,0.425,0.525,23,1.0,1,0.2857142857142857,7,1.0,5,0.6428571428571428,0.5767195767195767,,,,,,,,,,,,,,,
oracle_hybrid,family_horizon,glass|20,ADR-linear-split/LearnedGate+LearnedChoice,-0.5,0.1,0.6,0.525,23,1.0,1,0.2857142857142857,7,0.125,5,0.20535714285714285,0.27597883597883593,,,,,,,,,,,,,,,
oracle_hybrid,family_horizon,glass|20,ADR-tiny-nonlinear-choice/OracleGate+OracleChoice,0.325,0.325,0.0,0.9,23,1.0,1,1.0,7,1.0,5,1.0,1.0,,,,,,,,,,,,,,,
oracle_hybrid,family_horizon,glass|20,ADR-tiny-nonlinear-choice/OracleGate+LearnedChoice,0.175,0.275,0.1,0.9,23,1.0,1,0.8571428571428571,7,0.5,5,0.6785714285714286,0.7904761904761904,,,,,,,,,,,,,,,
oracle_hybrid,family_horizon,glass|20,ADR-tiny-nonlinear-choice/LearnedGate+OracleChoice,-0.275,0.15,0.425,0.525,23,1.0,1,0.2857142857142857,7,1.0,5,0.6428571428571428,0.5767195767195767,,,,,,,,,,,,,,,
oracle_hybrid,family_horizon,glass|20,ADR-tiny-nonlinear-choice/LearnedGate+LearnedChoice,-0.475,0.05,0.525,0.525,23,1.0,1,0.14285714285714285,7,0.5,5,0.3214285714285714,0.3523809523809524,,,,,,,,,,,,,,,
conditional_choice,family_horizon,glass|20,ADR-linear-full,,,,,12,,,,,,,,,0.5535714285714286,0.5416666666666666,0.8571428571428571,0.25,6,1,3,2,"[[6.0, 1.0], [3.0, 1.0]]",,,,,,
conditional_choice,family_horizon,glass|20,ADR-linear-split,,,,,12,,,,,,,,,0.5625,0.5111111111111111,1.0,0.125,7,0,4,1,"[[7.0, 0.0], [3.5, 0.5]]",,,,,,
conditional_choice,family_horizon,glass|20,ADR-tiny-nonlinear-choice,,,,,12,,,,,,,,,0.6785714285714286,0.6857142857142857,0.8571428571428571,0.5,6,1,2,3,"[[6.0, 1.0], [2.0, 2.0]]",,,,,,
conditional_choice,family_horizon,glass|20,Fixed-Detour diagnostic,,,,,12,,,,,,,,,0.5,0.3888888888888889,1.0,0.0,7,0,5,0,"[[7.0, 0.0], [4.0, 0.0]]",,,,,,
conditional_choice,family_horizon,glass|20,Condition-only choice diagnostic,,,,,12,,,,,,,,,0.3392857142857143,0.3418803418803419,0.42857142857142855,0.25,3,4,4,1,"[[3.0, 4.0], [3.0, 1.0]]",,,,,,
conditional_choice,family_horizon,glass|20,Horizon-only choice diagnostic,,,,,12,,,,,,,,,0.5,0.3888888888888889,1.0,0.0,7,0,5,0,"[[7.0, 0.0], [4.0, 0.0]]",,,,,,
benefit_gate,family_horizon,glass|20,ADR-linear-full,,,,0.475,23,,,,,,,,,0.4861111111111111,,,,,,,,,0.5,0.4722222222222222,0.20833333333333334,0.8642281208632041,2,21
benefit_gate,family_horizon,glass|20,ADR-linear-split,,,,0.525,23,,,,,,,,,0.5138888888888888,,,,,,,,,0.5,0.5277777777777778,0.20833333333333334,0.8642281208632041,2,21
benefit_gate,family_horizon,glass|20,ADR-tiny-nonlinear-choice,,,,0.525,23,,,,,,,,,0.5138888888888888,,,,,,,,,0.5,0.5277777777777778,0.20833333333333334,0.8642281208632041,2,21
composed_router,family_horizon,glass|30,Base,-0.7631578947368421,0.05263157894736842,0.8157894736842105,0.0,21,1.0,1,0.0,5,0.0,1,0.0,0.08333333333333333,,,,,,,,,,,,,,,
composed_router,family_horizon,glass|30,Always Detour,0.05263157894736842,0.21052631578947367,0.15789473684210525,1.0,21,0.0,1,1.0,5,0.0,1,0.5,0.2777777777777778,,,,,,,,,,,,,,,
composed_router,family_horizon,glass|30,Always Retreat,-0.15789473684210525,0.0,0.15789473684210525,1.0,21,0.0,1,0.0,5,1.0,1,0.5,0.08333333333333333,,,,,,,,,,,,,,,
composed_router,family_horizon,glass|30,Risk->Retreat,-0.6578947368421053,0.0,0.6578947368421053,0.4473684210526316,21,0.0,1,0.0,5,0.0,1,0.0,0.0,,,,,,,,,,,,,,,
composed_router,family_horizon,glass|30,Risk->Detour,-0.2894736842105263,0.15789473684210525,0.4473684210526316,0.6052631578947368,21,0.0,1,0.8,5,0.0,1,0.4,0.26666666666666666,,,,,,,,,,,,,,,
composed_router,family_horizon,glass|30,Risk->BestFixed,-0.2894736842105263,0.15789473684210525,0.4473684210526316,0.6052631578947368,21,0.0,1,0.8,5,0.0,1,0.4,0.26666666666666666,,,,,,,,,,,,,,,
composed_router,family_horizon,glass|30,Risk+TwoStage,-0.39473684210526316,0.15789473684210525,0.5526315789473685,0.5526315789473685,21,0.0,1,0.6,5,0.0,1,0.3,0.2222222222222222,,,,,,,,,,,,,,,
composed_router,family_horizon,glass|30,SB-Risk+TwoStage,-0.39473684210526316,0.15789473684210525,0.5526315789473685,0.5526315789473685,21,0.0,1,0.6,5,0.0,1,0.3,0.2222222222222222,,,,,,,,,,,,,,,
composed_router,family_horizon,glass|30,DirectChoice,-0.2631578947368421,0.15789473684210525,0.42105263157894735,0.5789473684210527,21,0.0,1,0.6,5,0.0,1,0.3,0.2222222222222222,,,,,,,,,,,,,,,
composed_router,family_horizon,glass|30,DirectQ,-0.42105263157894735,0.10526315789473684,0.5263157894736842,0.5,21,0.0,1,0.4,5,0.0,1,0.2,0.16666666666666666,,,,,,,,,,,,,,,
composed_router,family_horizon,glass|30,SB-DirectQ,-0.39473684210526316,0.10526315789473684,0.5,0.42105263157894735,21,0.0,1,0.4,5,0.0,1,0.2,0.16666666666666666,,,,,,,,,,,,,,,
composed_router,family_horizon,glass|30,PairwiseAdvantage,-0.42105263157894735,0.10526315789473684,0.5263157894736842,0.5,21,0.0,1,0.4,5,0.0,1,0.2,0.16666666666666666,,,,,,,,,,,,,,,
composed_router,family_horizon,glass|30,OutcomeRouter,-0.15789473684210525,0.21052631578947367,0.3684210526315789,0.6842105263157895,21,0.0,1,0.8,5,0.0,1,0.4,0.26666666666666666,,,,,,,,,,,,,,,
composed_router,family_horizon,glass|30,SB-OutcomeRouter,-0.3157894736842105,0.15789473684210525,0.47368421052631576,0.5789473684210527,21,0.0,1,0.6,5,0.0,1,0.3,0.2222222222222222,,,,,,,,,,,,,,,
composed_router,family_horizon,glass|30,SB-COR,-0.3157894736842105,0.10526315789473684,0.42105263157894735,0.631578947368421,21,0.0,1,0.4,5,0.0,1,0.2,0.16666666666666666,,,,,,,,,,,,,,,
composed_router,family_horizon,glass|30,OutcomeRouter-hidden-only,-0.21052631578947367,0.15789473684210525,0.3684210526315789,0.7368421052631579,21,0.0,1,0.6,5,0.0,1,0.3,0.2222222222222222,,,,,,,,,,,,,,,
composed_router,family_horizon,glass|30,OutcomeRouter-state-action-only,-0.5526315789473685,0.05263157894736842,0.6052631578947368,0.3157894736842105,21,0.0,1,0.2,5,0.0,1,0.1,0.09523809523809523,,,,,,,,,,,,,,,
composed_router,family_horizon,glass|30,Condition-only diagnostic,-0.05263157894736842,0.15789473684210525,0.21052631578947367,1.0,21,0.0,1,0.6,5,0.0,1,0.3,0.19999999999999998,,,,,,,,,,,,,,,
composed_router,family_horizon,glass|30,Horizon-only diagnostic,-0.34210526315789475,0.15789473684210525,0.5,0.5789473684210527,21,0.0,1,0.8,5,0.0,1,0.4,0.24242424242424243,,,,,,,,,,,,,,,
composed_router,family_horizon,glass|30,ADR-linear-full,-0.39473684210526316,0.10526315789473684,0.5,0.47368421052631576,21,0.0,1,0.4,5,0.0,1,0.2,0.16666666666666666,,,,,,,,,,,,,,,
composed_router,family_horizon,glass|30,ADR-linear-split,-0.2894736842105263,0.10526315789473684,0.39473684210526316,0.5789473684210527,21,0.0,1,0.4,5,0.0,1,0.2,0.16666666666666666,,,,,,,,,,,,,,,
composed_router,family_horizon,glass|30,ADR-tiny-nonlinear-choice,-0.5,0.05263157894736842,0.5526315789473685,0.42105263157894735,21,0.0,1,0.2,5,0.0,1,0.1,0.09523809523809523,,,,,,,,,,,,,,,
composed_router,family_horizon,glass|30,Oracle upper bound diagnostic,0.21052631578947367,0.2631578947368421,0.05263157894736842,0.7631578947368421,21,1.0,1,1.0,5,1.0,1,1.0,1.0,,,,,,,,,,,,,,,
oracle_hybrid,family_horizon,glass|30,ADR-linear-full/OracleGate+OracleChoice,0.21052631578947367,0.2631578947368421,0.05263157894736842,0.7631578947368421,21,1.0,1,1.0,5,1.0,1,1.0,1.0,,,,,,,,,,,,,,,
oracle_hybrid,family_horizon,glass|30,ADR-linear-full/OracleGate+LearnedChoice,0.10526315789473684,0.21052631578947367,0.10526315789473684,0.7631578947368421,21,1.0,1,0.8,5,0.0,1,0.4,0.6,,,,,,,,,,,,,,,
oracle_hybrid,family_horizon,glass|30,ADR-linear-full/LearnedGate+OracleChoice,-0.39473684210526316,0.10526315789473684,0.5,0.47368421052631576,21,0.0,1,0.4,5,0.0,1,0.2,0.16666666666666666,,,,,,,,,,,,,,,
oracle_hybrid,family_horizon,glass|30,ADR-linear-full/LearnedGate+LearnedChoice,-0.39473684210526316,0.10526315789473684,0.5,0.47368421052631576,21,0.0,1,0.4,5,0.0,1,0.2,0.16666666666666666,,,,,,,,,,,,,,,
oracle_hybrid,family_horizon,glass|30,ADR-linear-split/OracleGate+OracleChoice,0.21052631578947367,0.2631578947368421,0.05263157894736842,0.7631578947368421,21,1.0,1,1.0,5,1.0,1,1.0,1.0,,,,,,,,,,,,,,,
oracle_hybrid,family_horizon,glass|30,ADR-linear-split/OracleGate+LearnedChoice,0.10526315789473684,0.21052631578947367,0.10526315789473684,0.7631578947368421,21,1.0,1,0.8,5,0.0,1,0.4,0.6,,,,,,,,,,,,,,,
oracle_hybrid,family_horizon,glass|30,ADR-linear-split/LearnedGate+OracleChoice,-0.2894736842105263,0.10526315789473684,0.39473684210526316,0.5789473684210527,21,0.0,1,0.4,5,0.0,1,0.2,0.16666666666666666,,,,,,,,,,,,,,,
oracle_hybrid,family_horizon,glass|30,ADR-linear-split/LearnedGate+LearnedChoice,-0.2894736842105263,0.10526315789473684,0.39473684210526316,0.5789473684210527,21,0.0,1,0.4,5,0.0,1,0.2,0.16666666666666666,,,,,,,,,,,,,,,
oracle_hybrid,family_horizon,glass|30,ADR-tiny-nonlinear-choice/OracleGate+OracleChoice,0.21052631578947367,0.2631578947368421,0.05263157894736842,0.7631578947368421,21,1.0,1,1.0,5,1.0,1,1.0,1.0,,,,,,,,,,,,,,,
oracle_hybrid,family_horizon,glass|30,ADR-tiny-nonlinear-choice/OracleGate+LearnedChoice,0.0,0.21052631578947367,0.21052631578947367,0.7631578947368421,21,1.0,1,0.6,5,0.0,1,0.3,0.5555555555555555,,,,,,,,,,,,,,,
oracle_hybrid,family_horizon,glass|30,ADR-tiny-nonlinear-choice/LearnedGate+OracleChoice,-0.5,0.05263157894736842,0.5526315789473685,0.42105263157894735,21,0.0,1,0.2,5,0.0,1,0.1,0.09523809523809523,,,,,,,,,,,,,,,
oracle_hybrid,family_horizon,glass|30,ADR-tiny-nonlinear-choice/LearnedGate+LearnedChoice,-0.5,0.05263157894736842,0.5526315789473685,0.42105263157894735,21,0.0,1,0.2,5,0.0,1,0.1,0.09523809523809523,,,,,,,,,,,,,,,
conditional_choice,family_horizon,glass|30,ADR-linear-full,,,,,6,,,,,,,,,0.4,0.4,0.8,0.0,4,1,1,0,"[[4.0, 1.0], [1.0, 0.0]]",,,,,,
conditional_choice,family_horizon,glass|30,ADR-linear-split,,,,,6,,,,,,,,,0.4,0.4,0.8,0.0,4,1,1,0,"[[4.0, 1.0], [1.0, 0.0]]",,,,,,
conditional_choice,family_horizon,glass|30,ADR-tiny-nonlinear-choice,,,,,6,,,,,,,,,0.3,0.3333333333333333,0.6,0.0,3,2,1,0,"[[3.0, 2.0], [1.0, 0.0]]",,,,,,
conditional_choice,family_horizon,glass|30,Fixed-Detour diagnostic,,,,,6,,,,,,,,,0.5,0.45454545454545453,1.0,0.0,5,0,1,0,"[[5.0, 0.0], [1.0, 0.0]]",,,,,,
conditional_choice,family_horizon,glass|30,Condition-only choice diagnostic,,,,,6,,,,,,,,,0.3,0.3333333333333333,0.6,0.0,3,2,1,0,"[[3.0, 2.0], [1.0, 0.0]]",,,,,,
conditional_choice,family_horizon,glass|30,Horizon-only choice diagnostic,,,,,6,,,,,,,,,0.5,0.45454545454545453,1.0,0.0,5,0,1,0,"[[5.0, 0.0], [1.0, 0.0]]",,,,,,
benefit_gate,family_horizon,glass|30,ADR-linear-full,,,,0.47368421052631576,21,,,,,,,,,0.4,,,,,,,,,0.4,0.4,0.34099616858237547,0.7078924522863351,5,16
benefit_gate,family_horizon,glass|30,ADR-linear-split,,,,0.5789473684210527,21,,,,,,,,,0.4666666666666667,,,,,,,,,0.4,0.5333333333333333,0.34099616858237547,0.7078924522863351,5,16
benefit_gate,family_horizon,glass|30,ADR-tiny-nonlinear-choice,,,,0.42105263157894735,21,,,,,,,,,0.3666666666666667,,,,,,,,,0.4,0.3333333333333333,0.34099616858237547,0.7078924522863351,5,16
composed_router,family_horizon,glass|40,Base,-0.7777777777777778,0.0,0.7777777777777778,0.0,11,,0,0.0,2,0.0,1,0.0,0.0,,,,,,,,,,,,,,,
composed_router,family_horizon,glass|40,Always Detour,-0.1111111111111111,0.1111111111111111,0.2222222222222222,1.0,11,,0,1.0,2,0.0,1,0.5,0.26666666666666666,,,,,,,,,,,,,,,
composed_router,family_horizon,glass|40,Always Retreat,-0.3333333333333333,0.0,0.3333333333333333,1.0,11,,0,0.0,2,1.0,1,0.5,0.16666666666666666,,,,,,,,,,,,,,,
composed_router,family_horizon,glass|40,Risk->Retreat,-0.7777777777777778,0.0,0.7777777777777778,0.4444444444444444,11,,0,0.0,2,1.0,1,0.5,0.2222222222222222,,,,,,,,,,,,,,,
composed_router,family_horizon,glass|40,Risk->Detour,-0.6666666666666666,0.0,0.6666666666666666,0.4444444444444444,11,,0,0.5,2,0.0,1,0.25,0.16666666666666666,,,,,,,,,,,,,,,
composed_router,family_horizon,glass|40,Risk->BestFixed,-0.6666666666666666,0.0,0.6666666666666666,0.4444444444444444,11,,0,0.5,2,0.0,1,0.25,0.16666666666666666,,,,,,,,,,,,,,,
composed_router,family_horizon,glass|40,Risk+TwoStage,-0.7777777777777778,0.0,0.7777777777777778,0.4444444444444444,11,,0,0.5,2,0.0,1,0.25,0.16666666666666666,,,,,,,,,,,,,,,
composed_router,family_horizon,glass|40,SB-Risk+TwoStage,-0.7777777777777778,0.0,0.7777777777777778,0.4444444444444444,11,,0,0.5,2,0.0,1,0.25,0.16666666666666666,,,,,,,,,,,,,,,
composed_router,family_horizon,glass|40,DirectChoice,-0.7777777777777778,0.0,0.7777777777777778,0.0,11,,0,0.0,2,0.0,1,0.0,0.0,,,,,,,,,,,,,,,
composed_router,family_horizon,glass|40,DirectQ,-0.6666666666666666,0.0,0.6666666666666666,0.2222222222222222,11,,0,0.0,2,0.0,1,0.0,0.0,,,,,,,,,,,,,,,
composed_router,family_horizon,glass|40,SB-DirectQ,-0.7222222222222222,0.0,0.7222222222222222,0.16666666666666666,11,,0,0.0,2,0.0,1,0.0,0.0,,,,,,,,,,,,,,,
composed_router,family_horizon,glass|40,PairwiseAdvantage,-0.6666666666666666,0.0,0.6666666666666666,0.2222222222222222,11,,0,0.0,2,0.0,1,0.0,0.0,,,,,,,,,,,,,,,
composed_router,family_horizon,glass|40,OutcomeRouter,-0.4444444444444444,0.0,0.4444444444444444,0.5555555555555556,11,,0,0.5,2,0.0,1,0.25,0.16666666666666666,,,,,,,,,,,,,,,
composed_router,family_horizon,glass|40,SB-OutcomeRouter,-0.4444444444444444,0.0,0.4444444444444444,0.5555555555555556,11,,0,0.5,2,0.0,1,0.25,0.16666666666666666,,,,,,,,,,,,,,,
composed_router,family_horizon,glass|40,SB-COR,-0.3888888888888889,0.0,0.3888888888888889,0.5,11,,0,0.5,2,0.0,1,0.25,0.16666666666666666,,,,,,,,,,,,,,,
composed_router,family_horizon,glass|40,OutcomeRouter-hidden-only,-0.4444444444444444,0.0,0.4444444444444444,0.5555555555555556,11,,0,0.5,2,0.0,1,0.25,0.2222222222222222,,,,,,,,,,,,,,,
composed_router,family_horizon,glass|40,OutcomeRouter-state-action-only,-0.5555555555555556,0.0,0.5555555555555556,0.5555555555555556,11,,0,0.5,2,0.0,1,0.25,0.16666666666666666,,,,,,,,,,,,,,,
composed_router,family_horizon,glass|40,Condition-only diagnostic,-0.2222222222222222,0.1111111111111111,0.3333333333333333,1.0,11,,0,0.5,2,1.0,1,0.75,0.4444444444444444,,,,,,,,,,,,,,,
composed_router,family_horizon,glass|40,Horizon-only diagnostic,-0.5555555555555556,0.0,0.5555555555555556,0.5555555555555556,11,,0,0.0,2,0.0,1,0.0,0.0,,,,,,,,,,,,,,,
composed_router,family_horizon,glass|40,ADR-linear-full,-0.5555555555555556,0.0,0.5555555555555556,0.3333333333333333,11,,0,0.5,2,0.0,1,0.25,0.2222222222222222,,,,,,,,,,,,,,,
composed_router,family_horizon,glass|40,ADR-linear-split,-0.4444444444444444,0.0,0.4444444444444444,0.5555555555555556,11,,0,0.5,2,0.0,1,0.25,0.16666666666666666,,,,,,,,,,,,,,,
composed_router,family_horizon,glass|40,ADR-tiny-nonlinear-choice,-0.5555555555555556,0.0,0.5555555555555556,0.3333333333333333,11,,0,0.5,2,0.0,1,0.25,0.2222222222222222,,,,,,,,,,,,,,,
composed_router,family_horizon,glass|40,Oracle upper bound diagnostic,0.0,0.1111111111111111,0.1111111111111111,0.6666666666666666,11,,0,1.0,2,1.0,1,1.0,0.6666666666666666,,,,,,,,,,,,,,,
oracle_hybrid,family_horizon,glass|40,ADR-linear-full/OracleGate+OracleChoice,0.0,0.1111111111111111,0.1111111111111111,0.6666666666666666,11,,0,1.0,2,1.0,1,1.0,0.6666666666666666,,,,,,,,,,,,,,,
oracle_hybrid,family_horizon,glass|40,ADR-linear-full/OracleGate+LearnedChoice,-0.2222222222222222,0.0,0.2222222222222222,0.6666666666666666,11,,0,0.5,2,0.0,1,0.25,0.16666666666666666,,,,,,,,,,,,,,,
oracle_hybrid,family_horizon,glass|40,ADR-linear-full/LearnedGate+OracleChoice,-0.5555555555555556,0.0,0.5555555555555556,0.3333333333333333,11,,0,0.5,2,0.0,1,0.25,0.2222222222222222,,,,,,,,,,,,,,,
oracle_hybrid,family_horizon,glass|40,ADR-linear-full/LearnedGate+LearnedChoice,-0.5555555555555556,0.0,0.5555555555555556,0.3333333333333333,11,,0,0.5,2,0.0,1,0.25,0.2222222222222222,,,,,,,,,,,,,,,
oracle_hybrid,family_horizon,glass|40,ADR-linear-split/OracleGate+OracleChoice,0.0,0.1111111111111111,0.1111111111111111,0.6666666666666666,11,,0,1.0,2,1.0,1,1.0,0.6666666666666666,,,,,,,,,,,,,,,
oracle_hybrid,family_horizon,glass|40,ADR-linear-split/OracleGate+LearnedChoice,-0.1111111111111111,0.1111111111111111,0.2222222222222222,0.6666666666666666,11,,0,1.0,2,0.0,1,0.5,0.26666666666666666,,,,,,,,,,,,,,,
oracle_hybrid,family_horizon,glass|40,ADR-linear-split/LearnedGate+OracleChoice,-0.3333333333333333,0.0,0.3333333333333333,0.5555555555555556,11,,0,0.5,2,1.0,1,0.75,0.5555555555555555,,,,,,,,,,,,,,,
oracle_hybrid,family_horizon,glass|40,ADR-linear-split/LearnedGate+LearnedChoice,-0.4444444444444444,0.0,0.4444444444444444,0.5555555555555556,11,,0,0.5,2,0.0,1,0.25,0.16666666666666666,,,,,,,,,,,,,,,
oracle_hybrid,family_horizon,glass|40,ADR-tiny-nonlinear-choice/OracleGate+OracleChoice,0.0,0.1111111111111111,0.1111111111111111,0.6666666666666666,11,,0,1.0,2,1.0,1,1.0,0.6666666666666666,,,,,,,,,,,,,,,
oracle_hybrid,family_horizon,glass|40,ADR-tiny-nonlinear-choice/OracleGate+LearnedChoice,0.0,0.1111111111111111,0.1111111111111111,0.6666666666666666,11,,0,1.0,2,1.0,1,1.0,0.6666666666666666,,,,,,,,,,,,,,,
oracle_hybrid,family_horizon,glass|40,ADR-tiny-nonlinear-choice/LearnedGate+OracleChoice,-0.5555555555555556,0.0,0.5555555555555556,0.3333333333333333,11,,0,0.5,2,0.0,1,0.25,0.2222222222222222,,,,,,,,,,,,,,,
oracle_hybrid,family_horizon,glass|40,ADR-tiny-nonlinear-choice/LearnedGate+LearnedChoice,-0.5555555555555556,0.0,0.5555555555555556,0.3333333333333333,11,,0,0.5,2,0.0,1,0.25,0.2222222222222222,,,,,,,,,,,,,,,
conditional_choice,family_horizon,glass|40,ADR-linear-full,,,,,3,,,,,,,,,0.25,0.25,0.5,0.0,1,1,1,0,"[[1.0, 1.0], [1.0, 0.0]]",,,,,,
conditional_choice,family_horizon,glass|40,ADR-linear-split,,,,,3,,,,,,,,,0.5,0.4,1.0,0.0,2,0,1,0,"[[2.0, 0.0], [1.0, 0.0]]",,,,,,
conditional_choice,family_horizon,glass|40,ADR-tiny-nonlinear-choice,,,,,3,,,,,,,,,1.0,1.0,1.0,1.0,2,0,0,1,"[[2.0, 0.0], [0.0, 1.0]]",,,,,,
conditional_choice,family_horizon,glass|40,Fixed-Detour diagnostic,,,,,3,,,,,,,,,0.5,0.4,1.0,0.0,2,0,1,0,"[[2.0, 0.0], [1.0, 0.0]]",,,,,,
conditional_choice,family_horizon,glass|40,Condition-only choice diagnostic,,,,,3,,,,,,,,,0.75,0.6666666666666666,0.5,1.0,1,1,0,1,"[[1.0, 1.0], [0.0, 1.0]]",,,,,,
conditional_choice,family_horizon,glass|40,Horizon-only choice diagnostic,,,,,3,,,,,,,,,0.5,0.4,1.0,0.0,2,0,1,0,"[[2.0, 0.0], [1.0, 0.0]]",,,,,,
benefit_gate,family_horizon,glass|40,ADR-linear-full,,,,0.3333333333333333,11,,,,,,,,,0.5,,,,,,,,,0.6666666666666666,0.3333333333333333,0.5555555555555556,0.687037037037037,3,8
benefit_gate,family_horizon,glass|40,ADR-linear-split,,,,0.5555555555555556,11,,,,,,,,,0.6666666666666666,,,,,,,,,0.6666666666666666,0.6666666666666666,0.5555555555555556,0.687037037037037,3,8
benefit_gate,family_horizon,glass|40,ADR-tiny-nonlinear-choice,,,,0.3333333333333333,11,,,,,,,,,0.5,,,,,,,,,0.6666666666666666,0.3333333333333333,0.5555555555555556,0.687037037037037,3,8
composed_router,family_horizon,glass|5,Base,-0.95,0.0,0.95,0.0,23,,0,0.0,5,0.0,7,0.0,0.0,,,,,,,,,,,,,,,
composed_router,family_horizon,glass|5,Always Detour,-0.45,0.175,0.625,1.0,23,,0,1.0,5,0.0,7,0.5,0.20689655172413793,,,,,,,,,,,,,,,
composed_router,family_horizon,glass|5,Always Retreat,-0.35,0.0,0.35,1.0,23,,0,0.0,5,1.0,7,0.5,0.23655913978494625,,,,,,,,,,,,,,,
composed_router,family_horizon,glass|5,Risk->Retreat,-0.525,0.0,0.525,0.625,23,,0,0.0,5,0.5,7,0.25,0.17391304347826086,,,,,,,,,,,,,,,
composed_router,family_horizon,glass|5,Risk->Detour,-0.5,0.175,0.675,0.8,23,,0,0.8,5,0.0,7,0.4,0.18666666666666668,,,,,,,,,,,,,,,
composed_router,family_horizon,glass|5,Risk->BestFixed,-0.5,0.175,0.675,0.8,23,,0,0.8,5,0.0,7,0.4,0.18666666666666668,,,,,,,,,,,,,,,
composed_router,family_horizon,glass|5,Risk+TwoStage,-0.45,0.1,0.55,0.75,23,,0,0.4,5,0.3333333333333333,7,0.3666666666666667,0.3137254901960784,,,,,,,,,,,,,,,
composed_router,family_horizon,glass|5,SB-Risk+TwoStage,-0.45,0.1,0.55,0.75,23,,0,0.4,5,0.3333333333333333,7,0.3666666666666667,0.3137254901960784,,,,,,,,,,,,,,,
composed_router,family_horizon,glass|5,DirectChoice,-0.5,0.1,0.6,0.65,23,,0,0.4,5,0.16666666666666666,7,0.2833333333333333,0.21587301587301586,,,,,,,,,,,,,,,
composed_router,family_horizon,glass|5,DirectQ,-0.475,0.075,0.55,0.675,23,,0,0.4,5,0.3333333333333333,7,0.3666666666666667,0.21637426900584797,,,,,,,,,,,,,,,
composed_router,family_horizon,glass|5,SB-DirectQ,-0.375,0.075,0.45,0.675,23,,0,0.4,5,0.6666666666666666,7,0.5333333333333333,0.34545454545454546,,,,,,,,,,,,,,,
composed_router,family_horizon,glass|5,PairwiseAdvantage,-0.475,0.075,0.55,0.675,23,,0,0.4,5,0.3333333333333333,7,0.3666666666666667,0.21637426900584797,,,,,,,,,,,,,,,
composed_router,family_horizon,glass|5,OutcomeRouter,-0.525,0.075,0.6,0.775,23,,0,0.4,5,0.16666666666666666,7,0.2833333333333333,0.1369047619047619,,,,,,,,,,,,,,,
composed_router,family_horizon,glass|5,SB-OutcomeRouter,-0.425,0.075,0.5,0.775,23,,0,0.4,5,0.5,7,0.45,0.2843137254901961,,,,,,,,,,,,,,,
composed_router,family_horizon,glass|5,SB-COR,-0.425,0.075,0.5,0.675,23,,0,0.4,5,0.5,7,0.45,0.2843137254901961,,,,,,,,,,,,,,,
composed_router,family_horizon,glass|5,OutcomeRouter-hidden-only,-0.35,0.1,0.45,0.8,23,,0,0.4,5,0.6666666666666666,7,0.5333333333333333,0.3790849673202614,,,,,,,,,,,,,,,
composed_router,family_horizon,glass|5,OutcomeRouter-state-action-only,-0.775,0.05,0.825,0.475,23,,0,0.2,5,0.0,7,0.1,0.08888888888888889,,,,,,,,,,,,,,,
composed_router,family_horizon,glass|5,Condition-only diagnostic,-0.55,0.05,0.6,1.0,23,,0,0.4,5,0.16666666666666666,7,0.2833333333333333,0.15515771526001707,,,,,,,,,,,,,,,
composed_router,family_horizon,glass|5,Horizon-only diagnostic,-0.95,0.0,0.95,0.0,23,,0,0.0,5,0.0,7,0.0,0.0,,,,,,,,,,,,,,,
composed_router,family_horizon,glass|5,ADR-linear-full,-0.5,0.075,0.575,0.725,23,,0,0.4,5,0.16666666666666666,7,0.2833333333333333,0.1784313725490196,,,,,,,,,,,,,,,
composed_router,family_horizon,glass|5,ADR-linear-split,-0.375,0.1,0.475,0.775,23,,0,0.6,5,0.3333333333333333,7,0.4666666666666667,0.3386243386243386,,,,,,,,,,,,,,,
composed_router,family_horizon,glass|5,ADR-tiny-nonlinear-choice,-0.35,0.175,0.525,0.725,23,,0,0.8,5,0.3333333333333333,7,0.5666666666666667,0.3898989898989899,,,,,,,,,,,,,,,
composed_router,family_horizon,glass|5,Oracle upper bound diagnostic,-0.125,0.175,0.3,0.65,23,,0,1.0,5,1.0,7,1.0,0.6666666666666666,,,,,,,,,,,,,,,
oracle_hybrid,family_horizon,glass|5,ADR-linear-full/OracleGate+OracleChoice,-0.125,0.175,0.3,0.65,23,,0,1.0,5,1.0,7,1.0,0.6666666666666666,,,,,,,,,,,,,,,
oracle_hybrid,family_horizon,glass|5,ADR-linear-full/OracleGate+LearnedChoice,-0.425,0.075,0.5,0.65,23,,0,0.6,5,0.3333333333333333,7,0.4666666666666667,0.2626262626262626,,,,,,,,,,,,,,,
oracle_hybrid,family_horizon,glass|5,ADR-linear-full/LearnedGate+OracleChoice,-0.2,0.175,0.375,0.725,23,,0,0.8,5,0.8333333333333334,7,0.8166666666666667,0.6091269841269841,,,,,,,,,,,,,,,
oracle_hybrid,family_horizon,glass|5,ADR-linear-full/LearnedGate+LearnedChoice,-0.5,0.075,0.575,0.725,23,,0,0.4,5,0.16666666666666666,7,0.2833333333333333,0.1784313725490196,,,,,,,,,,,,,,,
oracle_hybrid,family_horizon,glass|5,ADR-linear-split/OracleGate+OracleChoice,-0.125,0.175,0.3,0.65,23,,0,1.0,5,1.0,7,1.0,0.6666666666666666,,,,,,,,,,,,,,,
oracle_hybrid,family_horizon,glass|5,ADR-linear-split/OracleGate+LearnedChoice,-0.375,0.1,0.475,0.65,23,,0,0.6,5,0.3333333333333333,7,0.4666666666666667,0.32996632996632996,,,,,,,,,,,,,,,
oracle_hybrid,family_horizon,glass|5,ADR-linear-split/LearnedGate+OracleChoice,-0.15,0.175,0.325,0.775,23,,0,1.0,5,0.8333333333333334,7,0.9166666666666667,0.6507936507936508,,,,,,,,,,,,,,,
oracle_hybrid,family_horizon,glass|5,ADR-linear-split/LearnedGate+LearnedChoice,-0.375,0.1,0.475,0.775,23,,0,0.6,5,0.3333333333333333,7,0.4666666666666667,0.3386243386243386,,,,,,,,,,,,,,,
oracle_hybrid,family_horizon,glass|5,ADR-tiny-nonlinear-choice/OracleGate+OracleChoice,-0.125,0.175,0.3,0.65,23,,0,1.0,5,1.0,7,1.0,0.6666666666666666,,,,,,,,,,,,,,,
oracle_hybrid,family_horizon,glass|5,ADR-tiny-nonlinear-choice/OracleGate+LearnedChoice,-0.275,0.175,0.45,0.65,23,,0,1.0,5,0.5,7,0.75,0.4583333333333333,,,,,,,,,,,,,,,
oracle_hybrid,family_horizon,glass|5,ADR-tiny-nonlinear-choice/LearnedGate+OracleChoice,-0.2,0.175,0.375,0.725,23,,0,0.8,5,0.8333333333333334,7,0.8166666666666667,0.6091269841269841,,,,,,,,,,,,,,,
oracle_hybrid,family_horizon,glass|5,ADR-tiny-nonlinear-choice/LearnedGate+LearnedChoice,-0.35,0.175,0.525,0.725,23,,0,0.8,5,0.3333333333333333,7,0.5666666666666667,0.3898989898989899,,,,,,,,,,,,,,,
conditional_choice,family_horizon,glass|5,ADR-linear-full,,,,,12,,,,,,,,,0.41414141414141414,0.3939393939393939,0.5555555555555556,0.2727272727272727,3,2,5,2,"[[2.5, 2.0], [4.0, 1.5]]",,,,,,
conditional_choice,family_horizon,glass|5,ADR-linear-split,,,,,12,,,,,,,,,0.5151515151515151,0.4949494949494949,0.6666666666666666,0.36363636363636365,3,2,5,2,"[[3.0, 1.5], [3.5, 2.0]]",,,,,,
conditional_choice,family_horizon,glass|5,ADR-tiny-nonlinear-choice,,,,,12,,,,,,,,,0.7272727272727273,0.6875,1.0,0.45454545454545453,5,0,4,3,"[[4.5, 0.0], [3.0, 2.5]]",,,,,,
conditional_choice,family_horizon,glass|5,Fixed-Detour diagnostic,,,,,12,,,,,,,,,0.5,0.3103448275862069,1.0,0.0,5,0,7,0,"[[4.5, 0.0], [5.5, 0.0]]",,,,,,
conditional_choice,family_horizon,glass|5,Condition-only choice diagnostic,,,,,12,,,,,,,,,0.2777777777777778,0.2,0.5555555555555556,0.0,3,2,7,0,"[[2.5, 2.0], [5.5, 0.0]]",,,,,,
conditional_choice,family_horizon,glass|5,Horizon-only choice diagnostic,,,,,12,,,,,,,,,0.5,0.3103448275862069,1.0,0.0,5,0,7,0,"[[4.5, 0.0], [5.5, 0.0]]",,,,,,
benefit_gate,family_horizon,glass|5,ADR-linear-full,,,,0.725,23,,,,,,,,,0.728021978021978,,,,,,,,,0.5714285714285714,0.8846153846153846,0.7527472527472527,0.7612383457510894,7,16
benefit_gate,family_horizon,glass|5,ADR-linear-split,,,,0.775,23,,,,,,,,,0.7664835164835164,,,,,,,,,0.5714285714285714,0.9615384615384616,0.7527472527472527,0.7612383457510894,7,16
benefit_gate,family_horizon,glass|5,ADR-tiny-nonlinear-choice,,,,0.725,23,,,,,,,,,0.728021978021978,,,,,,,,,0.5714285714285714,0.8846153846153846,0.7527472527472527,0.7612383457510894,7,16
composed_router,family_horizon,noglass|10,Base,0.9411764705882353,0.9411764705882353,0.0,0.0,20,1.0,6,0.0,1,,0,0.0,0.30303030303030304,,,,,,,,,,,,,,,
composed_router,family_horizon,noglass|10,Always Detour,0.7058823529411765,0.7058823529411765,0.0,1.0,20,0.0,6,1.0,1,,0,1.0,0.09523809523809523,,,,,,,,,,,,,,,
composed_router,family_horizon,noglass|10,Always Retreat,0.0,0.0,0.0,1.0,20,0.0,6,0.0,1,,0,0.0,0.0,,,,,,,,,,,,,,,
composed_router,family_horizon,noglass|10,Risk->Retreat,0.8235294117647058,0.8235294117647058,0.0,0.11764705882352941,20,0.8,6,0.0,1,,0,0.0,0.26666666666666666,,,,,,,,,,,,,,,
composed_router,family_horizon,noglass|10,Risk->Detour,0.7647058823529411,0.7647058823529411,0.0,0.29411764705882354,20,0.4,6,0.0,1,,0,0.0,0.16666666666666666,,,,,,,,,,,,,,,
composed_router,family_horizon,noglass|10,Risk->BestFixed,0.7647058823529411,0.7647058823529411,0.0,0.29411764705882354,20,0.4,6,0.0,1,,0,0.0,0.16666666666666666,,,,,,,,,,,,,,,
composed_router,family_horizon,noglass|10,Risk+TwoStage,0.8235294117647058,0.8235294117647058,0.0,0.23529411764705882,20,0.6,6,0.0,1,,0,0.0,0.2222222222222222,,,,,,,,,,,,,,,
composed_router,family_horizon,noglass|10,SB-Risk+TwoStage,0.8235294117647058,0.8235294117647058,0.0,0.23529411764705882,20,0.6,6,0.0,1,,0,0.0,0.2222222222222222,,,,,,,,,,,,,,,
composed_router,family_horizon,noglass|10,DirectChoice,0.7647058823529411,0.7647058823529411,0.0,0.4117647058823529,20,0.4,6,0.0,1,,0,0.0,0.16666666666666666,,,,,,,,,,,,,,,
composed_router,family_horizon,noglass|10,DirectQ,0.8823529411764706,0.8823529411764706,0.0,0.35294117647058826,20,0.8,6,0.0,1,,0,0.0,0.26666666666666666,,,,,,,,,,,,,,,
composed_router,family_horizon,noglass|10,SB-DirectQ,0.8235294117647058,0.8235294117647058,0.0,0.35294117647058826,20,0.6,6,0.0,1,,0,0.0,0.2222222222222222,,,,,,,,,,,,,,,
composed_router,family_horizon,noglass|10,PairwiseAdvantage,0.8823529411764706,0.8823529411764706,0.0,0.35294117647058826,20,0.8,6,0.0,1,,0,0.0,0.26666666666666666,,,,,,,,,,,,,,,
composed_router,family_horizon,noglass|10,OutcomeRouter,0.7647058823529411,0.7647058823529411,0.0,0.29411764705882354,20,0.4,6,0.0,1,,0,0.0,0.16666666666666666,,,,,,,,,,,,,,,
composed_router,family_horizon,noglass|10,SB-OutcomeRouter,0.7647058823529411,0.7647058823529411,0.0,0.29411764705882354,20,0.4,6,0.0,1,,0,0.0,0.16666666666666666,,,,,,,,,,,,,,,
composed_router,family_horizon,noglass|10,SB-COR,0.7647058823529411,0.7647058823529411,0.0,0.2647058823529412,20,0.4,6,0.0,1,,0,0.0,0.16666666666666666,,,,,,,,,,,,,,,
composed_router,family_horizon,noglass|10,OutcomeRouter-hidden-only,0.7352941176470589,0.7352941176470589,0.0,0.3235294117647059,20,0.3,6,0.0,1,,0,0.0,0.13333333333333333,,,,,,,,,,,,,,,
composed_router,family_horizon,noglass|10,OutcomeRouter-state-action-only,0.8823529411764706,0.8823529411764706,0.0,0.38235294117647056,20,0.8,6,0.0,1,,0,0.0,0.26666666666666666,,,,,,,,,,,,,,,
composed_router,family_horizon,noglass|10,Condition-only diagnostic,0.9411764705882353,0.9411764705882353,0.0,0.0,20,1.0,6,0.0,1,,0,0.0,0.30303030303030304,,,,,,,,,,,,,,,
composed_router,family_horizon,noglass|10,Horizon-only diagnostic,0.7647058823529411,0.7647058823529411,0.0,0.6470588235294118,20,0.4,6,0.0,1,,0,0.0,0.16666666666666666,,,,,,,,,,,,,,,
composed_router,family_horizon,noglass|10,ADR-linear-full,0.8235294117647058,0.8235294117647058,0.0,0.3235294117647059,20,0.6,6,0.0,1,,0,0.0,0.2222222222222222,,,,,,,,,,,,,,,
composed_router,family_horizon,noglass|10,ADR-linear-split,0.7647058823529411,0.7647058823529411,0.0,0.38235294117647056,20,0.4,6,0.0,1,,0,0.0,0.16666666666666666,,,,,,,,,,,,,,,
composed_router,family_horizon,noglass|10,ADR-tiny-nonlinear-choice,0.8235294117647058,0.8235294117647058,0.0,0.3235294117647059,20,0.6,6,0.0,1,,0,0.0,0.2222222222222222,,,,,,,,,,,,,,,
composed_router,family_horizon,noglass|10,Oracle upper bound diagnostic,1.0,1.0,0.0,0.058823529411764705,20,1.0,6,1.0,1,,0,1.0,0.6666666666666666,,,,,,,,,,,,,,,
oracle_hybrid,family_horizon,noglass|10,ADR-linear-full/OracleGate+OracleChoice,1.0,1.0,0.0,0.058823529411764705,20,1.0,6,1.0,1,,0,1.0,0.6666666666666666,,,,,,,,,,,,,,,
oracle_hybrid,family_horizon,noglass|10,ADR-linear-full/OracleGate+LearnedChoice,1.0,1.0,0.0,0.058823529411764705,20,1.0,6,1.0,1,,0,1.0,0.6666666666666666,,,,,,,,,,,,,,,
oracle_hybrid,family_horizon,noglass|10,ADR-linear-full/LearnedGate+OracleChoice,0.8235294117647058,0.8235294117647058,0.0,0.3235294117647059,20,0.6,6,0.0,1,,0,0.0,0.2222222222222222,,,,,,,,,,,,,,,
oracle_hybrid,family_horizon,noglass|10,ADR-linear-full/LearnedGate+LearnedChoice,0.8235294117647058,0.8235294117647058,0.0,0.3235294117647059,20,0.6,6,0.0,1,,0,0.0,0.2222222222222222,,,,,,,,,,,,,,,
oracle_hybrid,family_horizon,noglass|10,ADR-linear-split/OracleGate+OracleChoice,1.0,1.0,0.0,0.058823529411764705,20,1.0,6,1.0,1,,0,1.0,0.6666666666666666,,,,,,,,,,,,,,,
oracle_hybrid,family_horizon,noglass|10,ADR-linear-split/OracleGate+LearnedChoice,1.0,1.0,0.0,0.058823529411764705,20,1.0,6,1.0,1,,0,1.0,0.6666666666666666,,,,,,,,,,,,,,,
oracle_hybrid,family_horizon,noglass|10,ADR-linear-split/LearnedGate+OracleChoice,0.7647058823529411,0.7647058823529411,0.0,0.38235294117647056,20,0.4,6,0.0,1,,0,0.0,0.16666666666666666,,,,,,,,,,,,,,,
oracle_hybrid,family_horizon,noglass|10,ADR-linear-split/LearnedGate+LearnedChoice,0.7647058823529411,0.7647058823529411,0.0,0.38235294117647056,20,0.4,6,0.0,1,,0,0.0,0.16666666666666666,,,,,,,,,,,,,,,
oracle_hybrid,family_horizon,noglass|10,ADR-tiny-nonlinear-choice/OracleGate+OracleChoice,1.0,1.0,0.0,0.058823529411764705,20,1.0,6,1.0,1,,0,1.0,0.6666666666666666,,,,,,,,,,,,,,,
oracle_hybrid,family_horizon,noglass|10,ADR-tiny-nonlinear-choice/OracleGate+LearnedChoice,1.0,1.0,0.0,0.058823529411764705,20,1.0,6,1.0,1,,0,1.0,0.6666666666666666,,,,,,,,,,,,,,,
oracle_hybrid,family_horizon,noglass|10,ADR-tiny-nonlinear-choice/LearnedGate+OracleChoice,0.8235294117647058,0.8235294117647058,0.0,0.3235294117647059,20,0.6,6,0.0,1,,0,0.0,0.2222222222222222,,,,,,,,,,,,,,,
oracle_hybrid,family_horizon,noglass|10,ADR-tiny-nonlinear-choice/LearnedGate+LearnedChoice,0.8235294117647058,0.8235294117647058,0.0,0.3235294117647059,20,0.6,6,0.0,1,,0,0.0,0.2222222222222222,,,,,,,,,,,,,,,
conditional_choice,family_horizon,noglass|10,ADR-linear-full,,,,,1,,,,,,,,,1.0,0.5,1.0,,1,0,0,0,"[[1.0, 0.0], [0.0, 0.0]]",,,,,,
conditional_choice,family_horizon,noglass|10,ADR-linear-split,,,,,1,,,,,,,,,1.0,0.5,1.0,,1,0,0,0,"[[1.0, 0.0], [0.0, 0.0]]",,,,,,
conditional_choice,family_horizon,noglass|10,ADR-tiny-nonlinear-choice,,,,,1,,,,,,,,,1.0,0.5,1.0,,1,0,0,0,"[[1.0, 0.0], [0.0, 0.0]]",,,,,,
conditional_choice,family_horizon,noglass|10,Fixed-Detour diagnostic,,,,,1,,,,,,,,,1.0,0.5,1.0,,1,0,0,0,"[[1.0, 0.0], [0.0, 0.0]]",,,,,,
conditional_choice,family_horizon,noglass|10,Condition-only choice diagnostic,,,,,1,,,,,,,,,1.0,0.5,1.0,,1,0,0,0,"[[1.0, 0.0], [0.0, 0.0]]",,,,,,
conditional_choice,family_horizon,noglass|10,Horizon-only choice diagnostic,,,,,1,,,,,,,,,1.0,0.5,1.0,,1,0,0,0,"[[1.0, 0.0], [0.0, 0.0]]",,,,,,
benefit_gate,family_horizon,noglass|10,ADR-linear-full,,,,0.3235294117647059,20,,,,,,,,,0.328125,,,,,,,,,0.65625,0.0,0.15625,0.06896551724137931,19,1
benefit_gate,family_horizon,noglass|10,ADR-linear-split,,,,0.38235294117647056,20,,,,,,,,,0.296875,,,,,,,,,0.59375,0.0,0.15625,0.06896551724137931,19,1
benefit_gate,family_horizon,noglass|10,ADR-tiny-nonlinear-choice,,,,0.3235294117647059,20,,,,,,,,,0.328125,,,,,,,,,0.65625,0.0,0.15625,0.06896551724137931,19,1
composed_router,family_horizon,noglass|20,Base,0.9411764705882353,0.9411764705882353,0.0,0.0,20,1.0,8,0.0,1,,0,0.0,0.3111111111111111,,,,,,,,,,,,,,,
composed_router,family_horizon,noglass|20,Always Detour,0.6470588235294118,0.6470588235294118,0.0,1.0,20,0.0,8,1.0,1,,0,1.0,0.07407407407407407,,,,,,,,,,,,,,,
composed_router,family_horizon,noglass|20,Always Retreat,0.0,0.0,0.0,1.0,20,0.0,8,0.0,1,,0,0.0,0.0,,,,,,,,,,,,,,,
composed_router,family_horizon,noglass|20,Risk->Retreat,0.8823529411764706,0.8823529411764706,0.0,0.058823529411764705,20,1.0,8,0.0,1,,0,0.0,0.3111111111111111,,,,,,,,,,,,,,,
composed_router,family_horizon,noglass|20,Risk->Detour,0.7647058823529411,0.7647058823529411,0.0,0.35294117647058826,20,0.42857142857142855,8,1.0,1,,0,1.0,0.3111111111111111,,,,,,,,,,,,,,,
composed_router,family_horizon,noglass|20,Risk->BestFixed,0.8235294117647058,0.8235294117647058,0.0,0.29411764705882354,20,0.5714285714285714,8,1.0,1,,0,1.0,0.3757575757575758,,,,,,,,,,,,,,,
composed_router,family_horizon,noglass|20,Risk+TwoStage,0.7647058823529411,0.7647058823529411,0.0,0.29411764705882354,20,0.5714285714285714,8,1.0,1,,0,1.0,0.3757575757575758,,,,,,,,,,,,,,,
composed_router,family_horizon,noglass|20,SB-Risk+TwoStage,0.7647058823529411,0.7647058823529411,0.0,0.29411764705882354,20,0.5714285714285714,8,1.0,1,,0,1.0,0.3757575757575758,,,,,,,,,,,,,,,
composed_router,family_horizon,noglass|20,DirectChoice,0.7941176470588235,0.7941176470588235,0.0,0.3235294117647059,20,0.5,8,1.0,1,,0,1.0,0.3434343434343434,,,,,,,,,,,,,,,
composed_router,family_horizon,noglass|20,DirectQ,0.8823529411764706,0.8823529411764706,0.0,0.23529411764705882,20,0.7142857142857143,8,1.0,1,,0,1.0,0.4444444444444445,,,,,,,,,,,,,,,
composed_router,family_horizon,noglass|20,SB-DirectQ,0.7941176470588235,0.7941176470588235,0.0,0.17647058823529413,20,0.5714285714285714,8,0.0,1,,0,0.0,0.2222222222222222,,,,,,,,,,,,,,,
composed_router,family_horizon,noglass|20,PairwiseAdvantage,0.8823529411764706,0.8823529411764706,0.0,0.23529411764705882,20,0.7142857142857143,8,1.0,1,,0,1.0,0.4444444444444445,,,,,,,,,,,,,,,
composed_router,family_horizon,noglass|20,OutcomeRouter,0.7941176470588235,0.7941176470588235,0.0,0.20588235294117646,20,0.5714285714285714,8,0.0,1,,0,0.0,0.2222222222222222,,,,,,,,,,,,,,,
composed_router,family_horizon,noglass|20,SB-OutcomeRouter,0.7941176470588235,0.7941176470588235,0.0,0.14705882352941177,20,0.5714285714285714,8,0.0,1,,0,0.0,0.2222222222222222,,,,,,,,,,,,,,,
composed_router,family_horizon,noglass|20,SB-COR,0.7941176470588235,0.7941176470588235,0.0,0.14705882352941177,20,0.5714285714285714,8,0.0,1,,0,0.0,0.2222222222222222,,,,,,,,,,,,,,,
composed_router,family_horizon,noglass|20,OutcomeRouter-hidden-only,0.7941176470588235,0.7941176470588235,0.0,0.20588235294117646,20,0.5,8,0.0,1,,0,0.0,0.2028985507246377,,,,,,,,,,,,,,,
composed_router,family_horizon,noglass|20,OutcomeRouter-state-action-only,0.9411764705882353,0.9411764705882353,0.0,0.38235294117647056,20,0.8571428571428571,8,1.0,1,,0,1.0,0.5299145299145299,,,,,,,,,,,,,,,
composed_router,family_horizon,noglass|20,Condition-only diagnostic,0.9411764705882353,0.9411764705882353,0.0,0.0,20,1.0,8,0.0,1,,0,0.0,0.3111111111111111,,,,,,,,,,,,,,,
composed_router,family_horizon,noglass|20,Horizon-only diagnostic,0.8235294117647058,0.8235294117647058,0.0,0.6470588235294118,20,0.5714285714285714,8,0.0,1,,0,0.0,0.2222222222222222,,,,,,,,,,,,,,,
composed_router,family_horizon,noglass|20,ADR-linear-full,0.8823529411764706,0.8823529411764706,0.0,0.35294117647058826,20,0.7142857142857143,8,1.0,1,,0,1.0,0.4444444444444445,,,,,,,,,,,,,,,
composed_router,family_horizon,noglass|20,ADR-linear-split,0.8235294117647058,0.8235294117647058,0.0,0.4117647058823529,20,0.5714285714285714,8,1.0,1,,0,1.0,0.3757575757575758,,,,,,,,,,,,,,,
composed_router,family_horizon,noglass|20,ADR-tiny-nonlinear-choice,0.8823529411764706,0.8823529411764706,0.0,0.35294117647058826,20,0.7142857142857143,8,1.0,1,,0,1.0,0.4444444444444445,,,,,,,,,,,,,,,
composed_router,family_horizon,noglass|20,Oracle upper bound diagnostic,1.0,1.0,0.0,0.058823529411764705,20,1.0,8,1.0,1,,0,1.0,0.6666666666666666,,,,,,,,,,,,,,,
oracle_hybrid,family_horizon,noglass|20,ADR-linear-full/OracleGate+OracleChoice,1.0,1.0,0.0,0.058823529411764705,20,1.0,8,1.0,1,,0,1.0,0.6666666666666666,,,,,,,,,,,,,,,
oracle_hybrid,family_horizon,noglass|20,ADR-linear-full/OracleGate+LearnedChoice,1.0,1.0,0.0,0.058823529411764705,20,1.0,8,1.0,1,,0,1.0,0.6666666666666666,,,,,,,,,,,,,,,
oracle_hybrid,family_horizon,noglass|20,ADR-linear-full/LearnedGate+OracleChoice,0.8823529411764706,0.8823529411764706,0.0,0.35294117647058826,20,0.7142857142857143,8,1.0,1,,0,1.0,0.4444444444444445,,,,,,,,,,,,,,,
oracle_hybrid,family_horizon,noglass|20,ADR-linear-full/LearnedGate+LearnedChoice,0.8823529411764706,0.8823529411764706,0.0,0.35294117647058826,20,0.7142857142857143,8,1.0,1,,0,1.0,0.4444444444444445,,,,,,,,,,,,,,,
oracle_hybrid,family_horizon,noglass|20,ADR-linear-split/OracleGate+OracleChoice,1.0,1.0,0.0,0.058823529411764705,20,1.0,8,1.0,1,,0,1.0,0.6666666666666666,,,,,,,,,,,,,,,
oracle_hybrid,family_horizon,noglass|20,ADR-linear-split/OracleGate+LearnedChoice,1.0,1.0,0.0,0.058823529411764705,20,1.0,8,1.0,1,,0,1.0,0.6666666666666666,,,,,,,,,,,,,,,
oracle_hybrid,family_horizon,noglass|20,ADR-linear-split/LearnedGate+OracleChoice,0.8235294117647058,0.8235294117647058,0.0,0.4117647058823529,20,0.5714285714285714,8,1.0,1,,0,1.0,0.3757575757575758,,,,,,,,,,,,,,,
oracle_hybrid,family_horizon,noglass|20,ADR-linear-split/LearnedGate+LearnedChoice,0.8235294117647058,0.8235294117647058,0.0,0.4117647058823529,20,0.5714285714285714,8,1.0,1,,0,1.0,0.3757575757575758,,,,,,,,,,,,,,,
oracle_hybrid,family_horizon,noglass|20,ADR-tiny-nonlinear-choice/OracleGate+OracleChoice,1.0,1.0,0.0,0.058823529411764705,20,1.0,8,1.0,1,,0,1.0,0.6666666666666666,,,,,,,,,,,,,,,
oracle_hybrid,family_horizon,noglass|20,ADR-tiny-nonlinear-choice/OracleGate+LearnedChoice,1.0,1.0,0.0,0.058823529411764705,20,1.0,8,1.0,1,,0,1.0,0.6666666666666666,,,,,,,,,,,,,,,
oracle_hybrid,family_horizon,noglass|20,ADR-tiny-nonlinear-choice/LearnedGate+OracleChoice,0.8823529411764706,0.8823529411764706,0.0,0.35294117647058826,20,0.7142857142857143,8,1.0,1,,0,1.0,0.4444444444444445,,,,,,,,,,,,,,,
oracle_hybrid,family_horizon,noglass|20,ADR-tiny-nonlinear-choice/LearnedGate+LearnedChoice,0.8823529411764706,0.8823529411764706,0.0,0.35294117647058826,20,0.7142857142857143,8,1.0,1,,0,1.0,0.4444444444444445,,,,,,,,,,,,,,,
conditional_choice,family_horizon,noglass|20,ADR-linear-full,,,,,1,,,,,,,,,1.0,0.5,1.0,,1,0,0,0,"[[1.0, 0.0], [0.0, 0.0]]",,,,,,
conditional_choice,family_horizon,noglass|20,ADR-linear-split,,,,,1,,,,,,,,,1.0,0.5,1.0,,1,0,0,0,"[[1.0, 0.0], [0.0, 0.0]]",,,,,,
conditional_choice,family_horizon,noglass|20,ADR-tiny-nonlinear-choice,,,,,1,,,,,,,,,1.0,0.5,1.0,,1,0,0,0,"[[1.0, 0.0], [0.0, 0.0]]",,,,,,
conditional_choice,family_horizon,noglass|20,Fixed-Detour diagnostic,,,,,1,,,,,,,,,1.0,0.5,1.0,,1,0,0,0,"[[1.0, 0.0], [0.0, 0.0]]",,,,,,
conditional_choice,family_horizon,noglass|20,Condition-only choice diagnostic,,,,,1,,,,,,,,,1.0,0.5,1.0,,1,0,0,0,"[[1.0, 0.0], [0.0, 0.0]]",,,,,,
conditional_choice,family_horizon,noglass|20,Horizon-only choice diagnostic,,,,,1,,,,,,,,,1.0,0.5,1.0,,1,0,0,0,"[[1.0, 0.0], [0.0, 0.0]]",,,,,,
benefit_gate,family_horizon,noglass|20,ADR-linear-full,,,,0.35294117647058826,20,,,,,,,,,0.84375,,,,,,,,,0.6875,1.0,1.0,1.0,19,1
benefit_gate,family_horizon,noglass|20,ADR-linear-split,,,,0.4117647058823529,20,,,,,,,,,0.8125,,,,,,,,,0.625,1.0,1.0,1.0,19,1
benefit_gate,family_horizon,noglass|20,ADR-tiny-nonlinear-choice,,,,0.35294117647058826,20,,,,,,,,,0.84375,,,,,,,,,0.6875,1.0,1.0,1.0,19,1
composed_router,family_horizon,noglass|30,Base,1.0,1.0,0.0,0.0,18,1.0,11,,0,,0,,0.3333333333333333,,,,,,,,,,,,,,,
composed_router,family_horizon,noglass|30,Always Detour,0.40625,0.40625,0.0,1.0,18,0.0,11,,0,,0,,0.0,,,,,,,,,,,,,,,
composed_router,family_horizon,noglass|30,Always Retreat,0.0,0.0,0.0,1.0,18,0.0,11,,0,,0,,0.0,,,,,,,,,,,,,,,
composed_router,family_horizon,noglass|30,Risk->Retreat,0.6875,0.6875,0.0,0.3125,18,0.8,11,,0,,0,,0.2962962962962963,,,,,,,,,,,,,,,
composed_router,family_horizon,noglass|30,Risk->Detour,0.75,0.75,0.0,0.5,18,0.6,11,,0,,0,,0.25,,,,,,,,,,,,,,,
composed_router,family_horizon,noglass|30,Risk->BestFixed,0.75,0.75,0.0,0.5,18,0.6,11,,0,,0,,0.25,,,,,,,,,,,,,,,
composed_router,family_horizon,noglass|30,Risk+TwoStage,0.75,0.75,0.0,0.5,18,0.6,11,,0,,0,,0.25,,,,,,,,,,,,,,,
composed_router,family_horizon,noglass|30,SB-Risk+TwoStage,0.75,0.75,0.0,0.5,18,0.6,11,,0,,0,,0.25,,,,,,,,,,,,,,,
composed_router,family_horizon,noglass|30,DirectChoice,0.75,0.75,0.0,0.4375,18,0.6,11,,0,,0,,0.25,,,,,,,,,,,,,,,
composed_router,family_horizon,noglass|30,DirectQ,0.59375,0.59375,0.0,0.65625,18,0.4,11,,0,,0,,0.19047619047619047,,,,,,,,,,,,,,,
composed_router,family_horizon,noglass|30,SB-DirectQ,0.71875,0.71875,0.0,0.46875,18,0.6,11,,0,,0,,0.25,,,,,,,,,,,,,,,
composed_router,family_horizon,noglass|30,PairwiseAdvantage,0.59375,0.59375,0.0,0.65625,18,0.4,11,,0,,0,,0.19047619047619047,,,,,,,,,,,,,,,
composed_router,family_horizon,noglass|30,OutcomeRouter,0.78125,0.78125,0.0,0.5,18,0.6,11,,0,,0,,0.25,,,,,,,,,,,,,,,
composed_router,family_horizon,noglass|30,SB-OutcomeRouter,0.75,0.75,0.0,0.53125,18,0.55,11,,0,,0,,0.23655913978494625,,,,,,,,,,,,,,,
composed_router,family_horizon,noglass|30,SB-COR,0.71875,0.71875,0.0,0.4375,18,0.5,11,,0,,0,,0.2222222222222222,,,,,,,,,,,,,,,
composed_router,family_horizon,noglass|30,OutcomeRouter-hidden-only,0.6875,0.6875,0.0,0.53125,18,0.45,11,,0,,0,,0.20689655172413793,,,,,,,,,,,,,,,
composed_router,family_horizon,noglass|30,OutcomeRouter-state-action-only,0.8125,0.8125,0.0,0.3125,18,0.7,11,,0,,0,,0.2745098039215686,,,,,,,,,,,,,,,
composed_router,family_horizon,noglass|30,Condition-only diagnostic,1.0,1.0,0.0,0.0,18,1.0,11,,0,,0,,0.3333333333333333,,,,,,,,,,,,,,,
composed_router,family_horizon,noglass|30,Horizon-only diagnostic,0.75,0.75,0.0,0.5,18,0.6,11,,0,,0,,0.25,,,,,,,,,,,,,,,
composed_router,family_horizon,noglass|30,ADR-linear-full,0.71875,0.71875,0.0,0.53125,18,0.65,11,,0,,0,,0.2626262626262626,,,,,,,,,,,,,,,
composed_router,family_horizon,noglass|30,ADR-linear-split,0.65625,0.65625,0.0,0.65625,18,0.45,11,,0,,0,,0.20689655172413793,,,,,,,,,,,,,,,
composed_router,family_horizon,noglass|30,ADR-tiny-nonlinear-choice,0.71875,0.71875,0.0,0.53125,18,0.55,11,,0,,0,,0.23655913978494625,,,,,,,,,,,,,,,
composed_router,family_horizon,noglass|30,Oracle upper bound diagnostic,1.0,1.0,0.0,0.0,18,1.0,11,,0,,0,,0.3333333333333333,,,,,,,,,,,,,,,
oracle_hybrid,family_horizon,noglass|30,ADR-linear-full/OracleGate+OracleChoice,1.0,1.0,0.0,0.0,18,1.0,11,,0,,0,,0.3333333333333333,,,,,,,,,,,,,,,
oracle_hybrid,family_horizon,noglass|30,ADR-linear-full/OracleGate+LearnedChoice,1.0,1.0,0.0,0.0,18,1.0,11,,0,,0,,0.3333333333333333,,,,,,,,,,,,,,,
oracle_hybrid,family_horizon,noglass|30,ADR-linear-full/LearnedGate+OracleChoice,0.78125,0.78125,0.0,0.53125,18,0.65,11,,0,,0,,0.2626262626262626,,,,,,,,,,,,,,,
oracle_hybrid,family_horizon,noglass|30,ADR-linear-full/LearnedGate+LearnedChoice,0.71875,0.71875,0.0,0.53125,18,0.65,11,,0,,0,,0.2626262626262626,,,,,,,,,,,,,,,
oracle_hybrid,family_horizon,noglass|30,ADR-linear-split/OracleGate+OracleChoice,1.0,1.0,0.0,0.0,18,1.0,11,,0,,0,,0.3333333333333333,,,,,,,,,,,,,,,
oracle_hybrid,family_horizon,noglass|30,ADR-linear-split/OracleGate+LearnedChoice,1.0,1.0,0.0,0.0,18,1.0,11,,0,,0,,0.3333333333333333,,,,,,,,,,,,,,,
oracle_hybrid,family_horizon,noglass|30,ADR-linear-split/LearnedGate+OracleChoice,0.65625,0.65625,0.0,0.65625,18,0.45,11,,0,,0,,0.20689655172413793,,,,,,,,,,,,,,,
oracle_hybrid,family_horizon,noglass|30,ADR-linear-split/LearnedGate+LearnedChoice,0.65625,0.65625,0.0,0.65625,18,0.45,11,,0,,0,,0.20689655172413793,,,,,,,,,,,,,,,
oracle_hybrid,family_horizon,noglass|30,ADR-tiny-nonlinear-choice/OracleGate+OracleChoice,1.0,1.0,0.0,0.0,18,1.0,11,,0,,0,,0.3333333333333333,,,,,,,,,,,,,,,
oracle_hybrid,family_horizon,noglass|30,ADR-tiny-nonlinear-choice/OracleGate+LearnedChoice,1.0,1.0,0.0,0.0,18,1.0,11,,0,,0,,0.3333333333333333,,,,,,,,,,,,,,,
oracle_hybrid,family_horizon,noglass|30,ADR-tiny-nonlinear-choice/LearnedGate+OracleChoice,0.71875,0.71875,0.0,0.53125,18,0.55,11,,0,,0,,0.23655913978494625,,,,,,,,,,,,,,,
oracle_hybrid,family_horizon,noglass|30,ADR-tiny-nonlinear-choice/LearnedGate+LearnedChoice,0.71875,0.71875,0.0,0.53125,18,0.55,11,,0,,0,,0.23655913978494625,,,,,,,,,,,,,,,
conditional_choice,family_horizon,noglass|30,ADR-linear-full,,,,,0,,,,,,,,,,,,,,,,,,,,,,,
conditional_choice,family_horizon,noglass|30,ADR-linear-split,,,,,0,,,,,,,,,,,,,,,,,,,,,,,
conditional_choice,family_horizon,noglass|30,ADR-tiny-nonlinear-choice,,,,,0,,,,,,,,,,,,,,,,,,,,,,,
conditional_choice,family_horizon,noglass|30,Fixed-Detour diagnostic,,,,,0,,,,,,,,,,,,,,,,,,,,,,,
conditional_choice,family_horizon,noglass|30,Condition-only choice diagnostic,,,,,0,,,,,,,,,,,,,,,,,,,,,,,
conditional_choice,family_horizon,noglass|30,Horizon-only choice diagnostic,,,,,0,,,,,,,,,,,,,,,,,,,,,,,
benefit_gate,family_horizon,noglass|30,ADR-linear-full,,,,0.53125,18,,,,,,,,,0.46875,,,,,,,,,0.46875,,,,18,0
benefit_gate,family_horizon,noglass|30,ADR-linear-split,,,,0.65625,18,,,,,,,,,0.34375,,,,,,,,,0.34375,,,,18,0
benefit_gate,family_horizon,noglass|30,ADR-tiny-nonlinear-choice,,,,0.53125,18,,,,,,,,,0.46875,,,,,,,,,0.46875,,,,18,0
composed_router,family_horizon,noglass|40,Base,1.0,1.0,0.0,0.0,8,1.0,3,,0,,0,,0.3333333333333333,,,,,,,,,,,,,,,
composed_router,family_horizon,noglass|40,Always Detour,0.6666666666666666,0.6666666666666666,0.0,1.0,8,0.0,3,,0,,0,,0.0,,,,,,,,,,,,,,,
composed_router,family_horizon,noglass|40,Always Retreat,0.0,0.0,0.0,1.0,8,0.0,3,,0,,0,,0.0,,,,,,,,,,,,,,,
composed_router,family_horizon,noglass|40,Risk->Retreat,1.0,1.0,0.0,0.0,8,1.0,3,,0,,0,,0.3333333333333333,,,,,,,,,,,,,,,
composed_router,family_horizon,noglass|40,Risk->Detour,1.0,1.0,0.0,0.0,8,1.0,3,,0,,0,,0.3333333333333333,,,,,,,,,,,,,,,
composed_router,family_horizon,noglass|40,Risk->BestFixed,1.0,1.0,0.0,0.0,8,1.0,3,,0,,0,,0.3333333333333333,,,,,,,,,,,,,,,
composed_router,family_horizon,noglass|40,Risk+TwoStage,1.0,1.0,0.0,0.0,8,1.0,3,,0,,0,,0.3333333333333333,,,,,,,,,,,,,,,
composed_router,family_horizon,noglass|40,SB-Risk+TwoStage,1.0,1.0,0.0,0.0,8,1.0,3,,0,,0,,0.3333333333333333,,,,,,,,,,,,,,,
composed_router,family_horizon,noglass|40,DirectChoice,1.0,1.0,0.0,0.0,8,1.0,3,,0,,0,,0.3333333333333333,,,,,,,,,,,,,,,
composed_router,family_horizon,noglass|40,DirectQ,1.0,1.0,0.0,0.0,8,1.0,3,,0,,0,,0.3333333333333333,,,,,,,,,,,,,,,
composed_router,family_horizon,noglass|40,SB-DirectQ,1.0,1.0,0.0,0.08333333333333333,8,1.0,3,,0,,0,,0.3333333333333333,,,,,,,,,,,,,,,
composed_router,family_horizon,noglass|40,PairwiseAdvantage,1.0,1.0,0.0,0.0,8,1.0,3,,0,,0,,0.3333333333333333,,,,,,,,,,,,,,,
composed_router,family_horizon,noglass|40,OutcomeRouter,0.8333333333333334,0.8333333333333334,0.0,0.3333333333333333,8,0.5,3,,0,,0,,0.2222222222222222,,,,,,,,,,,,,,,
composed_router,family_horizon,noglass|40,SB-OutcomeRouter,1.0,1.0,0.0,0.16666666666666666,8,1.0,3,,0,,0,,0.3333333333333333,,,,,,,,,,,,,,,
composed_router,family_horizon,noglass|40,SB-COR,0.8333333333333334,0.8333333333333334,0.0,0.25,8,0.5,3,,0,,0,,0.2222222222222222,,,,,,,,,,,,,,,
composed_router,family_horizon,noglass|40,OutcomeRouter-hidden-only,1.0,1.0,0.0,0.3333333333333333,8,1.0,3,,0,,0,,0.3333333333333333,,,,,,,,,,,,,,,
composed_router,family_horizon,noglass|40,OutcomeRouter-state-action-only,0.8333333333333334,0.8333333333333334,0.0,0.3333333333333333,8,0.5,3,,0,,0,,0.2222222222222222,,,,,,,,,,,,,,,
composed_router,family_horizon,noglass|40,Condition-only diagnostic,1.0,1.0,0.0,0.0,8,1.0,3,,0,,0,,0.3333333333333333,,,,,,,,,,,,,,,
composed_router,family_horizon,noglass|40,Horizon-only diagnostic,0.8333333333333334,0.8333333333333334,0.0,0.5,8,0.5,3,,0,,0,,0.2222222222222222,,,,,,,,,,,,,,,
composed_router,family_horizon,noglass|40,ADR-linear-full,1.0,1.0,0.0,0.0,8,1.0,3,,0,,0,,0.3333333333333333,,,,,,,,,,,,,,,
composed_router,family_horizon,noglass|40,ADR-linear-split,0.8333333333333334,0.8333333333333334,0.0,0.16666666666666666,8,0.5,3,,0,,0,,0.2222222222222222,,,,,,,,,,,,,,,
composed_router,family_horizon,noglass|40,ADR-tiny-nonlinear-choice,1.0,1.0,0.0,0.0,8,1.0,3,,0,,0,,0.3333333333333333,,,,,,,,,,,,,,,
composed_router,family_horizon,noglass|40,Oracle upper bound diagnostic,1.0,1.0,0.0,0.0,8,1.0,3,,0,,0,,0.3333333333333333,,,,,,,,,,,,,,,
oracle_hybrid,family_horizon,noglass|40,ADR-linear-full/OracleGate+OracleChoice,1.0,1.0,0.0,0.0,8,1.0,3,,0,,0,,0.3333333333333333,,,,,,,,,,,,,,,
oracle_hybrid,family_horizon,noglass|40,ADR-linear-full/OracleGate+LearnedChoice,1.0,1.0,0.0,0.0,8,1.0,3,,0,,0,,0.3333333333333333,,,,,,,,,,,,,,,
oracle_hybrid,family_horizon,noglass|40,ADR-linear-full/LearnedGate+OracleChoice,1.0,1.0,0.0,0.0,8,1.0,3,,0,,0,,0.3333333333333333,,,,,,,,,,,,,,,
oracle_hybrid,family_horizon,noglass|40,ADR-linear-full/LearnedGate+LearnedChoice,1.0,1.0,0.0,0.0,8,1.0,3,,0,,0,,0.3333333333333333,,,,,,,,,,,,,,,
oracle_hybrid,family_horizon,noglass|40,ADR-linear-split/OracleGate+OracleChoice,1.0,1.0,0.0,0.0,8,1.0,3,,0,,0,,0.3333333333333333,,,,,,,,,,,,,,,
oracle_hybrid,family_horizon,noglass|40,ADR-linear-split/OracleGate+LearnedChoice,1.0,1.0,0.0,0.0,8,1.0,3,,0,,0,,0.3333333333333333,,,,,,,,,,,,,,,
oracle_hybrid,family_horizon,noglass|40,ADR-linear-split/LearnedGate+OracleChoice,0.8333333333333334,0.8333333333333334,0.0,0.16666666666666666,8,0.5,3,,0,,0,,0.2222222222222222,,,,,,,,,,,,,,,
oracle_hybrid,family_horizon,noglass|40,ADR-linear-split/LearnedGate+LearnedChoice,0.8333333333333334,0.8333333333333334,0.0,0.16666666666666666,8,0.5,3,,0,,0,,0.2222222222222222,,,,,,,,,,,,,,,
oracle_hybrid,family_horizon,noglass|40,ADR-tiny-nonlinear-choice/OracleGate+OracleChoice,1.0,1.0,0.0,0.0,8,1.0,3,,0,,0,,0.3333333333333333,,,,,,,,,,,,,,,
oracle_hybrid,family_horizon,noglass|40,ADR-tiny-nonlinear-choice/OracleGate+LearnedChoice,1.0,1.0,0.0,0.0,8,1.0,3,,0,,0,,0.3333333333333333,,,,,,,,,,,,,,,
oracle_hybrid,family_horizon,noglass|40,ADR-tiny-nonlinear-choice/LearnedGate+OracleChoice,1.0,1.0,0.0,0.0,8,1.0,3,,0,,0,,0.3333333333333333,,,,,,,,,,,,,,,
oracle_hybrid,family_horizon,noglass|40,ADR-tiny-nonlinear-choice/LearnedGate+LearnedChoice,1.0,1.0,0.0,0.0,8,1.0,3,,0,,0,,0.3333333333333333,,,,,,,,,,,,,,,
conditional_choice,family_horizon,noglass|40,ADR-linear-full,,,,,0,,,,,,,,,,,,,,,,,,,,,,,
conditional_choice,family_horizon,noglass|40,ADR-linear-split,,,,,0,,,,,,,,,,,,,,,,,,,,,,,
conditional_choice,family_horizon,noglass|40,ADR-tiny-nonlinear-choice,,,,,0,,,,,,,,,,,,,,,,,,,,,,,
conditional_choice,family_horizon,noglass|40,Fixed-Detour diagnostic,,,,,0,,,,,,,,,,,,,,,,,,,,,,,
conditional_choice,family_horizon,noglass|40,Condition-only choice diagnostic,,,,,0,,,,,,,,,,,,,,,,,,,,,,,
conditional_choice,family_horizon,noglass|40,Horizon-only choice diagnostic,,,,,0,,,,,,,,,,,,,,,,,,,,,,,
benefit_gate,family_horizon,noglass|40,ADR-linear-full,,,,0.0,8,,,,,,,,,1.0,,,,,,,,,1.0,,,,8,0
benefit_gate,family_horizon,noglass|40,ADR-linear-split,,,,0.16666666666666666,8,,,,,,,,,0.8333333333333334,,,,,,,,,0.8333333333333334,,,,8,0
benefit_gate,family_horizon,noglass|40,ADR-tiny-nonlinear-choice,,,,0.0,8,,,,,,,,,1.0,,,,,,,,,1.0,,,,8,0
composed_router,family_horizon,noglass|5,Base,0.7647058823529411,0.7647058823529411,0.0,0.0,20,1.0,7,0.0,3,,0,0.0,0.2795698924731183,,,,,,,,,,,,,,,
composed_router,family_horizon,noglass|5,Always Detour,0.5,0.5,0.0,1.0,20,0.0,7,1.0,3,,0,1.0,0.14492753623188406,,,,,,,,,,,,,,,
composed_router,family_horizon,noglass|5,Always Retreat,0.0,0.0,0.0,1.0,20,0.0,7,0.0,3,,0,0.0,0.0,,,,,,,,,,,,,,,
composed_router,family_horizon,noglass|5,Risk->Retreat,0.7352941176470589,0.7352941176470589,0.0,0.029411764705882353,20,1.0,7,0.0,3,,0,0.0,0.2795698924731183,,,,,,,,,,,,,,,
composed_router,family_horizon,noglass|5,Risk->Detour,0.7352941176470589,0.7352941176470589,0.0,0.20588235294117646,20,0.8571428571428571,7,0.3333333333333333,3,,0,0.3333333333333333,0.419753086419753,,,,,,,,,,,,,,,
composed_router,family_horizon,noglass|5,Risk->BestFixed,0.7352941176470589,0.7352941176470589,0.0,0.20588235294117646,20,0.8571428571428571,7,0.3333333333333333,3,,0,0.3333333333333333,0.419753086419753,,,,,,,,,,,,,,,
composed_router,family_horizon,noglass|5,Risk+TwoStage,0.7058823529411765,0.7058823529411765,0.0,0.17647058823529413,20,0.8571428571428571,7,0.0,3,,0,0.0,0.2528735632183908,,,,,,,,,,,,,,,
composed_router,family_horizon,noglass|5,SB-Risk+TwoStage,0.7058823529411765,0.7058823529411765,0.0,0.17647058823529413,20,0.8571428571428571,7,0.0,3,,0,0.0,0.2528735632183908,,,,,,,,,,,,,,,
composed_router,family_horizon,noglass|5,DirectChoice,0.6764705882352942,0.6764705882352942,0.0,0.38235294117647056,20,0.5714285714285714,7,0.3333333333333333,3,,0,0.3333333333333333,0.3333333333333333,,,,,,,,,,,,,,,
composed_router,family_horizon,noglass|5,DirectQ,0.6764705882352942,0.6764705882352942,0.0,0.3235294117647059,20,0.7142857142857143,7,0.3333333333333333,3,,0,0.3333333333333333,0.29743589743589743,,,,,,,,,,,,,,,
composed_router,family_horizon,noglass|5,SB-DirectQ,0.6764705882352942,0.6764705882352942,0.0,0.2647058823529412,20,0.7142857142857143,7,0.3333333333333333,3,,0,0.3333333333333333,0.29743589743589743,,,,,,,,,,,,,,,
composed_router,family_horizon,noglass|5,PairwiseAdvantage,0.6764705882352942,0.6764705882352942,0.0,0.3235294117647059,20,0.7142857142857143,7,0.3333333333333333,3,,0,0.3333333333333333,0.29743589743589743,,,,,,,,,,,,,,,
composed_router,family_horizon,noglass|5,OutcomeRouter,0.7941176470588235,0.7941176470588235,0.0,0.20588235294117646,20,1.0,7,0.3333333333333333,3,,0,0.3333333333333333,0.48932676518883417,,,,,,,,,,,,,,,
composed_router,family_horizon,noglass|5,SB-OutcomeRouter,0.8529411764705882,0.8529411764705882,0.0,0.20588235294117646,20,1.0,7,0.6666666666666666,3,,0,0.6666666666666666,0.6172839506172839,,,,,,,,,,,,,,,
composed_router,family_horizon,noglass|5,SB-COR,0.7941176470588235,0.7941176470588235,0.0,0.2647058823529412,20,0.8571428571428571,7,0.6666666666666666,3,,0,0.6666666666666666,0.5357575757575758,,,,,,,,,,,,,,,
composed_router,family_horizon,noglass|5,OutcomeRouter-hidden-only,0.6764705882352942,0.6764705882352942,0.0,0.3235294117647059,20,0.5714285714285714,7,0.6666666666666666,3,,0,0.6666666666666666,0.35497835497835495,,,,,,,,,,,,,,,
composed_router,family_horizon,noglass|5,OutcomeRouter-state-action-only,0.6764705882352942,0.6764705882352942,0.0,0.3235294117647059,20,0.7142857142857143,7,0.3333333333333333,3,,0,0.3333333333333333,0.29743589743589743,,,,,,,,,,,,,,,
composed_router,family_horizon,noglass|5,Condition-only diagnostic,0.7647058823529411,0.7647058823529411,0.0,0.0,20,1.0,7,0.0,3,,0,0.0,0.2795698924731183,,,,,,,,,,,,,,,
composed_router,family_horizon,noglass|5,Horizon-only diagnostic,0.7647058823529411,0.7647058823529411,0.0,0.0,20,1.0,7,0.0,3,,0,0.0,0.2795698924731183,,,,,,,,,,,,,,,
composed_router,family_horizon,noglass|5,ADR-linear-full,0.6470588235294118,0.6470588235294118,0.0,0.35294117647058826,20,0.5714285714285714,7,0.3333333333333333,3,,0,0.3333333333333333,0.2739393939393939,,,,,,,,,,,,,,,
composed_router,family_horizon,noglass|5,ADR-linear-split,0.6470588235294118,0.6470588235294118,0.0,0.4117647058823529,20,0.5714285714285714,7,0.3333333333333333,3,,0,0.3333333333333333,0.2739393939393939,,,,,,,,,,,,,,,
composed_router,family_horizon,noglass|5,ADR-tiny-nonlinear-choice,0.6176470588235294,0.6176470588235294,0.0,0.35294117647058826,20,0.5714285714285714,7,0.3333333333333333,3,,0,0.3333333333333333,0.2739393939393939,,,,,,,,,,,,,,,
composed_router,family_horizon,noglass|5,Oracle upper bound diagnostic,0.8823529411764706,0.8823529411764706,0.0,0.11764705882352941,20,1.0,7,1.0,3,,0,1.0,0.6666666666666666,,,,,,,,,,,,,,,
oracle_hybrid,family_horizon,noglass|5,ADR-linear-full/OracleGate+OracleChoice,0.8823529411764706,0.8823529411764706,0.0,0.11764705882352941,20,1.0,7,1.0,3,,0,1.0,0.6666666666666666,,,,,,,,,,,,,,,
oracle_hybrid,family_horizon,noglass|5,ADR-linear-full/OracleGate+LearnedChoice,0.8235294117647058,0.8235294117647058,0.0,0.11764705882352941,20,1.0,7,0.6666666666666666,3,,0,0.6666666666666666,0.5833333333333334,,,,,,,,,,,,,,,
oracle_hybrid,family_horizon,noglass|5,ADR-linear-full/LearnedGate+OracleChoice,0.6470588235294118,0.6470588235294118,0.0,0.35294117647058826,20,0.5714285714285714,7,0.3333333333333333,3,,0,0.3333333333333333,0.2739393939393939,,,,,,,,,,,,,,,
oracle_hybrid,family_horizon,noglass|5,ADR-linear-full/LearnedGate+LearnedChoice,0.6470588235294118,0.6470588235294118,0.0,0.35294117647058826,20,0.5714285714285714,7,0.3333333333333333,3,,0,0.3333333333333333,0.2739393939393939,,,,,,,,,,,,,,,
oracle_hybrid,family_horizon,noglass|5,ADR-linear-split/OracleGate+OracleChoice,0.8823529411764706,0.8823529411764706,0.0,0.11764705882352941,20,1.0,7,1.0,3,,0,1.0,0.6666666666666666,,,,,,,,,,,,,,,
oracle_hybrid,family_horizon,noglass|5,ADR-linear-split/OracleGate+LearnedChoice,0.8823529411764706,0.8823529411764706,0.0,0.11764705882352941,20,1.0,7,1.0,3,,0,1.0,0.6666666666666666,,,,,,,,,,,,,,,
oracle_hybrid,family_horizon,noglass|5,ADR-linear-split/LearnedGate+OracleChoice,0.6470588235294118,0.6470588235294118,0.0,0.4117647058823529,20,0.5714285714285714,7,0.3333333333333333,3,,0,0.3333333333333333,0.2739393939393939,,,,,,,,,,,,,,,
oracle_hybrid,family_horizon,noglass|5,ADR-linear-split/LearnedGate+LearnedChoice,0.6470588235294118,0.6470588235294118,0.0,0.4117647058823529,20,0.5714285714285714,7,0.3333333333333333,3,,0,0.3333333333333333,0.2739393939393939,,,,,,,,,,,,,,,
oracle_hybrid,family_horizon,noglass|5,ADR-tiny-nonlinear-choice/OracleGate+OracleChoice,0.8823529411764706,0.8823529411764706,0.0,0.11764705882352941,20,1.0,7,1.0,3,,0,1.0,0.6666666666666666,,,,,,,,,,,,,,,
oracle_hybrid,family_horizon,noglass|5,ADR-tiny-nonlinear-choice/OracleGate+LearnedChoice,0.8235294117647058,0.8235294117647058,0.0,0.11764705882352941,20,1.0,7,0.6666666666666666,3,,0,0.6666666666666666,0.5833333333333334,,,,,,,,,,,,,,,
oracle_hybrid,family_horizon,noglass|5,ADR-tiny-nonlinear-choice/LearnedGate+OracleChoice,0.6470588235294118,0.6470588235294118,0.0,0.35294117647058826,20,0.5714285714285714,7,0.3333333333333333,3,,0,0.3333333333333333,0.2739393939393939,,,,,,,,,,,,,,,
oracle_hybrid,family_horizon,noglass|5,ADR-tiny-nonlinear-choice/LearnedGate+LearnedChoice,0.6176470588235294,0.6176470588235294,0.0,0.35294117647058826,20,0.5714285714285714,7,0.3333333333333333,3,,0,0.3333333333333333,0.2739393939393939,,,,,,,,,,,,,,,
conditional_choice,family_horizon,noglass|5,ADR-linear-full,,,,,3,,,,,,,,,0.6666666666666666,0.4,0.6666666666666666,,2,1,0,0,"[[2.0, 1.0], [0.0, 0.0]]",,,,,,
conditional_choice,family_horizon,noglass|5,ADR-linear-split,,,,,3,,,,,,,,,1.0,0.5,1.0,,3,0,0,0,"[[3.0, 0.0], [0.0, 0.0]]",,,,,,
conditional_choice,family_horizon,noglass|5,ADR-tiny-nonlinear-choice,,,,,3,,,,,,,,,0.6666666666666666,0.4,0.6666666666666666,,2,1,0,0,"[[2.0, 1.0], [0.0, 0.0]]",,,,,,
conditional_choice,family_horizon,noglass|5,Fixed-Detour diagnostic,,,,,3,,,,,,,,,1.0,0.5,1.0,,3,0,0,0,"[[3.0, 0.0], [0.0, 0.0]]",,,,,,
conditional_choice,family_horizon,noglass|5,Condition-only choice diagnostic,,,,,3,,,,,,,,,1.0,0.5,1.0,,3,0,0,0,"[[3.0, 0.0], [0.0, 0.0]]",,,,,,
conditional_choice,family_horizon,noglass|5,Horizon-only choice diagnostic,,,,,3,,,,,,,,,1.0,0.5,1.0,,3,0,0,0,"[[3.0, 0.0], [0.0, 0.0]]",,,,,,
benefit_gate,family_horizon,noglass|5,ADR-linear-full,,,,0.35294117647058826,20,,,,,,,,,0.47916666666666663,,,,,,,,,0.625,0.3333333333333333,0.6583333333333333,0.2015873015873016,17,3
benefit_gate,family_horizon,noglass|5,ADR-linear-split,,,,0.4117647058823529,20,,,,,,,,,0.44791666666666663,,,,,,,,,0.5625,0.3333333333333333,0.6583333333333333,0.2015873015873016,17,3
benefit_gate,family_horizon,noglass|5,ADR-tiny-nonlinear-choice,,,,0.35294117647058826,20,,,,,,,,,0.47916666666666663,,,,,,,,,0.625,0.3333333333333333,0.6583333333333333,0.2015873015873016,17,3
composed_router,family_horizon,offpath|10,Base,0.8235294117647058,0.8235294117647058,0.0,0.0,20,1.0,5,0.0,1,,0,0.0,0.30303030303030304,,,,,,,,,,,,,,,
composed_router,family_horizon,offpath|10,Always Detour,0.5,0.5588235294117647,0.058823529411764705,1.0,20,0.0,5,1.0,1,,0,1.0,0.09523809523809523,,,,,,,,,,,,,,,
composed_router,family_horizon,offpath|10,Always Retreat,-0.058823529411764705,0.0,0.058823529411764705,1.0,20,0.0,5,0.0,1,,0,0.0,0.0,,,,,,,,,,,,,,,
composed_router,family_horizon,offpath|10,Risk->Retreat,0.6470588235294118,0.7058823529411765,0.058823529411764705,0.11764705882352941,20,0.8,5,0.0,1,,0,0.0,0.26666666666666666,,,,,,,,,,,,,,,
composed_router,family_horizon,offpath|10,Risk->Detour,0.5882352941176471,0.6470588235294118,0.058823529411764705,0.23529411764705882,20,0.4,5,0.0,1,,0,0.0,0.16666666666666666,,,,,,,,,,,,,,,
composed_router,family_horizon,offpath|10,Risk->BestFixed,0.5882352941176471,0.6470588235294118,0.058823529411764705,0.23529411764705882,20,0.4,5,0.0,1,,0,0.0,0.16666666666666666,,,,,,,,,,,,,,,
composed_router,family_horizon,offpath|10,Risk+TwoStage,0.6470588235294118,0.7058823529411765,0.058823529411764705,0.17647058823529413,20,0.6,5,0.0,1,,0,0.0,0.2222222222222222,,,,,,,,,,,,,,,
composed_router,family_horizon,offpath|10,SB-Risk+TwoStage,0.6470588235294118,0.7058823529411765,0.058823529411764705,0.17647058823529413,20,0.6,5,0.0,1,,0,0.0,0.2222222222222222,,,,,,,,,,,,,,,
composed_router,family_horizon,offpath|10,DirectChoice,0.5882352941176471,0.6470588235294118,0.058823529411764705,0.29411764705882354,20,0.6,5,0.0,1,,0,0.0,0.2222222222222222,,,,,,,,,,,,,,,
composed_router,family_horizon,offpath|10,DirectQ,0.8235294117647058,0.8235294117647058,0.0,0.17647058823529413,20,1.0,5,0.0,1,,0,0.0,0.30303030303030304,,,,,,,,,,,,,,,
composed_router,family_horizon,offpath|10,SB-DirectQ,0.7647058823529411,0.7647058823529411,0.0,0.17647058823529413,20,0.8,5,0.0,1,,0,0.0,0.26666666666666666,,,,,,,,,,,,,,,
composed_router,family_horizon,offpath|10,PairwiseAdvantage,0.8235294117647058,0.8235294117647058,0.0,0.17647058823529413,20,1.0,5,0.0,1,,0,0.0,0.30303030303030304,,,,,,,,,,,,,,,
composed_router,family_horizon,offpath|10,OutcomeRouter,0.6470588235294118,0.7058823529411765,0.058823529411764705,0.17647058823529413,20,0.6,5,0.0,1,,0,0.0,0.2222222222222222,,,,,,,,,,,,,,,
composed_router,family_horizon,offpath|10,SB-OutcomeRouter,0.7058823529411765,0.7647058823529411,0.058823529411764705,0.17647058823529413,20,0.8,5,0.0,1,,0,0.0,0.26666666666666666,,,,,,,,,,,,,,,
composed_router,family_horizon,offpath|10,SB-COR,0.7058823529411765,0.7647058823529411,0.058823529411764705,0.11764705882352941,20,0.8,5,0.0,1,,0,0.0,0.26666666666666666,,,,,,,,,,,,,,,
composed_router,family_horizon,offpath|10,OutcomeRouter-hidden-only,0.6470588235294118,0.7058823529411765,0.058823529411764705,0.20588235294117646,20,0.6,5,0.0,1,,0,0.0,0.2222222222222222,,,,,,,,,,,,,,,
composed_router,family_horizon,offpath|10,OutcomeRouter-state-action-only,0.6470588235294118,0.6470588235294118,0.0,0.29411764705882354,20,0.4,5,0.0,1,,0,0.0,0.16666666666666666,,,,,,,,,,,,,,,
composed_router,family_horizon,offpath|10,Condition-only diagnostic,0.8235294117647058,0.8235294117647058,0.0,0.0,20,1.0,5,0.0,1,,0,0.0,0.30303030303030304,,,,,,,,,,,,,,,
composed_router,family_horizon,offpath|10,Horizon-only diagnostic,0.6764705882352942,0.6764705882352942,0.0,0.6470588235294118,20,0.4,5,1.0,1,,0,1.0,0.3238095238095238,,,,,,,,,,,,,,,
composed_router,family_horizon,offpath|10,ADR-linear-full,0.7647058823529411,0.7647058823529411,0.0,0.35294117647058826,20,0.8,5,0.0,1,,0,0.0,0.26666666666666666,,,,,,,,,,,,,,,
composed_router,family_horizon,offpath|10,ADR-linear-split,0.7058823529411765,0.7058823529411765,0.0,0.4117647058823529,20,0.6,5,0.0,1,,0,0.0,0.2222222222222222,,,,,,,,,,,,,,,
composed_router,family_horizon,offpath|10,ADR-tiny-nonlinear-choice,0.7647058823529411,0.7647058823529411,0.0,0.35294117647058826,20,0.8,5,0.0,1,,0,0.0,0.26666666666666666,,,,,,,,,,,,,,,
composed_router,family_horizon,offpath|10,Oracle upper bound diagnostic,0.8529411764705882,0.8529411764705882,0.0,0.029411764705882353,20,1.0,5,1.0,1,,0,1.0,0.6666666666666666,,,,,,,,,,,,,,,
oracle_hybrid,family_horizon,offpath|10,ADR-linear-full/OracleGate+OracleChoice,0.8529411764705882,0.8529411764705882,0.0,0.029411764705882353,20,1.0,5,1.0,1,,0,1.0,0.6666666666666666,,,,,,,,,,,,,,,
oracle_hybrid,family_horizon,offpath|10,ADR-linear-full/OracleGate+LearnedChoice,0.8529411764705882,0.8529411764705882,0.0,0.029411764705882353,20,1.0,5,1.0,1,,0,1.0,0.6666666666666666,,,,,,,,,,,,,,,
oracle_hybrid,family_horizon,offpath|10,ADR-linear-full/LearnedGate+OracleChoice,0.7647058823529411,0.7647058823529411,0.0,0.35294117647058826,20,0.8,5,0.0,1,,0,0.0,0.26666666666666666,,,,,,,,,,,,,,,
oracle_hybrid,family_horizon,offpath|10,ADR-linear-full/LearnedGate+LearnedChoice,0.7647058823529411,0.7647058823529411,0.0,0.35294117647058826,20,0.8,5,0.0,1,,0,0.0,0.26666666666666666,,,,,,,,,,,,,,,
oracle_hybrid,family_horizon,offpath|10,ADR-linear-split/OracleGate+OracleChoice,0.8529411764705882,0.8529411764705882,0.0,0.029411764705882353,20,1.0,5,1.0,1,,0,1.0,0.6666666666666666,,,,,,,,,,,,,,,
oracle_hybrid,family_horizon,offpath|10,ADR-linear-split/OracleGate+LearnedChoice,0.8529411764705882,0.8529411764705882,0.0,0.029411764705882353,20,1.0,5,1.0,1,,0,1.0,0.6666666666666666,,,,,,,,,,,,,,,
oracle_hybrid,family_horizon,offpath|10,ADR-linear-split/LearnedGate+OracleChoice,0.7058823529411765,0.7058823529411765,0.0,0.4117647058823529,20,0.6,5,0.0,1,,0,0.0,0.2222222222222222,,,,,,,,,,,,,,,
oracle_hybrid,family_horizon,offpath|10,ADR-linear-split/LearnedGate+LearnedChoice,0.7058823529411765,0.7058823529411765,0.0,0.4117647058823529,20,0.6,5,0.0,1,,0,0.0,0.2222222222222222,,,,,,,,,,,,,,,
oracle_hybrid,family_horizon,offpath|10,ADR-tiny-nonlinear-choice/OracleGate+OracleChoice,0.8529411764705882,0.8529411764705882,0.0,0.029411764705882353,20,1.0,5,1.0,1,,0,1.0,0.6666666666666666,,,,,,,,,,,,,,,
oracle_hybrid,family_horizon,offpath|10,ADR-tiny-nonlinear-choice/OracleGate+LearnedChoice,0.8529411764705882,0.8529411764705882,0.0,0.029411764705882353,20,1.0,5,1.0,1,,0,1.0,0.6666666666666666,,,,,,,,,,,,,,,
oracle_hybrid,family_horizon,offpath|10,ADR-tiny-nonlinear-choice/LearnedGate+OracleChoice,0.7647058823529411,0.7647058823529411,0.0,0.35294117647058826,20,0.8,5,0.0,1,,0,0.0,0.26666666666666666,,,,,,,,,,,,,,,
oracle_hybrid,family_horizon,offpath|10,ADR-tiny-nonlinear-choice/LearnedGate+LearnedChoice,0.7647058823529411,0.7647058823529411,0.0,0.35294117647058826,20,0.8,5,0.0,1,,0,0.0,0.26666666666666666,,,,,,,,,,,,,,,
conditional_choice,family_horizon,offpath|10,ADR-linear-full,,,,,1,,,,,,,,,1.0,0.5,1.0,,1,0,0,0,"[[1.0, 0.0], [0.0, 0.0]]",,,,,,
conditional_choice,family_horizon,offpath|10,ADR-linear-split,,,,,1,,,,,,,,,1.0,0.5,1.0,,1,0,0,0,"[[1.0, 0.0], [0.0, 0.0]]",,,,,,
conditional_choice,family_horizon,offpath|10,ADR-tiny-nonlinear-choice,,,,,1,,,,,,,,,1.0,0.5,1.0,,1,0,0,0,"[[1.0, 0.0], [0.0, 0.0]]",,,,,,
conditional_choice,family_horizon,offpath|10,Fixed-Detour diagnostic,,,,,1,,,,,,,,,1.0,0.5,1.0,,1,0,0,0,"[[1.0, 0.0], [0.0, 0.0]]",,,,,,
conditional_choice,family_horizon,offpath|10,Condition-only choice diagnostic,,,,,1,,,,,,,,,1.0,0.5,1.0,,1,0,0,0,"[[1.0, 0.0], [0.0, 0.0]]",,,,,,
conditional_choice,family_horizon,offpath|10,Horizon-only choice diagnostic,,,,,1,,,,,,,,,1.0,0.5,1.0,,1,0,0,0,"[[1.0, 0.0], [0.0, 0.0]]",,,,,,
benefit_gate,family_horizon,offpath|10,ADR-linear-full,,,,0.35294117647058826,20,,,,,,,,,0.3235294117647059,,,,,,,,,0.6470588235294118,0.0,0.2727272727272727,0.04,19,1
benefit_gate,family_horizon,offpath|10,ADR-linear-split,,,,0.4117647058823529,20,,,,,,,,,0.29411764705882354,,,,,,,,,0.5882352941176471,0.0,0.2727272727272727,0.04,19,1
benefit_gate,family_horizon,offpath|10,ADR-tiny-nonlinear-choice,,,,0.35294117647058826,20,,,,,,,,,0.3235294117647059,,,,,,,,,0.6470588235294118,0.0,0.2727272727272727,0.04,19,1
composed_router,family_horizon,offpath|20,Base,1.0,1.0,0.0,0.0,20,1.0,7,,0,,0,,0.3333333333333333,,,,,,,,,,,,,,,
composed_router,family_horizon,offpath|20,Always Detour,0.5294117647058824,0.5882352941176471,0.058823529411764705,1.0,20,0.0,7,,0,,0,,0.0,,,,,,,,,,,,,,,
composed_router,family_horizon,offpath|20,Always Retreat,-0.058823529411764705,0.0,0.058823529411764705,1.0,20,0.0,7,,0,,0,,0.0,,,,,,,,,,,,,,,
composed_router,family_horizon,offpath|20,Risk->Retreat,0.8823529411764706,0.8823529411764706,0.0,0.11764705882352941,20,0.7142857142857143,7,,0,,0,,0.2777777777777778,,,,,,,,,,,,,,,
composed_router,family_horizon,offpath|20,Risk->Detour,0.7647058823529411,0.7647058823529411,0.0,0.38235294117647056,20,0.42857142857142855,7,,0,,0,,0.19999999999999998,,,,,,,,,,,,,,,
composed_router,family_horizon,offpath|20,Risk->BestFixed,0.7647058823529411,0.7647058823529411,0.0,0.38235294117647056,20,0.42857142857142855,7,,0,,0,,0.19999999999999998,,,,,,,,,,,,,,,
composed_router,family_horizon,offpath|20,Risk+TwoStage,0.8235294117647058,0.8235294117647058,0.0,0.3235294117647059,20,0.5714285714285714,7,,0,,0,,0.24242424242424243,,,,,,,,,,,,,,,
composed_router,family_horizon,offpath|20,SB-Risk+TwoStage,0.8235294117647058,0.8235294117647058,0.0,0.3235294117647059,20,0.5714285714285714,7,,0,,0,,0.24242424242424243,,,,,,,,,,,,,,,
composed_router,family_horizon,offpath|20,DirectChoice,0.8235294117647058,0.8235294117647058,0.0,0.4411764705882353,20,0.5714285714285714,7,,0,,0,,0.24242424242424243,,,,,,,,,,,,,,,
composed_router,family_horizon,offpath|20,DirectQ,0.8823529411764706,0.8823529411764706,0.0,0.4411764705882353,20,0.7142857142857143,7,,0,,0,,0.2777777777777778,,,,,,,,,,,,,,,
composed_router,family_horizon,offpath|20,SB-DirectQ,0.8823529411764706,0.8823529411764706,0.0,0.4117647058823529,20,0.7142857142857143,7,,0,,0,,0.2777777777777778,,,,,,,,,,,,,,,
composed_router,family_horizon,offpath|20,PairwiseAdvantage,0.8823529411764706,0.8823529411764706,0.0,0.4411764705882353,20,0.7142857142857143,7,,0,,0,,0.2777777777777778,,,,,,,,,,,,,,,
composed_router,family_horizon,offpath|20,OutcomeRouter,0.8823529411764706,0.8823529411764706,0.0,0.4117647058823529,20,0.7142857142857143,7,,0,,0,,0.2777777777777778,,,,,,,,,,,,,,,
composed_router,family_horizon,offpath|20,SB-OutcomeRouter,0.8823529411764706,0.8823529411764706,0.0,0.4117647058823529,20,0.7142857142857143,7,,0,,0,,0.2777777777777778,,,,,,,,,,,,,,,
composed_router,family_horizon,offpath|20,SB-COR,0.8823529411764706,0.8823529411764706,0.0,0.4117647058823529,20,0.7142857142857143,7,,0,,0,,0.2777777777777778,,,,,,,,,,,,,,,
composed_router,family_horizon,offpath|20,OutcomeRouter-hidden-only,0.8235294117647058,0.8235294117647058,0.0,0.5,20,0.5714285714285714,7,,0,,0,,0.24242424242424243,,,,,,,,,,,,,,,
composed_router,family_horizon,offpath|20,OutcomeRouter-state-action-only,0.8235294117647058,0.8235294117647058,0.0,0.3235294117647059,20,0.5714285714285714,7,,0,,0,,0.24242424242424243,,,,,,,,,,,,,,,
composed_router,family_horizon,offpath|20,Condition-only diagnostic,1.0,1.0,0.0,0.0,20,1.0,7,,0,,0,,0.3333333333333333,,,,,,,,,,,,,,,
composed_router,family_horizon,offpath|20,Horizon-only diagnostic,0.5882352941176471,0.6470588235294118,0.058823529411764705,0.6470588235294118,20,0.14285714285714285,7,,0,,0,,0.08333333333333333,,,,,,,,,,,,,,,
composed_router,family_horizon,offpath|20,ADR-linear-full,0.8235294117647058,0.8235294117647058,0.0,0.4411764705882353,20,0.5714285714285714,7,,0,,0,,0.24242424242424243,,,,,,,,,,,,,,,
composed_router,family_horizon,offpath|20,ADR-linear-split,0.8235294117647058,0.8235294117647058,0.0,0.4411764705882353,20,0.5714285714285714,7,,0,,0,,0.24242424242424243,,,,,,,,,,,,,,,
composed_router,family_horizon,offpath|20,ADR-tiny-nonlinear-choice,0.8235294117647058,0.8235294117647058,0.0,0.4411764705882353,20,0.5714285714285714,7,,0,,0,,0.24242424242424243,,,,,,,,,,,,,,,
composed_router,family_horizon,offpath|20,Oracle upper bound diagnostic,1.0,1.0,0.0,0.0,20,1.0,7,,0,,0,,0.3333333333333333,,,,,,,,,,,,,,,
oracle_hybrid,family_horizon,offpath|20,ADR-linear-full/OracleGate+OracleChoice,1.0,1.0,0.0,0.0,20,1.0,7,,0,,0,,0.3333333333333333,,,,,,,,,,,,,,,
oracle_hybrid,family_horizon,offpath|20,ADR-linear-full/OracleGate+LearnedChoice,1.0,1.0,0.0,0.0,20,1.0,7,,0,,0,,0.3333333333333333,,,,,,,,,,,,,,,
oracle_hybrid,family_horizon,offpath|20,ADR-linear-full/LearnedGate+OracleChoice,0.8235294117647058,0.8235294117647058,0.0,0.4411764705882353,20,0.5714285714285714,7,,0,,0,,0.24242424242424243,,,,,,,,,,,,,,,
oracle_hybrid,family_horizon,offpath|20,ADR-linear-full/LearnedGate+LearnedChoice,0.8235294117647058,0.8235294117647058,0.0,0.4411764705882353,20,0.5714285714285714,7,,0,,0,,0.24242424242424243,,,,,,,,,,,,,,,
oracle_hybrid,family_horizon,offpath|20,ADR-linear-split/OracleGate+OracleChoice,1.0,1.0,0.0,0.0,20,1.0,7,,0,,0,,0.3333333333333333,,,,,,,,,,,,,,,
oracle_hybrid,family_horizon,offpath|20,ADR-linear-split/OracleGate+LearnedChoice,1.0,1.0,0.0,0.0,20,1.0,7,,0,,0,,0.3333333333333333,,,,,,,,,,,,,,,
oracle_hybrid,family_horizon,offpath|20,ADR-linear-split/LearnedGate+OracleChoice,0.8235294117647058,0.8235294117647058,0.0,0.4411764705882353,20,0.5714285714285714,7,,0,,0,,0.24242424242424243,,,,,,,,,,,,,,,
oracle_hybrid,family_horizon,offpath|20,ADR-linear-split/LearnedGate+LearnedChoice,0.8235294117647058,0.8235294117647058,0.0,0.4411764705882353,20,0.5714285714285714,7,,0,,0,,0.24242424242424243,,,,,,,,,,,,,,,
oracle_hybrid,family_horizon,offpath|20,ADR-tiny-nonlinear-choice/OracleGate+OracleChoice,1.0,1.0,0.0,0.0,20,1.0,7,,0,,0,,0.3333333333333333,,,,,,,,,,,,,,,
oracle_hybrid,family_horizon,offpath|20,ADR-tiny-nonlinear-choice/OracleGate+LearnedChoice,1.0,1.0,0.0,0.0,20,1.0,7,,0,,0,,0.3333333333333333,,,,,,,,,,,,,,,
oracle_hybrid,family_horizon,offpath|20,ADR-tiny-nonlinear-choice/LearnedGate+OracleChoice,0.8235294117647058,0.8235294117647058,0.0,0.4411764705882353,20,0.5714285714285714,7,,0,,0,,0.24242424242424243,,,,,,,,,,,,,,,
oracle_hybrid,family_horizon,offpath|20,ADR-tiny-nonlinear-choice/LearnedGate+LearnedChoice,0.8235294117647058,0.8235294117647058,0.0,0.4411764705882353,20,0.5714285714285714,7,,0,,0,,0.24242424242424243,,,,,,,,,,,,,,,
conditional_choice,family_horizon,offpath|20,ADR-linear-full,,,,,0,,,,,,,,,,,,,,,,,,,,,,,
conditional_choice,family_horizon,offpath|20,ADR-linear-split,,,,,0,,,,,,,,,,,,,,,,,,,,,,,
conditional_choice,family_horizon,offpath|20,ADR-tiny-nonlinear-choice,,,,,0,,,,,,,,,,,,,,,,,,,,,,,
conditional_choice,family_horizon,offpath|20,Fixed-Detour diagnostic,,,,,0,,,,,,,,,,,,,,,,,,,,,,,
conditional_choice,family_horizon,offpath|20,Condition-only choice diagnostic,,,,,0,,,,,,,,,,,,,,,,,,,,,,,
conditional_choice,family_horizon,offpath|20,Horizon-only choice diagnostic,,,,,0,,,,,,,,,,,,,,,,,,,,,,,
benefit_gate,family_horizon,offpath|20,ADR-linear-full,,,,0.4411764705882353,20,,,,,,,,,0.5588235294117647,,,,,,,,,0.5588235294117647,,,,20,0
benefit_gate,family_horizon,offpath|20,ADR-linear-split,,,,0.4411764705882353,20,,,,,,,,,0.5588235294117647,,,,,,,,,0.5588235294117647,,,,20,0
benefit_gate,family_horizon,offpath|20,ADR-tiny-nonlinear-choice,,,,0.4411764705882353,20,,,,,,,,,0.5588235294117647,,,,,,,,,0.5588235294117647,,,,20,0
composed_router,family_horizon,offpath|30,Base,0.9375,0.9375,0.0,0.0,18,1.0,3,0.0,1,,0,0.0,0.2857142857142857,,,,,,,,,,,,,,,
composed_router,family_horizon,offpath|30,Always Detour,0.75,0.8125,0.0625,1.0,18,0.0,3,1.0,1,,0,1.0,0.13333333333333333,,,,,,,,,,,,,,,
composed_router,family_horizon,offpath|30,Always Retreat,-0.0625,0.0,0.0625,1.0,18,0.0,3,0.0,1,,0,0.0,0.0,,,,,,,,,,,,,,,
composed_router,family_horizon,offpath|30,Risk->Retreat,0.75,0.75,0.0,0.25,18,0.6666666666666666,3,0.0,1,,0,0.0,0.26666666666666666,,,,,,,,,,,,,,,
composed_router,family_horizon,offpath|30,Risk->Detour,0.9375,0.9375,0.0,0.4375,18,0.6666666666666666,3,1.0,1,,0,1.0,0.48888888888888893,,,,,,,,,,,,,,,
composed_router,family_horizon,offpath|30,Risk->BestFixed,0.9375,0.9375,0.0,0.4375,18,0.6666666666666666,3,1.0,1,,0,1.0,0.48888888888888893,,,,,,,,,,,,,,,
composed_router,family_horizon,offpath|30,Risk+TwoStage,0.875,0.875,0.0,0.375,18,0.6666666666666666,3,1.0,1,,0,1.0,0.48888888888888893,,,,,,,,,,,,,,,
composed_router,family_horizon,offpath|30,SB-Risk+TwoStage,0.875,0.875,0.0,0.375,18,0.6666666666666666,3,1.0,1,,0,1.0,0.48888888888888893,,,,,,,,,,,,,,,
composed_router,family_horizon,offpath|30,DirectChoice,1.0,1.0,0.0,0.625,18,1.0,3,1.0,1,,0,1.0,0.6666666666666666,,,,,,,,,,,,,,,
composed_router,family_horizon,offpath|30,DirectQ,1.0,1.0,0.0,0.375,18,1.0,3,1.0,1,,0,1.0,0.6666666666666666,,,,,,,,,,,,,,,
composed_router,family_horizon,offpath|30,SB-DirectQ,0.9375,0.9375,0.0,0.34375,18,1.0,3,0.0,1,,0,0.0,0.2857142857142857,,,,,,,,,,,,,,,
composed_router,family_horizon,offpath|30,PairwiseAdvantage,1.0,1.0,0.0,0.375,18,1.0,3,1.0,1,,0,1.0,0.6666666666666666,,,,,,,,,,,,,,,
composed_router,family_horizon,offpath|30,OutcomeRouter,0.9375,0.9375,0.0,0.5625,18,0.6666666666666666,3,1.0,1,,0,1.0,0.48888888888888893,,,,,,,,,,,,,,,
composed_router,family_horizon,offpath|30,SB-OutcomeRouter,1.0,1.0,0.0,0.53125,18,1.0,3,1.0,1,,0,1.0,0.6666666666666666,,,,,,,,,,,,,,,
composed_router,family_horizon,offpath|30,SB-COR,1.0,1.0,0.0,0.5625,18,1.0,3,1.0,1,,0,1.0,0.6666666666666666,,,,,,,,,,,,,,,
composed_router,family_horizon,offpath|30,OutcomeRouter-hidden-only,0.9375,0.9375,0.0,0.65625,18,0.6666666666666666,3,1.0,1,,0,1.0,0.48888888888888893,,,,,,,,,,,,,,,
composed_router,family_horizon,offpath|30,OutcomeRouter-state-action-only,0.9375,0.9375,0.0,0.40625,18,0.6666666666666666,3,1.0,1,,0,1.0,0.48888888888888893,,,,,,,,,,,,,,,
composed_router,family_horizon,offpath|30,Condition-only diagnostic,0.9375,0.9375,0.0,0.0,18,1.0,3,0.0,1,,0,0.0,0.2857142857142857,,,,,,,,,,,,,,,
composed_router,family_horizon,offpath|30,Horizon-only diagnostic,0.8125,0.875,0.0625,0.5,18,0.3333333333333333,3,1.0,1,,0,1.0,0.3333333333333333,,,,,,,,,,,,,,,
composed_router,family_horizon,offpath|30,ADR-linear-full,0.8125,0.8125,0.0,0.5,18,0.6666666666666666,3,0.0,1,,0,0.0,0.2222222222222222,,,,,,,,,,,,,,,
composed_router,family_horizon,offpath|30,ADR-linear-split,0.875,0.875,0.0,0.5625,18,0.6666666666666666,3,0.0,1,,0,0.0,0.2222222222222222,,,,,,,,,,,,,,,
composed_router,family_horizon,offpath|30,ADR-tiny-nonlinear-choice,0.875,0.875,0.0,0.4375,18,0.6666666666666666,3,0.0,1,,0,0.0,0.2222222222222222,,,,,,,,,,,,,,,
composed_router,family_horizon,offpath|30,Oracle upper bound diagnostic,1.0,1.0,0.0,0.0625,18,1.0,3,1.0,1,,0,1.0,0.6666666666666666,,,,,,,,,,,,,,,
oracle_hybrid,family_horizon,offpath|30,ADR-linear-full/OracleGate+OracleChoice,1.0,1.0,0.0,0.0625,18,1.0,3,1.0,1,,0,1.0,0.6666666666666666,,,,,,,,,,,,,,,
oracle_hybrid,family_horizon,offpath|30,ADR-linear-full/OracleGate+LearnedChoice,1.0,1.0,0.0,0.0625,18,1.0,3,1.0,1,,0,1.0,0.6666666666666666,,,,,,,,,,,,,,,
oracle_hybrid,family_horizon,offpath|30,ADR-linear-full/LearnedGate+OracleChoice,0.875,0.875,0.0,0.5,18,0.6666666666666666,3,0.0,1,,0,0.0,0.2222222222222222,,,,,,,,,,,,,,,
oracle_hybrid,family_horizon,offpath|30,ADR-linear-full/LearnedGate+LearnedChoice,0.8125,0.8125,0.0,0.5,18,0.6666666666666666,3,0.0,1,,0,0.0,0.2222222222222222,,,,,,,,,,,,,,,
oracle_hybrid,family_horizon,offpath|30,ADR-linear-split/OracleGate+OracleChoice,1.0,1.0,0.0,0.0625,18,1.0,3,1.0,1,,0,1.0,0.6666666666666666,,,,,,,,,,,,,,,
oracle_hybrid,family_horizon,offpath|30,ADR-linear-split/OracleGate+LearnedChoice,1.0,1.0,0.0,0.0625,18,1.0,3,1.0,1,,0,1.0,0.6666666666666666,,,,,,,,,,,,,,,
oracle_hybrid,family_horizon,offpath|30,ADR-linear-split/LearnedGate+OracleChoice,0.875,0.875,0.0,0.5625,18,0.6666666666666666,3,0.0,1,,0,0.0,0.2222222222222222,,,,,,,,,,,,,,,
oracle_hybrid,family_horizon,offpath|30,ADR-linear-split/LearnedGate+LearnedChoice,0.875,0.875,0.0,0.5625,18,0.6666666666666666,3,0.0,1,,0,0.0,0.2222222222222222,,,,,,,,,,,,,,,
oracle_hybrid,family_horizon,offpath|30,ADR-tiny-nonlinear-choice/OracleGate+OracleChoice,1.0,1.0,0.0,0.0625,18,1.0,3,1.0,1,,0,1.0,0.6666666666666666,,,,,,,,,,,,,,,
oracle_hybrid,family_horizon,offpath|30,ADR-tiny-nonlinear-choice/OracleGate+LearnedChoice,1.0,1.0,0.0,0.0625,18,1.0,3,1.0,1,,0,1.0,0.6666666666666666,,,,,,,,,,,,,,,
oracle_hybrid,family_horizon,offpath|30,ADR-tiny-nonlinear-choice/LearnedGate+OracleChoice,0.875,0.875,0.0,0.4375,18,0.6666666666666666,3,0.0,1,,0,0.0,0.2222222222222222,,,,,,,,,,,,,,,
oracle_hybrid,family_horizon,offpath|30,ADR-tiny-nonlinear-choice/LearnedGate+LearnedChoice,0.875,0.875,0.0,0.4375,18,0.6666666666666666,3,0.0,1,,0,0.0,0.2222222222222222,,,,,,,,,,,,,,,
conditional_choice,family_horizon,offpath|30,ADR-linear-full,,,,,1,,,,,,,,,1.0,0.5,1.0,,1,0,0,0,"[[1.0, 0.0], [0.0, 0.0]]",,,,,,
conditional_choice,family_horizon,offpath|30,ADR-linear-split,,,,,1,,,,,,,,,1.0,0.5,1.0,,1,0,0,0,"[[1.0, 0.0], [0.0, 0.0]]",,,,,,
conditional_choice,family_horizon,offpath|30,ADR-tiny-nonlinear-choice,,,,,1,,,,,,,,,1.0,0.5,1.0,,1,0,0,0,"[[1.0, 0.0], [0.0, 0.0]]",,,,,,
conditional_choice,family_horizon,offpath|30,Fixed-Detour diagnostic,,,,,1,,,,,,,,,1.0,0.5,1.0,,1,0,0,0,"[[1.0, 0.0], [0.0, 0.0]]",,,,,,
conditional_choice,family_horizon,offpath|30,Condition-only choice diagnostic,,,,,1,,,,,,,,,1.0,0.5,1.0,,1,0,0,0,"[[1.0, 0.0], [0.0, 0.0]]",,,,,,
conditional_choice,family_horizon,offpath|30,Horizon-only choice diagnostic,,,,,1,,,,,,,,,1.0,0.5,1.0,,1,0,0,0,"[[1.0, 0.0], [0.0, 0.0]]",,,,,,
benefit_gate,family_horizon,offpath|30,ADR-linear-full,,,,0.5,18,,,,,,,,,0.23333333333333334,,,,,,,,,0.4666666666666667,0.0,0.4666666666666667,0.1111111111111111,17,1
benefit_gate,family_horizon,offpath|30,ADR-linear-split,,,,0.5625,18,,,,,,,,,0.2,,,,,,,,,0.4,0.0,0.4666666666666667,0.1111111111111111,17,1
benefit_gate,family_horizon,offpath|30,ADR-tiny-nonlinear-choice,,,,0.4375,18,,,,,,,,,0.26666666666666666,,,,,,,,,0.5333333333333333,0.0,0.4666666666666667,0.1111111111111111,17,1
composed_router,family_horizon,offpath|40,Base,0.6666666666666666,0.8333333333333334,0.16666666666666666,0.0,8,1.0,1,,0,,0,,0.3333333333333333,,,,,,,,,,,,,,,
composed_router,family_horizon,offpath|40,Always Detour,0.5,0.6666666666666666,0.16666666666666666,1.0,8,0.0,1,,0,,0,,0.0,,,,,,,,,,,,,,,
composed_router,family_horizon,offpath|40,Always Retreat,-0.16666666666666666,0.0,0.16666666666666666,1.0,8,0.0,1,,0,,0,,0.0,,,,,,,,,,,,,,,
composed_router,family_horizon,offpath|40,Risk->Retreat,0.3333333333333333,0.5,0.16666666666666666,0.3333333333333333,8,0.0,1,,0,,0,,0.0,,,,,,,,,,,,,,,
composed_router,family_horizon,offpath|40,Risk->Detour,0.5,0.6666666666666666,0.16666666666666666,0.3333333333333333,8,0.0,1,,0,,0,,0.0,,,,,,,,,,,,,,,
composed_router,family_horizon,offpath|40,Risk->BestFixed,0.5,0.6666666666666666,0.16666666666666666,0.3333333333333333,8,0.0,1,,0,,0,,0.0,,,,,,,,,,,,,,,
composed_router,family_horizon,offpath|40,Risk+TwoStage,0.5,0.6666666666666666,0.16666666666666666,0.3333333333333333,8,0.0,1,,0,,0,,0.0,,,,,,,,,,,,,,,
composed_router,family_horizon,offpath|40,SB-Risk+TwoStage,0.5,0.6666666666666666,0.16666666666666666,0.3333333333333333,8,0.0,1,,0,,0,,0.0,,,,,,,,,,,,,,,
composed_router,family_horizon,offpath|40,DirectChoice,0.6666666666666666,0.8333333333333334,0.16666666666666666,0.0,8,1.0,1,,0,,0,,0.3333333333333333,,,,,,,,,,,,,,,
composed_router,family_horizon,offpath|40,DirectQ,0.5,0.6666666666666666,0.16666666666666666,0.16666666666666666,8,0.0,1,,0,,0,,0.0,,,,,,,,,,,,,,,
composed_router,family_horizon,offpath|40,SB-DirectQ,0.5,0.6666666666666666,0.16666666666666666,0.16666666666666666,8,0.0,1,,0,,0,,0.0,,,,,,,,,,,,,,,
composed_router,family_horizon,offpath|40,PairwiseAdvantage,0.5,0.6666666666666666,0.16666666666666666,0.16666666666666666,8,0.0,1,,0,,0,,0.0,,,,,,,,,,,,,,,
composed_router,family_horizon,offpath|40,OutcomeRouter,0.5,0.6666666666666666,0.16666666666666666,0.6666666666666666,8,0.0,1,,0,,0,,0.0,,,,,,,,,,,,,,,
composed_router,family_horizon,offpath|40,SB-OutcomeRouter,0.6666666666666666,0.8333333333333334,0.16666666666666666,0.3333333333333333,8,1.0,1,,0,,0,,0.3333333333333333,,,,,,,,,,,,,,,
composed_router,family_horizon,offpath|40,SB-COR,0.6666666666666666,0.8333333333333334,0.16666666666666666,0.4166666666666667,8,1.0,1,,0,,0,,0.3333333333333333,,,,,,,,,,,,,,,
composed_router,family_horizon,offpath|40,OutcomeRouter-hidden-only,0.5,0.6666666666666666,0.16666666666666666,0.4166666666666667,8,0.0,1,,0,,0,,0.0,,,,,,,,,,,,,,,
composed_router,family_horizon,offpath|40,OutcomeRouter-state-action-only,0.6666666666666666,0.8333333333333334,0.16666666666666666,0.25,8,1.0,1,,0,,0,,0.3333333333333333,,,,,,,,,,,,,,,
composed_router,family_horizon,offpath|40,Condition-only diagnostic,0.6666666666666666,0.8333333333333334,0.16666666666666666,0.0,8,1.0,1,,0,,0,,0.3333333333333333,,,,,,,,,,,,,,,
composed_router,family_horizon,offpath|40,Horizon-only diagnostic,0.5,0.6666666666666666,0.16666666666666666,0.5,8,0.0,1,,0,,0,,0.0,,,,,,,,,,,,,,,
composed_router,family_horizon,offpath|40,ADR-linear-full,0.5,0.6666666666666666,0.16666666666666666,0.25,8,0.0,1,,0,,0,,0.0,,,,,,,,,,,,,,,
composed_router,family_horizon,offpath|40,ADR-linear-split,0.5,0.6666666666666666,0.16666666666666666,0.5833333333333334,8,0.0,1,,0,,0,,0.0,,,,,,,,,,,,,,,
composed_router,family_horizon,offpath|40,ADR-tiny-nonlinear-choice,0.5,0.6666666666666666,0.16666666666666666,0.25,8,0.0,1,,0,,0,,0.0,,,,,,,,,,,,,,,
composed_router,family_horizon,offpath|40,Oracle upper bound diagnostic,0.6666666666666666,0.8333333333333334,0.16666666666666666,0.0,8,1.0,1,,0,,0,,0.3333333333333333,,,,,,,,,,,,,,,
oracle_hybrid,family_horizon,offpath|40,ADR-linear-full/OracleGate+OracleChoice,0.6666666666666666,0.8333333333333334,0.16666666666666666,0.0,8,1.0,1,,0,,0,,0.3333333333333333,,,,,,,,,,,,,,,
oracle_hybrid,family_horizon,offpath|40,ADR-linear-full/OracleGate+LearnedChoice,0.6666666666666666,0.8333333333333334,0.16666666666666666,0.0,8,1.0,1,,0,,0,,0.3333333333333333,,,,,,,,,,,,,,,
oracle_hybrid,family_horizon,offpath|40,ADR-linear-full/LearnedGate+OracleChoice,0.5,0.6666666666666666,0.16666666666666666,0.25,8,0.0,1,,0,,0,,0.0,,,,,,,,,,,,,,,
oracle_hybrid,family_horizon,offpath|40,ADR-linear-full/LearnedGate+LearnedChoice,0.5,0.6666666666666666,0.16666666666666666,0.25,8,0.0,1,,0,,0,,0.0,,,,,,,,,,,,,,,
oracle_hybrid,family_horizon,offpath|40,ADR-linear-split/OracleGate+OracleChoice,0.6666666666666666,0.8333333333333334,0.16666666666666666,0.0,8,1.0,1,,0,,0,,0.3333333333333333,,,,,,,,,,,,,,,
oracle_hybrid,family_horizon,offpath|40,ADR-linear-split/OracleGate+LearnedChoice,0.6666666666666666,0.8333333333333334,0.16666666666666666,0.0,8,1.0,1,,0,,0,,0.3333333333333333,,,,,,,,,,,,,,,
oracle_hybrid,family_horizon,offpath|40,ADR-linear-split/LearnedGate+OracleChoice,0.5,0.6666666666666666,0.16666666666666666,0.5833333333333334,8,0.0,1,,0,,0,,0.0,,,,,,,,,,,,,,,
oracle_hybrid,family_horizon,offpath|40,ADR-linear-split/LearnedGate+LearnedChoice,0.5,0.6666666666666666,0.16666666666666666,0.5833333333333334,8,0.0,1,,0,,0,,0.0,,,,,,,,,,,,,,,
oracle_hybrid,family_horizon,offpath|40,ADR-tiny-nonlinear-choice/OracleGate+OracleChoice,0.6666666666666666,0.8333333333333334,0.16666666666666666,0.0,8,1.0,1,,0,,0,,0.3333333333333333,,,,,,,,,,,,,,,
oracle_hybrid,family_horizon,offpath|40,ADR-tiny-nonlinear-choice/OracleGate+LearnedChoice,0.6666666666666666,0.8333333333333334,0.16666666666666666,0.0,8,1.0,1,,0,,0,,0.3333333333333333,,,,,,,,,,,,,,,
oracle_hybrid,family_horizon,offpath|40,ADR-tiny-nonlinear-choice/LearnedGate+OracleChoice,0.5,0.6666666666666666,0.16666666666666666,0.25,8,0.0,1,,0,,0,,0.0,,,,,,,,,,,,,,,
oracle_hybrid,family_horizon,offpath|40,ADR-tiny-nonlinear-choice/LearnedGate+LearnedChoice,0.5,0.6666666666666666,0.16666666666666666,0.25,8,0.0,1,,0,,0,,0.0,,,,,,,,,,,,,,,
conditional_choice,family_horizon,offpath|40,ADR-linear-full,,,,,0,,,,,,,,,,,,,,,,,,,,,,,
conditional_choice,family_horizon,offpath|40,ADR-linear-split,,,,,0,,,,,,,,,,,,,,,,,,,,,,,
conditional_choice,family_horizon,offpath|40,ADR-tiny-nonlinear-choice,,,,,0,,,,,,,,,,,,,,,,,,,,,,,
conditional_choice,family_horizon,offpath|40,Fixed-Detour diagnostic,,,,,0,,,,,,,,,,,,,,,,,,,,,,,
conditional_choice,family_horizon,offpath|40,Condition-only choice diagnostic,,,,,0,,,,,,,,,,,,,,,,,,,,,,,
conditional_choice,family_horizon,offpath|40,Horizon-only choice diagnostic,,,,,0,,,,,,,,,,,,,,,,,,,,,,,
benefit_gate,family_horizon,offpath|40,ADR-linear-full,,,,0.25,8,,,,,,,,,0.75,,,,,,,,,0.75,,,,8,0
benefit_gate,family_horizon,offpath|40,ADR-linear-split,,,,0.5833333333333334,8,,,,,,,,,0.4166666666666667,,,,,,,,,0.4166666666666667,,,,8,0
benefit_gate,family_horizon,offpath|40,ADR-tiny-nonlinear-choice,,,,0.25,8,,,,,,,,,0.75,,,,,,,,,0.75,,,,8,0
composed_router,family_horizon,offpath|5,Base,0.7941176470588235,0.7941176470588235,0.0,0.0,20,1.0,8,0.0,2,,0,0.0,0.30303030303030304,,,,,,,,,,,,,,,
composed_router,family_horizon,offpath|5,Always Detour,0.4117647058823529,0.47058823529411764,0.058823529411764705,1.0,20,0.0,8,1.0,2,,0,1.0,0.09523809523809523,,,,,,,,,,,,,,,
composed_router,family_horizon,offpath|5,Always Retreat,-0.08823529411764706,0.0,0.08823529411764706,1.0,20,0.0,8,0.0,2,,0,0.0,0.0,,,,,,,,,,,,,,,
composed_router,family_horizon,offpath|5,Risk->Retreat,0.7352941176470589,0.7352941176470589,0.0,0.11764705882352941,20,0.875,8,0.0,2,,0,0.0,0.2988505747126437,,,,,,,,,,,,,,,
composed_router,family_horizon,offpath|5,Risk->Detour,0.6176470588235294,0.6764705882352942,0.058823529411764705,0.29411764705882354,20,0.625,8,0.5,2,,0,0.5,0.36121212121212115,,,,,,,,,,,,,,,
composed_router,family_horizon,offpath|5,Risk->BestFixed,0.6176470588235294,0.6764705882352942,0.058823529411764705,0.29411764705882354,20,0.625,8,0.5,2,,0,0.5,0.36121212121212115,,,,,,,,,,,,,,,
composed_router,family_horizon,offpath|5,Risk+TwoStage,0.5,0.5588235294117647,0.058823529411764705,0.29411764705882354,20,0.625,8,0.0,2,,0,0.0,0.24,,,,,,,,,,,,,,,
composed_router,family_horizon,offpath|5,SB-Risk+TwoStage,0.5,0.5588235294117647,0.058823529411764705,0.29411764705882354,20,0.625,8,0.0,2,,0,0.0,0.24,,,,,,,,,,,,,,,
composed_router,family_horizon,offpath|5,DirectChoice,0.6176470588235294,0.6176470588235294,0.0,0.23529411764705882,20,0.75,8,0.0,2,,0,0.0,0.2716049382716049,,,,,,,,,,,,,,,
composed_router,family_horizon,offpath|5,DirectQ,0.5588235294117647,0.5588235294117647,0.0,0.35294117647058826,20,0.625,8,0.0,2,,0,0.0,0.24,,,,,,,,,,,,,,,
composed_router,family_horizon,offpath|5,SB-DirectQ,0.6176470588235294,0.6176470588235294,0.0,0.29411764705882354,20,0.75,8,0.0,2,,0,0.0,0.2716049382716049,,,,,,,,,,,,,,,
composed_router,family_horizon,offpath|5,PairwiseAdvantage,0.5588235294117647,0.5588235294117647,0.0,0.35294117647058826,20,0.625,8,0.0,2,,0,0.0,0.24,,,,,,,,,,,,,,,
composed_router,family_horizon,offpath|5,OutcomeRouter,0.5588235294117647,0.6176470588235294,0.058823529411764705,0.23529411764705882,20,0.75,8,0.0,2,,0,0.0,0.2716049382716049,,,,,,,,,,,,,,,
composed_router,family_horizon,offpath|5,SB-OutcomeRouter,0.5588235294117647,0.6176470588235294,0.058823529411764705,0.23529411764705882,20,0.75,8,0.0,2,,0,0.0,0.2716049382716049,,,,,,,,,,,,,,,
composed_router,family_horizon,offpath|5,SB-COR,0.5,0.5588235294117647,0.058823529411764705,0.29411764705882354,20,0.625,8,0.0,2,,0,0.0,0.24,,,,,,,,,,,,,,,
composed_router,family_horizon,offpath|5,OutcomeRouter-hidden-only,0.5588235294117647,0.6176470588235294,0.058823529411764705,0.35294117647058826,20,0.5,8,0.5,2,,0,0.5,0.2787878787878788,,,,,,,,,,,,,,,
composed_router,family_horizon,offpath|5,OutcomeRouter-state-action-only,0.5588235294117647,0.6176470588235294,0.058823529411764705,0.38235294117647056,20,0.625,8,0.0,2,,0,0.0,0.2222222222222222,,,,,,,,,,,,,,,
composed_router,family_horizon,offpath|5,Condition-only diagnostic,0.7941176470588235,0.7941176470588235,0.0,0.0,20,1.0,8,0.0,2,,0,0.0,0.30303030303030304,,,,,,,,,,,,,,,
composed_router,family_horizon,offpath|5,Horizon-only diagnostic,0.7941176470588235,0.7941176470588235,0.0,0.0,20,1.0,8,0.0,2,,0,0.0,0.30303030303030304,,,,,,,,,,,,,,,
composed_router,family_horizon,offpath|5,ADR-linear-full,0.5588235294117647,0.5588235294117647,0.0,0.4117647058823529,20,0.625,8,0.0,2,,0,0.0,0.24,,,,,,,,,,,,,,,
composed_router,family_horizon,offpath|5,ADR-linear-split,0.6176470588235294,0.6176470588235294,0.0,0.47058823529411764,20,0.625,8,0.0,2,,0,0.0,0.24,,,,,,,,,,,,,,,
composed_router,family_horizon,offpath|5,ADR-tiny-nonlinear-choice,0.6764705882352942,0.6764705882352942,0.0,0.4117647058823529,20,0.625,8,0.5,2,,0,0.5,0.36121212121212115,,,,,,,,,,,,,,,
composed_router,family_horizon,offpath|5,Oracle upper bound diagnostic,0.8823529411764706,0.8823529411764706,0.0,0.08823529411764706,20,1.0,8,1.0,2,,0,1.0,0.6666666666666666,,,,,,,,,,,,,,,
oracle_hybrid,family_horizon,offpath|5,ADR-linear-full/OracleGate+OracleChoice,0.8823529411764706,0.8823529411764706,0.0,0.08823529411764706,20,1.0,8,1.0,2,,0,1.0,0.6666666666666666,,,,,,,,,,,,,,,
oracle_hybrid,family_horizon,offpath|5,ADR-linear-full/OracleGate+LearnedChoice,0.8235294117647058,0.8235294117647058,0.0,0.08823529411764706,20,1.0,8,0.5,2,,0,0.5,0.5,,,,,,,,,,,,,,,
oracle_hybrid,family_horizon,offpath|5,ADR-linear-full/LearnedGate+OracleChoice,0.6764705882352942,0.6764705882352942,0.0,0.4117647058823529,20,0.625,8,0.5,2,,0,0.5,0.36121212121212115,,,,,,,,,,,,,,,
oracle_hybrid,family_horizon,offpath|5,ADR-linear-full/LearnedGate+LearnedChoice,0.5588235294117647,0.5588235294117647,0.0,0.4117647058823529,20,0.625,8,0.0,2,,0,0.0,0.24,,,,,,,,,,,,,,,
oracle_hybrid,family_horizon,offpath|5,ADR-linear-split/OracleGate+OracleChoice,0.8823529411764706,0.8823529411764706,0.0,0.08823529411764706,20,1.0,8,1.0,2,,0,1.0,0.6666666666666666,,,,,,,,,,,,,,,
oracle_hybrid,family_horizon,offpath|5,ADR-linear-split/OracleGate+LearnedChoice,0.8235294117647058,0.8235294117647058,0.0,0.08823529411764706,20,1.0,8,0.5,2,,0,0.5,0.5,,,,,,,,,,,,,,,
oracle_hybrid,family_horizon,offpath|5,ADR-linear-split/LearnedGate+OracleChoice,0.6764705882352942,0.6764705882352942,0.0,0.47058823529411764,20,0.625,8,0.5,2,,0,0.5,0.36121212121212115,,,,,,,,,,,,,,,
oracle_hybrid,family_horizon,offpath|5,ADR-linear-split/LearnedGate+LearnedChoice,0.6176470588235294,0.6176470588235294,0.0,0.47058823529411764,20,0.625,8,0.0,2,,0,0.0,0.24,,,,,,,,,,,,,,,
oracle_hybrid,family_horizon,offpath|5,ADR-tiny-nonlinear-choice/OracleGate+OracleChoice,0.8823529411764706,0.8823529411764706,0.0,0.08823529411764706,20,1.0,8,1.0,2,,0,1.0,0.6666666666666666,,,,,,,,,,,,,,,
oracle_hybrid,family_horizon,offpath|5,ADR-tiny-nonlinear-choice/OracleGate+LearnedChoice,0.8823529411764706,0.8823529411764706,0.0,0.08823529411764706,20,1.0,8,1.0,2,,0,1.0,0.6666666666666666,,,,,,,,,,,,,,,
oracle_hybrid,family_horizon,offpath|5,ADR-tiny-nonlinear-choice/LearnedGate+OracleChoice,0.6764705882352942,0.6764705882352942,0.0,0.4117647058823529,20,0.625,8,0.5,2,,0,0.5,0.36121212121212115,,,,,,,,,,,,,,,
oracle_hybrid,family_horizon,offpath|5,ADR-tiny-nonlinear-choice/LearnedGate+LearnedChoice,0.6764705882352942,0.6764705882352942,0.0,0.4117647058823529,20,0.625,8,0.5,2,,0,0.5,0.36121212121212115,,,,,,,,,,,,,,,
conditional_choice,family_horizon,offpath|5,ADR-linear-full,,,,,2,,,,,,,,,0.5,0.3333333333333333,0.5,,1,1,0,0,"[[1.0, 1.0], [0.0, 0.0]]",,,,,,
conditional_choice,family_horizon,offpath|5,ADR-linear-split,,,,,2,,,,,,,,,0.5,0.3333333333333333,0.5,,1,1,0,0,"[[1.0, 1.0], [0.0, 0.0]]",,,,,,
conditional_choice,family_horizon,offpath|5,ADR-tiny-nonlinear-choice,,,,,2,,,,,,,,,1.0,0.5,1.0,,2,0,0,0,"[[2.0, 0.0], [0.0, 0.0]]",,,,,,
conditional_choice,family_horizon,offpath|5,Fixed-Detour diagnostic,,,,,2,,,,,,,,,1.0,0.5,1.0,,2,0,0,0,"[[2.0, 0.0], [0.0, 0.0]]",,,,,,
conditional_choice,family_horizon,offpath|5,Condition-only choice diagnostic,,,,,2,,,,,,,,,1.0,0.5,1.0,,2,0,0,0,"[[2.0, 0.0], [0.0, 0.0]]",,,,,,
conditional_choice,family_horizon,offpath|5,Horizon-only choice diagnostic,,,,,2,,,,,,,,,1.0,0.5,1.0,,2,0,0,0,"[[2.0, 0.0], [0.0, 0.0]]",,,,,,
benefit_gate,family_horizon,offpath|5,ADR-linear-full,,,,0.4117647058823529,20,,,,,,,,,0.5625,,,,,,,,,0.625,0.5,0.7419354838709677,0.27485380116959063,18,2
benefit_gate,family_horizon,offpath|5,ADR-linear-split,,,,0.47058823529411764,20,,,,,,,,,0.53125,,,,,,,,,0.5625,0.5,0.7419354838709677,0.27485380116959063,18,2
benefit_gate,family_horizon,offpath|5,ADR-tiny-nonlinear-choice,,,,0.4117647058823529,20,,,,,,,,,0.5625,,,,,,,,,0.625,0.5,0.7419354838709677,0.27485380116959063,18,2
