component,source,method,scalar_utility,task_success_rate,catastrophe_rate,intervention_rate,raw_decisions,strict_base_recall,raw_strict_base_states,strict_detour_recall,raw_strict_detour_states,strict_retreat_recall,raw_strict_retreat_states,detour_retreat_balanced_accuracy,strict_choice_macro_f1,balanced_accuracy,macro_f1,detour_recall,retreat_recall,raw_target_detour_pred_detour,raw_target_detour_pred_retreat,raw_target_retreat_pred_detour,raw_target_retreat_pred_retreat,weighted_confusion_matrix,base_recall,intervention_recall,auroc,auprc,raw_base_states,raw_intervention_states
composed_router,0815f4806fc9a4fbd58c6627c8b92fd77f1b80ad4b8b4cd6d0c6e0541d488a7b,Base,0.3333333333333333,0.6666666666666666,0.3333333333333333,0.0,12,1.0,4,0.0,3,,0,0.0,0.24242424242424243,,,,,,,,,,,,,,,
composed_router,0815f4806fc9a4fbd58c6627c8b92fd77f1b80ad4b8b4cd6d0c6e0541d488a7b,Always Detour,0.5833333333333333,0.5833333333333333,0.0,1.0,12,0.0,4,1.0,3,,0,1.0,0.20000000000000004,,,,,,,,,,,,,,,
composed_router,0815f4806fc9a4fbd58c6627c8b92fd77f1b80ad4b8b4cd6d0c6e0541d488a7b,Always Retreat,0.0,0.0,0.0,1.0,12,0.0,4,0.0,3,,0,0.0,0.0,,,,,,,,,,,,,,,
composed_router,0815f4806fc9a4fbd58c6627c8b92fd77f1b80ad4b8b4cd6d0c6e0541d488a7b,Risk->Retreat,0.3333333333333333,0.41666666666666663,0.08333333333333333,0.49999999999999994,12,0.5,4,0.0,3,,0,0.0,0.1904761904761905,,,,,,,,,,,,,,,
composed_router,0815f4806fc9a4fbd58c6627c8b92fd77f1b80ad4b8b4cd6d0c6e0541d488a7b,Risk->Detour,0.49999999999999994,0.5833333333333333,0.08333333333333333,0.5833333333333334,12,0.25,4,0.6666666666666666,3,,0,0.6666666666666666,0.27777777777777773,,,,,,,,,,,,,,,
composed_router,0815f4806fc9a4fbd58c6627c8b92fd77f1b80ad4b8b4cd6d0c6e0541d488a7b,Risk->BestFixed,0.49999999999999994,0.5833333333333333,0.08333333333333333,0.5833333333333334,12,0.25,4,0.6666666666666666,3,,0,0.6666666666666666,0.27777777777777773,,,,,,,,,,,,,,,
composed_router,0815f4806fc9a4fbd58c6627c8b92fd77f1b80ad4b8b4cd6d0c6e0541d488a7b,Risk+TwoStage,0.5833333333333333,0.6666666666666666,0.08333333333333333,0.49999999999999994,12,0.5,4,0.6666666666666666,3,,0,0.6666666666666666,0.41269841269841273,,,,,,,,,,,,,,,
composed_router,0815f4806fc9a4fbd58c6627c8b92fd77f1b80ad4b8b4cd6d0c6e0541d488a7b,SB-Risk+TwoStage,0.5833333333333333,0.6666666666666666,0.08333333333333333,0.49999999999999994,12,0.5,4,0.6666666666666666,3,,0,0.6666666666666666,0.41269841269841273,,,,,,,,,,,,,,,
composed_router,0815f4806fc9a4fbd58c6627c8b92fd77f1b80ad4b8b4cd6d0c6e0541d488a7b,DirectChoice,0.6666666666666666,0.6666666666666666,0.0,0.8333333333333334,12,0.25,4,1.0,3,,0,1.0,0.3555555555555556,,,,,,,,,,,,,,,
composed_router,0815f4806fc9a4fbd58c6627c8b92fd77f1b80ad4b8b4cd6d0c6e0541d488a7b,DirectQ,0.5833333333333333,0.5833333333333333,0.0,1.0,12,0.0,4,1.0,3,,0,1.0,0.20000000000000004,,,,,,,,,,,,,,,
composed_router,0815f4806fc9a4fbd58c6627c8b92fd77f1b80ad4b8b4cd6d0c6e0541d488a7b,SB-DirectQ,0.5833333333333333,0.5833333333333333,0.0,1.0,12,0.0,4,1.0,3,,0,1.0,0.20000000000000004,,,,,,,,,,,,,,,
composed_router,0815f4806fc9a4fbd58c6627c8b92fd77f1b80ad4b8b4cd6d0c6e0541d488a7b,PairwiseAdvantage,0.5833333333333333,0.5833333333333333,0.0,1.0,12,0.0,4,1.0,3,,0,1.0,0.20000000000000004,,,,,,,,,,,,,,,
composed_router,0815f4806fc9a4fbd58c6627c8b92fd77f1b80ad4b8b4cd6d0c6e0541d488a7b,OutcomeRouter,0.6666666666666666,0.6666666666666666,0.0,0.6666666666666666,12,0.25,4,1.0,3,,0,1.0,0.3555555555555556,,,,,,,,,,,,,,,
composed_router,0815f4806fc9a4fbd58c6627c8b92fd77f1b80ad4b8b4cd6d0c6e0541d488a7b,SB-OutcomeRouter,0.6666666666666666,0.6666666666666666,0.0,0.6666666666666666,12,0.25,4,1.0,3,,0,1.0,0.3555555555555556,,,,,,,,,,,,,,,
composed_router,0815f4806fc9a4fbd58c6627c8b92fd77f1b80ad4b8b4cd6d0c6e0541d488a7b,SB-COR,0.6666666666666666,0.6666666666666666,0.0,0.6666666666666666,12,0.25,4,1.0,3,,0,1.0,0.3555555555555556,,,,,,,,,,,,,,,
composed_router,0815f4806fc9a4fbd58c6627c8b92fd77f1b80ad4b8b4cd6d0c6e0541d488a7b,OutcomeRouter-hidden-only,0.6666666666666666,0.6666666666666666,0.0,0.6666666666666666,12,0.25,4,1.0,3,,0,1.0,0.3555555555555556,,,,,,,,,,,,,,,
composed_router,0815f4806fc9a4fbd58c6627c8b92fd77f1b80ad4b8b4cd6d0c6e0541d488a7b,OutcomeRouter-state-action-only,0.5833333333333333,0.5833333333333333,0.0,1.0,12,0.0,4,1.0,3,,0,1.0,0.20000000000000004,,,,,,,,,,,,,,,
composed_router,0815f4806fc9a4fbd58c6627c8b92fd77f1b80ad4b8b4cd6d0c6e0541d488a7b,Condition-only diagnostic,0.6666666666666666,0.6666666666666666,0.0,0.3333333333333333,12,1.0,4,0.0,3,,0,0.0,0.3333333333333333,,,,,,,,,,,,,,,
composed_router,0815f4806fc9a4fbd58c6627c8b92fd77f1b80ad4b8b4cd6d0c6e0541d488a7b,Horizon-only diagnostic,0.49999999999999994,0.6666666666666666,0.16666666666666666,0.49999999999999994,12,0.5,4,0.6666666666666666,3,,0,0.6666666666666666,0.38095238095238093,,,,,,,,,,,,,,,
composed_router,0815f4806fc9a4fbd58c6627c8b92fd77f1b80ad4b8b4cd6d0c6e0541d488a7b,ADR-linear-full,0.5833333333333333,0.5833333333333333,0.0,1.0,12,0.0,4,1.0,3,,0,1.0,0.20000000000000004,,,,,,,,,,,,,,,
composed_router,0815f4806fc9a4fbd58c6627c8b92fd77f1b80ad4b8b4cd6d0c6e0541d488a7b,ADR-linear-split,0.5833333333333333,0.5833333333333333,0.0,1.0,12,0.0,4,1.0,3,,0,1.0,0.20000000000000004,,,,,,,,,,,,,,,
composed_router,0815f4806fc9a4fbd58c6627c8b92fd77f1b80ad4b8b4cd6d0c6e0541d488a7b,ADR-tiny-nonlinear-choice,0.49999999999999994,0.49999999999999994,0.0,1.0,12,0.0,4,0.6666666666666666,3,,0,0.6666666666666666,0.14814814814814817,,,,,,,,,,,,,,,
composed_router,0815f4806fc9a4fbd58c6627c8b92fd77f1b80ad4b8b4cd6d0c6e0541d488a7b,Oracle upper bound diagnostic,0.9166666666666667,0.9166666666666667,0.0,0.3333333333333333,12,1.0,4,1.0,3,,0,1.0,0.6666666666666666,,,,,,,,,,,,,,,
conditional_choice,0815f4806fc9a4fbd58c6627c8b92fd77f1b80ad4b8b4cd6d0c6e0541d488a7b,ADR-linear-full,,,,,3,,,,,,,,,1.0,0.5,1.0,,3,0,0,0,"[[1.0, 0.0], [0.0, 0.0]]",,,,,,
conditional_choice,0815f4806fc9a4fbd58c6627c8b92fd77f1b80ad4b8b4cd6d0c6e0541d488a7b,ADR-linear-split,,,,,3,,,,,,,,,1.0,0.5,1.0,,3,0,0,0,"[[1.0, 0.0], [0.0, 0.0]]",,,,,,
conditional_choice,0815f4806fc9a4fbd58c6627c8b92fd77f1b80ad4b8b4cd6d0c6e0541d488a7b,ADR-tiny-nonlinear-choice,,,,,3,,,,,,,,,0.6666666666666666,0.4,0.6666666666666666,,2,1,0,0,"[[0.6666666666666666, 0.3333333333333333], [0.0, 0.0]]",,,,,,
conditional_choice,0815f4806fc9a4fbd58c6627c8b92fd77f1b80ad4b8b4cd6d0c6e0541d488a7b,Fixed-Detour diagnostic,,,,,3,,,,,,,,,1.0,0.5,1.0,,3,0,0,0,"[[1.0, 0.0], [0.0, 0.0]]",,,,,,
conditional_choice,0815f4806fc9a4fbd58c6627c8b92fd77f1b80ad4b8b4cd6d0c6e0541d488a7b,Condition-only choice diagnostic,,,,,3,,,,,,,,,0.0,0.0,0.0,,0,3,0,0,"[[0.0, 1.0], [0.0, 0.0]]",,,,,,
conditional_choice,0815f4806fc9a4fbd58c6627c8b92fd77f1b80ad4b8b4cd6d0c6e0541d488a7b,Horizon-only choice diagnostic,,,,,3,,,,,,,,,1.0,0.5,1.0,,3,0,0,0,"[[1.0, 0.0], [0.0, 0.0]]",,,,,,
benefit_gate,0815f4806fc9a4fbd58c6627c8b92fd77f1b80ad4b8b4cd6d0c6e0541d488a7b,ADR-linear-full,,,,1.0,12,,,,,,,,,0.5,,,,,,,,,0.0,1.0,0.6875000000000001,0.7048611111111112,8,4
benefit_gate,0815f4806fc9a4fbd58c6627c8b92fd77f1b80ad4b8b4cd6d0c6e0541d488a7b,ADR-linear-split,,,,1.0,12,,,,,,,,,0.5,,,,,,,,,0.0,1.0,0.6875000000000001,0.7048611111111112,8,4
benefit_gate,0815f4806fc9a4fbd58c6627c8b92fd77f1b80ad4b8b4cd6d0c6e0541d488a7b,ADR-tiny-nonlinear-choice,,,,1.0,12,,,,,,,,,0.5,,,,,,,,,0.0,1.0,0.6875000000000001,0.7048611111111112,8,4
composed_router,28c563172e6e13a0d3d84f1527243878c67a2140fa8c9a81ecb8b81ec9402dc8,Base,-0.8,0.0,0.8,0.0,5,,0,0.0,3,,0,0.0,0.0,,,,,,,,,,,,,,,
composed_router,28c563172e6e13a0d3d84f1527243878c67a2140fa8c9a81ecb8b81ec9402dc8,Always Detour,-0.2,0.0,0.2,1.0,5,,0,1.0,3,,0,1.0,0.3333333333333333,,,,,,,,,,,,,,,
composed_router,28c563172e6e13a0d3d84f1527243878c67a2140fa8c9a81ecb8b81ec9402dc8,Always Retreat,-1.0,0.0,1.0,1.0,5,,0,0.0,3,,0,0.0,0.0,,,,,,,,,,,,,,,
composed_router,28c563172e6e13a0d3d84f1527243878c67a2140fa8c9a81ecb8b81ec9402dc8,Risk->Retreat,-1.0,0.0,1.0,1.0,5,,0,0.0,3,,0,0.0,0.0,,,,,,,,,,,,,,,
composed_router,28c563172e6e13a0d3d84f1527243878c67a2140fa8c9a81ecb8b81ec9402dc8,Risk->Detour,-0.2,0.0,0.2,1.0,5,,0,1.0,3,,0,1.0,0.3333333333333333,,,,,,,,,,,,,,,
composed_router,28c563172e6e13a0d3d84f1527243878c67a2140fa8c9a81ecb8b81ec9402dc8,Risk->BestFixed,-0.2,0.0,0.2,1.0,5,,0,1.0,3,,0,1.0,0.3333333333333333,,,,,,,,,,,,,,,
composed_router,28c563172e6e13a0d3d84f1527243878c67a2140fa8c9a81ecb8b81ec9402dc8,Risk+TwoStage,-1.0,0.0,1.0,1.0,5,,0,0.0,3,,0,0.0,0.0,,,,,,,,,,,,,,,
composed_router,28c563172e6e13a0d3d84f1527243878c67a2140fa8c9a81ecb8b81ec9402dc8,SB-Risk+TwoStage,-1.0,0.0,1.0,1.0,5,,0,0.0,3,,0,0.0,0.0,,,,,,,,,,,,,,,
composed_router,28c563172e6e13a0d3d84f1527243878c67a2140fa8c9a81ecb8b81ec9402dc8,DirectChoice,-0.8,0.0,0.8,0.0,5,,0,0.0,3,,0,0.0,0.0,,,,,,,,,,,,,,,
composed_router,28c563172e6e13a0d3d84f1527243878c67a2140fa8c9a81ecb8b81ec9402dc8,DirectQ,-0.8,0.0,0.8,0.0,5,,0,0.0,3,,0,0.0,0.0,,,,,,,,,,,,,,,
composed_router,28c563172e6e13a0d3d84f1527243878c67a2140fa8c9a81ecb8b81ec9402dc8,SB-DirectQ,-0.8,0.0,0.8,0.0,5,,0,0.0,3,,0,0.0,0.0,,,,,,,,,,,,,,,
composed_router,28c563172e6e13a0d3d84f1527243878c67a2140fa8c9a81ecb8b81ec9402dc8,PairwiseAdvantage,-0.8,0.0,0.8,0.0,5,,0,0.0,3,,0,0.0,0.0,,,,,,,,,,,,,,,
composed_router,28c563172e6e13a0d3d84f1527243878c67a2140fa8c9a81ecb8b81ec9402dc8,OutcomeRouter,-0.8,0.0,0.8,0.0,5,,0,0.0,3,,0,0.0,0.0,,,,,,,,,,,,,,,
composed_router,28c563172e6e13a0d3d84f1527243878c67a2140fa8c9a81ecb8b81ec9402dc8,SB-OutcomeRouter,-0.8,0.0,0.8,0.0,5,,0,0.0,3,,0,0.0,0.0,,,,,,,,,,,,,,,
composed_router,28c563172e6e13a0d3d84f1527243878c67a2140fa8c9a81ecb8b81ec9402dc8,SB-COR,-0.8,0.0,0.8,0.0,5,,0,0.0,3,,0,0.0,0.0,,,,,,,,,,,,,,,
composed_router,28c563172e6e13a0d3d84f1527243878c67a2140fa8c9a81ecb8b81ec9402dc8,OutcomeRouter-hidden-only,-0.6000000000000001,0.0,0.6000000000000001,0.6000000000000001,5,,0,0.3333333333333333,3,,0,0.3333333333333333,0.16666666666666666,,,,,,,,,,,,,,,
composed_router,28c563172e6e13a0d3d84f1527243878c67a2140fa8c9a81ecb8b81ec9402dc8,OutcomeRouter-state-action-only,-0.8,0.0,0.8,0.0,5,,0,0.0,3,,0,0.0,0.0,,,,,,,,,,,,,,,
composed_router,28c563172e6e13a0d3d84f1527243878c67a2140fa8c9a81ecb8b81ec9402dc8,Condition-only diagnostic,-1.0,0.0,1.0,1.0,5,,0,0.0,3,,0,0.0,0.0,,,,,,,,,,,,,,,
composed_router,28c563172e6e13a0d3d84f1527243878c67a2140fa8c9a81ecb8b81ec9402dc8,Horizon-only diagnostic,-0.4,0.0,0.4,0.6000000000000001,5,,0,0.6666666666666666,3,,0,0.6666666666666666,0.26666666666666666,,,,,,,,,,,,,,,
composed_router,28c563172e6e13a0d3d84f1527243878c67a2140fa8c9a81ecb8b81ec9402dc8,ADR-linear-full,-0.8,0.0,0.8,0.0,5,,0,0.0,3,,0,0.0,0.0,,,,,,,,,,,,,,,
composed_router,28c563172e6e13a0d3d84f1527243878c67a2140fa8c9a81ecb8b81ec9402dc8,ADR-linear-split,-0.8,0.0,0.8,0.0,5,,0,0.0,3,,0,0.0,0.0,,,,,,,,,,,,,,,
composed_router,28c563172e6e13a0d3d84f1527243878c67a2140fa8c9a81ecb8b81ec9402dc8,ADR-tiny-nonlinear-choice,-0.8,0.0,0.8,0.0,5,,0,0.0,3,,0,0.0,0.0,,,,,,,,,,,,,,,
composed_router,28c563172e6e13a0d3d84f1527243878c67a2140fa8c9a81ecb8b81ec9402dc8,Oracle upper bound diagnostic,-0.2,0.0,0.2,0.6000000000000001,5,,0,1.0,3,,0,1.0,0.3333333333333333,,,,,,,,,,,,,,,
conditional_choice,28c563172e6e13a0d3d84f1527243878c67a2140fa8c9a81ecb8b81ec9402dc8,ADR-linear-full,,,,,3,,,,,,,,,0.6666666666666666,0.4,0.6666666666666666,,2,1,0,0,"[[0.6666666666666666, 0.3333333333333333], [0.0, 0.0]]",,,,,,
conditional_choice,28c563172e6e13a0d3d84f1527243878c67a2140fa8c9a81ecb8b81ec9402dc8,ADR-linear-split,,,,,3,,,,,,,,,1.0,0.5,1.0,,3,0,0,0,"[[1.0, 0.0], [0.0, 0.0]]",,,,,,
conditional_choice,28c563172e6e13a0d3d84f1527243878c67a2140fa8c9a81ecb8b81ec9402dc8,ADR-tiny-nonlinear-choice,,,,,3,,,,,,,,,0.6666666666666666,0.4,0.6666666666666666,,2,1,0,0,"[[0.6666666666666666, 0.3333333333333333], [0.0, 0.0]]",,,,,,
conditional_choice,28c563172e6e13a0d3d84f1527243878c67a2140fa8c9a81ecb8b81ec9402dc8,Fixed-Detour diagnostic,,,,,3,,,,,,,,,1.0,0.5,1.0,,3,0,0,0,"[[1.0, 0.0], [0.0, 0.0]]",,,,,,
conditional_choice,28c563172e6e13a0d3d84f1527243878c67a2140fa8c9a81ecb8b81ec9402dc8,Condition-only choice diagnostic,,,,,3,,,,,,,,,0.0,0.0,0.0,,0,3,0,0,"[[0.0, 1.0], [0.0, 0.0]]",,,,,,
conditional_choice,28c563172e6e13a0d3d84f1527243878c67a2140fa8c9a81ecb8b81ec9402dc8,Horizon-only choice diagnostic,,,,,3,,,,,,,,,1.0,0.5,1.0,,3,0,0,0,"[[1.0, 0.0], [0.0, 0.0]]",,,,,,
benefit_gate,28c563172e6e13a0d3d84f1527243878c67a2140fa8c9a81ecb8b81ec9402dc8,ADR-linear-full,,,,0.0,5,,,,,,,,,0.5,,,,,,,,,1.0,0.0,0.6666666666666666,0.8055555555555556,2,3
benefit_gate,28c563172e6e13a0d3d84f1527243878c67a2140fa8c9a81ecb8b81ec9402dc8,ADR-linear-split,,,,0.0,5,,,,,,,,,0.5,,,,,,,,,1.0,0.0,0.6666666666666666,0.8055555555555556,2,3
benefit_gate,28c563172e6e13a0d3d84f1527243878c67a2140fa8c9a81ecb8b81ec9402dc8,ADR-tiny-nonlinear-choice,,,,0.0,5,,,,,,,,,0.5,,,,,,,,,1.0,0.0,0.6666666666666666,0.8055555555555556,2,3
composed_router,2ef1381d9cfc0a92b107e2940bcf431c7494cd7067d032284f30a23c47b487cc,Base,0.2777777777777778,0.6111111111111112,0.3333333333333333,0.0,18,1.0,4,0.0,1,,0,0.0,0.29629629629629634,,,,,,,,,,,,,,,
composed_router,2ef1381d9cfc0a92b107e2940bcf431c7494cd7067d032284f30a23c47b487cc,Always Detour,0.4444444444444444,0.4444444444444444,0.0,1.0,18,0.0,4,1.0,1,,0,1.0,0.1111111111111111,,,,,,,,,,,,,,,
composed_router,2ef1381d9cfc0a92b107e2940bcf431c7494cd7067d032284f30a23c47b487cc,Always Retreat,0.0,0.0,0.0,1.0,18,0.0,4,0.0,1,,0,0.0,0.0,,,,,,,,,,,,,,,
composed_router,2ef1381d9cfc0a92b107e2940bcf431c7494cd7067d032284f30a23c47b487cc,Risk->Retreat,0.2777777777777778,0.5555555555555556,0.2777777777777778,0.1111111111111111,18,1.0,4,0.0,1,,0,0.0,0.29629629629629634,,,,,,,,,,,,,,,
composed_router,2ef1381d9cfc0a92b107e2940bcf431c7494cd7067d032284f30a23c47b487cc,Risk->Detour,0.38888888888888895,0.6111111111111112,0.2222222222222222,0.2777777777777778,18,1.0,4,0.0,1,,0,0.0,0.29629629629629634,,,,,,,,,,,,,,,
composed_router,2ef1381d9cfc0a92b107e2940bcf431c7494cd7067d032284f30a23c47b487cc,Risk->BestFixed,0.38888888888888895,0.6111111111111112,0.2222222222222222,0.2777777777777778,18,1.0,4,0.0,1,,0,0.0,0.29629629629629634,,,,,,,,,,,,,,,
composed_router,2ef1381d9cfc0a92b107e2940bcf431c7494cd7067d032284f30a23c47b487cc,Risk+TwoStage,0.38888888888888895,0.6111111111111112,0.2222222222222222,0.2777777777777778,18,1.0,4,0.0,1,,0,0.0,0.29629629629629634,,,,,,,,,,,,,,,
composed_router,2ef1381d9cfc0a92b107e2940bcf431c7494cd7067d032284f30a23c47b487cc,SB-Risk+TwoStage,0.38888888888888895,0.6111111111111112,0.2222222222222222,0.2777777777777778,18,1.0,4,0.0,1,,0,0.0,0.29629629629629634,,,,,,,,,,,,,,,
composed_router,2ef1381d9cfc0a92b107e2940bcf431c7494cd7067d032284f30a23c47b487cc,DirectChoice,0.33333333333333337,0.4444444444444444,0.1111111111111111,0.5555555555555556,18,0.25,4,0.0,1,,0,0.0,0.1111111111111111,,,,,,,,,,,,,,,
composed_router,2ef1381d9cfc0a92b107e2940bcf431c7494cd7067d032284f30a23c47b487cc,DirectQ,0.38888888888888895,0.38888888888888895,0.0,0.7777777777777778,18,0.0,4,0.0,1,,0,0.0,0.0,,,,,,,,,,,,,,,
composed_router,2ef1381d9cfc0a92b107e2940bcf431c7494cd7067d032284f30a23c47b487cc,SB-DirectQ,0.38888888888888895,0.38888888888888895,0.0,0.7777777777777778,18,0.0,4,0.0,1,,0,0.0,0.0,,,,,,,,,,,,,,,
composed_router,2ef1381d9cfc0a92b107e2940bcf431c7494cd7067d032284f30a23c47b487cc,PairwiseAdvantage,0.38888888888888895,0.38888888888888895,0.0,0.7777777777777778,18,0.0,4,0.0,1,,0,0.0,0.0,,,,,,,,,,,,,,,
composed_router,2ef1381d9cfc0a92b107e2940bcf431c7494cd7067d032284f30a23c47b487cc,OutcomeRouter,0.4444444444444444,0.5,0.05555555555555555,0.6111111111111112,18,0.5,4,0.0,1,,0,0.0,0.1904761904761905,,,,,,,,,,,,,,,
composed_router,2ef1381d9cfc0a92b107e2940bcf431c7494cd7067d032284f30a23c47b487cc,SB-OutcomeRouter,0.4444444444444444,0.5,0.05555555555555555,0.6111111111111112,18,0.5,4,0.0,1,,0,0.0,0.1904761904761905,,,,,,,,,,,,,,,
composed_router,2ef1381d9cfc0a92b107e2940bcf431c7494cd7067d032284f30a23c47b487cc,SB-COR,0.38888888888888895,0.5,0.1111111111111111,0.5555555555555556,18,0.5,4,0.0,1,,0,0.0,0.1904761904761905,,,,,,,,,,,,,,,
composed_router,2ef1381d9cfc0a92b107e2940bcf431c7494cd7067d032284f30a23c47b487cc,OutcomeRouter-hidden-only,0.38888888888888895,0.5,0.1111111111111111,0.4444444444444444,18,0.5,4,0.0,1,,0,0.0,0.1904761904761905,,,,,,,,,,,,,,,
composed_router,2ef1381d9cfc0a92b107e2940bcf431c7494cd7067d032284f30a23c47b487cc,OutcomeRouter-state-action-only,0.2222222222222222,0.5,0.2777777777777778,0.2777777777777778,18,0.5,4,0.0,1,,0,0.0,0.1904761904761905,,,,,,,,,,,,,,,
composed_router,2ef1381d9cfc0a92b107e2940bcf431c7494cd7067d032284f30a23c47b487cc,Condition-only diagnostic,0.6111111111111112,0.6111111111111112,0.0,0.3333333333333333,18,1.0,4,0.0,1,,0,0.0,0.29629629629629634,,,,,,,,,,,,,,,
composed_router,2ef1381d9cfc0a92b107e2940bcf431c7494cd7067d032284f30a23c47b487cc,Horizon-only diagnostic,0.33333333333333337,0.5555555555555556,0.2222222222222222,0.33333333333333337,18,0.5,4,1.0,1,,0,1.0,0.38888888888888884,,,,,,,,,,,,,,,
composed_router,2ef1381d9cfc0a92b107e2940bcf431c7494cd7067d032284f30a23c47b487cc,ADR-linear-full,0.2777777777777778,0.38888888888888895,0.1111111111111111,0.6666666666666666,18,0.0,4,0.0,1,,0,0.0,0.0,,,,,,,,,,,,,,,
composed_router,2ef1381d9cfc0a92b107e2940bcf431c7494cd7067d032284f30a23c47b487cc,ADR-linear-split,0.2777777777777778,0.38888888888888895,0.1111111111111111,0.6666666666666666,18,0.0,4,0.0,1,,0,0.0,0.0,,,,,,,,,,,,,,,
composed_router,2ef1381d9cfc0a92b107e2940bcf431c7494cd7067d032284f30a23c47b487cc,ADR-tiny-nonlinear-choice,0.2222222222222222,0.33333333333333337,0.1111111111111111,0.6666666666666666,18,0.0,4,0.0,1,,0,0.0,0.0,,,,,,,,,,,,,,,
composed_router,2ef1381d9cfc0a92b107e2940bcf431c7494cd7067d032284f30a23c47b487cc,Oracle upper bound diagnostic,0.6666666666666667,0.6666666666666667,0.0,0.38888888888888884,18,1.0,4,1.0,1,,0,1.0,0.6666666666666666,,,,,,,,,,,,,,,
conditional_choice,2ef1381d9cfc0a92b107e2940bcf431c7494cd7067d032284f30a23c47b487cc,ADR-linear-full,,,,,1,,,,,,,,,1.0,0.5,1.0,,1,0,0,0,"[[1.0, 0.0], [0.0, 0.0]]",,,,,,
conditional_choice,2ef1381d9cfc0a92b107e2940bcf431c7494cd7067d032284f30a23c47b487cc,ADR-linear-split,,,,,1,,,,,,,,,1.0,0.5,1.0,,1,0,0,0,"[[1.0, 0.0], [0.0, 0.0]]",,,,,,
conditional_choice,2ef1381d9cfc0a92b107e2940bcf431c7494cd7067d032284f30a23c47b487cc,ADR-tiny-nonlinear-choice,,,,,1,,,,,,,,,1.0,0.5,1.0,,1,0,0,0,"[[1.0, 0.0], [0.0, 0.0]]",,,,,,
conditional_choice,2ef1381d9cfc0a92b107e2940bcf431c7494cd7067d032284f30a23c47b487cc,Fixed-Detour diagnostic,,,,,1,,,,,,,,,1.0,0.5,1.0,,1,0,0,0,"[[1.0, 0.0], [0.0, 0.0]]",,,,,,
conditional_choice,2ef1381d9cfc0a92b107e2940bcf431c7494cd7067d032284f30a23c47b487cc,Condition-only choice diagnostic,,,,,1,,,,,,,,,1.0,0.5,1.0,,1,0,0,0,"[[1.0, 0.0], [0.0, 0.0]]",,,,,,
conditional_choice,2ef1381d9cfc0a92b107e2940bcf431c7494cd7067d032284f30a23c47b487cc,Horizon-only choice diagnostic,,,,,1,,,,,,,,,1.0,0.5,1.0,,1,0,0,0,"[[1.0, 0.0], [0.0, 0.0]]",,,,,,
benefit_gate,2ef1381d9cfc0a92b107e2940bcf431c7494cd7067d032284f30a23c47b487cc,ADR-linear-full,,,,0.6666666666666666,18,,,,,,,,,0.4220779220779221,,,,,,,,,0.2727272727272727,0.5714285714285715,0.41558441558441545,0.36633188240331094,11,7
benefit_gate,2ef1381d9cfc0a92b107e2940bcf431c7494cd7067d032284f30a23c47b487cc,ADR-linear-split,,,,0.6666666666666666,18,,,,,,,,,0.4220779220779221,,,,,,,,,0.2727272727272727,0.5714285714285715,0.41558441558441545,0.36633188240331094,11,7
benefit_gate,2ef1381d9cfc0a92b107e2940bcf431c7494cd7067d032284f30a23c47b487cc,ADR-tiny-nonlinear-choice,,,,0.6666666666666666,18,,,,,,,,,0.4220779220779221,,,,,,,,,0.2727272727272727,0.5714285714285715,0.41558441558441545,0.36633188240331094,11,7
composed_router,3f7887ee8820a4163a5033c81050731e85d1a310652a612f5b0ea5c450ec2043,Base,-0.8,0.0,0.8,0.0,5,1.0,1,,0,,0,,0.3333333333333333,,,,,,,,,,,,,,,
composed_router,3f7887ee8820a4163a5033c81050731e85d1a310652a612f5b0ea5c450ec2043,Always Detour,-1.0,0.0,1.0,1.0,5,0.0,1,,0,,0,,0.0,,,,,,,,,,,,,,,
composed_router,3f7887ee8820a4163a5033c81050731e85d1a310652a612f5b0ea5c450ec2043,Always Retreat,-1.0,0.0,1.0,1.0,5,0.0,1,,0,,0,,0.0,,,,,,,,,,,,,,,
composed_router,3f7887ee8820a4163a5033c81050731e85d1a310652a612f5b0ea5c450ec2043,Risk->Retreat,-1.0,0.0,1.0,1.0,5,0.0,1,,0,,0,,0.0,,,,,,,,,,,,,,,
composed_router,3f7887ee8820a4163a5033c81050731e85d1a310652a612f5b0ea5c450ec2043,Risk->Detour,-1.0,0.0,1.0,1.0,5,0.0,1,,0,,0,,0.0,,,,,,,,,,,,,,,
composed_router,3f7887ee8820a4163a5033c81050731e85d1a310652a612f5b0ea5c450ec2043,Risk->BestFixed,-1.0,0.0,1.0,1.0,5,0.0,1,,0,,0,,0.0,,,,,,,,,,,,,,,
composed_router,3f7887ee8820a4163a5033c81050731e85d1a310652a612f5b0ea5c450ec2043,Risk+TwoStage,-1.0,0.0,1.0,1.0,5,0.0,1,,0,,0,,0.0,,,,,,,,,,,,,,,
composed_router,3f7887ee8820a4163a5033c81050731e85d1a310652a612f5b0ea5c450ec2043,SB-Risk+TwoStage,-1.0,0.0,1.0,1.0,5,0.0,1,,0,,0,,0.0,,,,,,,,,,,,,,,
composed_router,3f7887ee8820a4163a5033c81050731e85d1a310652a612f5b0ea5c450ec2043,DirectChoice,-0.8,0.0,0.8,0.4,5,1.0,1,,0,,0,,0.3333333333333333,,,,,,,,,,,,,,,
composed_router,3f7887ee8820a4163a5033c81050731e85d1a310652a612f5b0ea5c450ec2043,DirectQ,-0.8,0.0,0.8,0.8,5,1.0,1,,0,,0,,0.3333333333333333,,,,,,,,,,,,,,,
composed_router,3f7887ee8820a4163a5033c81050731e85d1a310652a612f5b0ea5c450ec2043,SB-DirectQ,-1.0,0.0,1.0,1.0,5,0.0,1,,0,,0,,0.0,,,,,,,,,,,,,,,
composed_router,3f7887ee8820a4163a5033c81050731e85d1a310652a612f5b0ea5c450ec2043,PairwiseAdvantage,-0.8,0.0,0.8,0.8,5,1.0,1,,0,,0,,0.3333333333333333,,,,,,,,,,,,,,,
composed_router,3f7887ee8820a4163a5033c81050731e85d1a310652a612f5b0ea5c450ec2043,OutcomeRouter,-1.0,0.0,1.0,1.0,5,0.0,1,,0,,0,,0.0,,,,,,,,,,,,,,,
composed_router,3f7887ee8820a4163a5033c81050731e85d1a310652a612f5b0ea5c450ec2043,SB-OutcomeRouter,-1.0,0.0,1.0,1.0,5,0.0,1,,0,,0,,0.0,,,,,,,,,,,,,,,
composed_router,3f7887ee8820a4163a5033c81050731e85d1a310652a612f5b0ea5c450ec2043,SB-COR,-1.0,0.0,1.0,0.6000000000000001,5,0.0,1,,0,,0,,0.0,,,,,,,,,,,,,,,
composed_router,3f7887ee8820a4163a5033c81050731e85d1a310652a612f5b0ea5c450ec2043,OutcomeRouter-hidden-only,-1.0,0.0,1.0,1.0,5,0.0,1,,0,,0,,0.0,,,,,,,,,,,,,,,
composed_router,3f7887ee8820a4163a5033c81050731e85d1a310652a612f5b0ea5c450ec2043,OutcomeRouter-state-action-only,-1.0,0.0,1.0,1.0,5,0.0,1,,0,,0,,0.0,,,,,,,,,,,,,,,
composed_router,3f7887ee8820a4163a5033c81050731e85d1a310652a612f5b0ea5c450ec2043,Condition-only diagnostic,-1.0,0.0,1.0,1.0,5,0.0,1,,0,,0,,0.0,,,,,,,,,,,,,,,
composed_router,3f7887ee8820a4163a5033c81050731e85d1a310652a612f5b0ea5c450ec2043,Horizon-only diagnostic,-1.0,0.0,1.0,0.6000000000000001,5,0.0,1,,0,,0,,0.0,,,,,,,,,,,,,,,
composed_router,3f7887ee8820a4163a5033c81050731e85d1a310652a612f5b0ea5c450ec2043,ADR-linear-full,-0.8,0.0,0.8,0.8,5,1.0,1,,0,,0,,0.3333333333333333,,,,,,,,,,,,,,,
composed_router,3f7887ee8820a4163a5033c81050731e85d1a310652a612f5b0ea5c450ec2043,ADR-linear-split,-0.8,0.0,0.8,0.8,5,1.0,1,,0,,0,,0.3333333333333333,,,,,,,,,,,,,,,
composed_router,3f7887ee8820a4163a5033c81050731e85d1a310652a612f5b0ea5c450ec2043,ADR-tiny-nonlinear-choice,-0.8,0.0,0.8,0.8,5,1.0,1,,0,,0,,0.3333333333333333,,,,,,,,,,,,,,,
composed_router,3f7887ee8820a4163a5033c81050731e85d1a310652a612f5b0ea5c450ec2043,Oracle upper bound diagnostic,-0.8,0.0,0.8,0.0,5,1.0,1,,0,,0,,0.3333333333333333,,,,,,,,,,,,,,,
conditional_choice,3f7887ee8820a4163a5033c81050731e85d1a310652a612f5b0ea5c450ec2043,ADR-linear-full,,,,,0,,,,,,,,,,,,,,,,,,,,,,,
conditional_choice,3f7887ee8820a4163a5033c81050731e85d1a310652a612f5b0ea5c450ec2043,ADR-linear-split,,,,,0,,,,,,,,,,,,,,,,,,,,,,,
conditional_choice,3f7887ee8820a4163a5033c81050731e85d1a310652a612f5b0ea5c450ec2043,ADR-tiny-nonlinear-choice,,,,,0,,,,,,,,,,,,,,,,,,,,,,,
conditional_choice,3f7887ee8820a4163a5033c81050731e85d1a310652a612f5b0ea5c450ec2043,Fixed-Detour diagnostic,,,,,0,,,,,,,,,,,,,,,,,,,,,,,
conditional_choice,3f7887ee8820a4163a5033c81050731e85d1a310652a612f5b0ea5c450ec2043,Condition-only choice diagnostic,,,,,0,,,,,,,,,,,,,,,,,,,,,,,
conditional_choice,3f7887ee8820a4163a5033c81050731e85d1a310652a612f5b0ea5c450ec2043,Horizon-only choice diagnostic,,,,,0,,,,,,,,,,,,,,,,,,,,,,,
benefit_gate,3f7887ee8820a4163a5033c81050731e85d1a310652a612f5b0ea5c450ec2043,ADR-linear-full,,,,0.8,5,,,,,,,,,0.2,,,,,,,,,0.2,,,,5,0
benefit_gate,3f7887ee8820a4163a5033c81050731e85d1a310652a612f5b0ea5c450ec2043,ADR-linear-split,,,,0.8,5,,,,,,,,,0.2,,,,,,,,,0.2,,,,5,0
benefit_gate,3f7887ee8820a4163a5033c81050731e85d1a310652a612f5b0ea5c450ec2043,ADR-tiny-nonlinear-choice,,,,0.8,5,,,,,,,,,0.2,,,,,,,,,0.2,,,,5,0
composed_router,5de3fa5396875480db81793738029227ed357caa91e5d24290ffc5cb0371f908,Base,0.25,0.5833333333333333,0.3333333333333333,0.0,12,1.0,1,0.0,1,0.0,3,0.0,0.1111111111111111,,,,,,,,,,,,,,,
composed_router,5de3fa5396875480db81793738029227ed357caa91e5d24290ffc5cb0371f908,Always Detour,0.3333333333333333,0.5833333333333333,0.25,1.0,12,0.0,1,1.0,1,0.0,3,0.5,0.1111111111111111,,,,,,,,,,,,,,,
composed_router,5de3fa5396875480db81793738029227ed357caa91e5d24290ffc5cb0371f908,Always Retreat,0.0,0.0,0.0,1.0,12,0.0,1,0.0,1,1.0,3,0.5,0.25000000000000006,,,,,,,,,,,,,,,
composed_router,5de3fa5396875480db81793738029227ed357caa91e5d24290ffc5cb0371f908,Risk->Retreat,0.41666666666666663,0.5833333333333333,0.16666666666666666,0.16666666666666666,12,1.0,1,0.0,1,0.6666666666666666,3,0.3333333333333333,0.43333333333333335,,,,,,,,,,,,,,,
composed_router,5de3fa5396875480db81793738029227ed357caa91e5d24290ffc5cb0371f908,Risk->Detour,0.41666666666666663,0.6666666666666666,0.25,0.5833333333333333,12,1.0,1,1.0,1,0.0,3,0.5,0.38888888888888884,,,,,,,,,,,,,,,
composed_router,5de3fa5396875480db81793738029227ed357caa91e5d24290ffc5cb0371f908,Risk->BestFixed,0.41666666666666663,0.6666666666666666,0.25,0.5833333333333333,12,1.0,1,1.0,1,0.0,3,0.5,0.38888888888888884,,,,,,,,,,,,,,,
composed_router,5de3fa5396875480db81793738029227ed357caa91e5d24290ffc5cb0371f908,Risk+TwoStage,0.41666666666666663,0.6666666666666666,0.25,0.5833333333333333,12,1.0,1,1.0,1,0.0,3,0.5,0.38888888888888884,,,,,,,,,,,,,,,
composed_router,5de3fa5396875480db81793738029227ed357caa91e5d24290ffc5cb0371f908,SB-Risk+TwoStage,0.41666666666666663,0.6666666666666666,0.25,0.5833333333333333,12,1.0,1,1.0,1,0.0,3,0.5,0.38888888888888884,,,,,,,,,,,,,,,
composed_router,5de3fa5396875480db81793738029227ed357caa91e5d24290ffc5cb0371f908,DirectChoice,0.41666666666666663,0.6666666666666666,0.25,0.7500000000000001,12,1.0,1,1.0,1,0.0,3,0.5,0.38888888888888884,,,,,,,,,,,,,,,
composed_router,5de3fa5396875480db81793738029227ed357caa91e5d24290ffc5cb0371f908,DirectQ,0.25,0.5833333333333333,0.3333333333333333,0.5833333333333333,12,0.0,1,1.0,1,0.0,3,0.5,0.13333333333333333,,,,,,,,,,,,,,,
composed_router,5de3fa5396875480db81793738029227ed357caa91e5d24290ffc5cb0371f908,SB-DirectQ,0.3333333333333333,0.5833333333333333,0.25,0.16666666666666666,12,1.0,1,0.0,1,0.3333333333333333,3,0.16666666666666666,0.3333333333333333,,,,,,,,,,,,,,,
composed_router,5de3fa5396875480db81793738029227ed357caa91e5d24290ffc5cb0371f908,PairwiseAdvantage,0.25,0.5833333333333333,0.3333333333333333,0.5833333333333333,12,0.0,1,1.0,1,0.0,3,0.5,0.13333333333333333,,,,,,,,,,,,,,,
composed_router,5de3fa5396875480db81793738029227ed357caa91e5d24290ffc5cb0371f908,OutcomeRouter,0.25,0.5833333333333333,0.3333333333333333,0.16666666666666666,12,1.0,1,0.0,1,0.0,3,0.0,0.16666666666666666,,,,,,,,,,,,,,,
composed_router,5de3fa5396875480db81793738029227ed357caa91e5d24290ffc5cb0371f908,SB-OutcomeRouter,0.25,0.5833333333333333,0.3333333333333333,0.16666666666666666,12,1.0,1,0.0,1,0.0,3,0.0,0.16666666666666666,,,,,,,,,,,,,,,
composed_router,5de3fa5396875480db81793738029227ed357caa91e5d24290ffc5cb0371f908,SB-COR,0.25,0.5833333333333333,0.3333333333333333,0.16666666666666666,12,1.0,1,0.0,1,0.0,3,0.0,0.16666666666666666,,,,,,,,,,,,,,,
composed_router,5de3fa5396875480db81793738029227ed357caa91e5d24290ffc5cb0371f908,OutcomeRouter-hidden-only,0.3333333333333333,0.5833333333333333,0.25,0.16666666666666666,12,1.0,1,0.0,1,0.3333333333333333,3,0.16666666666666666,0.3333333333333333,,,,,,,,,,,,,,,
composed_router,5de3fa5396875480db81793738029227ed357caa91e5d24290ffc5cb0371f908,OutcomeRouter-state-action-only,0.25,0.5833333333333333,0.3333333333333333,0.41666666666666663,12,0.0,1,1.0,1,0.0,3,0.5,0.2222222222222222,,,,,,,,,,,,,,,
composed_router,5de3fa5396875480db81793738029227ed357caa91e5d24290ffc5cb0371f908,Condition-only diagnostic,0.3333333333333333,0.5833333333333333,0.25,0.3333333333333333,12,1.0,1,0.0,1,0.0,3,0.0,0.2222222222222222,,,,,,,,,,,,,,,
composed_router,5de3fa5396875480db81793738029227ed357caa91e5d24290ffc5cb0371f908,Horizon-only diagnostic,0.25,0.5833333333333333,0.3333333333333333,0.49999999999999994,12,1.0,1,0.0,1,0.0,3,0.0,0.16666666666666666,,,,,,,,,,,,,,,
composed_router,5de3fa5396875480db81793738029227ed357caa91e5d24290ffc5cb0371f908,ADR-linear-full,0.25,0.49999999999999994,0.25,0.8333333333333335,12,0.0,1,1.0,1,0.0,3,0.5,0.13333333333333333,,,,,,,,,,,,,,,
composed_router,5de3fa5396875480db81793738029227ed357caa91e5d24290ffc5cb0371f908,ADR-linear-split,0.41666666666666663,0.5833333333333333,0.16666666666666666,0.8333333333333335,12,0.0,1,1.0,1,0.3333333333333333,3,0.6666666666666666,0.3333333333333333,,,,,,,,,,,,,,,
composed_router,5de3fa5396875480db81793738029227ed357caa91e5d24290ffc5cb0371f908,ADR-tiny-nonlinear-choice,0.49999999999999994,0.5833333333333333,0.08333333333333333,0.8333333333333335,12,0.0,1,1.0,1,0.6666666666666666,3,0.8333333333333333,0.48888888888888893,,,,,,,,,,,,,,,
composed_router,5de3fa5396875480db81793738029227ed357caa91e5d24290ffc5cb0371f908,Oracle upper bound diagnostic,0.6666666666666666,0.6666666666666666,0.0,0.41666666666666663,12,1.0,1,1.0,1,1.0,3,1.0,1.0,,,,,,,,,,,,,,,
conditional_choice,5de3fa5396875480db81793738029227ed357caa91e5d24290ffc5cb0371f908,ADR-linear-full,,,,,4,,,,,,,,,0.5,0.2,1.0,0.0,1,0,3,0,"[[0.25, 0.0], [0.75, 0.0]]",,,,,,
conditional_choice,5de3fa5396875480db81793738029227ed357caa91e5d24290ffc5cb0371f908,ADR-linear-split,,,,,4,,,,,,,,,0.6666666666666666,0.5,1.0,0.3333333333333333,1,0,2,1,"[[0.25, 0.0], [0.5, 0.25]]",,,,,,
conditional_choice,5de3fa5396875480db81793738029227ed357caa91e5d24290ffc5cb0371f908,ADR-tiny-nonlinear-choice,,,,,4,,,,,,,,,0.8333333333333333,0.7333333333333334,1.0,0.6666666666666666,1,0,1,2,"[[0.25, 0.0], [0.25, 0.5]]",,,,,,
conditional_choice,5de3fa5396875480db81793738029227ed357caa91e5d24290ffc5cb0371f908,Fixed-Detour diagnostic,,,,,4,,,,,,,,,0.5,0.2,1.0,0.0,1,0,3,0,"[[0.25, 0.0], [0.75, 0.0]]",,,,,,
conditional_choice,5de3fa5396875480db81793738029227ed357caa91e5d24290ffc5cb0371f908,Condition-only choice diagnostic,,,,,4,,,,,,,,,0.5,0.2,1.0,0.0,1,0,3,0,"[[0.25, 0.0], [0.75, 0.0]]",,,,,,
conditional_choice,5de3fa5396875480db81793738029227ed357caa91e5d24290ffc5cb0371f908,Horizon-only choice diagnostic,,,,,4,,,,,,,,,0.5,0.2,1.0,0.0,1,0,3,0,"[[0.25, 0.0], [0.75, 0.0]]",,,,,,
benefit_gate,5de3fa5396875480db81793738029227ed357caa91e5d24290ffc5cb0371f908,ADR-linear-full,,,,0.8333333333333335,12,,,,,,,,,0.4714285714285715,,,,,,,,,0.14285714285714288,0.8,0.6857142857142858,0.7833333333333334,7,5
benefit_gate,5de3fa5396875480db81793738029227ed357caa91e5d24290ffc5cb0371f908,ADR-linear-split,,,,0.8333333333333335,12,,,,,,,,,0.4714285714285715,,,,,,,,,0.14285714285714288,0.8,0.6857142857142858,0.7833333333333334,7,5
benefit_gate,5de3fa5396875480db81793738029227ed357caa91e5d24290ffc5cb0371f908,ADR-tiny-nonlinear-choice,,,,0.8333333333333335,12,,,,,,,,,0.4714285714285715,,,,,,,,,0.14285714285714288,0.8,0.6857142857142858,0.7833333333333334,7,5
composed_router,61f6ada542d03d1dd4d75a304f2674efa20660163c54b012b956522e98835cac,Base,0.3333333333333333,0.6666666666666666,0.3333333333333333,0.0,12,1.0,2,,0,0.0,2,0.0,0.2222222222222222,,,,,,,,,,,,,,,
composed_router,61f6ada542d03d1dd4d75a304f2674efa20660163c54b012b956522e98835cac,Always Detour,0.3333333333333333,0.49999999999999994,0.16666666666666666,1.0,12,0.0,2,,0,0.0,2,0.0,0.0,,,,,,,,,,,,,,,
composed_router,61f6ada542d03d1dd4d75a304f2674efa20660163c54b012b956522e98835cac,Always Retreat,0.0,0.0,0.0,1.0,12,0.0,2,,0,1.0,2,1.0,0.2222222222222222,,,,,,,,,,,,,,,
composed_router,61f6ada542d03d1dd4d75a304f2674efa20660163c54b012b956522e98835cac,Risk->Retreat,0.49999999999999994,0.6666666666666666,0.16666666666666666,0.16666666666666666,12,1.0,2,,0,1.0,2,1.0,0.6666666666666666,,,,,,,,,,,,,,,
composed_router,61f6ada542d03d1dd4d75a304f2674efa20660163c54b012b956522e98835cac,Risk->Detour,0.3333333333333333,0.49999999999999994,0.16666666666666666,0.6666666666666666,12,0.0,2,,0,0.0,2,0.0,0.0,,,,,,,,,,,,,,,
composed_router,61f6ada542d03d1dd4d75a304f2674efa20660163c54b012b956522e98835cac,Risk->BestFixed,0.3333333333333333,0.49999999999999994,0.16666666666666666,0.6666666666666666,12,0.0,2,,0,0.0,2,0.0,0.0,,,,,,,,,,,,,,,
composed_router,61f6ada542d03d1dd4d75a304f2674efa20660163c54b012b956522e98835cac,Risk+TwoStage,0.49999999999999994,0.49999999999999994,0.0,0.6666666666666666,12,0.0,2,,0,1.0,2,1.0,0.3333333333333333,,,,,,,,,,,,,,,
composed_router,61f6ada542d03d1dd4d75a304f2674efa20660163c54b012b956522e98835cac,SB-Risk+TwoStage,0.49999999999999994,0.49999999999999994,0.0,0.6666666666666666,12,0.0,2,,0,1.0,2,1.0,0.3333333333333333,,,,,,,,,,,,,,,
composed_router,61f6ada542d03d1dd4d75a304f2674efa20660163c54b012b956522e98835cac,DirectChoice,0.3333333333333333,0.49999999999999994,0.16666666666666666,0.6666666666666666,12,0.0,2,,0,0.0,2,0.0,0.0,,,,,,,,,,,,,,,
composed_router,61f6ada542d03d1dd4d75a304f2674efa20660163c54b012b956522e98835cac,DirectQ,0.41666666666666663,0.5833333333333333,0.16666666666666666,0.6666666666666666,12,0.5,2,,0,0.0,2,0.0,0.2222222222222222,,,,,,,,,,,,,,,
composed_router,61f6ada542d03d1dd4d75a304f2674efa20660163c54b012b956522e98835cac,SB-DirectQ,0.49999999999999994,0.5833333333333333,0.08333333333333333,0.49999999999999994,12,0.5,2,,0,1.0,2,1.0,0.5555555555555555,,,,,,,,,,,,,,,
composed_router,61f6ada542d03d1dd4d75a304f2674efa20660163c54b012b956522e98835cac,PairwiseAdvantage,0.41666666666666663,0.5833333333333333,0.16666666666666666,0.6666666666666666,12,0.5,2,,0,0.0,2,0.0,0.2222222222222222,,,,,,,,,,,,,,,
composed_router,61f6ada542d03d1dd4d75a304f2674efa20660163c54b012b956522e98835cac,OutcomeRouter,0.41666666666666663,0.5833333333333333,0.16666666666666666,0.41666666666666663,12,0.5,2,,0,0.5,2,0.5,0.4444444444444444,,,,,,,,,,,,,,,
composed_router,61f6ada542d03d1dd4d75a304f2674efa20660163c54b012b956522e98835cac,SB-OutcomeRouter,0.5833333333333333,0.5833333333333333,0.0,0.49999999999999994,12,0.5,2,,0,1.0,2,1.0,0.5555555555555555,,,,,,,,,,,,,,,
composed_router,61f6ada542d03d1dd4d75a304f2674efa20660163c54b012b956522e98835cac,SB-COR,0.49999999999999994,0.5833333333333333,0.08333333333333333,0.41666666666666663,12,0.5,2,,0,1.0,2,1.0,0.5555555555555555,,,,,,,,,,,,,,,
composed_router,61f6ada542d03d1dd4d75a304f2674efa20660163c54b012b956522e98835cac,OutcomeRouter-hidden-only,0.5833333333333333,0.5833333333333333,0.0,0.49999999999999994,12,0.5,2,,0,1.0,2,1.0,0.5555555555555555,,,,,,,,,,,,,,,
composed_router,61f6ada542d03d1dd4d75a304f2674efa20660163c54b012b956522e98835cac,OutcomeRouter-state-action-only,0.3333333333333333,0.6666666666666666,0.3333333333333333,0.08333333333333333,12,1.0,2,,0,0.0,2,0.0,0.2222222222222222,,,,,,,,,,,,,,,
composed_router,61f6ada542d03d1dd4d75a304f2674efa20660163c54b012b956522e98835cac,Condition-only diagnostic,0.49999999999999994,0.6666666666666666,0.16666666666666666,0.3333333333333333,12,1.0,2,,0,0.0,2,0.0,0.3333333333333333,,,,,,,,,,,,,,,
composed_router,61f6ada542d03d1dd4d75a304f2674efa20660163c54b012b956522e98835cac,Horizon-only diagnostic,0.3333333333333333,0.5833333333333333,0.25,0.49999999999999994,12,0.5,2,,0,0.0,2,0.0,0.16666666666666666,,,,,,,,,,,,,,,
composed_router,61f6ada542d03d1dd4d75a304f2674efa20660163c54b012b956522e98835cac,ADR-linear-full,0.3333333333333333,0.5833333333333333,0.25,0.49999999999999994,12,0.5,2,,0,0.0,2,0.0,0.2222222222222222,,,,,,,,,,,,,,,
composed_router,61f6ada542d03d1dd4d75a304f2674efa20660163c54b012b956522e98835cac,ADR-linear-split,0.41666666666666663,0.5833333333333333,0.16666666666666666,0.49999999999999994,12,0.5,2,,0,0.5,2,0.5,0.4444444444444444,,,,,,,,,,,,,,,
composed_router,61f6ada542d03d1dd4d75a304f2674efa20660163c54b012b956522e98835cac,ADR-tiny-nonlinear-choice,0.41666666666666663,0.5833333333333333,0.16666666666666666,0.49999999999999994,12,0.5,2,,0,0.5,2,0.5,0.4444444444444444,,,,,,,,,,,,,,,
composed_router,61f6ada542d03d1dd4d75a304f2674efa20660163c54b012b956522e98835cac,Oracle upper bound diagnostic,0.6666666666666666,0.6666666666666666,0.0,0.3333333333333333,12,1.0,2,,0,1.0,2,1.0,0.6666666666666666,,,,,,,,,,,,,,,
conditional_choice,61f6ada542d03d1dd4d75a304f2674efa20660163c54b012b956522e98835cac,ADR-linear-full,,,,,2,,,,,,,,,0.0,0.0,,0.0,0,0,2,0,"[[0.0, 0.0], [1.0, 0.0]]",,,,,,
conditional_choice,61f6ada542d03d1dd4d75a304f2674efa20660163c54b012b956522e98835cac,ADR-linear-split,,,,,2,,,,,,,,,0.5,0.3333333333333333,,0.5,0,0,1,1,"[[0.0, 0.0], [0.5, 0.5]]",,,,,,
conditional_choice,61f6ada542d03d1dd4d75a304f2674efa20660163c54b012b956522e98835cac,ADR-tiny-nonlinear-choice,,,,,2,,,,,,,,,0.5,0.3333333333333333,,0.5,0,0,1,1,"[[0.0, 0.0], [0.5, 0.5]]",,,,,,
conditional_choice,61f6ada542d03d1dd4d75a304f2674efa20660163c54b012b956522e98835cac,Fixed-Detour diagnostic,,,,,2,,,,,,,,,0.0,0.0,,0.0,0,0,2,0,"[[0.0, 0.0], [1.0, 0.0]]",,,,,,
conditional_choice,61f6ada542d03d1dd4d75a304f2674efa20660163c54b012b956522e98835cac,Condition-only choice diagnostic,,,,,2,,,,,,,,,0.0,0.0,,0.0,0,0,2,0,"[[0.0, 0.0], [1.0, 0.0]]",,,,,,
conditional_choice,61f6ada542d03d1dd4d75a304f2674efa20660163c54b012b956522e98835cac,Horizon-only choice diagnostic,,,,,2,,,,,,,,,0.0,0.0,,0.0,0,0,2,0,"[[0.0, 0.0], [1.0, 0.0]]",,,,,,
benefit_gate,61f6ada542d03d1dd4d75a304f2674efa20660163c54b012b956522e98835cac,ADR-linear-full,,,,0.49999999999999994,12,,,,,,,,,0.6875,,,,,,,,,0.625,0.75,0.90625,0.8928571428571429,8,4
benefit_gate,61f6ada542d03d1dd4d75a304f2674efa20660163c54b012b956522e98835cac,ADR-linear-split,,,,0.49999999999999994,12,,,,,,,,,0.6875,,,,,,,,,0.625,0.75,0.90625,0.8928571428571429,8,4
benefit_gate,61f6ada542d03d1dd4d75a304f2674efa20660163c54b012b956522e98835cac,ADR-tiny-nonlinear-choice,,,,0.49999999999999994,12,,,,,,,,,0.6875,,,,,,,,,0.625,0.75,0.90625,0.8928571428571429,8,4
composed_router,6292759eb45913ce4ed8447194504833f347d9355012e3228775797a4b0a7cd1,Base,0.3333333333333333,0.6666666666666666,0.3333333333333333,0.0,12,,0,0.0,4,,0,0.0,0.0,,,,,,,,,,,,,,,
composed_router,6292759eb45913ce4ed8447194504833f347d9355012e3228775797a4b0a7cd1,Always Detour,1.0,1.0,0.0,1.0,12,,0,1.0,4,,0,1.0,0.3333333333333333,,,,,,,,,,,,,,,
composed_router,6292759eb45913ce4ed8447194504833f347d9355012e3228775797a4b0a7cd1,Always Retreat,0.0,0.0,0.0,1.0,12,,0,0.0,4,,0,0.0,0.0,,,,,,,,,,,,,,,
composed_router,6292759eb45913ce4ed8447194504833f347d9355012e3228775797a4b0a7cd1,Risk->Retreat,0.5833333333333333,0.6666666666666666,0.08333333333333333,0.25,12,,0,0.0,4,,0,0.0,0.0,,,,,,,,,,,,,,,
composed_router,6292759eb45913ce4ed8447194504833f347d9355012e3228775797a4b0a7cd1,Risk->Detour,0.8333333333333335,0.9166666666666667,0.08333333333333333,0.3333333333333333,12,,0,0.75,4,,0,0.75,0.2857142857142857,,,,,,,,,,,,,,,
composed_router,6292759eb45913ce4ed8447194504833f347d9355012e3228775797a4b0a7cd1,Risk->BestFixed,0.8333333333333335,0.9166666666666667,0.08333333333333333,0.3333333333333333,12,,0,0.75,4,,0,0.75,0.2857142857142857,,,,,,,,,,,,,,,
composed_router,6292759eb45913ce4ed8447194504833f347d9355012e3228775797a4b0a7cd1,Risk+TwoStage,0.5833333333333333,0.6666666666666667,0.08333333333333333,0.3333333333333333,12,,0,0.25,4,,0,0.25,0.13333333333333333,,,,,,,,,,,,,,,
composed_router,6292759eb45913ce4ed8447194504833f347d9355012e3228775797a4b0a7cd1,SB-Risk+TwoStage,0.5833333333333333,0.6666666666666667,0.08333333333333333,0.3333333333333333,12,,0,0.25,4,,0,0.25,0.13333333333333333,,,,,,,,,,,,,,,
composed_router,6292759eb45913ce4ed8447194504833f347d9355012e3228775797a4b0a7cd1,DirectChoice,0.5833333333333333,0.5833333333333333,0.0,0.6666666666666667,12,,0,0.25,4,,0,0.25,0.13333333333333333,,,,,,,,,,,,,,,
composed_router,6292759eb45913ce4ed8447194504833f347d9355012e3228775797a4b0a7cd1,DirectQ,0.5833333333333333,0.6666666666666667,0.08333333333333333,0.49999999999999994,12,,0,0.25,4,,0,0.25,0.13333333333333333,,,,,,,,,,,,,,,
composed_router,6292759eb45913ce4ed8447194504833f347d9355012e3228775797a4b0a7cd1,SB-DirectQ,0.5833333333333333,0.6666666666666667,0.08333333333333333,0.49999999999999994,12,,0,0.25,4,,0,0.25,0.13333333333333333,,,,,,,,,,,,,,,
composed_router,6292759eb45913ce4ed8447194504833f347d9355012e3228775797a4b0a7cd1,PairwiseAdvantage,0.5833333333333333,0.6666666666666667,0.08333333333333333,0.49999999999999994,12,,0,0.25,4,,0,0.25,0.13333333333333333,,,,,,,,,,,,,,,
composed_router,6292759eb45913ce4ed8447194504833f347d9355012e3228775797a4b0a7cd1,OutcomeRouter,0.6666666666666667,0.6666666666666667,0.0,0.5833333333333333,12,,0,0.25,4,,0,0.25,0.13333333333333333,,,,,,,,,,,,,,,
composed_router,6292759eb45913ce4ed8447194504833f347d9355012e3228775797a4b0a7cd1,SB-OutcomeRouter,0.6666666666666667,0.6666666666666667,0.0,0.5833333333333333,12,,0,0.25,4,,0,0.25,0.13333333333333333,,,,,,,,,,,,,,,
composed_router,6292759eb45913ce4ed8447194504833f347d9355012e3228775797a4b0a7cd1,SB-COR,0.6666666666666667,0.6666666666666667,0.0,0.5833333333333333,12,,0,0.25,4,,0,0.25,0.13333333333333333,,,,,,,,,,,,,,,
composed_router,6292759eb45913ce4ed8447194504833f347d9355012e3228775797a4b0a7cd1,OutcomeRouter-hidden-only,0.75,0.8333333333333335,0.08333333333333333,0.25,12,,0,0.5,4,,0,0.5,0.2222222222222222,,,,,,,,,,,,,,,
composed_router,6292759eb45913ce4ed8447194504833f347d9355012e3228775797a4b0a7cd1,OutcomeRouter-state-action-only,0.3333333333333333,0.6666666666666666,0.3333333333333333,0.0,12,,0,0.0,4,,0,0.0,0.0,,,,,,,,,,,,,,,
composed_router,6292759eb45913ce4ed8447194504833f347d9355012e3228775797a4b0a7cd1,Condition-only diagnostic,1.0,1.0,0.0,0.3333333333333333,12,,0,1.0,4,,0,1.0,0.3333333333333333,,,,,,,,,,,,,,,
composed_router,6292759eb45913ce4ed8447194504833f347d9355012e3228775797a4b0a7cd1,Horizon-only diagnostic,0.49999999999999994,0.7500000000000001,0.25,0.25,12,,0,0.25,4,,0,0.25,0.13333333333333333,,,,,,,,,,,,,,,
composed_router,6292759eb45913ce4ed8447194504833f347d9355012e3228775797a4b0a7cd1,ADR-linear-full,0.75,0.75,0.0,0.75,12,,0,0.5,4,,0,0.5,0.2222222222222222,,,,,,,,,,,,,,,
composed_router,6292759eb45913ce4ed8447194504833f347d9355012e3228775797a4b0a7cd1,ADR-linear-split,0.9166666666666667,0.9166666666666667,0.0,0.75,12,,0,0.75,4,,0,0.75,0.2857142857142857,,,,,,,,,,,,,,,
composed_router,6292759eb45913ce4ed8447194504833f347d9355012e3228775797a4b0a7cd1,ADR-tiny-nonlinear-choice,1.0,1.0,0.0,0.75,12,,0,1.0,4,,0,1.0,0.3333333333333333,,,,,,,,,,,,,,,
composed_router,6292759eb45913ce4ed8447194504833f347d9355012e3228775797a4b0a7cd1,Oracle upper bound diagnostic,1.0,1.0,0.0,0.3333333333333333,12,,0,1.0,4,,0,1.0,0.3333333333333333,,,,,,,,,,,,,,,
conditional_choice,6292759eb45913ce4ed8447194504833f347d9355012e3228775797a4b0a7cd1,ADR-linear-full,,,,,4,,,,,,,,,0.5,0.3333333333333333,0.5,,2,2,0,0,"[[0.5, 0.5], [0.0, 0.0]]",,,,,,
conditional_choice,6292759eb45913ce4ed8447194504833f347d9355012e3228775797a4b0a7cd1,ADR-linear-split,,,,,4,,,,,,,,,0.75,0.42857142857142855,0.75,,3,1,0,0,"[[0.75, 0.25], [0.0, 0.0]]",,,,,,
conditional_choice,6292759eb45913ce4ed8447194504833f347d9355012e3228775797a4b0a7cd1,ADR-tiny-nonlinear-choice,,,,,4,,,,,,,,,1.0,0.5,1.0,,4,0,0,0,"[[1.0, 0.0], [0.0, 0.0]]",,,,,,
conditional_choice,6292759eb45913ce4ed8447194504833f347d9355012e3228775797a4b0a7cd1,Fixed-Detour diagnostic,,,,,4,,,,,,,,,1.0,0.5,1.0,,4,0,0,0,"[[1.0, 0.0], [0.0, 0.0]]",,,,,,
conditional_choice,6292759eb45913ce4ed8447194504833f347d9355012e3228775797a4b0a7cd1,Condition-only choice diagnostic,,,,,4,,,,,,,,,1.0,0.5,1.0,,4,0,0,0,"[[1.0, 0.0], [0.0, 0.0]]",,,,,,
conditional_choice,6292759eb45913ce4ed8447194504833f347d9355012e3228775797a4b0a7cd1,Horizon-only choice diagnostic,,,,,4,,,,,,,,,1.0,0.5,1.0,,4,0,0,0,"[[1.0, 0.0], [0.0, 0.0]]",,,,,,
benefit_gate,6292759eb45913ce4ed8447194504833f347d9355012e3228775797a4b0a7cd1,ADR-linear-full,,,,0.75,12,,,,,,,,,0.6875,,,,,,,,,0.375,1.0,0.8124999999999999,0.775,8,4
benefit_gate,6292759eb45913ce4ed8447194504833f347d9355012e3228775797a4b0a7cd1,ADR-linear-split,,,,0.75,12,,,,,,,,,0.6875,,,,,,,,,0.375,1.0,0.8124999999999999,0.775,8,4
benefit_gate,6292759eb45913ce4ed8447194504833f347d9355012e3228775797a4b0a7cd1,ADR-tiny-nonlinear-choice,,,,0.75,12,,,,,,,,,0.6875,,,,,,,,,0.375,1.0,0.8124999999999999,0.775,8,4
composed_router,655347c9fb28aaf505e162e6bcad095d17e4bfee5506113825cfb3da6ca60845,Base,0.25,0.5833333333333333,0.3333333333333333,0.0,12,1.0,4,,0,0.0,2,0.0,0.26666666666666666,,,,,,,,,,,,,,,
composed_router,655347c9fb28aaf505e162e6bcad095d17e4bfee5506113825cfb3da6ca60845,Always Detour,0.08333333333333333,0.25,0.16666666666666666,1.0,12,0.0,4,,0,0.0,2,0.0,0.0,,,,,,,,,,,,,,,
composed_router,655347c9fb28aaf505e162e6bcad095d17e4bfee5506113825cfb3da6ca60845,Always Retreat,0.0,0.0,0.0,1.0,12,0.0,4,,0,1.0,2,1.0,0.16666666666666666,,,,,,,,,,,,,,,
composed_router,655347c9fb28aaf505e162e6bcad095d17e4bfee5506113825cfb3da6ca60845,Risk->Retreat,0.41666666666666663,0.5833333333333333,0.16666666666666666,0.16666666666666666,12,1.0,4,,0,0.5,2,0.5,0.5185185185185185,,,,,,,,,,,,,,,
composed_router,655347c9fb28aaf505e162e6bcad095d17e4bfee5506113825cfb3da6ca60845,Risk->Detour,0.3333333333333333,0.5833333333333333,0.25,0.25,12,1.0,4,,0,0.0,2,0.0,0.3333333333333333,,,,,,,,,,,,,,,
composed_router,655347c9fb28aaf505e162e6bcad095d17e4bfee5506113825cfb3da6ca60845,Risk->BestFixed,0.3333333333333333,0.5833333333333333,0.25,0.25,12,1.0,4,,0,0.0,2,0.0,0.3333333333333333,,,,,,,,,,,,,,,
composed_router,655347c9fb28aaf505e162e6bcad095d17e4bfee5506113825cfb3da6ca60845,Risk+TwoStage,0.41666666666666663,0.5833333333333333,0.16666666666666666,0.25,12,1.0,4,,0,0.5,2,0.5,0.5555555555555555,,,,,,,,,,,,,,,
composed_router,655347c9fb28aaf505e162e6bcad095d17e4bfee5506113825cfb3da6ca60845,SB-Risk+TwoStage,0.41666666666666663,0.5833333333333333,0.16666666666666666,0.25,12,1.0,4,,0,0.5,2,0.5,0.5555555555555555,,,,,,,,,,,,,,,
composed_router,655347c9fb28aaf505e162e6bcad095d17e4bfee5506113825cfb3da6ca60845,DirectChoice,0.3333333333333333,0.41666666666666663,0.08333333333333333,0.5833333333333334,12,0.5,4,,0,0.5,2,0.5,0.4444444444444444,,,,,,,,,,,,,,,
composed_router,655347c9fb28aaf505e162e6bcad095d17e4bfee5506113825cfb3da6ca60845,DirectQ,0.3333333333333333,0.49999999999999994,0.16666666666666666,0.3333333333333333,12,0.75,4,,0,0.5,2,0.5,0.5079365079365079,,,,,,,,,,,,,,,
composed_router,655347c9fb28aaf505e162e6bcad095d17e4bfee5506113825cfb3da6ca60845,SB-DirectQ,0.41666666666666663,0.5833333333333333,0.16666666666666666,0.25,12,1.0,4,,0,0.5,2,0.5,0.5555555555555555,,,,,,,,,,,,,,,
composed_router,655347c9fb28aaf505e162e6bcad095d17e4bfee5506113825cfb3da6ca60845,PairwiseAdvantage,0.3333333333333333,0.49999999999999994,0.16666666666666666,0.3333333333333333,12,0.75,4,,0,0.5,2,0.5,0.5079365079365079,,,,,,,,,,,,,,,
composed_router,655347c9fb28aaf505e162e6bcad095d17e4bfee5506113825cfb3da6ca60845,OutcomeRouter,0.41666666666666663,0.5833333333333333,0.16666666666666666,0.25,12,1.0,4,,0,0.5,2,0.5,0.5555555555555555,,,,,,,,,,,,,,,
composed_router,655347c9fb28aaf505e162e6bcad095d17e4bfee5506113825cfb3da6ca60845,SB-OutcomeRouter,0.41666666666666663,0.5833333333333333,0.16666666666666666,0.25,12,1.0,4,,0,0.5,2,0.5,0.5555555555555555,,,,,,,,,,,,,,,
composed_router,655347c9fb28aaf505e162e6bcad095d17e4bfee5506113825cfb3da6ca60845,SB-COR,0.41666666666666663,0.5833333333333333,0.16666666666666666,0.25,12,1.0,4,,0,0.5,2,0.5,0.5555555555555555,,,,,,,,,,,,,,,
composed_router,655347c9fb28aaf505e162e6bcad095d17e4bfee5506113825cfb3da6ca60845,OutcomeRouter-hidden-only,0.3333333333333333,0.41666666666666663,0.08333333333333333,0.6666666666666666,12,0.5,4,,0,0.5,2,0.5,0.4444444444444444,,,,,,,,,,,,,,,
composed_router,655347c9fb28aaf505e162e6bcad095d17e4bfee5506113825cfb3da6ca60845,OutcomeRouter-state-action-only,0.16666666666666666,0.49999999999999994,0.3333333333333333,0.25,12,0.75,4,,0,0.0,2,0.0,0.2857142857142857,,,,,,,,,,,,,,,
composed_router,655347c9fb28aaf505e162e6bcad095d17e4bfee5506113825cfb3da6ca60845,Condition-only diagnostic,0.41666666666666663,0.5833333333333333,0.16666666666666666,0.3333333333333333,12,1.0,4,,0,0.0,2,0.0,0.3333333333333333,,,,,,,,,,,,,,,
composed_router,655347c9fb28aaf505e162e6bcad095d17e4bfee5506113825cfb3da6ca60845,Horizon-only diagnostic,0.16666666666666666,0.41666666666666663,0.25,0.49999999999999994,12,0.5,4,,0,0.0,2,0.0,0.1904761904761905,,,,,,,,,,,,,,,
composed_router,655347c9fb28aaf505e162e6bcad095d17e4bfee5506113825cfb3da6ca60845,ADR-linear-full,0.25,0.3333333333333333,0.08333333333333333,0.8333333333333334,12,0.25,4,,0,0.5,2,0.5,0.35555555555555557,,,,,,,,,,,,,,,
composed_router,655347c9fb28aaf505e162e6bcad095d17e4bfee5506113825cfb3da6ca60845,ADR-linear-split,0.25,0.3333333333333333,0.08333333333333333,0.8333333333333334,12,0.25,4,,0,0.5,2,0.5,0.35555555555555557,,,,,,,,,,,,,,,
composed_router,655347c9fb28aaf505e162e6bcad095d17e4bfee5506113825cfb3da6ca60845,ADR-tiny-nonlinear-choice,0.25,0.3333333333333333,0.08333333333333333,0.8333333333333334,12,0.25,4,,0,0.5,2,0.5,0.35555555555555557,,,,,,,,,,,,,,,
composed_router,655347c9fb28aaf505e162e6bcad095d17e4bfee5506113825cfb3da6ca60845,Oracle upper bound diagnostic,0.5833333333333333,0.5833333333333333,0.0,0.3333333333333333,12,1.0,4,,0,1.0,2,1.0,0.6666666666666666,,,,,,,,,,,,,,,
conditional_choice,655347c9fb28aaf505e162e6bcad095d17e4bfee5506113825cfb3da6ca60845,ADR-linear-full,,,,,2,,,,,,,,,0.5,0.3333333333333333,,0.5,0,0,1,1,"[[0.0, 0.0], [0.5, 0.5]]",,,,,,
conditional_choice,655347c9fb28aaf505e162e6bcad095d17e4bfee5506113825cfb3da6ca60845,ADR-linear-split,,,,,2,,,,,,,,,0.5,0.3333333333333333,,0.5,0,0,1,1,"[[0.0, 0.0], [0.5, 0.5]]",,,,,,
conditional_choice,655347c9fb28aaf505e162e6bcad095d17e4bfee5506113825cfb3da6ca60845,ADR-tiny-nonlinear-choice,,,,,2,,,,,,,,,0.5,0.3333333333333333,,0.5,0,0,1,1,"[[0.0, 0.0], [0.5, 0.5]]",,,,,,
conditional_choice,655347c9fb28aaf505e162e6bcad095d17e4bfee5506113825cfb3da6ca60845,Fixed-Detour diagnostic,,,,,2,,,,,,,,,0.0,0.0,,0.0,0,0,2,0,"[[0.0, 0.0], [1.0, 0.0]]",,,,,,
conditional_choice,655347c9fb28aaf505e162e6bcad095d17e4bfee5506113825cfb3da6ca60845,Condition-only choice diagnostic,,,,,2,,,,,,,,,0.0,0.0,,0.0,0,0,2,0,"[[0.0, 0.0], [1.0, 0.0]]",,,,,,
conditional_choice,655347c9fb28aaf505e162e6bcad095d17e4bfee5506113825cfb3da6ca60845,Horizon-only choice diagnostic,,,,,2,,,,,,,,,0.0,0.0,,0.0,0,0,2,0,"[[0.0, 0.0], [1.0, 0.0]]",,,,,,
benefit_gate,655347c9fb28aaf505e162e6bcad095d17e4bfee5506113825cfb3da6ca60845,ADR-linear-full,,,,0.8333333333333334,12,,,,,,,,,0.625,,,,,,,,,0.25,1.0,0.96875,0.95,8,4
benefit_gate,655347c9fb28aaf505e162e6bcad095d17e4bfee5506113825cfb3da6ca60845,ADR-linear-split,,,,0.8333333333333334,12,,,,,,,,,0.625,,,,,,,,,0.25,1.0,0.96875,0.95,8,4
benefit_gate,655347c9fb28aaf505e162e6bcad095d17e4bfee5506113825cfb3da6ca60845,ADR-tiny-nonlinear-choice,,,,0.8333333333333334,12,,,,,,,,,0.625,,,,,,,,,0.25,1.0,0.96875,0.95,8,4
composed_router,69fa7e93588c6aea4b134efa44633d38556ce1656b46df276021920a664881a3,Base,0.23333333333333334,0.5666666666666667,0.3333333333333333,0.0,30,1.0,3,0.0,6,0.0,1,0.0,0.15384615384615385,,,,,,,,,,,,,,,
composed_router,69fa7e93588c6aea4b134efa44633d38556ce1656b46df276021920a664881a3,Always Detour,0.6333333333333333,0.6666666666666667,0.03333333333333333,1.0,30,0.0,3,1.0,6,0.0,1,0.5,0.24999999999999997,,,,,,,,,,,,,,,
composed_router,69fa7e93588c6aea4b134efa44633d38556ce1656b46df276021920a664881a3,Always Retreat,0.0,0.0,0.0,1.0,30,0.0,3,0.0,6,1.0,1,0.5,0.06060606060606061,,,,,,,,,,,,,,,
composed_router,69fa7e93588c6aea4b134efa44633d38556ce1656b46df276021920a664881a3,Risk->Retreat,0.23333333333333334,0.5666666666666667,0.3333333333333333,0.0,30,1.0,3,0.0,6,0.0,1,0.0,0.15384615384615385,,,,,,,,,,,,,,,
composed_router,69fa7e93588c6aea4b134efa44633d38556ce1656b46df276021920a664881a3,Risk->Detour,0.5,0.7000000000000001,0.2,0.26666666666666666,30,1.0,3,0.6666666666666667,6,0.0,1,0.33333333333333337,0.4924242424242425,,,,,,,,,,,,,,,
composed_router,69fa7e93588c6aea4b134efa44633d38556ce1656b46df276021920a664881a3,Risk->BestFixed,0.5,0.7000000000000001,0.2,0.26666666666666666,30,1.0,3,0.6666666666666667,6,0.0,1,0.33333333333333337,0.4924242424242425,,,,,,,,,,,,,,,
composed_router,69fa7e93588c6aea4b134efa44633d38556ce1656b46df276021920a664881a3,Risk+TwoStage,0.23333333333333334,0.5666666666666667,0.3333333333333333,0.0,30,1.0,3,0.0,6,0.0,1,0.0,0.15384615384615385,,,,,,,,,,,,,,,
composed_router,69fa7e93588c6aea4b134efa44633d38556ce1656b46df276021920a664881a3,SB-Risk+TwoStage,0.23333333333333334,0.5666666666666667,0.3333333333333333,0.0,30,1.0,3,0.0,6,0.0,1,0.0,0.15384615384615385,,,,,,,,,,,,,,,
composed_router,69fa7e93588c6aea4b134efa44633d38556ce1656b46df276021920a664881a3,DirectChoice,0.23333333333333334,0.5666666666666667,0.3333333333333333,0.0,30,1.0,3,0.0,6,0.0,1,0.0,0.15384615384615385,,,,,,,,,,,,,,,
composed_router,69fa7e93588c6aea4b134efa44633d38556ce1656b46df276021920a664881a3,DirectQ,0.4666666666666667,0.6,0.13333333333333333,0.3,30,0.6666666666666666,3,0.33333333333333337,6,1.0,1,0.6666666666666667,0.5370370370370371,,,,,,,,,,,,,,,
composed_router,69fa7e93588c6aea4b134efa44633d38556ce1656b46df276021920a664881a3,SB-DirectQ,0.4333333333333333,0.5666666666666667,0.13333333333333333,0.43333333333333335,30,0.3333333333333333,3,0.33333333333333337,6,1.0,1,0.6666666666666667,0.4507936507936508,,,,,,,,,,,,,,,
composed_router,69fa7e93588c6aea4b134efa44633d38556ce1656b46df276021920a664881a3,PairwiseAdvantage,0.4666666666666667,0.6,0.13333333333333333,0.3,30,0.6666666666666666,3,0.33333333333333337,6,1.0,1,0.6666666666666667,0.5370370370370371,,,,,,,,,,,,,,,
composed_router,69fa7e93588c6aea4b134efa44633d38556ce1656b46df276021920a664881a3,OutcomeRouter,0.5666666666666667,0.6,0.03333333333333333,0.7333333333333334,30,0.3333333333333333,3,0.5000000000000001,6,1.0,1,0.75,0.5151515151515151,,,,,,,,,,,,,,,
composed_router,69fa7e93588c6aea4b134efa44633d38556ce1656b46df276021920a664881a3,SB-OutcomeRouter,0.5666666666666667,0.6,0.03333333333333333,0.8,30,0.3333333333333333,3,0.5000000000000001,6,1.0,1,0.75,0.5151515151515151,,,,,,,,,,,,,,,
composed_router,69fa7e93588c6aea4b134efa44633d38556ce1656b46df276021920a664881a3,SB-COR,0.5666666666666667,0.6,0.03333333333333333,0.6333333333333334,30,0.3333333333333333,3,0.5000000000000001,6,1.0,1,0.75,0.5151515151515151,,,,,,,,,,,,,,,
composed_router,69fa7e93588c6aea4b134efa44633d38556ce1656b46df276021920a664881a3,OutcomeRouter-hidden-only,0.6,0.6,0.0,0.8,30,0.3333333333333333,3,0.5000000000000001,6,1.0,1,0.75,0.48181818181818187,,,,,,,,,,,,,,,
composed_router,69fa7e93588c6aea4b134efa44633d38556ce1656b46df276021920a664881a3,OutcomeRouter-state-action-only,0.23333333333333334,0.5666666666666667,0.3333333333333333,0.0,30,1.0,3,0.0,6,0.0,1,0.0,0.15384615384615385,,,,,,,,,,,,,,,
composed_router,69fa7e93588c6aea4b134efa44633d38556ce1656b46df276021920a664881a3,Condition-only diagnostic,0.5666666666666667,0.5666666666666667,0.0,0.3333333333333333,30,1.0,3,0.0,6,1.0,1,0.5,0.36111111111111116,,,,,,,,,,,,,,,
composed_router,69fa7e93588c6aea4b134efa44633d38556ce1656b46df276021920a664881a3,Horizon-only diagnostic,0.5,0.6333333333333334,0.13333333333333333,0.6,30,0.6666666666666666,3,0.5000000000000001,6,0.0,1,0.25000000000000006,0.34814814814814815,,,,,,,,,,,,,,,
composed_router,69fa7e93588c6aea4b134efa44633d38556ce1656b46df276021920a664881a3,ADR-linear-full,0.4666666666666667,0.6333333333333333,0.16666666666666669,0.26666666666666666,30,1.0,3,0.33333333333333337,6,0.0,1,0.16666666666666669,0.3666666666666667,,,,,,,,,,,,,,,
composed_router,69fa7e93588c6aea4b134efa44633d38556ce1656b46df276021920a664881a3,ADR-linear-split,0.43333333333333335,0.6,0.16666666666666669,0.19999999999999998,30,1.0,3,0.16666666666666669,6,0.0,1,0.08333333333333334,0.2952380952380953,,,,,,,,,,,,,,,
composed_router,69fa7e93588c6aea4b134efa44633d38556ce1656b46df276021920a664881a3,ADR-tiny-nonlinear-choice,0.5,0.6666666666666667,0.16666666666666669,0.26666666666666666,30,1.0,3,0.5000000000000001,6,0.0,1,0.25000000000000006,0.4222222222222222,,,,,,,,,,,,,,,
composed_router,69fa7e93588c6aea4b134efa44633d38556ce1656b46df276021920a664881a3,Oracle upper bound diagnostic,0.7666666666666667,0.7666666666666667,0.0,0.39999999999999997,30,1.0,3,1.0,6,1.0,1,1.0,1.0,,,,,,,,,,,,,,,
conditional_choice,69fa7e93588c6aea4b134efa44633d38556ce1656b46df276021920a664881a3,ADR-linear-full,,,,,7,,,,,,,,,0.8333333333333333,0.65,0.6666666666666666,1.0,4,2,0,1,"[[0.5714285714285714, 0.2857142857142857], [0.0, 0.14285714285714285]]",,,,,,
conditional_choice,69fa7e93588c6aea4b134efa44633d38556ce1656b46df276021920a664881a3,ADR-linear-split,,,,,7,,,,,,,,,0.3333333333333333,0.3636363636363637,0.6666666666666666,0.0,4,2,1,0,"[[0.5714285714285714, 0.2857142857142857], [0.14285714285714285, 0.0]]",,,,,,
conditional_choice,69fa7e93588c6aea4b134efa44633d38556ce1656b46df276021920a664881a3,ADR-tiny-nonlinear-choice,,,,,7,,,,,,,,,1.0,1.0,1.0,1.0,6,0,0,1,"[[0.857142857142857, 0.0], [0.0, 0.14285714285714285]]",,,,,,
conditional_choice,69fa7e93588c6aea4b134efa44633d38556ce1656b46df276021920a664881a3,Fixed-Detour diagnostic,,,,,7,,,,,,,,,0.5,0.46153846153846156,1.0,0.0,6,0,1,0,"[[0.857142857142857, 0.0], [0.14285714285714285, 0.0]]",,,,,,
conditional_choice,69fa7e93588c6aea4b134efa44633d38556ce1656b46df276021920a664881a3,Condition-only choice diagnostic,,,,,7,,,,,,,,,0.5,0.46153846153846156,1.0,0.0,6,0,1,0,"[[0.857142857142857, 0.0], [0.14285714285714285, 0.0]]",,,,,,
conditional_choice,69fa7e93588c6aea4b134efa44633d38556ce1656b46df276021920a664881a3,Horizon-only choice diagnostic,,,,,7,,,,,,,,,0.5,0.46153846153846156,1.0,0.0,6,0,1,0,"[[0.857142857142857, 0.0], [0.14285714285714285, 0.0]]",,,,,,
benefit_gate,69fa7e93588c6aea4b134efa44633d38556ce1656b46df276021920a664881a3,ADR-linear-full,,,,0.26666666666666666,30,,,,,,,,,0.625,,,,,,,,,0.8333333333333333,0.41666666666666663,0.6481481481481483,0.6801960831566094,18,12
benefit_gate,69fa7e93588c6aea4b134efa44633d38556ce1656b46df276021920a664881a3,ADR-linear-split,,,,0.19999999999999998,30,,,,,,,,,0.6805555555555556,,,,,,,,,0.9444444444444444,0.41666666666666663,0.6481481481481483,0.6801960831566094,18,12
benefit_gate,69fa7e93588c6aea4b134efa44633d38556ce1656b46df276021920a664881a3,ADR-tiny-nonlinear-choice,,,,0.26666666666666666,30,,,,,,,,,0.625,,,,,,,,,0.8333333333333333,0.41666666666666663,0.6481481481481483,0.6801960831566094,18,12
composed_router,76fe1d96587ab928f6fb5d7750ecd048fd712eb3d66aa60feb972a3d9d56c9d1,Base,0.41666666666666663,0.6666666666666666,0.25,0.0,12,1.0,5,,0,0.0,2,0.0,0.2777777777777778,,,,,,,,,,,,,,,
composed_router,76fe1d96587ab928f6fb5d7750ecd048fd712eb3d66aa60feb972a3d9d56c9d1,Always Detour,0.0,0.25,0.25,1.0,12,0.0,5,,0,0.0,2,0.0,0.0,,,,,,,,,,,,,,,
composed_router,76fe1d96587ab928f6fb5d7750ecd048fd712eb3d66aa60feb972a3d9d56c9d1,Always Retreat,0.0,0.0,0.0,1.0,12,0.0,5,,0,1.0,2,1.0,0.14814814814814817,,,,,,,,,,,,,,,
composed_router,76fe1d96587ab928f6fb5d7750ecd048fd712eb3d66aa60feb972a3d9d56c9d1,Risk->Retreat,0.49999999999999994,0.6666666666666666,0.16666666666666666,0.16666666666666666,12,1.0,5,,0,0.5,2,0.5,0.5252525252525252,,,,,,,,,,,,,,,
composed_router,76fe1d96587ab928f6fb5d7750ecd048fd712eb3d66aa60feb972a3d9d56c9d1,Risk->Detour,0.08333333333333333,0.41666666666666663,0.3333333333333333,0.49999999999999994,12,0.4,5,,0,0.0,2,0.0,0.16666666666666666,,,,,,,,,,,,,,,
composed_router,76fe1d96587ab928f6fb5d7750ecd048fd712eb3d66aa60feb972a3d9d56c9d1,Risk->BestFixed,0.08333333333333333,0.41666666666666663,0.3333333333333333,0.49999999999999994,12,0.4,5,,0,0.0,2,0.0,0.16666666666666666,,,,,,,,,,,,,,,
composed_router,76fe1d96587ab928f6fb5d7750ecd048fd712eb3d66aa60feb972a3d9d56c9d1,Risk+TwoStage,0.25,0.41666666666666663,0.16666666666666666,0.49999999999999994,12,0.4,5,,0,0.5,2,0.5,0.38888888888888884,,,,,,,,,,,,,,,
composed_router,76fe1d96587ab928f6fb5d7750ecd048fd712eb3d66aa60feb972a3d9d56c9d1,SB-Risk+TwoStage,0.25,0.41666666666666663,0.16666666666666666,0.49999999999999994,12,0.4,5,,0,0.5,2,0.5,0.38888888888888884,,,,,,,,,,,,,,,
composed_router,76fe1d96587ab928f6fb5d7750ecd048fd712eb3d66aa60feb972a3d9d56c9d1,DirectChoice,0.41666666666666663,0.5833333333333333,0.16666666666666666,0.3333333333333333,12,0.8,5,,0,0.5,2,0.5,0.48888888888888893,,,,,,,,,,,,,,,
composed_router,76fe1d96587ab928f6fb5d7750ecd048fd712eb3d66aa60feb972a3d9d56c9d1,DirectQ,0.3333333333333333,0.49999999999999994,0.16666666666666666,0.49999999999999994,12,0.6000000000000001,5,,0,0.5,2,0.5,0.47222222222222215,,,,,,,,,,,,,,,
composed_router,76fe1d96587ab928f6fb5d7750ecd048fd712eb3d66aa60feb972a3d9d56c9d1,SB-DirectQ,0.25,0.41666666666666663,0.16666666666666666,0.5833333333333333,12,0.4,5,,0,0.5,2,0.5,0.41269841269841273,,,,,,,,,,,,,,,
composed_router,76fe1d96587ab928f6fb5d7750ecd048fd712eb3d66aa60feb972a3d9d56c9d1,PairwiseAdvantage,0.3333333333333333,0.49999999999999994,0.16666666666666666,0.49999999999999994,12,0.6000000000000001,5,,0,0.5,2,0.5,0.47222222222222215,,,,,,,,,,,,,,,
composed_router,76fe1d96587ab928f6fb5d7750ecd048fd712eb3d66aa60feb972a3d9d56c9d1,OutcomeRouter,0.49999999999999994,0.6666666666666666,0.16666666666666666,0.25,12,1.0,5,,0,0.5,2,0.5,0.5252525252525252,,,,,,,,,,,,,,,
composed_router,76fe1d96587ab928f6fb5d7750ecd048fd712eb3d66aa60feb972a3d9d56c9d1,SB-OutcomeRouter,0.49999999999999994,0.6666666666666666,0.16666666666666666,0.25,12,1.0,5,,0,0.5,2,0.5,0.5252525252525252,,,,,,,,,,,,,,,
composed_router,76fe1d96587ab928f6fb5d7750ecd048fd712eb3d66aa60feb972a3d9d56c9d1,SB-COR,0.41666666666666663,0.5833333333333333,0.16666666666666666,0.3333333333333333,12,0.8,5,,0,0.5,2,0.5,0.48888888888888893,,,,,,,,,,,,,,,
composed_router,76fe1d96587ab928f6fb5d7750ecd048fd712eb3d66aa60feb972a3d9d56c9d1,OutcomeRouter-hidden-only,0.3333333333333333,0.49999999999999994,0.16666666666666666,0.49999999999999994,12,0.6000000000000001,5,,0,0.5,2,0.5,0.4444444444444445,,,,,,,,,,,,,,,
composed_router,76fe1d96587ab928f6fb5d7750ecd048fd712eb3d66aa60feb972a3d9d56c9d1,OutcomeRouter-state-action-only,0.3333333333333333,0.6666666666666666,0.3333333333333333,0.41666666666666663,12,1.0,5,,0,0.0,2,0.0,0.30303030303030304,,,,,,,,,,,,,,,
composed_router,76fe1d96587ab928f6fb5d7750ecd048fd712eb3d66aa60feb972a3d9d56c9d1,Condition-only diagnostic,0.41666666666666663,0.6666666666666666,0.25,0.3333333333333333,12,1.0,5,,0,0.0,2,0.0,0.3333333333333333,,,,,,,,,,,,,,,
composed_router,76fe1d96587ab928f6fb5d7750ecd048fd712eb3d66aa60feb972a3d9d56c9d1,Horizon-only diagnostic,0.3333333333333333,0.49999999999999994,0.16666666666666666,0.49999999999999994,12,0.6000000000000001,5,,0,0.0,2,0.0,0.22222222222222224,,,,,,,,,,,,,,,
composed_router,76fe1d96587ab928f6fb5d7750ecd048fd712eb3d66aa60feb972a3d9d56c9d1,ADR-linear-full,0.41666666666666663,0.5833333333333333,0.16666666666666666,0.3333333333333333,12,0.8,5,,0,0.5,2,0.5,0.48888888888888893,,,,,,,,,,,,,,,
composed_router,76fe1d96587ab928f6fb5d7750ecd048fd712eb3d66aa60feb972a3d9d56c9d1,ADR-linear-split,0.3333333333333333,0.49999999999999994,0.16666666666666666,0.49999999999999994,12,0.6000000000000001,5,,0,0.5,2,0.5,0.47222222222222215,,,,,,,,,,,,,,,
composed_router,76fe1d96587ab928f6fb5d7750ecd048fd712eb3d66aa60feb972a3d9d56c9d1,ADR-tiny-nonlinear-choice,0.3333333333333333,0.49999999999999994,0.16666666666666666,0.49999999999999994,12,0.6000000000000001,5,,0,0.5,2,0.5,0.47222222222222215,,,,,,,,,,,,,,,
composed_router,76fe1d96587ab928f6fb5d7750ecd048fd712eb3d66aa60feb972a3d9d56c9d1,Oracle upper bound diagnostic,0.6666666666666666,0.6666666666666666,0.0,0.25,12,1.0,5,,0,1.0,2,1.0,0.6666666666666666,,,,,,,,,,,,,,,
conditional_choice,76fe1d96587ab928f6fb5d7750ecd048fd712eb3d66aa60feb972a3d9d56c9d1,ADR-linear-full,,,,,2,,,,,,,,,0.5,0.3333333333333333,,0.5,0,0,1,1,"[[0.0, 0.0], [0.5, 0.5]]",,,,,,
conditional_choice,76fe1d96587ab928f6fb5d7750ecd048fd712eb3d66aa60feb972a3d9d56c9d1,ADR-linear-split,,,,,2,,,,,,,,,0.5,0.3333333333333333,,0.5,0,0,1,1,"[[0.0, 0.0], [0.5, 0.5]]",,,,,,
conditional_choice,76fe1d96587ab928f6fb5d7750ecd048fd712eb3d66aa60feb972a3d9d56c9d1,ADR-tiny-nonlinear-choice,,,,,2,,,,,,,,,0.5,0.3333333333333333,,0.5,0,0,1,1,"[[0.0, 0.0], [0.5, 0.5]]",,,,,,
conditional_choice,76fe1d96587ab928f6fb5d7750ecd048fd712eb3d66aa60feb972a3d9d56c9d1,Fixed-Detour diagnostic,,,,,2,,,,,,,,,0.0,0.0,,0.0,0,0,2,0,"[[0.0, 0.0], [1.0, 0.0]]",,,,,,
conditional_choice,76fe1d96587ab928f6fb5d7750ecd048fd712eb3d66aa60feb972a3d9d56c9d1,Condition-only choice diagnostic,,,,,2,,,,,,,,,0.0,0.0,,0.0,0,0,2,0,"[[0.0, 0.0], [1.0, 0.0]]",,,,,,
conditional_choice,76fe1d96587ab928f6fb5d7750ecd048fd712eb3d66aa60feb972a3d9d56c9d1,Horizon-only choice diagnostic,,,,,2,,,,,,,,,0.0,0.0,,0.0,0,0,2,0,"[[0.0, 0.0], [1.0, 0.0]]",,,,,,
benefit_gate,76fe1d96587ab928f6fb5d7750ecd048fd712eb3d66aa60feb972a3d9d56c9d1,ADR-linear-full,,,,0.3333333333333333,12,,,,,,,,,0.5,,,,,,,,,0.6666666666666667,0.3333333333333333,0.5185185185185185,0.36868686868686873,9,3
benefit_gate,76fe1d96587ab928f6fb5d7750ecd048fd712eb3d66aa60feb972a3d9d56c9d1,ADR-linear-split,,,,0.49999999999999994,12,,,,,,,,,0.6111111111111112,,,,,,,,,0.5555555555555556,0.6666666666666666,0.5185185185185185,0.36868686868686873,9,3
benefit_gate,76fe1d96587ab928f6fb5d7750ecd048fd712eb3d66aa60feb972a3d9d56c9d1,ADR-tiny-nonlinear-choice,,,,0.49999999999999994,12,,,,,,,,,0.6111111111111112,,,,,,,,,0.5555555555555556,0.6666666666666666,0.5185185185185185,0.36868686868686873,9,3
composed_router,821b498fc1fcb4e3c103635fa473d7577f718c4f633b273772954295c83ae585,Base,0.2666666666666667,0.6000000000000001,0.33333333333333337,0.0,15,1.0,5,0.0,1,0.0,3,0.0,0.2380952380952381,,,,,,,,,,,,,,,
composed_router,821b498fc1fcb4e3c103635fa473d7577f718c4f633b273772954295c83ae585,Always Detour,0.13333333333333336,0.33333333333333337,0.20000000000000004,1.0,15,0.0,5,1.0,1,0.0,3,0.5,0.06666666666666667,,,,,,,,,,,,,,,
composed_router,821b498fc1fcb4e3c103635fa473d7577f718c4f633b273772954295c83ae585,Always Retreat,0.0,0.0,0.0,1.0,15,0.0,5,0.0,1,1.0,3,0.5,0.16666666666666666,,,,,,,,,,,,,,,
composed_router,821b498fc1fcb4e3c103635fa473d7577f718c4f633b273772954295c83ae585,Risk->Retreat,0.2666666666666667,0.4666666666666667,0.20000000000000004,0.33333333333333337,15,1.0,5,0.0,1,0.3333333333333333,3,0.16666666666666666,0.41111111111111104,,,,,,,,,,,,,,,
composed_router,821b498fc1fcb4e3c103635fa473d7577f718c4f633b273772954295c83ae585,Risk->Detour,0.33333333333333337,0.5333333333333334,0.20000000000000004,0.5333333333333334,15,0.6000000000000001,5,1.0,1,0.0,3,0.5,0.3333333333333333,,,,,,,,,,,,,,,
composed_router,821b498fc1fcb4e3c103635fa473d7577f718c4f633b273772954295c83ae585,Risk->BestFixed,0.33333333333333337,0.5333333333333334,0.20000000000000004,0.5333333333333334,15,0.6000000000000001,5,1.0,1,0.0,3,0.5,0.3333333333333333,,,,,,,,,,,,,,,
composed_router,821b498fc1fcb4e3c103635fa473d7577f718c4f633b273772954295c83ae585,Risk+TwoStage,0.2666666666666667,0.5333333333333334,0.2666666666666667,0.33333333333333337,15,1.0,5,0.0,1,0.0,3,0.0,0.27777777777777773,,,,,,,,,,,,,,,
composed_router,821b498fc1fcb4e3c103635fa473d7577f718c4f633b273772954295c83ae585,SB-Risk+TwoStage,0.2666666666666667,0.5333333333333334,0.2666666666666667,0.33333333333333337,15,1.0,5,0.0,1,0.0,3,0.0,0.27777777777777773,,,,,,,,,,,,,,,
composed_router,821b498fc1fcb4e3c103635fa473d7577f718c4f633b273772954295c83ae585,DirectChoice,0.20000000000000004,0.4000000000000001,0.20000000000000004,0.4666666666666667,15,0.4,5,0.0,1,0.3333333333333333,3,0.16666666666666666,0.24338624338624337,,,,,,,,,,,,,,,
composed_router,821b498fc1fcb4e3c103635fa473d7577f718c4f633b273772954295c83ae585,DirectQ,0.33333333333333337,0.6000000000000001,0.2666666666666667,0.20000000000000004,15,1.0,5,0.0,1,0.0,3,0.0,0.25641025641025644,,,,,,,,,,,,,,,
composed_router,821b498fc1fcb4e3c103635fa473d7577f718c4f633b273772954295c83ae585,SB-DirectQ,0.33333333333333337,0.6000000000000001,0.2666666666666667,0.13333333333333336,15,1.0,5,0.0,1,0.0,3,0.0,0.25641025641025644,,,,,,,,,,,,,,,
composed_router,821b498fc1fcb4e3c103635fa473d7577f718c4f633b273772954295c83ae585,PairwiseAdvantage,0.33333333333333337,0.6000000000000001,0.2666666666666667,0.20000000000000004,15,1.0,5,0.0,1,0.0,3,0.0,0.25641025641025644,,,,,,,,,,,,,,,
composed_router,821b498fc1fcb4e3c103635fa473d7577f718c4f633b273772954295c83ae585,OutcomeRouter,0.2666666666666667,0.46666666666666673,0.20000000000000004,0.6000000000000001,15,0.6000000000000001,5,0.0,1,0.0,3,0.0,0.19999999999999998,,,,,,,,,,,,,,,
composed_router,821b498fc1fcb4e3c103635fa473d7577f718c4f633b273772954295c83ae585,SB-OutcomeRouter,0.2666666666666667,0.5333333333333334,0.2666666666666667,0.4,15,0.8,5,0.0,1,0.0,3,0.0,0.2424242424242424,,,,,,,,,,,,,,,
composed_router,821b498fc1fcb4e3c103635fa473d7577f718c4f633b273772954295c83ae585,SB-COR,0.2666666666666667,0.46666666666666673,0.20000000000000004,0.5333333333333334,15,0.6000000000000001,5,0.0,1,0.0,3,0.0,0.19999999999999998,,,,,,,,,,,,,,,
composed_router,821b498fc1fcb4e3c103635fa473d7577f718c4f633b273772954295c83ae585,OutcomeRouter-hidden-only,0.20000000000000004,0.4000000000000001,0.20000000000000004,0.6000000000000001,15,0.4,5,0.0,1,0.0,3,0.0,0.14814814814814814,,,,,,,,,,,,,,,
composed_router,821b498fc1fcb4e3c103635fa473d7577f718c4f633b273772954295c83ae585,OutcomeRouter-state-action-only,0.20000000000000004,0.4,0.20000000000000004,0.8,15,0.4,5,0.0,1,0.0,3,0.0,0.16666666666666666,,,,,,,,,,,,,,,
composed_router,821b498fc1fcb4e3c103635fa473d7577f718c4f633b273772954295c83ae585,Condition-only diagnostic,0.6000000000000001,0.6000000000000001,0.0,0.33333333333333337,15,1.0,5,0.0,1,1.0,3,0.5,0.6363636363636364,,,,,,,,,,,,,,,
composed_router,821b498fc1fcb4e3c103635fa473d7577f718c4f633b273772954295c83ae585,Horizon-only diagnostic,0.06666666666666668,0.4,0.33333333333333337,0.4,15,0.4,5,0.0,1,0.0,3,0.0,0.14814814814814814,,,,,,,,,,,,,,,
composed_router,821b498fc1fcb4e3c103635fa473d7577f718c4f633b273772954295c83ae585,ADR-linear-full,0.2666666666666667,0.5333333333333334,0.2666666666666667,0.4,15,0.8,5,0.0,1,0.0,3,0.0,0.2424242424242424,,,,,,,,,,,,,,,
composed_router,821b498fc1fcb4e3c103635fa473d7577f718c4f633b273772954295c83ae585,ADR-linear-split,0.33333333333333337,0.46666666666666673,0.13333333333333336,0.7333333333333334,15,0.6000000000000001,5,0.0,1,0.3333333333333333,3,0.16666666666666666,0.3833333333333333,,,,,,,,,,,,,,,
composed_router,821b498fc1fcb4e3c103635fa473d7577f718c4f633b273772954295c83ae585,ADR-tiny-nonlinear-choice,0.33333333333333337,0.6000000000000001,0.2666666666666667,0.4,15,0.8,5,1.0,1,0.0,3,0.5,0.409090909090909,,,,,,,,,,,,,,,
composed_router,821b498fc1fcb4e3c103635fa473d7577f718c4f633b273772954295c83ae585,Oracle upper bound diagnostic,0.6666666666666667,0.6666666666666667,0.0,0.4,15,1.0,5,1.0,1,1.0,3,1.0,1.0,,,,,,,,,,,,,,,
conditional_choice,821b498fc1fcb4e3c103635fa473d7577f718c4f633b273772954295c83ae585,ADR-linear-full,,,,,4,,,,,,,,,0.16666666666666666,0.2,0.0,0.3333333333333333,0,1,2,1,"[[0.0, 0.25], [0.5, 0.25]]",,,,,,
conditional_choice,821b498fc1fcb4e3c103635fa473d7577f718c4f633b273772954295c83ae585,ADR-linear-split,,,,,4,,,,,,,,,0.16666666666666666,0.2,0.0,0.3333333333333333,0,1,2,1,"[[0.0, 0.25], [0.5, 0.25]]",,,,,,
conditional_choice,821b498fc1fcb4e3c103635fa473d7577f718c4f633b273772954295c83ae585,ADR-tiny-nonlinear-choice,,,,,4,,,,,,,,,0.8333333333333333,0.7333333333333334,1.0,0.6666666666666666,1,0,1,2,"[[0.25, 0.0], [0.25, 0.5]]",,,,,,
conditional_choice,821b498fc1fcb4e3c103635fa473d7577f718c4f633b273772954295c83ae585,Fixed-Detour diagnostic,,,,,4,,,,,,,,,0.5,0.2,1.0,0.0,1,0,3,0,"[[0.25, 0.0], [0.75, 0.0]]",,,,,,
conditional_choice,821b498fc1fcb4e3c103635fa473d7577f718c4f633b273772954295c83ae585,Condition-only choice diagnostic,,,,,4,,,,,,,,,1.0,1.0,1.0,1.0,1,0,0,3,"[[0.25, 0.0], [0.0, 0.75]]",,,,,,
conditional_choice,821b498fc1fcb4e3c103635fa473d7577f718c4f633b273772954295c83ae585,Horizon-only choice diagnostic,,,,,4,,,,,,,,,0.5,0.2,1.0,0.0,1,0,3,0,"[[0.25, 0.0], [0.75, 0.0]]",,,,,,
benefit_gate,821b498fc1fcb4e3c103635fa473d7577f718c4f633b273772954295c83ae585,ADR-linear-full,,,,0.4,15,,,,,,,,,0.5833333333333335,,,,,,,,,0.6666666666666667,0.5000000000000001,0.7777777777777779,0.7787397787397787,9,6
benefit_gate,821b498fc1fcb4e3c103635fa473d7577f718c4f633b273772954295c83ae585,ADR-linear-split,,,,0.7333333333333334,15,,,,,,,,,0.7222222222222222,,,,,,,,,0.4444444444444444,1.0,0.7777777777777779,0.7787397787397787,9,6
benefit_gate,821b498fc1fcb4e3c103635fa473d7577f718c4f633b273772954295c83ae585,ADR-tiny-nonlinear-choice,,,,0.4,15,,,,,,,,,0.5833333333333335,,,,,,,,,0.6666666666666667,0.5000000000000001,0.7777777777777779,0.7787397787397787,9,6
composed_router,9176c2514b8a62105f4d2b8a22a8a0b0236c5b9feda58c18ef64cea917b98d9d,Base,0.33333333333333337,0.6666666666666667,0.33333333333333337,0.0,15,1.0,7,0.0,3,,0,0.0,0.2745098039215686,,,,,,,,,,,,,,,
composed_router,9176c2514b8a62105f4d2b8a22a8a0b0236c5b9feda58c18ef64cea917b98d9d,Always Detour,2.775557561562892e-17,0.4,0.4,1.0,15,0.0,7,1.0,3,,0,1.0,0.15384615384615385,,,,,,,,,,,,,,,
composed_router,9176c2514b8a62105f4d2b8a22a8a0b0236c5b9feda58c18ef64cea917b98d9d,Always Retreat,-0.4666666666666667,0.0,0.4666666666666667,1.0,15,0.0,7,0.0,3,,0,0.0,0.0,,,,,,,,,,,,,,,
composed_router,9176c2514b8a62105f4d2b8a22a8a0b0236c5b9feda58c18ef64cea917b98d9d,Risk->Retreat,0.20000000000000004,0.5333333333333334,0.33333333333333337,0.20000000000000004,15,0.8571428571428572,7,0.0,3,,0,0.0,0.26666666666666666,,,,,,,,,,,,,,,
composed_router,9176c2514b8a62105f4d2b8a22a8a0b0236c5b9feda58c18ef64cea917b98d9d,Risk->Detour,2.775557561562892e-17,0.4000000000000001,0.4,0.5333333333333334,15,0.28571428571428575,7,0.3333333333333333,3,,0,0.3333333333333333,0.19528619528619529,,,,,,,,,,,,,,,
composed_router,9176c2514b8a62105f4d2b8a22a8a0b0236c5b9feda58c18ef64cea917b98d9d,Risk->BestFixed,2.775557561562892e-17,0.4000000000000001,0.4,0.5333333333333334,15,0.28571428571428575,7,0.3333333333333333,3,,0,0.3333333333333333,0.19528619528619529,,,,,,,,,,,,,,,
composed_router,9176c2514b8a62105f4d2b8a22a8a0b0236c5b9feda58c18ef64cea917b98d9d,Risk+TwoStage,-0.06666666666666665,0.33333333333333337,0.4,0.5333333333333334,15,0.28571428571428575,7,0.3333333333333333,3,,0,0.3333333333333333,0.19528619528619529,,,,,,,,,,,,,,,
composed_router,9176c2514b8a62105f4d2b8a22a8a0b0236c5b9feda58c18ef64cea917b98d9d,SB-Risk+TwoStage,-0.06666666666666665,0.33333333333333337,0.4,0.5333333333333334,15,0.28571428571428575,7,0.3333333333333333,3,,0,0.3333333333333333,0.19528619528619529,,,,,,,,,,,,,,,
composed_router,9176c2514b8a62105f4d2b8a22a8a0b0236c5b9feda58c18ef64cea917b98d9d,DirectChoice,0.33333333333333337,0.6000000000000001,0.2666666666666667,0.33333333333333337,15,0.7142857142857143,7,0.6666666666666666,3,,0,0.6666666666666666,0.44688644688644685,,,,,,,,,,,,,,,
composed_router,9176c2514b8a62105f4d2b8a22a8a0b0236c5b9feda58c18ef64cea917b98d9d,DirectQ,0.33333333333333337,0.6000000000000001,0.2666666666666667,0.13333333333333336,15,1.0,7,0.0,3,,0,0.0,0.2916666666666667,,,,,,,,,,,,,,,
composed_router,9176c2514b8a62105f4d2b8a22a8a0b0236c5b9feda58c18ef64cea917b98d9d,SB-DirectQ,0.33333333333333337,0.6000000000000001,0.2666666666666667,0.13333333333333336,15,1.0,7,0.0,3,,0,0.0,0.2916666666666667,,,,,,,,,,,,,,,
composed_router,9176c2514b8a62105f4d2b8a22a8a0b0236c5b9feda58c18ef64cea917b98d9d,PairwiseAdvantage,0.33333333333333337,0.6000000000000001,0.2666666666666667,0.13333333333333336,15,1.0,7,0.0,3,,0,0.0,0.2916666666666667,,,,,,,,,,,,,,,
composed_router,9176c2514b8a62105f4d2b8a22a8a0b0236c5b9feda58c18ef64cea917b98d9d,OutcomeRouter,0.2666666666666667,0.6000000000000001,0.33333333333333337,0.4,15,0.7142857142857143,7,0.6666666666666666,3,,0,0.6666666666666666,0.44688644688644685,,,,,,,,,,,,,,,
composed_router,9176c2514b8a62105f4d2b8a22a8a0b0236c5b9feda58c18ef64cea917b98d9d,SB-OutcomeRouter,0.2666666666666667,0.6000000000000001,0.33333333333333337,0.4,15,0.7142857142857143,7,0.6666666666666666,3,,0,0.6666666666666666,0.44688644688644685,,,,,,,,,,,,,,,
composed_router,9176c2514b8a62105f4d2b8a22a8a0b0236c5b9feda58c18ef64cea917b98d9d,SB-COR,0.06666666666666671,0.4666666666666667,0.4,0.2666666666666667,15,0.7142857142857143,7,0.0,3,,0,0.0,0.2380952380952381,,,,,,,,,,,,,,,
composed_router,9176c2514b8a62105f4d2b8a22a8a0b0236c5b9feda58c18ef64cea917b98d9d,OutcomeRouter-hidden-only,0.20000000000000004,0.5333333333333334,0.33333333333333337,0.4666666666666667,15,0.5714285714285715,7,0.6666666666666666,3,,0,0.6666666666666666,0.41269841269841273,,,,,,,,,,,,,,,
composed_router,9176c2514b8a62105f4d2b8a22a8a0b0236c5b9feda58c18ef64cea917b98d9d,OutcomeRouter-state-action-only,0.33333333333333337,0.6666666666666667,0.33333333333333337,0.20000000000000004,15,0.8571428571428572,7,0.3333333333333333,3,,0,0.3333333333333333,0.39999999999999997,,,,,,,,,,,,,,,
composed_router,9176c2514b8a62105f4d2b8a22a8a0b0236c5b9feda58c18ef64cea917b98d9d,Condition-only diagnostic,0.7333333333333334,0.8666666666666667,0.13333333333333336,0.33333333333333337,15,1.0,7,1.0,3,,0,1.0,0.6666666666666666,,,,,,,,,,,,,,,
composed_router,9176c2514b8a62105f4d2b8a22a8a0b0236c5b9feda58c18ef64cea917b98d9d,Horizon-only diagnostic,0.13333333333333336,0.5333333333333334,0.4,0.4,15,0.5714285714285715,7,0.3333333333333333,3,,0,0.3333333333333333,0.3003663003663004,,,,,,,,,,,,,,,
composed_router,9176c2514b8a62105f4d2b8a22a8a0b0236c5b9feda58c18ef64cea917b98d9d,ADR-linear-full,0.4,0.6666666666666667,0.2666666666666667,0.13333333333333336,15,1.0,7,0.3333333333333333,3,,0,0.3333333333333333,0.4583333333333333,,,,,,,,,,,,,,,
composed_router,9176c2514b8a62105f4d2b8a22a8a0b0236c5b9feda58c18ef64cea917b98d9d,ADR-linear-split,0.4,0.6666666666666667,0.2666666666666667,0.13333333333333336,15,1.0,7,0.3333333333333333,3,,0,0.3333333333333333,0.4583333333333333,,,,,,,,,,,,,,,
composed_router,9176c2514b8a62105f4d2b8a22a8a0b0236c5b9feda58c18ef64cea917b98d9d,ADR-tiny-nonlinear-choice,0.4,0.6666666666666667,0.2666666666666667,0.13333333333333336,15,1.0,7,0.3333333333333333,3,,0,0.3333333333333333,0.4583333333333333,,,,,,,,,,,,,,,
composed_router,9176c2514b8a62105f4d2b8a22a8a0b0236c5b9feda58c18ef64cea917b98d9d,Oracle upper bound diagnostic,0.7333333333333334,0.8666666666666667,0.13333333333333336,0.20000000000000004,15,1.0,7,1.0,3,,0,1.0,0.6666666666666666,,,,,,,,,,,,,,,
conditional_choice,9176c2514b8a62105f4d2b8a22a8a0b0236c5b9feda58c18ef64cea917b98d9d,ADR-linear-full,,,,,3,,,,,,,,,0.3333333333333333,0.24999999999999997,0.3333333333333333,,1,2,0,0,"[[0.3333333333333333, 0.6666666666666666], [0.0, 0.0]]",,,,,,
conditional_choice,9176c2514b8a62105f4d2b8a22a8a0b0236c5b9feda58c18ef64cea917b98d9d,ADR-linear-split,,,,,3,,,,,,,,,0.6666666666666666,0.4,0.6666666666666666,,2,1,0,0,"[[0.6666666666666666, 0.3333333333333333], [0.0, 0.0]]",,,,,,
conditional_choice,9176c2514b8a62105f4d2b8a22a8a0b0236c5b9feda58c18ef64cea917b98d9d,ADR-tiny-nonlinear-choice,,,,,3,,,,,,,,,1.0,0.5,1.0,,3,0,0,0,"[[1.0, 0.0], [0.0, 0.0]]",,,,,,
conditional_choice,9176c2514b8a62105f4d2b8a22a8a0b0236c5b9feda58c18ef64cea917b98d9d,Fixed-Detour diagnostic,,,,,3,,,,,,,,,1.0,0.5,1.0,,3,0,0,0,"[[1.0, 0.0], [0.0, 0.0]]",,,,,,
conditional_choice,9176c2514b8a62105f4d2b8a22a8a0b0236c5b9feda58c18ef64cea917b98d9d,Condition-only choice diagnostic,,,,,3,,,,,,,,,1.0,0.5,1.0,,3,0,0,0,"[[1.0, 0.0], [0.0, 0.0]]",,,,,,
conditional_choice,9176c2514b8a62105f4d2b8a22a8a0b0236c5b9feda58c18ef64cea917b98d9d,Horizon-only choice diagnostic,,,,,3,,,,,,,,,1.0,0.5,1.0,,3,0,0,0,"[[1.0, 0.0], [0.0, 0.0]]",,,,,,
benefit_gate,9176c2514b8a62105f4d2b8a22a8a0b0236c5b9feda58c18ef64cea917b98d9d,ADR-linear-full,,,,0.13333333333333336,15,,,,,,,,,0.625,,,,,,,,,0.9166666666666667,0.3333333333333333,0.611111111111111,0.40476190476190477,12,3
benefit_gate,9176c2514b8a62105f4d2b8a22a8a0b0236c5b9feda58c18ef64cea917b98d9d,ADR-linear-split,,,,0.13333333333333336,15,,,,,,,,,0.625,,,,,,,,,0.9166666666666667,0.3333333333333333,0.611111111111111,0.40476190476190477,12,3
benefit_gate,9176c2514b8a62105f4d2b8a22a8a0b0236c5b9feda58c18ef64cea917b98d9d,ADR-tiny-nonlinear-choice,,,,0.13333333333333336,15,,,,,,,,,0.625,,,,,,,,,0.9166666666666667,0.3333333333333333,0.611111111111111,0.40476190476190477,12,3
composed_router,986b3dff233a80cf0fd1c48f815600f49b95f83be0d9f898fee40d0a5c9dca63,Base,0.25,0.5833333333333333,0.3333333333333333,0.0,12,1.0,2,0.0,3,,0,0.0,0.19047619047619047,,,,,,,,,,,,,,,
composed_router,986b3dff233a80cf0fd1c48f815600f49b95f83be0d9f898fee40d0a5c9dca63,Always Detour,0.5833333333333334,0.6666666666666667,0.08333333333333333,1.0,12,0.0,2,1.0,3,,0,1.0,0.25000000000000006,,,,,,,,,,,,,,,
composed_router,986b3dff233a80cf0fd1c48f815600f49b95f83be0d9f898fee40d0a5c9dca63,Always Retreat,-0.08333333333333333,0.0,0.08333333333333333,1.0,12,0.0,2,0.0,3,,0,0.0,0.0,,,,,,,,,,,,,,,
composed_router,986b3dff233a80cf0fd1c48f815600f49b95f83be0d9f898fee40d0a5c9dca63,Risk->Retreat,0.25,0.5833333333333333,0.3333333333333333,0.0,12,1.0,2,0.0,3,,0,0.0,0.19047619047619047,,,,,,,,,,,,,,,
composed_router,986b3dff233a80cf0fd1c48f815600f49b95f83be0d9f898fee40d0a5c9dca63,Risk->Detour,0.49999999999999994,0.6666666666666666,0.16666666666666666,0.3333333333333333,12,0.5,2,0.6666666666666666,3,,0,0.6666666666666666,0.3888888888888889,,,,,,,,,,,,,,,
composed_router,986b3dff233a80cf0fd1c48f815600f49b95f83be0d9f898fee40d0a5c9dca63,Risk->BestFixed,0.49999999999999994,0.6666666666666666,0.16666666666666666,0.3333333333333333,12,0.5,2,0.6666666666666666,3,,0,0.6666666666666666,0.3888888888888889,,,,,,,,,,,,,,,
composed_router,986b3dff233a80cf0fd1c48f815600f49b95f83be0d9f898fee40d0a5c9dca63,Risk+TwoStage,0.41666666666666663,0.5833333333333333,0.16666666666666666,0.3333333333333333,12,0.5,2,0.3333333333333333,3,,0,0.3333333333333333,0.3,,,,,,,,,,,,,,,
composed_router,986b3dff233a80cf0fd1c48f815600f49b95f83be0d9f898fee40d0a5c9dca63,SB-Risk+TwoStage,0.41666666666666663,0.5833333333333333,0.16666666666666666,0.3333333333333333,12,0.5,2,0.3333333333333333,3,,0,0.3333333333333333,0.3,,,,,,,,,,,,,,,
composed_router,986b3dff233a80cf0fd1c48f815600f49b95f83be0d9f898fee40d0a5c9dca63,DirectChoice,0.6666666666666667,0.7500000000000001,0.08333333333333333,0.3333333333333333,12,1.0,2,0.6666666666666666,3,,0,0.6666666666666666,0.6,,,,,,,,,,,,,,,
composed_router,986b3dff233a80cf0fd1c48f815600f49b95f83be0d9f898fee40d0a5c9dca63,DirectQ,0.41666666666666663,0.6666666666666666,0.25,0.25,12,1.0,2,0.3333333333333333,3,,0,0.3333333333333333,0.38888888888888884,,,,,,,,,,,,,,,
composed_router,986b3dff233a80cf0fd1c48f815600f49b95f83be0d9f898fee40d0a5c9dca63,SB-DirectQ,0.41666666666666663,0.6666666666666666,0.25,0.25,12,1.0,2,0.3333333333333333,3,,0,0.3333333333333333,0.38888888888888884,,,,,,,,,,,,,,,
composed_router,986b3dff233a80cf0fd1c48f815600f49b95f83be0d9f898fee40d0a5c9dca63,PairwiseAdvantage,0.41666666666666663,0.6666666666666666,0.25,0.25,12,1.0,2,0.3333333333333333,3,,0,0.3333333333333333,0.38888888888888884,,,,,,,,,,,,,,,
composed_router,986b3dff233a80cf0fd1c48f815600f49b95f83be0d9f898fee40d0a5c9dca63,OutcomeRouter,0.6666666666666667,0.7500000000000001,0.08333333333333333,0.41666666666666663,12,1.0,2,0.6666666666666666,3,,0,0.6666666666666666,0.6,,,,,,,,,,,,,,,
composed_router,986b3dff233a80cf0fd1c48f815600f49b95f83be0d9f898fee40d0a5c9dca63,SB-OutcomeRouter,0.6666666666666667,0.7500000000000001,0.08333333333333333,0.41666666666666663,12,1.0,2,0.6666666666666666,3,,0,0.6666666666666666,0.6,,,,,,,,,,,,,,,
composed_router,986b3dff233a80cf0fd1c48f815600f49b95f83be0d9f898fee40d0a5c9dca63,SB-COR,0.6666666666666667,0.7500000000000001,0.08333333333333333,0.3333333333333333,12,1.0,2,0.6666666666666666,3,,0,0.6666666666666666,0.6,,,,,,,,,,,,,,,
composed_router,986b3dff233a80cf0fd1c48f815600f49b95f83be0d9f898fee40d0a5c9dca63,OutcomeRouter-hidden-only,0.5833333333333333,0.6666666666666666,0.08333333333333333,0.5833333333333333,12,0.5,2,0.6666666666666666,3,,0,0.6666666666666666,0.4444444444444445,,,,,,,,,,,,,,,
composed_router,986b3dff233a80cf0fd1c48f815600f49b95f83be0d9f898fee40d0a5c9dca63,OutcomeRouter-state-action-only,0.25,0.5833333333333333,0.3333333333333333,0.0,12,1.0,2,0.0,3,,0,0.0,0.19047619047619047,,,,,,,,,,,,,,,
composed_router,986b3dff233a80cf0fd1c48f815600f49b95f83be0d9f898fee40d0a5c9dca63,Condition-only diagnostic,0.75,0.8333333333333334,0.08333333333333333,0.3333333333333333,12,1.0,2,1.0,3,,0,1.0,0.6666666666666666,,,,,,,,,,,,,,,
composed_router,986b3dff233a80cf0fd1c48f815600f49b95f83be0d9f898fee40d0a5c9dca63,Horizon-only diagnostic,0.5833333333333333,0.7500000000000001,0.16666666666666666,0.49999999999999994,12,1.0,2,0.6666666666666666,3,,0,0.6666666666666666,0.5333333333333333,,,,,,,,,,,,,,,
composed_router,986b3dff233a80cf0fd1c48f815600f49b95f83be0d9f898fee40d0a5c9dca63,ADR-linear-full,0.5833333333333333,0.7500000000000001,0.16666666666666666,0.3333333333333333,12,1.0,2,0.6666666666666666,3,,0,0.6666666666666666,0.5333333333333333,,,,,,,,,,,,,,,
composed_router,986b3dff233a80cf0fd1c48f815600f49b95f83be0d9f898fee40d0a5c9dca63,ADR-linear-split,0.49999999999999994,0.6666666666666666,0.16666666666666666,0.3333333333333333,12,1.0,2,0.3333333333333333,3,,0,0.3333333333333333,0.43333333333333335,,,,,,,,,,,,,,,
composed_router,986b3dff233a80cf0fd1c48f815600f49b95f83be0d9f898fee40d0a5c9dca63,ADR-tiny-nonlinear-choice,0.3333333333333333,0.5833333333333333,0.25,0.08333333333333333,12,1.0,2,0.0,3,,0,0.0,0.2222222222222222,,,,,,,,,,,,,,,
composed_router,986b3dff233a80cf0fd1c48f815600f49b95f83be0d9f898fee40d0a5c9dca63,Oracle upper bound diagnostic,0.75,0.8333333333333334,0.08333333333333333,0.25,12,1.0,2,1.0,3,,0,1.0,0.6666666666666666,,,,,,,,,,,,,,,
conditional_choice,986b3dff233a80cf0fd1c48f815600f49b95f83be0d9f898fee40d0a5c9dca63,ADR-linear-full,,,,,3,,,,,,,,,1.0,0.5,1.0,,3,0,0,0,"[[1.0, 0.0], [0.0, 0.0]]",,,,,,
conditional_choice,986b3dff233a80cf0fd1c48f815600f49b95f83be0d9f898fee40d0a5c9dca63,ADR-linear-split,,,,,3,,,,,,,,,0.6666666666666666,0.4,0.6666666666666666,,2,1,0,0,"[[0.6666666666666666, 0.3333333333333333], [0.0, 0.0]]",,,,,,
conditional_choice,986b3dff233a80cf0fd1c48f815600f49b95f83be0d9f898fee40d0a5c9dca63,ADR-tiny-nonlinear-choice,,,,,3,,,,,,,,,0.6666666666666666,0.4,0.6666666666666666,,2,1,0,0,"[[0.6666666666666666, 0.3333333333333333], [0.0, 0.0]]",,,,,,
conditional_choice,986b3dff233a80cf0fd1c48f815600f49b95f83be0d9f898fee40d0a5c9dca63,Fixed-Detour diagnostic,,,,,3,,,,,,,,,1.0,0.5,1.0,,3,0,0,0,"[[1.0, 0.0], [0.0, 0.0]]",,,,,,
conditional_choice,986b3dff233a80cf0fd1c48f815600f49b95f83be0d9f898fee40d0a5c9dca63,Condition-only choice diagnostic,,,,,3,,,,,,,,,1.0,0.5,1.0,,3,0,0,0,"[[1.0, 0.0], [0.0, 0.0]]",,,,,,
conditional_choice,986b3dff233a80cf0fd1c48f815600f49b95f83be0d9f898fee40d0a5c9dca63,Horizon-only choice diagnostic,,,,,3,,,,,,,,,1.0,0.5,1.0,,3,0,0,0,"[[1.0, 0.0], [0.0, 0.0]]",,,,,,
benefit_gate,986b3dff233a80cf0fd1c48f815600f49b95f83be0d9f898fee40d0a5c9dca63,ADR-linear-full,,,,0.3333333333333333,12,,,,,,,,,0.7222222222222221,,,,,,,,,0.7777777777777777,0.6666666666666666,0.8888888888888888,0.7555555555555556,9,3
benefit_gate,986b3dff233a80cf0fd1c48f815600f49b95f83be0d9f898fee40d0a5c9dca63,ADR-linear-split,,,,0.3333333333333333,12,,,,,,,,,0.7222222222222221,,,,,,,,,0.7777777777777777,0.6666666666666666,0.8888888888888888,0.7555555555555556,9,3
benefit_gate,986b3dff233a80cf0fd1c48f815600f49b95f83be0d9f898fee40d0a5c9dca63,ADR-tiny-nonlinear-choice,,,,0.08333333333333333,12,,,,,,,,,0.6666666666666666,,,,,,,,,1.0,0.3333333333333333,0.8888888888888888,0.7555555555555556,9,3
composed_router,a3e1c487338ecfe4ce59e1e8f0be7a20d0442476ad923022ec430bdb5470ee56,Base,0.16666666666666666,0.41666666666666663,0.25,0.0,12,,0,0.0,6,,0,0.0,0.0,,,,,,,,,,,,,,,
composed_router,a3e1c487338ecfe4ce59e1e8f0be7a20d0442476ad923022ec430bdb5470ee56,Always Detour,0.8333333333333335,0.9166666666666667,0.08333333333333333,1.0,12,,0,1.0,6,,0,1.0,0.3333333333333333,,,,,,,,,,,,,,,
composed_router,a3e1c487338ecfe4ce59e1e8f0be7a20d0442476ad923022ec430bdb5470ee56,Always Retreat,0.0,0.0,0.0,1.0,12,,0,0.0,6,,0,0.0,0.0,,,,,,,,,,,,,,,
composed_router,a3e1c487338ecfe4ce59e1e8f0be7a20d0442476ad923022ec430bdb5470ee56,Risk->Retreat,0.16666666666666666,0.3333333333333333,0.16666666666666666,0.3333333333333333,12,,0,0.0,6,,0,0.0,0.0,,,,,,,,,,,,,,,
composed_router,a3e1c487338ecfe4ce59e1e8f0be7a20d0442476ad923022ec430bdb5470ee56,Risk->Detour,0.3333333333333333,0.5833333333333333,0.25,0.3333333333333333,12,,0,0.33333333333333337,6,,0,0.33333333333333337,0.16666666666666666,,,,,,,,,,,,,,,
composed_router,a3e1c487338ecfe4ce59e1e8f0be7a20d0442476ad923022ec430bdb5470ee56,Risk->BestFixed,0.3333333333333333,0.5833333333333333,0.25,0.3333333333333333,12,,0,0.33333333333333337,6,,0,0.33333333333333337,0.16666666666666666,,,,,,,,,,,,,,,
composed_router,a3e1c487338ecfe4ce59e1e8f0be7a20d0442476ad923022ec430bdb5470ee56,Risk+TwoStage,0.3333333333333333,0.5833333333333333,0.25,0.3333333333333333,12,,0,0.33333333333333337,6,,0,0.33333333333333337,0.16666666666666666,,,,,,,,,,,,,,,
composed_router,a3e1c487338ecfe4ce59e1e8f0be7a20d0442476ad923022ec430bdb5470ee56,SB-Risk+TwoStage,0.3333333333333333,0.5833333333333333,0.25,0.3333333333333333,12,,0,0.33333333333333337,6,,0,0.33333333333333337,0.16666666666666666,,,,,,,,,,,,,,,
composed_router,a3e1c487338ecfe4ce59e1e8f0be7a20d0442476ad923022ec430bdb5470ee56,DirectChoice,0.5833333333333333,0.7500000000000001,0.16666666666666666,0.49999999999999994,12,,0,0.6666666666666667,6,,0,0.6666666666666667,0.26666666666666666,,,,,,,,,,,,,,,
composed_router,a3e1c487338ecfe4ce59e1e8f0be7a20d0442476ad923022ec430bdb5470ee56,DirectQ,0.25,0.49999999999999994,0.25,0.3333333333333333,12,,0,0.16666666666666669,6,,0,0.16666666666666669,0.09523809523809525,,,,,,,,,,,,,,,
composed_router,a3e1c487338ecfe4ce59e1e8f0be7a20d0442476ad923022ec430bdb5470ee56,SB-DirectQ,0.25,0.41666666666666663,0.16666666666666666,0.16666666666666666,12,,0,0.0,6,,0,0.0,0.0,,,,,,,,,,,,,,,
composed_router,a3e1c487338ecfe4ce59e1e8f0be7a20d0442476ad923022ec430bdb5470ee56,PairwiseAdvantage,0.25,0.49999999999999994,0.25,0.3333333333333333,12,,0,0.16666666666666669,6,,0,0.16666666666666669,0.09523809523809525,,,,,,,,,,,,,,,
composed_router,a3e1c487338ecfe4ce59e1e8f0be7a20d0442476ad923022ec430bdb5470ee56,OutcomeRouter,0.25,0.49999999999999994,0.25,0.3333333333333333,12,,0,0.16666666666666669,6,,0,0.16666666666666669,0.09523809523809525,,,,,,,,,,,,,,,
composed_router,a3e1c487338ecfe4ce59e1e8f0be7a20d0442476ad923022ec430bdb5470ee56,SB-OutcomeRouter,0.3333333333333333,0.5833333333333333,0.25,0.41666666666666663,12,,0,0.33333333333333337,6,,0,0.33333333333333337,0.16666666666666666,,,,,,,,,,,,,,,
composed_router,a3e1c487338ecfe4ce59e1e8f0be7a20d0442476ad923022ec430bdb5470ee56,SB-COR,0.3333333333333333,0.5833333333333333,0.25,0.41666666666666663,12,,0,0.33333333333333337,6,,0,0.33333333333333337,0.16666666666666666,,,,,,,,,,,,,,,
composed_router,a3e1c487338ecfe4ce59e1e8f0be7a20d0442476ad923022ec430bdb5470ee56,OutcomeRouter-hidden-only,0.49999999999999994,0.6666666666666667,0.16666666666666666,0.5833333333333333,12,,0,0.5000000000000001,6,,0,0.5000000000000001,0.2222222222222222,,,,,,,,,,,,,,,
composed_router,a3e1c487338ecfe4ce59e1e8f0be7a20d0442476ad923022ec430bdb5470ee56,OutcomeRouter-state-action-only,0.25,0.49999999999999994,0.25,0.3333333333333333,12,,0,0.16666666666666669,6,,0,0.16666666666666669,0.09523809523809525,,,,,,,,,,,,,,,
composed_router,a3e1c487338ecfe4ce59e1e8f0be7a20d0442476ad923022ec430bdb5470ee56,Condition-only diagnostic,0.41666666666666663,0.41666666666666663,0.0,0.3333333333333333,12,,0,0.0,6,,0,0.0,0.0,,,,,,,,,,,,,,,
composed_router,a3e1c487338ecfe4ce59e1e8f0be7a20d0442476ad923022ec430bdb5470ee56,Horizon-only diagnostic,0.3333333333333333,0.5833333333333334,0.25,0.5,12,,0,0.33333333333333337,6,,0,0.33333333333333337,0.16666666666666666,,,,,,,,,,,,,,,
composed_router,a3e1c487338ecfe4ce59e1e8f0be7a20d0442476ad923022ec430bdb5470ee56,ADR-linear-full,0.25,0.41666666666666663,0.16666666666666666,0.08333333333333333,12,,0,0.0,6,,0,0.0,0.0,,,,,,,,,,,,,,,
composed_router,a3e1c487338ecfe4ce59e1e8f0be7a20d0442476ad923022ec430bdb5470ee56,ADR-linear-split,0.25,0.41666666666666663,0.16666666666666666,0.08333333333333333,12,,0,0.0,6,,0,0.0,0.0,,,,,,,,,,,,,,,
composed_router,a3e1c487338ecfe4ce59e1e8f0be7a20d0442476ad923022ec430bdb5470ee56,ADR-tiny-nonlinear-choice,0.3333333333333333,0.49999999999999994,0.16666666666666666,0.08333333333333333,12,,0,0.16666666666666669,6,,0,0.16666666666666669,0.09523809523809525,,,,,,,,,,,,,,,
composed_router,a3e1c487338ecfe4ce59e1e8f0be7a20d0442476ad923022ec430bdb5470ee56,Oracle upper bound diagnostic,0.9166666666666667,0.9166666666666667,0.0,0.49999999999999994,12,,0,1.0,6,,0,1.0,0.3333333333333333,,,,,,,,,,,,,,,
conditional_choice,a3e1c487338ecfe4ce59e1e8f0be7a20d0442476ad923022ec430bdb5470ee56,ADR-linear-full,,,,,6,,,,,,,,,0.5,0.3333333333333333,0.5,,3,3,0,0,"[[0.5, 0.5], [0.0, 0.0]]",,,,,,
conditional_choice,a3e1c487338ecfe4ce59e1e8f0be7a20d0442476ad923022ec430bdb5470ee56,ADR-linear-split,,,,,6,,,,,,,,,0.8333333333333334,0.4545454545454546,0.8333333333333334,,5,1,0,0,"[[0.8333333333333333, 0.16666666666666666], [0.0, 0.0]]",,,,,,
conditional_choice,a3e1c487338ecfe4ce59e1e8f0be7a20d0442476ad923022ec430bdb5470ee56,ADR-tiny-nonlinear-choice,,,,,6,,,,,,,,,0.8333333333333334,0.4545454545454546,0.8333333333333334,,5,1,0,0,"[[0.8333333333333333, 0.16666666666666666], [0.0, 0.0]]",,,,,,
conditional_choice,a3e1c487338ecfe4ce59e1e8f0be7a20d0442476ad923022ec430bdb5470ee56,Fixed-Detour diagnostic,,,,,6,,,,,,,,,1.0,0.5,1.0,,6,0,0,0,"[[0.9999999999999999, 0.0], [0.0, 0.0]]",,,,,,
conditional_choice,a3e1c487338ecfe4ce59e1e8f0be7a20d0442476ad923022ec430bdb5470ee56,Condition-only choice diagnostic,,,,,6,,,,,,,,,0.5,0.3333333333333333,0.5,,3,3,0,0,"[[0.5, 0.5], [0.0, 0.0]]",,,,,,
conditional_choice,a3e1c487338ecfe4ce59e1e8f0be7a20d0442476ad923022ec430bdb5470ee56,Horizon-only choice diagnostic,,,,,6,,,,,,,,,1.0,0.5,1.0,,6,0,0,0,"[[0.9999999999999999, 0.0], [0.0, 0.0]]",,,,,,
benefit_gate,a3e1c487338ecfe4ce59e1e8f0be7a20d0442476ad923022ec430bdb5470ee56,ADR-linear-full,,,,0.08333333333333333,12,,,,,,,,,0.5833333333333334,,,,,,,,,1.0,0.16666666666666669,0.6111111111111113,0.6680916305916307,6,6
benefit_gate,a3e1c487338ecfe4ce59e1e8f0be7a20d0442476ad923022ec430bdb5470ee56,ADR-linear-split,,,,0.08333333333333333,12,,,,,,,,,0.5833333333333334,,,,,,,,,1.0,0.16666666666666669,0.6111111111111113,0.6680916305916307,6,6
benefit_gate,a3e1c487338ecfe4ce59e1e8f0be7a20d0442476ad923022ec430bdb5470ee56,ADR-tiny-nonlinear-choice,,,,0.08333333333333333,12,,,,,,,,,0.5833333333333334,,,,,,,,,1.0,0.16666666666666669,0.6111111111111113,0.6680916305916307,6,6
composed_router,a992f0a563f4b0239708f4be6fa38192e6930b15387567b2d4a16568d4fa5671,Base,0.3333333333333333,0.6666666666666666,0.3333333333333333,0.0,12,1.0,3,,0,,0,,0.3333333333333333,,,,,,,,,,,,,,,
composed_router,a992f0a563f4b0239708f4be6fa38192e6930b15387567b2d4a16568d4fa5671,Always Detour,0.41666666666666663,0.41666666666666663,0.0,1.0,12,0.0,3,,0,,0,,0.0,,,,,,,,,,,,,,,
composed_router,a992f0a563f4b0239708f4be6fa38192e6930b15387567b2d4a16568d4fa5671,Always Retreat,0.0,0.0,0.0,1.0,12,0.0,3,,0,,0,,0.0,,,,,,,,,,,,,,,
composed_router,a992f0a563f4b0239708f4be6fa38192e6930b15387567b2d4a16568d4fa5671,Risk->Retreat,0.08333333333333333,0.08333333333333333,0.0,0.9166666666666667,12,0.0,3,,0,,0,,0.0,,,,,,,,,,,,,,,
composed_router,a992f0a563f4b0239708f4be6fa38192e6930b15387567b2d4a16568d4fa5671,Risk->Detour,0.41666666666666663,0.41666666666666663,0.0,0.9166666666666667,12,0.0,3,,0,,0,,0.0,,,,,,,,,,,,,,,
composed_router,a992f0a563f4b0239708f4be6fa38192e6930b15387567b2d4a16568d4fa5671,Risk->BestFixed,0.41666666666666663,0.41666666666666663,0.0,0.9166666666666667,12,0.0,3,,0,,0,,0.0,,,,,,,,,,,,,,,
composed_router,a992f0a563f4b0239708f4be6fa38192e6930b15387567b2d4a16568d4fa5671,Risk+TwoStage,0.3333333333333333,0.3333333333333333,0.0,0.9166666666666667,12,0.0,3,,0,,0,,0.0,,,,,,,,,,,,,,,
composed_router,a992f0a563f4b0239708f4be6fa38192e6930b15387567b2d4a16568d4fa5671,SB-Risk+TwoStage,0.3333333333333333,0.3333333333333333,0.0,0.9166666666666667,12,0.0,3,,0,,0,,0.0,,,,,,,,,,,,,,,
composed_router,a992f0a563f4b0239708f4be6fa38192e6930b15387567b2d4a16568d4fa5671,DirectChoice,0.49999999999999994,0.49999999999999994,0.0,0.7500000000000001,12,0.3333333333333333,3,,0,,0,,0.16666666666666666,,,,,,,,,,,,,,,
composed_router,a992f0a563f4b0239708f4be6fa38192e6930b15387567b2d4a16568d4fa5671,DirectQ,0.49999999999999994,0.49999999999999994,0.0,0.8333333333333335,12,0.3333333333333333,3,,0,,0,,0.16666666666666666,,,,,,,,,,,,,,,
composed_router,a992f0a563f4b0239708f4be6fa38192e6930b15387567b2d4a16568d4fa5671,SB-DirectQ,0.49999999999999994,0.49999999999999994,0.0,0.8333333333333335,12,0.3333333333333333,3,,0,,0,,0.16666666666666666,,,,,,,,,,,,,,,
composed_router,a992f0a563f4b0239708f4be6fa38192e6930b15387567b2d4a16568d4fa5671,PairwiseAdvantage,0.49999999999999994,0.49999999999999994,0.0,0.8333333333333335,12,0.3333333333333333,3,,0,,0,,0.16666666666666666,,,,,,,,,,,,,,,
composed_router,a992f0a563f4b0239708f4be6fa38192e6930b15387567b2d4a16568d4fa5671,OutcomeRouter,0.41666666666666663,0.49999999999999994,0.08333333333333333,0.75,12,0.3333333333333333,3,,0,,0,,0.16666666666666666,,,,,,,,,,,,,,,
composed_router,a992f0a563f4b0239708f4be6fa38192e6930b15387567b2d4a16568d4fa5671,SB-OutcomeRouter,0.41666666666666663,0.49999999999999994,0.08333333333333333,0.75,12,0.3333333333333333,3,,0,,0,,0.16666666666666666,,,,,,,,,,,,,,,
composed_router,a992f0a563f4b0239708f4be6fa38192e6930b15387567b2d4a16568d4fa5671,SB-COR,0.41666666666666663,0.49999999999999994,0.08333333333333333,0.6666666666666666,12,0.3333333333333333,3,,0,,0,,0.16666666666666666,,,,,,,,,,,,,,,
composed_router,a992f0a563f4b0239708f4be6fa38192e6930b15387567b2d4a16568d4fa5671,OutcomeRouter-hidden-only,0.41666666666666663,0.49999999999999994,0.08333333333333333,0.6666666666666666,12,0.3333333333333333,3,,0,,0,,0.16666666666666666,,,,,,,,,,,,,,,
composed_router,a992f0a563f4b0239708f4be6fa38192e6930b15387567b2d4a16568d4fa5671,OutcomeRouter-state-action-only,0.5833333333333333,0.5833333333333333,0.0,0.6666666666666666,12,0.6666666666666666,3,,0,,0,,0.26666666666666666,,,,,,,,,,,,,,,
composed_router,a992f0a563f4b0239708f4be6fa38192e6930b15387567b2d4a16568d4fa5671,Condition-only diagnostic,0.6666666666666666,0.6666666666666666,0.0,0.3333333333333333,12,1.0,3,,0,,0,,0.3333333333333333,,,,,,,,,,,,,,,
composed_router,a992f0a563f4b0239708f4be6fa38192e6930b15387567b2d4a16568d4fa5671,Horizon-only diagnostic,0.3333333333333333,0.49999999999999994,0.16666666666666666,0.5,12,0.3333333333333333,3,,0,,0,,0.16666666666666666,,,,,,,,,,,,,,,
composed_router,a992f0a563f4b0239708f4be6fa38192e6930b15387567b2d4a16568d4fa5671,ADR-linear-full,0.49999999999999994,0.49999999999999994,0.0,0.9166666666666667,12,0.3333333333333333,3,,0,,0,,0.16666666666666666,,,,,,,,,,,,,,,
composed_router,a992f0a563f4b0239708f4be6fa38192e6930b15387567b2d4a16568d4fa5671,ADR-linear-split,0.49999999999999994,0.49999999999999994,0.0,0.9166666666666667,12,0.3333333333333333,3,,0,,0,,0.16666666666666666,,,,,,,,,,,,,,,
composed_router,a992f0a563f4b0239708f4be6fa38192e6930b15387567b2d4a16568d4fa5671,ADR-tiny-nonlinear-choice,0.49999999999999994,0.49999999999999994,0.0,0.9166666666666667,12,0.3333333333333333,3,,0,,0,,0.16666666666666666,,,,,,,,,,,,,,,
composed_router,a992f0a563f4b0239708f4be6fa38192e6930b15387567b2d4a16568d4fa5671,Oracle upper bound diagnostic,0.6666666666666666,0.6666666666666666,0.0,0.3333333333333333,12,1.0,3,,0,,0,,0.3333333333333333,,,,,,,,,,,,,,,
conditional_choice,a992f0a563f4b0239708f4be6fa38192e6930b15387567b2d4a16568d4fa5671,ADR-linear-full,,,,,0,,,,,,,,,,,,,,,,,,,,,,,
conditional_choice,a992f0a563f4b0239708f4be6fa38192e6930b15387567b2d4a16568d4fa5671,ADR-linear-split,,,,,0,,,,,,,,,,,,,,,,,,,,,,,
conditional_choice,a992f0a563f4b0239708f4be6fa38192e6930b15387567b2d4a16568d4fa5671,ADR-tiny-nonlinear-choice,,,,,0,,,,,,,,,,,,,,,,,,,,,,,
conditional_choice,a992f0a563f4b0239708f4be6fa38192e6930b15387567b2d4a16568d4fa5671,Fixed-Detour diagnostic,,,,,0,,,,,,,,,,,,,,,,,,,,,,,
conditional_choice,a992f0a563f4b0239708f4be6fa38192e6930b15387567b2d4a16568d4fa5671,Condition-only choice diagnostic,,,,,0,,,,,,,,,,,,,,,,,,,,,,,
conditional_choice,a992f0a563f4b0239708f4be6fa38192e6930b15387567b2d4a16568d4fa5671,Horizon-only choice diagnostic,,,,,0,,,,,,,,,,,,,,,,,,,,,,,
benefit_gate,a992f0a563f4b0239708f4be6fa38192e6930b15387567b2d4a16568d4fa5671,ADR-linear-full,,,,0.9166666666666667,12,,,,,,,,,0.5625,,,,,,,,,0.125,1.0,0.71875,0.6666666666666666,8,4
benefit_gate,a992f0a563f4b0239708f4be6fa38192e6930b15387567b2d4a16568d4fa5671,ADR-linear-split,,,,0.9166666666666667,12,,,,,,,,,0.5625,,,,,,,,,0.125,1.0,0.71875,0.6666666666666666,8,4
benefit_gate,a992f0a563f4b0239708f4be6fa38192e6930b15387567b2d4a16568d4fa5671,ADR-tiny-nonlinear-choice,,,,0.9166666666666667,12,,,,,,,,,0.5625,,,,,,,,,0.125,1.0,0.71875,0.6666666666666666,8,4
composed_router,b830bede73f505b84b88a6596e92c22a5a4c0ded1e275e8e5b28a599849d2df6,Base,0.33333333333333337,0.6333333333333333,0.3,0.0,30,1.0,7,0.0,1,0.0,6,0.0,0.22222222222222224,,,,,,,,,,,,,,,
composed_router,b830bede73f505b84b88a6596e92c22a5a4c0ded1e275e8e5b28a599849d2df6,Always Detour,0.23333333333333334,0.43333333333333335,0.19999999999999998,1.0,30,0.0,7,1.0,1,0.0,6,0.5,0.04444444444444445,,,,,,,,,,,,,,,
composed_router,b830bede73f505b84b88a6596e92c22a5a4c0ded1e275e8e5b28a599849d2df6,Always Retreat,-0.03333333333333333,0.0,0.03333333333333333,1.0,30,0.0,7,0.0,1,1.0,6,0.5,0.19999999999999998,,,,,,,,,,,,,,,
composed_router,b830bede73f505b84b88a6596e92c22a5a4c0ded1e275e8e5b28a599849d2df6,Risk->Retreat,0.4,0.6333333333333333,0.23333333333333334,0.1,30,1.0,7,0.0,1,0.33333333333333337,6,0.16666666666666669,0.41228070175438597,,,,,,,,,,,,,,,
composed_router,b830bede73f505b84b88a6596e92c22a5a4c0ded1e275e8e5b28a599849d2df6,Risk->Detour,0.33333333333333337,0.6333333333333333,0.3,0.1,30,1.0,7,0.0,1,0.0,6,0.0,0.2456140350877193,,,,,,,,,,,,,,,
composed_router,b830bede73f505b84b88a6596e92c22a5a4c0ded1e275e8e5b28a599849d2df6,Risk->BestFixed,0.33333333333333337,0.6333333333333333,0.3,0.1,30,1.0,7,0.0,1,0.0,6,0.0,0.2456140350877193,,,,,,,,,,,,,,,
composed_router,b830bede73f505b84b88a6596e92c22a5a4c0ded1e275e8e5b28a599849d2df6,Risk+TwoStage,0.4,0.6333333333333333,0.23333333333333334,0.1,30,1.0,7,0.0,1,0.33333333333333337,6,0.16666666666666669,0.41228070175438597,,,,,,,,,,,,,,,
composed_router,b830bede73f505b84b88a6596e92c22a5a4c0ded1e275e8e5b28a599849d2df6,SB-Risk+TwoStage,0.4,0.6333333333333333,0.23333333333333334,0.1,30,1.0,7,0.0,1,0.33333333333333337,6,0.16666666666666669,0.41228070175438597,,,,,,,,,,,,,,,
composed_router,b830bede73f505b84b88a6596e92c22a5a4c0ded1e275e8e5b28a599849d2df6,DirectChoice,0.4,0.6,0.19999999999999998,0.3,30,0.8571428571428572,7,0.0,1,0.33333333333333337,6,0.16666666666666669,0.4523809523809524,,,,,,,,,,,,,,,
composed_router,b830bede73f505b84b88a6596e92c22a5a4c0ded1e275e8e5b28a599849d2df6,DirectQ,0.4666666666666667,0.6666666666666666,0.19999999999999998,0.26666666666666666,30,1.0,7,1.0,1,0.33333333333333337,6,0.6666666666666667,0.6633986928104575,,,,,,,,,,,,,,,
composed_router,b830bede73f505b84b88a6596e92c22a5a4c0ded1e275e8e5b28a599849d2df6,SB-DirectQ,0.43333333333333335,0.6666666666666666,0.23333333333333334,0.19999999999999998,30,1.0,7,1.0,1,0.33333333333333337,6,0.6666666666666667,0.6633986928104575,,,,,,,,,,,,,,,
composed_router,b830bede73f505b84b88a6596e92c22a5a4c0ded1e275e8e5b28a599849d2df6,PairwiseAdvantage,0.4666666666666667,0.6666666666666666,0.19999999999999998,0.26666666666666666,30,1.0,7,1.0,1,0.33333333333333337,6,0.6666666666666667,0.6633986928104575,,,,,,,,,,,,,,,
composed_router,b830bede73f505b84b88a6596e92c22a5a4c0ded1e275e8e5b28a599849d2df6,OutcomeRouter,0.43333333333333335,0.6333333333333333,0.19999999999999998,0.2,30,1.0,7,0.0,1,0.33333333333333337,6,0.16666666666666669,0.4259259259259259,,,,,,,,,,,,,,,
composed_router,b830bede73f505b84b88a6596e92c22a5a4c0ded1e275e8e5b28a599849d2df6,SB-OutcomeRouter,0.4,0.6,0.19999999999999998,0.26666666666666666,30,0.8571428571428572,7,0.0,1,0.33333333333333337,6,0.16666666666666669,0.40196078431372545,,,,,,,,,,,,,,,
composed_router,b830bede73f505b84b88a6596e92c22a5a4c0ded1e275e8e5b28a599849d2df6,SB-COR,0.4666666666666667,0.6333333333333333,0.16666666666666666,0.23333333333333334,30,1.0,7,0.0,1,0.33333333333333337,6,0.16666666666666669,0.4259259259259259,,,,,,,,,,,,,,,
composed_router,b830bede73f505b84b88a6596e92c22a5a4c0ded1e275e8e5b28a599849d2df6,OutcomeRouter-hidden-only,0.43333333333333335,0.5666666666666667,0.13333333333333333,0.6,30,0.5714285714285715,7,1.0,1,0.33333333333333337,6,0.6666666666666667,0.48316498316498313,,,,,,,,,,,,,,,
composed_router,b830bede73f505b84b88a6596e92c22a5a4c0ded1e275e8e5b28a599849d2df6,OutcomeRouter-state-action-only,0.3666666666666667,0.6,0.23333333333333334,0.4666666666666667,30,0.7142857142857143,7,1.0,1,0.0,6,0.5,0.3294117647058824,,,,,,,,,,,,,,,
composed_router,b830bede73f505b84b88a6596e92c22a5a4c0ded1e275e8e5b28a599849d2df6,Condition-only diagnostic,0.43333333333333335,0.6333333333333333,0.19999999999999998,0.3333333333333333,30,1.0,7,0.0,1,0.0,6,0.0,0.3111111111111111,,,,,,,,,,,,,,,
composed_router,b830bede73f505b84b88a6596e92c22a5a4c0ded1e275e8e5b28a599849d2df6,Horizon-only diagnostic,0.3,0.5333333333333333,0.23333333333333334,0.6,30,0.5714285714285715,7,0.0,1,0.0,6,0.0,0.19047619047619047,,,,,,,,,,,,,,,
composed_router,b830bede73f505b84b88a6596e92c22a5a4c0ded1e275e8e5b28a599849d2df6,ADR-linear-full,0.3666666666666667,0.6,0.23333333333333334,0.36666666666666664,30,0.7142857142857143,7,1.0,1,0.33333333333333337,6,0.6666666666666667,0.5277777777777778,,,,,,,,,,,,,,,
composed_router,b830bede73f505b84b88a6596e92c22a5a4c0ded1e275e8e5b28a599849d2df6,ADR-linear-split,0.33333333333333337,0.6,0.26666666666666666,0.36666666666666664,30,0.7142857142857143,7,1.0,1,0.16666666666666669,6,0.5833333333333334,0.44708994708994715,,,,,,,,,,,,,,,
composed_router,b830bede73f505b84b88a6596e92c22a5a4c0ded1e275e8e5b28a599849d2df6,ADR-tiny-nonlinear-choice,0.3666666666666667,0.6,0.23333333333333334,0.36666666666666664,30,0.7142857142857143,7,1.0,1,0.33333333333333337,6,0.6666666666666667,0.5211640211640212,,,,,,,,,,,,,,,
composed_router,b830bede73f505b84b88a6596e92c22a5a4c0ded1e275e8e5b28a599849d2df6,Oracle upper bound diagnostic,0.6666666666666666,0.6666666666666666,0.0,0.3333333333333333,30,1.0,7,1.0,1,1.0,6,1.0,1.0,,,,,,,,,,,,,,,
conditional_choice,b830bede73f505b84b88a6596e92c22a5a4c0ded1e275e8e5b28a599849d2df6,ADR-linear-full,,,,,7,,,,,,,,,0.6666666666666666,0.41666666666666663,1.0,0.3333333333333333,1,0,4,2,"[[0.14285714285714285, 0.0], [0.5714285714285714, 0.2857142857142857]]",,,,,,
conditional_choice,b830bede73f505b84b88a6596e92c22a5a4c0ded1e275e8e5b28a599849d2df6,ADR-linear-split,,,,,7,,,,,,,,,0.5833333333333334,0.28571428571428575,1.0,0.16666666666666669,1,0,5,1,"[[0.14285714285714285, 0.0], [0.7142857142857142, 0.14285714285714285]]",,,,,,
conditional_choice,b830bede73f505b84b88a6596e92c22a5a4c0ded1e275e8e5b28a599849d2df6,ADR-tiny-nonlinear-choice,,,,,7,,,,,,,,,0.6666666666666666,0.41666666666666663,1.0,0.3333333333333333,1,0,4,2,"[[0.14285714285714285, 0.0], [0.5714285714285714, 0.2857142857142857]]",,,,,,
conditional_choice,b830bede73f505b84b88a6596e92c22a5a4c0ded1e275e8e5b28a599849d2df6,Fixed-Detour diagnostic,,,,,7,,,,,,,,,0.5,0.125,1.0,0.0,1,0,6,0,"[[0.14285714285714285, 0.0], [0.857142857142857, 0.0]]",,,,,,
conditional_choice,b830bede73f505b84b88a6596e92c22a5a4c0ded1e275e8e5b28a599849d2df6,Condition-only choice diagnostic,,,,,7,,,,,,,,,0.5,0.125,1.0,0.0,1,0,6,0,"[[0.14285714285714285, 0.0], [0.857142857142857, 0.0]]",,,,,,
conditional_choice,b830bede73f505b84b88a6596e92c22a5a4c0ded1e275e8e5b28a599849d2df6,Horizon-only choice diagnostic,,,,,7,,,,,,,,,0.5,0.125,1.0,0.0,1,0,6,0,"[[0.14285714285714285, 0.0], [0.857142857142857, 0.0]]",,,,,,
benefit_gate,b830bede73f505b84b88a6596e92c22a5a4c0ded1e275e8e5b28a599849d2df6,ADR-linear-full,,,,0.36666666666666664,30,,,,,,,,,0.75,,,,,,,,,0.8,0.7,0.8250000000000001,0.7632142857142857,20,10
benefit_gate,b830bede73f505b84b88a6596e92c22a5a4c0ded1e275e8e5b28a599849d2df6,ADR-linear-split,,,,0.36666666666666664,30,,,,,,,,,0.75,,,,,,,,,0.8,0.7,0.8250000000000001,0.7632142857142857,20,10
benefit_gate,b830bede73f505b84b88a6596e92c22a5a4c0ded1e275e8e5b28a599849d2df6,ADR-tiny-nonlinear-choice,,,,0.36666666666666664,30,,,,,,,,,0.75,,,,,,,,,0.8,0.7,0.8250000000000001,0.7632142857142857,20,10
composed_router,c8fa274849bf4beeb7c46b93a7de7a6242e5af2e9c83a395e8d0db16da5e81d8,Base,0.2666666666666667,0.6000000000000001,0.33333333333333337,0.0,15,1.0,4,0.0,1,0.0,2,0.0,0.24242424242424243,,,,,,,,,,,,,,,
composed_router,c8fa274849bf4beeb7c46b93a7de7a6242e5af2e9c83a395e8d0db16da5e81d8,Always Detour,0.20000000000000004,0.33333333333333337,0.13333333333333336,1.0,15,0.0,4,1.0,1,0.0,2,0.5,0.08333333333333333,,,,,,,,,,,,,,,
composed_router,c8fa274849bf4beeb7c46b93a7de7a6242e5af2e9c83a395e8d0db16da5e81d8,Always Retreat,-0.06666666666666668,0.0,0.06666666666666668,1.0,15,0.0,4,0.0,1,1.0,2,0.5,0.14814814814814817,,,,,,,,,,,,,,,
composed_router,c8fa274849bf4beeb7c46b93a7de7a6242e5af2e9c83a395e8d0db16da5e81d8,Risk->Retreat,0.2666666666666667,0.5333333333333334,0.2666666666666667,0.13333333333333336,15,0.75,4,0.0,1,0.5,2,0.25,0.3888888888888889,,,,,,,,,,,,,,,
composed_router,c8fa274849bf4beeb7c46b93a7de7a6242e5af2e9c83a395e8d0db16da5e81d8,Risk->Detour,0.13333333333333336,0.46666666666666673,0.33333333333333337,0.20000000000000004,15,0.5,4,0.0,1,0.0,2,0.0,0.16666666666666666,,,,,,,,,,,,,,,
composed_router,c8fa274849bf4beeb7c46b93a7de7a6242e5af2e9c83a395e8d0db16da5e81d8,Risk->BestFixed,0.2666666666666667,0.5333333333333334,0.2666666666666667,0.13333333333333336,15,0.75,4,0.0,1,0.5,2,0.25,0.3888888888888889,,,,,,,,,,,,,,,
composed_router,c8fa274849bf4beeb7c46b93a7de7a6242e5af2e9c83a395e8d0db16da5e81d8,Risk+TwoStage,0.13333333333333336,0.46666666666666673,0.33333333333333337,0.20000000000000004,15,0.5,4,0.0,1,0.0,2,0.0,0.16666666666666666,,,,,,,,,,,,,,,
composed_router,c8fa274849bf4beeb7c46b93a7de7a6242e5af2e9c83a395e8d0db16da5e81d8,SB-Risk+TwoStage,0.13333333333333336,0.46666666666666673,0.33333333333333337,0.20000000000000004,15,0.5,4,0.0,1,0.0,2,0.0,0.16666666666666666,,,,,,,,,,,,,,,
composed_router,c8fa274849bf4beeb7c46b93a7de7a6242e5af2e9c83a395e8d0db16da5e81d8,DirectChoice,0.20000000000000004,0.46666666666666673,0.2666666666666667,0.5333333333333334,15,0.5,4,0.0,1,0.0,2,0.0,0.1904761904761905,,,,,,,,,,,,,,,
composed_router,c8fa274849bf4beeb7c46b93a7de7a6242e5af2e9c83a395e8d0db16da5e81d8,DirectQ,0.2666666666666667,0.6000000000000001,0.33333333333333337,0.06666666666666668,15,1.0,4,0.0,1,0.0,2,0.0,0.26666666666666666,,,,,,,,,,,,,,,
composed_router,c8fa274849bf4beeb7c46b93a7de7a6242e5af2e9c83a395e8d0db16da5e81d8,SB-DirectQ,0.20000000000000004,0.5333333333333334,0.33333333333333337,0.13333333333333336,15,0.75,4,0.0,1,0.0,2,0.0,0.22222222222222224,,,,,,,,,,,,,,,
composed_router,c8fa274849bf4beeb7c46b93a7de7a6242e5af2e9c83a395e8d0db16da5e81d8,PairwiseAdvantage,0.2666666666666667,0.6000000000000001,0.33333333333333337,0.06666666666666668,15,1.0,4,0.0,1,0.0,2,0.0,0.26666666666666666,,,,,,,,,,,,,,,
composed_router,c8fa274849bf4beeb7c46b93a7de7a6242e5af2e9c83a395e8d0db16da5e81d8,OutcomeRouter,0.20000000000000004,0.4,0.20000000000000004,0.6666666666666667,15,0.25,4,0.0,1,0.0,2,0.0,0.1111111111111111,,,,,,,,,,,,,,,
composed_router,c8fa274849bf4beeb7c46b93a7de7a6242e5af2e9c83a395e8d0db16da5e81d8,SB-OutcomeRouter,0.2666666666666667,0.46666666666666673,0.20000000000000004,0.4666666666666667,15,0.5,4,0.0,1,0.0,2,0.0,0.1904761904761905,,,,,,,,,,,,,,,
composed_router,c8fa274849bf4beeb7c46b93a7de7a6242e5af2e9c83a395e8d0db16da5e81d8,SB-COR,0.13333333333333336,0.33333333333333337,0.20000000000000004,0.7333333333333334,15,0.0,4,0.0,1,0.0,2,0.0,0.0,,,,,,,,,,,,,,,
composed_router,c8fa274849bf4beeb7c46b93a7de7a6242e5af2e9c83a395e8d0db16da5e81d8,OutcomeRouter-hidden-only,0.2666666666666667,0.5333333333333334,0.2666666666666667,0.20000000000000004,15,0.75,4,0.0,1,0.0,2,0.0,0.22222222222222224,,,,,,,,,,,,,,,
composed_router,c8fa274849bf4beeb7c46b93a7de7a6242e5af2e9c83a395e8d0db16da5e81d8,OutcomeRouter-state-action-only,0.2666666666666667,0.6000000000000001,0.33333333333333337,0.0,15,1.0,4,0.0,1,0.0,2,0.0,0.24242424242424243,,,,,,,,,,,,,,,
composed_router,c8fa274849bf4beeb7c46b93a7de7a6242e5af2e9c83a395e8d0db16da5e81d8,Condition-only diagnostic,0.4666666666666667,0.6000000000000001,0.13333333333333336,0.33333333333333337,15,1.0,4,1.0,1,0.0,2,0.5,0.5,,,,,,,,,,,,,,,
composed_router,c8fa274849bf4beeb7c46b93a7de7a6242e5af2e9c83a395e8d0db16da5e81d8,Horizon-only diagnostic,0.2666666666666667,0.6000000000000001,0.33333333333333337,0.0,15,1.0,4,0.0,1,0.0,2,0.0,0.24242424242424243,,,,,,,,,,,,,,,
composed_router,c8fa274849bf4beeb7c46b93a7de7a6242e5af2e9c83a395e8d0db16da5e81d8,ADR-linear-full,0.2666666666666667,0.6000000000000001,0.33333333333333337,0.13333333333333336,15,1.0,4,0.0,1,0.0,2,0.0,0.29629629629629634,,,,,,,,,,,,,,,
composed_router,c8fa274849bf4beeb7c46b93a7de7a6242e5af2e9c83a395e8d0db16da5e81d8,ADR-linear-split,0.20000000000000004,0.33333333333333337,0.13333333333333336,0.9333333333333333,15,0.0,4,1.0,1,0.0,2,0.5,0.08333333333333333,,,,,,,,,,,,,,,
composed_router,c8fa274849bf4beeb7c46b93a7de7a6242e5af2e9c83a395e8d0db16da5e81d8,ADR-tiny-nonlinear-choice,0.33333333333333337,0.6000000000000001,0.2666666666666667,0.13333333333333336,15,1.0,4,0.0,1,0.5,2,0.25,0.5185185185185185,,,,,,,,,,,,,,,
composed_router,c8fa274849bf4beeb7c46b93a7de7a6242e5af2e9c83a395e8d0db16da5e81d8,Oracle upper bound diagnostic,0.6000000000000001,0.6000000000000001,0.0,0.33333333333333337,15,1.0,4,1.0,1,1.0,2,1.0,1.0,,,,,,,,,,,,,,,
conditional_choice,c8fa274849bf4beeb7c46b93a7de7a6242e5af2e9c83a395e8d0db16da5e81d8,ADR-linear-full,,,,,3,,,,,,,,,0.5,0.24999999999999997,1.0,0.0,1,0,2,0,"[[0.3333333333333333, 0.0], [0.6666666666666666, 0.0]]",,,,,,
conditional_choice,c8fa274849bf4beeb7c46b93a7de7a6242e5af2e9c83a395e8d0db16da5e81d8,ADR-linear-split,,,,,3,,,,,,,,,0.5,0.24999999999999997,1.0,0.0,1,0,2,0,"[[0.3333333333333333, 0.0], [0.6666666666666666, 0.0]]",,,,,,
conditional_choice,c8fa274849bf4beeb7c46b93a7de7a6242e5af2e9c83a395e8d0db16da5e81d8,ADR-tiny-nonlinear-choice,,,,,3,,,,,,,,,0.75,0.6666666666666666,1.0,0.5,1,0,1,1,"[[0.3333333333333333, 0.0], [0.3333333333333333, 0.3333333333333333]]",,,,,,
conditional_choice,c8fa274849bf4beeb7c46b93a7de7a6242e5af2e9c83a395e8d0db16da5e81d8,Fixed-Detour diagnostic,,,,,3,,,,,,,,,0.5,0.24999999999999997,1.0,0.0,1,0,2,0,"[[0.3333333333333333, 0.0], [0.6666666666666666, 0.0]]",,,,,,
conditional_choice,c8fa274849bf4beeb7c46b93a7de7a6242e5af2e9c83a395e8d0db16da5e81d8,Condition-only choice diagnostic,,,,,3,,,,,,,,,0.5,0.24999999999999997,1.0,0.0,1,0,2,0,"[[0.3333333333333333, 0.0], [0.6666666666666666, 0.0]]",,,,,,
conditional_choice,c8fa274849bf4beeb7c46b93a7de7a6242e5af2e9c83a395e8d0db16da5e81d8,Horizon-only choice diagnostic,,,,,3,,,,,,,,,0.5,0.24999999999999997,1.0,0.0,1,0,2,0,"[[0.3333333333333333, 0.0], [0.6666666666666666, 0.0]]",,,,,,
benefit_gate,c8fa274849bf4beeb7c46b93a7de7a6242e5af2e9c83a395e8d0db16da5e81d8,ADR-linear-full,,,,0.13333333333333336,15,,,,,,,,,0.7,,,,,,,,,1.0,0.4,0.7400000000000001,0.7209090909090909,10,5
benefit_gate,c8fa274849bf4beeb7c46b93a7de7a6242e5af2e9c83a395e8d0db16da5e81d8,ADR-linear-split,,,,0.9333333333333333,15,,,,,,,,,0.55,,,,,,,,,0.1,1.0,0.7400000000000001,0.7209090909090909,10,5
benefit_gate,c8fa274849bf4beeb7c46b93a7de7a6242e5af2e9c83a395e8d0db16da5e81d8,ADR-tiny-nonlinear-choice,,,,0.13333333333333336,15,,,,,,,,,0.7,,,,,,,,,1.0,0.4,0.7400000000000001,0.7209090909090909,10,5
composed_router,d6796d48077a08484abd1252e6deb387d8b6a10bf445e66c4e6eaa0bde0f7818,Base,-1.0,0.0,1.0,0.0,5,,0,0.0,4,,0,0.0,0.0,,,,,,,,,,,,,,,
composed_router,d6796d48077a08484abd1252e6deb387d8b6a10bf445e66c4e6eaa0bde0f7818,Always Detour,0.2,0.4,0.2,1.0,5,,0,1.0,4,,0,1.0,0.3333333333333333,,,,,,,,,,,,,,,
composed_router,d6796d48077a08484abd1252e6deb387d8b6a10bf445e66c4e6eaa0bde0f7818,Always Retreat,-1.0,0.0,1.0,1.0,5,,0,0.0,4,,0,0.0,0.0,,,,,,,,,,,,,,,
composed_router,d6796d48077a08484abd1252e6deb387d8b6a10bf445e66c4e6eaa0bde0f7818,Risk->Retreat,-1.0,0.0,1.0,1.0,5,,0,0.0,4,,0,0.0,0.0,,,,,,,,,,,,,,,
composed_router,d6796d48077a08484abd1252e6deb387d8b6a10bf445e66c4e6eaa0bde0f7818,Risk->Detour,0.2,0.4,0.2,1.0,5,,0,1.0,4,,0,1.0,0.3333333333333333,,,,,,,,,,,,,,,
composed_router,d6796d48077a08484abd1252e6deb387d8b6a10bf445e66c4e6eaa0bde0f7818,Risk->BestFixed,0.2,0.4,0.2,1.0,5,,0,1.0,4,,0,1.0,0.3333333333333333,,,,,,,,,,,,,,,
composed_router,d6796d48077a08484abd1252e6deb387d8b6a10bf445e66c4e6eaa0bde0f7818,Risk+TwoStage,0.2,0.4,0.2,1.0,5,,0,1.0,4,,0,1.0,0.3333333333333333,,,,,,,,,,,,,,,
composed_router,d6796d48077a08484abd1252e6deb387d8b6a10bf445e66c4e6eaa0bde0f7818,SB-Risk+TwoStage,0.2,0.4,0.2,1.0,5,,0,1.0,4,,0,1.0,0.3333333333333333,,,,,,,,,,,,,,,
composed_router,d6796d48077a08484abd1252e6deb387d8b6a10bf445e66c4e6eaa0bde0f7818,DirectChoice,-0.6000000000000001,0.2,0.8,0.2,5,,0,0.25,4,,0,0.25,0.13333333333333333,,,,,,,,,,,,,,,
composed_router,d6796d48077a08484abd1252e6deb387d8b6a10bf445e66c4e6eaa0bde0f7818,DirectQ,-1.0,0.0,1.0,0.0,5,,0,0.0,4,,0,0.0,0.0,,,,,,,,,,,,,,,
composed_router,d6796d48077a08484abd1252e6deb387d8b6a10bf445e66c4e6eaa0bde0f7818,SB-DirectQ,-1.0,0.0,1.0,0.0,5,,0,0.0,4,,0,0.0,0.0,,,,,,,,,,,,,,,
composed_router,d6796d48077a08484abd1252e6deb387d8b6a10bf445e66c4e6eaa0bde0f7818,PairwiseAdvantage,-1.0,0.0,1.0,0.0,5,,0,0.0,4,,0,0.0,0.0,,,,,,,,,,,,,,,
composed_router,d6796d48077a08484abd1252e6deb387d8b6a10bf445e66c4e6eaa0bde0f7818,OutcomeRouter,0.2,0.4,0.2,1.0,5,,0,1.0,4,,0,1.0,0.3333333333333333,,,,,,,,,,,,,,,
composed_router,d6796d48077a08484abd1252e6deb387d8b6a10bf445e66c4e6eaa0bde0f7818,SB-OutcomeRouter,-0.4,0.2,0.6000000000000001,0.6000000000000001,5,,0,0.5,4,,0,0.5,0.2222222222222222,,,,,,,,,,,,,,,
composed_router,d6796d48077a08484abd1252e6deb387d8b6a10bf445e66c4e6eaa0bde0f7818,SB-COR,-0.4,0.2,0.6000000000000001,0.6000000000000001,5,,0,0.5,4,,0,0.5,0.2222222222222222,,,,,,,,,,,,,,,
composed_router,d6796d48077a08484abd1252e6deb387d8b6a10bf445e66c4e6eaa0bde0f7818,OutcomeRouter-hidden-only,-0.4,0.2,0.6000000000000001,0.4,5,,0,0.5,4,,0,0.5,0.2222222222222222,,,,,,,,,,,,,,,
composed_router,d6796d48077a08484abd1252e6deb387d8b6a10bf445e66c4e6eaa0bde0f7818,OutcomeRouter-state-action-only,0.2,0.4,0.2,1.0,5,,0,1.0,4,,0,1.0,0.3333333333333333,,,,,,,,,,,,,,,
composed_router,d6796d48077a08484abd1252e6deb387d8b6a10bf445e66c4e6eaa0bde0f7818,Condition-only diagnostic,-1.0,0.0,1.0,1.0,5,,0,0.0,4,,0,0.0,0.0,,,,,,,,,,,,,,,
composed_router,d6796d48077a08484abd1252e6deb387d8b6a10bf445e66c4e6eaa0bde0f7818,Horizon-only diagnostic,-0.4,0.2,0.6000000000000001,0.4,5,,0,0.5,4,,0,0.5,0.2222222222222222,,,,,,,,,,,,,,,
composed_router,d6796d48077a08484abd1252e6deb387d8b6a10bf445e66c4e6eaa0bde0f7818,ADR-linear-full,-0.8,0.0,0.8,0.2,5,,0,0.25,4,,0,0.25,0.13333333333333333,,,,,,,,,,,,,,,
composed_router,d6796d48077a08484abd1252e6deb387d8b6a10bf445e66c4e6eaa0bde0f7818,ADR-linear-split,-0.8,0.0,0.8,0.2,5,,0,0.25,4,,0,0.25,0.13333333333333333,,,,,,,,,,,,,,,
composed_router,d6796d48077a08484abd1252e6deb387d8b6a10bf445e66c4e6eaa0bde0f7818,ADR-tiny-nonlinear-choice,-0.8,0.0,0.8,0.2,5,,0,0.25,4,,0,0.25,0.13333333333333333,,,,,,,,,,,,,,,
composed_router,d6796d48077a08484abd1252e6deb387d8b6a10bf445e66c4e6eaa0bde0f7818,Oracle upper bound diagnostic,0.2,0.4,0.2,0.8,5,,0,1.0,4,,0,1.0,0.3333333333333333,,,,,,,,,,,,,,,
conditional_choice,d6796d48077a08484abd1252e6deb387d8b6a10bf445e66c4e6eaa0bde0f7818,ADR-linear-full,,,,,4,,,,,,,,,1.0,0.5,1.0,,4,0,0,0,"[[1.0, 0.0], [0.0, 0.0]]",,,,,,
conditional_choice,d6796d48077a08484abd1252e6deb387d8b6a10bf445e66c4e6eaa0bde0f7818,ADR-linear-split,,,,,4,,,,,,,,,1.0,0.5,1.0,,4,0,0,0,"[[1.0, 0.0], [0.0, 0.0]]",,,,,,
conditional_choice,d6796d48077a08484abd1252e6deb387d8b6a10bf445e66c4e6eaa0bde0f7818,ADR-tiny-nonlinear-choice,,,,,4,,,,,,,,,0.75,0.42857142857142855,0.75,,3,1,0,0,"[[0.75, 0.25], [0.0, 0.0]]",,,,,,
conditional_choice,d6796d48077a08484abd1252e6deb387d8b6a10bf445e66c4e6eaa0bde0f7818,Fixed-Detour diagnostic,,,,,4,,,,,,,,,1.0,0.5,1.0,,4,0,0,0,"[[1.0, 0.0], [0.0, 0.0]]",,,,,,
conditional_choice,d6796d48077a08484abd1252e6deb387d8b6a10bf445e66c4e6eaa0bde0f7818,Condition-only choice diagnostic,,,,,4,,,,,,,,,0.0,0.0,0.0,,0,4,0,0,"[[0.0, 1.0], [0.0, 0.0]]",,,,,,
conditional_choice,d6796d48077a08484abd1252e6deb387d8b6a10bf445e66c4e6eaa0bde0f7818,Horizon-only choice diagnostic,,,,,4,,,,,,,,,1.0,0.5,1.0,,4,0,0,0,"[[1.0, 0.0], [0.0, 0.0]]",,,,,,
benefit_gate,d6796d48077a08484abd1252e6deb387d8b6a10bf445e66c4e6eaa0bde0f7818,ADR-linear-full,,,,0.2,5,,,,,,,,,0.625,,,,,,,,,1.0,0.25,0.75,0.9500000000000001,1,4
benefit_gate,d6796d48077a08484abd1252e6deb387d8b6a10bf445e66c4e6eaa0bde0f7818,ADR-linear-split,,,,0.2,5,,,,,,,,,0.625,,,,,,,,,1.0,0.25,0.75,0.9500000000000001,1,4
benefit_gate,d6796d48077a08484abd1252e6deb387d8b6a10bf445e66c4e6eaa0bde0f7818,ADR-tiny-nonlinear-choice,,,,0.2,5,,,,,,,,,0.625,,,,,,,,,1.0,0.25,0.75,0.9500000000000001,1,4
composed_router,ddd84e646ab0cdd38c0f283802f28ac361a412492f3872c7f489b95bb55d53af,Base,0.33333333333333337,0.46666666666666673,0.13333333333333336,0.0,15,1.0,3,,0,,0,,0.3333333333333333,,,,,,,,,,,,,,,
composed_router,ddd84e646ab0cdd38c0f283802f28ac361a412492f3872c7f489b95bb55d53af,Always Detour,0.20000000000000004,0.2666666666666667,0.06666666666666668,1.0,15,0.0,3,,0,,0,,0.0,,,,,,,,,,,,,,,
composed_router,ddd84e646ab0cdd38c0f283802f28ac361a412492f3872c7f489b95bb55d53af,Always Retreat,-0.06666666666666668,0.0,0.06666666666666668,1.0,15,0.0,3,,0,,0,,0.0,,,,,,,,,,,,,,,
composed_router,ddd84e646ab0cdd38c0f283802f28ac361a412492f3872c7f489b95bb55d53af,Risk->Retreat,0.20000000000000004,0.33333333333333337,0.13333333333333336,0.13333333333333336,15,0.6666666666666666,3,,0,,0,,0.26666666666666666,,,,,,,,,,,,,,,
composed_router,ddd84e646ab0cdd38c0f283802f28ac361a412492f3872c7f489b95bb55d53af,Risk->Detour,0.2666666666666667,0.4,0.13333333333333336,0.13333333333333336,15,0.6666666666666666,3,,0,,0,,0.26666666666666666,,,,,,,,,,,,,,,
composed_router,ddd84e646ab0cdd38c0f283802f28ac361a412492f3872c7f489b95bb55d53af,Risk->BestFixed,0.2666666666666667,0.4,0.13333333333333336,0.13333333333333336,15,0.6666666666666666,3,,0,,0,,0.26666666666666666,,,,,,,,,,,,,,,
composed_router,ddd84e646ab0cdd38c0f283802f28ac361a412492f3872c7f489b95bb55d53af,Risk+TwoStage,0.2666666666666667,0.4,0.13333333333333336,0.13333333333333336,15,0.6666666666666666,3,,0,,0,,0.26666666666666666,,,,,,,,,,,,,,,
composed_router,ddd84e646ab0cdd38c0f283802f28ac361a412492f3872c7f489b95bb55d53af,SB-Risk+TwoStage,0.2666666666666667,0.4,0.13333333333333336,0.13333333333333336,15,0.6666666666666666,3,,0,,0,,0.26666666666666666,,,,,,,,,,,,,,,
composed_router,ddd84e646ab0cdd38c0f283802f28ac361a412492f3872c7f489b95bb55d53af,DirectChoice,0.33333333333333337,0.46666666666666673,0.13333333333333336,0.0,15,1.0,3,,0,,0,,0.3333333333333333,,,,,,,,,,,,,,,
composed_router,ddd84e646ab0cdd38c0f283802f28ac361a412492f3872c7f489b95bb55d53af,DirectQ,0.20000000000000004,0.33333333333333337,0.13333333333333336,0.13333333333333336,15,0.6666666666666666,3,,0,,0,,0.26666666666666666,,,,,,,,,,,,,,,
composed_router,ddd84e646ab0cdd38c0f283802f28ac361a412492f3872c7f489b95bb55d53af,SB-DirectQ,0.20000000000000004,0.33333333333333337,0.13333333333333336,0.13333333333333336,15,0.6666666666666666,3,,0,,0,,0.26666666666666666,,,,,,,,,,,,,,,
composed_router,ddd84e646ab0cdd38c0f283802f28ac361a412492f3872c7f489b95bb55d53af,PairwiseAdvantage,0.20000000000000004,0.33333333333333337,0.13333333333333336,0.13333333333333336,15,0.6666666666666666,3,,0,,0,,0.26666666666666666,,,,,,,,,,,,,,,
composed_router,ddd84e646ab0cdd38c0f283802f28ac361a412492f3872c7f489b95bb55d53af,OutcomeRouter,0.20000000000000004,0.33333333333333337,0.13333333333333336,0.20000000000000004,15,0.3333333333333333,3,,0,,0,,0.16666666666666666,,,,,,,,,,,,,,,
composed_router,ddd84e646ab0cdd38c0f283802f28ac361a412492f3872c7f489b95bb55d53af,SB-OutcomeRouter,0.33333333333333337,0.46666666666666673,0.13333333333333336,0.06666666666666668,15,1.0,3,,0,,0,,0.3333333333333333,,,,,,,,,,,,,,,
composed_router,ddd84e646ab0cdd38c0f283802f28ac361a412492f3872c7f489b95bb55d53af,SB-COR,0.33333333333333337,0.46666666666666673,0.13333333333333336,0.06666666666666668,15,1.0,3,,0,,0,,0.3333333333333333,,,,,,,,,,,,,,,
composed_router,ddd84e646ab0cdd38c0f283802f28ac361a412492f3872c7f489b95bb55d53af,OutcomeRouter-hidden-only,0.20000000000000004,0.33333333333333337,0.13333333333333336,0.3333333333333334,15,0.3333333333333333,3,,0,,0,,0.16666666666666666,,,,,,,,,,,,,,,
composed_router,ddd84e646ab0cdd38c0f283802f28ac361a412492f3872c7f489b95bb55d53af,OutcomeRouter-state-action-only,0.2666666666666667,0.4,0.13333333333333336,0.33333333333333337,15,0.6666666666666666,3,,0,,0,,0.26666666666666666,,,,,,,,,,,,,,,
composed_router,ddd84e646ab0cdd38c0f283802f28ac361a412492f3872c7f489b95bb55d53af,Condition-only diagnostic,0.4000000000000001,0.46666666666666673,0.06666666666666668,0.33333333333333337,15,1.0,3,,0,,0,,0.3333333333333333,,,,,,,,,,,,,,,
composed_router,ddd84e646ab0cdd38c0f283802f28ac361a412492f3872c7f489b95bb55d53af,Horizon-only diagnostic,0.2666666666666667,0.33333333333333337,0.06666666666666668,0.6000000000000001,15,0.3333333333333333,3,,0,,0,,0.16666666666666666,,,,,,,,,,,,,,,
composed_router,ddd84e646ab0cdd38c0f283802f28ac361a412492f3872c7f489b95bb55d53af,ADR-linear-full,0.1333333333333334,0.2666666666666667,0.13333333333333336,0.33333333333333337,15,0.3333333333333333,3,,0,,0,,0.16666666666666666,,,,,,,,,,,,,,,
composed_router,ddd84e646ab0cdd38c0f283802f28ac361a412492f3872c7f489b95bb55d53af,ADR-linear-split,0.20000000000000004,0.33333333333333337,0.13333333333333336,0.33333333333333337,15,0.3333333333333333,3,,0,,0,,0.16666666666666666,,,,,,,,,,,,,,,
composed_router,ddd84e646ab0cdd38c0f283802f28ac361a412492f3872c7f489b95bb55d53af,ADR-tiny-nonlinear-choice,0.20000000000000004,0.33333333333333337,0.13333333333333336,0.33333333333333337,15,0.3333333333333333,3,,0,,0,,0.16666666666666666,,,,,,,,,,,,,,,
composed_router,ddd84e646ab0cdd38c0f283802f28ac361a412492f3872c7f489b95bb55d53af,Oracle upper bound diagnostic,0.4000000000000001,0.46666666666666673,0.06666666666666668,0.06666666666666668,15,1.0,3,,0,,0,,0.3333333333333333,,,,,,,,,,,,,,,
conditional_choice,ddd84e646ab0cdd38c0f283802f28ac361a412492f3872c7f489b95bb55d53af,ADR-linear-full,,,,,0,,,,,,,,,,,,,,,,,,,,,,,
conditional_choice,ddd84e646ab0cdd38c0f283802f28ac361a412492f3872c7f489b95bb55d53af,ADR-linear-split,,,,,0,,,,,,,,,,,,,,,,,,,,,,,
conditional_choice,ddd84e646ab0cdd38c0f283802f28ac361a412492f3872c7f489b95bb55d53af,ADR-tiny-nonlinear-choice,,,,,0,,,,,,,,,,,,,,,,,,,,,,,
conditional_choice,ddd84e646ab0cdd38c0f283802f28ac361a412492f3872c7f489b95bb55d53af,Fixed-Detour diagnostic,,,,,0,,,,,,,,,,,,,,,,,,,,,,,
conditional_choice,ddd84e646ab0cdd38c0f283802f28ac361a412492f3872c7f489b95bb55d53af,Condition-only choice diagnostic,,,,,0,,,,,,,,,,,,,,,,,,,,,,,
conditional_choice,ddd84e646ab0cdd38c0f283802f28ac361a412492f3872c7f489b95bb55d53af,Horizon-only choice diagnostic,,,,,0,,,,,,,,,,,,,,,,,,,,,,,
benefit_gate,ddd84e646ab0cdd38c0f283802f28ac361a412492f3872c7f489b95bb55d53af,ADR-linear-full,,,,0.33333333333333337,15,,,,,,,,,0.3214285714285714,,,,,,,,,0.6428571428571428,0.0,0.5000000000000001,0.125,14,1
benefit_gate,ddd84e646ab0cdd38c0f283802f28ac361a412492f3872c7f489b95bb55d53af,ADR-linear-split,,,,0.33333333333333337,15,,,,,,,,,0.3214285714285714,,,,,,,,,0.6428571428571428,0.0,0.5000000000000001,0.125,14,1
benefit_gate,ddd84e646ab0cdd38c0f283802f28ac361a412492f3872c7f489b95bb55d53af,ADR-tiny-nonlinear-choice,,,,0.33333333333333337,15,,,,,,,,,0.3214285714285714,,,,,,,,,0.6428571428571428,0.0,0.5000000000000001,0.125,14,1
composed_router,f64d2a60c3b9cebc4b5e12f86f4978711b4ca1e7a3788d1756d078c45a1c1004,Base,0.49999999999999994,0.7500000000000001,0.25,0.0,12,1.0,6,,0,0.0,2,0.0,0.2857142857142857,,,,,,,,,,,,,,,
composed_router,f64d2a60c3b9cebc4b5e12f86f4978711b4ca1e7a3788d1756d078c45a1c1004,Always Detour,0.08333333333333333,0.25,0.16666666666666666,1.0,12,0.0,6,,0,0.0,2,0.0,0.0,,,,,,,,,,,,,,,
composed_router,f64d2a60c3b9cebc4b5e12f86f4978711b4ca1e7a3788d1756d078c45a1c1004,Always Retreat,0.0,0.0,0.0,1.0,12,0.0,6,,0,1.0,2,1.0,0.13333333333333333,,,,,,,,,,,,,,,
composed_router,f64d2a60c3b9cebc4b5e12f86f4978711b4ca1e7a3788d1756d078c45a1c1004,Risk->Retreat,0.49999999999999994,0.5833333333333333,0.08333333333333333,0.3333333333333333,12,0.6666666666666667,6,,0,1.0,2,1.0,0.48888888888888893,,,,,,,,,,,,,,,
composed_router,f64d2a60c3b9cebc4b5e12f86f4978711b4ca1e7a3788d1756d078c45a1c1004,Risk->Detour,0.25,0.49999999999999994,0.25,0.41666666666666663,12,0.5000000000000001,6,,0,0.0,2,0.0,0.2222222222222222,,,,,,,,,,,,,,,
composed_router,f64d2a60c3b9cebc4b5e12f86f4978711b4ca1e7a3788d1756d078c45a1c1004,Risk->BestFixed,0.25,0.49999999999999994,0.25,0.41666666666666663,12,0.5000000000000001,6,,0,0.0,2,0.0,0.2222222222222222,,,,,,,,,,,,,,,
composed_router,f64d2a60c3b9cebc4b5e12f86f4978711b4ca1e7a3788d1756d078c45a1c1004,Risk+TwoStage,0.49999999999999994,0.5833333333333333,0.08333333333333333,0.3333333333333333,12,0.6666666666666667,6,,0,1.0,2,1.0,0.6,,,,,,,,,,,,,,,
composed_router,f64d2a60c3b9cebc4b5e12f86f4978711b4ca1e7a3788d1756d078c45a1c1004,SB-Risk+TwoStage,0.49999999999999994,0.5833333333333333,0.08333333333333333,0.3333333333333333,12,0.6666666666666667,6,,0,1.0,2,1.0,0.6,,,,,,,,,,,,,,,
composed_router,f64d2a60c3b9cebc4b5e12f86f4978711b4ca1e7a3788d1756d078c45a1c1004,DirectChoice,0.49999999999999994,0.5833333333333333,0.08333333333333333,0.49999999999999994,12,0.6666666666666667,6,,0,1.0,2,1.0,0.6,,,,,,,,,,,,,,,
composed_router,f64d2a60c3b9cebc4b5e12f86f4978711b4ca1e7a3788d1756d078c45a1c1004,DirectQ,0.41666666666666663,0.49999999999999994,0.08333333333333333,0.5833333333333333,12,0.5000000000000001,6,,0,1.0,2,1.0,0.5555555555555555,,,,,,,,,,,,,,,
composed_router,f64d2a60c3b9cebc4b5e12f86f4978711b4ca1e7a3788d1756d078c45a1c1004,SB-DirectQ,0.49999999999999994,0.5833333333333333,0.08333333333333333,0.49999999999999994,12,0.6666666666666667,6,,0,1.0,2,1.0,0.6,,,,,,,,,,,,,,,
composed_router,f64d2a60c3b9cebc4b5e12f86f4978711b4ca1e7a3788d1756d078c45a1c1004,PairwiseAdvantage,0.41666666666666663,0.49999999999999994,0.08333333333333333,0.5833333333333333,12,0.5000000000000001,6,,0,1.0,2,1.0,0.5555555555555555,,,,,,,,,,,,,,,
composed_router,f64d2a60c3b9cebc4b5e12f86f4978711b4ca1e7a3788d1756d078c45a1c1004,OutcomeRouter,0.41666666666666663,0.5833333333333333,0.16666666666666666,0.41666666666666663,12,0.6666666666666667,6,,0,0.5,2,0.5,0.48888888888888893,,,,,,,,,,,,,,,
composed_router,f64d2a60c3b9cebc4b5e12f86f4978711b4ca1e7a3788d1756d078c45a1c1004,SB-OutcomeRouter,0.49999999999999994,0.5833333333333333,0.08333333333333333,0.41666666666666663,12,0.6666666666666667,6,,0,1.0,2,1.0,0.6,,,,,,,,,,,,,,,
composed_router,f64d2a60c3b9cebc4b5e12f86f4978711b4ca1e7a3788d1756d078c45a1c1004,SB-COR,0.49999999999999994,0.5833333333333333,0.08333333333333333,0.41666666666666663,12,0.6666666666666667,6,,0,1.0,2,1.0,0.6,,,,,,,,,,,,,,,
composed_router,f64d2a60c3b9cebc4b5e12f86f4978711b4ca1e7a3788d1756d078c45a1c1004,OutcomeRouter-hidden-only,0.49999999999999994,0.5833333333333333,0.08333333333333333,0.41666666666666663,12,0.6666666666666667,6,,0,1.0,2,1.0,0.6,,,,,,,,,,,,,,,
composed_router,f64d2a60c3b9cebc4b5e12f86f4978711b4ca1e7a3788d1756d078c45a1c1004,OutcomeRouter-state-action-only,0.08333333333333333,0.3333333333333333,0.25,0.8333333333333334,12,0.16666666666666669,6,,0,0.0,2,0.0,0.09523809523809523,,,,,,,,,,,,,,,
composed_router,f64d2a60c3b9cebc4b5e12f86f4978711b4ca1e7a3788d1756d078c45a1c1004,Condition-only diagnostic,0.49999999999999994,0.6666666666666666,0.16666666666666666,0.3333333333333333,12,0.8333333333333334,6,,0,0.0,2,0.0,0.30303030303030304,,,,,,,,,,,,,,,
composed_router,f64d2a60c3b9cebc4b5e12f86f4978711b4ca1e7a3788d1756d078c45a1c1004,Horizon-only diagnostic,0.3333333333333333,0.49999999999999994,0.16666666666666666,0.5,12,0.5000000000000001,6,,0,0.0,2,0.0,0.1818181818181818,,,,,,,,,,,,,,,
composed_router,f64d2a60c3b9cebc4b5e12f86f4978711b4ca1e7a3788d1756d078c45a1c1004,ADR-linear-full,0.49999999999999994,0.5833333333333333,0.08333333333333333,0.3333333333333333,12,0.6666666666666667,6,,0,1.0,2,1.0,0.6,,,,,,,,,,,,,,,
composed_router,f64d2a60c3b9cebc4b5e12f86f4978711b4ca1e7a3788d1756d078c45a1c1004,ADR-linear-split,0.49999999999999994,0.5833333333333333,0.08333333333333333,0.3333333333333333,12,0.6666666666666667,6,,0,1.0,2,1.0,0.6,,,,,,,,,,,,,,,
composed_router,f64d2a60c3b9cebc4b5e12f86f4978711b4ca1e7a3788d1756d078c45a1c1004,ADR-tiny-nonlinear-choice,0.49999999999999994,0.5833333333333333,0.08333333333333333,0.3333333333333333,12,0.6666666666666667,6,,0,1.0,2,1.0,0.6,,,,,,,,,,,,,,,
composed_router,f64d2a60c3b9cebc4b5e12f86f4978711b4ca1e7a3788d1756d078c45a1c1004,Oracle upper bound diagnostic,0.7500000000000001,0.7500000000000001,0.0,0.25,12,1.0,6,,0,1.0,2,1.0,0.6666666666666666,,,,,,,,,,,,,,,
conditional_choice,f64d2a60c3b9cebc4b5e12f86f4978711b4ca1e7a3788d1756d078c45a1c1004,ADR-linear-full,,,,,2,,,,,,,,,1.0,0.5,,1.0,0,0,0,2,"[[0.0, 0.0], [0.0, 1.0]]",,,,,,
conditional_choice,f64d2a60c3b9cebc4b5e12f86f4978711b4ca1e7a3788d1756d078c45a1c1004,ADR-linear-split,,,,,2,,,,,,,,,1.0,0.5,,1.0,0,0,0,2,"[[0.0, 0.0], [0.0, 1.0]]",,,,,,
conditional_choice,f64d2a60c3b9cebc4b5e12f86f4978711b4ca1e7a3788d1756d078c45a1c1004,ADR-tiny-nonlinear-choice,,,,,2,,,,,,,,,1.0,0.5,,1.0,0,0,0,2,"[[0.0, 0.0], [0.0, 1.0]]",,,,,,
conditional_choice,f64d2a60c3b9cebc4b5e12f86f4978711b4ca1e7a3788d1756d078c45a1c1004,Fixed-Detour diagnostic,,,,,2,,,,,,,,,0.0,0.0,,0.0,0,0,2,0,"[[0.0, 0.0], [1.0, 0.0]]",,,,,,
conditional_choice,f64d2a60c3b9cebc4b5e12f86f4978711b4ca1e7a3788d1756d078c45a1c1004,Condition-only choice diagnostic,,,,,2,,,,,,,,,0.0,0.0,,0.0,0,0,2,0,"[[0.0, 0.0], [1.0, 0.0]]",,,,,,
conditional_choice,f64d2a60c3b9cebc4b5e12f86f4978711b4ca1e7a3788d1756d078c45a1c1004,Horizon-only choice diagnostic,,,,,2,,,,,,,,,0.0,0.0,,0.0,0,0,2,0,"[[0.0, 0.0], [1.0, 0.0]]",,,,,,
benefit_gate,f64d2a60c3b9cebc4b5e12f86f4978711b4ca1e7a3788d1756d078c45a1c1004,ADR-linear-full,,,,0.3333333333333333,12,,,,,,,,,0.7222222222222221,,,,,,,,,0.7777777777777777,0.6666666666666666,0.7037037037037037,0.7575757575757576,9,3
benefit_gate,f64d2a60c3b9cebc4b5e12f86f4978711b4ca1e7a3788d1756d078c45a1c1004,ADR-linear-split,,,,0.3333333333333333,12,,,,,,,,,0.7222222222222221,,,,,,,,,0.7777777777777777,0.6666666666666666,0.7037037037037037,0.7575757575757576,9,3
benefit_gate,f64d2a60c3b9cebc4b5e12f86f4978711b4ca1e7a3788d1756d078c45a1c1004,ADR-tiny-nonlinear-choice,,,,0.3333333333333333,12,,,,,,,,,0.7222222222222221,,,,,,,,,0.7777777777777777,0.6666666666666666,0.7037037037037037,0.7575757575757576,9,3
oracle_hybrid,0815f4806fc9a4fbd58c6627c8b92fd77f1b80ad4b8b4cd6d0c6e0541d488a7b,ADR-linear-full/OracleGate+OracleChoice,0.9166666666666667,0.9166666666666667,0.0,0.3333333333333333,12,1.0,4,1.0,3,,0,1.0,0.6666666666666666,,,,,,,,,,,,,,,
oracle_hybrid,0815f4806fc9a4fbd58c6627c8b92fd77f1b80ad4b8b4cd6d0c6e0541d488a7b,ADR-linear-full/OracleGate+LearnedChoice,0.9166666666666667,0.9166666666666667,0.0,0.3333333333333333,12,1.0,4,1.0,3,,0,1.0,0.6666666666666666,,,,,,,,,,,,,,,
oracle_hybrid,0815f4806fc9a4fbd58c6627c8b92fd77f1b80ad4b8b4cd6d0c6e0541d488a7b,ADR-linear-full/LearnedGate+OracleChoice,0.5833333333333333,0.5833333333333333,0.0,1.0,12,0.0,4,1.0,3,,0,1.0,0.20000000000000004,,,,,,,,,,,,,,,
oracle_hybrid,0815f4806fc9a4fbd58c6627c8b92fd77f1b80ad4b8b4cd6d0c6e0541d488a7b,ADR-linear-full/LearnedGate+LearnedChoice,0.5833333333333333,0.5833333333333333,0.0,1.0,12,0.0,4,1.0,3,,0,1.0,0.20000000000000004,,,,,,,,,,,,,,,
oracle_hybrid,0815f4806fc9a4fbd58c6627c8b92fd77f1b80ad4b8b4cd6d0c6e0541d488a7b,ADR-linear-split/OracleGate+OracleChoice,0.9166666666666667,0.9166666666666667,0.0,0.3333333333333333,12,1.0,4,1.0,3,,0,1.0,0.6666666666666666,,,,,,,,,,,,,,,
oracle_hybrid,0815f4806fc9a4fbd58c6627c8b92fd77f1b80ad4b8b4cd6d0c6e0541d488a7b,ADR-linear-split/OracleGate+LearnedChoice,0.9166666666666667,0.9166666666666667,0.0,0.3333333333333333,12,1.0,4,1.0,3,,0,1.0,0.6666666666666666,,,,,,,,,,,,,,,
oracle_hybrid,0815f4806fc9a4fbd58c6627c8b92fd77f1b80ad4b8b4cd6d0c6e0541d488a7b,ADR-linear-split/LearnedGate+OracleChoice,0.5833333333333333,0.5833333333333333,0.0,1.0,12,0.0,4,1.0,3,,0,1.0,0.20000000000000004,,,,,,,,,,,,,,,
oracle_hybrid,0815f4806fc9a4fbd58c6627c8b92fd77f1b80ad4b8b4cd6d0c6e0541d488a7b,ADR-linear-split/LearnedGate+LearnedChoice,0.5833333333333333,0.5833333333333333,0.0,1.0,12,0.0,4,1.0,3,,0,1.0,0.20000000000000004,,,,,,,,,,,,,,,
oracle_hybrid,0815f4806fc9a4fbd58c6627c8b92fd77f1b80ad4b8b4cd6d0c6e0541d488a7b,ADR-tiny-nonlinear-choice/OracleGate+OracleChoice,0.9166666666666667,0.9166666666666667,0.0,0.3333333333333333,12,1.0,4,1.0,3,,0,1.0,0.6666666666666666,,,,,,,,,,,,,,,
oracle_hybrid,0815f4806fc9a4fbd58c6627c8b92fd77f1b80ad4b8b4cd6d0c6e0541d488a7b,ADR-tiny-nonlinear-choice/OracleGate+LearnedChoice,0.8333333333333335,0.8333333333333335,0.0,0.3333333333333333,12,1.0,4,0.6666666666666666,3,,0,0.6666666666666666,0.6,,,,,,,,,,,,,,,
oracle_hybrid,0815f4806fc9a4fbd58c6627c8b92fd77f1b80ad4b8b4cd6d0c6e0541d488a7b,ADR-tiny-nonlinear-choice/LearnedGate+OracleChoice,0.5833333333333333,0.5833333333333333,0.0,1.0,12,0.0,4,1.0,3,,0,1.0,0.20000000000000004,,,,,,,,,,,,,,,
oracle_hybrid,0815f4806fc9a4fbd58c6627c8b92fd77f1b80ad4b8b4cd6d0c6e0541d488a7b,ADR-tiny-nonlinear-choice/LearnedGate+LearnedChoice,0.49999999999999994,0.49999999999999994,0.0,1.0,12,0.0,4,0.6666666666666666,3,,0,0.6666666666666666,0.14814814814814817,,,,,,,,,,,,,,,
oracle_hybrid,28c563172e6e13a0d3d84f1527243878c67a2140fa8c9a81ecb8b81ec9402dc8,ADR-linear-full/OracleGate+OracleChoice,-0.2,0.0,0.2,0.6000000000000001,5,,0,1.0,3,,0,1.0,0.3333333333333333,,,,,,,,,,,,,,,
oracle_hybrid,28c563172e6e13a0d3d84f1527243878c67a2140fa8c9a81ecb8b81ec9402dc8,ADR-linear-full/OracleGate+LearnedChoice,-0.4,0.0,0.4,0.6000000000000001,5,,0,0.6666666666666666,3,,0,0.6666666666666666,0.26666666666666666,,,,,,,,,,,,,,,
oracle_hybrid,28c563172e6e13a0d3d84f1527243878c67a2140fa8c9a81ecb8b81ec9402dc8,ADR-linear-full/LearnedGate+OracleChoice,-0.8,0.0,0.8,0.0,5,,0,0.0,3,,0,0.0,0.0,,,,,,,,,,,,,,,
oracle_hybrid,28c563172e6e13a0d3d84f1527243878c67a2140fa8c9a81ecb8b81ec9402dc8,ADR-linear-full/LearnedGate+LearnedChoice,-0.8,0.0,0.8,0.0,5,,0,0.0,3,,0,0.0,0.0,,,,,,,,,,,,,,,
oracle_hybrid,28c563172e6e13a0d3d84f1527243878c67a2140fa8c9a81ecb8b81ec9402dc8,ADR-linear-split/OracleGate+OracleChoice,-0.2,0.0,0.2,0.6000000000000001,5,,0,1.0,3,,0,1.0,0.3333333333333333,,,,,,,,,,,,,,,
oracle_hybrid,28c563172e6e13a0d3d84f1527243878c67a2140fa8c9a81ecb8b81ec9402dc8,ADR-linear-split/OracleGate+LearnedChoice,-0.2,0.0,0.2,0.6000000000000001,5,,0,1.0,3,,0,1.0,0.3333333333333333,,,,,,,,,,,,,,,
oracle_hybrid,28c563172e6e13a0d3d84f1527243878c67a2140fa8c9a81ecb8b81ec9402dc8,ADR-linear-split/LearnedGate+OracleChoice,-0.8,0.0,0.8,0.0,5,,0,0.0,3,,0,0.0,0.0,,,,,,,,,,,,,,,
oracle_hybrid,28c563172e6e13a0d3d84f1527243878c67a2140fa8c9a81ecb8b81ec9402dc8,ADR-linear-split/LearnedGate+LearnedChoice,-0.8,0.0,0.8,0.0,5,,0,0.0,3,,0,0.0,0.0,,,,,,,,,,,,,,,
oracle_hybrid,28c563172e6e13a0d3d84f1527243878c67a2140fa8c9a81ecb8b81ec9402dc8,ADR-tiny-nonlinear-choice/OracleGate+OracleChoice,-0.2,0.0,0.2,0.6000000000000001,5,,0,1.0,3,,0,1.0,0.3333333333333333,,,,,,,,,,,,,,,
oracle_hybrid,28c563172e6e13a0d3d84f1527243878c67a2140fa8c9a81ecb8b81ec9402dc8,ADR-tiny-nonlinear-choice/OracleGate+LearnedChoice,-0.4,0.0,0.4,0.6000000000000001,5,,0,0.6666666666666666,3,,0,0.6666666666666666,0.26666666666666666,,,,,,,,,,,,,,,
oracle_hybrid,28c563172e6e13a0d3d84f1527243878c67a2140fa8c9a81ecb8b81ec9402dc8,ADR-tiny-nonlinear-choice/LearnedGate+OracleChoice,-0.8,0.0,0.8,0.0,5,,0,0.0,3,,0,0.0,0.0,,,,,,,,,,,,,,,
oracle_hybrid,28c563172e6e13a0d3d84f1527243878c67a2140fa8c9a81ecb8b81ec9402dc8,ADR-tiny-nonlinear-choice/LearnedGate+LearnedChoice,-0.8,0.0,0.8,0.0,5,,0,0.0,3,,0,0.0,0.0,,,,,,,,,,,,,,,
oracle_hybrid,2ef1381d9cfc0a92b107e2940bcf431c7494cd7067d032284f30a23c47b487cc,ADR-linear-full/OracleGate+OracleChoice,0.6666666666666667,0.6666666666666667,0.0,0.38888888888888884,18,1.0,4,1.0,1,,0,1.0,0.6666666666666666,,,,,,,,,,,,,,,
oracle_hybrid,2ef1381d9cfc0a92b107e2940bcf431c7494cd7067d032284f30a23c47b487cc,ADR-linear-full/OracleGate+LearnedChoice,0.6666666666666667,0.6666666666666667,0.0,0.38888888888888884,18,1.0,4,1.0,1,,0,1.0,0.6666666666666666,,,,,,,,,,,,,,,
oracle_hybrid,2ef1381d9cfc0a92b107e2940bcf431c7494cd7067d032284f30a23c47b487cc,ADR-linear-full/LearnedGate+OracleChoice,0.2777777777777778,0.38888888888888895,0.1111111111111111,0.6666666666666666,18,0.0,4,0.0,1,,0,0.0,0.0,,,,,,,,,,,,,,,
oracle_hybrid,2ef1381d9cfc0a92b107e2940bcf431c7494cd7067d032284f30a23c47b487cc,ADR-linear-full/LearnedGate+LearnedChoice,0.2777777777777778,0.38888888888888895,0.1111111111111111,0.6666666666666666,18,0.0,4,0.0,1,,0,0.0,0.0,,,,,,,,,,,,,,,
oracle_hybrid,2ef1381d9cfc0a92b107e2940bcf431c7494cd7067d032284f30a23c47b487cc,ADR-linear-split/OracleGate+OracleChoice,0.6666666666666667,0.6666666666666667,0.0,0.38888888888888884,18,1.0,4,1.0,1,,0,1.0,0.6666666666666666,,,,,,,,,,,,,,,
oracle_hybrid,2ef1381d9cfc0a92b107e2940bcf431c7494cd7067d032284f30a23c47b487cc,ADR-linear-split/OracleGate+LearnedChoice,0.6666666666666667,0.6666666666666667,0.0,0.38888888888888884,18,1.0,4,1.0,1,,0,1.0,0.6666666666666666,,,,,,,,,,,,,,,
oracle_hybrid,2ef1381d9cfc0a92b107e2940bcf431c7494cd7067d032284f30a23c47b487cc,ADR-linear-split/LearnedGate+OracleChoice,0.2777777777777778,0.38888888888888895,0.1111111111111111,0.6666666666666666,18,0.0,4,0.0,1,,0,0.0,0.0,,,,,,,,,,,,,,,
oracle_hybrid,2ef1381d9cfc0a92b107e2940bcf431c7494cd7067d032284f30a23c47b487cc,ADR-linear-split/LearnedGate+LearnedChoice,0.2777777777777778,0.38888888888888895,0.1111111111111111,0.6666666666666666,18,0.0,4,0.0,1,,0,0.0,0.0,,,,,,,,,,,,,,,
oracle_hybrid,2ef1381d9cfc0a92b107e2940bcf431c7494cd7067d032284f30a23c47b487cc,ADR-tiny-nonlinear-choice/OracleGate+OracleChoice,0.6666666666666667,0.6666666666666667,0.0,0.38888888888888884,18,1.0,4,1.0,1,,0,1.0,0.6666666666666666,,,,,,,,,,,,,,,
oracle_hybrid,2ef1381d9cfc0a92b107e2940bcf431c7494cd7067d032284f30a23c47b487cc,ADR-tiny-nonlinear-choice/OracleGate+LearnedChoice,0.6666666666666667,0.6666666666666667,0.0,0.38888888888888884,18,1.0,4,1.0,1,,0,1.0,0.6666666666666666,,,,,,,,,,,,,,,
oracle_hybrid,2ef1381d9cfc0a92b107e2940bcf431c7494cd7067d032284f30a23c47b487cc,ADR-tiny-nonlinear-choice/LearnedGate+OracleChoice,0.2777777777777778,0.38888888888888895,0.1111111111111111,0.6666666666666666,18,0.0,4,0.0,1,,0,0.0,0.0,,,,,,,,,,,,,,,
oracle_hybrid,2ef1381d9cfc0a92b107e2940bcf431c7494cd7067d032284f30a23c47b487cc,ADR-tiny-nonlinear-choice/LearnedGate+LearnedChoice,0.2222222222222222,0.33333333333333337,0.1111111111111111,0.6666666666666666,18,0.0,4,0.0,1,,0,0.0,0.0,,,,,,,,,,,,,,,
oracle_hybrid,3f7887ee8820a4163a5033c81050731e85d1a310652a612f5b0ea5c450ec2043,ADR-linear-full/OracleGate+OracleChoice,-0.8,0.0,0.8,0.0,5,1.0,1,,0,,0,,0.3333333333333333,,,,,,,,,,,,,,,
oracle_hybrid,3f7887ee8820a4163a5033c81050731e85d1a310652a612f5b0ea5c450ec2043,ADR-linear-full/OracleGate+LearnedChoice,-0.8,0.0,0.8,0.0,5,1.0,1,,0,,0,,0.3333333333333333,,,,,,,,,,,,,,,
oracle_hybrid,3f7887ee8820a4163a5033c81050731e85d1a310652a612f5b0ea5c450ec2043,ADR-linear-full/LearnedGate+OracleChoice,-0.8,0.0,0.8,0.8,5,1.0,1,,0,,0,,0.3333333333333333,,,,,,,,,,,,,,,
oracle_hybrid,3f7887ee8820a4163a5033c81050731e85d1a310652a612f5b0ea5c450ec2043,ADR-linear-full/LearnedGate+LearnedChoice,-0.8,0.0,0.8,0.8,5,1.0,1,,0,,0,,0.3333333333333333,,,,,,,,,,,,,,,
oracle_hybrid,3f7887ee8820a4163a5033c81050731e85d1a310652a612f5b0ea5c450ec2043,ADR-linear-split/OracleGate+OracleChoice,-0.8,0.0,0.8,0.0,5,1.0,1,,0,,0,,0.3333333333333333,,,,,,,,,,,,,,,
oracle_hybrid,3f7887ee8820a4163a5033c81050731e85d1a310652a612f5b0ea5c450ec2043,ADR-linear-split/OracleGate+LearnedChoice,-0.8,0.0,0.8,0.0,5,1.0,1,,0,,0,,0.3333333333333333,,,,,,,,,,,,,,,
oracle_hybrid,3f7887ee8820a4163a5033c81050731e85d1a310652a612f5b0ea5c450ec2043,ADR-linear-split/LearnedGate+OracleChoice,-0.8,0.0,0.8,0.8,5,1.0,1,,0,,0,,0.3333333333333333,,,,,,,,,,,,,,,
oracle_hybrid,3f7887ee8820a4163a5033c81050731e85d1a310652a612f5b0ea5c450ec2043,ADR-linear-split/LearnedGate+LearnedChoice,-0.8,0.0,0.8,0.8,5,1.0,1,,0,,0,,0.3333333333333333,,,,,,,,,,,,,,,
oracle_hybrid,3f7887ee8820a4163a5033c81050731e85d1a310652a612f5b0ea5c450ec2043,ADR-tiny-nonlinear-choice/OracleGate+OracleChoice,-0.8,0.0,0.8,0.0,5,1.0,1,,0,,0,,0.3333333333333333,,,,,,,,,,,,,,,
oracle_hybrid,3f7887ee8820a4163a5033c81050731e85d1a310652a612f5b0ea5c450ec2043,ADR-tiny-nonlinear-choice/OracleGate+LearnedChoice,-0.8,0.0,0.8,0.0,5,1.0,1,,0,,0,,0.3333333333333333,,,,,,,,,,,,,,,
oracle_hybrid,3f7887ee8820a4163a5033c81050731e85d1a310652a612f5b0ea5c450ec2043,ADR-tiny-nonlinear-choice/LearnedGate+OracleChoice,-0.8,0.0,0.8,0.8,5,1.0,1,,0,,0,,0.3333333333333333,,,,,,,,,,,,,,,
oracle_hybrid,3f7887ee8820a4163a5033c81050731e85d1a310652a612f5b0ea5c450ec2043,ADR-tiny-nonlinear-choice/LearnedGate+LearnedChoice,-0.8,0.0,0.8,0.8,5,1.0,1,,0,,0,,0.3333333333333333,,,,,,,,,,,,,,,
oracle_hybrid,5de3fa5396875480db81793738029227ed357caa91e5d24290ffc5cb0371f908,ADR-linear-full/OracleGate+OracleChoice,0.6666666666666666,0.6666666666666666,0.0,0.41666666666666663,12,1.0,1,1.0,1,1.0,3,1.0,1.0,,,,,,,,,,,,,,,
oracle_hybrid,5de3fa5396875480db81793738029227ed357caa91e5d24290ffc5cb0371f908,ADR-linear-full/OracleGate+LearnedChoice,0.41666666666666663,0.6666666666666666,0.25,0.41666666666666663,12,1.0,1,1.0,1,0.0,3,0.5,0.4666666666666666,,,,,,,,,,,,,,,
oracle_hybrid,5de3fa5396875480db81793738029227ed357caa91e5d24290ffc5cb0371f908,ADR-linear-full/LearnedGate+OracleChoice,0.49999999999999994,0.5833333333333333,0.08333333333333333,0.8333333333333335,12,0.0,1,1.0,1,0.6666666666666666,3,0.8333333333333333,0.48888888888888893,,,,,,,,,,,,,,,
oracle_hybrid,5de3fa5396875480db81793738029227ed357caa91e5d24290ffc5cb0371f908,ADR-linear-full/LearnedGate+LearnedChoice,0.25,0.49999999999999994,0.25,0.8333333333333335,12,0.0,1,1.0,1,0.0,3,0.5,0.13333333333333333,,,,,,,,,,,,,,,
oracle_hybrid,5de3fa5396875480db81793738029227ed357caa91e5d24290ffc5cb0371f908,ADR-linear-split/OracleGate+OracleChoice,0.6666666666666666,0.6666666666666666,0.0,0.41666666666666663,12,1.0,1,1.0,1,1.0,3,1.0,1.0,,,,,,,,,,,,,,,
oracle_hybrid,5de3fa5396875480db81793738029227ed357caa91e5d24290ffc5cb0371f908,ADR-linear-split/OracleGate+LearnedChoice,0.49999999999999994,0.6666666666666666,0.16666666666666666,0.41666666666666663,12,1.0,1,1.0,1,0.3333333333333333,3,0.6666666666666666,0.6666666666666666,,,,,,,,,,,,,,,
oracle_hybrid,5de3fa5396875480db81793738029227ed357caa91e5d24290ffc5cb0371f908,ADR-linear-split/LearnedGate+OracleChoice,0.49999999999999994,0.5833333333333333,0.08333333333333333,0.8333333333333335,12,0.0,1,1.0,1,0.6666666666666666,3,0.8333333333333333,0.48888888888888893,,,,,,,,,,,,,,,
oracle_hybrid,5de3fa5396875480db81793738029227ed357caa91e5d24290ffc5cb0371f908,ADR-linear-split/LearnedGate+LearnedChoice,0.41666666666666663,0.5833333333333333,0.16666666666666666,0.8333333333333335,12,0.0,1,1.0,1,0.3333333333333333,3,0.6666666666666666,0.3333333333333333,,,,,,,,,,,,,,,
oracle_hybrid,5de3fa5396875480db81793738029227ed357caa91e5d24290ffc5cb0371f908,ADR-tiny-nonlinear-choice/OracleGate+OracleChoice,0.6666666666666666,0.6666666666666666,0.0,0.41666666666666663,12,1.0,1,1.0,1,1.0,3,1.0,1.0,,,,,,,,,,,,,,,
oracle_hybrid,5de3fa5396875480db81793738029227ed357caa91e5d24290ffc5cb0371f908,ADR-tiny-nonlinear-choice/OracleGate+LearnedChoice,0.5833333333333333,0.6666666666666666,0.08333333333333333,0.41666666666666663,12,1.0,1,1.0,1,0.6666666666666666,3,0.8333333333333333,0.8222222222222223,,,,,,,,,,,,,,,
oracle_hybrid,5de3fa5396875480db81793738029227ed357caa91e5d24290ffc5cb0371f908,ADR-tiny-nonlinear-choice/LearnedGate+OracleChoice,0.49999999999999994,0.5833333333333333,0.08333333333333333,0.8333333333333335,12,0.0,1,1.0,1,0.6666666666666666,3,0.8333333333333333,0.48888888888888893,,,,,,,,,,,,,,,
oracle_hybrid,5de3fa5396875480db81793738029227ed357caa91e5d24290ffc5cb0371f908,ADR-tiny-nonlinear-choice/LearnedGate+LearnedChoice,0.49999999999999994,0.5833333333333333,0.08333333333333333,0.8333333333333335,12,0.0,1,1.0,1,0.6666666666666666,3,0.8333333333333333,0.48888888888888893,,,,,,,,,,,,,,,
oracle_hybrid,61f6ada542d03d1dd4d75a304f2674efa20660163c54b012b956522e98835cac,ADR-linear-full/OracleGate+OracleChoice,0.6666666666666666,0.6666666666666666,0.0,0.3333333333333333,12,1.0,2,,0,1.0,2,1.0,0.6666666666666666,,,,,,,,,,,,,,,
oracle_hybrid,61f6ada542d03d1dd4d75a304f2674efa20660163c54b012b956522e98835cac,ADR-linear-full/OracleGate+LearnedChoice,0.49999999999999994,0.6666666666666666,0.16666666666666666,0.3333333333333333,12,1.0,2,,0,0.0,2,0.0,0.3333333333333333,,,,,,,,,,,,,,,
oracle_hybrid,61f6ada542d03d1dd4d75a304f2674efa20660163c54b012b956522e98835cac,ADR-linear-full/LearnedGate+OracleChoice,0.49999999999999994,0.5833333333333333,0.08333333333333333,0.49999999999999994,12,0.5,2,,0,1.0,2,1.0,0.5555555555555555,,,,,,,,,,,,,,,
oracle_hybrid,61f6ada542d03d1dd4d75a304f2674efa20660163c54b012b956522e98835cac,ADR-linear-full/LearnedGate+LearnedChoice,0.3333333333333333,0.5833333333333333,0.25,0.49999999999999994,12,0.5,2,,0,0.0,2,0.0,0.2222222222222222,,,,,,,,,,,,,,,
oracle_hybrid,61f6ada542d03d1dd4d75a304f2674efa20660163c54b012b956522e98835cac,ADR-linear-split/OracleGate+OracleChoice,0.6666666666666666,0.6666666666666666,0.0,0.3333333333333333,12,1.0,2,,0,1.0,2,1.0,0.6666666666666666,,,,,,,,,,,,,,,
oracle_hybrid,61f6ada542d03d1dd4d75a304f2674efa20660163c54b012b956522e98835cac,ADR-linear-split/OracleGate+LearnedChoice,0.5833333333333333,0.6666666666666666,0.08333333333333333,0.3333333333333333,12,1.0,2,,0,0.5,2,0.5,0.5555555555555555,,,,,,,,,,,,,,,
oracle_hybrid,61f6ada542d03d1dd4d75a304f2674efa20660163c54b012b956522e98835cac,ADR-linear-split/LearnedGate+OracleChoice,0.49999999999999994,0.5833333333333333,0.08333333333333333,0.49999999999999994,12,0.5,2,,0,1.0,2,1.0,0.5555555555555555,,,,,,,,,,,,,,,
oracle_hybrid,61f6ada542d03d1dd4d75a304f2674efa20660163c54b012b956522e98835cac,ADR-linear-split/LearnedGate+LearnedChoice,0.41666666666666663,0.5833333333333333,0.16666666666666666,0.49999999999999994,12,0.5,2,,0,0.5,2,0.5,0.4444444444444444,,,,,,,,,,,,,,,
oracle_hybrid,61f6ada542d03d1dd4d75a304f2674efa20660163c54b012b956522e98835cac,ADR-tiny-nonlinear-choice/OracleGate+OracleChoice,0.6666666666666666,0.6666666666666666,0.0,0.3333333333333333,12,1.0,2,,0,1.0,2,1.0,0.6666666666666666,,,,,,,,,,,,,,,
oracle_hybrid,61f6ada542d03d1dd4d75a304f2674efa20660163c54b012b956522e98835cac,ADR-tiny-nonlinear-choice/OracleGate+LearnedChoice,0.5833333333333333,0.6666666666666666,0.08333333333333333,0.3333333333333333,12,1.0,2,,0,0.5,2,0.5,0.5555555555555555,,,,,,,,,,,,,,,
oracle_hybrid,61f6ada542d03d1dd4d75a304f2674efa20660163c54b012b956522e98835cac,ADR-tiny-nonlinear-choice/LearnedGate+OracleChoice,0.49999999999999994,0.5833333333333333,0.08333333333333333,0.49999999999999994,12,0.5,2,,0,1.0,2,1.0,0.5555555555555555,,,,,,,,,,,,,,,
oracle_hybrid,61f6ada542d03d1dd4d75a304f2674efa20660163c54b012b956522e98835cac,ADR-tiny-nonlinear-choice/LearnedGate+LearnedChoice,0.41666666666666663,0.5833333333333333,0.16666666666666666,0.49999999999999994,12,0.5,2,,0,0.5,2,0.5,0.4444444444444444,,,,,,,,,,,,,,,
oracle_hybrid,6292759eb45913ce4ed8447194504833f347d9355012e3228775797a4b0a7cd1,ADR-linear-full/OracleGate+OracleChoice,1.0,1.0,0.0,0.3333333333333333,12,,0,1.0,4,,0,1.0,0.3333333333333333,,,,,,,,,,,,,,,
oracle_hybrid,6292759eb45913ce4ed8447194504833f347d9355012e3228775797a4b0a7cd1,ADR-linear-full/OracleGate+LearnedChoice,0.8333333333333334,0.8333333333333334,0.0,0.3333333333333333,12,,0,0.5,4,,0,0.5,0.2222222222222222,,,,,,,,,,,,,,,
oracle_hybrid,6292759eb45913ce4ed8447194504833f347d9355012e3228775797a4b0a7cd1,ADR-linear-full/LearnedGate+OracleChoice,1.0,1.0,0.0,0.75,12,,0,1.0,4,,0,1.0,0.3333333333333333,,,,,,,,,,,,,,,
oracle_hybrid,6292759eb45913ce4ed8447194504833f347d9355012e3228775797a4b0a7cd1,ADR-linear-full/LearnedGate+LearnedChoice,0.75,0.75,0.0,0.75,12,,0,0.5,4,,0,0.5,0.2222222222222222,,,,,,,,,,,,,,,
oracle_hybrid,6292759eb45913ce4ed8447194504833f347d9355012e3228775797a4b0a7cd1,ADR-linear-split/OracleGate+OracleChoice,1.0,1.0,0.0,0.3333333333333333,12,,0,1.0,4,,0,1.0,0.3333333333333333,,,,,,,,,,,,,,,
oracle_hybrid,6292759eb45913ce4ed8447194504833f347d9355012e3228775797a4b0a7cd1,ADR-linear-split/OracleGate+LearnedChoice,0.9166666666666667,0.9166666666666667,0.0,0.3333333333333333,12,,0,0.75,4,,0,0.75,0.2857142857142857,,,,,,,,,,,,,,,
oracle_hybrid,6292759eb45913ce4ed8447194504833f347d9355012e3228775797a4b0a7cd1,ADR-linear-split/LearnedGate+OracleChoice,1.0,1.0,0.0,0.75,12,,0,1.0,4,,0,1.0,0.3333333333333333,,,,,,,,,,,,,,,
oracle_hybrid,6292759eb45913ce4ed8447194504833f347d9355012e3228775797a4b0a7cd1,ADR-linear-split/LearnedGate+LearnedChoice,0.9166666666666667,0.9166666666666667,0.0,0.75,12,,0,0.75,4,,0,0.75,0.2857142857142857,,,,,,,,,,,,,,,
oracle_hybrid,6292759eb45913ce4ed8447194504833f347d9355012e3228775797a4b0a7cd1,ADR-tiny-nonlinear-choice/OracleGate+OracleChoice,1.0,1.0,0.0,0.3333333333333333,12,,0,1.0,4,,0,1.0,0.3333333333333333,,,,,,,,,,,,,,,
oracle_hybrid,6292759eb45913ce4ed8447194504833f347d9355012e3228775797a4b0a7cd1,ADR-tiny-nonlinear-choice/OracleGate+LearnedChoice,1.0,1.0,0.0,0.3333333333333333,12,,0,1.0,4,,0,1.0,0.3333333333333333,,,,,,,,,,,,,,,
oracle_hybrid,6292759eb45913ce4ed8447194504833f347d9355012e3228775797a4b0a7cd1,ADR-tiny-nonlinear-choice/LearnedGate+OracleChoice,1.0,1.0,0.0,0.75,12,,0,1.0,4,,0,1.0,0.3333333333333333,,,,,,,,,,,,,,,
oracle_hybrid,6292759eb45913ce4ed8447194504833f347d9355012e3228775797a4b0a7cd1,ADR-tiny-nonlinear-choice/LearnedGate+LearnedChoice,1.0,1.0,0.0,0.75,12,,0,1.0,4,,0,1.0,0.3333333333333333,,,,,,,,,,,,,,,
oracle_hybrid,655347c9fb28aaf505e162e6bcad095d17e4bfee5506113825cfb3da6ca60845,ADR-linear-full/OracleGate+OracleChoice,0.5833333333333333,0.5833333333333333,0.0,0.3333333333333333,12,1.0,4,,0,1.0,2,1.0,0.6666666666666666,,,,,,,,,,,,,,,
oracle_hybrid,655347c9fb28aaf505e162e6bcad095d17e4bfee5506113825cfb3da6ca60845,ADR-linear-full/OracleGate+LearnedChoice,0.49999999999999994,0.5833333333333333,0.08333333333333333,0.3333333333333333,12,1.0,4,,0,0.5,2,0.5,0.5555555555555555,,,,,,,,,,,,,,,
oracle_hybrid,655347c9fb28aaf505e162e6bcad095d17e4bfee5506113825cfb3da6ca60845,ADR-linear-full/LearnedGate+OracleChoice,0.3333333333333333,0.3333333333333333,0.0,0.8333333333333334,12,0.25,4,,0,1.0,2,1.0,0.4666666666666666,,,,,,,,,,,,,,,
oracle_hybrid,655347c9fb28aaf505e162e6bcad095d17e4bfee5506113825cfb3da6ca60845,ADR-linear-full/LearnedGate+LearnedChoice,0.25,0.3333333333333333,0.08333333333333333,0.8333333333333334,12,0.25,4,,0,0.5,2,0.5,0.35555555555555557,,,,,,,,,,,,,,,
oracle_hybrid,655347c9fb28aaf505e162e6bcad095d17e4bfee5506113825cfb3da6ca60845,ADR-linear-split/OracleGate+OracleChoice,0.5833333333333333,0.5833333333333333,0.0,0.3333333333333333,12,1.0,4,,0,1.0,2,1.0,0.6666666666666666,,,,,,,,,,,,,,,
oracle_hybrid,655347c9fb28aaf505e162e6bcad095d17e4bfee5506113825cfb3da6ca60845,ADR-linear-split/OracleGate+LearnedChoice,0.49999999999999994,0.5833333333333333,0.08333333333333333,0.3333333333333333,12,1.0,4,,0,0.5,2,0.5,0.5555555555555555,,,,,,,,,,,,,,,
oracle_hybrid,655347c9fb28aaf505e162e6bcad095d17e4bfee5506113825cfb3da6ca60845,ADR-linear-split/LearnedGate+OracleChoice,0.3333333333333333,0.3333333333333333,0.0,0.8333333333333334,12,0.25,4,,0,1.0,2,1.0,0.4666666666666666,,,,,,,,,,,,,,,
oracle_hybrid,655347c9fb28aaf505e162e6bcad095d17e4bfee5506113825cfb3da6ca60845,ADR-linear-split/LearnedGate+LearnedChoice,0.25,0.3333333333333333,0.08333333333333333,0.8333333333333334,12,0.25,4,,0,0.5,2,0.5,0.35555555555555557,,,,,,,,,,,,,,,
oracle_hybrid,655347c9fb28aaf505e162e6bcad095d17e4bfee5506113825cfb3da6ca60845,ADR-tiny-nonlinear-choice/OracleGate+OracleChoice,0.5833333333333333,0.5833333333333333,0.0,0.3333333333333333,12,1.0,4,,0,1.0,2,1.0,0.6666666666666666,,,,,,,,,,,,,,,
oracle_hybrid,655347c9fb28aaf505e162e6bcad095d17e4bfee5506113825cfb3da6ca60845,ADR-tiny-nonlinear-choice/OracleGate+LearnedChoice,0.49999999999999994,0.5833333333333333,0.08333333333333333,0.3333333333333333,12,1.0,4,,0,0.5,2,0.5,0.5555555555555555,,,,,,,,,,,,,,,
oracle_hybrid,655347c9fb28aaf505e162e6bcad095d17e4bfee5506113825cfb3da6ca60845,ADR-tiny-nonlinear-choice/LearnedGate+OracleChoice,0.3333333333333333,0.3333333333333333,0.0,0.8333333333333334,12,0.25,4,,0,1.0,2,1.0,0.4666666666666666,,,,,,,,,,,,,,,
oracle_hybrid,655347c9fb28aaf505e162e6bcad095d17e4bfee5506113825cfb3da6ca60845,ADR-tiny-nonlinear-choice/LearnedGate+LearnedChoice,0.25,0.3333333333333333,0.08333333333333333,0.8333333333333334,12,0.25,4,,0,0.5,2,0.5,0.35555555555555557,,,,,,,,,,,,,,,
oracle_hybrid,69fa7e93588c6aea4b134efa44633d38556ce1656b46df276021920a664881a3,ADR-linear-full/OracleGate+OracleChoice,0.7666666666666667,0.7666666666666667,0.0,0.39999999999999997,30,1.0,3,1.0,6,1.0,1,1.0,1.0,,,,,,,,,,,,,,,
oracle_hybrid,69fa7e93588c6aea4b134efa44633d38556ce1656b46df276021920a664881a3,ADR-linear-full/OracleGate+LearnedChoice,0.7,0.7,0.0,0.39999999999999997,30,1.0,3,0.6666666666666667,6,1.0,1,0.8333333333333334,0.7666666666666666,,,,,,,,,,,,,,,
oracle_hybrid,69fa7e93588c6aea4b134efa44633d38556ce1656b46df276021920a664881a3,ADR-linear-full/LearnedGate+OracleChoice,0.5,0.6666666666666667,0.16666666666666669,0.26666666666666666,30,1.0,3,0.5000000000000001,6,0.0,1,0.25000000000000006,0.4222222222222222,,,,,,,,,,,,,,,
oracle_hybrid,69fa7e93588c6aea4b134efa44633d38556ce1656b46df276021920a664881a3,ADR-linear-full/LearnedGate+LearnedChoice,0.4666666666666667,0.6333333333333333,0.16666666666666669,0.26666666666666666,30,1.0,3,0.33333333333333337,6,0.0,1,0.16666666666666669,0.3666666666666667,,,,,,,,,,,,,,,
oracle_hybrid,69fa7e93588c6aea4b134efa44633d38556ce1656b46df276021920a664881a3,ADR-linear-split/OracleGate+OracleChoice,0.7666666666666667,0.7666666666666667,0.0,0.39999999999999997,30,1.0,3,1.0,6,1.0,1,1.0,1.0,,,,,,,,,,,,,,,
oracle_hybrid,69fa7e93588c6aea4b134efa44633d38556ce1656b46df276021920a664881a3,ADR-linear-split/OracleGate+LearnedChoice,0.6666666666666666,0.7000000000000001,0.03333333333333333,0.39999999999999997,30,1.0,3,0.6666666666666667,6,0.0,1,0.33333333333333337,0.5757575757575758,,,,,,,,,,,,,,,
oracle_hybrid,69fa7e93588c6aea4b134efa44633d38556ce1656b46df276021920a664881a3,ADR-linear-split/LearnedGate+OracleChoice,0.5,0.6666666666666667,0.16666666666666669,0.19999999999999998,30,1.0,3,0.5000000000000001,6,0.0,1,0.25000000000000006,0.4222222222222222,,,,,,,,,,,,,,,
oracle_hybrid,69fa7e93588c6aea4b134efa44633d38556ce1656b46df276021920a664881a3,ADR-linear-split/LearnedGate+LearnedChoice,0.43333333333333335,0.6,0.16666666666666669,0.19999999999999998,30,1.0,3,0.16666666666666669,6,0.0,1,0.08333333333333334,0.2952380952380953,,,,,,,,,,,,,,,
oracle_hybrid,69fa7e93588c6aea4b134efa44633d38556ce1656b46df276021920a664881a3,ADR-tiny-nonlinear-choice/OracleGate+OracleChoice,0.7666666666666667,0.7666666666666667,0.0,0.39999999999999997,30,1.0,3,1.0,6,1.0,1,1.0,1.0,,,,,,,,,,,,,,,
oracle_hybrid,69fa7e93588c6aea4b134efa44633d38556ce1656b46df276021920a664881a3,ADR-tiny-nonlinear-choice/OracleGate+LearnedChoice,0.7666666666666667,0.7666666666666667,0.0,0.39999999999999997,30,1.0,3,1.0,6,1.0,1,1.0,1.0,,,,,,,,,,,,,,,
oracle_hybrid,69fa7e93588c6aea4b134efa44633d38556ce1656b46df276021920a664881a3,ADR-tiny-nonlinear-choice/LearnedGate+OracleChoice,0.5,0.6666666666666667,0.16666666666666669,0.26666666666666666,30,1.0,3,0.5000000000000001,6,0.0,1,0.25000000000000006,0.4222222222222222,,,,,,,,,,,,,,,
oracle_hybrid,69fa7e93588c6aea4b134efa44633d38556ce1656b46df276021920a664881a3,ADR-tiny-nonlinear-choice/LearnedGate+LearnedChoice,0.5,0.6666666666666667,0.16666666666666669,0.26666666666666666,30,1.0,3,0.5000000000000001,6,0.0,1,0.25000000000000006,0.4222222222222222,,,,,,,,,,,,,,,
oracle_hybrid,76fe1d96587ab928f6fb5d7750ecd048fd712eb3d66aa60feb972a3d9d56c9d1,ADR-linear-full/OracleGate+OracleChoice,0.6666666666666666,0.6666666666666666,0.0,0.25,12,1.0,5,,0,1.0,2,1.0,0.6666666666666666,,,,,,,,,,,,,,,
oracle_hybrid,76fe1d96587ab928f6fb5d7750ecd048fd712eb3d66aa60feb972a3d9d56c9d1,ADR-linear-full/OracleGate+LearnedChoice,0.5833333333333333,0.6666666666666666,0.08333333333333333,0.25,12,1.0,5,,0,0.5,2,0.5,0.5555555555555555,,,,,,,,,,,,,,,
oracle_hybrid,76fe1d96587ab928f6fb5d7750ecd048fd712eb3d66aa60feb972a3d9d56c9d1,ADR-linear-full/LearnedGate+OracleChoice,0.41666666666666663,0.5833333333333333,0.16666666666666666,0.3333333333333333,12,0.8,5,,0,0.5,2,0.5,0.48888888888888893,,,,,,,,,,,,,,,
oracle_hybrid,76fe1d96587ab928f6fb5d7750ecd048fd712eb3d66aa60feb972a3d9d56c9d1,ADR-linear-full/LearnedGate+LearnedChoice,0.41666666666666663,0.5833333333333333,0.16666666666666666,0.3333333333333333,12,0.8,5,,0,0.5,2,0.5,0.48888888888888893,,,,,,,,,,,,,,,
oracle_hybrid,76fe1d96587ab928f6fb5d7750ecd048fd712eb3d66aa60feb972a3d9d56c9d1,ADR-linear-split/OracleGate+OracleChoice,0.6666666666666666,0.6666666666666666,0.0,0.25,12,1.0,5,,0,1.0,2,1.0,0.6666666666666666,,,,,,,,,,,,,,,
oracle_hybrid,76fe1d96587ab928f6fb5d7750ecd048fd712eb3d66aa60feb972a3d9d56c9d1,ADR-linear-split/OracleGate+LearnedChoice,0.5833333333333333,0.6666666666666666,0.08333333333333333,0.25,12,1.0,5,,0,0.5,2,0.5,0.5555555555555555,,,,,,,,,,,,,,,
oracle_hybrid,76fe1d96587ab928f6fb5d7750ecd048fd712eb3d66aa60feb972a3d9d56c9d1,ADR-linear-split/LearnedGate+OracleChoice,0.41666666666666663,0.49999999999999994,0.08333333333333333,0.49999999999999994,12,0.6000000000000001,5,,0,1.0,2,1.0,0.5833333333333334,,,,,,,,,,,,,,,
oracle_hybrid,76fe1d96587ab928f6fb5d7750ecd048fd712eb3d66aa60feb972a3d9d56c9d1,ADR-linear-split/LearnedGate+LearnedChoice,0.3333333333333333,0.49999999999999994,0.16666666666666666,0.49999999999999994,12,0.6000000000000001,5,,0,0.5,2,0.5,0.47222222222222215,,,,,,,,,,,,,,,
oracle_hybrid,76fe1d96587ab928f6fb5d7750ecd048fd712eb3d66aa60feb972a3d9d56c9d1,ADR-tiny-nonlinear-choice/OracleGate+OracleChoice,0.6666666666666666,0.6666666666666666,0.0,0.25,12,1.0,5,,0,1.0,2,1.0,0.6666666666666666,,,,,,,,,,,,,,,
oracle_hybrid,76fe1d96587ab928f6fb5d7750ecd048fd712eb3d66aa60feb972a3d9d56c9d1,ADR-tiny-nonlinear-choice/OracleGate+LearnedChoice,0.5833333333333333,0.6666666666666666,0.08333333333333333,0.25,12,1.0,5,,0,0.5,2,0.5,0.5555555555555555,,,,,,,,,,,,,,,
oracle_hybrid,76fe1d96587ab928f6fb5d7750ecd048fd712eb3d66aa60feb972a3d9d56c9d1,ADR-tiny-nonlinear-choice/LearnedGate+OracleChoice,0.41666666666666663,0.49999999999999994,0.08333333333333333,0.49999999999999994,12,0.6000000000000001,5,,0,1.0,2,1.0,0.5833333333333334,,,,,,,,,,,,,,,
oracle_hybrid,76fe1d96587ab928f6fb5d7750ecd048fd712eb3d66aa60feb972a3d9d56c9d1,ADR-tiny-nonlinear-choice/LearnedGate+LearnedChoice,0.3333333333333333,0.49999999999999994,0.16666666666666666,0.49999999999999994,12,0.6000000000000001,5,,0,0.5,2,0.5,0.47222222222222215,,,,,,,,,,,,,,,
oracle_hybrid,821b498fc1fcb4e3c103635fa473d7577f718c4f633b273772954295c83ae585,ADR-linear-full/OracleGate+OracleChoice,0.6666666666666667,0.6666666666666667,0.0,0.4,15,1.0,5,1.0,1,1.0,3,1.0,1.0,,,,,,,,,,,,,,,
oracle_hybrid,821b498fc1fcb4e3c103635fa473d7577f718c4f633b273772954295c83ae585,ADR-linear-full/OracleGate+LearnedChoice,0.4666666666666667,0.6000000000000001,0.13333333333333336,0.4,15,1.0,5,0.0,1,0.3333333333333333,3,0.16666666666666666,0.4666666666666666,,,,,,,,,,,,,,,
oracle_hybrid,821b498fc1fcb4e3c103635fa473d7577f718c4f633b273772954295c83ae585,ADR-linear-full/LearnedGate+OracleChoice,0.4,0.6000000000000001,0.20000000000000004,0.4,15,0.8,5,1.0,1,0.3333333333333333,3,0.6666666666666666,0.6313131313131313,,,,,,,,,,,,,,,
oracle_hybrid,821b498fc1fcb4e3c103635fa473d7577f718c4f633b273772954295c83ae585,ADR-linear-full/LearnedGate+LearnedChoice,0.2666666666666667,0.5333333333333334,0.2666666666666667,0.4,15,0.8,5,0.0,1,0.0,3,0.0,0.2424242424242424,,,,,,,,,,,,,,,
oracle_hybrid,821b498fc1fcb4e3c103635fa473d7577f718c4f633b273772954295c83ae585,ADR-linear-split/OracleGate+OracleChoice,0.6666666666666667,0.6666666666666667,0.0,0.4,15,1.0,5,1.0,1,1.0,3,1.0,1.0,,,,,,,,,,,,,,,
oracle_hybrid,821b498fc1fcb4e3c103635fa473d7577f718c4f633b273772954295c83ae585,ADR-linear-split/OracleGate+LearnedChoice,0.4666666666666667,0.6000000000000001,0.13333333333333336,0.4,15,1.0,5,0.0,1,0.3333333333333333,3,0.16666666666666666,0.4666666666666666,,,,,,,,,,,,,,,
oracle_hybrid,821b498fc1fcb4e3c103635fa473d7577f718c4f633b273772954295c83ae585,ADR-linear-split/LearnedGate+OracleChoice,0.5333333333333334,0.5333333333333334,0.0,0.7333333333333334,15,0.6000000000000001,5,1.0,1,1.0,3,1.0,0.75,,,,,,,,,,,,,,,
oracle_hybrid,821b498fc1fcb4e3c103635fa473d7577f718c4f633b273772954295c83ae585,ADR-linear-split/LearnedGate+LearnedChoice,0.33333333333333337,0.46666666666666673,0.13333333333333336,0.7333333333333334,15,0.6000000000000001,5,0.0,1,0.3333333333333333,3,0.16666666666666666,0.3833333333333333,,,,,,,,,,,,,,,
oracle_hybrid,821b498fc1fcb4e3c103635fa473d7577f718c4f633b273772954295c83ae585,ADR-tiny-nonlinear-choice/OracleGate+OracleChoice,0.6666666666666667,0.6666666666666667,0.0,0.4,15,1.0,5,1.0,1,1.0,3,1.0,1.0,,,,,,,,,,,,,,,
oracle_hybrid,821b498fc1fcb4e3c103635fa473d7577f718c4f633b273772954295c83ae585,ADR-tiny-nonlinear-choice/OracleGate+LearnedChoice,0.6000000000000001,0.6666666666666667,0.06666666666666668,0.4,15,1.0,5,1.0,1,0.6666666666666666,3,0.8333333333333333,0.8222222222222221,,,,,,,,,,,,,,,
oracle_hybrid,821b498fc1fcb4e3c103635fa473d7577f718c4f633b273772954295c83ae585,ADR-tiny-nonlinear-choice/LearnedGate+OracleChoice,0.4,0.6000000000000001,0.20000000000000004,0.4,15,0.8,5,1.0,1,0.3333333333333333,3,0.6666666666666666,0.6313131313131313,,,,,,,,,,,,,,,
oracle_hybrid,821b498fc1fcb4e3c103635fa473d7577f718c4f633b273772954295c83ae585,ADR-tiny-nonlinear-choice/LearnedGate+LearnedChoice,0.33333333333333337,0.6000000000000001,0.2666666666666667,0.4,15,0.8,5,1.0,1,0.0,3,0.5,0.409090909090909,,,,,,,,,,,,,,,
oracle_hybrid,9176c2514b8a62105f4d2b8a22a8a0b0236c5b9feda58c18ef64cea917b98d9d,ADR-linear-full/OracleGate+OracleChoice,0.7333333333333334,0.8666666666666667,0.13333333333333336,0.20000000000000004,15,1.0,7,1.0,3,,0,1.0,0.6666666666666666,,,,,,,,,,,,,,,
oracle_hybrid,9176c2514b8a62105f4d2b8a22a8a0b0236c5b9feda58c18ef64cea917b98d9d,ADR-linear-full/OracleGate+LearnedChoice,0.6000000000000001,0.7333333333333334,0.13333333333333336,0.20000000000000004,15,1.0,7,0.3333333333333333,3,,0,0.3333333333333333,0.5,,,,,,,,,,,,,,,
oracle_hybrid,9176c2514b8a62105f4d2b8a22a8a0b0236c5b9feda58c18ef64cea917b98d9d,ADR-linear-full/LearnedGate+OracleChoice,0.4666666666666667,0.7333333333333334,0.2666666666666667,0.13333333333333336,15,1.0,7,0.3333333333333333,3,,0,0.3333333333333333,0.4583333333333333,,,,,,,,,,,,,,,
oracle_hybrid,9176c2514b8a62105f4d2b8a22a8a0b0236c5b9feda58c18ef64cea917b98d9d,ADR-linear-full/LearnedGate+LearnedChoice,0.4,0.6666666666666667,0.2666666666666667,0.13333333333333336,15,1.0,7,0.3333333333333333,3,,0,0.3333333333333333,0.4583333333333333,,,,,,,,,,,,,,,
oracle_hybrid,9176c2514b8a62105f4d2b8a22a8a0b0236c5b9feda58c18ef64cea917b98d9d,ADR-linear-split/OracleGate+OracleChoice,0.7333333333333334,0.8666666666666667,0.13333333333333336,0.20000000000000004,15,1.0,7,1.0,3,,0,1.0,0.6666666666666666,,,,,,,,,,,,,,,
oracle_hybrid,9176c2514b8a62105f4d2b8a22a8a0b0236c5b9feda58c18ef64cea917b98d9d,ADR-linear-split/OracleGate+LearnedChoice,0.6666666666666667,0.8,0.13333333333333336,0.20000000000000004,15,1.0,7,0.6666666666666666,3,,0,0.6666666666666666,0.6,,,,,,,,,,,,,,,
oracle_hybrid,9176c2514b8a62105f4d2b8a22a8a0b0236c5b9feda58c18ef64cea917b98d9d,ADR-linear-split/LearnedGate+OracleChoice,0.4666666666666667,0.7333333333333334,0.2666666666666667,0.13333333333333336,15,1.0,7,0.3333333333333333,3,,0,0.3333333333333333,0.4583333333333333,,,,,,,,,,,,,,,
oracle_hybrid,9176c2514b8a62105f4d2b8a22a8a0b0236c5b9feda58c18ef64cea917b98d9d,ADR-linear-split/LearnedGate+LearnedChoice,0.4,0.6666666666666667,0.2666666666666667,0.13333333333333336,15,1.0,7,0.3333333333333333,3,,0,0.3333333333333333,0.4583333333333333,,,,,,,,,,,,,,,
oracle_hybrid,9176c2514b8a62105f4d2b8a22a8a0b0236c5b9feda58c18ef64cea917b98d9d,ADR-tiny-nonlinear-choice/OracleGate+OracleChoice,0.7333333333333334,0.8666666666666667,0.13333333333333336,0.20000000000000004,15,1.0,7,1.0,3,,0,1.0,0.6666666666666666,,,,,,,,,,,,,,,
oracle_hybrid,9176c2514b8a62105f4d2b8a22a8a0b0236c5b9feda58c18ef64cea917b98d9d,ADR-tiny-nonlinear-choice/OracleGate+LearnedChoice,0.7333333333333334,0.8666666666666667,0.13333333333333336,0.20000000000000004,15,1.0,7,1.0,3,,0,1.0,0.6666666666666666,,,,,,,,,,,,,,,
oracle_hybrid,9176c2514b8a62105f4d2b8a22a8a0b0236c5b9feda58c18ef64cea917b98d9d,ADR-tiny-nonlinear-choice/LearnedGate+OracleChoice,0.4666666666666667,0.7333333333333334,0.2666666666666667,0.13333333333333336,15,1.0,7,0.3333333333333333,3,,0,0.3333333333333333,0.4583333333333333,,,,,,,,,,,,,,,
oracle_hybrid,9176c2514b8a62105f4d2b8a22a8a0b0236c5b9feda58c18ef64cea917b98d9d,ADR-tiny-nonlinear-choice/LearnedGate+LearnedChoice,0.4,0.6666666666666667,0.2666666666666667,0.13333333333333336,15,1.0,7,0.3333333333333333,3,,0,0.3333333333333333,0.4583333333333333,,,,,,,,,,,,,,,
oracle_hybrid,986b3dff233a80cf0fd1c48f815600f49b95f83be0d9f898fee40d0a5c9dca63,ADR-linear-full/OracleGate+OracleChoice,0.75,0.8333333333333334,0.08333333333333333,0.25,12,1.0,2,1.0,3,,0,1.0,0.6666666666666666,,,,,,,,,,,,,,,
oracle_hybrid,986b3dff233a80cf0fd1c48f815600f49b95f83be0d9f898fee40d0a5c9dca63,ADR-linear-full/OracleGate+LearnedChoice,0.75,0.8333333333333334,0.08333333333333333,0.25,12,1.0,2,1.0,3,,0,1.0,0.6666666666666666,,,,,,,,,,,,,,,
oracle_hybrid,986b3dff233a80cf0fd1c48f815600f49b95f83be0d9f898fee40d0a5c9dca63,ADR-linear-full/LearnedGate+OracleChoice,0.5833333333333333,0.7500000000000001,0.16666666666666666,0.3333333333333333,12,1.0,2,0.6666666666666666,3,,0,0.6666666666666666,0.5333333333333333,,,,,,,,,,,,,,,
oracle_hybrid,986b3dff233a80cf0fd1c48f815600f49b95f83be0d9f898fee40d0a5c9dca63,ADR-linear-full/LearnedGate+LearnedChoice,0.5833333333333333,0.7500000000000001,0.16666666666666666,0.3333333333333333,12,1.0,2,0.6666666666666666,3,,0,0.6666666666666666,0.5333333333333333,,,,,,,,,,,,,,,
oracle_hybrid,986b3dff233a80cf0fd1c48f815600f49b95f83be0d9f898fee40d0a5c9dca63,ADR-linear-split/OracleGate+OracleChoice,0.75,0.8333333333333334,0.08333333333333333,0.25,12,1.0,2,1.0,3,,0,1.0,0.6666666666666666,,,,,,,,,,,,,,,
oracle_hybrid,986b3dff233a80cf0fd1c48f815600f49b95f83be0d9f898fee40d0a5c9dca63,ADR-linear-split/OracleGate+LearnedChoice,0.6666666666666667,0.7500000000000001,0.08333333333333333,0.25,12,1.0,2,0.6666666666666666,3,,0,0.6666666666666666,0.6,,,,,,,,,,,,,,,
oracle_hybrid,986b3dff233a80cf0fd1c48f815600f49b95f83be0d9f898fee40d0a5c9dca63,ADR-linear-split/LearnedGate+OracleChoice,0.5833333333333333,0.7500000000000001,0.16666666666666666,0.3333333333333333,12,1.0,2,0.6666666666666666,3,,0,0.6666666666666666,0.5333333333333333,,,,,,,,,,,,,,,
oracle_hybrid,986b3dff233a80cf0fd1c48f815600f49b95f83be0d9f898fee40d0a5c9dca63,ADR-linear-split/LearnedGate+LearnedChoice,0.49999999999999994,0.6666666666666666,0.16666666666666666,0.3333333333333333,12,1.0,2,0.3333333333333333,3,,0,0.3333333333333333,0.43333333333333335,,,,,,,,,,,,,,,
oracle_hybrid,986b3dff233a80cf0fd1c48f815600f49b95f83be0d9f898fee40d0a5c9dca63,ADR-tiny-nonlinear-choice/OracleGate+OracleChoice,0.75,0.8333333333333334,0.08333333333333333,0.25,12,1.0,2,1.0,3,,0,1.0,0.6666666666666666,,,,,,,,,,,,,,,
oracle_hybrid,986b3dff233a80cf0fd1c48f815600f49b95f83be0d9f898fee40d0a5c9dca63,ADR-tiny-nonlinear-choice/OracleGate+LearnedChoice,0.6666666666666667,0.7500000000000001,0.08333333333333333,0.25,12,1.0,2,0.6666666666666666,3,,0,0.6666666666666666,0.6,,,,,,,,,,,,,,,
oracle_hybrid,986b3dff233a80cf0fd1c48f815600f49b95f83be0d9f898fee40d0a5c9dca63,ADR-tiny-nonlinear-choice/LearnedGate+OracleChoice,0.41666666666666663,0.6666666666666666,0.25,0.08333333333333333,12,1.0,2,0.3333333333333333,3,,0,0.3333333333333333,0.38888888888888884,,,,,,,,,,,,,,,
oracle_hybrid,986b3dff233a80cf0fd1c48f815600f49b95f83be0d9f898fee40d0a5c9dca63,ADR-tiny-nonlinear-choice/LearnedGate+LearnedChoice,0.3333333333333333,0.5833333333333333,0.25,0.08333333333333333,12,1.0,2,0.0,3,,0,0.0,0.2222222222222222,,,,,,,,,,,,,,,
oracle_hybrid,a3e1c487338ecfe4ce59e1e8f0be7a20d0442476ad923022ec430bdb5470ee56,ADR-linear-full/OracleGate+OracleChoice,0.9166666666666667,0.9166666666666667,0.0,0.49999999999999994,12,,0,1.0,6,,0,1.0,0.3333333333333333,,,,,,,,,,,,,,,
oracle_hybrid,a3e1c487338ecfe4ce59e1e8f0be7a20d0442476ad923022ec430bdb5470ee56,ADR-linear-full/OracleGate+LearnedChoice,0.6666666666666667,0.6666666666666667,0.0,0.49999999999999994,12,,0,0.5000000000000001,6,,0,0.5000000000000001,0.2222222222222222,,,,,,,,,,,,,,,
oracle_hybrid,a3e1c487338ecfe4ce59e1e8f0be7a20d0442476ad923022ec430bdb5470ee56,ADR-linear-full/LearnedGate+OracleChoice,0.3333333333333333,0.49999999999999994,0.16666666666666666,0.08333333333333333,12,,0,0.16666666666666669,6,,0,0.16666666666666669,0.09523809523809525,,,,,,,,,,,,,,,
oracle_hybrid,a3e1c487338ecfe4ce59e1e8f0be7a20d0442476ad923022ec430bdb5470ee56,ADR-linear-full/LearnedGate+LearnedChoice,0.25,0.41666666666666663,0.16666666666666666,0.08333333333333333,12,,0,0.0,6,,0,0.0,0.0,,,,,,,,,,,,,,,
oracle_hybrid,a3e1c487338ecfe4ce59e1e8f0be7a20d0442476ad923022ec430bdb5470ee56,ADR-linear-split/OracleGate+OracleChoice,0.9166666666666667,0.9166666666666667,0.0,0.49999999999999994,12,,0,1.0,6,,0,1.0,0.3333333333333333,,,,,,,,,,,,,,,
oracle_hybrid,a3e1c487338ecfe4ce59e1e8f0be7a20d0442476ad923022ec430bdb5470ee56,ADR-linear-split/OracleGate+LearnedChoice,0.8333333333333334,0.8333333333333334,0.0,0.49999999999999994,12,,0,0.8333333333333334,6,,0,0.8333333333333334,0.30303030303030304,,,,,,,,,,,,,,,
oracle_hybrid,a3e1c487338ecfe4ce59e1e8f0be7a20d0442476ad923022ec430bdb5470ee56,ADR-linear-split/LearnedGate+OracleChoice,0.3333333333333333,0.49999999999999994,0.16666666666666666,0.08333333333333333,12,,0,0.16666666666666669,6,,0,0.16666666666666669,0.09523809523809525,,,,,,,,,,,,,,,
oracle_hybrid,a3e1c487338ecfe4ce59e1e8f0be7a20d0442476ad923022ec430bdb5470ee56,ADR-linear-split/LearnedGate+LearnedChoice,0.25,0.41666666666666663,0.16666666666666666,0.08333333333333333,12,,0,0.0,6,,0,0.0,0.0,,,,,,,,,,,,,,,
oracle_hybrid,a3e1c487338ecfe4ce59e1e8f0be7a20d0442476ad923022ec430bdb5470ee56,ADR-tiny-nonlinear-choice/OracleGate+OracleChoice,0.9166666666666667,0.9166666666666667,0.0,0.49999999999999994,12,,0,1.0,6,,0,1.0,0.3333333333333333,,,,,,,,,,,,,,,
oracle_hybrid,a3e1c487338ecfe4ce59e1e8f0be7a20d0442476ad923022ec430bdb5470ee56,ADR-tiny-nonlinear-choice/OracleGate+LearnedChoice,0.8333333333333334,0.8333333333333334,0.0,0.49999999999999994,12,,0,0.8333333333333334,6,,0,0.8333333333333334,0.30303030303030304,,,,,,,,,,,,,,,
oracle_hybrid,a3e1c487338ecfe4ce59e1e8f0be7a20d0442476ad923022ec430bdb5470ee56,ADR-tiny-nonlinear-choice/LearnedGate+OracleChoice,0.3333333333333333,0.49999999999999994,0.16666666666666666,0.08333333333333333,12,,0,0.16666666666666669,6,,0,0.16666666666666669,0.09523809523809525,,,,,,,,,,,,,,,
oracle_hybrid,a3e1c487338ecfe4ce59e1e8f0be7a20d0442476ad923022ec430bdb5470ee56,ADR-tiny-nonlinear-choice/LearnedGate+LearnedChoice,0.3333333333333333,0.49999999999999994,0.16666666666666666,0.08333333333333333,12,,0,0.16666666666666669,6,,0,0.16666666666666669,0.09523809523809525,,,,,,,,,,,,,,,
oracle_hybrid,a992f0a563f4b0239708f4be6fa38192e6930b15387567b2d4a16568d4fa5671,ADR-linear-full/OracleGate+OracleChoice,0.6666666666666666,0.6666666666666666,0.0,0.3333333333333333,12,1.0,3,,0,,0,,0.3333333333333333,,,,,,,,,,,,,,,
oracle_hybrid,a992f0a563f4b0239708f4be6fa38192e6930b15387567b2d4a16568d4fa5671,ADR-linear-full/OracleGate+LearnedChoice,0.6666666666666666,0.6666666666666666,0.0,0.3333333333333333,12,1.0,3,,0,,0,,0.3333333333333333,,,,,,,,,,,,,,,
oracle_hybrid,a992f0a563f4b0239708f4be6fa38192e6930b15387567b2d4a16568d4fa5671,ADR-linear-full/LearnedGate+OracleChoice,0.49999999999999994,0.49999999999999994,0.0,0.9166666666666667,12,0.3333333333333333,3,,0,,0,,0.16666666666666666,,,,,,,,,,,,,,,
oracle_hybrid,a992f0a563f4b0239708f4be6fa38192e6930b15387567b2d4a16568d4fa5671,ADR-linear-full/LearnedGate+LearnedChoice,0.49999999999999994,0.49999999999999994,0.0,0.9166666666666667,12,0.3333333333333333,3,,0,,0,,0.16666666666666666,,,,,,,,,,,,,,,
oracle_hybrid,a992f0a563f4b0239708f4be6fa38192e6930b15387567b2d4a16568d4fa5671,ADR-linear-split/OracleGate+OracleChoice,0.6666666666666666,0.6666666666666666,0.0,0.3333333333333333,12,1.0,3,,0,,0,,0.3333333333333333,,,,,,,,,,,,,,,
oracle_hybrid,a992f0a563f4b0239708f4be6fa38192e6930b15387567b2d4a16568d4fa5671,ADR-linear-split/OracleGate+LearnedChoice,0.6666666666666666,0.6666666666666666,0.0,0.3333333333333333,12,1.0,3,,0,,0,,0.3333333333333333,,,,,,,,,,,,,,,
oracle_hybrid,a992f0a563f4b0239708f4be6fa38192e6930b15387567b2d4a16568d4fa5671,ADR-linear-split/LearnedGate+OracleChoice,0.49999999999999994,0.49999999999999994,0.0,0.9166666666666667,12,0.3333333333333333,3,,0,,0,,0.16666666666666666,,,,,,,,,,,,,,,
oracle_hybrid,a992f0a563f4b0239708f4be6fa38192e6930b15387567b2d4a16568d4fa5671,ADR-linear-split/LearnedGate+LearnedChoice,0.49999999999999994,0.49999999999999994,0.0,0.9166666666666667,12,0.3333333333333333,3,,0,,0,,0.16666666666666666,,,,,,,,,,,,,,,
oracle_hybrid,a992f0a563f4b0239708f4be6fa38192e6930b15387567b2d4a16568d4fa5671,ADR-tiny-nonlinear-choice/OracleGate+OracleChoice,0.6666666666666666,0.6666666666666666,0.0,0.3333333333333333,12,1.0,3,,0,,0,,0.3333333333333333,,,,,,,,,,,,,,,
oracle_hybrid,a992f0a563f4b0239708f4be6fa38192e6930b15387567b2d4a16568d4fa5671,ADR-tiny-nonlinear-choice/OracleGate+LearnedChoice,0.6666666666666666,0.6666666666666666,0.0,0.3333333333333333,12,1.0,3,,0,,0,,0.3333333333333333,,,,,,,,,,,,,,,
oracle_hybrid,a992f0a563f4b0239708f4be6fa38192e6930b15387567b2d4a16568d4fa5671,ADR-tiny-nonlinear-choice/LearnedGate+OracleChoice,0.49999999999999994,0.49999999999999994,0.0,0.9166666666666667,12,0.3333333333333333,3,,0,,0,,0.16666666666666666,,,,,,,,,,,,,,,
oracle_hybrid,a992f0a563f4b0239708f4be6fa38192e6930b15387567b2d4a16568d4fa5671,ADR-tiny-nonlinear-choice/LearnedGate+LearnedChoice,0.49999999999999994,0.49999999999999994,0.0,0.9166666666666667,12,0.3333333333333333,3,,0,,0,,0.16666666666666666,,,,,,,,,,,,,,,
oracle_hybrid,b830bede73f505b84b88a6596e92c22a5a4c0ded1e275e8e5b28a599849d2df6,ADR-linear-full/OracleGate+OracleChoice,0.6666666666666666,0.6666666666666666,0.0,0.3333333333333333,30,1.0,7,1.0,1,1.0,6,1.0,1.0,,,,,,,,,,,,,,,
oracle_hybrid,b830bede73f505b84b88a6596e92c22a5a4c0ded1e275e8e5b28a599849d2df6,ADR-linear-full/OracleGate+LearnedChoice,0.5333333333333333,0.6666666666666666,0.13333333333333333,0.3333333333333333,30,1.0,7,1.0,1,0.33333333333333337,6,0.6666666666666667,0.611111111111111,,,,,,,,,,,,,,,
oracle_hybrid,b830bede73f505b84b88a6596e92c22a5a4c0ded1e275e8e5b28a599849d2df6,ADR-linear-full/LearnedGate+OracleChoice,0.5,0.6,0.1,0.36666666666666664,30,0.7142857142857143,7,1.0,1,1.0,6,1.0,0.7777777777777778,,,,,,,,,,,,,,,
oracle_hybrid,b830bede73f505b84b88a6596e92c22a5a4c0ded1e275e8e5b28a599849d2df6,ADR-linear-full/LearnedGate+LearnedChoice,0.3666666666666667,0.6,0.23333333333333334,0.36666666666666664,30,0.7142857142857143,7,1.0,1,0.33333333333333337,6,0.6666666666666667,0.5277777777777778,,,,,,,,,,,,,,,
oracle_hybrid,b830bede73f505b84b88a6596e92c22a5a4c0ded1e275e8e5b28a599849d2df6,ADR-linear-split/OracleGate+OracleChoice,0.6666666666666666,0.6666666666666666,0.0,0.3333333333333333,30,1.0,7,1.0,1,1.0,6,1.0,1.0,,,,,,,,,,,,,,,
oracle_hybrid,b830bede73f505b84b88a6596e92c22a5a4c0ded1e275e8e5b28a599849d2df6,ADR-linear-split/OracleGate+LearnedChoice,0.5,0.6666666666666666,0.16666666666666666,0.3333333333333333,30,1.0,7,1.0,1,0.16666666666666669,6,0.5833333333333334,0.5238095238095238,,,,,,,,,,,,,,,
oracle_hybrid,b830bede73f505b84b88a6596e92c22a5a4c0ded1e275e8e5b28a599849d2df6,ADR-linear-split/LearnedGate+OracleChoice,0.5,0.6,0.1,0.36666666666666664,30,0.7142857142857143,7,1.0,1,1.0,6,1.0,0.7777777777777778,,,,,,,,,,,,,,,
oracle_hybrid,b830bede73f505b84b88a6596e92c22a5a4c0ded1e275e8e5b28a599849d2df6,ADR-linear-split/LearnedGate+LearnedChoice,0.33333333333333337,0.6,0.26666666666666666,0.36666666666666664,30,0.7142857142857143,7,1.0,1,0.16666666666666669,6,0.5833333333333334,0.44708994708994715,,,,,,,,,,,,,,,
oracle_hybrid,b830bede73f505b84b88a6596e92c22a5a4c0ded1e275e8e5b28a599849d2df6,ADR-tiny-nonlinear-choice/OracleGate+OracleChoice,0.6666666666666666,0.6666666666666666,0.0,0.3333333333333333,30,1.0,7,1.0,1,1.0,6,1.0,1.0,,,,,,,,,,,,,,,
oracle_hybrid,b830bede73f505b84b88a6596e92c22a5a4c0ded1e275e8e5b28a599849d2df6,ADR-tiny-nonlinear-choice/OracleGate+LearnedChoice,0.5333333333333333,0.6666666666666666,0.13333333333333333,0.3333333333333333,30,1.0,7,1.0,1,0.33333333333333337,6,0.6666666666666667,0.611111111111111,,,,,,,,,,,,,,,
oracle_hybrid,b830bede73f505b84b88a6596e92c22a5a4c0ded1e275e8e5b28a599849d2df6,ADR-tiny-nonlinear-choice/LearnedGate+OracleChoice,0.5,0.6,0.1,0.36666666666666664,30,0.7142857142857143,7,1.0,1,1.0,6,1.0,0.7777777777777778,,,,,,,,,,,,,,,
oracle_hybrid,b830bede73f505b84b88a6596e92c22a5a4c0ded1e275e8e5b28a599849d2df6,ADR-tiny-nonlinear-choice/LearnedGate+LearnedChoice,0.3666666666666667,0.6,0.23333333333333334,0.36666666666666664,30,0.7142857142857143,7,1.0,1,0.33333333333333337,6,0.6666666666666667,0.5211640211640212,,,,,,,,,,,,,,,
oracle_hybrid,c8fa274849bf4beeb7c46b93a7de7a6242e5af2e9c83a395e8d0db16da5e81d8,ADR-linear-full/OracleGate+OracleChoice,0.6000000000000001,0.6000000000000001,0.0,0.33333333333333337,15,1.0,4,1.0,1,1.0,2,1.0,1.0,,,,,,,,,,,,,,,
oracle_hybrid,c8fa274849bf4beeb7c46b93a7de7a6242e5af2e9c83a395e8d0db16da5e81d8,ADR-linear-full/OracleGate+LearnedChoice,0.4666666666666667,0.6000000000000001,0.13333333333333336,0.33333333333333337,15,1.0,4,1.0,1,0.0,2,0.5,0.5,,,,,,,,,,,,,,,
oracle_hybrid,c8fa274849bf4beeb7c46b93a7de7a6242e5af2e9c83a395e8d0db16da5e81d8,ADR-linear-full/LearnedGate+OracleChoice,0.4,0.6000000000000001,0.20000000000000004,0.13333333333333336,15,1.0,4,0.0,1,1.0,2,0.5,0.6296296296296297,,,,,,,,,,,,,,,
oracle_hybrid,c8fa274849bf4beeb7c46b93a7de7a6242e5af2e9c83a395e8d0db16da5e81d8,ADR-linear-full/LearnedGate+LearnedChoice,0.2666666666666667,0.6000000000000001,0.33333333333333337,0.13333333333333336,15,1.0,4,0.0,1,0.0,2,0.0,0.29629629629629634,,,,,,,,,,,,,,,
oracle_hybrid,c8fa274849bf4beeb7c46b93a7de7a6242e5af2e9c83a395e8d0db16da5e81d8,ADR-linear-split/OracleGate+OracleChoice,0.6000000000000001,0.6000000000000001,0.0,0.33333333333333337,15,1.0,4,1.0,1,1.0,2,1.0,1.0,,,,,,,,,,,,,,,
oracle_hybrid,c8fa274849bf4beeb7c46b93a7de7a6242e5af2e9c83a395e8d0db16da5e81d8,ADR-linear-split/OracleGate+LearnedChoice,0.4666666666666667,0.6000000000000001,0.13333333333333336,0.33333333333333337,15,1.0,4,1.0,1,0.0,2,0.5,0.5,,,,,,,,,,,,,,,
oracle_hybrid,c8fa274849bf4beeb7c46b93a7de7a6242e5af2e9c83a395e8d0db16da5e81d8,ADR-linear-split/LearnedGate+OracleChoice,0.33333333333333337,0.33333333333333337,0.0,0.9333333333333333,15,0.0,4,1.0,1,1.0,2,1.0,0.4444444444444444,,,,,,,,,,,,,,,
oracle_hybrid,c8fa274849bf4beeb7c46b93a7de7a6242e5af2e9c83a395e8d0db16da5e81d8,ADR-linear-split/LearnedGate+LearnedChoice,0.20000000000000004,0.33333333333333337,0.13333333333333336,0.9333333333333333,15,0.0,4,1.0,1,0.0,2,0.5,0.08333333333333333,,,,,,,,,,,,,,,
oracle_hybrid,c8fa274849bf4beeb7c46b93a7de7a6242e5af2e9c83a395e8d0db16da5e81d8,ADR-tiny-nonlinear-choice/OracleGate+OracleChoice,0.6000000000000001,0.6000000000000001,0.0,0.33333333333333337,15,1.0,4,1.0,1,1.0,2,1.0,1.0,,,,,,,,,,,,,,,
oracle_hybrid,c8fa274849bf4beeb7c46b93a7de7a6242e5af2e9c83a395e8d0db16da5e81d8,ADR-tiny-nonlinear-choice/OracleGate+LearnedChoice,0.5333333333333334,0.6000000000000001,0.06666666666666668,0.33333333333333337,15,1.0,4,1.0,1,0.5,2,0.75,0.7777777777777777,,,,,,,,,,,,,,,
oracle_hybrid,c8fa274849bf4beeb7c46b93a7de7a6242e5af2e9c83a395e8d0db16da5e81d8,ADR-tiny-nonlinear-choice/LearnedGate+OracleChoice,0.4,0.6000000000000001,0.20000000000000004,0.13333333333333336,15,1.0,4,0.0,1,1.0,2,0.5,0.6296296296296297,,,,,,,,,,,,,,,
oracle_hybrid,c8fa274849bf4beeb7c46b93a7de7a6242e5af2e9c83a395e8d0db16da5e81d8,ADR-tiny-nonlinear-choice/LearnedGate+LearnedChoice,0.33333333333333337,0.6000000000000001,0.2666666666666667,0.13333333333333336,15,1.0,4,0.0,1,0.5,2,0.25,0.5185185185185185,,,,,,,,,,,,,,,
oracle_hybrid,d6796d48077a08484abd1252e6deb387d8b6a10bf445e66c4e6eaa0bde0f7818,ADR-linear-full/OracleGate+OracleChoice,0.2,0.4,0.2,0.8,5,,0,1.0,4,,0,1.0,0.3333333333333333,,,,,,,,,,,,,,,
oracle_hybrid,d6796d48077a08484abd1252e6deb387d8b6a10bf445e66c4e6eaa0bde0f7818,ADR-linear-full/OracleGate+LearnedChoice,0.2,0.4,0.2,0.8,5,,0,1.0,4,,0,1.0,0.3333333333333333,,,,,,,,,,,,,,,
oracle_hybrid,d6796d48077a08484abd1252e6deb387d8b6a10bf445e66c4e6eaa0bde0f7818,ADR-linear-full/LearnedGate+OracleChoice,-0.8,0.0,0.8,0.2,5,,0,0.25,4,,0,0.25,0.13333333333333333,,,,,,,,,,,,,,,
oracle_hybrid,d6796d48077a08484abd1252e6deb387d8b6a10bf445e66c4e6eaa0bde0f7818,ADR-linear-full/LearnedGate+LearnedChoice,-0.8,0.0,0.8,0.2,5,,0,0.25,4,,0,0.25,0.13333333333333333,,,,,,,,,,,,,,,
oracle_hybrid,d6796d48077a08484abd1252e6deb387d8b6a10bf445e66c4e6eaa0bde0f7818,ADR-linear-split/OracleGate+OracleChoice,0.2,0.4,0.2,0.8,5,,0,1.0,4,,0,1.0,0.3333333333333333,,,,,,,,,,,,,,,
oracle_hybrid,d6796d48077a08484abd1252e6deb387d8b6a10bf445e66c4e6eaa0bde0f7818,ADR-linear-split/OracleGate+LearnedChoice,0.2,0.4,0.2,0.8,5,,0,1.0,4,,0,1.0,0.3333333333333333,,,,,,,,,,,,,,,
oracle_hybrid,d6796d48077a08484abd1252e6deb387d8b6a10bf445e66c4e6eaa0bde0f7818,ADR-linear-split/LearnedGate+OracleChoice,-0.8,0.0,0.8,0.2,5,,0,0.25,4,,0,0.25,0.13333333333333333,,,,,,,,,,,,,,,
oracle_hybrid,d6796d48077a08484abd1252e6deb387d8b6a10bf445e66c4e6eaa0bde0f7818,ADR-linear-split/LearnedGate+LearnedChoice,-0.8,0.0,0.8,0.2,5,,0,0.25,4,,0,0.25,0.13333333333333333,,,,,,,,,,,,,,,
oracle_hybrid,d6796d48077a08484abd1252e6deb387d8b6a10bf445e66c4e6eaa0bde0f7818,ADR-tiny-nonlinear-choice/OracleGate+OracleChoice,0.2,0.4,0.2,0.8,5,,0,1.0,4,,0,1.0,0.3333333333333333,,,,,,,,,,,,,,,
oracle_hybrid,d6796d48077a08484abd1252e6deb387d8b6a10bf445e66c4e6eaa0bde0f7818,ADR-tiny-nonlinear-choice/OracleGate+LearnedChoice,-0.2,0.2,0.4,0.8,5,,0,0.75,4,,0,0.75,0.2857142857142857,,,,,,,,,,,,,,,
oracle_hybrid,d6796d48077a08484abd1252e6deb387d8b6a10bf445e66c4e6eaa0bde0f7818,ADR-tiny-nonlinear-choice/LearnedGate+OracleChoice,-0.8,0.0,0.8,0.2,5,,0,0.25,4,,0,0.25,0.13333333333333333,,,,,,,,,,,,,,,
oracle_hybrid,d6796d48077a08484abd1252e6deb387d8b6a10bf445e66c4e6eaa0bde0f7818,ADR-tiny-nonlinear-choice/LearnedGate+LearnedChoice,-0.8,0.0,0.8,0.2,5,,0,0.25,4,,0,0.25,0.13333333333333333,,,,,,,,,,,,,,,
oracle_hybrid,ddd84e646ab0cdd38c0f283802f28ac361a412492f3872c7f489b95bb55d53af,ADR-linear-full/OracleGate+OracleChoice,0.4000000000000001,0.46666666666666673,0.06666666666666668,0.06666666666666668,15,1.0,3,,0,,0,,0.3333333333333333,,,,,,,,,,,,,,,
oracle_hybrid,ddd84e646ab0cdd38c0f283802f28ac361a412492f3872c7f489b95bb55d53af,ADR-linear-full/OracleGate+LearnedChoice,0.4000000000000001,0.46666666666666673,0.06666666666666668,0.06666666666666668,15,1.0,3,,0,,0,,0.3333333333333333,,,,,,,,,,,,,,,
oracle_hybrid,ddd84e646ab0cdd38c0f283802f28ac361a412492f3872c7f489b95bb55d53af,ADR-linear-full/LearnedGate+OracleChoice,0.20000000000000004,0.33333333333333337,0.13333333333333336,0.33333333333333337,15,0.3333333333333333,3,,0,,0,,0.16666666666666666,,,,,,,,,,,,,,,
oracle_hybrid,ddd84e646ab0cdd38c0f283802f28ac361a412492f3872c7f489b95bb55d53af,ADR-linear-full/LearnedGate+LearnedChoice,0.1333333333333334,0.2666666666666667,0.13333333333333336,0.33333333333333337,15,0.3333333333333333,3,,0,,0,,0.16666666666666666,,,,,,,,,,,,,,,
oracle_hybrid,ddd84e646ab0cdd38c0f283802f28ac361a412492f3872c7f489b95bb55d53af,ADR-linear-split/OracleGate+OracleChoice,0.4000000000000001,0.46666666666666673,0.06666666666666668,0.06666666666666668,15,1.0,3,,0,,0,,0.3333333333333333,,,,,,,,,,,,,,,
oracle_hybrid,ddd84e646ab0cdd38c0f283802f28ac361a412492f3872c7f489b95bb55d53af,ADR-linear-split/OracleGate+LearnedChoice,0.4000000000000001,0.46666666666666673,0.06666666666666668,0.06666666666666668,15,1.0,3,,0,,0,,0.3333333333333333,,,,,,,,,,,,,,,
oracle_hybrid,ddd84e646ab0cdd38c0f283802f28ac361a412492f3872c7f489b95bb55d53af,ADR-linear-split/LearnedGate+OracleChoice,0.20000000000000004,0.33333333333333337,0.13333333333333336,0.33333333333333337,15,0.3333333333333333,3,,0,,0,,0.16666666666666666,,,,,,,,,,,,,,,
oracle_hybrid,ddd84e646ab0cdd38c0f283802f28ac361a412492f3872c7f489b95bb55d53af,ADR-linear-split/LearnedGate+LearnedChoice,0.20000000000000004,0.33333333333333337,0.13333333333333336,0.33333333333333337,15,0.3333333333333333,3,,0,,0,,0.16666666666666666,,,,,,,,,,,,,,,
oracle_hybrid,ddd84e646ab0cdd38c0f283802f28ac361a412492f3872c7f489b95bb55d53af,ADR-tiny-nonlinear-choice/OracleGate+OracleChoice,0.4000000000000001,0.46666666666666673,0.06666666666666668,0.06666666666666668,15,1.0,3,,0,,0,,0.3333333333333333,,,,,,,,,,,,,,,
oracle_hybrid,ddd84e646ab0cdd38c0f283802f28ac361a412492f3872c7f489b95bb55d53af,ADR-tiny-nonlinear-choice/OracleGate+LearnedChoice,0.4000000000000001,0.46666666666666673,0.06666666666666668,0.06666666666666668,15,1.0,3,,0,,0,,0.3333333333333333,,,,,,,,,,,,,,,
oracle_hybrid,ddd84e646ab0cdd38c0f283802f28ac361a412492f3872c7f489b95bb55d53af,ADR-tiny-nonlinear-choice/LearnedGate+OracleChoice,0.20000000000000004,0.33333333333333337,0.13333333333333336,0.33333333333333337,15,0.3333333333333333,3,,0,,0,,0.16666666666666666,,,,,,,,,,,,,,,
oracle_hybrid,ddd84e646ab0cdd38c0f283802f28ac361a412492f3872c7f489b95bb55d53af,ADR-tiny-nonlinear-choice/LearnedGate+LearnedChoice,0.20000000000000004,0.33333333333333337,0.13333333333333336,0.33333333333333337,15,0.3333333333333333,3,,0,,0,,0.16666666666666666,,,,,,,,,,,,,,,
oracle_hybrid,f64d2a60c3b9cebc4b5e12f86f4978711b4ca1e7a3788d1756d078c45a1c1004,ADR-linear-full/OracleGate+OracleChoice,0.7500000000000001,0.7500000000000001,0.0,0.25,12,1.0,6,,0,1.0,2,1.0,0.6666666666666666,,,,,,,,,,,,,,,
oracle_hybrid,f64d2a60c3b9cebc4b5e12f86f4978711b4ca1e7a3788d1756d078c45a1c1004,ADR-linear-full/OracleGate+LearnedChoice,0.7500000000000001,0.7500000000000001,0.0,0.25,12,1.0,6,,0,1.0,2,1.0,0.6666666666666666,,,,,,,,,,,,,,,
oracle_hybrid,f64d2a60c3b9cebc4b5e12f86f4978711b4ca1e7a3788d1756d078c45a1c1004,ADR-linear-full/LearnedGate+OracleChoice,0.49999999999999994,0.5833333333333333,0.08333333333333333,0.3333333333333333,12,0.6666666666666667,6,,0,1.0,2,1.0,0.6,,,,,,,,,,,,,,,
oracle_hybrid,f64d2a60c3b9cebc4b5e12f86f4978711b4ca1e7a3788d1756d078c45a1c1004,ADR-linear-full/LearnedGate+LearnedChoice,0.49999999999999994,0.5833333333333333,0.08333333333333333,0.3333333333333333,12,0.6666666666666667,6,,0,1.0,2,1.0,0.6,,,,,,,,,,,,,,,
oracle_hybrid,f64d2a60c3b9cebc4b5e12f86f4978711b4ca1e7a3788d1756d078c45a1c1004,ADR-linear-split/OracleGate+OracleChoice,0.7500000000000001,0.7500000000000001,0.0,0.25,12,1.0,6,,0,1.0,2,1.0,0.6666666666666666,,,,,,,,,,,,,,,
oracle_hybrid,f64d2a60c3b9cebc4b5e12f86f4978711b4ca1e7a3788d1756d078c45a1c1004,ADR-linear-split/OracleGate+LearnedChoice,0.7500000000000001,0.7500000000000001,0.0,0.25,12,1.0,6,,0,1.0,2,1.0,0.6666666666666666,,,,,,,,,,,,,,,
oracle_hybrid,f64d2a60c3b9cebc4b5e12f86f4978711b4ca1e7a3788d1756d078c45a1c1004,ADR-linear-split/LearnedGate+OracleChoice,0.49999999999999994,0.5833333333333333,0.08333333333333333,0.3333333333333333,12,0.6666666666666667,6,,0,1.0,2,1.0,0.6,,,,,,,,,,,,,,,
oracle_hybrid,f64d2a60c3b9cebc4b5e12f86f4978711b4ca1e7a3788d1756d078c45a1c1004,ADR-linear-split/LearnedGate+LearnedChoice,0.49999999999999994,0.5833333333333333,0.08333333333333333,0.3333333333333333,12,0.6666666666666667,6,,0,1.0,2,1.0,0.6,,,,,,,,,,,,,,,
oracle_hybrid,f64d2a60c3b9cebc4b5e12f86f4978711b4ca1e7a3788d1756d078c45a1c1004,ADR-tiny-nonlinear-choice/OracleGate+OracleChoice,0.7500000000000001,0.7500000000000001,0.0,0.25,12,1.0,6,,0,1.0,2,1.0,0.6666666666666666,,,,,,,,,,,,,,,
oracle_hybrid,f64d2a60c3b9cebc4b5e12f86f4978711b4ca1e7a3788d1756d078c45a1c1004,ADR-tiny-nonlinear-choice/OracleGate+LearnedChoice,0.7500000000000001,0.7500000000000001,0.0,0.25,12,1.0,6,,0,1.0,2,1.0,0.6666666666666666,,,,,,,,,,,,,,,
oracle_hybrid,f64d2a60c3b9cebc4b5e12f86f4978711b4ca1e7a3788d1756d078c45a1c1004,ADR-tiny-nonlinear-choice/LearnedGate+OracleChoice,0.49999999999999994,0.5833333333333333,0.08333333333333333,0.3333333333333333,12,0.6666666666666667,6,,0,1.0,2,1.0,0.6,,,,,,,,,,,,,,,
oracle_hybrid,f64d2a60c3b9cebc4b5e12f86f4978711b4ca1e7a3788d1756d078c45a1c1004,ADR-tiny-nonlinear-choice/LearnedGate+LearnedChoice,0.49999999999999994,0.5833333333333333,0.08333333333333333,0.3333333333333333,12,0.6666666666666667,6,,0,1.0,2,1.0,0.6,,,,,,,,,,,,,,,
