panel,method,selection_horizon,evaluation_horizon,subset,n_sources,n_cells,A_base_success,A_base_success_lo,A_base_success_hi,A_selected_success,A_selected_success_lo,A_selected_success_hi,A_gain,A_gain_lo,A_gain_hi,A_base_accident,A_base_accident_lo,A_base_accident_hi,A_selected_accident,A_selected_accident_lo,A_selected_accident_hi,A_accident_delta,A_accident_delta_lo,A_accident_delta_hi,A_loss,A_loss_lo,A_loss_hi,A_new_accident,A_new_accident_lo,A_new_accident_hi,A_intervention,A_intervention_lo,A_intervention_hi,B_base_success,B_base_success_lo,B_base_success_hi,B_selected_success,B_selected_success_lo,B_selected_success_hi,B_gain,B_gain_lo,B_gain_hi,B_base_accident,B_base_accident_lo,B_base_accident_hi,B_selected_accident,B_selected_accident_lo,B_selected_accident_hi,B_accident_delta,B_accident_delta_lo,B_accident_delta_hi,B_loss,B_loss_lo,B_loss_hi,B_new_accident,B_new_accident_lo,B_new_accident_hi,B_intervention,B_intervention_lo,B_intervention_hi,reuse_gap,reuse_gap_lo,reuse_gap_hi,sources_any_A_positive,sources_any_B_positive,sources_net_B_positive,sources_net_B_negative,sources_with_A_B_gain_change
detour,real_full,220,220,all,16,48,0.6458333333333333,0.5833333333333334,0.6979166666666666,0.6875,0.6249999999999999,0.75,0.041666666666666664,0.0,0.09375,0.3125,0.23958333333333334,0.38541666666666663,0.28125,0.19791666666666669,0.3541666666666667,-0.03125,-0.08333333333333333,0.0,0.0,0.0,0.0,0.0,0.0,0.0,0.0625,0.0,0.12499999999999999,0.6770833333333333,0.5937499999999999,0.7499999999999999,0.6979166666666666,0.6041666666666666,0.7812499999999999,0.020833333333333332,0.0,0.0625,0.26041666666666663,0.18723958333333338,0.34375,0.23958333333333331,0.15625,0.3229166666666667,-0.020833333333333332,-0.0625,0.0,0.0,0.0,0.0,0.0,0.0,0.0,0.0625,0.0,0.12499999999999999,0.020833333333333332,0.0,0.05208333333333333,3,1,1,0,2
detour,real_full,220,220,condition:glass,16,16,0.125,0.0,0.28125,0.21875,0.0625,0.4375,0.09375,0.0,0.25,0.8125,0.625,0.96875,0.71875,0.5,0.90625,-0.09375,-0.25,0.0,0.0,0.0,0.0,0.0,0.0,0.0,0.125,0.0,0.3125,0.1875,0.03125,0.375,0.25,0.0625,0.4375,0.0625,0.0,0.1875,0.6875,0.46875,0.875,0.625,0.40625,0.84375,-0.0625,-0.1875,0.0,0.0,0.0,0.0,0.0,0.0,0.0,0.125,0.0,0.3125,0.03125,0.0,0.09375,2,1,1,0,1
detour,real_full,220,220,condition:noglass,16,16,0.96875,0.90625,1.0,1.0,1.0,1.0,0.03125,0.0,0.09375,0.0,0.0,0.0,0.0,0.0,0.0,0.0,0.0,0.0,0.0,0.0,0.0,0.0,0.0,0.0,0.0625,0.0,0.1875,0.9375,0.84375,1.0,0.9375,0.84375,1.0,0.0,0.0,0.0,0.0,0.0,0.0,0.0,0.0,0.0,0.0,0.0,0.0,0.0,0.0,0.0,0.0,0.0,0.0,0.0625,0.0,0.1875,0.03125,0.0,0.09375,1,0,0,0,1
detour,real_full,220,220,condition:offpath,16,16,0.84375,0.65625,1.0,0.84375,0.65625,1.0,0.0,0.0,0.0,0.125,0.0,0.3125,0.125,0.0,0.3125,0.0,0.0,0.0,0.0,0.0,0.0,0.0,0.0,0.0,0.0,0.0,0.0,0.90625,0.75,1.0,0.90625,0.75,1.0,0.0,0.0,0.0,0.09375,0.0,0.25,0.09375,0.0,0.25,0.0,0.0,0.0,0.0,0.0,0.0,0.0,0.0,0.0,0.0,0.0,0.0,0.0,0.0,0.0,0,0,0,0,0
detour,real_full,220,220,controls,16,32,0.90625,0.8125,0.984375,0.921875,0.828125,1.0,0.015625,0.0,0.046875,0.0625,0.0,0.15625,0.0625,0.0,0.15625,0.0,0.0,0.0,0.0,0.0,0.0,0.0,0.0,0.0,0.03125,0.0,0.09375,0.921875,0.8125,1.0,0.921875,0.8125,1.0,0.0,0.0,0.0,0.046875,0.0,0.125,0.046875,0.0,0.125,0.0,0.0,0.0,0.0,0.0,0.0,0.0,0.0,0.0,0.03125,0.0,0.09375,0.015625,0.0,0.046875,1,0,0,0,1
detour,real_full,220,220,role:calibration,4,12,0.5416666666666666,0.41666666666666663,0.6666666666666666,0.5833333333333333,0.41666666666666663,0.6666666666666666,0.041666666666666664,0.0,0.125,0.3333333333333333,0.08333333333333333,0.5833333333333333,0.3333333333333333,0.08333333333333333,0.5833333333333333,0.0,0.0,0.0,0.0,0.0,0.0,0.0,0.0,0.0,0.08333333333333333,0.0,0.25,0.5833333333333334,0.29166666666666663,0.7916666666666667,0.5833333333333334,0.29166666666666663,0.7916666666666667,0.0,0.0,0.0,0.29166666666666663,0.08333333333333333,0.5416666666666666,0.29166666666666663,0.08333333333333333,0.5416666666666666,0.0,0.0,0.0,0.0,0.0,0.0,0.0,0.0,0.0,0.08333333333333333,0.0,0.25,0.041666666666666664,0.0,0.125,1,0,0,0,1
detour,real_full,220,220,role:fitting,12,36,0.6805555555555557,0.638888888888889,0.7222222222222223,0.7222222222222222,0.6666666666666666,0.7916666666666665,0.041666666666666664,0.0,0.1111111111111111,0.3055555555555556,0.23611111111111113,0.3611111111111111,0.2638888888888889,0.19444444444444442,0.3333333333333333,-0.041666666666666664,-0.1111111111111111,0.0,0.0,0.0,0.0,0.0,0.0,0.0,0.05555555555555555,0.0,0.13888888888888887,0.7083333333333334,0.6666666666666666,0.7642361111111063,0.736111111111111,0.6666666666666666,0.8055555555555557,0.027777777777777776,0.0,0.08333333333333333,0.25,0.18055555555555555,0.3194444444444445,0.2222222222222222,0.13888888888888887,0.2916666666666667,-0.027777777777777776,-0.08333333333333333,0.0,0.0,0.0,0.0,0.0,0.0,0.0,0.05555555555555555,0.0,0.13888888888888887,0.013888888888888888,0.0,0.041666666666666664,2,1,1,0,1
detour,real_full,220,440,all,16,48,0.6458333333333333,0.5833333333333334,0.6979166666666666,0.6875,0.6249999999999999,0.75,0.041666666666666664,0.0,0.09375,0.3125,0.23958333333333334,0.38541666666666663,0.28125,0.19791666666666669,0.3541666666666667,-0.03125,-0.08333333333333333,0.0,0.0,0.0,0.0,0.0,0.0,0.0,0.0625,0.0,0.12499999999999999,0.6770833333333333,0.5937499999999999,0.7499999999999999,0.6979166666666666,0.6041666666666666,0.7812499999999999,0.020833333333333332,0.0,0.0625,0.26041666666666663,0.18723958333333338,0.34375,0.23958333333333331,0.15625,0.3229166666666667,-0.020833333333333332,-0.0625,0.0,0.0,0.0,0.0,0.0,0.0,0.0,0.0625,0.0,0.12499999999999999,0.020833333333333332,0.0,0.05208333333333333,3,1,1,0,2
detour,real_full,220,440,condition:glass,16,16,0.125,0.0,0.28125,0.21875,0.0625,0.4375,0.09375,0.0,0.25,0.8125,0.625,0.96875,0.71875,0.5,0.90625,-0.09375,-0.25,0.0,0.0,0.0,0.0,0.0,0.0,0.0,0.125,0.0,0.3125,0.1875,0.03125,0.375,0.25,0.0625,0.4375,0.0625,0.0,0.1875,0.6875,0.46875,0.875,0.625,0.40625,0.84375,-0.0625,-0.1875,0.0,0.0,0.0,0.0,0.0,0.0,0.0,0.125,0.0,0.3125,0.03125,0.0,0.09375,2,1,1,0,1
detour,real_full,220,440,condition:noglass,16,16,0.96875,0.90625,1.0,1.0,1.0,1.0,0.03125,0.0,0.09375,0.0,0.0,0.0,0.0,0.0,0.0,0.0,0.0,0.0,0.0,0.0,0.0,0.0,0.0,0.0,0.0625,0.0,0.1875,0.9375,0.84375,1.0,0.9375,0.84375,1.0,0.0,0.0,0.0,0.0,0.0,0.0,0.0,0.0,0.0,0.0,0.0,0.0,0.0,0.0,0.0,0.0,0.0,0.0,0.0625,0.0,0.1875,0.03125,0.0,0.09375,1,0,0,0,1
detour,real_full,220,440,condition:offpath,16,16,0.84375,0.65625,1.0,0.84375,0.65625,1.0,0.0,0.0,0.0,0.125,0.0,0.3125,0.125,0.0,0.3125,0.0,0.0,0.0,0.0,0.0,0.0,0.0,0.0,0.0,0.0,0.0,0.0,0.90625,0.75,1.0,0.90625,0.75,1.0,0.0,0.0,0.0,0.09375,0.0,0.25,0.09375,0.0,0.25,0.0,0.0,0.0,0.0,0.0,0.0,0.0,0.0,0.0,0.0,0.0,0.0,0.0,0.0,0.0,0,0,0,0,0
detour,real_full,220,440,controls,16,32,0.90625,0.8125,0.984375,0.921875,0.828125,1.0,0.015625,0.0,0.046875,0.0625,0.0,0.15625,0.0625,0.0,0.15625,0.0,0.0,0.0,0.0,0.0,0.0,0.0,0.0,0.0,0.03125,0.0,0.09375,0.921875,0.8125,1.0,0.921875,0.8125,1.0,0.0,0.0,0.0,0.046875,0.0,0.125,0.046875,0.0,0.125,0.0,0.0,0.0,0.0,0.0,0.0,0.0,0.0,0.0,0.03125,0.0,0.09375,0.015625,0.0,0.046875,1,0,0,0,1
detour,real_full,220,440,role:calibration,4,12,0.5416666666666666,0.41666666666666663,0.6666666666666666,0.5833333333333333,0.41666666666666663,0.6666666666666666,0.041666666666666664,0.0,0.125,0.3333333333333333,0.08333333333333333,0.5833333333333333,0.3333333333333333,0.08333333333333333,0.5833333333333333,0.0,0.0,0.0,0.0,0.0,0.0,0.0,0.0,0.0,0.08333333333333333,0.0,0.25,0.5833333333333334,0.29166666666666663,0.7916666666666667,0.5833333333333334,0.29166666666666663,0.7916666666666667,0.0,0.0,0.0,0.29166666666666663,0.08333333333333333,0.5416666666666666,0.29166666666666663,0.08333333333333333,0.5416666666666666,0.0,0.0,0.0,0.0,0.0,0.0,0.0,0.0,0.0,0.08333333333333333,0.0,0.25,0.041666666666666664,0.0,0.125,1,0,0,0,1
detour,real_full,220,440,role:fitting,12,36,0.6805555555555557,0.638888888888889,0.7222222222222223,0.7222222222222222,0.6666666666666666,0.7916666666666665,0.041666666666666664,0.0,0.1111111111111111,0.3055555555555556,0.23611111111111113,0.3611111111111111,0.2638888888888889,0.19444444444444442,0.3333333333333333,-0.041666666666666664,-0.1111111111111111,0.0,0.0,0.0,0.0,0.0,0.0,0.0,0.05555555555555555,0.0,0.13888888888888887,0.7083333333333334,0.6666666666666666,0.7642361111111063,0.736111111111111,0.6666666666666666,0.8055555555555557,0.027777777777777776,0.0,0.08333333333333333,0.25,0.18055555555555555,0.3194444444444445,0.2222222222222222,0.13888888888888887,0.2916666666666667,-0.027777777777777776,-0.08333333333333333,0.0,0.0,0.0,0.0,0.0,0.0,0.0,0.05555555555555555,0.0,0.13888888888888887,0.013888888888888888,0.0,0.041666666666666664,2,1,1,0,1
detour,real_one,220,220,all,16,48,0.6666666666666666,0.5833333333333334,0.7499999999999999,0.7083333333333333,0.625,0.7916666666666665,0.041666666666666664,0.0,0.10416666666666666,0.3125,0.22916666666666669,0.3958333333333333,0.2708333333333333,0.1875,0.35416666666666663,-0.041666666666666664,-0.10416666666666666,0.0,0.0,0.0,0.0,0.0,0.0,0.0,0.041666666666666664,0.0,0.10416666666666666,0.6458333333333333,0.5416666666666666,0.7499999999999999,0.6666666666666666,0.5416666666666666,0.7708333333333333,0.020833333333333332,0.0,0.0625,0.29166666666666663,0.20833333333333334,0.3749999999999999,0.2708333333333333,0.1875,0.35416666666666663,-0.020833333333333332,-0.0625,0.0,0.0,0.0,0.0,0.0,0.0,0.0,0.041666666666666664,0.0,0.10416666666666666,0.020833333333333332,0.0,0.0625,2,1,1,0,1
detour,real_one,220,220,condition:glass,16,16,0.125,0.0,0.3125,0.25,0.0625,0.5,0.125,0.0,0.3125,0.8125,0.625,1.0,0.6875,0.4375,0.875,-0.125,-0.3125,0.0,0.0,0.0,0.0,0.0,0.0,0.0,0.125,0.0,0.3125,0.1875,0.0,0.375,0.25,0.0625,0.5,0.0625,0.0,0.1875,0.75,0.5625,0.9375,0.6875,0.4375,0.875,-0.0625,-0.1875,0.0,0.0,0.0,0.0,0.0,0.0,0.0,0.125,0.0,0.3125,0.0625,0.0,0.1875,2,1,1,0,1
detour,real_one,220,220,condition:noglass,16,16,1.0,1.0,1.0,1.0,1.0,1.0,0.0,0.0,0.0,0.0,0.0,0.0,0.0,0.0,0.0,0.0,0.0,0.0,0.0,0.0,0.0,0.0,0.0,0.0,0.0,0.0,0.0,0.875,0.6875,1.0,0.875,0.6875,1.0,0.0,0.0,0.0,0.0,0.0,0.0,0.0,0.0,0.0,0.0,0.0,0.0,0.0,0.0,0.0,0.0,0.0,0.0,0.0,0.0,0.0,0.0,0.0,0.0,0,0,0,0,0
detour,real_one,220,220,condition:offpath,16,16,0.875,0.6875,1.0,0.875,0.6875,1.0,0.0,0.0,0.0,0.125,0.0,0.3125,0.125,0.0,0.3125,0.0,0.0,0.0,0.0,0.0,0.0,0.0,0.0,0.0,0.0,0.0,0.0,0.875,0.6875,1.0,0.875,0.6875,1.0,0.0,0.0,0.0,0.125,0.0,0.3125,0.125,0.0,0.3125,0.0,0.0,0.0,0.0,0.0,0.0,0.0,0.0,0.0,0.0,0.0,0.0,0.0,0.0,0.0,0,0,0,0,0
detour,real_one,220,220,controls,16,32,0.9375,0.84375,1.0,0.9375,0.84375,1.0,0.0,0.0,0.0,0.0625,0.0,0.15625,0.0625,0.0,0.15625,0.0,0.0,0.0,0.0,0.0,0.0,0.0,0.0,0.0,0.0,0.0,0.0,0.875,0.6875,1.0,0.875,0.6875,1.0,0.0,0.0,0.0,0.0625,0.0,0.15625,0.0625,0.0,0.15625,0.0,0.0,0.0,0.0,0.0,0.0,0.0,0.0,0.0,0.0,0.0,0.0,0.0,0.0,0.0,0,0,0,0,0
detour,real_one,220,220,role:calibration,4,12,0.5833333333333333,0.41666666666666663,0.6666666666666666,0.5833333333333333,0.41666666666666663,0.6666666666666666,0.0,0.0,0.0,0.3333333333333333,0.08333333333333333,0.5833333333333333,0.3333333333333333,0.08333333333333333,0.5833333333333333,0.0,0.0,0.0,0.0,0.0,0.0,0.0,0.0,0.0,0.0,0.0,0.0,0.5,0.16666666666666666,0.6666666666666666,0.5,0.16666666666666666,0.6666666666666666,0.0,0.0,0.0,0.3333333333333333,0.08333333333333333,0.5833333333333333,0.3333333333333333,0.08333333333333333,0.5833333333333333,0.0,0.0,0.0,0.0,0.0,0.0,0.0,0.0,0.0,0.0,0.0,0.0,0.0,0.0,0.0,0,0,0,0,0
detour,real_one,220,220,role:fitting,12,36,0.6944444444444445,0.611111111111111,0.7777777777777778,0.75,0.6666666666666666,0.8333333333333334,0.05555555555555555,0.0,0.13888888888888887,0.3055555555555556,0.2222222222222222,0.3888888888888889,0.25,0.16666666666666666,0.3333333333333333,-0.05555555555555555,-0.13888888888888887,0.0,0.0,0.0,0.0,0.0,0.0,0.0,0.05555555555555555,0.0,0.13888888888888887,0.6944444444444445,0.611111111111111,0.7777777777777778,0.7222222222222222,0.6111111111111112,0.8333333333333331,0.027777777777777776,0.0,0.08333333333333333,0.27777777777777785,0.19444444444444442,0.3333333333333333,0.25,0.16666666666666666,0.3333333333333333,-0.027777777777777776,-0.08333333333333333,0.0,0.0,0.0,0.0,0.0,0.0,0.0,0.05555555555555555,0.0,0.13888888888888887,0.027777777777777776,0.0,0.08333333333333333,2,1,1,0,1
detour,real_one,220,440,all,16,48,0.6666666666666666,0.5833333333333334,0.7499999999999999,0.7083333333333333,0.625,0.7916666666666665,0.041666666666666664,0.0,0.10416666666666666,0.3125,0.22916666666666669,0.3958333333333333,0.2708333333333333,0.1875,0.35416666666666663,-0.041666666666666664,-0.10416666666666666,0.0,0.0,0.0,0.0,0.0,0.0,0.0,0.041666666666666664,0.0,0.10416666666666666,0.6458333333333333,0.5416666666666666,0.7499999999999999,0.6666666666666666,0.5416666666666666,0.7708333333333333,0.020833333333333332,0.0,0.0625,0.29166666666666663,0.20833333333333334,0.3749999999999999,0.2708333333333333,0.1875,0.35416666666666663,-0.020833333333333332,-0.0625,0.0,0.0,0.0,0.0,0.0,0.0,0.0,0.041666666666666664,0.0,0.10416666666666666,0.020833333333333332,0.0,0.0625,2,1,1,0,1
detour,real_one,220,440,condition:glass,16,16,0.125,0.0,0.3125,0.25,0.0625,0.5,0.125,0.0,0.3125,0.8125,0.625,1.0,0.6875,0.4375,0.875,-0.125,-0.3125,0.0,0.0,0.0,0.0,0.0,0.0,0.0,0.125,0.0,0.3125,0.1875,0.0,0.375,0.25,0.0625,0.5,0.0625,0.0,0.1875,0.75,0.5625,0.9375,0.6875,0.4375,0.875,-0.0625,-0.1875,0.0,0.0,0.0,0.0,0.0,0.0,0.0,0.125,0.0,0.3125,0.0625,0.0,0.1875,2,1,1,0,1
detour,real_one,220,440,condition:noglass,16,16,1.0,1.0,1.0,1.0,1.0,1.0,0.0,0.0,0.0,0.0,0.0,0.0,0.0,0.0,0.0,0.0,0.0,0.0,0.0,0.0,0.0,0.0,0.0,0.0,0.0,0.0,0.0,0.875,0.6875,1.0,0.875,0.6875,1.0,0.0,0.0,0.0,0.0,0.0,0.0,0.0,0.0,0.0,0.0,0.0,0.0,0.0,0.0,0.0,0.0,0.0,0.0,0.0,0.0,0.0,0.0,0.0,0.0,0,0,0,0,0
detour,real_one,220,440,condition:offpath,16,16,0.875,0.6875,1.0,0.875,0.6875,1.0,0.0,0.0,0.0,0.125,0.0,0.3125,0.125,0.0,0.3125,0.0,0.0,0.0,0.0,0.0,0.0,0.0,0.0,0.0,0.0,0.0,0.0,0.875,0.6875,1.0,0.875,0.6875,1.0,0.0,0.0,0.0,0.125,0.0,0.3125,0.125,0.0,0.3125,0.0,0.0,0.0,0.0,0.0,0.0,0.0,0.0,0.0,0.0,0.0,0.0,0.0,0.0,0.0,0,0,0,0,0
detour,real_one,220,440,controls,16,32,0.9375,0.84375,1.0,0.9375,0.84375,1.0,0.0,0.0,0.0,0.0625,0.0,0.15625,0.0625,0.0,0.15625,0.0,0.0,0.0,0.0,0.0,0.0,0.0,0.0,0.0,0.0,0.0,0.0,0.875,0.6875,1.0,0.875,0.6875,1.0,0.0,0.0,0.0,0.0625,0.0,0.15625,0.0625,0.0,0.15625,0.0,0.0,0.0,0.0,0.0,0.0,0.0,0.0,0.0,0.0,0.0,0.0,0.0,0.0,0.0,0,0,0,0,0
detour,real_one,220,440,role:calibration,4,12,0.5833333333333333,0.41666666666666663,0.6666666666666666,0.5833333333333333,0.41666666666666663,0.6666666666666666,0.0,0.0,0.0,0.3333333333333333,0.08333333333333333,0.5833333333333333,0.3333333333333333,0.08333333333333333,0.5833333333333333,0.0,0.0,0.0,0.0,0.0,0.0,0.0,0.0,0.0,0.0,0.0,0.0,0.5,0.16666666666666666,0.6666666666666666,0.5,0.16666666666666666,0.6666666666666666,0.0,0.0,0.0,0.3333333333333333,0.08333333333333333,0.5833333333333333,0.3333333333333333,0.08333333333333333,0.5833333333333333,0.0,0.0,0.0,0.0,0.0,0.0,0.0,0.0,0.0,0.0,0.0,0.0,0.0,0.0,0.0,0,0,0,0,0
detour,real_one,220,440,role:fitting,12,36,0.6944444444444445,0.611111111111111,0.7777777777777778,0.75,0.6666666666666666,0.8333333333333334,0.05555555555555555,0.0,0.13888888888888887,0.3055555555555556,0.2222222222222222,0.3888888888888889,0.25,0.16666666666666666,0.3333333333333333,-0.05555555555555555,-0.13888888888888887,0.0,0.0,0.0,0.0,0.0,0.0,0.0,0.05555555555555555,0.0,0.13888888888888887,0.6944444444444445,0.611111111111111,0.7777777777777778,0.7222222222222222,0.6111111111111112,0.8333333333333331,0.027777777777777776,0.0,0.08333333333333333,0.27777777777777785,0.19444444444444442,0.3333333333333333,0.25,0.16666666666666666,0.3333333333333333,-0.027777777777777776,-0.08333333333333333,0.0,0.0,0.0,0.0,0.0,0.0,0.0,0.05555555555555555,0.0,0.13888888888888887,0.027777777777777776,0.0,0.08333333333333333,2,1,1,0,1
detour,pseudo_one,220,220,all,16,48,0.6666666666666666,0.5833333333333334,0.7499999999999999,0.6875,0.6249999999999999,0.75,0.020833333333333332,0.0,0.0625,0.3125,0.22916666666666669,0.3958333333333333,0.29166666666666663,0.20833333333333334,0.3749999999999999,-0.020833333333333332,-0.0625,0.0,0.0,0.0,0.0,0.0,0.0,0.0,0.020833333333333332,0.0,0.0625,0.6458333333333333,0.5416666666666666,0.7499999999999999,0.6458333333333333,0.5416666666666666,0.7499999999999999,0.0,0.0,0.0,0.29166666666666663,0.20833333333333334,0.3749999999999999,0.29166666666666663,0.20833333333333334,0.3749999999999999,0.0,0.0,0.0,0.0,0.0,0.0,0.0,0.0,0.0,0.020833333333333332,0.0,0.0625,0.020833333333333332,0.0,0.0625,1,0,0,0,1
detour,pseudo_one,220,220,condition:glass,16,16,0.125,0.0,0.3125,0.1875,0.0,0.375,0.0625,0.0,0.1875,0.8125,0.625,1.0,0.75,0.5625,0.9375,-0.0625,-0.1875,0.0,0.0,0.0,0.0,0.0,0.0,0.0,0.0625,0.0,0.1875,0.1875,0.0,0.375,0.1875,0.0,0.375,0.0,0.0,0.0,0.75,0.5625,0.9375,0.75,0.5625,0.9375,0.0,0.0,0.0,0.0,0.0,0.0,0.0,0.0,0.0,0.0625,0.0,0.1875,0.0625,0.0,0.1875,1,0,0,0,1
detour,pseudo_one,220,220,condition:noglass,16,16,1.0,1.0,1.0,1.0,1.0,1.0,0.0,0.0,0.0,0.0,0.0,0.0,0.0,0.0,0.0,0.0,0.0,0.0,0.0,0.0,0.0,0.0,0.0,0.0,0.0,0.0,0.0,0.875,0.6875,1.0,0.875,0.6875,1.0,0.0,0.0,0.0,0.0,0.0,0.0,0.0,0.0,0.0,0.0,0.0,0.0,0.0,0.0,0.0,0.0,0.0,0.0,0.0,0.0,0.0,0.0,0.0,0.0,0,0,0,0,0
detour,pseudo_one,220,220,condition:offpath,16,16,0.875,0.6875,1.0,0.875,0.6875,1.0,0.0,0.0,0.0,0.125,0.0,0.3125,0.125,0.0,0.3125,0.0,0.0,0.0,0.0,0.0,0.0,0.0,0.0,0.0,0.0,0.0,0.0,0.875,0.6875,1.0,0.875,0.6875,1.0,0.0,0.0,0.0,0.125,0.0,0.3125,0.125,0.0,0.3125,0.0,0.0,0.0,0.0,0.0,0.0,0.0,0.0,0.0,0.0,0.0,0.0,0.0,0.0,0.0,0,0,0,0,0
detour,pseudo_one,220,220,controls,16,32,0.9375,0.84375,1.0,0.9375,0.84375,1.0,0.0,0.0,0.0,0.0625,0.0,0.15625,0.0625,0.0,0.15625,0.0,0.0,0.0,0.0,0.0,0.0,0.0,0.0,0.0,0.0,0.0,0.0,0.875,0.6875,1.0,0.875,0.6875,1.0,0.0,0.0,0.0,0.0625,0.0,0.15625,0.0625,0.0,0.15625,0.0,0.0,0.0,0.0,0.0,0.0,0.0,0.0,0.0,0.0,0.0,0.0,0.0,0.0,0.0,0,0,0,0,0
detour,pseudo_one,220,220,role:calibration,4,12,0.5833333333333333,0.41666666666666663,0.6666666666666666,0.5833333333333333,0.41666666666666663,0.6666666666666666,0.0,0.0,0.0,0.3333333333333333,0.08333333333333333,0.5833333333333333,0.3333333333333333,0.08333333333333333,0.5833333333333333,0.0,0.0,0.0,0.0,0.0,0.0,0.0,0.0,0.0,0.0,0.0,0.0,0.5,0.16666666666666666,0.6666666666666666,0.5,0.16666666666666666,0.6666666666666666,0.0,0.0,0.0,0.3333333333333333,0.08333333333333333,0.5833333333333333,0.3333333333333333,0.08333333333333333,0.5833333333333333,0.0,0.0,0.0,0.0,0.0,0.0,0.0,0.0,0.0,0.0,0.0,0.0,0.0,0.0,0.0,0,0,0,0,0
detour,pseudo_one,220,220,role:fitting,12,36,0.6944444444444445,0.611111111111111,0.7777777777777778,0.7222222222222222,0.6666666666666666,0.8055555555555555,0.027777777777777776,0.0,0.08333333333333333,0.3055555555555556,0.2222222222222222,0.3888888888888889,0.27777777777777785,0.19444444444444442,0.3333333333333333,-0.027777777777777776,-0.08333333333333333,0.0,0.0,0.0,0.0,0.0,0.0,0.0,0.027777777777777776,0.0,0.08333333333333333,0.6944444444444445,0.611111111111111,0.7777777777777778,0.6944444444444445,0.611111111111111,0.7777777777777778,0.0,0.0,0.0,0.27777777777777785,0.19444444444444442,0.3333333333333333,0.27777777777777785,0.19444444444444442,0.3333333333333333,0.0,0.0,0.0,0.0,0.0,0.0,0.0,0.0,0.0,0.027777777777777776,0.0,0.08333333333333333,0.027777777777777776,0.0,0.08333333333333333,1,0,0,0,1
detour,pseudo_one,220,440,all,16,48,0.6666666666666666,0.5833333333333334,0.7499999999999999,0.6875,0.6249999999999999,0.75,0.020833333333333332,0.0,0.0625,0.3125,0.22916666666666669,0.3958333333333333,0.29166666666666663,0.20833333333333334,0.3749999999999999,-0.020833333333333332,-0.0625,0.0,0.0,0.0,0.0,0.0,0.0,0.0,0.020833333333333332,0.0,0.0625,0.6458333333333333,0.5416666666666666,0.7499999999999999,0.6458333333333333,0.5416666666666666,0.7499999999999999,0.0,0.0,0.0,0.29166666666666663,0.20833333333333334,0.3749999999999999,0.29166666666666663,0.20833333333333334,0.3749999999999999,0.0,0.0,0.0,0.0,0.0,0.0,0.0,0.0,0.0,0.020833333333333332,0.0,0.0625,0.020833333333333332,0.0,0.0625,1,0,0,0,1
detour,pseudo_one,220,440,condition:glass,16,16,0.125,0.0,0.3125,0.1875,0.0,0.375,0.0625,0.0,0.1875,0.8125,0.625,1.0,0.75,0.5625,0.9375,-0.0625,-0.1875,0.0,0.0,0.0,0.0,0.0,0.0,0.0,0.0625,0.0,0.1875,0.1875,0.0,0.375,0.1875,0.0,0.375,0.0,0.0,0.0,0.75,0.5625,0.9375,0.75,0.5625,0.9375,0.0,0.0,0.0,0.0,0.0,0.0,0.0,0.0,0.0,0.0625,0.0,0.1875,0.0625,0.0,0.1875,1,0,0,0,1
detour,pseudo_one,220,440,condition:noglass,16,16,1.0,1.0,1.0,1.0,1.0,1.0,0.0,0.0,0.0,0.0,0.0,0.0,0.0,0.0,0.0,0.0,0.0,0.0,0.0,0.0,0.0,0.0,0.0,0.0,0.0,0.0,0.0,0.875,0.6875,1.0,0.875,0.6875,1.0,0.0,0.0,0.0,0.0,0.0,0.0,0.0,0.0,0.0,0.0,0.0,0.0,0.0,0.0,0.0,0.0,0.0,0.0,0.0,0.0,0.0,0.0,0.0,0.0,0,0,0,0,0
detour,pseudo_one,220,440,condition:offpath,16,16,0.875,0.6875,1.0,0.875,0.6875,1.0,0.0,0.0,0.0,0.125,0.0,0.3125,0.125,0.0,0.3125,0.0,0.0,0.0,0.0,0.0,0.0,0.0,0.0,0.0,0.0,0.0,0.0,0.875,0.6875,1.0,0.875,0.6875,1.0,0.0,0.0,0.0,0.125,0.0,0.3125,0.125,0.0,0.3125,0.0,0.0,0.0,0.0,0.0,0.0,0.0,0.0,0.0,0.0,0.0,0.0,0.0,0.0,0.0,0,0,0,0,0
detour,pseudo_one,220,440,controls,16,32,0.9375,0.84375,1.0,0.9375,0.84375,1.0,0.0,0.0,0.0,0.0625,0.0,0.15625,0.0625,0.0,0.15625,0.0,0.0,0.0,0.0,0.0,0.0,0.0,0.0,0.0,0.0,0.0,0.0,0.875,0.6875,1.0,0.875,0.6875,1.0,0.0,0.0,0.0,0.0625,0.0,0.15625,0.0625,0.0,0.15625,0.0,0.0,0.0,0.0,0.0,0.0,0.0,0.0,0.0,0.0,0.0,0.0,0.0,0.0,0.0,0,0,0,0,0
detour,pseudo_one,220,440,role:calibration,4,12,0.5833333333333333,0.41666666666666663,0.6666666666666666,0.5833333333333333,0.41666666666666663,0.6666666666666666,0.0,0.0,0.0,0.3333333333333333,0.08333333333333333,0.5833333333333333,0.3333333333333333,0.08333333333333333,0.5833333333333333,0.0,0.0,0.0,0.0,0.0,0.0,0.0,0.0,0.0,0.0,0.0,0.0,0.5,0.16666666666666666,0.6666666666666666,0.5,0.16666666666666666,0.6666666666666666,0.0,0.0,0.0,0.3333333333333333,0.08333333333333333,0.5833333333333333,0.3333333333333333,0.08333333333333333,0.5833333333333333,0.0,0.0,0.0,0.0,0.0,0.0,0.0,0.0,0.0,0.0,0.0,0.0,0.0,0.0,0.0,0,0,0,0,0
detour,pseudo_one,220,440,role:fitting,12,36,0.6944444444444445,0.611111111111111,0.7777777777777778,0.7222222222222222,0.6666666666666666,0.8055555555555555,0.027777777777777776,0.0,0.08333333333333333,0.3055555555555556,0.2222222222222222,0.3888888888888889,0.27777777777777785,0.19444444444444442,0.3333333333333333,-0.027777777777777776,-0.08333333333333333,0.0,0.0,0.0,0.0,0.0,0.0,0.0,0.027777777777777776,0.0,0.08333333333333333,0.6944444444444445,0.611111111111111,0.7777777777777778,0.6944444444444445,0.611111111111111,0.7777777777777778,0.0,0.0,0.0,0.27777777777777785,0.19444444444444442,0.3333333333333333,0.27777777777777785,0.19444444444444442,0.3333333333333333,0.0,0.0,0.0,0.0,0.0,0.0,0.0,0.0,0.0,0.027777777777777776,0.0,0.08333333333333333,0.027777777777777776,0.0,0.08333333333333333,1,0,0,0,1
detour,pseudo_one_swapped,220,220,all,16,48,0.625,0.5625,0.6666666666666665,0.6875,0.6249999999999999,0.75,0.0625,0.0,0.12499999999999999,0.3125,0.25,0.375,0.29166666666666663,0.20833333333333334,0.3749999999999999,-0.020833333333333332,-0.0625,0.0,0.0,0.0,0.0,0.0,0.0,0.0,0.0625,0.0,0.12499999999999999,0.7083333333333333,0.625,0.7916666666666665,0.7291666666666666,0.6458333333333333,0.8124999999999999,0.020833333333333332,0.0,0.0625,0.22916666666666663,0.14583333333333331,0.33333333333333326,0.22916666666666663,0.14583333333333331,0.33333333333333326,0.0,0.0,0.0,0.0,0.0,0.0,0.0,0.0,0.0,0.0625,0.0,0.12499999999999999,0.041666666666666664,0.0,0.10416666666666666,3,1,1,0,2
detour,pseudo_one_swapped,220,220,condition:glass,16,16,0.125,0.0,0.3125,0.1875,0.0,0.375,0.0625,0.0,0.1875,0.8125,0.625,1.0,0.75,0.5625,0.9375,-0.0625,-0.1875,0.0,0.0,0.0,0.0,0.0,0.0,0.0,0.0625,0.0,0.1875,0.1875,0.0,0.375,0.25,0.0625,0.5,0.0625,0.0,0.1875,0.625,0.375,0.875,0.625,0.375,0.875,0.0,0.0,0.0,0.0,0.0,0.0,0.0,0.0,0.0,0.0625,0.0,0.1875,0.0,0.0,0.0,1,1,1,0,0
detour,pseudo_one_swapped,220,220,condition:noglass,16,16,0.9375,0.8125,1.0,1.0,1.0,1.0,0.0625,0.0,0.1875,0.0,0.0,0.0,0.0,0.0,0.0,0.0,0.0,0.0,0.0,0.0,0.0,0.0,0.0,0.0,0.0625,0.0,0.1875,1.0,1.0,1.0,1.0,1.0,1.0,0.0,0.0,0.0,0.0,0.0,0.0,0.0,0.0,0.0,0.0,0.0,0.0,0.0,0.0,0.0,0.0,0.0,0.0,0.0625,0.0,0.1875,0.0625,0.0,0.1875,1,0,0,0,1
detour,pseudo_one_swapped,220,220,condition:offpath,16,16,0.8125,0.625,1.0,0.875,0.6875,1.0,0.0625,0.0,0.1875,0.125,0.0,0.3125,0.125,0.0,0.3125,0.0,0.0,0.0,0.0,0.0,0.0,0.0,0.0,0.0,0.0625,0.0,0.1875,0.9375,0.8125,1.0,0.9375,0.8125,1.0,0.0,0.0,0.0,0.0625,0.0,0.1875,0.0625,0.0,0.1875,0.0,0.0,0.0,0.0,0.0,0.0,0.0,0.0,0.0,0.0625,0.0,0.1875,0.0625,0.0,0.1875,1,0,0,0,1
detour,pseudo_one_swapped,220,220,controls,16,32,0.875,0.75,0.96875,0.9375,0.84375,1.0,0.0625,0.0,0.15625,0.0625,0.0,0.15625,0.0625,0.0,0.15625,0.0,0.0,0.0,0.0,0.0,0.0,0.0,0.0,0.0,0.0625,0.0,0.15625,0.96875,0.90625,1.0,0.96875,0.90625,1.0,0.0,0.0,0.0,0.03125,0.0,0.09375,0.03125,0.0,0.09375,0.0,0.0,0.0,0.0,0.0,0.0,0.0,0.0,0.0,0.0625,0.0,0.15625,0.0625,0.0,0.15625,2,0,0,0,2
detour,pseudo_one_swapped,220,220,role:calibration,4,12,0.5,0.3333333333333333,0.6666666666666666,0.5833333333333333,0.41666666666666663,0.6666666666666666,0.08333333333333333,0.0,0.25,0.3333333333333333,0.08333333333333333,0.5833333333333333,0.3333333333333333,0.08333333333333333,0.5833333333333333,0.0,0.0,0.0,0.0,0.0,0.0,0.0,0.0,0.0,0.08333333333333333,0.0,0.25,0.6666666666666666,0.41666666666666663,0.9166666666666666,0.6666666666666666,0.41666666666666663,0.9166666666666666,0.0,0.0,0.0,0.25,0.0,0.5,0.25,0.0,0.5,0.0,0.0,0.0,0.0,0.0,0.0,0.0,0.0,0.0,0.08333333333333333,0.0,0.25,0.08333333333333333,0.0,0.25,1,0,0,0,1
detour,pseudo_one_swapped,220,220,role:fitting,12,36,0.6666666666666666,0.6666666666666666,0.6666666666666666,0.7222222222222222,0.6666666666666666,0.8055555555555555,0.05555555555555555,0.0,0.13888888888888887,0.3055555555555556,0.25,0.3333333333333333,0.27777777777777785,0.19444444444444442,0.3333333333333333,-0.027777777777777776,-0.08333333333333333,0.0,0.0,0.0,0.0,0.0,0.0,0.0,0.05555555555555555,0.0,0.13888888888888887,0.7222222222222222,0.6666666666666666,0.8055555555555555,0.75,0.6666666666666666,0.8333333333333334,0.027777777777777776,0.0,0.08333333333333333,0.2222222222222222,0.13888888888888887,0.3055555555555556,0.2222222222222222,0.13888888888888887,0.3055555555555556,0.0,0.0,0.0,0.0,0.0,0.0,0.0,0.0,0.0,0.05555555555555555,0.0,0.13888888888888887,0.027777777777777776,0.0,0.08333333333333333,2,1,1,0,1
detour,pseudo_one_swapped,220,440,all,16,48,0.625,0.5625,0.6666666666666665,0.6875,0.6249999999999999,0.75,0.0625,0.0,0.12499999999999999,0.3125,0.25,0.375,0.29166666666666663,0.20833333333333334,0.3749999999999999,-0.020833333333333332,-0.0625,0.0,0.0,0.0,0.0,0.0,0.0,0.0,0.0625,0.0,0.12499999999999999,0.7083333333333333,0.625,0.7916666666666665,0.7291666666666666,0.6458333333333333,0.8124999999999999,0.020833333333333332,0.0,0.0625,0.22916666666666663,0.14583333333333331,0.33333333333333326,0.22916666666666663,0.14583333333333331,0.33333333333333326,0.0,0.0,0.0,0.0,0.0,0.0,0.0,0.0,0.0,0.0625,0.0,0.12499999999999999,0.041666666666666664,0.0,0.10416666666666666,3,1,1,0,2
detour,pseudo_one_swapped,220,440,condition:glass,16,16,0.125,0.0,0.3125,0.1875,0.0,0.375,0.0625,0.0,0.1875,0.8125,0.625,1.0,0.75,0.5625,0.9375,-0.0625,-0.1875,0.0,0.0,0.0,0.0,0.0,0.0,0.0,0.0625,0.0,0.1875,0.1875,0.0,0.375,0.25,0.0625,0.5,0.0625,0.0,0.1875,0.625,0.375,0.875,0.625,0.375,0.875,0.0,0.0,0.0,0.0,0.0,0.0,0.0,0.0,0.0,0.0625,0.0,0.1875,0.0,0.0,0.0,1,1,1,0,0
detour,pseudo_one_swapped,220,440,condition:noglass,16,16,0.9375,0.8125,1.0,1.0,1.0,1.0,0.0625,0.0,0.1875,0.0,0.0,0.0,0.0,0.0,0.0,0.0,0.0,0.0,0.0,0.0,0.0,0.0,0.0,0.0,0.0625,0.0,0.1875,1.0,1.0,1.0,1.0,1.0,1.0,0.0,0.0,0.0,0.0,0.0,0.0,0.0,0.0,0.0,0.0,0.0,0.0,0.0,0.0,0.0,0.0,0.0,0.0,0.0625,0.0,0.1875,0.0625,0.0,0.1875,1,0,0,0,1
detour,pseudo_one_swapped,220,440,condition:offpath,16,16,0.8125,0.625,1.0,0.875,0.6875,1.0,0.0625,0.0,0.1875,0.125,0.0,0.3125,0.125,0.0,0.3125,0.0,0.0,0.0,0.0,0.0,0.0,0.0,0.0,0.0,0.0625,0.0,0.1875,0.9375,0.8125,1.0,0.9375,0.8125,1.0,0.0,0.0,0.0,0.0625,0.0,0.1875,0.0625,0.0,0.1875,0.0,0.0,0.0,0.0,0.0,0.0,0.0,0.0,0.0,0.0625,0.0,0.1875,0.0625,0.0,0.1875,1,0,0,0,1
detour,pseudo_one_swapped,220,440,controls,16,32,0.875,0.75,0.96875,0.9375,0.84375,1.0,0.0625,0.0,0.15625,0.0625,0.0,0.15625,0.0625,0.0,0.15625,0.0,0.0,0.0,0.0,0.0,0.0,0.0,0.0,0.0,0.0625,0.0,0.15625,0.96875,0.90625,1.0,0.96875,0.90625,1.0,0.0,0.0,0.0,0.03125,0.0,0.09375,0.03125,0.0,0.09375,0.0,0.0,0.0,0.0,0.0,0.0,0.0,0.0,0.0,0.0625,0.0,0.15625,0.0625,0.0,0.15625,2,0,0,0,2
detour,pseudo_one_swapped,220,440,role:calibration,4,12,0.5,0.3333333333333333,0.6666666666666666,0.5833333333333333,0.41666666666666663,0.6666666666666666,0.08333333333333333,0.0,0.25,0.3333333333333333,0.08333333333333333,0.5833333333333333,0.3333333333333333,0.08333333333333333,0.5833333333333333,0.0,0.0,0.0,0.0,0.0,0.0,0.0,0.0,0.0,0.08333333333333333,0.0,0.25,0.6666666666666666,0.41666666666666663,0.9166666666666666,0.6666666666666666,0.41666666666666663,0.9166666666666666,0.0,0.0,0.0,0.25,0.0,0.5,0.25,0.0,0.5,0.0,0.0,0.0,0.0,0.0,0.0,0.0,0.0,0.0,0.08333333333333333,0.0,0.25,0.08333333333333333,0.0,0.25,1,0,0,0,1
detour,pseudo_one_swapped,220,440,role:fitting,12,36,0.6666666666666666,0.6666666666666666,0.6666666666666666,0.7222222222222222,0.6666666666666666,0.8055555555555555,0.05555555555555555,0.0,0.13888888888888887,0.3055555555555556,0.25,0.3333333333333333,0.27777777777777785,0.19444444444444442,0.3333333333333333,-0.027777777777777776,-0.08333333333333333,0.0,0.0,0.0,0.0,0.0,0.0,0.0,0.05555555555555555,0.0,0.13888888888888887,0.7222222222222222,0.6666666666666666,0.8055555555555555,0.75,0.6666666666666666,0.8333333333333334,0.027777777777777776,0.0,0.08333333333333333,0.2222222222222222,0.13888888888888887,0.3055555555555556,0.2222222222222222,0.13888888888888887,0.3055555555555556,0.0,0.0,0.0,0.0,0.0,0.0,0.0,0.0,0.0,0.05555555555555555,0.0,0.13888888888888887,0.027777777777777776,0.0,0.08333333333333333,2,1,1,0,1
detour,historical:A_long_reference,220,220,all,16,48,0.6458333333333333,0.5833333333333334,0.6979166666666666,0.6875,0.6249999999999999,0.75,0.041666666666666664,0.0,0.09375,0.3125,0.23958333333333334,0.38541666666666663,0.26041666666666663,0.17708333333333331,0.34375,-0.05208333333333333,-0.11458333333333331,0.0,0.0,0.0,0.0,0.0,0.0,0.0,0.08333333333333333,0.020833333333333332,0.16666666666666666,0.6770833333333333,0.5937499999999999,0.7499999999999999,0.6979166666666666,0.6041666666666666,0.7812499999999999,0.020833333333333332,0.0,0.0625,0.26041666666666663,0.18723958333333338,0.34375,0.21875,0.13541666666666666,0.31249999999999994,-0.041666666666666664,-0.10416666666666666,0.0,0.0,0.0,0.0,0.0,0.0,0.0,0.08333333333333333,0.020833333333333332,0.16666666666666666,0.020833333333333332,0.0,0.05208333333333333,3,1,1,0,2
detour,historical:A_long_reference,220,220,condition:glass,16,16,0.125,0.0,0.28125,0.21875,0.0625,0.4375,0.09375,0.0,0.25,0.8125,0.625,0.96875,0.65625,0.4375,0.875,-0.15625,-0.34375,0.0,0.0,0.0,0.0,0.0,0.0,0.0,0.1875,0.0,0.375,0.1875,0.03125,0.375,0.25,0.0625,0.4375,0.0625,0.0,0.1875,0.6875,0.46875,0.875,0.5625,0.34375,0.78125,-0.125,-0.3125,0.0,0.0,0.0,0.0,0.0,0.0,0.0,0.1875,0.0,0.375,0.03125,0.0,0.09375,2,1,1,0,1
detour,historical:A_long_reference,220,220,condition:noglass,16,16,0.96875,0.90625,1.0,1.0,1.0,1.0,0.03125,0.0,0.09375,0.0,0.0,0.0,0.0,0.0,0.0,0.0,0.0,0.0,0.0,0.0,0.0,0.0,0.0,0.0,0.0625,0.0,0.1875,0.9375,0.84375,1.0,0.9375,0.84375,1.0,0.0,0.0,0.0,0.0,0.0,0.0,0.0,0.0,0.0,0.0,0.0,0.0,0.0,0.0,0.0,0.0,0.0,0.0,0.0625,0.0,0.1875,0.03125,0.0,0.09375,1,0,0,0,1
detour,historical:A_long_reference,220,220,condition:offpath,16,16,0.84375,0.65625,1.0,0.84375,0.65625,1.0,0.0,0.0,0.0,0.125,0.0,0.3125,0.125,0.0,0.3125,0.0,0.0,0.0,0.0,0.0,0.0,0.0,0.0,0.0,0.0,0.0,0.0,0.90625,0.75,1.0,0.90625,0.75,1.0,0.0,0.0,0.0,0.09375,0.0,0.25,0.09375,0.0,0.25,0.0,0.0,0.0,0.0,0.0,0.0,0.0,0.0,0.0,0.0,0.0,0.0,0.0,0.0,0.0,0,0,0,0,0
detour,historical:A_long_reference,220,220,controls,16,32,0.90625,0.8125,0.984375,0.921875,0.828125,1.0,0.015625,0.0,0.046875,0.0625,0.0,0.15625,0.0625,0.0,0.15625,0.0,0.0,0.0,0.0,0.0,0.0,0.0,0.0,0.0,0.03125,0.0,0.09375,0.921875,0.8125,1.0,0.921875,0.8125,1.0,0.0,0.0,0.0,0.046875,0.0,0.125,0.046875,0.0,0.125,0.0,0.0,0.0,0.0,0.0,0.0,0.0,0.0,0.0,0.03125,0.0,0.09375,0.015625,0.0,0.046875,1,0,0,0,1
detour,historical:A_long_reference,220,220,role:calibration,4,12,0.5416666666666666,0.41666666666666663,0.6666666666666666,0.5833333333333333,0.41666666666666663,0.6666666666666666,0.041666666666666664,0.0,0.125,0.3333333333333333,0.08333333333333333,0.5833333333333333,0.3333333333333333,0.08333333333333333,0.5833333333333333,0.0,0.0,0.0,0.0,0.0,0.0,0.0,0.0,0.0,0.08333333333333333,0.0,0.25,0.5833333333333334,0.29166666666666663,0.7916666666666667,0.5833333333333334,0.29166666666666663,0.7916666666666667,0.0,0.0,0.0,0.29166666666666663,0.08333333333333333,0.5416666666666666,0.29166666666666663,0.08333333333333333,0.5416666666666666,0.0,0.0,0.0,0.0,0.0,0.0,0.0,0.0,0.0,0.08333333333333333,0.0,0.25,0.041666666666666664,0.0,0.125,1,0,0,0,1
detour,historical:A_long_reference,220,220,role:fitting,12,36,0.6805555555555557,0.638888888888889,0.7222222222222223,0.7222222222222222,0.6666666666666666,0.7916666666666665,0.041666666666666664,0.0,0.1111111111111111,0.3055555555555556,0.23611111111111113,0.3611111111111111,0.23611111111111113,0.15277777777777776,0.3055555555555556,-0.06944444444444443,-0.15277777777777776,0.0,0.0,0.0,0.0,0.0,0.0,0.0,0.08333333333333333,0.0,0.16666666666666666,0.7083333333333334,0.6666666666666666,0.7642361111111063,0.736111111111111,0.6666666666666666,0.8055555555555557,0.027777777777777776,0.0,0.08333333333333333,0.25,0.18055555555555555,0.3194444444444445,0.19444444444444442,0.1111111111111111,0.2777777777777778,-0.05555555555555555,-0.13888888888888887,0.0,0.0,0.0,0.0,0.0,0.0,0.0,0.08333333333333333,0.0,0.16666666666666666,0.013888888888888888,0.0,0.041666666666666664,2,1,1,0,1
detour,historical:A_long_reference,220,440,all,16,48,0.6458333333333333,0.5833333333333334,0.6979166666666666,0.7083333333333333,0.6354166666666666,0.78125,0.06249999999999999,0.010416666666666666,0.12499999999999999,0.3125,0.23958333333333334,0.38541666666666663,0.26041666666666663,0.17708333333333331,0.34375,-0.05208333333333333,-0.11458333333333331,0.0,0.0,0.0,0.0,0.0,0.0,0.0,0.08333333333333333,0.020833333333333332,0.16666666666666666,0.6770833333333333,0.5937499999999999,0.7499999999999999,0.71875,0.6249999999999999,0.8124999999999999,0.041666666666666664,0.0,0.10416666666666666,0.26041666666666663,0.18723958333333338,0.34375,0.21875,0.13541666666666666,0.31249999999999994,-0.041666666666666664,-0.10416666666666666,0.0,0.0,0.0,0.0,0.0,0.0,0.0,0.08333333333333333,0.020833333333333332,0.16666666666666666,0.020833333333333332,0.0,0.05208333333333333,4,2,2,0,2
detour,historical:A_long_reference,220,440,condition:glass,16,16,0.125,0.0,0.28125,0.28125,0.09375,0.5,0.15625,0.0,0.34375,0.8125,0.625,0.96875,0.65625,0.4375,0.875,-0.15625,-0.34375,0.0,0.0,0.0,0.0,0.0,0.0,0.0,0.1875,0.0,0.375,0.1875,0.03125,0.375,0.3125,0.125,0.53125,0.125,0.0,0.3125,0.6875,0.46875,0.875,0.5625,0.34375,0.78125,-0.125,-0.3125,0.0,0.0,0.0,0.0,0.0,0.0,0.0,0.1875,0.0,0.375,0.03125,0.0,0.09375,3,2,2,0,1
detour,historical:A_long_reference,220,440,condition:noglass,16,16,0.96875,0.90625,1.0,1.0,1.0,1.0,0.03125,0.0,0.09375,0.0,0.0,0.0,0.0,0.0,0.0,0.0,0.0,0.0,0.0,0.0,0.0,0.0,0.0,0.0,0.0625,0.0,0.1875,0.9375,0.84375,1.0,0.9375,0.84375,1.0,0.0,0.0,0.0,0.0,0.0,0.0,0.0,0.0,0.0,0.0,0.0,0.0,0.0,0.0,0.0,0.0,0.0,0.0,0.0625,0.0,0.1875,0.03125,0.0,0.09375,1,0,0,0,1
detour,historical:A_long_reference,220,440,condition:offpath,16,16,0.84375,0.65625,1.0,0.84375,0.65625,1.0,0.0,0.0,0.0,0.125,0.0,0.3125,0.125,0.0,0.3125,0.0,0.0,0.0,0.0,0.0,0.0,0.0,0.0,0.0,0.0,0.0,0.0,0.90625,0.75,1.0,0.90625,0.75,1.0,0.0,0.0,0.0,0.09375,0.0,0.25,0.09375,0.0,0.25,0.0,0.0,0.0,0.0,0.0,0.0,0.0,0.0,0.0,0.0,0.0,0.0,0.0,0.0,0.0,0,0,0,0,0
detour,historical:A_long_reference,220,440,controls,16,32,0.90625,0.8125,0.984375,0.921875,0.828125,1.0,0.015625,0.0,0.046875,0.0625,0.0,0.15625,0.0625,0.0,0.15625,0.0,0.0,0.0,0.0,0.0,0.0,0.0,0.0,0.0,0.03125,0.0,0.09375,0.921875,0.8125,1.0,0.921875,0.8125,1.0,0.0,0.0,0.0,0.046875,0.0,0.125,0.046875,0.0,0.125,0.0,0.0,0.0,0.0,0.0,0.0,0.0,0.0,0.0,0.03125,0.0,0.09375,0.015625,0.0,0.046875,1,0,0,0,1
detour,historical:A_long_reference,220,440,role:calibration,4,12,0.5416666666666666,0.41666666666666663,0.6666666666666666,0.5833333333333333,0.41666666666666663,0.6666666666666666,0.041666666666666664,0.0,0.125,0.3333333333333333,0.08333333333333333,0.5833333333333333,0.3333333333333333,0.08333333333333333,0.5833333333333333,0.0,0.0,0.0,0.0,0.0,0.0,0.0,0.0,0.0,0.08333333333333333,0.0,0.25,0.5833333333333334,0.29166666666666663,0.7916666666666667,0.5833333333333334,0.29166666666666663,0.7916666666666667,0.0,0.0,0.0,0.29166666666666663,0.08333333333333333,0.5416666666666666,0.29166666666666663,0.08333333333333333,0.5416666666666666,0.0,0.0,0.0,0.0,0.0,0.0,0.0,0.0,0.0,0.08333333333333333,0.0,0.25,0.041666666666666664,0.0,0.125,1,0,0,0,1
detour,historical:A_long_reference,220,440,role:fitting,12,36,0.6805555555555557,0.638888888888889,0.7222222222222223,0.75,0.6805555555555557,0.8194444444444446,0.06944444444444443,0.0,0.15277777777777776,0.3055555555555556,0.23611111111111113,0.3611111111111111,0.23611111111111113,0.15277777777777776,0.3055555555555556,-0.06944444444444443,-0.15277777777777776,0.0,0.0,0.0,0.0,0.0,0.0,0.0,0.08333333333333333,0.0,0.16666666666666666,0.7083333333333334,0.6666666666666666,0.7642361111111063,0.7638888888888888,0.6944444444444445,0.8472222222222222,0.05555555555555555,0.0,0.13888888888888887,0.25,0.18055555555555555,0.3194444444444445,0.19444444444444442,0.1111111111111111,0.2777777777777778,-0.05555555555555555,-0.13888888888888887,0.0,0.0,0.0,0.0,0.0,0.0,0.0,0.08333333333333333,0.0,0.16666666666666666,0.013888888888888888,0.0,0.041666666666666664,3,2,2,0,1
detour,historical:A_reference,220,220,all,16,48,0.6458333333333333,0.5833333333333334,0.6979166666666666,0.6875,0.6249999999999999,0.75,0.041666666666666664,0.0,0.09375,0.3125,0.23958333333333334,0.38541666666666663,0.28125,0.19791666666666669,0.3541666666666667,-0.03125,-0.08333333333333333,0.0,0.0,0.0,0.0,0.0,0.0,0.0,0.0625,0.0,0.12499999999999999,0.6770833333333333,0.5937499999999999,0.7499999999999999,0.6979166666666666,0.6041666666666666,0.7812499999999999,0.020833333333333332,0.0,0.0625,0.26041666666666663,0.18723958333333338,0.34375,0.23958333333333331,0.15625,0.3229166666666667,-0.020833333333333332,-0.0625,0.0,0.0,0.0,0.0,0.0,0.0,0.0,0.0625,0.0,0.12499999999999999,0.020833333333333332,0.0,0.05208333333333333,3,1,1,0,2
detour,historical:A_reference,220,220,condition:glass,16,16,0.125,0.0,0.28125,0.21875,0.0625,0.4375,0.09375,0.0,0.25,0.8125,0.625,0.96875,0.71875,0.5,0.90625,-0.09375,-0.25,0.0,0.0,0.0,0.0,0.0,0.0,0.0,0.125,0.0,0.3125,0.1875,0.03125,0.375,0.25,0.0625,0.4375,0.0625,0.0,0.1875,0.6875,0.46875,0.875,0.625,0.40625,0.84375,-0.0625,-0.1875,0.0,0.0,0.0,0.0,0.0,0.0,0.0,0.125,0.0,0.3125,0.03125,0.0,0.09375,2,1,1,0,1
detour,historical:A_reference,220,220,condition:noglass,16,16,0.96875,0.90625,1.0,1.0,1.0,1.0,0.03125,0.0,0.09375,0.0,0.0,0.0,0.0,0.0,0.0,0.0,0.0,0.0,0.0,0.0,0.0,0.0,0.0,0.0,0.0625,0.0,0.1875,0.9375,0.84375,1.0,0.9375,0.84375,1.0,0.0,0.0,0.0,0.0,0.0,0.0,0.0,0.0,0.0,0.0,0.0,0.0,0.0,0.0,0.0,0.0,0.0,0.0,0.0625,0.0,0.1875,0.03125,0.0,0.09375,1,0,0,0,1
detour,historical:A_reference,220,220,condition:offpath,16,16,0.84375,0.65625,1.0,0.84375,0.65625,1.0,0.0,0.0,0.0,0.125,0.0,0.3125,0.125,0.0,0.3125,0.0,0.0,0.0,0.0,0.0,0.0,0.0,0.0,0.0,0.0,0.0,0.0,0.90625,0.75,1.0,0.90625,0.75,1.0,0.0,0.0,0.0,0.09375,0.0,0.25,0.09375,0.0,0.25,0.0,0.0,0.0,0.0,0.0,0.0,0.0,0.0,0.0,0.0,0.0,0.0,0.0,0.0,0.0,0,0,0,0,0
detour,historical:A_reference,220,220,controls,16,32,0.90625,0.8125,0.984375,0.921875,0.828125,1.0,0.015625,0.0,0.046875,0.0625,0.0,0.15625,0.0625,0.0,0.15625,0.0,0.0,0.0,0.0,0.0,0.0,0.0,0.0,0.0,0.03125,0.0,0.09375,0.921875,0.8125,1.0,0.921875,0.8125,1.0,0.0,0.0,0.0,0.046875,0.0,0.125,0.046875,0.0,0.125,0.0,0.0,0.0,0.0,0.0,0.0,0.0,0.0,0.0,0.03125,0.0,0.09375,0.015625,0.0,0.046875,1,0,0,0,1
detour,historical:A_reference,220,220,role:calibration,4,12,0.5416666666666666,0.41666666666666663,0.6666666666666666,0.5833333333333333,0.41666666666666663,0.6666666666666666,0.041666666666666664,0.0,0.125,0.3333333333333333,0.08333333333333333,0.5833333333333333,0.3333333333333333,0.08333333333333333,0.5833333333333333,0.0,0.0,0.0,0.0,0.0,0.0,0.0,0.0,0.0,0.08333333333333333,0.0,0.25,0.5833333333333334,0.29166666666666663,0.7916666666666667,0.5833333333333334,0.29166666666666663,0.7916666666666667,0.0,0.0,0.0,0.29166666666666663,0.08333333333333333,0.5416666666666666,0.29166666666666663,0.08333333333333333,0.5416666666666666,0.0,0.0,0.0,0.0,0.0,0.0,0.0,0.0,0.0,0.08333333333333333,0.0,0.25,0.041666666666666664,0.0,0.125,1,0,0,0,1
detour,historical:A_reference,220,220,role:fitting,12,36,0.6805555555555557,0.638888888888889,0.7222222222222223,0.7222222222222222,0.6666666666666666,0.7916666666666665,0.041666666666666664,0.0,0.1111111111111111,0.3055555555555556,0.23611111111111113,0.3611111111111111,0.2638888888888889,0.19444444444444442,0.3333333333333333,-0.041666666666666664,-0.1111111111111111,0.0,0.0,0.0,0.0,0.0,0.0,0.0,0.05555555555555555,0.0,0.13888888888888887,0.7083333333333334,0.6666666666666666,0.7642361111111063,0.736111111111111,0.6666666666666666,0.8055555555555557,0.027777777777777776,0.0,0.08333333333333333,0.25,0.18055555555555555,0.3194444444444445,0.2222222222222222,0.13888888888888887,0.2916666666666667,-0.027777777777777776,-0.08333333333333333,0.0,0.0,0.0,0.0,0.0,0.0,0.0,0.05555555555555555,0.0,0.13888888888888887,0.013888888888888888,0.0,0.041666666666666664,2,1,1,0,1
detour,historical:A_reference,220,440,all,16,48,0.6458333333333333,0.5833333333333334,0.6979166666666666,0.6875,0.6249999999999999,0.75,0.041666666666666664,0.0,0.09375,0.3125,0.23958333333333334,0.38541666666666663,0.28125,0.19791666666666669,0.3541666666666667,-0.03125,-0.08333333333333333,0.0,0.0,0.0,0.0,0.0,0.0,0.0,0.0625,0.0,0.12499999999999999,0.6770833333333333,0.5937499999999999,0.7499999999999999,0.6979166666666666,0.6041666666666666,0.7812499999999999,0.020833333333333332,0.0,0.0625,0.26041666666666663,0.18723958333333338,0.34375,0.23958333333333331,0.15625,0.3229166666666667,-0.020833333333333332,-0.0625,0.0,0.0,0.0,0.0,0.0,0.0,0.0,0.0625,0.0,0.12499999999999999,0.020833333333333332,0.0,0.05208333333333333,3,1,1,0,2
detour,historical:A_reference,220,440,condition:glass,16,16,0.125,0.0,0.28125,0.21875,0.0625,0.4375,0.09375,0.0,0.25,0.8125,0.625,0.96875,0.71875,0.5,0.90625,-0.09375,-0.25,0.0,0.0,0.0,0.0,0.0,0.0,0.0,0.125,0.0,0.3125,0.1875,0.03125,0.375,0.25,0.0625,0.4375,0.0625,0.0,0.1875,0.6875,0.46875,0.875,0.625,0.40625,0.84375,-0.0625,-0.1875,0.0,0.0,0.0,0.0,0.0,0.0,0.0,0.125,0.0,0.3125,0.03125,0.0,0.09375,2,1,1,0,1
detour,historical:A_reference,220,440,condition:noglass,16,16,0.96875,0.90625,1.0,1.0,1.0,1.0,0.03125,0.0,0.09375,0.0,0.0,0.0,0.0,0.0,0.0,0.0,0.0,0.0,0.0,0.0,0.0,0.0,0.0,0.0,0.0625,0.0,0.1875,0.9375,0.84375,1.0,0.9375,0.84375,1.0,0.0,0.0,0.0,0.0,0.0,0.0,0.0,0.0,0.0,0.0,0.0,0.0,0.0,0.0,0.0,0.0,0.0,0.0,0.0625,0.0,0.1875,0.03125,0.0,0.09375,1,0,0,0,1
detour,historical:A_reference,220,440,condition:offpath,16,16,0.84375,0.65625,1.0,0.84375,0.65625,1.0,0.0,0.0,0.0,0.125,0.0,0.3125,0.125,0.0,0.3125,0.0,0.0,0.0,0.0,0.0,0.0,0.0,0.0,0.0,0.0,0.0,0.0,0.90625,0.75,1.0,0.90625,0.75,1.0,0.0,0.0,0.0,0.09375,0.0,0.25,0.09375,0.0,0.25,0.0,0.0,0.0,0.0,0.0,0.0,0.0,0.0,0.0,0.0,0.0,0.0,0.0,0.0,0.0,0,0,0,0,0
detour,historical:A_reference,220,440,controls,16,32,0.90625,0.8125,0.984375,0.921875,0.828125,1.0,0.015625,0.0,0.046875,0.0625,0.0,0.15625,0.0625,0.0,0.15625,0.0,0.0,0.0,0.0,0.0,0.0,0.0,0.0,0.0,0.03125,0.0,0.09375,0.921875,0.8125,1.0,0.921875,0.8125,1.0,0.0,0.0,0.0,0.046875,0.0,0.125,0.046875,0.0,0.125,0.0,0.0,0.0,0.0,0.0,0.0,0.0,0.0,0.0,0.03125,0.0,0.09375,0.015625,0.0,0.046875,1,0,0,0,1
detour,historical:A_reference,220,440,role:calibration,4,12,0.5416666666666666,0.41666666666666663,0.6666666666666666,0.5833333333333333,0.41666666666666663,0.6666666666666666,0.041666666666666664,0.0,0.125,0.3333333333333333,0.08333333333333333,0.5833333333333333,0.3333333333333333,0.08333333333333333,0.5833333333333333,0.0,0.0,0.0,0.0,0.0,0.0,0.0,0.0,0.0,0.08333333333333333,0.0,0.25,0.5833333333333334,0.29166666666666663,0.7916666666666667,0.5833333333333334,0.29166666666666663,0.7916666666666667,0.0,0.0,0.0,0.29166666666666663,0.08333333333333333,0.5416666666666666,0.29166666666666663,0.08333333333333333,0.5416666666666666,0.0,0.0,0.0,0.0,0.0,0.0,0.0,0.0,0.0,0.08333333333333333,0.0,0.25,0.041666666666666664,0.0,0.125,1,0,0,0,1
detour,historical:A_reference,220,440,role:fitting,12,36,0.6805555555555557,0.638888888888889,0.7222222222222223,0.7222222222222222,0.6666666666666666,0.7916666666666665,0.041666666666666664,0.0,0.1111111111111111,0.3055555555555556,0.23611111111111113,0.3611111111111111,0.2638888888888889,0.19444444444444442,0.3333333333333333,-0.041666666666666664,-0.1111111111111111,0.0,0.0,0.0,0.0,0.0,0.0,0.0,0.05555555555555555,0.0,0.13888888888888887,0.7083333333333334,0.6666666666666666,0.7642361111111063,0.736111111111111,0.6666666666666666,0.8055555555555557,0.027777777777777776,0.0,0.08333333333333333,0.25,0.18055555555555555,0.3194444444444445,0.2222222222222222,0.13888888888888887,0.2916666666666667,-0.027777777777777776,-0.08333333333333333,0.0,0.0,0.0,0.0,0.0,0.0,0.0,0.05555555555555555,0.0,0.13888888888888887,0.013888888888888888,0.0,0.041666666666666664,2,1,1,0,1
detour,historical:AlwaysDetour,220,220,all,16,48,0.6458333333333333,0.5833333333333334,0.6979166666666666,0.3125,0.18749999999999997,0.43802083333332587,-0.3333333333333333,-0.46875,-0.1875,0.3125,0.23958333333333334,0.38541666666666663,0.10416666666666666,0.020833333333333332,0.20833333333333334,-0.20833333333333331,-0.29166666666666663,-0.12499999999999997,0.375,0.25,0.4895833333333333,0.010416666666666666,0.0,0.03125,0.9791666666666666,0.9374999999999999,1.0,0.6770833333333333,0.5937499999999999,0.7499999999999999,0.3125,0.18749999999999997,0.43802083333332587,-0.3645833333333333,-0.47916666666666674,-0.23958333333333334,0.26041666666666663,0.18723958333333338,0.34375,0.10416666666666666,0.020833333333333332,0.20833333333333334,-0.15625,-0.25000000000000006,-0.05208333333333333,0.3958333333333333,0.29166666666666663,0.5,0.03125,0.0,0.08333333333333333,0.9791666666666666,0.9374999999999999,1.0,0.03125,-0.02083333333333326,0.08333333333333337,3,2,0,13,4
detour,historical:AlwaysDetour,220,220,condition:glass,16,16,0.125,0.0,0.28125,0.1875,0.0,0.375,0.0625,-0.0625,0.21875,0.8125,0.625,0.96875,0.1875,0.0,0.375,-0.625,-0.875,-0.375,0.03125,0.0,0.09375,0.03125,0.0,0.09375,1.0,1.0,1.0,0.1875,0.03125,0.375,0.1875,0.0,0.375,0.0,-0.125,0.15625,0.6875,0.46875,0.875,0.1875,0.0,0.375,-0.5,-0.78125,-0.1875,0.0625,0.0,0.15625,0.0625,0.0,0.1875,1.0,1.0,1.0,0.0625,0.0,0.15625,2,1,1,2,2
detour,historical:AlwaysDetour,220,220,condition:noglass,16,16,0.96875,0.90625,1.0,0.5,0.25,0.75,-0.46875,-0.71875,-0.21875,0.0,0.0,0.0,0.0,0.0,0.0,0.0,0.0,0.0,0.5,0.25,0.75,0.0,0.0,0.0,1.0,1.0,1.0,0.9375,0.84375,1.0,0.5,0.25,0.75,-0.4375,-0.6875,-0.1875,0.0,0.0,0.0,0.0,0.0,0.0,0.0,0.0,0.0,0.46875,0.25,0.6875,0.0,0.0,0.0,1.0,1.0,1.0,-0.03125,-0.125,0.0625,1,1,1,8,3
detour,historical:AlwaysDetour,220,220,condition:offpath,16,16,0.84375,0.65625,1.0,0.25,0.0625,0.5,-0.59375,-0.8125,-0.34375,0.125,0.0,0.3125,0.125,0.0,0.3125,0.0,0.0,0.0,0.59375,0.34375,0.8125,0.0,0.0,0.0,0.9375,0.8125,1.0,0.90625,0.75,1.0,0.25,0.0625,0.5,-0.65625,-0.875,-0.4375,0.09375,0.0,0.25,0.125,0.0,0.3125,0.03125,0.0,0.09375,0.65625,0.4375,0.875,0.03125,0.0,0.09375,0.9375,0.8125,1.0,0.0625,0.0,0.15625,0,0,0,11,2
detour,historical:AlwaysDetour,220,220,controls,16,32,0.90625,0.8125,0.984375,0.375,0.21875,0.53125,-0.53125,-0.71875,-0.34375,0.0625,0.0,0.15625,0.0625,0.0,0.15625,0.0,0.0,0.0,0.546875,0.375,0.71875,0.0,0.0,0.0,0.96875,0.90625,1.0,0.921875,0.8125,1.0,0.375,0.21875,0.53125,-0.546875,-0.71875,-0.375,0.046875,0.0,0.125,0.0625,0.0,0.15625,0.015625,0.0,0.046875,0.5625,0.390625,0.71875,0.015625,0.0,0.046875,0.96875,0.90625,1.0,0.015625,-0.03125,0.0625,1,1,0,13,3
detour,historical:AlwaysDetour,220,220,role:calibration,4,12,0.5416666666666666,0.41666666666666663,0.6666666666666666,0.16666666666666666,0.0,0.5,-0.375,-0.6666666666666666,-0.04166666666666666,0.3333333333333333,0.08333333333333333,0.5833333333333333,0.16666666666666666,0.0,0.5,-0.16666666666666666,-0.3333333333333333,0.0,0.41666666666666663,0.16666666666666666,0.6666666666666666,0.0,0.0,0.0,0.9166666666666666,0.7499999999999999,1.0,0.5833333333333334,0.29166666666666663,0.7916666666666667,0.16666666666666666,0.0,0.5,-0.41666666666666663,-0.6666666666666666,-0.16666666666666666,0.29166666666666663,0.08333333333333333,0.5416666666666666,0.16666666666666666,0.0,0.5,-0.125,-0.25,0.0,0.41666666666666663,0.16666666666666666,0.6666666666666666,0.0,0.0,0.0,0.9166666666666666,0.7499999999999999,1.0,0.041666666666666664,-0.125,0.24999999999999994,1,0,0,4,2
detour,historical:AlwaysDetour,220,220,role:fitting,12,36,0.6805555555555557,0.638888888888889,0.7222222222222223,0.3611111111111111,0.2222222222222222,0.5,-0.3194444444444445,-0.47222222222222215,-0.16666666666666666,0.3055555555555556,0.23611111111111113,0.3611111111111111,0.08333333333333333,0.0,0.16666666666666666,-0.2222222222222222,-0.3055555555555556,-0.12499999999999999,0.3611111111111111,0.23611111111111113,0.48611111111111116,0.013888888888888888,0.0,0.041666666666666664,1.0,1.0,1.0,0.7083333333333334,0.6666666666666666,0.7642361111111063,0.3611111111111111,0.2222222222222222,0.5,-0.34722222222222227,-0.4861111111111111,-0.20833333333333334,0.25,0.18055555555555555,0.3194444444444445,0.08333333333333333,0.0,0.16666666666666666,-0.16666666666666666,-0.2916666666666667,-0.02777777777777779,0.38888888888888884,0.2777777777777778,0.5,0.041666666666666664,0.0,0.09722222222222222,1.0,1.0,1.0,0.027777777777777776,0.0,0.06944444444444442,2,2,0,9,2
detour,historical:AlwaysDetour,220,440,all,16,48,0.6458333333333333,0.5833333333333334,0.6979166666666666,0.3958333333333333,0.2708333333333333,0.5208333333333334,-0.25,-0.38541666666666663,-0.11458333333333333,0.3125,0.23958333333333334,0.38541666666666663,0.14583333333333331,0.0625,0.25,-0.16666666666666669,-0.25,-0.08333333333333333,0.3125,0.1979166666666667,0.4270833333333333,0.010416666666666666,0.0,0.03125,0.9791666666666666,0.9374999999999999,1.0,0.6770833333333333,0.5937499999999999,0.7499999999999999,0.3958333333333333,0.2708333333333333,0.5208333333333334,-0.28125,-0.39583333333333337,-0.16666666666666666,0.26041666666666663,0.18723958333333338,0.34375,0.14583333333333331,0.0625,0.25,-0.11458333333333333,-0.21875000000000003,-0.010416666666666663,0.3333333333333333,0.2291666666666667,0.43749999999999994,0.041666666666666664,0.0,0.09375,0.9791666666666666,0.9374999999999999,1.0,0.03125,-0.020833333333333315,0.08333333333333336,4,3,0,11,4
detour,historical:AlwaysDetour,220,440,condition:glass,16,16,0.125,0.0,0.28125,0.25,0.0625,0.5,0.125,-0.03125,0.3125,0.8125,0.625,0.96875,0.3125,0.125,0.5625,-0.5,-0.75,-0.25,0.03125,0.0,0.09375,0.03125,0.0,0.09375,1.0,1.0,1.0,0.1875,0.03125,0.375,0.25,0.0625,0.5,0.0625,-0.125,0.28125,0.6875,0.46875,0.875,0.3125,0.125,0.5625,-0.375,-0.6875,-0.0625,0.0625,0.0,0.15625,0.09375,0.0,0.25,1.0,1.0,1.0,0.0625,0.0,0.15625,3,2,2,2,2
detour,historical:AlwaysDetour,220,440,condition:noglass,16,16,0.96875,0.90625,1.0,0.5,0.25,0.75,-0.46875,-0.71875,-0.21875,0.0,0.0,0.0,0.0,0.0,0.0,0.0,0.0,0.0,0.5,0.25,0.75,0.0,0.0,0.0,1.0,1.0,1.0,0.9375,0.84375,1.0,0.5,0.25,0.75,-0.4375,-0.6875,-0.1875,0.0,0.0,0.0,0.0,0.0,0.0,0.0,0.0,0.0,0.46875,0.25,0.6875,0.0,0.0,0.0,1.0,1.0,1.0,-0.03125,-0.125,0.0625,1,1,1,8,3
detour,historical:AlwaysDetour,220,440,condition:offpath,16,16,0.84375,0.65625,1.0,0.4375,0.1875,0.6875,-0.40625,-0.625,-0.1875,0.125,0.0,0.3125,0.125,0.0,0.3125,0.0,0.0,0.0,0.40625,0.1875,0.625,0.0,0.0,0.0,0.9375,0.8125,1.0,0.90625,0.75,1.0,0.4375,0.1875,0.6875,-0.46875,-0.6875,-0.25,0.09375,0.0,0.25,0.125,0.0,0.3125,0.03125,0.0,0.09375,0.46875,0.25,0.6875,0.03125,0.0,0.09375,0.9375,0.8125,1.0,0.0625,0.0,0.15625,0,0,0,8,2
detour,historical:AlwaysDetour,220,440,controls,16,32,0.90625,0.8125,0.984375,0.46875,0.3125,0.625,-0.4375,-0.609375,-0.265625,0.0625,0.0,0.15625,0.0625,0.0,0.15625,0.0,0.0,0.0,0.453125,0.296875,0.625,0.0,0.0,0.0,0.96875,0.90625,1.0,0.921875,0.8125,1.0,0.46875,0.3125,0.625,-0.453125,-0.625,-0.296875,0.046875,0.0,0.125,0.0625,0.0,0.15625,0.015625,0.0,0.046875,0.46875,0.3125,0.625,0.015625,0.0,0.046875,0.96875,0.90625,1.0,0.015625,-0.03125,0.0625,1,1,0,12,3
detour,historical:AlwaysDetour,220,440,role:calibration,4,12,0.5416666666666666,0.41666666666666663,0.6666666666666666,0.25,0.0,0.5,-0.29166666666666663,-0.5833333333333333,0.041666666666666664,0.3333333333333333,0.08333333333333333,0.5833333333333333,0.16666666666666666,0.0,0.5,-0.16666666666666666,-0.3333333333333333,0.0,0.3333333333333333,0.08333333333333333,0.5833333333333333,0.0,0.0,0.0,0.9166666666666666,0.7499999999999999,1.0,0.5833333333333334,0.29166666666666663,0.7916666666666667,0.25,0.0,0.5,-0.3333333333333333,-0.5416666666666666,-0.16666666666666666,0.29166666666666663,0.08333333333333333,0.5416666666666666,0.16666666666666666,0.0,0.5,-0.125,-0.25,0.0,0.3333333333333333,0.16666666666666666,0.5416666666666666,0.0,0.0,0.0,0.9166666666666666,0.7499999999999999,1.0,0.041666666666666664,-0.125,0.24999999999999997,1,0,0,4,2
detour,historical:AlwaysDetour,220,440,role:fitting,12,36,0.6805555555555557,0.638888888888889,0.7222222222222223,0.4444444444444444,0.3055555555555555,0.5833333333333334,-0.23611111111111113,-0.3888888888888889,-0.09722222222222221,0.3055555555555556,0.23611111111111113,0.3611111111111111,0.13888888888888887,0.05555555555555555,0.2222222222222222,-0.16666666666666666,-0.2638888888888889,-0.06944444444444443,0.3055555555555555,0.18055555555555555,0.4305555555555556,0.013888888888888888,0.0,0.041666666666666664,1.0,1.0,1.0,0.7083333333333334,0.6666666666666666,0.7642361111111063,0.4444444444444444,0.3055555555555555,0.5833333333333334,-0.2638888888888889,-0.40277777777777785,-0.125,0.25,0.18055555555555555,0.3194444444444445,0.13888888888888887,0.05555555555555555,0.2222222222222222,-0.11111111111111109,-0.23611111111111113,0.027777777777777776,0.3333333333333333,0.2222222222222222,0.4444444444444445,0.05555555555555555,0.0,0.12499999999999999,1.0,1.0,1.0,0.027777777777777776,0.0,0.06944444444444442,3,3,0,7,2
detour,historical:Base,220,220,all,16,48,0.6458333333333333,0.5833333333333334,0.6979166666666666,0.6458333333333333,0.5833333333333334,0.6979166666666666,0.0,0.0,0.0,0.3125,0.23958333333333334,0.38541666666666663,0.3125,0.23958333333333334,0.38541666666666663,0.0,0.0,0.0,0.0,0.0,0.0,0.0,0.0,0.0,0.0,0.0,0.0,0.6770833333333333,0.5937499999999999,0.7499999999999999,0.6770833333333333,0.5937499999999999,0.7499999999999999,0.0,0.0,0.0,0.26041666666666663,0.18723958333333338,0.34375,0.26041666666666663,0.18723958333333338,0.34375,0.0,0.0,0.0,0.0,0.0,0.0,0.0,0.0,0.0,0.0,0.0,0.0,0.0,0.0,0.0,0,0,0,0,0
detour,historical:Base,220,220,condition:glass,16,16,0.125,0.0,0.28125,0.125,0.0,0.28125,0.0,0.0,0.0,0.8125,0.625,0.96875,0.8125,0.625,0.96875,0.0,0.0,0.0,0.0,0.0,0.0,0.0,0.0,0.0,0.0,0.0,0.0,0.1875,0.03125,0.375,0.1875,0.03125,0.375,0.0,0.0,0.0,0.6875,0.46875,0.875,0.6875,0.46875,0.875,0.0,0.0,0.0,0.0,0.0,0.0,0.0,0.0,0.0,0.0,0.0,0.0,0.0,0.0,0.0,0,0,0,0,0
detour,historical:Base,220,220,condition:noglass,16,16,0.96875,0.90625,1.0,0.96875,0.90625,1.0,0.0,0.0,0.0,0.0,0.0,0.0,0.0,0.0,0.0,0.0,0.0,0.0,0.0,0.0,0.0,0.0,0.0,0.0,0.0,0.0,0.0,0.9375,0.84375,1.0,0.9375,0.84375,1.0,0.0,0.0,0.0,0.0,0.0,0.0,0.0,0.0,0.0,0.0,0.0,0.0,0.0,0.0,0.0,0.0,0.0,0.0,0.0,0.0,0.0,0.0,0.0,0.0,0,0,0,0,0
detour,historical:Base,220,220,condition:offpath,16,16,0.84375,0.65625,1.0,0.84375,0.65625,1.0,0.0,0.0,0.0,0.125,0.0,0.3125,0.125,0.0,0.3125,0.0,0.0,0.0,0.0,0.0,0.0,0.0,0.0,0.0,0.0,0.0,0.0,0.90625,0.75,1.0,0.90625,0.75,1.0,0.0,0.0,0.0,0.09375,0.0,0.25,0.09375,0.0,0.25,0.0,0.0,0.0,0.0,0.0,0.0,0.0,0.0,0.0,0.0,0.0,0.0,0.0,0.0,0.0,0,0,0,0,0
detour,historical:Base,220,220,controls,16,32,0.90625,0.8125,0.984375,0.90625,0.8125,0.984375,0.0,0.0,0.0,0.0625,0.0,0.15625,0.0625,0.0,0.15625,0.0,0.0,0.0,0.0,0.0,0.0,0.0,0.0,0.0,0.0,0.0,0.0,0.921875,0.8125,1.0,0.921875,0.8125,1.0,0.0,0.0,0.0,0.046875,0.0,0.125,0.046875,0.0,0.125,0.0,0.0,0.0,0.0,0.0,0.0,0.0,0.0,0.0,0.0,0.0,0.0,0.0,0.0,0.0,0,0,0,0,0
detour,historical:Base,220,220,role:calibration,4,12,0.5416666666666666,0.41666666666666663,0.6666666666666666,0.5416666666666666,0.41666666666666663,0.6666666666666666,0.0,0.0,0.0,0.3333333333333333,0.08333333333333333,0.5833333333333333,0.3333333333333333,0.08333333333333333,0.5833333333333333,0.0,0.0,0.0,0.0,0.0,0.0,0.0,0.0,0.0,0.0,0.0,0.0,0.5833333333333334,0.29166666666666663,0.7916666666666667,0.5833333333333334,0.29166666666666663,0.7916666666666667,0.0,0.0,0.0,0.29166666666666663,0.08333333333333333,0.5416666666666666,0.29166666666666663,0.08333333333333333,0.5416666666666666,0.0,0.0,0.0,0.0,0.0,0.0,0.0,0.0,0.0,0.0,0.0,0.0,0.0,0.0,0.0,0,0,0,0,0
detour,historical:Base,220,220,role:fitting,12,36,0.6805555555555557,0.638888888888889,0.7222222222222223,0.6805555555555557,0.638888888888889,0.7222222222222223,0.0,0.0,0.0,0.3055555555555556,0.23611111111111113,0.3611111111111111,0.3055555555555556,0.23611111111111113,0.3611111111111111,0.0,0.0,0.0,0.0,0.0,0.0,0.0,0.0,0.0,0.0,0.0,0.0,0.7083333333333334,0.6666666666666666,0.7642361111111063,0.7083333333333334,0.6666666666666666,0.7642361111111063,0.0,0.0,0.0,0.25,0.18055555555555555,0.3194444444444445,0.25,0.18055555555555555,0.3194444444444445,0.0,0.0,0.0,0.0,0.0,0.0,0.0,0.0,0.0,0.0,0.0,0.0,0.0,0.0,0.0,0,0,0,0,0
detour,historical:Base,220,440,all,16,48,0.6458333333333333,0.5833333333333334,0.6979166666666666,0.6458333333333333,0.5833333333333334,0.6979166666666666,0.0,0.0,0.0,0.3125,0.23958333333333334,0.38541666666666663,0.3125,0.23958333333333334,0.38541666666666663,0.0,0.0,0.0,0.0,0.0,0.0,0.0,0.0,0.0,0.0,0.0,0.0,0.6770833333333333,0.5937499999999999,0.7499999999999999,0.6770833333333333,0.5937499999999999,0.7499999999999999,0.0,0.0,0.0,0.26041666666666663,0.18723958333333338,0.34375,0.26041666666666663,0.18723958333333338,0.34375,0.0,0.0,0.0,0.0,0.0,0.0,0.0,0.0,0.0,0.0,0.0,0.0,0.0,0.0,0.0,0,0,0,0,0
detour,historical:Base,220,440,condition:glass,16,16,0.125,0.0,0.28125,0.125,0.0,0.28125,0.0,0.0,0.0,0.8125,0.625,0.96875,0.8125,0.625,0.96875,0.0,0.0,0.0,0.0,0.0,0.0,0.0,0.0,0.0,0.0,0.0,0.0,0.1875,0.03125,0.375,0.1875,0.03125,0.375,0.0,0.0,0.0,0.6875,0.46875,0.875,0.6875,0.46875,0.875,0.0,0.0,0.0,0.0,0.0,0.0,0.0,0.0,0.0,0.0,0.0,0.0,0.0,0.0,0.0,0,0,0,0,0
detour,historical:Base,220,440,condition:noglass,16,16,0.96875,0.90625,1.0,0.96875,0.90625,1.0,0.0,0.0,0.0,0.0,0.0,0.0,0.0,0.0,0.0,0.0,0.0,0.0,0.0,0.0,0.0,0.0,0.0,0.0,0.0,0.0,0.0,0.9375,0.84375,1.0,0.9375,0.84375,1.0,0.0,0.0,0.0,0.0,0.0,0.0,0.0,0.0,0.0,0.0,0.0,0.0,0.0,0.0,0.0,0.0,0.0,0.0,0.0,0.0,0.0,0.0,0.0,0.0,0,0,0,0,0
detour,historical:Base,220,440,condition:offpath,16,16,0.84375,0.65625,1.0,0.84375,0.65625,1.0,0.0,0.0,0.0,0.125,0.0,0.3125,0.125,0.0,0.3125,0.0,0.0,0.0,0.0,0.0,0.0,0.0,0.0,0.0,0.0,0.0,0.0,0.90625,0.75,1.0,0.90625,0.75,1.0,0.0,0.0,0.0,0.09375,0.0,0.25,0.09375,0.0,0.25,0.0,0.0,0.0,0.0,0.0,0.0,0.0,0.0,0.0,0.0,0.0,0.0,0.0,0.0,0.0,0,0,0,0,0
detour,historical:Base,220,440,controls,16,32,0.90625,0.8125,0.984375,0.90625,0.8125,0.984375,0.0,0.0,0.0,0.0625,0.0,0.15625,0.0625,0.0,0.15625,0.0,0.0,0.0,0.0,0.0,0.0,0.0,0.0,0.0,0.0,0.0,0.0,0.921875,0.8125,1.0,0.921875,0.8125,1.0,0.0,0.0,0.0,0.046875,0.0,0.125,0.046875,0.0,0.125,0.0,0.0,0.0,0.0,0.0,0.0,0.0,0.0,0.0,0.0,0.0,0.0,0.0,0.0,0.0,0,0,0,0,0
detour,historical:Base,220,440,role:calibration,4,12,0.5416666666666666,0.41666666666666663,0.6666666666666666,0.5416666666666666,0.41666666666666663,0.6666666666666666,0.0,0.0,0.0,0.3333333333333333,0.08333333333333333,0.5833333333333333,0.3333333333333333,0.08333333333333333,0.5833333333333333,0.0,0.0,0.0,0.0,0.0,0.0,0.0,0.0,0.0,0.0,0.0,0.0,0.5833333333333334,0.29166666666666663,0.7916666666666667,0.5833333333333334,0.29166666666666663,0.7916666666666667,0.0,0.0,0.0,0.29166666666666663,0.08333333333333333,0.5416666666666666,0.29166666666666663,0.08333333333333333,0.5416666666666666,0.0,0.0,0.0,0.0,0.0,0.0,0.0,0.0,0.0,0.0,0.0,0.0,0.0,0.0,0.0,0,0,0,0,0
detour,historical:Base,220,440,role:fitting,12,36,0.6805555555555557,0.638888888888889,0.7222222222222223,0.6805555555555557,0.638888888888889,0.7222222222222223,0.0,0.0,0.0,0.3055555555555556,0.23611111111111113,0.3611111111111111,0.3055555555555556,0.23611111111111113,0.3611111111111111,0.0,0.0,0.0,0.0,0.0,0.0,0.0,0.0,0.0,0.0,0.0,0.0,0.7083333333333334,0.6666666666666666,0.7642361111111063,0.7083333333333334,0.6666666666666666,0.7642361111111063,0.0,0.0,0.0,0.25,0.18055555555555555,0.3194444444444445,0.25,0.18055555555555555,0.3194444444444445,0.0,0.0,0.0,0.0,0.0,0.0,0.0,0.0,0.0,0.0,0.0,0.0,0.0,0.0,0.0,0,0,0,0,0
detour,historical:BenefitGate,220,220,all,16,48,0.6458333333333333,0.5833333333333334,0.6979166666666666,0.6458333333333333,0.5833333333333334,0.6979166666666666,0.0,0.0,0.0,0.3125,0.23958333333333334,0.38541666666666663,0.3125,0.23958333333333334,0.38541666666666663,0.0,0.0,0.0,0.0,0.0,0.0,0.0,0.0,0.0,0.0,0.0,0.0,0.6770833333333333,0.5937499999999999,0.7499999999999999,0.6770833333333333,0.5937499999999999,0.7499999999999999,0.0,0.0,0.0,0.26041666666666663,0.18723958333333338,0.34375,0.26041666666666663,0.18723958333333338,0.34375,0.0,0.0,0.0,0.0,0.0,0.0,0.0,0.0,0.0,0.0,0.0,0.0,0.0,0.0,0.0,0,0,0,0,0
detour,historical:BenefitGate,220,220,condition:glass,16,16,0.125,0.0,0.28125,0.125,0.0,0.28125,0.0,0.0,0.0,0.8125,0.625,0.96875,0.8125,0.625,0.96875,0.0,0.0,0.0,0.0,0.0,0.0,0.0,0.0,0.0,0.0,0.0,0.0,0.1875,0.03125,0.375,0.1875,0.03125,0.375,0.0,0.0,0.0,0.6875,0.46875,0.875,0.6875,0.46875,0.875,0.0,0.0,0.0,0.0,0.0,0.0,0.0,0.0,0.0,0.0,0.0,0.0,0.0,0.0,0.0,0,0,0,0,0
detour,historical:BenefitGate,220,220,condition:noglass,16,16,0.96875,0.90625,1.0,0.96875,0.90625,1.0,0.0,0.0,0.0,0.0,0.0,0.0,0.0,0.0,0.0,0.0,0.0,0.0,0.0,0.0,0.0,0.0,0.0,0.0,0.0,0.0,0.0,0.9375,0.84375,1.0,0.9375,0.84375,1.0,0.0,0.0,0.0,0.0,0.0,0.0,0.0,0.0,0.0,0.0,0.0,0.0,0.0,0.0,0.0,0.0,0.0,0.0,0.0,0.0,0.0,0.0,0.0,0.0,0,0,0,0,0
detour,historical:BenefitGate,220,220,condition:offpath,16,16,0.84375,0.65625,1.0,0.84375,0.65625,1.0,0.0,0.0,0.0,0.125,0.0,0.3125,0.125,0.0,0.3125,0.0,0.0,0.0,0.0,0.0,0.0,0.0,0.0,0.0,0.0,0.0,0.0,0.90625,0.75,1.0,0.90625,0.75,1.0,0.0,0.0,0.0,0.09375,0.0,0.25,0.09375,0.0,0.25,0.0,0.0,0.0,0.0,0.0,0.0,0.0,0.0,0.0,0.0,0.0,0.0,0.0,0.0,0.0,0,0,0,0,0
detour,historical:BenefitGate,220,220,controls,16,32,0.90625,0.8125,0.984375,0.90625,0.8125,0.984375,0.0,0.0,0.0,0.0625,0.0,0.15625,0.0625,0.0,0.15625,0.0,0.0,0.0,0.0,0.0,0.0,0.0,0.0,0.0,0.0,0.0,0.0,0.921875,0.8125,1.0,0.921875,0.8125,1.0,0.0,0.0,0.0,0.046875,0.0,0.125,0.046875,0.0,0.125,0.0,0.0,0.0,0.0,0.0,0.0,0.0,0.0,0.0,0.0,0.0,0.0,0.0,0.0,0.0,0,0,0,0,0
detour,historical:BenefitGate,220,220,role:calibration,4,12,0.5416666666666666,0.41666666666666663,0.6666666666666666,0.5416666666666666,0.41666666666666663,0.6666666666666666,0.0,0.0,0.0,0.3333333333333333,0.08333333333333333,0.5833333333333333,0.3333333333333333,0.08333333333333333,0.5833333333333333,0.0,0.0,0.0,0.0,0.0,0.0,0.0,0.0,0.0,0.0,0.0,0.0,0.5833333333333334,0.29166666666666663,0.7916666666666667,0.5833333333333334,0.29166666666666663,0.7916666666666667,0.0,0.0,0.0,0.29166666666666663,0.08333333333333333,0.5416666666666666,0.29166666666666663,0.08333333333333333,0.5416666666666666,0.0,0.0,0.0,0.0,0.0,0.0,0.0,0.0,0.0,0.0,0.0,0.0,0.0,0.0,0.0,0,0,0,0,0
detour,historical:BenefitGate,220,220,role:fitting,12,36,0.6805555555555557,0.638888888888889,0.7222222222222223,0.6805555555555557,0.638888888888889,0.7222222222222223,0.0,0.0,0.0,0.3055555555555556,0.23611111111111113,0.3611111111111111,0.3055555555555556,0.23611111111111113,0.3611111111111111,0.0,0.0,0.0,0.0,0.0,0.0,0.0,0.0,0.0,0.0,0.0,0.0,0.7083333333333334,0.6666666666666666,0.7642361111111063,0.7083333333333334,0.6666666666666666,0.7642361111111063,0.0,0.0,0.0,0.25,0.18055555555555555,0.3194444444444445,0.25,0.18055555555555555,0.3194444444444445,0.0,0.0,0.0,0.0,0.0,0.0,0.0,0.0,0.0,0.0,0.0,0.0,0.0,0.0,0.0,0,0,0,0,0
detour,historical:BenefitGate,220,440,all,16,48,0.6458333333333333,0.5833333333333334,0.6979166666666666,0.6458333333333333,0.5833333333333334,0.6979166666666666,0.0,0.0,0.0,0.3125,0.23958333333333334,0.38541666666666663,0.3125,0.23958333333333334,0.38541666666666663,0.0,0.0,0.0,0.0,0.0,0.0,0.0,0.0,0.0,0.0,0.0,0.0,0.6770833333333333,0.5937499999999999,0.7499999999999999,0.6770833333333333,0.5937499999999999,0.7499999999999999,0.0,0.0,0.0,0.26041666666666663,0.18723958333333338,0.34375,0.26041666666666663,0.18723958333333338,0.34375,0.0,0.0,0.0,0.0,0.0,0.0,0.0,0.0,0.0,0.0,0.0,0.0,0.0,0.0,0.0,0,0,0,0,0
detour,historical:BenefitGate,220,440,condition:glass,16,16,0.125,0.0,0.28125,0.125,0.0,0.28125,0.0,0.0,0.0,0.8125,0.625,0.96875,0.8125,0.625,0.96875,0.0,0.0,0.0,0.0,0.0,0.0,0.0,0.0,0.0,0.0,0.0,0.0,0.1875,0.03125,0.375,0.1875,0.03125,0.375,0.0,0.0,0.0,0.6875,0.46875,0.875,0.6875,0.46875,0.875,0.0,0.0,0.0,0.0,0.0,0.0,0.0,0.0,0.0,0.0,0.0,0.0,0.0,0.0,0.0,0,0,0,0,0
detour,historical:BenefitGate,220,440,condition:noglass,16,16,0.96875,0.90625,1.0,0.96875,0.90625,1.0,0.0,0.0,0.0,0.0,0.0,0.0,0.0,0.0,0.0,0.0,0.0,0.0,0.0,0.0,0.0,0.0,0.0,0.0,0.0,0.0,0.0,0.9375,0.84375,1.0,0.9375,0.84375,1.0,0.0,0.0,0.0,0.0,0.0,0.0,0.0,0.0,0.0,0.0,0.0,0.0,0.0,0.0,0.0,0.0,0.0,0.0,0.0,0.0,0.0,0.0,0.0,0.0,0,0,0,0,0
detour,historical:BenefitGate,220,440,condition:offpath,16,16,0.84375,0.65625,1.0,0.84375,0.65625,1.0,0.0,0.0,0.0,0.125,0.0,0.3125,0.125,0.0,0.3125,0.0,0.0,0.0,0.0,0.0,0.0,0.0,0.0,0.0,0.0,0.0,0.0,0.90625,0.75,1.0,0.90625,0.75,1.0,0.0,0.0,0.0,0.09375,0.0,0.25,0.09375,0.0,0.25,0.0,0.0,0.0,0.0,0.0,0.0,0.0,0.0,0.0,0.0,0.0,0.0,0.0,0.0,0.0,0,0,0,0,0
detour,historical:BenefitGate,220,440,controls,16,32,0.90625,0.8125,0.984375,0.90625,0.8125,0.984375,0.0,0.0,0.0,0.0625,0.0,0.15625,0.0625,0.0,0.15625,0.0,0.0,0.0,0.0,0.0,0.0,0.0,0.0,0.0,0.0,0.0,0.0,0.921875,0.8125,1.0,0.921875,0.8125,1.0,0.0,0.0,0.0,0.046875,0.0,0.125,0.046875,0.0,0.125,0.0,0.0,0.0,0.0,0.0,0.0,0.0,0.0,0.0,0.0,0.0,0.0,0.0,0.0,0.0,0,0,0,0,0
detour,historical:BenefitGate,220,440,role:calibration,4,12,0.5416666666666666,0.41666666666666663,0.6666666666666666,0.5416666666666666,0.41666666666666663,0.6666666666666666,0.0,0.0,0.0,0.3333333333333333,0.08333333333333333,0.5833333333333333,0.3333333333333333,0.08333333333333333,0.5833333333333333,0.0,0.0,0.0,0.0,0.0,0.0,0.0,0.0,0.0,0.0,0.0,0.0,0.5833333333333334,0.29166666666666663,0.7916666666666667,0.5833333333333334,0.29166666666666663,0.7916666666666667,0.0,0.0,0.0,0.29166666666666663,0.08333333333333333,0.5416666666666666,0.29166666666666663,0.08333333333333333,0.5416666666666666,0.0,0.0,0.0,0.0,0.0,0.0,0.0,0.0,0.0,0.0,0.0,0.0,0.0,0.0,0.0,0,0,0,0,0
detour,historical:BenefitGate,220,440,role:fitting,12,36,0.6805555555555557,0.638888888888889,0.7222222222222223,0.6805555555555557,0.638888888888889,0.7222222222222223,0.0,0.0,0.0,0.3055555555555556,0.23611111111111113,0.3611111111111111,0.3055555555555556,0.23611111111111113,0.3611111111111111,0.0,0.0,0.0,0.0,0.0,0.0,0.0,0.0,0.0,0.0,0.0,0.0,0.7083333333333334,0.6666666666666666,0.7642361111111063,0.7083333333333334,0.6666666666666666,0.7642361111111063,0.0,0.0,0.0,0.25,0.18055555555555555,0.3194444444444445,0.25,0.18055555555555555,0.3194444444444445,0.0,0.0,0.0,0.0,0.0,0.0,0.0,0.0,0.0,0.0,0.0,0.0,0.0,0.0,0.0,0,0,0,0,0
detour,historical:DirectQ_sanity,220,220,all,16,48,0.6458333333333333,0.5833333333333334,0.6979166666666666,0.6458333333333333,0.5833333333333334,0.6979166666666666,0.0,0.0,0.0,0.3125,0.23958333333333334,0.38541666666666663,0.3125,0.23958333333333334,0.38541666666666663,0.0,0.0,0.0,0.0,0.0,0.0,0.0,0.0,0.0,0.0,0.0,0.0,0.6770833333333333,0.5937499999999999,0.7499999999999999,0.6770833333333333,0.5937499999999999,0.7499999999999999,0.0,0.0,0.0,0.26041666666666663,0.18723958333333338,0.34375,0.26041666666666663,0.18723958333333338,0.34375,0.0,0.0,0.0,0.0,0.0,0.0,0.0,0.0,0.0,0.0,0.0,0.0,0.0,0.0,0.0,0,0,0,0,0
detour,historical:DirectQ_sanity,220,220,condition:glass,16,16,0.125,0.0,0.28125,0.125,0.0,0.28125,0.0,0.0,0.0,0.8125,0.625,0.96875,0.8125,0.625,0.96875,0.0,0.0,0.0,0.0,0.0,0.0,0.0,0.0,0.0,0.0,0.0,0.0,0.1875,0.03125,0.375,0.1875,0.03125,0.375,0.0,0.0,0.0,0.6875,0.46875,0.875,0.6875,0.46875,0.875,0.0,0.0,0.0,0.0,0.0,0.0,0.0,0.0,0.0,0.0,0.0,0.0,0.0,0.0,0.0,0,0,0,0,0
detour,historical:DirectQ_sanity,220,220,condition:noglass,16,16,0.96875,0.90625,1.0,0.96875,0.90625,1.0,0.0,0.0,0.0,0.0,0.0,0.0,0.0,0.0,0.0,0.0,0.0,0.0,0.0,0.0,0.0,0.0,0.0,0.0,0.0,0.0,0.0,0.9375,0.84375,1.0,0.9375,0.84375,1.0,0.0,0.0,0.0,0.0,0.0,0.0,0.0,0.0,0.0,0.0,0.0,0.0,0.0,0.0,0.0,0.0,0.0,0.0,0.0,0.0,0.0,0.0,0.0,0.0,0,0,0,0,0
detour,historical:DirectQ_sanity,220,220,condition:offpath,16,16,0.84375,0.65625,1.0,0.84375,0.65625,1.0,0.0,0.0,0.0,0.125,0.0,0.3125,0.125,0.0,0.3125,0.0,0.0,0.0,0.0,0.0,0.0,0.0,0.0,0.0,0.0,0.0,0.0,0.90625,0.75,1.0,0.90625,0.75,1.0,0.0,0.0,0.0,0.09375,0.0,0.25,0.09375,0.0,0.25,0.0,0.0,0.0,0.0,0.0,0.0,0.0,0.0,0.0,0.0,0.0,0.0,0.0,0.0,0.0,0,0,0,0,0
detour,historical:DirectQ_sanity,220,220,controls,16,32,0.90625,0.8125,0.984375,0.90625,0.8125,0.984375,0.0,0.0,0.0,0.0625,0.0,0.15625,0.0625,0.0,0.15625,0.0,0.0,0.0,0.0,0.0,0.0,0.0,0.0,0.0,0.0,0.0,0.0,0.921875,0.8125,1.0,0.921875,0.8125,1.0,0.0,0.0,0.0,0.046875,0.0,0.125,0.046875,0.0,0.125,0.0,0.0,0.0,0.0,0.0,0.0,0.0,0.0,0.0,0.0,0.0,0.0,0.0,0.0,0.0,0,0,0,0,0
detour,historical:DirectQ_sanity,220,220,role:calibration,4,12,0.5416666666666666,0.41666666666666663,0.6666666666666666,0.5416666666666666,0.41666666666666663,0.6666666666666666,0.0,0.0,0.0,0.3333333333333333,0.08333333333333333,0.5833333333333333,0.3333333333333333,0.08333333333333333,0.5833333333333333,0.0,0.0,0.0,0.0,0.0,0.0,0.0,0.0,0.0,0.0,0.0,0.0,0.5833333333333334,0.29166666666666663,0.7916666666666667,0.5833333333333334,0.29166666666666663,0.7916666666666667,0.0,0.0,0.0,0.29166666666666663,0.08333333333333333,0.5416666666666666,0.29166666666666663,0.08333333333333333,0.5416666666666666,0.0,0.0,0.0,0.0,0.0,0.0,0.0,0.0,0.0,0.0,0.0,0.0,0.0,0.0,0.0,0,0,0,0,0
detour,historical:DirectQ_sanity,220,220,role:fitting,12,36,0.6805555555555557,0.638888888888889,0.7222222222222223,0.6805555555555557,0.638888888888889,0.7222222222222223,0.0,0.0,0.0,0.3055555555555556,0.23611111111111113,0.3611111111111111,0.3055555555555556,0.23611111111111113,0.3611111111111111,0.0,0.0,0.0,0.0,0.0,0.0,0.0,0.0,0.0,0.0,0.0,0.0,0.7083333333333334,0.6666666666666666,0.7642361111111063,0.7083333333333334,0.6666666666666666,0.7642361111111063,0.0,0.0,0.0,0.25,0.18055555555555555,0.3194444444444445,0.25,0.18055555555555555,0.3194444444444445,0.0,0.0,0.0,0.0,0.0,0.0,0.0,0.0,0.0,0.0,0.0,0.0,0.0,0.0,0.0,0,0,0,0,0
detour,historical:DirectQ_sanity,220,440,all,16,48,0.6458333333333333,0.5833333333333334,0.6979166666666666,0.6458333333333333,0.5833333333333334,0.6979166666666666,0.0,0.0,0.0,0.3125,0.23958333333333334,0.38541666666666663,0.3125,0.23958333333333334,0.38541666666666663,0.0,0.0,0.0,0.0,0.0,0.0,0.0,0.0,0.0,0.0,0.0,0.0,0.6770833333333333,0.5937499999999999,0.7499999999999999,0.6770833333333333,0.5937499999999999,0.7499999999999999,0.0,0.0,0.0,0.26041666666666663,0.18723958333333338,0.34375,0.26041666666666663,0.18723958333333338,0.34375,0.0,0.0,0.0,0.0,0.0,0.0,0.0,0.0,0.0,0.0,0.0,0.0,0.0,0.0,0.0,0,0,0,0,0
detour,historical:DirectQ_sanity,220,440,condition:glass,16,16,0.125,0.0,0.28125,0.125,0.0,0.28125,0.0,0.0,0.0,0.8125,0.625,0.96875,0.8125,0.625,0.96875,0.0,0.0,0.0,0.0,0.0,0.0,0.0,0.0,0.0,0.0,0.0,0.0,0.1875,0.03125,0.375,0.1875,0.03125,0.375,0.0,0.0,0.0,0.6875,0.46875,0.875,0.6875,0.46875,0.875,0.0,0.0,0.0,0.0,0.0,0.0,0.0,0.0,0.0,0.0,0.0,0.0,0.0,0.0,0.0,0,0,0,0,0
detour,historical:DirectQ_sanity,220,440,condition:noglass,16,16,0.96875,0.90625,1.0,0.96875,0.90625,1.0,0.0,0.0,0.0,0.0,0.0,0.0,0.0,0.0,0.0,0.0,0.0,0.0,0.0,0.0,0.0,0.0,0.0,0.0,0.0,0.0,0.0,0.9375,0.84375,1.0,0.9375,0.84375,1.0,0.0,0.0,0.0,0.0,0.0,0.0,0.0,0.0,0.0,0.0,0.0,0.0,0.0,0.0,0.0,0.0,0.0,0.0,0.0,0.0,0.0,0.0,0.0,0.0,0,0,0,0,0
detour,historical:DirectQ_sanity,220,440,condition:offpath,16,16,0.84375,0.65625,1.0,0.84375,0.65625,1.0,0.0,0.0,0.0,0.125,0.0,0.3125,0.125,0.0,0.3125,0.0,0.0,0.0,0.0,0.0,0.0,0.0,0.0,0.0,0.0,0.0,0.0,0.90625,0.75,1.0,0.90625,0.75,1.0,0.0,0.0,0.0,0.09375,0.0,0.25,0.09375,0.0,0.25,0.0,0.0,0.0,0.0,0.0,0.0,0.0,0.0,0.0,0.0,0.0,0.0,0.0,0.0,0.0,0,0,0,0,0
detour,historical:DirectQ_sanity,220,440,controls,16,32,0.90625,0.8125,0.984375,0.90625,0.8125,0.984375,0.0,0.0,0.0,0.0625,0.0,0.15625,0.0625,0.0,0.15625,0.0,0.0,0.0,0.0,0.0,0.0,0.0,0.0,0.0,0.0,0.0,0.0,0.921875,0.8125,1.0,0.921875,0.8125,1.0,0.0,0.0,0.0,0.046875,0.0,0.125,0.046875,0.0,0.125,0.0,0.0,0.0,0.0,0.0,0.0,0.0,0.0,0.0,0.0,0.0,0.0,0.0,0.0,0.0,0,0,0,0,0
detour,historical:DirectQ_sanity,220,440,role:calibration,4,12,0.5416666666666666,0.41666666666666663,0.6666666666666666,0.5416666666666666,0.41666666666666663,0.6666666666666666,0.0,0.0,0.0,0.3333333333333333,0.08333333333333333,0.5833333333333333,0.3333333333333333,0.08333333333333333,0.5833333333333333,0.0,0.0,0.0,0.0,0.0,0.0,0.0,0.0,0.0,0.0,0.0,0.0,0.5833333333333334,0.29166666666666663,0.7916666666666667,0.5833333333333334,0.29166666666666663,0.7916666666666667,0.0,0.0,0.0,0.29166666666666663,0.08333333333333333,0.5416666666666666,0.29166666666666663,0.08333333333333333,0.5416666666666666,0.0,0.0,0.0,0.0,0.0,0.0,0.0,0.0,0.0,0.0,0.0,0.0,0.0,0.0,0.0,0,0,0,0,0
detour,historical:DirectQ_sanity,220,440,role:fitting,12,36,0.6805555555555557,0.638888888888889,0.7222222222222223,0.6805555555555557,0.638888888888889,0.7222222222222223,0.0,0.0,0.0,0.3055555555555556,0.23611111111111113,0.3611111111111111,0.3055555555555556,0.23611111111111113,0.3611111111111111,0.0,0.0,0.0,0.0,0.0,0.0,0.0,0.0,0.0,0.0,0.0,0.0,0.7083333333333334,0.6666666666666666,0.7642361111111063,0.7083333333333334,0.6666666666666666,0.7642361111111063,0.0,0.0,0.0,0.25,0.18055555555555555,0.3194444444444445,0.25,0.18055555555555555,0.3194444444444445,0.0,0.0,0.0,0.0,0.0,0.0,0.0,0.0,0.0,0.0,0.0,0.0,0.0,0.0,0.0,0,0,0,0,0
detour,historical:RiskDetour,220,220,all,16,48,0.6458333333333333,0.5833333333333334,0.6979166666666666,0.6145833333333333,0.5520833333333333,0.6770833333333331,-0.03125,-0.08333333333333333,0.0,0.3125,0.23958333333333334,0.38541666666666663,0.2708333333333333,0.1875,0.36458333333333326,-0.041666666666666664,-0.10416666666666666,0.0,0.03125,0.0,0.08333333333333333,0.0,0.0,0.0,0.14583333333333331,0.0625,0.25,0.6770833333333333,0.5937499999999999,0.7499999999999999,0.6354166666666666,0.5520833333333333,0.7083333333333331,-0.041666666666666664,-0.10416666666666667,0.010416666666666666,0.26041666666666663,0.18723958333333338,0.34375,0.22916666666666666,0.14583333333333331,0.32291666666666663,-0.03125,-0.08333333333333333,0.0,0.05208333333333333,0.0,0.11458333333333333,0.0,0.0,0.0,0.14583333333333331,0.0625,0.25,0.010416666666666666,-0.020833333333333332,0.04166666666666667,0,1,1,3,3
detour,historical:RiskDetour,220,220,condition:glass,16,16,0.125,0.0,0.28125,0.125,0.0,0.28125,0.0,0.0,0.0,0.8125,0.625,0.96875,0.6875,0.46875,0.875,-0.125,-0.3125,0.0,0.0,0.0,0.0,0.0,0.0,0.0,0.125,0.0,0.3125,0.1875,0.03125,0.375,0.15625,0.0,0.34375,-0.03125,-0.09375,0.0,0.6875,0.46875,0.875,0.59375,0.375,0.8125,-0.09375,-0.25,0.0,0.03125,0.0,0.09375,0.0,0.0,0.0,0.125,0.0,0.3125,0.03125,0.0,0.09375,0,0,0,1,1
detour,historical:RiskDetour,220,220,condition:noglass,16,16,0.96875,0.90625,1.0,0.96875,0.90625,1.0,0.0,0.0,0.0,0.0,0.0,0.0,0.0,0.0,0.0,0.0,0.0,0.0,0.0,0.0,0.0,0.0,0.0,0.0,0.125,0.0,0.3125,0.9375,0.84375,1.0,0.96875,0.90625,1.0,0.03125,0.0,0.09375,0.0,0.0,0.0,0.0,0.0,0.0,0.0,0.0,0.0,0.0,0.0,0.0,0.0,0.0,0.0,0.125,0.0,0.3125,-0.03125,-0.09375,0.0,0,1,1,0,1
detour,historical:RiskDetour,220,220,condition:offpath,16,16,0.84375,0.65625,1.0,0.75,0.5,0.9375,-0.09375,-0.25,0.0,0.125,0.0,0.3125,0.125,0.0,0.3125,0.0,0.0,0.0,0.09375,0.0,0.25,0.0,0.0,0.0,0.1875,0.0,0.375,0.90625,0.75,1.0,0.78125,0.5625,0.9382812499999886,-0.125,-0.3125,0.0,0.09375,0.0,0.25,0.09375,0.0,0.25,0.0,0.0,0.0,0.125,0.0,0.3125,0.0,0.0,0.0,0.1875,0.0,0.375,0.03125,0.0,0.09375,0,0,0,2,1
detour,historical:RiskDetour,220,220,controls,16,32,0.90625,0.8125,0.984375,0.859375,0.75,0.953125,-0.046875,-0.125,0.0,0.0625,0.0,0.15625,0.0625,0.0,0.15625,0.0,0.0,0.0,0.046875,0.0,0.125,0.0,0.0,0.0,0.15625,0.0625,0.28125,0.921875,0.8125,1.0,0.875,0.75,0.9691406249999943,-0.046875,-0.140625,0.03125,0.046875,0.0,0.125,0.046875,0.0,0.125,0.0,0.0,0.0,0.0625,0.0,0.15625,0.0,0.0,0.0,0.15625,0.0625,0.28125,0.0,-0.046875,0.046875,0,1,1,2,2
detour,historical:RiskDetour,220,220,role:calibration,4,12,0.5416666666666666,0.41666666666666663,0.6666666666666666,0.5416666666666666,0.41666666666666663,0.6666666666666666,0.0,0.0,0.0,0.3333333333333333,0.08333333333333333,0.5833333333333333,0.25,0.0,0.5,-0.08333333333333333,-0.25,0.0,0.0,0.0,0.0,0.0,0.0,0.0,0.08333333333333333,0.0,0.25,0.5833333333333334,0.29166666666666663,0.7916666666666667,0.5416666666666666,0.29166666666666663,0.6666666666666666,-0.041666666666666664,-0.125,0.0,0.29166666666666663,0.08333333333333333,0.5416666666666666,0.25,0.0,0.5,-0.041666666666666664,-0.125,0.0,0.041666666666666664,0.0,0.125,0.0,0.0,0.0,0.08333333333333333,0.0,0.25,0.041666666666666664,0.0,0.125,0,0,0,1,1
detour,historical:RiskDetour,220,220,role:fitting,12,36,0.6805555555555557,0.638888888888889,0.7222222222222223,0.638888888888889,0.5694444444444444,0.6944444444444445,-0.041666666666666664,-0.1111111111111111,0.0,0.3055555555555556,0.23611111111111113,0.3611111111111111,0.2777777777777778,0.19444444444444442,0.34722222222222227,-0.027777777777777776,-0.08333333333333333,0.0,0.041666666666666664,0.0,0.1111111111111111,0.0,0.0,0.0,0.16666666666666666,0.05555555555555555,0.3055555555555555,0.7083333333333334,0.6666666666666666,0.7642361111111063,0.6666666666666666,0.5972222222222222,0.7222222222222223,-0.041666666666666664,-0.12499999999999999,0.027777777777777776,0.25,0.18055555555555555,0.3194444444444445,0.2222222222222222,0.1388888888888889,0.2916666666666667,-0.027777777777777776,-0.08333333333333333,0.0,0.05555555555555555,0.0,0.13888888888888887,0.0,0.0,0.0,0.16666666666666666,0.05555555555555555,0.3055555555555555,0.0,-0.041666666666666664,0.04166666666666666,0,1,1,2,2
detour,historical:RiskDetour,220,440,all,16,48,0.6458333333333333,0.5833333333333334,0.6979166666666666,0.6145833333333333,0.5520833333333333,0.6770833333333331,-0.03125,-0.08333333333333333,0.0,0.3125,0.23958333333333334,0.38541666666666663,0.2708333333333333,0.1875,0.36458333333333326,-0.041666666666666664,-0.10416666666666666,0.0,0.03125,0.0,0.08333333333333333,0.0,0.0,0.0,0.14583333333333331,0.0625,0.25,0.6770833333333333,0.5937499999999999,0.7499999999999999,0.6354166666666666,0.5520833333333333,0.7083333333333331,-0.041666666666666664,-0.10416666666666667,0.010416666666666666,0.26041666666666663,0.18723958333333338,0.34375,0.22916666666666666,0.14583333333333331,0.32291666666666663,-0.03125,-0.08333333333333333,0.0,0.05208333333333333,0.0,0.11458333333333333,0.0,0.0,0.0,0.14583333333333331,0.0625,0.25,0.010416666666666666,-0.020833333333333332,0.04166666666666667,0,1,1,3,3
detour,historical:RiskDetour,220,440,condition:glass,16,16,0.125,0.0,0.28125,0.125,0.0,0.28125,0.0,0.0,0.0,0.8125,0.625,0.96875,0.6875,0.46875,0.875,-0.125,-0.3125,0.0,0.0,0.0,0.0,0.0,0.0,0.0,0.125,0.0,0.3125,0.1875,0.03125,0.375,0.15625,0.0,0.34375,-0.03125,-0.09375,0.0,0.6875,0.46875,0.875,0.59375,0.375,0.8125,-0.09375,-0.25,0.0,0.03125,0.0,0.09375,0.0,0.0,0.0,0.125,0.0,0.3125,0.03125,0.0,0.09375,0,0,0,1,1
detour,historical:RiskDetour,220,440,condition:noglass,16,16,0.96875,0.90625,1.0,0.96875,0.90625,1.0,0.0,0.0,0.0,0.0,0.0,0.0,0.0,0.0,0.0,0.0,0.0,0.0,0.0,0.0,0.0,0.0,0.0,0.0,0.125,0.0,0.3125,0.9375,0.84375,1.0,0.96875,0.90625,1.0,0.03125,0.0,0.09375,0.0,0.0,0.0,0.0,0.0,0.0,0.0,0.0,0.0,0.0,0.0,0.0,0.0,0.0,0.0,0.125,0.0,0.3125,-0.03125,-0.09375,0.0,0,1,1,0,1
detour,historical:RiskDetour,220,440,condition:offpath,16,16,0.84375,0.65625,1.0,0.75,0.5,0.9375,-0.09375,-0.25,0.0,0.125,0.0,0.3125,0.125,0.0,0.3125,0.0,0.0,0.0,0.09375,0.0,0.25,0.0,0.0,0.0,0.1875,0.0,0.375,0.90625,0.75,1.0,0.78125,0.5625,0.9382812499999886,-0.125,-0.3125,0.0,0.09375,0.0,0.25,0.09375,0.0,0.25,0.0,0.0,0.0,0.125,0.0,0.3125,0.0,0.0,0.0,0.1875,0.0,0.375,0.03125,0.0,0.09375,0,0,0,2,1
detour,historical:RiskDetour,220,440,controls,16,32,0.90625,0.8125,0.984375,0.859375,0.75,0.953125,-0.046875,-0.125,0.0,0.0625,0.0,0.15625,0.0625,0.0,0.15625,0.0,0.0,0.0,0.046875,0.0,0.125,0.0,0.0,0.0,0.15625,0.0625,0.28125,0.921875,0.8125,1.0,0.875,0.75,0.9691406249999943,-0.046875,-0.140625,0.03125,0.046875,0.0,0.125,0.046875,0.0,0.125,0.0,0.0,0.0,0.0625,0.0,0.15625,0.0,0.0,0.0,0.15625,0.0625,0.28125,0.0,-0.046875,0.046875,0,1,1,2,2
detour,historical:RiskDetour,220,440,role:calibration,4,12,0.5416666666666666,0.41666666666666663,0.6666666666666666,0.5416666666666666,0.41666666666666663,0.6666666666666666,0.0,0.0,0.0,0.3333333333333333,0.08333333333333333,0.5833333333333333,0.25,0.0,0.5,-0.08333333333333333,-0.25,0.0,0.0,0.0,0.0,0.0,0.0,0.0,0.08333333333333333,0.0,0.25,0.5833333333333334,0.29166666666666663,0.7916666666666667,0.5416666666666666,0.29166666666666663,0.6666666666666666,-0.041666666666666664,-0.125,0.0,0.29166666666666663,0.08333333333333333,0.5416666666666666,0.25,0.0,0.5,-0.041666666666666664,-0.125,0.0,0.041666666666666664,0.0,0.125,0.0,0.0,0.0,0.08333333333333333,0.0,0.25,0.041666666666666664,0.0,0.125,0,0,0,1,1
detour,historical:RiskDetour,220,440,role:fitting,12,36,0.6805555555555557,0.638888888888889,0.7222222222222223,0.638888888888889,0.5694444444444444,0.6944444444444445,-0.041666666666666664,-0.1111111111111111,0.0,0.3055555555555556,0.23611111111111113,0.3611111111111111,0.2777777777777778,0.19444444444444442,0.34722222222222227,-0.027777777777777776,-0.08333333333333333,0.0,0.041666666666666664,0.0,0.1111111111111111,0.0,0.0,0.0,0.16666666666666666,0.05555555555555555,0.3055555555555555,0.7083333333333334,0.6666666666666666,0.7642361111111063,0.6666666666666666,0.5972222222222222,0.7222222222222223,-0.041666666666666664,-0.12499999999999999,0.027777777777777776,0.25,0.18055555555555555,0.3194444444444445,0.2222222222222222,0.1388888888888889,0.2916666666666667,-0.027777777777777776,-0.08333333333333333,0.0,0.05555555555555555,0.0,0.13888888888888887,0.0,0.0,0.0,0.16666666666666666,0.05555555555555555,0.3055555555555555,0.0,-0.041666666666666664,0.04166666666666666,0,1,1,2,2
detour,historical:RiskOnlyBenefit,220,220,all,16,48,0.6458333333333333,0.5833333333333334,0.6979166666666666,0.6145833333333333,0.5520833333333333,0.6770833333333331,-0.03125,-0.08333333333333333,0.0,0.3125,0.23958333333333334,0.38541666666666663,0.2708333333333333,0.1875,0.36458333333333326,-0.041666666666666664,-0.10416666666666666,0.0,0.03125,0.0,0.08333333333333333,0.0,0.0,0.0,0.14583333333333331,0.0625,0.25,0.6770833333333333,0.5937499999999999,0.7499999999999999,0.6354166666666666,0.5520833333333333,0.7083333333333331,-0.041666666666666664,-0.10416666666666667,0.010416666666666666,0.26041666666666663,0.18723958333333338,0.34375,0.22916666666666666,0.14583333333333331,0.32291666666666663,-0.03125,-0.08333333333333333,0.0,0.05208333333333333,0.0,0.11458333333333333,0.0,0.0,0.0,0.14583333333333331,0.0625,0.25,0.010416666666666666,-0.020833333333333332,0.04166666666666667,0,1,1,3,3
detour,historical:RiskOnlyBenefit,220,220,condition:glass,16,16,0.125,0.0,0.28125,0.125,0.0,0.28125,0.0,0.0,0.0,0.8125,0.625,0.96875,0.6875,0.46875,0.875,-0.125,-0.3125,0.0,0.0,0.0,0.0,0.0,0.0,0.0,0.125,0.0,0.3125,0.1875,0.03125,0.375,0.15625,0.0,0.34375,-0.03125,-0.09375,0.0,0.6875,0.46875,0.875,0.59375,0.375,0.8125,-0.09375,-0.25,0.0,0.03125,0.0,0.09375,0.0,0.0,0.0,0.125,0.0,0.3125,0.03125,0.0,0.09375,0,0,0,1,1
detour,historical:RiskOnlyBenefit,220,220,condition:noglass,16,16,0.96875,0.90625,1.0,0.96875,0.90625,1.0,0.0,0.0,0.0,0.0,0.0,0.0,0.0,0.0,0.0,0.0,0.0,0.0,0.0,0.0,0.0,0.0,0.0,0.0,0.125,0.0,0.3125,0.9375,0.84375,1.0,0.96875,0.90625,1.0,0.03125,0.0,0.09375,0.0,0.0,0.0,0.0,0.0,0.0,0.0,0.0,0.0,0.0,0.0,0.0,0.0,0.0,0.0,0.125,0.0,0.3125,-0.03125,-0.09375,0.0,0,1,1,0,1
detour,historical:RiskOnlyBenefit,220,220,condition:offpath,16,16,0.84375,0.65625,1.0,0.75,0.5,0.9375,-0.09375,-0.25,0.0,0.125,0.0,0.3125,0.125,0.0,0.3125,0.0,0.0,0.0,0.09375,0.0,0.25,0.0,0.0,0.0,0.1875,0.0,0.375,0.90625,0.75,1.0,0.78125,0.5625,0.9382812499999886,-0.125,-0.3125,0.0,0.09375,0.0,0.25,0.09375,0.0,0.25,0.0,0.0,0.0,0.125,0.0,0.3125,0.0,0.0,0.0,0.1875,0.0,0.375,0.03125,0.0,0.09375,0,0,0,2,1
detour,historical:RiskOnlyBenefit,220,220,controls,16,32,0.90625,0.8125,0.984375,0.859375,0.75,0.953125,-0.046875,-0.125,0.0,0.0625,0.0,0.15625,0.0625,0.0,0.15625,0.0,0.0,0.0,0.046875,0.0,0.125,0.0,0.0,0.0,0.15625,0.0625,0.28125,0.921875,0.8125,1.0,0.875,0.75,0.9691406249999943,-0.046875,-0.140625,0.03125,0.046875,0.0,0.125,0.046875,0.0,0.125,0.0,0.0,0.0,0.0625,0.0,0.15625,0.0,0.0,0.0,0.15625,0.0625,0.28125,0.0,-0.046875,0.046875,0,1,1,2,2
detour,historical:RiskOnlyBenefit,220,220,role:calibration,4,12,0.5416666666666666,0.41666666666666663,0.6666666666666666,0.5416666666666666,0.41666666666666663,0.6666666666666666,0.0,0.0,0.0,0.3333333333333333,0.08333333333333333,0.5833333333333333,0.25,0.0,0.5,-0.08333333333333333,-0.25,0.0,0.0,0.0,0.0,0.0,0.0,0.0,0.08333333333333333,0.0,0.25,0.5833333333333334,0.29166666666666663,0.7916666666666667,0.5416666666666666,0.29166666666666663,0.6666666666666666,-0.041666666666666664,-0.125,0.0,0.29166666666666663,0.08333333333333333,0.5416666666666666,0.25,0.0,0.5,-0.041666666666666664,-0.125,0.0,0.041666666666666664,0.0,0.125,0.0,0.0,0.0,0.08333333333333333,0.0,0.25,0.041666666666666664,0.0,0.125,0,0,0,1,1
detour,historical:RiskOnlyBenefit,220,220,role:fitting,12,36,0.6805555555555557,0.638888888888889,0.7222222222222223,0.638888888888889,0.5694444444444444,0.6944444444444445,-0.041666666666666664,-0.1111111111111111,0.0,0.3055555555555556,0.23611111111111113,0.3611111111111111,0.2777777777777778,0.19444444444444442,0.34722222222222227,-0.027777777777777776,-0.08333333333333333,0.0,0.041666666666666664,0.0,0.1111111111111111,0.0,0.0,0.0,0.16666666666666666,0.05555555555555555,0.3055555555555555,0.7083333333333334,0.6666666666666666,0.7642361111111063,0.6666666666666666,0.5972222222222222,0.7222222222222223,-0.041666666666666664,-0.12499999999999999,0.027777777777777776,0.25,0.18055555555555555,0.3194444444444445,0.2222222222222222,0.1388888888888889,0.2916666666666667,-0.027777777777777776,-0.08333333333333333,0.0,0.05555555555555555,0.0,0.13888888888888887,0.0,0.0,0.0,0.16666666666666666,0.05555555555555555,0.3055555555555555,0.0,-0.041666666666666664,0.04166666666666666,0,1,1,2,2
detour,historical:RiskOnlyBenefit,220,440,all,16,48,0.6458333333333333,0.5833333333333334,0.6979166666666666,0.6145833333333333,0.5520833333333333,0.6770833333333331,-0.03125,-0.08333333333333333,0.0,0.3125,0.23958333333333334,0.38541666666666663,0.2708333333333333,0.1875,0.36458333333333326,-0.041666666666666664,-0.10416666666666666,0.0,0.03125,0.0,0.08333333333333333,0.0,0.0,0.0,0.14583333333333331,0.0625,0.25,0.6770833333333333,0.5937499999999999,0.7499999999999999,0.6354166666666666,0.5520833333333333,0.7083333333333331,-0.041666666666666664,-0.10416666666666667,0.010416666666666666,0.26041666666666663,0.18723958333333338,0.34375,0.22916666666666666,0.14583333333333331,0.32291666666666663,-0.03125,-0.08333333333333333,0.0,0.05208333333333333,0.0,0.11458333333333333,0.0,0.0,0.0,0.14583333333333331,0.0625,0.25,0.010416666666666666,-0.020833333333333332,0.04166666666666667,0,1,1,3,3
detour,historical:RiskOnlyBenefit,220,440,condition:glass,16,16,0.125,0.0,0.28125,0.125,0.0,0.28125,0.0,0.0,0.0,0.8125,0.625,0.96875,0.6875,0.46875,0.875,-0.125,-0.3125,0.0,0.0,0.0,0.0,0.0,0.0,0.0,0.125,0.0,0.3125,0.1875,0.03125,0.375,0.15625,0.0,0.34375,-0.03125,-0.09375,0.0,0.6875,0.46875,0.875,0.59375,0.375,0.8125,-0.09375,-0.25,0.0,0.03125,0.0,0.09375,0.0,0.0,0.0,0.125,0.0,0.3125,0.03125,0.0,0.09375,0,0,0,1,1
detour,historical:RiskOnlyBenefit,220,440,condition:noglass,16,16,0.96875,0.90625,1.0,0.96875,0.90625,1.0,0.0,0.0,0.0,0.0,0.0,0.0,0.0,0.0,0.0,0.0,0.0,0.0,0.0,0.0,0.0,0.0,0.0,0.0,0.125,0.0,0.3125,0.9375,0.84375,1.0,0.96875,0.90625,1.0,0.03125,0.0,0.09375,0.0,0.0,0.0,0.0,0.0,0.0,0.0,0.0,0.0,0.0,0.0,0.0,0.0,0.0,0.0,0.125,0.0,0.3125,-0.03125,-0.09375,0.0,0,1,1,0,1
detour,historical:RiskOnlyBenefit,220,440,condition:offpath,16,16,0.84375,0.65625,1.0,0.75,0.5,0.9375,-0.09375,-0.25,0.0,0.125,0.0,0.3125,0.125,0.0,0.3125,0.0,0.0,0.0,0.09375,0.0,0.25,0.0,0.0,0.0,0.1875,0.0,0.375,0.90625,0.75,1.0,0.78125,0.5625,0.9382812499999886,-0.125,-0.3125,0.0,0.09375,0.0,0.25,0.09375,0.0,0.25,0.0,0.0,0.0,0.125,0.0,0.3125,0.0,0.0,0.0,0.1875,0.0,0.375,0.03125,0.0,0.09375,0,0,0,2,1
detour,historical:RiskOnlyBenefit,220,440,controls,16,32,0.90625,0.8125,0.984375,0.859375,0.75,0.953125,-0.046875,-0.125,0.0,0.0625,0.0,0.15625,0.0625,0.0,0.15625,0.0,0.0,0.0,0.046875,0.0,0.125,0.0,0.0,0.0,0.15625,0.0625,0.28125,0.921875,0.8125,1.0,0.875,0.75,0.9691406249999943,-0.046875,-0.140625,0.03125,0.046875,0.0,0.125,0.046875,0.0,0.125,0.0,0.0,0.0,0.0625,0.0,0.15625,0.0,0.0,0.0,0.15625,0.0625,0.28125,0.0,-0.046875,0.046875,0,1,1,2,2
detour,historical:RiskOnlyBenefit,220,440,role:calibration,4,12,0.5416666666666666,0.41666666666666663,0.6666666666666666,0.5416666666666666,0.41666666666666663,0.6666666666666666,0.0,0.0,0.0,0.3333333333333333,0.08333333333333333,0.5833333333333333,0.25,0.0,0.5,-0.08333333333333333,-0.25,0.0,0.0,0.0,0.0,0.0,0.0,0.0,0.08333333333333333,0.0,0.25,0.5833333333333334,0.29166666666666663,0.7916666666666667,0.5416666666666666,0.29166666666666663,0.6666666666666666,-0.041666666666666664,-0.125,0.0,0.29166666666666663,0.08333333333333333,0.5416666666666666,0.25,0.0,0.5,-0.041666666666666664,-0.125,0.0,0.041666666666666664,0.0,0.125,0.0,0.0,0.0,0.08333333333333333,0.0,0.25,0.041666666666666664,0.0,0.125,0,0,0,1,1
detour,historical:RiskOnlyBenefit,220,440,role:fitting,12,36,0.6805555555555557,0.638888888888889,0.7222222222222223,0.638888888888889,0.5694444444444444,0.6944444444444445,-0.041666666666666664,-0.1111111111111111,0.0,0.3055555555555556,0.23611111111111113,0.3611111111111111,0.2777777777777778,0.19444444444444442,0.34722222222222227,-0.027777777777777776,-0.08333333333333333,0.0,0.041666666666666664,0.0,0.1111111111111111,0.0,0.0,0.0,0.16666666666666666,0.05555555555555555,0.3055555555555555,0.7083333333333334,0.6666666666666666,0.7642361111111063,0.6666666666666666,0.5972222222222222,0.7222222222222223,-0.041666666666666664,-0.12499999999999999,0.027777777777777776,0.25,0.18055555555555555,0.3194444444444445,0.2222222222222222,0.1388888888888889,0.2916666666666667,-0.027777777777777776,-0.08333333333333333,0.0,0.05555555555555555,0.0,0.13888888888888887,0.0,0.0,0.0,0.16666666666666666,0.05555555555555555,0.3055555555555555,0.0,-0.041666666666666664,0.04166666666666666,0,1,1,2,2
detour,real_full,440,220,all,16,48,0.6458333333333333,0.5833333333333334,0.6979166666666666,0.6875,0.6249999999999999,0.75,0.041666666666666664,0.0,0.09375,0.3125,0.23958333333333334,0.38541666666666663,0.26041666666666663,0.17708333333333331,0.34375,-0.05208333333333333,-0.11458333333333331,0.0,0.0,0.0,0.0,0.0,0.0,0.0,0.08333333333333333,0.020833333333333332,0.16666666666666666,0.6770833333333333,0.5937499999999999,0.7499999999999999,0.6979166666666666,0.6041666666666666,0.7812499999999999,0.020833333333333332,0.0,0.0625,0.26041666666666663,0.18723958333333338,0.34375,0.21875,0.13541666666666666,0.31249999999999994,-0.041666666666666664,-0.10416666666666666,0.0,0.0,0.0,0.0,0.0,0.0,0.0,0.08333333333333333,0.020833333333333332,0.16666666666666666,0.020833333333333332,0.0,0.05208333333333333,3,1,1,0,2
detour,real_full,440,220,condition:glass,16,16,0.125,0.0,0.28125,0.21875,0.0625,0.4375,0.09375,0.0,0.25,0.8125,0.625,0.96875,0.65625,0.4375,0.875,-0.15625,-0.34375,0.0,0.0,0.0,0.0,0.0,0.0,0.0,0.1875,0.0,0.375,0.1875,0.03125,0.375,0.25,0.0625,0.4375,0.0625,0.0,0.1875,0.6875,0.46875,0.875,0.5625,0.34375,0.78125,-0.125,-0.3125,0.0,0.0,0.0,0.0,0.0,0.0,0.0,0.1875,0.0,0.375,0.03125,0.0,0.09375,2,1,1,0,1
detour,real_full,440,220,condition:noglass,16,16,0.96875,0.90625,1.0,1.0,1.0,1.0,0.03125,0.0,0.09375,0.0,0.0,0.0,0.0,0.0,0.0,0.0,0.0,0.0,0.0,0.0,0.0,0.0,0.0,0.0,0.0625,0.0,0.1875,0.9375,0.84375,1.0,0.9375,0.84375,1.0,0.0,0.0,0.0,0.0,0.0,0.0,0.0,0.0,0.0,0.0,0.0,0.0,0.0,0.0,0.0,0.0,0.0,0.0,0.0625,0.0,0.1875,0.03125,0.0,0.09375,1,0,0,0,1
detour,real_full,440,220,condition:offpath,16,16,0.84375,0.65625,1.0,0.84375,0.65625,1.0,0.0,0.0,0.0,0.125,0.0,0.3125,0.125,0.0,0.3125,0.0,0.0,0.0,0.0,0.0,0.0,0.0,0.0,0.0,0.0,0.0,0.0,0.90625,0.75,1.0,0.90625,0.75,1.0,0.0,0.0,0.0,0.09375,0.0,0.25,0.09375,0.0,0.25,0.0,0.0,0.0,0.0,0.0,0.0,0.0,0.0,0.0,0.0,0.0,0.0,0.0,0.0,0.0,0,0,0,0,0
detour,real_full,440,220,controls,16,32,0.90625,0.8125,0.984375,0.921875,0.828125,1.0,0.015625,0.0,0.046875,0.0625,0.0,0.15625,0.0625,0.0,0.15625,0.0,0.0,0.0,0.0,0.0,0.0,0.0,0.0,0.0,0.03125,0.0,0.09375,0.921875,0.8125,1.0,0.921875,0.8125,1.0,0.0,0.0,0.0,0.046875,0.0,0.125,0.046875,0.0,0.125,0.0,0.0,0.0,0.0,0.0,0.0,0.0,0.0,0.0,0.03125,0.0,0.09375,0.015625,0.0,0.046875,1,0,0,0,1
detour,real_full,440,220,role:calibration,4,12,0.5416666666666666,0.41666666666666663,0.6666666666666666,0.5833333333333333,0.41666666666666663,0.6666666666666666,0.041666666666666664,0.0,0.125,0.3333333333333333,0.08333333333333333,0.5833333333333333,0.3333333333333333,0.08333333333333333,0.5833333333333333,0.0,0.0,0.0,0.0,0.0,0.0,0.0,0.0,0.0,0.08333333333333333,0.0,0.25,0.5833333333333334,0.29166666666666663,0.7916666666666667,0.5833333333333334,0.29166666666666663,0.7916666666666667,0.0,0.0,0.0,0.29166666666666663,0.08333333333333333,0.5416666666666666,0.29166666666666663,0.08333333333333333,0.5416666666666666,0.0,0.0,0.0,0.0,0.0,0.0,0.0,0.0,0.0,0.08333333333333333,0.0,0.25,0.041666666666666664,0.0,0.125,1,0,0,0,1
detour,real_full,440,220,role:fitting,12,36,0.6805555555555557,0.638888888888889,0.7222222222222223,0.7222222222222222,0.6666666666666666,0.7916666666666665,0.041666666666666664,0.0,0.1111111111111111,0.3055555555555556,0.23611111111111113,0.3611111111111111,0.23611111111111113,0.15277777777777776,0.3055555555555556,-0.06944444444444443,-0.15277777777777776,0.0,0.0,0.0,0.0,0.0,0.0,0.0,0.08333333333333333,0.0,0.16666666666666666,0.7083333333333334,0.6666666666666666,0.7642361111111063,0.736111111111111,0.6666666666666666,0.8055555555555557,0.027777777777777776,0.0,0.08333333333333333,0.25,0.18055555555555555,0.3194444444444445,0.19444444444444442,0.1111111111111111,0.2777777777777778,-0.05555555555555555,-0.13888888888888887,0.0,0.0,0.0,0.0,0.0,0.0,0.0,0.08333333333333333,0.0,0.16666666666666666,0.013888888888888888,0.0,0.041666666666666664,2,1,1,0,1
detour,real_full,440,440,all,16,48,0.6458333333333333,0.5833333333333334,0.6979166666666666,0.7083333333333333,0.6354166666666666,0.78125,0.06249999999999999,0.010416666666666666,0.12499999999999999,0.3125,0.23958333333333334,0.38541666666666663,0.26041666666666663,0.17708333333333331,0.34375,-0.05208333333333333,-0.11458333333333331,0.0,0.0,0.0,0.0,0.0,0.0,0.0,0.08333333333333333,0.020833333333333332,0.16666666666666666,0.6770833333333333,0.5937499999999999,0.7499999999999999,0.71875,0.6249999999999999,0.8124999999999999,0.041666666666666664,0.0,0.10416666666666666,0.26041666666666663,0.18723958333333338,0.34375,0.21875,0.13541666666666666,0.31249999999999994,-0.041666666666666664,-0.10416666666666666,0.0,0.0,0.0,0.0,0.0,0.0,0.0,0.08333333333333333,0.020833333333333332,0.16666666666666666,0.020833333333333332,0.0,0.05208333333333333,4,2,2,0,2
detour,real_full,440,440,condition:glass,16,16,0.125,0.0,0.28125,0.28125,0.09375,0.5,0.15625,0.0,0.34375,0.8125,0.625,0.96875,0.65625,0.4375,0.875,-0.15625,-0.34375,0.0,0.0,0.0,0.0,0.0,0.0,0.0,0.1875,0.0,0.375,0.1875,0.03125,0.375,0.3125,0.125,0.53125,0.125,0.0,0.3125,0.6875,0.46875,0.875,0.5625,0.34375,0.78125,-0.125,-0.3125,0.0,0.0,0.0,0.0,0.0,0.0,0.0,0.1875,0.0,0.375,0.03125,0.0,0.09375,3,2,2,0,1
detour,real_full,440,440,condition:noglass,16,16,0.96875,0.90625,1.0,1.0,1.0,1.0,0.03125,0.0,0.09375,0.0,0.0,0.0,0.0,0.0,0.0,0.0,0.0,0.0,0.0,0.0,0.0,0.0,0.0,0.0,0.0625,0.0,0.1875,0.9375,0.84375,1.0,0.9375,0.84375,1.0,0.0,0.0,0.0,0.0,0.0,0.0,0.0,0.0,0.0,0.0,0.0,0.0,0.0,0.0,0.0,0.0,0.0,0.0,0.0625,0.0,0.1875,0.03125,0.0,0.09375,1,0,0,0,1
detour,real_full,440,440,condition:offpath,16,16,0.84375,0.65625,1.0,0.84375,0.65625,1.0,0.0,0.0,0.0,0.125,0.0,0.3125,0.125,0.0,0.3125,0.0,0.0,0.0,0.0,0.0,0.0,0.0,0.0,0.0,0.0,0.0,0.0,0.90625,0.75,1.0,0.90625,0.75,1.0,0.0,0.0,0.0,0.09375,0.0,0.25,0.09375,0.0,0.25,0.0,0.0,0.0,0.0,0.0,0.0,0.0,0.0,0.0,0.0,0.0,0.0,0.0,0.0,0.0,0,0,0,0,0
detour,real_full,440,440,controls,16,32,0.90625,0.8125,0.984375,0.921875,0.828125,1.0,0.015625,0.0,0.046875,0.0625,0.0,0.15625,0.0625,0.0,0.15625,0.0,0.0,0.0,0.0,0.0,0.0,0.0,0.0,0.0,0.03125,0.0,0.09375,0.921875,0.8125,1.0,0.921875,0.8125,1.0,0.0,0.0,0.0,0.046875,0.0,0.125,0.046875,0.0,0.125,0.0,0.0,0.0,0.0,0.0,0.0,0.0,0.0,0.0,0.03125,0.0,0.09375,0.015625,0.0,0.046875,1,0,0,0,1
detour,real_full,440,440,role:calibration,4,12,0.5416666666666666,0.41666666666666663,0.6666666666666666,0.5833333333333333,0.41666666666666663,0.6666666666666666,0.041666666666666664,0.0,0.125,0.3333333333333333,0.08333333333333333,0.5833333333333333,0.3333333333333333,0.08333333333333333,0.5833333333333333,0.0,0.0,0.0,0.0,0.0,0.0,0.0,0.0,0.0,0.08333333333333333,0.0,0.25,0.5833333333333334,0.29166666666666663,0.7916666666666667,0.5833333333333334,0.29166666666666663,0.7916666666666667,0.0,0.0,0.0,0.29166666666666663,0.08333333333333333,0.5416666666666666,0.29166666666666663,0.08333333333333333,0.5416666666666666,0.0,0.0,0.0,0.0,0.0,0.0,0.0,0.0,0.0,0.08333333333333333,0.0,0.25,0.041666666666666664,0.0,0.125,1,0,0,0,1
detour,real_full,440,440,role:fitting,12,36,0.6805555555555557,0.638888888888889,0.7222222222222223,0.75,0.6805555555555557,0.8194444444444446,0.06944444444444443,0.0,0.15277777777777776,0.3055555555555556,0.23611111111111113,0.3611111111111111,0.23611111111111113,0.15277777777777776,0.3055555555555556,-0.06944444444444443,-0.15277777777777776,0.0,0.0,0.0,0.0,0.0,0.0,0.0,0.08333333333333333,0.0,0.16666666666666666,0.7083333333333334,0.6666666666666666,0.7642361111111063,0.7638888888888888,0.6944444444444445,0.8472222222222222,0.05555555555555555,0.0,0.13888888888888887,0.25,0.18055555555555555,0.3194444444444445,0.19444444444444442,0.1111111111111111,0.2777777777777778,-0.05555555555555555,-0.13888888888888887,0.0,0.0,0.0,0.0,0.0,0.0,0.0,0.08333333333333333,0.0,0.16666666666666666,0.013888888888888888,0.0,0.041666666666666664,3,2,2,0,1
detour,real_one,440,220,all,16,48,0.6666666666666666,0.5833333333333334,0.7499999999999999,0.7083333333333333,0.625,0.7916666666666665,0.041666666666666664,0.0,0.10416666666666666,0.3125,0.22916666666666669,0.3958333333333333,0.25,0.16666666666666666,0.3333333333333333,-0.0625,-0.12499999999999999,0.0,0.0,0.0,0.0,0.0,0.0,0.0,0.0625,0.0,0.12499999999999999,0.6458333333333333,0.5416666666666666,0.7499999999999999,0.6666666666666666,0.5416666666666666,0.7708333333333333,0.020833333333333332,0.0,0.0625,0.29166666666666663,0.20833333333333334,0.3749999999999999,0.25,0.16666666666666666,0.3333333333333333,-0.041666666666666664,-0.10416666666666666,0.0,0.0,0.0,0.0,0.0,0.0,0.0,0.0625,0.0,0.12499999999999999,0.020833333333333332,0.0,0.0625,2,1,1,0,1
detour,real_one,440,220,condition:glass,16,16,0.125,0.0,0.3125,0.25,0.0625,0.5,0.125,0.0,0.3125,0.8125,0.625,1.0,0.625,0.375,0.875,-0.1875,-0.375,0.0,0.0,0.0,0.0,0.0,0.0,0.0,0.1875,0.0,0.375,0.1875,0.0,0.375,0.25,0.0625,0.5,0.0625,0.0,0.1875,0.75,0.5625,0.9375,0.625,0.375,0.875,-0.125,-0.3125,0.0,0.0,0.0,0.0,0.0,0.0,0.0,0.1875,0.0,0.375,0.0625,0.0,0.1875,2,1,1,0,1
detour,real_one,440,220,condition:noglass,16,16,1.0,1.0,1.0,1.0,1.0,1.0,0.0,0.0,0.0,0.0,0.0,0.0,0.0,0.0,0.0,0.0,0.0,0.0,0.0,0.0,0.0,0.0,0.0,0.0,0.0,0.0,0.0,0.875,0.6875,1.0,0.875,0.6875,1.0,0.0,0.0,0.0,0.0,0.0,0.0,0.0,0.0,0.0,0.0,0.0,0.0,0.0,0.0,0.0,0.0,0.0,0.0,0.0,0.0,0.0,0.0,0.0,0.0,0,0,0,0,0
detour,real_one,440,220,condition:offpath,16,16,0.875,0.6875,1.0,0.875,0.6875,1.0,0.0,0.0,0.0,0.125,0.0,0.3125,0.125,0.0,0.3125,0.0,0.0,0.0,0.0,0.0,0.0,0.0,0.0,0.0,0.0,0.0,0.0,0.875,0.6875,1.0,0.875,0.6875,1.0,0.0,0.0,0.0,0.125,0.0,0.3125,0.125,0.0,0.3125,0.0,0.0,0.0,0.0,0.0,0.0,0.0,0.0,0.0,0.0,0.0,0.0,0.0,0.0,0.0,0,0,0,0,0
detour,real_one,440,220,controls,16,32,0.9375,0.84375,1.0,0.9375,0.84375,1.0,0.0,0.0,0.0,0.0625,0.0,0.15625,0.0625,0.0,0.15625,0.0,0.0,0.0,0.0,0.0,0.0,0.0,0.0,0.0,0.0,0.0,0.0,0.875,0.6875,1.0,0.875,0.6875,1.0,0.0,0.0,0.0,0.0625,0.0,0.15625,0.0625,0.0,0.15625,0.0,0.0,0.0,0.0,0.0,0.0,0.0,0.0,0.0,0.0,0.0,0.0,0.0,0.0,0.0,0,0,0,0,0
detour,real_one,440,220,role:calibration,4,12,0.5833333333333333,0.41666666666666663,0.6666666666666666,0.5833333333333333,0.41666666666666663,0.6666666666666666,0.0,0.0,0.0,0.3333333333333333,0.08333333333333333,0.5833333333333333,0.3333333333333333,0.08333333333333333,0.5833333333333333,0.0,0.0,0.0,0.0,0.0,0.0,0.0,0.0,0.0,0.0,0.0,0.0,0.5,0.16666666666666666,0.6666666666666666,0.5,0.16666666666666666,0.6666666666666666,0.0,0.0,0.0,0.3333333333333333,0.08333333333333333,0.5833333333333333,0.3333333333333333,0.08333333333333333,0.5833333333333333,0.0,0.0,0.0,0.0,0.0,0.0,0.0,0.0,0.0,0.0,0.0,0.0,0.0,0.0,0.0,0,0,0,0,0
detour,real_one,440,220,role:fitting,12,36,0.6944444444444445,0.611111111111111,0.7777777777777778,0.75,0.6666666666666666,0.8333333333333334,0.05555555555555555,0.0,0.13888888888888887,0.3055555555555556,0.2222222222222222,0.3888888888888889,0.2222222222222222,0.13888888888888887,0.3055555555555556,-0.08333333333333333,-0.16666666666666666,0.0,0.0,0.0,0.0,0.0,0.0,0.0,0.08333333333333333,0.0,0.16666666666666666,0.6944444444444445,0.611111111111111,0.7777777777777778,0.7222222222222222,0.6111111111111112,0.8333333333333331,0.027777777777777776,0.0,0.08333333333333333,0.27777777777777785,0.19444444444444442,0.3333333333333333,0.2222222222222222,0.13888888888888887,0.3055555555555556,-0.05555555555555555,-0.13888888888888887,0.0,0.0,0.0,0.0,0.0,0.0,0.0,0.08333333333333333,0.0,0.16666666666666666,0.027777777777777776,0.0,0.08333333333333333,2,1,1,0,1
detour,real_one,440,440,all,16,48,0.6666666666666666,0.5833333333333334,0.7499999999999999,0.7291666666666666,0.6458333333333333,0.8124999999999999,0.0625,0.0,0.12499999999999999,0.3125,0.22916666666666669,0.3958333333333333,0.25,0.16666666666666666,0.3333333333333333,-0.0625,-0.12499999999999999,0.0,0.0,0.0,0.0,0.0,0.0,0.0,0.0625,0.0,0.12499999999999999,0.6458333333333333,0.5416666666666666,0.7499999999999999,0.6875,0.5625,0.8124999999999998,0.041666666666666664,0.0,0.10416666666666666,0.29166666666666663,0.20833333333333334,0.3749999999999999,0.25,0.16666666666666666,0.3333333333333333,-0.041666666666666664,-0.10416666666666666,0.0,0.0,0.0,0.0,0.0,0.0,0.0,0.0625,0.0,0.12499999999999999,0.020833333333333332,0.0,0.0625,3,2,2,0,1
detour,real_one,440,440,condition:glass,16,16,0.125,0.0,0.3125,0.3125,0.125,0.5625,0.1875,0.0,0.375,0.8125,0.625,1.0,0.625,0.375,0.875,-0.1875,-0.375,0.0,0.0,0.0,0.0,0.0,0.0,0.0,0.1875,0.0,0.375,0.1875,0.0,0.375,0.3125,0.125,0.5625,0.125,0.0,0.3125,0.75,0.5625,0.9375,0.625,0.375,0.875,-0.125,-0.3125,0.0,0.0,0.0,0.0,0.0,0.0,0.0,0.1875,0.0,0.375,0.0625,0.0,0.1875,3,2,2,0,1
detour,real_one,440,440,condition:noglass,16,16,1.0,1.0,1.0,1.0,1.0,1.0,0.0,0.0,0.0,0.0,0.0,0.0,0.0,0.0,0.0,0.0,0.0,0.0,0.0,0.0,0.0,0.0,0.0,0.0,0.0,0.0,0.0,0.875,0.6875,1.0,0.875,0.6875,1.0,0.0,0.0,0.0,0.0,0.0,0.0,0.0,0.0,0.0,0.0,0.0,0.0,0.0,0.0,0.0,0.0,0.0,0.0,0.0,0.0,0.0,0.0,0.0,0.0,0,0,0,0,0
detour,real_one,440,440,condition:offpath,16,16,0.875,0.6875,1.0,0.875,0.6875,1.0,0.0,0.0,0.0,0.125,0.0,0.3125,0.125,0.0,0.3125,0.0,0.0,0.0,0.0,0.0,0.0,0.0,0.0,0.0,0.0,0.0,0.0,0.875,0.6875,1.0,0.875,0.6875,1.0,0.0,0.0,0.0,0.125,0.0,0.3125,0.125,0.0,0.3125,0.0,0.0,0.0,0.0,0.0,0.0,0.0,0.0,0.0,0.0,0.0,0.0,0.0,0.0,0.0,0,0,0,0,0
detour,real_one,440,440,controls,16,32,0.9375,0.84375,1.0,0.9375,0.84375,1.0,0.0,0.0,0.0,0.0625,0.0,0.15625,0.0625,0.0,0.15625,0.0,0.0,0.0,0.0,0.0,0.0,0.0,0.0,0.0,0.0,0.0,0.0,0.875,0.6875,1.0,0.875,0.6875,1.0,0.0,0.0,0.0,0.0625,0.0,0.15625,0.0625,0.0,0.15625,0.0,0.0,0.0,0.0,0.0,0.0,0.0,0.0,0.0,0.0,0.0,0.0,0.0,0.0,0.0,0,0,0,0,0
detour,real_one,440,440,role:calibration,4,12,0.5833333333333333,0.41666666666666663,0.6666666666666666,0.5833333333333333,0.41666666666666663,0.6666666666666666,0.0,0.0,0.0,0.3333333333333333,0.08333333333333333,0.5833333333333333,0.3333333333333333,0.08333333333333333,0.5833333333333333,0.0,0.0,0.0,0.0,0.0,0.0,0.0,0.0,0.0,0.0,0.0,0.0,0.5,0.16666666666666666,0.6666666666666666,0.5,0.16666666666666666,0.6666666666666666,0.0,0.0,0.0,0.3333333333333333,0.08333333333333333,0.5833333333333333,0.3333333333333333,0.08333333333333333,0.5833333333333333,0.0,0.0,0.0,0.0,0.0,0.0,0.0,0.0,0.0,0.0,0.0,0.0,0.0,0.0,0.0,0,0,0,0,0
detour,real_one,440,440,role:fitting,12,36,0.6944444444444445,0.611111111111111,0.7777777777777778,0.7777777777777777,0.6944444444444445,0.8611111111111112,0.08333333333333333,0.0,0.16666666666666666,0.3055555555555556,0.2222222222222222,0.3888888888888889,0.2222222222222222,0.13888888888888887,0.3055555555555556,-0.08333333333333333,-0.16666666666666666,0.0,0.0,0.0,0.0,0.0,0.0,0.0,0.08333333333333333,0.0,0.16666666666666666,0.6944444444444445,0.611111111111111,0.7777777777777778,0.75,0.638888888888889,0.861111111111111,0.05555555555555555,0.0,0.13888888888888887,0.27777777777777785,0.19444444444444442,0.3333333333333333,0.2222222222222222,0.13888888888888887,0.3055555555555556,-0.05555555555555555,-0.13888888888888887,0.0,0.0,0.0,0.0,0.0,0.0,0.0,0.08333333333333333,0.0,0.16666666666666666,0.027777777777777776,0.0,0.08333333333333333,3,2,2,0,1
detour,pseudo_one,440,220,all,16,48,0.6666666666666666,0.5833333333333334,0.7499999999999999,0.6875,0.6249999999999999,0.75,0.020833333333333332,0.0,0.0625,0.3125,0.22916666666666669,0.3958333333333333,0.29166666666666663,0.20833333333333334,0.3749999999999999,-0.020833333333333332,-0.0625,0.0,0.0,0.0,0.0,0.0,0.0,0.0,0.020833333333333332,0.0,0.0625,0.6458333333333333,0.5416666666666666,0.7499999999999999,0.6458333333333333,0.5416666666666666,0.7499999999999999,0.0,0.0,0.0,0.29166666666666663,0.20833333333333334,0.3749999999999999,0.29166666666666663,0.20833333333333334,0.3749999999999999,0.0,0.0,0.0,0.0,0.0,0.0,0.0,0.0,0.0,0.020833333333333332,0.0,0.0625,0.020833333333333332,0.0,0.0625,1,0,0,0,1
detour,pseudo_one,440,220,condition:glass,16,16,0.125,0.0,0.3125,0.1875,0.0,0.375,0.0625,0.0,0.1875,0.8125,0.625,1.0,0.75,0.5625,0.9375,-0.0625,-0.1875,0.0,0.0,0.0,0.0,0.0,0.0,0.0,0.0625,0.0,0.1875,0.1875,0.0,0.375,0.1875,0.0,0.375,0.0,0.0,0.0,0.75,0.5625,0.9375,0.75,0.5625,0.9375,0.0,0.0,0.0,0.0,0.0,0.0,0.0,0.0,0.0,0.0625,0.0,0.1875,0.0625,0.0,0.1875,1,0,0,0,1
detour,pseudo_one,440,220,condition:noglass,16,16,1.0,1.0,1.0,1.0,1.0,1.0,0.0,0.0,0.0,0.0,0.0,0.0,0.0,0.0,0.0,0.0,0.0,0.0,0.0,0.0,0.0,0.0,0.0,0.0,0.0,0.0,0.0,0.875,0.6875,1.0,0.875,0.6875,1.0,0.0,0.0,0.0,0.0,0.0,0.0,0.0,0.0,0.0,0.0,0.0,0.0,0.0,0.0,0.0,0.0,0.0,0.0,0.0,0.0,0.0,0.0,0.0,0.0,0,0,0,0,0
detour,pseudo_one,440,220,condition:offpath,16,16,0.875,0.6875,1.0,0.875,0.6875,1.0,0.0,0.0,0.0,0.125,0.0,0.3125,0.125,0.0,0.3125,0.0,0.0,0.0,0.0,0.0,0.0,0.0,0.0,0.0,0.0,0.0,0.0,0.875,0.6875,1.0,0.875,0.6875,1.0,0.0,0.0,0.0,0.125,0.0,0.3125,0.125,0.0,0.3125,0.0,0.0,0.0,0.0,0.0,0.0,0.0,0.0,0.0,0.0,0.0,0.0,0.0,0.0,0.0,0,0,0,0,0
detour,pseudo_one,440,220,controls,16,32,0.9375,0.84375,1.0,0.9375,0.84375,1.0,0.0,0.0,0.0,0.0625,0.0,0.15625,0.0625,0.0,0.15625,0.0,0.0,0.0,0.0,0.0,0.0,0.0,0.0,0.0,0.0,0.0,0.0,0.875,0.6875,1.0,0.875,0.6875,1.0,0.0,0.0,0.0,0.0625,0.0,0.15625,0.0625,0.0,0.15625,0.0,0.0,0.0,0.0,0.0,0.0,0.0,0.0,0.0,0.0,0.0,0.0,0.0,0.0,0.0,0,0,0,0,0
detour,pseudo_one,440,220,role:calibration,4,12,0.5833333333333333,0.41666666666666663,0.6666666666666666,0.5833333333333333,0.41666666666666663,0.6666666666666666,0.0,0.0,0.0,0.3333333333333333,0.08333333333333333,0.5833333333333333,0.3333333333333333,0.08333333333333333,0.5833333333333333,0.0,0.0,0.0,0.0,0.0,0.0,0.0,0.0,0.0,0.0,0.0,0.0,0.5,0.16666666666666666,0.6666666666666666,0.5,0.16666666666666666,0.6666666666666666,0.0,0.0,0.0,0.3333333333333333,0.08333333333333333,0.5833333333333333,0.3333333333333333,0.08333333333333333,0.5833333333333333,0.0,0.0,0.0,0.0,0.0,0.0,0.0,0.0,0.0,0.0,0.0,0.0,0.0,0.0,0.0,0,0,0,0,0
detour,pseudo_one,440,220,role:fitting,12,36,0.6944444444444445,0.611111111111111,0.7777777777777778,0.7222222222222222,0.6666666666666666,0.8055555555555555,0.027777777777777776,0.0,0.08333333333333333,0.3055555555555556,0.2222222222222222,0.3888888888888889,0.27777777777777785,0.19444444444444442,0.3333333333333333,-0.027777777777777776,-0.08333333333333333,0.0,0.0,0.0,0.0,0.0,0.0,0.0,0.027777777777777776,0.0,0.08333333333333333,0.6944444444444445,0.611111111111111,0.7777777777777778,0.6944444444444445,0.611111111111111,0.7777777777777778,0.0,0.0,0.0,0.27777777777777785,0.19444444444444442,0.3333333333333333,0.27777777777777785,0.19444444444444442,0.3333333333333333,0.0,0.0,0.0,0.0,0.0,0.0,0.0,0.0,0.0,0.027777777777777776,0.0,0.08333333333333333,0.027777777777777776,0.0,0.08333333333333333,1,0,0,0,1
detour,pseudo_one,440,440,all,16,48,0.6666666666666666,0.5833333333333334,0.7499999999999999,0.6875,0.6249999999999999,0.75,0.020833333333333332,0.0,0.0625,0.3125,0.22916666666666669,0.3958333333333333,0.29166666666666663,0.20833333333333334,0.3749999999999999,-0.020833333333333332,-0.0625,0.0,0.0,0.0,0.0,0.0,0.0,0.0,0.020833333333333332,0.0,0.0625,0.6458333333333333,0.5416666666666666,0.7499999999999999,0.6458333333333333,0.5416666666666666,0.7499999999999999,0.0,0.0,0.0,0.29166666666666663,0.20833333333333334,0.3749999999999999,0.29166666666666663,0.20833333333333334,0.3749999999999999,0.0,0.0,0.0,0.0,0.0,0.0,0.0,0.0,0.0,0.020833333333333332,0.0,0.0625,0.020833333333333332,0.0,0.0625,1,0,0,0,1
detour,pseudo_one,440,440,condition:glass,16,16,0.125,0.0,0.3125,0.1875,0.0,0.375,0.0625,0.0,0.1875,0.8125,0.625,1.0,0.75,0.5625,0.9375,-0.0625,-0.1875,0.0,0.0,0.0,0.0,0.0,0.0,0.0,0.0625,0.0,0.1875,0.1875,0.0,0.375,0.1875,0.0,0.375,0.0,0.0,0.0,0.75,0.5625,0.9375,0.75,0.5625,0.9375,0.0,0.0,0.0,0.0,0.0,0.0,0.0,0.0,0.0,0.0625,0.0,0.1875,0.0625,0.0,0.1875,1,0,0,0,1
detour,pseudo_one,440,440,condition:noglass,16,16,1.0,1.0,1.0,1.0,1.0,1.0,0.0,0.0,0.0,0.0,0.0,0.0,0.0,0.0,0.0,0.0,0.0,0.0,0.0,0.0,0.0,0.0,0.0,0.0,0.0,0.0,0.0,0.875,0.6875,1.0,0.875,0.6875,1.0,0.0,0.0,0.0,0.0,0.0,0.0,0.0,0.0,0.0,0.0,0.0,0.0,0.0,0.0,0.0,0.0,0.0,0.0,0.0,0.0,0.0,0.0,0.0,0.0,0,0,0,0,0
detour,pseudo_one,440,440,condition:offpath,16,16,0.875,0.6875,1.0,0.875,0.6875,1.0,0.0,0.0,0.0,0.125,0.0,0.3125,0.125,0.0,0.3125,0.0,0.0,0.0,0.0,0.0,0.0,0.0,0.0,0.0,0.0,0.0,0.0,0.875,0.6875,1.0,0.875,0.6875,1.0,0.0,0.0,0.0,0.125,0.0,0.3125,0.125,0.0,0.3125,0.0,0.0,0.0,0.0,0.0,0.0,0.0,0.0,0.0,0.0,0.0,0.0,0.0,0.0,0.0,0,0,0,0,0
detour,pseudo_one,440,440,controls,16,32,0.9375,0.84375,1.0,0.9375,0.84375,1.0,0.0,0.0,0.0,0.0625,0.0,0.15625,0.0625,0.0,0.15625,0.0,0.0,0.0,0.0,0.0,0.0,0.0,0.0,0.0,0.0,0.0,0.0,0.875,0.6875,1.0,0.875,0.6875,1.0,0.0,0.0,0.0,0.0625,0.0,0.15625,0.0625,0.0,0.15625,0.0,0.0,0.0,0.0,0.0,0.0,0.0,0.0,0.0,0.0,0.0,0.0,0.0,0.0,0.0,0,0,0,0,0
detour,pseudo_one,440,440,role:calibration,4,12,0.5833333333333333,0.41666666666666663,0.6666666666666666,0.5833333333333333,0.41666666666666663,0.6666666666666666,0.0,0.0,0.0,0.3333333333333333,0.08333333333333333,0.5833333333333333,0.3333333333333333,0.08333333333333333,0.5833333333333333,0.0,0.0,0.0,0.0,0.0,0.0,0.0,0.0,0.0,0.0,0.0,0.0,0.5,0.16666666666666666,0.6666666666666666,0.5,0.16666666666666666,0.6666666666666666,0.0,0.0,0.0,0.3333333333333333,0.08333333333333333,0.5833333333333333,0.3333333333333333,0.08333333333333333,0.5833333333333333,0.0,0.0,0.0,0.0,0.0,0.0,0.0,0.0,0.0,0.0,0.0,0.0,0.0,0.0,0.0,0,0,0,0,0
detour,pseudo_one,440,440,role:fitting,12,36,0.6944444444444445,0.611111111111111,0.7777777777777778,0.7222222222222222,0.6666666666666666,0.8055555555555555,0.027777777777777776,0.0,0.08333333333333333,0.3055555555555556,0.2222222222222222,0.3888888888888889,0.27777777777777785,0.19444444444444442,0.3333333333333333,-0.027777777777777776,-0.08333333333333333,0.0,0.0,0.0,0.0,0.0,0.0,0.0,0.027777777777777776,0.0,0.08333333333333333,0.6944444444444445,0.611111111111111,0.7777777777777778,0.6944444444444445,0.611111111111111,0.7777777777777778,0.0,0.0,0.0,0.27777777777777785,0.19444444444444442,0.3333333333333333,0.27777777777777785,0.19444444444444442,0.3333333333333333,0.0,0.0,0.0,0.0,0.0,0.0,0.0,0.0,0.0,0.027777777777777776,0.0,0.08333333333333333,0.027777777777777776,0.0,0.08333333333333333,1,0,0,0,1
detour,pseudo_one_swapped,440,220,all,16,48,0.625,0.5625,0.6666666666666665,0.6875,0.6249999999999999,0.75,0.0625,0.0,0.12499999999999999,0.3125,0.25,0.375,0.29166666666666663,0.20833333333333334,0.3749999999999999,-0.020833333333333332,-0.0625,0.0,0.0,0.0,0.0,0.0,0.0,0.0,0.0625,0.0,0.12499999999999999,0.7083333333333333,0.625,0.7916666666666665,0.7291666666666666,0.6458333333333333,0.8124999999999999,0.020833333333333332,0.0,0.0625,0.22916666666666663,0.14583333333333331,0.33333333333333326,0.22916666666666663,0.14583333333333331,0.33333333333333326,0.0,0.0,0.0,0.0,0.0,0.0,0.0,0.0,0.0,0.0625,0.0,0.12499999999999999,0.041666666666666664,0.0,0.10416666666666666,3,1,1,0,2
detour,pseudo_one_swapped,440,220,condition:glass,16,16,0.125,0.0,0.3125,0.1875,0.0,0.375,0.0625,0.0,0.1875,0.8125,0.625,1.0,0.75,0.5625,0.9375,-0.0625,-0.1875,0.0,0.0,0.0,0.0,0.0,0.0,0.0,0.0625,0.0,0.1875,0.1875,0.0,0.375,0.25,0.0625,0.5,0.0625,0.0,0.1875,0.625,0.375,0.875,0.625,0.375,0.875,0.0,0.0,0.0,0.0,0.0,0.0,0.0,0.0,0.0,0.0625,0.0,0.1875,0.0,0.0,0.0,1,1,1,0,0
detour,pseudo_one_swapped,440,220,condition:noglass,16,16,0.9375,0.8125,1.0,1.0,1.0,1.0,0.0625,0.0,0.1875,0.0,0.0,0.0,0.0,0.0,0.0,0.0,0.0,0.0,0.0,0.0,0.0,0.0,0.0,0.0,0.0625,0.0,0.1875,1.0,1.0,1.0,1.0,1.0,1.0,0.0,0.0,0.0,0.0,0.0,0.0,0.0,0.0,0.0,0.0,0.0,0.0,0.0,0.0,0.0,0.0,0.0,0.0,0.0625,0.0,0.1875,0.0625,0.0,0.1875,1,0,0,0,1
detour,pseudo_one_swapped,440,220,condition:offpath,16,16,0.8125,0.625,1.0,0.875,0.6875,1.0,0.0625,0.0,0.1875,0.125,0.0,0.3125,0.125,0.0,0.3125,0.0,0.0,0.0,0.0,0.0,0.0,0.0,0.0,0.0,0.0625,0.0,0.1875,0.9375,0.8125,1.0,0.9375,0.8125,1.0,0.0,0.0,0.0,0.0625,0.0,0.1875,0.0625,0.0,0.1875,0.0,0.0,0.0,0.0,0.0,0.0,0.0,0.0,0.0,0.0625,0.0,0.1875,0.0625,0.0,0.1875,1,0,0,0,1
detour,pseudo_one_swapped,440,220,controls,16,32,0.875,0.75,0.96875,0.9375,0.84375,1.0,0.0625,0.0,0.15625,0.0625,0.0,0.15625,0.0625,0.0,0.15625,0.0,0.0,0.0,0.0,0.0,0.0,0.0,0.0,0.0,0.0625,0.0,0.15625,0.96875,0.90625,1.0,0.96875,0.90625,1.0,0.0,0.0,0.0,0.03125,0.0,0.09375,0.03125,0.0,0.09375,0.0,0.0,0.0,0.0,0.0,0.0,0.0,0.0,0.0,0.0625,0.0,0.15625,0.0625,0.0,0.15625,2,0,0,0,2
detour,pseudo_one_swapped,440,220,role:calibration,4,12,0.5,0.3333333333333333,0.6666666666666666,0.5833333333333333,0.41666666666666663,0.6666666666666666,0.08333333333333333,0.0,0.25,0.3333333333333333,0.08333333333333333,0.5833333333333333,0.3333333333333333,0.08333333333333333,0.5833333333333333,0.0,0.0,0.0,0.0,0.0,0.0,0.0,0.0,0.0,0.08333333333333333,0.0,0.25,0.6666666666666666,0.41666666666666663,0.9166666666666666,0.6666666666666666,0.41666666666666663,0.9166666666666666,0.0,0.0,0.0,0.25,0.0,0.5,0.25,0.0,0.5,0.0,0.0,0.0,0.0,0.0,0.0,0.0,0.0,0.0,0.08333333333333333,0.0,0.25,0.08333333333333333,0.0,0.25,1,0,0,0,1
detour,pseudo_one_swapped,440,220,role:fitting,12,36,0.6666666666666666,0.6666666666666666,0.6666666666666666,0.7222222222222222,0.6666666666666666,0.8055555555555555,0.05555555555555555,0.0,0.13888888888888887,0.3055555555555556,0.25,0.3333333333333333,0.27777777777777785,0.19444444444444442,0.3333333333333333,-0.027777777777777776,-0.08333333333333333,0.0,0.0,0.0,0.0,0.0,0.0,0.0,0.05555555555555555,0.0,0.13888888888888887,0.7222222222222222,0.6666666666666666,0.8055555555555555,0.75,0.6666666666666666,0.8333333333333334,0.027777777777777776,0.0,0.08333333333333333,0.2222222222222222,0.13888888888888887,0.3055555555555556,0.2222222222222222,0.13888888888888887,0.3055555555555556,0.0,0.0,0.0,0.0,0.0,0.0,0.0,0.0,0.0,0.05555555555555555,0.0,0.13888888888888887,0.027777777777777776,0.0,0.08333333333333333,2,1,1,0,1
detour,pseudo_one_swapped,440,440,all,16,48,0.625,0.5625,0.6666666666666665,0.6875,0.6249999999999999,0.75,0.0625,0.0,0.12499999999999999,0.3125,0.25,0.375,0.29166666666666663,0.20833333333333334,0.3749999999999999,-0.020833333333333332,-0.0625,0.0,0.0,0.0,0.0,0.0,0.0,0.0,0.0625,0.0,0.12499999999999999,0.7083333333333333,0.625,0.7916666666666665,0.7291666666666666,0.6458333333333333,0.8124999999999999,0.020833333333333332,0.0,0.0625,0.22916666666666663,0.14583333333333331,0.33333333333333326,0.22916666666666663,0.14583333333333331,0.33333333333333326,0.0,0.0,0.0,0.0,0.0,0.0,0.0,0.0,0.0,0.0625,0.0,0.12499999999999999,0.041666666666666664,0.0,0.10416666666666666,3,1,1,0,2
detour,pseudo_one_swapped,440,440,condition:glass,16,16,0.125,0.0,0.3125,0.1875,0.0,0.375,0.0625,0.0,0.1875,0.8125,0.625,1.0,0.75,0.5625,0.9375,-0.0625,-0.1875,0.0,0.0,0.0,0.0,0.0,0.0,0.0,0.0625,0.0,0.1875,0.1875,0.0,0.375,0.25,0.0625,0.5,0.0625,0.0,0.1875,0.625,0.375,0.875,0.625,0.375,0.875,0.0,0.0,0.0,0.0,0.0,0.0,0.0,0.0,0.0,0.0625,0.0,0.1875,0.0,0.0,0.0,1,1,1,0,0
detour,pseudo_one_swapped,440,440,condition:noglass,16,16,0.9375,0.8125,1.0,1.0,1.0,1.0,0.0625,0.0,0.1875,0.0,0.0,0.0,0.0,0.0,0.0,0.0,0.0,0.0,0.0,0.0,0.0,0.0,0.0,0.0,0.0625,0.0,0.1875,1.0,1.0,1.0,1.0,1.0,1.0,0.0,0.0,0.0,0.0,0.0,0.0,0.0,0.0,0.0,0.0,0.0,0.0,0.0,0.0,0.0,0.0,0.0,0.0,0.0625,0.0,0.1875,0.0625,0.0,0.1875,1,0,0,0,1
detour,pseudo_one_swapped,440,440,condition:offpath,16,16,0.8125,0.625,1.0,0.875,0.6875,1.0,0.0625,0.0,0.1875,0.125,0.0,0.3125,0.125,0.0,0.3125,0.0,0.0,0.0,0.0,0.0,0.0,0.0,0.0,0.0,0.0625,0.0,0.1875,0.9375,0.8125,1.0,0.9375,0.8125,1.0,0.0,0.0,0.0,0.0625,0.0,0.1875,0.0625,0.0,0.1875,0.0,0.0,0.0,0.0,0.0,0.0,0.0,0.0,0.0,0.0625,0.0,0.1875,0.0625,0.0,0.1875,1,0,0,0,1
detour,pseudo_one_swapped,440,440,controls,16,32,0.875,0.75,0.96875,0.9375,0.84375,1.0,0.0625,0.0,0.15625,0.0625,0.0,0.15625,0.0625,0.0,0.15625,0.0,0.0,0.0,0.0,0.0,0.0,0.0,0.0,0.0,0.0625,0.0,0.15625,0.96875,0.90625,1.0,0.96875,0.90625,1.0,0.0,0.0,0.0,0.03125,0.0,0.09375,0.03125,0.0,0.09375,0.0,0.0,0.0,0.0,0.0,0.0,0.0,0.0,0.0,0.0625,0.0,0.15625,0.0625,0.0,0.15625,2,0,0,0,2
detour,pseudo_one_swapped,440,440,role:calibration,4,12,0.5,0.3333333333333333,0.6666666666666666,0.5833333333333333,0.41666666666666663,0.6666666666666666,0.08333333333333333,0.0,0.25,0.3333333333333333,0.08333333333333333,0.5833333333333333,0.3333333333333333,0.08333333333333333,0.5833333333333333,0.0,0.0,0.0,0.0,0.0,0.0,0.0,0.0,0.0,0.08333333333333333,0.0,0.25,0.6666666666666666,0.41666666666666663,0.9166666666666666,0.6666666666666666,0.41666666666666663,0.9166666666666666,0.0,0.0,0.0,0.25,0.0,0.5,0.25,0.0,0.5,0.0,0.0,0.0,0.0,0.0,0.0,0.0,0.0,0.0,0.08333333333333333,0.0,0.25,0.08333333333333333,0.0,0.25,1,0,0,0,1
detour,pseudo_one_swapped,440,440,role:fitting,12,36,0.6666666666666666,0.6666666666666666,0.6666666666666666,0.7222222222222222,0.6666666666666666,0.8055555555555555,0.05555555555555555,0.0,0.13888888888888887,0.3055555555555556,0.25,0.3333333333333333,0.27777777777777785,0.19444444444444442,0.3333333333333333,-0.027777777777777776,-0.08333333333333333,0.0,0.0,0.0,0.0,0.0,0.0,0.0,0.05555555555555555,0.0,0.13888888888888887,0.7222222222222222,0.6666666666666666,0.8055555555555555,0.75,0.6666666666666666,0.8333333333333334,0.027777777777777776,0.0,0.08333333333333333,0.2222222222222222,0.13888888888888887,0.3055555555555556,0.2222222222222222,0.13888888888888887,0.3055555555555556,0.0,0.0,0.0,0.0,0.0,0.0,0.0,0.0,0.0,0.05555555555555555,0.0,0.13888888888888887,0.027777777777777776,0.0,0.08333333333333333,2,1,1,0,1
detour,historical:A_long_reference,440,220,all,16,48,0.6458333333333333,0.5833333333333334,0.6979166666666666,0.6875,0.6249999999999999,0.75,0.041666666666666664,0.0,0.09375,0.3125,0.23958333333333334,0.38541666666666663,0.26041666666666663,0.17708333333333331,0.34375,-0.05208333333333333,-0.11458333333333331,0.0,0.0,0.0,0.0,0.0,0.0,0.0,0.08333333333333333,0.020833333333333332,0.16666666666666666,0.6770833333333333,0.5937499999999999,0.7499999999999999,0.6979166666666666,0.6041666666666666,0.7812499999999999,0.020833333333333332,0.0,0.0625,0.26041666666666663,0.18723958333333338,0.34375,0.21875,0.13541666666666666,0.31249999999999994,-0.041666666666666664,-0.10416666666666666,0.0,0.0,0.0,0.0,0.0,0.0,0.0,0.08333333333333333,0.020833333333333332,0.16666666666666666,0.020833333333333332,0.0,0.05208333333333333,3,1,1,0,2
detour,historical:A_long_reference,440,220,condition:glass,16,16,0.125,0.0,0.28125,0.21875,0.0625,0.4375,0.09375,0.0,0.25,0.8125,0.625,0.96875,0.65625,0.4375,0.875,-0.15625,-0.34375,0.0,0.0,0.0,0.0,0.0,0.0,0.0,0.1875,0.0,0.375,0.1875,0.03125,0.375,0.25,0.0625,0.4375,0.0625,0.0,0.1875,0.6875,0.46875,0.875,0.5625,0.34375,0.78125,-0.125,-0.3125,0.0,0.0,0.0,0.0,0.0,0.0,0.0,0.1875,0.0,0.375,0.03125,0.0,0.09375,2,1,1,0,1
detour,historical:A_long_reference,440,220,condition:noglass,16,16,0.96875,0.90625,1.0,1.0,1.0,1.0,0.03125,0.0,0.09375,0.0,0.0,0.0,0.0,0.0,0.0,0.0,0.0,0.0,0.0,0.0,0.0,0.0,0.0,0.0,0.0625,0.0,0.1875,0.9375,0.84375,1.0,0.9375,0.84375,1.0,0.0,0.0,0.0,0.0,0.0,0.0,0.0,0.0,0.0,0.0,0.0,0.0,0.0,0.0,0.0,0.0,0.0,0.0,0.0625,0.0,0.1875,0.03125,0.0,0.09375,1,0,0,0,1
detour,historical:A_long_reference,440,220,condition:offpath,16,16,0.84375,0.65625,1.0,0.84375,0.65625,1.0,0.0,0.0,0.0,0.125,0.0,0.3125,0.125,0.0,0.3125,0.0,0.0,0.0,0.0,0.0,0.0,0.0,0.0,0.0,0.0,0.0,0.0,0.90625,0.75,1.0,0.90625,0.75,1.0,0.0,0.0,0.0,0.09375,0.0,0.25,0.09375,0.0,0.25,0.0,0.0,0.0,0.0,0.0,0.0,0.0,0.0,0.0,0.0,0.0,0.0,0.0,0.0,0.0,0,0,0,0,0
detour,historical:A_long_reference,440,220,controls,16,32,0.90625,0.8125,0.984375,0.921875,0.828125,1.0,0.015625,0.0,0.046875,0.0625,0.0,0.15625,0.0625,0.0,0.15625,0.0,0.0,0.0,0.0,0.0,0.0,0.0,0.0,0.0,0.03125,0.0,0.09375,0.921875,0.8125,1.0,0.921875,0.8125,1.0,0.0,0.0,0.0,0.046875,0.0,0.125,0.046875,0.0,0.125,0.0,0.0,0.0,0.0,0.0,0.0,0.0,0.0,0.0,0.03125,0.0,0.09375,0.015625,0.0,0.046875,1,0,0,0,1
detour,historical:A_long_reference,440,220,role:calibration,4,12,0.5416666666666666,0.41666666666666663,0.6666666666666666,0.5833333333333333,0.41666666666666663,0.6666666666666666,0.041666666666666664,0.0,0.125,0.3333333333333333,0.08333333333333333,0.5833333333333333,0.3333333333333333,0.08333333333333333,0.5833333333333333,0.0,0.0,0.0,0.0,0.0,0.0,0.0,0.0,0.0,0.08333333333333333,0.0,0.25,0.5833333333333334,0.29166666666666663,0.7916666666666667,0.5833333333333334,0.29166666666666663,0.7916666666666667,0.0,0.0,0.0,0.29166666666666663,0.08333333333333333,0.5416666666666666,0.29166666666666663,0.08333333333333333,0.5416666666666666,0.0,0.0,0.0,0.0,0.0,0.0,0.0,0.0,0.0,0.08333333333333333,0.0,0.25,0.041666666666666664,0.0,0.125,1,0,0,0,1
detour,historical:A_long_reference,440,220,role:fitting,12,36,0.6805555555555557,0.638888888888889,0.7222222222222223,0.7222222222222222,0.6666666666666666,0.7916666666666665,0.041666666666666664,0.0,0.1111111111111111,0.3055555555555556,0.23611111111111113,0.3611111111111111,0.23611111111111113,0.15277777777777776,0.3055555555555556,-0.06944444444444443,-0.15277777777777776,0.0,0.0,0.0,0.0,0.0,0.0,0.0,0.08333333333333333,0.0,0.16666666666666666,0.7083333333333334,0.6666666666666666,0.7642361111111063,0.736111111111111,0.6666666666666666,0.8055555555555557,0.027777777777777776,0.0,0.08333333333333333,0.25,0.18055555555555555,0.3194444444444445,0.19444444444444442,0.1111111111111111,0.2777777777777778,-0.05555555555555555,-0.13888888888888887,0.0,0.0,0.0,0.0,0.0,0.0,0.0,0.08333333333333333,0.0,0.16666666666666666,0.013888888888888888,0.0,0.041666666666666664,2,1,1,0,1
detour,historical:A_long_reference,440,440,all,16,48,0.6458333333333333,0.5833333333333334,0.6979166666666666,0.7083333333333333,0.6354166666666666,0.78125,0.06249999999999999,0.010416666666666666,0.12499999999999999,0.3125,0.23958333333333334,0.38541666666666663,0.26041666666666663,0.17708333333333331,0.34375,-0.05208333333333333,-0.11458333333333331,0.0,0.0,0.0,0.0,0.0,0.0,0.0,0.08333333333333333,0.020833333333333332,0.16666666666666666,0.6770833333333333,0.5937499999999999,0.7499999999999999,0.71875,0.6249999999999999,0.8124999999999999,0.041666666666666664,0.0,0.10416666666666666,0.26041666666666663,0.18723958333333338,0.34375,0.21875,0.13541666666666666,0.31249999999999994,-0.041666666666666664,-0.10416666666666666,0.0,0.0,0.0,0.0,0.0,0.0,0.0,0.08333333333333333,0.020833333333333332,0.16666666666666666,0.020833333333333332,0.0,0.05208333333333333,4,2,2,0,2
detour,historical:A_long_reference,440,440,condition:glass,16,16,0.125,0.0,0.28125,0.28125,0.09375,0.5,0.15625,0.0,0.34375,0.8125,0.625,0.96875,0.65625,0.4375,0.875,-0.15625,-0.34375,0.0,0.0,0.0,0.0,0.0,0.0,0.0,0.1875,0.0,0.375,0.1875,0.03125,0.375,0.3125,0.125,0.53125,0.125,0.0,0.3125,0.6875,0.46875,0.875,0.5625,0.34375,0.78125,-0.125,-0.3125,0.0,0.0,0.0,0.0,0.0,0.0,0.0,0.1875,0.0,0.375,0.03125,0.0,0.09375,3,2,2,0,1
detour,historical:A_long_reference,440,440,condition:noglass,16,16,0.96875,0.90625,1.0,1.0,1.0,1.0,0.03125,0.0,0.09375,0.0,0.0,0.0,0.0,0.0,0.0,0.0,0.0,0.0,0.0,0.0,0.0,0.0,0.0,0.0,0.0625,0.0,0.1875,0.9375,0.84375,1.0,0.9375,0.84375,1.0,0.0,0.0,0.0,0.0,0.0,0.0,0.0,0.0,0.0,0.0,0.0,0.0,0.0,0.0,0.0,0.0,0.0,0.0,0.0625,0.0,0.1875,0.03125,0.0,0.09375,1,0,0,0,1
detour,historical:A_long_reference,440,440,condition:offpath,16,16,0.84375,0.65625,1.0,0.84375,0.65625,1.0,0.0,0.0,0.0,0.125,0.0,0.3125,0.125,0.0,0.3125,0.0,0.0,0.0,0.0,0.0,0.0,0.0,0.0,0.0,0.0,0.0,0.0,0.90625,0.75,1.0,0.90625,0.75,1.0,0.0,0.0,0.0,0.09375,0.0,0.25,0.09375,0.0,0.25,0.0,0.0,0.0,0.0,0.0,0.0,0.0,0.0,0.0,0.0,0.0,0.0,0.0,0.0,0.0,0,0,0,0,0
detour,historical:A_long_reference,440,440,controls,16,32,0.90625,0.8125,0.984375,0.921875,0.828125,1.0,0.015625,0.0,0.046875,0.0625,0.0,0.15625,0.0625,0.0,0.15625,0.0,0.0,0.0,0.0,0.0,0.0,0.0,0.0,0.0,0.03125,0.0,0.09375,0.921875,0.8125,1.0,0.921875,0.8125,1.0,0.0,0.0,0.0,0.046875,0.0,0.125,0.046875,0.0,0.125,0.0,0.0,0.0,0.0,0.0,0.0,0.0,0.0,0.0,0.03125,0.0,0.09375,0.015625,0.0,0.046875,1,0,0,0,1
detour,historical:A_long_reference,440,440,role:calibration,4,12,0.5416666666666666,0.41666666666666663,0.6666666666666666,0.5833333333333333,0.41666666666666663,0.6666666666666666,0.041666666666666664,0.0,0.125,0.3333333333333333,0.08333333333333333,0.5833333333333333,0.3333333333333333,0.08333333333333333,0.5833333333333333,0.0,0.0,0.0,0.0,0.0,0.0,0.0,0.0,0.0,0.08333333333333333,0.0,0.25,0.5833333333333334,0.29166666666666663,0.7916666666666667,0.5833333333333334,0.29166666666666663,0.7916666666666667,0.0,0.0,0.0,0.29166666666666663,0.08333333333333333,0.5416666666666666,0.29166666666666663,0.08333333333333333,0.5416666666666666,0.0,0.0,0.0,0.0,0.0,0.0,0.0,0.0,0.0,0.08333333333333333,0.0,0.25,0.041666666666666664,0.0,0.125,1,0,0,0,1
detour,historical:A_long_reference,440,440,role:fitting,12,36,0.6805555555555557,0.638888888888889,0.7222222222222223,0.75,0.6805555555555557,0.8194444444444446,0.06944444444444443,0.0,0.15277777777777776,0.3055555555555556,0.23611111111111113,0.3611111111111111,0.23611111111111113,0.15277777777777776,0.3055555555555556,-0.06944444444444443,-0.15277777777777776,0.0,0.0,0.0,0.0,0.0,0.0,0.0,0.08333333333333333,0.0,0.16666666666666666,0.7083333333333334,0.6666666666666666,0.7642361111111063,0.7638888888888888,0.6944444444444445,0.8472222222222222,0.05555555555555555,0.0,0.13888888888888887,0.25,0.18055555555555555,0.3194444444444445,0.19444444444444442,0.1111111111111111,0.2777777777777778,-0.05555555555555555,-0.13888888888888887,0.0,0.0,0.0,0.0,0.0,0.0,0.0,0.08333333333333333,0.0,0.16666666666666666,0.013888888888888888,0.0,0.041666666666666664,3,2,2,0,1
detour,historical:A_reference,440,220,all,16,48,0.6458333333333333,0.5833333333333334,0.6979166666666666,0.6875,0.6249999999999999,0.75,0.041666666666666664,0.0,0.09375,0.3125,0.23958333333333334,0.38541666666666663,0.28125,0.19791666666666669,0.3541666666666667,-0.03125,-0.08333333333333333,0.0,0.0,0.0,0.0,0.0,0.0,0.0,0.0625,0.0,0.12499999999999999,0.6770833333333333,0.5937499999999999,0.7499999999999999,0.6979166666666666,0.6041666666666666,0.7812499999999999,0.020833333333333332,0.0,0.0625,0.26041666666666663,0.18723958333333338,0.34375,0.23958333333333331,0.15625,0.3229166666666667,-0.020833333333333332,-0.0625,0.0,0.0,0.0,0.0,0.0,0.0,0.0,0.0625,0.0,0.12499999999999999,0.020833333333333332,0.0,0.05208333333333333,3,1,1,0,2
detour,historical:A_reference,440,220,condition:glass,16,16,0.125,0.0,0.28125,0.21875,0.0625,0.4375,0.09375,0.0,0.25,0.8125,0.625,0.96875,0.71875,0.5,0.90625,-0.09375,-0.25,0.0,0.0,0.0,0.0,0.0,0.0,0.0,0.125,0.0,0.3125,0.1875,0.03125,0.375,0.25,0.0625,0.4375,0.0625,0.0,0.1875,0.6875,0.46875,0.875,0.625,0.40625,0.84375,-0.0625,-0.1875,0.0,0.0,0.0,0.0,0.0,0.0,0.0,0.125,0.0,0.3125,0.03125,0.0,0.09375,2,1,1,0,1
detour,historical:A_reference,440,220,condition:noglass,16,16,0.96875,0.90625,1.0,1.0,1.0,1.0,0.03125,0.0,0.09375,0.0,0.0,0.0,0.0,0.0,0.0,0.0,0.0,0.0,0.0,0.0,0.0,0.0,0.0,0.0,0.0625,0.0,0.1875,0.9375,0.84375,1.0,0.9375,0.84375,1.0,0.0,0.0,0.0,0.0,0.0,0.0,0.0,0.0,0.0,0.0,0.0,0.0,0.0,0.0,0.0,0.0,0.0,0.0,0.0625,0.0,0.1875,0.03125,0.0,0.09375,1,0,0,0,1
detour,historical:A_reference,440,220,condition:offpath,16,16,0.84375,0.65625,1.0,0.84375,0.65625,1.0,0.0,0.0,0.0,0.125,0.0,0.3125,0.125,0.0,0.3125,0.0,0.0,0.0,0.0,0.0,0.0,0.0,0.0,0.0,0.0,0.0,0.0,0.90625,0.75,1.0,0.90625,0.75,1.0,0.0,0.0,0.0,0.09375,0.0,0.25,0.09375,0.0,0.25,0.0,0.0,0.0,0.0,0.0,0.0,0.0,0.0,0.0,0.0,0.0,0.0,0.0,0.0,0.0,0,0,0,0,0
detour,historical:A_reference,440,220,controls,16,32,0.90625,0.8125,0.984375,0.921875,0.828125,1.0,0.015625,0.0,0.046875,0.0625,0.0,0.15625,0.0625,0.0,0.15625,0.0,0.0,0.0,0.0,0.0,0.0,0.0,0.0,0.0,0.03125,0.0,0.09375,0.921875,0.8125,1.0,0.921875,0.8125,1.0,0.0,0.0,0.0,0.046875,0.0,0.125,0.046875,0.0,0.125,0.0,0.0,0.0,0.0,0.0,0.0,0.0,0.0,0.0,0.03125,0.0,0.09375,0.015625,0.0,0.046875,1,0,0,0,1
detour,historical:A_reference,440,220,role:calibration,4,12,0.5416666666666666,0.41666666666666663,0.6666666666666666,0.5833333333333333,0.41666666666666663,0.6666666666666666,0.041666666666666664,0.0,0.125,0.3333333333333333,0.08333333333333333,0.5833333333333333,0.3333333333333333,0.08333333333333333,0.5833333333333333,0.0,0.0,0.0,0.0,0.0,0.0,0.0,0.0,0.0,0.08333333333333333,0.0,0.25,0.5833333333333334,0.29166666666666663,0.7916666666666667,0.5833333333333334,0.29166666666666663,0.7916666666666667,0.0,0.0,0.0,0.29166666666666663,0.08333333333333333,0.5416666666666666,0.29166666666666663,0.08333333333333333,0.5416666666666666,0.0,0.0,0.0,0.0,0.0,0.0,0.0,0.0,0.0,0.08333333333333333,0.0,0.25,0.041666666666666664,0.0,0.125,1,0,0,0,1
detour,historical:A_reference,440,220,role:fitting,12,36,0.6805555555555557,0.638888888888889,0.7222222222222223,0.7222222222222222,0.6666666666666666,0.7916666666666665,0.041666666666666664,0.0,0.1111111111111111,0.3055555555555556,0.23611111111111113,0.3611111111111111,0.2638888888888889,0.19444444444444442,0.3333333333333333,-0.041666666666666664,-0.1111111111111111,0.0,0.0,0.0,0.0,0.0,0.0,0.0,0.05555555555555555,0.0,0.13888888888888887,0.7083333333333334,0.6666666666666666,0.7642361111111063,0.736111111111111,0.6666666666666666,0.8055555555555557,0.027777777777777776,0.0,0.08333333333333333,0.25,0.18055555555555555,0.3194444444444445,0.2222222222222222,0.13888888888888887,0.2916666666666667,-0.027777777777777776,-0.08333333333333333,0.0,0.0,0.0,0.0,0.0,0.0,0.0,0.05555555555555555,0.0,0.13888888888888887,0.013888888888888888,0.0,0.041666666666666664,2,1,1,0,1
detour,historical:A_reference,440,440,all,16,48,0.6458333333333333,0.5833333333333334,0.6979166666666666,0.6875,0.6249999999999999,0.75,0.041666666666666664,0.0,0.09375,0.3125,0.23958333333333334,0.38541666666666663,0.28125,0.19791666666666669,0.3541666666666667,-0.03125,-0.08333333333333333,0.0,0.0,0.0,0.0,0.0,0.0,0.0,0.0625,0.0,0.12499999999999999,0.6770833333333333,0.5937499999999999,0.7499999999999999,0.6979166666666666,0.6041666666666666,0.7812499999999999,0.020833333333333332,0.0,0.0625,0.26041666666666663,0.18723958333333338,0.34375,0.23958333333333331,0.15625,0.3229166666666667,-0.020833333333333332,-0.0625,0.0,0.0,0.0,0.0,0.0,0.0,0.0,0.0625,0.0,0.12499999999999999,0.020833333333333332,0.0,0.05208333333333333,3,1,1,0,2
detour,historical:A_reference,440,440,condition:glass,16,16,0.125,0.0,0.28125,0.21875,0.0625,0.4375,0.09375,0.0,0.25,0.8125,0.625,0.96875,0.71875,0.5,0.90625,-0.09375,-0.25,0.0,0.0,0.0,0.0,0.0,0.0,0.0,0.125,0.0,0.3125,0.1875,0.03125,0.375,0.25,0.0625,0.4375,0.0625,0.0,0.1875,0.6875,0.46875,0.875,0.625,0.40625,0.84375,-0.0625,-0.1875,0.0,0.0,0.0,0.0,0.0,0.0,0.0,0.125,0.0,0.3125,0.03125,0.0,0.09375,2,1,1,0,1
detour,historical:A_reference,440,440,condition:noglass,16,16,0.96875,0.90625,1.0,1.0,1.0,1.0,0.03125,0.0,0.09375,0.0,0.0,0.0,0.0,0.0,0.0,0.0,0.0,0.0,0.0,0.0,0.0,0.0,0.0,0.0,0.0625,0.0,0.1875,0.9375,0.84375,1.0,0.9375,0.84375,1.0,0.0,0.0,0.0,0.0,0.0,0.0,0.0,0.0,0.0,0.0,0.0,0.0,0.0,0.0,0.0,0.0,0.0,0.0,0.0625,0.0,0.1875,0.03125,0.0,0.09375,1,0,0,0,1
detour,historical:A_reference,440,440,condition:offpath,16,16,0.84375,0.65625,1.0,0.84375,0.65625,1.0,0.0,0.0,0.0,0.125,0.0,0.3125,0.125,0.0,0.3125,0.0,0.0,0.0,0.0,0.0,0.0,0.0,0.0,0.0,0.0,0.0,0.0,0.90625,0.75,1.0,0.90625,0.75,1.0,0.0,0.0,0.0,0.09375,0.0,0.25,0.09375,0.0,0.25,0.0,0.0,0.0,0.0,0.0,0.0,0.0,0.0,0.0,0.0,0.0,0.0,0.0,0.0,0.0,0,0,0,0,0
detour,historical:A_reference,440,440,controls,16,32,0.90625,0.8125,0.984375,0.921875,0.828125,1.0,0.015625,0.0,0.046875,0.0625,0.0,0.15625,0.0625,0.0,0.15625,0.0,0.0,0.0,0.0,0.0,0.0,0.0,0.0,0.0,0.03125,0.0,0.09375,0.921875,0.8125,1.0,0.921875,0.8125,1.0,0.0,0.0,0.0,0.046875,0.0,0.125,0.046875,0.0,0.125,0.0,0.0,0.0,0.0,0.0,0.0,0.0,0.0,0.0,0.03125,0.0,0.09375,0.015625,0.0,0.046875,1,0,0,0,1
detour,historical:A_reference,440,440,role:calibration,4,12,0.5416666666666666,0.41666666666666663,0.6666666666666666,0.5833333333333333,0.41666666666666663,0.6666666666666666,0.041666666666666664,0.0,0.125,0.3333333333333333,0.08333333333333333,0.5833333333333333,0.3333333333333333,0.08333333333333333,0.5833333333333333,0.0,0.0,0.0,0.0,0.0,0.0,0.0,0.0,0.0,0.08333333333333333,0.0,0.25,0.5833333333333334,0.29166666666666663,0.7916666666666667,0.5833333333333334,0.29166666666666663,0.7916666666666667,0.0,0.0,0.0,0.29166666666666663,0.08333333333333333,0.5416666666666666,0.29166666666666663,0.08333333333333333,0.5416666666666666,0.0,0.0,0.0,0.0,0.0,0.0,0.0,0.0,0.0,0.08333333333333333,0.0,0.25,0.041666666666666664,0.0,0.125,1,0,0,0,1
detour,historical:A_reference,440,440,role:fitting,12,36,0.6805555555555557,0.638888888888889,0.7222222222222223,0.7222222222222222,0.6666666666666666,0.7916666666666665,0.041666666666666664,0.0,0.1111111111111111,0.3055555555555556,0.23611111111111113,0.3611111111111111,0.2638888888888889,0.19444444444444442,0.3333333333333333,-0.041666666666666664,-0.1111111111111111,0.0,0.0,0.0,0.0,0.0,0.0,0.0,0.05555555555555555,0.0,0.13888888888888887,0.7083333333333334,0.6666666666666666,0.7642361111111063,0.736111111111111,0.6666666666666666,0.8055555555555557,0.027777777777777776,0.0,0.08333333333333333,0.25,0.18055555555555555,0.3194444444444445,0.2222222222222222,0.13888888888888887,0.2916666666666667,-0.027777777777777776,-0.08333333333333333,0.0,0.0,0.0,0.0,0.0,0.0,0.0,0.05555555555555555,0.0,0.13888888888888887,0.013888888888888888,0.0,0.041666666666666664,2,1,1,0,1
detour,historical:AlwaysDetour,440,220,all,16,48,0.6458333333333333,0.5833333333333334,0.6979166666666666,0.3125,0.18749999999999997,0.43802083333332587,-0.3333333333333333,-0.46875,-0.1875,0.3125,0.23958333333333334,0.38541666666666663,0.10416666666666666,0.020833333333333332,0.20833333333333334,-0.20833333333333331,-0.29166666666666663,-0.12499999999999997,0.375,0.25,0.4895833333333333,0.010416666666666666,0.0,0.03125,0.9791666666666666,0.9374999999999999,1.0,0.6770833333333333,0.5937499999999999,0.7499999999999999,0.3125,0.18749999999999997,0.43802083333332587,-0.3645833333333333,-0.47916666666666674,-0.23958333333333334,0.26041666666666663,0.18723958333333338,0.34375,0.10416666666666666,0.020833333333333332,0.20833333333333334,-0.15625,-0.25000000000000006,-0.05208333333333333,0.3958333333333333,0.29166666666666663,0.5,0.03125,0.0,0.08333333333333333,0.9791666666666666,0.9374999999999999,1.0,0.03125,-0.02083333333333326,0.08333333333333337,3,2,0,13,4
detour,historical:AlwaysDetour,440,220,condition:glass,16,16,0.125,0.0,0.28125,0.1875,0.0,0.375,0.0625,-0.0625,0.21875,0.8125,0.625,0.96875,0.1875,0.0,0.375,-0.625,-0.875,-0.375,0.03125,0.0,0.09375,0.03125,0.0,0.09375,1.0,1.0,1.0,0.1875,0.03125,0.375,0.1875,0.0,0.375,0.0,-0.125,0.15625,0.6875,0.46875,0.875,0.1875,0.0,0.375,-0.5,-0.78125,-0.1875,0.0625,0.0,0.15625,0.0625,0.0,0.1875,1.0,1.0,1.0,0.0625,0.0,0.15625,2,1,1,2,2
detour,historical:AlwaysDetour,440,220,condition:noglass,16,16,0.96875,0.90625,1.0,0.5,0.25,0.75,-0.46875,-0.71875,-0.21875,0.0,0.0,0.0,0.0,0.0,0.0,0.0,0.0,0.0,0.5,0.25,0.75,0.0,0.0,0.0,1.0,1.0,1.0,0.9375,0.84375,1.0,0.5,0.25,0.75,-0.4375,-0.6875,-0.1875,0.0,0.0,0.0,0.0,0.0,0.0,0.0,0.0,0.0,0.46875,0.25,0.6875,0.0,0.0,0.0,1.0,1.0,1.0,-0.03125,-0.125,0.0625,1,1,1,8,3
detour,historical:AlwaysDetour,440,220,condition:offpath,16,16,0.84375,0.65625,1.0,0.25,0.0625,0.5,-0.59375,-0.8125,-0.34375,0.125,0.0,0.3125,0.125,0.0,0.3125,0.0,0.0,0.0,0.59375,0.34375,0.8125,0.0,0.0,0.0,0.9375,0.8125,1.0,0.90625,0.75,1.0,0.25,0.0625,0.5,-0.65625,-0.875,-0.4375,0.09375,0.0,0.25,0.125,0.0,0.3125,0.03125,0.0,0.09375,0.65625,0.4375,0.875,0.03125,0.0,0.09375,0.9375,0.8125,1.0,0.0625,0.0,0.15625,0,0,0,11,2
detour,historical:AlwaysDetour,440,220,controls,16,32,0.90625,0.8125,0.984375,0.375,0.21875,0.53125,-0.53125,-0.71875,-0.34375,0.0625,0.0,0.15625,0.0625,0.0,0.15625,0.0,0.0,0.0,0.546875,0.375,0.71875,0.0,0.0,0.0,0.96875,0.90625,1.0,0.921875,0.8125,1.0,0.375,0.21875,0.53125,-0.546875,-0.71875,-0.375,0.046875,0.0,0.125,0.0625,0.0,0.15625,0.015625,0.0,0.046875,0.5625,0.390625,0.71875,0.015625,0.0,0.046875,0.96875,0.90625,1.0,0.015625,-0.03125,0.0625,1,1,0,13,3
detour,historical:AlwaysDetour,440,220,role:calibration,4,12,0.5416666666666666,0.41666666666666663,0.6666666666666666,0.16666666666666666,0.0,0.5,-0.375,-0.6666666666666666,-0.04166666666666666,0.3333333333333333,0.08333333333333333,0.5833333333333333,0.16666666666666666,0.0,0.5,-0.16666666666666666,-0.3333333333333333,0.0,0.41666666666666663,0.16666666666666666,0.6666666666666666,0.0,0.0,0.0,0.9166666666666666,0.7499999999999999,1.0,0.5833333333333334,0.29166666666666663,0.7916666666666667,0.16666666666666666,0.0,0.5,-0.41666666666666663,-0.6666666666666666,-0.16666666666666666,0.29166666666666663,0.08333333333333333,0.5416666666666666,0.16666666666666666,0.0,0.5,-0.125,-0.25,0.0,0.41666666666666663,0.16666666666666666,0.6666666666666666,0.0,0.0,0.0,0.9166666666666666,0.7499999999999999,1.0,0.041666666666666664,-0.125,0.24999999999999994,1,0,0,4,2
detour,historical:AlwaysDetour,440,220,role:fitting,12,36,0.6805555555555557,0.638888888888889,0.7222222222222223,0.3611111111111111,0.2222222222222222,0.5,-0.3194444444444445,-0.47222222222222215,-0.16666666666666666,0.3055555555555556,0.23611111111111113,0.3611111111111111,0.08333333333333333,0.0,0.16666666666666666,-0.2222222222222222,-0.3055555555555556,-0.12499999999999999,0.3611111111111111,0.23611111111111113,0.48611111111111116,0.013888888888888888,0.0,0.041666666666666664,1.0,1.0,1.0,0.7083333333333334,0.6666666666666666,0.7642361111111063,0.3611111111111111,0.2222222222222222,0.5,-0.34722222222222227,-0.4861111111111111,-0.20833333333333334,0.25,0.18055555555555555,0.3194444444444445,0.08333333333333333,0.0,0.16666666666666666,-0.16666666666666666,-0.2916666666666667,-0.02777777777777779,0.38888888888888884,0.2777777777777778,0.5,0.041666666666666664,0.0,0.09722222222222222,1.0,1.0,1.0,0.027777777777777776,0.0,0.06944444444444442,2,2,0,9,2
detour,historical:AlwaysDetour,440,440,all,16,48,0.6458333333333333,0.5833333333333334,0.6979166666666666,0.3958333333333333,0.2708333333333333,0.5208333333333334,-0.25,-0.38541666666666663,-0.11458333333333333,0.3125,0.23958333333333334,0.38541666666666663,0.14583333333333331,0.0625,0.25,-0.16666666666666669,-0.25,-0.08333333333333333,0.3125,0.1979166666666667,0.4270833333333333,0.010416666666666666,0.0,0.03125,0.9791666666666666,0.9374999999999999,1.0,0.6770833333333333,0.5937499999999999,0.7499999999999999,0.3958333333333333,0.2708333333333333,0.5208333333333334,-0.28125,-0.39583333333333337,-0.16666666666666666,0.26041666666666663,0.18723958333333338,0.34375,0.14583333333333331,0.0625,0.25,-0.11458333333333333,-0.21875000000000003,-0.010416666666666663,0.3333333333333333,0.2291666666666667,0.43749999999999994,0.041666666666666664,0.0,0.09375,0.9791666666666666,0.9374999999999999,1.0,0.03125,-0.020833333333333315,0.08333333333333336,4,3,0,11,4
detour,historical:AlwaysDetour,440,440,condition:glass,16,16,0.125,0.0,0.28125,0.25,0.0625,0.5,0.125,-0.03125,0.3125,0.8125,0.625,0.96875,0.3125,0.125,0.5625,-0.5,-0.75,-0.25,0.03125,0.0,0.09375,0.03125,0.0,0.09375,1.0,1.0,1.0,0.1875,0.03125,0.375,0.25,0.0625,0.5,0.0625,-0.125,0.28125,0.6875,0.46875,0.875,0.3125,0.125,0.5625,-0.375,-0.6875,-0.0625,0.0625,0.0,0.15625,0.09375,0.0,0.25,1.0,1.0,1.0,0.0625,0.0,0.15625,3,2,2,2,2
detour,historical:AlwaysDetour,440,440,condition:noglass,16,16,0.96875,0.90625,1.0,0.5,0.25,0.75,-0.46875,-0.71875,-0.21875,0.0,0.0,0.0,0.0,0.0,0.0,0.0,0.0,0.0,0.5,0.25,0.75,0.0,0.0,0.0,1.0,1.0,1.0,0.9375,0.84375,1.0,0.5,0.25,0.75,-0.4375,-0.6875,-0.1875,0.0,0.0,0.0,0.0,0.0,0.0,0.0,0.0,0.0,0.46875,0.25,0.6875,0.0,0.0,0.0,1.0,1.0,1.0,-0.03125,-0.125,0.0625,1,1,1,8,3
detour,historical:AlwaysDetour,440,440,condition:offpath,16,16,0.84375,0.65625,1.0,0.4375,0.1875,0.6875,-0.40625,-0.625,-0.1875,0.125,0.0,0.3125,0.125,0.0,0.3125,0.0,0.0,0.0,0.40625,0.1875,0.625,0.0,0.0,0.0,0.9375,0.8125,1.0,0.90625,0.75,1.0,0.4375,0.1875,0.6875,-0.46875,-0.6875,-0.25,0.09375,0.0,0.25,0.125,0.0,0.3125,0.03125,0.0,0.09375,0.46875,0.25,0.6875,0.03125,0.0,0.09375,0.9375,0.8125,1.0,0.0625,0.0,0.15625,0,0,0,8,2
detour,historical:AlwaysDetour,440,440,controls,16,32,0.90625,0.8125,0.984375,0.46875,0.3125,0.625,-0.4375,-0.609375,-0.265625,0.0625,0.0,0.15625,0.0625,0.0,0.15625,0.0,0.0,0.0,0.453125,0.296875,0.625,0.0,0.0,0.0,0.96875,0.90625,1.0,0.921875,0.8125,1.0,0.46875,0.3125,0.625,-0.453125,-0.625,-0.296875,0.046875,0.0,0.125,0.0625,0.0,0.15625,0.015625,0.0,0.046875,0.46875,0.3125,0.625,0.015625,0.0,0.046875,0.96875,0.90625,1.0,0.015625,-0.03125,0.0625,1,1,0,12,3
detour,historical:AlwaysDetour,440,440,role:calibration,4,12,0.5416666666666666,0.41666666666666663,0.6666666666666666,0.25,0.0,0.5,-0.29166666666666663,-0.5833333333333333,0.041666666666666664,0.3333333333333333,0.08333333333333333,0.5833333333333333,0.16666666666666666,0.0,0.5,-0.16666666666666666,-0.3333333333333333,0.0,0.3333333333333333,0.08333333333333333,0.5833333333333333,0.0,0.0,0.0,0.9166666666666666,0.7499999999999999,1.0,0.5833333333333334,0.29166666666666663,0.7916666666666667,0.25,0.0,0.5,-0.3333333333333333,-0.5416666666666666,-0.16666666666666666,0.29166666666666663,0.08333333333333333,0.5416666666666666,0.16666666666666666,0.0,0.5,-0.125,-0.25,0.0,0.3333333333333333,0.16666666666666666,0.5416666666666666,0.0,0.0,0.0,0.9166666666666666,0.7499999999999999,1.0,0.041666666666666664,-0.125,0.24999999999999997,1,0,0,4,2
detour,historical:AlwaysDetour,440,440,role:fitting,12,36,0.6805555555555557,0.638888888888889,0.7222222222222223,0.4444444444444444,0.3055555555555555,0.5833333333333334,-0.23611111111111113,-0.3888888888888889,-0.09722222222222221,0.3055555555555556,0.23611111111111113,0.3611111111111111,0.13888888888888887,0.05555555555555555,0.2222222222222222,-0.16666666666666666,-0.2638888888888889,-0.06944444444444443,0.3055555555555555,0.18055555555555555,0.4305555555555556,0.013888888888888888,0.0,0.041666666666666664,1.0,1.0,1.0,0.7083333333333334,0.6666666666666666,0.7642361111111063,0.4444444444444444,0.3055555555555555,0.5833333333333334,-0.2638888888888889,-0.40277777777777785,-0.125,0.25,0.18055555555555555,0.3194444444444445,0.13888888888888887,0.05555555555555555,0.2222222222222222,-0.11111111111111109,-0.23611111111111113,0.027777777777777776,0.3333333333333333,0.2222222222222222,0.4444444444444445,0.05555555555555555,0.0,0.12499999999999999,1.0,1.0,1.0,0.027777777777777776,0.0,0.06944444444444442,3,3,0,7,2
detour,historical:Base,440,220,all,16,48,0.6458333333333333,0.5833333333333334,0.6979166666666666,0.6458333333333333,0.5833333333333334,0.6979166666666666,0.0,0.0,0.0,0.3125,0.23958333333333334,0.38541666666666663,0.3125,0.23958333333333334,0.38541666666666663,0.0,0.0,0.0,0.0,0.0,0.0,0.0,0.0,0.0,0.0,0.0,0.0,0.6770833333333333,0.5937499999999999,0.7499999999999999,0.6770833333333333,0.5937499999999999,0.7499999999999999,0.0,0.0,0.0,0.26041666666666663,0.18723958333333338,0.34375,0.26041666666666663,0.18723958333333338,0.34375,0.0,0.0,0.0,0.0,0.0,0.0,0.0,0.0,0.0,0.0,0.0,0.0,0.0,0.0,0.0,0,0,0,0,0
detour,historical:Base,440,220,condition:glass,16,16,0.125,0.0,0.28125,0.125,0.0,0.28125,0.0,0.0,0.0,0.8125,0.625,0.96875,0.8125,0.625,0.96875,0.0,0.0,0.0,0.0,0.0,0.0,0.0,0.0,0.0,0.0,0.0,0.0,0.1875,0.03125,0.375,0.1875,0.03125,0.375,0.0,0.0,0.0,0.6875,0.46875,0.875,0.6875,0.46875,0.875,0.0,0.0,0.0,0.0,0.0,0.0,0.0,0.0,0.0,0.0,0.0,0.0,0.0,0.0,0.0,0,0,0,0,0
detour,historical:Base,440,220,condition:noglass,16,16,0.96875,0.90625,1.0,0.96875,0.90625,1.0,0.0,0.0,0.0,0.0,0.0,0.0,0.0,0.0,0.0,0.0,0.0,0.0,0.0,0.0,0.0,0.0,0.0,0.0,0.0,0.0,0.0,0.9375,0.84375,1.0,0.9375,0.84375,1.0,0.0,0.0,0.0,0.0,0.0,0.0,0.0,0.0,0.0,0.0,0.0,0.0,0.0,0.0,0.0,0.0,0.0,0.0,0.0,0.0,0.0,0.0,0.0,0.0,0,0,0,0,0
detour,historical:Base,440,220,condition:offpath,16,16,0.84375,0.65625,1.0,0.84375,0.65625,1.0,0.0,0.0,0.0,0.125,0.0,0.3125,0.125,0.0,0.3125,0.0,0.0,0.0,0.0,0.0,0.0,0.0,0.0,0.0,0.0,0.0,0.0,0.90625,0.75,1.0,0.90625,0.75,1.0,0.0,0.0,0.0,0.09375,0.0,0.25,0.09375,0.0,0.25,0.0,0.0,0.0,0.0,0.0,0.0,0.0,0.0,0.0,0.0,0.0,0.0,0.0,0.0,0.0,0,0,0,0,0
detour,historical:Base,440,220,controls,16,32,0.90625,0.8125,0.984375,0.90625,0.8125,0.984375,0.0,0.0,0.0,0.0625,0.0,0.15625,0.0625,0.0,0.15625,0.0,0.0,0.0,0.0,0.0,0.0,0.0,0.0,0.0,0.0,0.0,0.0,0.921875,0.8125,1.0,0.921875,0.8125,1.0,0.0,0.0,0.0,0.046875,0.0,0.125,0.046875,0.0,0.125,0.0,0.0,0.0,0.0,0.0,0.0,0.0,0.0,0.0,0.0,0.0,0.0,0.0,0.0,0.0,0,0,0,0,0
detour,historical:Base,440,220,role:calibration,4,12,0.5416666666666666,0.41666666666666663,0.6666666666666666,0.5416666666666666,0.41666666666666663,0.6666666666666666,0.0,0.0,0.0,0.3333333333333333,0.08333333333333333,0.5833333333333333,0.3333333333333333,0.08333333333333333,0.5833333333333333,0.0,0.0,0.0,0.0,0.0,0.0,0.0,0.0,0.0,0.0,0.0,0.0,0.5833333333333334,0.29166666666666663,0.7916666666666667,0.5833333333333334,0.29166666666666663,0.7916666666666667,0.0,0.0,0.0,0.29166666666666663,0.08333333333333333,0.5416666666666666,0.29166666666666663,0.08333333333333333,0.5416666666666666,0.0,0.0,0.0,0.0,0.0,0.0,0.0,0.0,0.0,0.0,0.0,0.0,0.0,0.0,0.0,0,0,0,0,0
detour,historical:Base,440,220,role:fitting,12,36,0.6805555555555557,0.638888888888889,0.7222222222222223,0.6805555555555557,0.638888888888889,0.7222222222222223,0.0,0.0,0.0,0.3055555555555556,0.23611111111111113,0.3611111111111111,0.3055555555555556,0.23611111111111113,0.3611111111111111,0.0,0.0,0.0,0.0,0.0,0.0,0.0,0.0,0.0,0.0,0.0,0.0,0.7083333333333334,0.6666666666666666,0.7642361111111063,0.7083333333333334,0.6666666666666666,0.7642361111111063,0.0,0.0,0.0,0.25,0.18055555555555555,0.3194444444444445,0.25,0.18055555555555555,0.3194444444444445,0.0,0.0,0.0,0.0,0.0,0.0,0.0,0.0,0.0,0.0,0.0,0.0,0.0,0.0,0.0,0,0,0,0,0
detour,historical:Base,440,440,all,16,48,0.6458333333333333,0.5833333333333334,0.6979166666666666,0.6458333333333333,0.5833333333333334,0.6979166666666666,0.0,0.0,0.0,0.3125,0.23958333333333334,0.38541666666666663,0.3125,0.23958333333333334,0.38541666666666663,0.0,0.0,0.0,0.0,0.0,0.0,0.0,0.0,0.0,0.0,0.0,0.0,0.6770833333333333,0.5937499999999999,0.7499999999999999,0.6770833333333333,0.5937499999999999,0.7499999999999999,0.0,0.0,0.0,0.26041666666666663,0.18723958333333338,0.34375,0.26041666666666663,0.18723958333333338,0.34375,0.0,0.0,0.0,0.0,0.0,0.0,0.0,0.0,0.0,0.0,0.0,0.0,0.0,0.0,0.0,0,0,0,0,0
detour,historical:Base,440,440,condition:glass,16,16,0.125,0.0,0.28125,0.125,0.0,0.28125,0.0,0.0,0.0,0.8125,0.625,0.96875,0.8125,0.625,0.96875,0.0,0.0,0.0,0.0,0.0,0.0,0.0,0.0,0.0,0.0,0.0,0.0,0.1875,0.03125,0.375,0.1875,0.03125,0.375,0.0,0.0,0.0,0.6875,0.46875,0.875,0.6875,0.46875,0.875,0.0,0.0,0.0,0.0,0.0,0.0,0.0,0.0,0.0,0.0,0.0,0.0,0.0,0.0,0.0,0,0,0,0,0
detour,historical:Base,440,440,condition:noglass,16,16,0.96875,0.90625,1.0,0.96875,0.90625,1.0,0.0,0.0,0.0,0.0,0.0,0.0,0.0,0.0,0.0,0.0,0.0,0.0,0.0,0.0,0.0,0.0,0.0,0.0,0.0,0.0,0.0,0.9375,0.84375,1.0,0.9375,0.84375,1.0,0.0,0.0,0.0,0.0,0.0,0.0,0.0,0.0,0.0,0.0,0.0,0.0,0.0,0.0,0.0,0.0,0.0,0.0,0.0,0.0,0.0,0.0,0.0,0.0,0,0,0,0,0
detour,historical:Base,440,440,condition:offpath,16,16,0.84375,0.65625,1.0,0.84375,0.65625,1.0,0.0,0.0,0.0,0.125,0.0,0.3125,0.125,0.0,0.3125,0.0,0.0,0.0,0.0,0.0,0.0,0.0,0.0,0.0,0.0,0.0,0.0,0.90625,0.75,1.0,0.90625,0.75,1.0,0.0,0.0,0.0,0.09375,0.0,0.25,0.09375,0.0,0.25,0.0,0.0,0.0,0.0,0.0,0.0,0.0,0.0,0.0,0.0,0.0,0.0,0.0,0.0,0.0,0,0,0,0,0
detour,historical:Base,440,440,controls,16,32,0.90625,0.8125,0.984375,0.90625,0.8125,0.984375,0.0,0.0,0.0,0.0625,0.0,0.15625,0.0625,0.0,0.15625,0.0,0.0,0.0,0.0,0.0,0.0,0.0,0.0,0.0,0.0,0.0,0.0,0.921875,0.8125,1.0,0.921875,0.8125,1.0,0.0,0.0,0.0,0.046875,0.0,0.125,0.046875,0.0,0.125,0.0,0.0,0.0,0.0,0.0,0.0,0.0,0.0,0.0,0.0,0.0,0.0,0.0,0.0,0.0,0,0,0,0,0
detour,historical:Base,440,440,role:calibration,4,12,0.5416666666666666,0.41666666666666663,0.6666666666666666,0.5416666666666666,0.41666666666666663,0.6666666666666666,0.0,0.0,0.0,0.3333333333333333,0.08333333333333333,0.5833333333333333,0.3333333333333333,0.08333333333333333,0.5833333333333333,0.0,0.0,0.0,0.0,0.0,0.0,0.0,0.0,0.0,0.0,0.0,0.0,0.5833333333333334,0.29166666666666663,0.7916666666666667,0.5833333333333334,0.29166666666666663,0.7916666666666667,0.0,0.0,0.0,0.29166666666666663,0.08333333333333333,0.5416666666666666,0.29166666666666663,0.08333333333333333,0.5416666666666666,0.0,0.0,0.0,0.0,0.0,0.0,0.0,0.0,0.0,0.0,0.0,0.0,0.0,0.0,0.0,0,0,0,0,0
detour,historical:Base,440,440,role:fitting,12,36,0.6805555555555557,0.638888888888889,0.7222222222222223,0.6805555555555557,0.638888888888889,0.7222222222222223,0.0,0.0,0.0,0.3055555555555556,0.23611111111111113,0.3611111111111111,0.3055555555555556,0.23611111111111113,0.3611111111111111,0.0,0.0,0.0,0.0,0.0,0.0,0.0,0.0,0.0,0.0,0.0,0.0,0.7083333333333334,0.6666666666666666,0.7642361111111063,0.7083333333333334,0.6666666666666666,0.7642361111111063,0.0,0.0,0.0,0.25,0.18055555555555555,0.3194444444444445,0.25,0.18055555555555555,0.3194444444444445,0.0,0.0,0.0,0.0,0.0,0.0,0.0,0.0,0.0,0.0,0.0,0.0,0.0,0.0,0.0,0,0,0,0,0
detour,historical:BenefitGate,440,220,all,16,48,0.6458333333333333,0.5833333333333334,0.6979166666666666,0.6458333333333333,0.5833333333333334,0.6979166666666666,0.0,0.0,0.0,0.3125,0.23958333333333334,0.38541666666666663,0.3125,0.23958333333333334,0.38541666666666663,0.0,0.0,0.0,0.0,0.0,0.0,0.0,0.0,0.0,0.0,0.0,0.0,0.6770833333333333,0.5937499999999999,0.7499999999999999,0.6770833333333333,0.5937499999999999,0.7499999999999999,0.0,0.0,0.0,0.26041666666666663,0.18723958333333338,0.34375,0.26041666666666663,0.18723958333333338,0.34375,0.0,0.0,0.0,0.0,0.0,0.0,0.0,0.0,0.0,0.0,0.0,0.0,0.0,0.0,0.0,0,0,0,0,0
detour,historical:BenefitGate,440,220,condition:glass,16,16,0.125,0.0,0.28125,0.125,0.0,0.28125,0.0,0.0,0.0,0.8125,0.625,0.96875,0.8125,0.625,0.96875,0.0,0.0,0.0,0.0,0.0,0.0,0.0,0.0,0.0,0.0,0.0,0.0,0.1875,0.03125,0.375,0.1875,0.03125,0.375,0.0,0.0,0.0,0.6875,0.46875,0.875,0.6875,0.46875,0.875,0.0,0.0,0.0,0.0,0.0,0.0,0.0,0.0,0.0,0.0,0.0,0.0,0.0,0.0,0.0,0,0,0,0,0
detour,historical:BenefitGate,440,220,condition:noglass,16,16,0.96875,0.90625,1.0,0.96875,0.90625,1.0,0.0,0.0,0.0,0.0,0.0,0.0,0.0,0.0,0.0,0.0,0.0,0.0,0.0,0.0,0.0,0.0,0.0,0.0,0.0,0.0,0.0,0.9375,0.84375,1.0,0.9375,0.84375,1.0,0.0,0.0,0.0,0.0,0.0,0.0,0.0,0.0,0.0,0.0,0.0,0.0,0.0,0.0,0.0,0.0,0.0,0.0,0.0,0.0,0.0,0.0,0.0,0.0,0,0,0,0,0
detour,historical:BenefitGate,440,220,condition:offpath,16,16,0.84375,0.65625,1.0,0.84375,0.65625,1.0,0.0,0.0,0.0,0.125,0.0,0.3125,0.125,0.0,0.3125,0.0,0.0,0.0,0.0,0.0,0.0,0.0,0.0,0.0,0.0,0.0,0.0,0.90625,0.75,1.0,0.90625,0.75,1.0,0.0,0.0,0.0,0.09375,0.0,0.25,0.09375,0.0,0.25,0.0,0.0,0.0,0.0,0.0,0.0,0.0,0.0,0.0,0.0,0.0,0.0,0.0,0.0,0.0,0,0,0,0,0
detour,historical:BenefitGate,440,220,controls,16,32,0.90625,0.8125,0.984375,0.90625,0.8125,0.984375,0.0,0.0,0.0,0.0625,0.0,0.15625,0.0625,0.0,0.15625,0.0,0.0,0.0,0.0,0.0,0.0,0.0,0.0,0.0,0.0,0.0,0.0,0.921875,0.8125,1.0,0.921875,0.8125,1.0,0.0,0.0,0.0,0.046875,0.0,0.125,0.046875,0.0,0.125,0.0,0.0,0.0,0.0,0.0,0.0,0.0,0.0,0.0,0.0,0.0,0.0,0.0,0.0,0.0,0,0,0,0,0
detour,historical:BenefitGate,440,220,role:calibration,4,12,0.5416666666666666,0.41666666666666663,0.6666666666666666,0.5416666666666666,0.41666666666666663,0.6666666666666666,0.0,0.0,0.0,0.3333333333333333,0.08333333333333333,0.5833333333333333,0.3333333333333333,0.08333333333333333,0.5833333333333333,0.0,0.0,0.0,0.0,0.0,0.0,0.0,0.0,0.0,0.0,0.0,0.0,0.5833333333333334,0.29166666666666663,0.7916666666666667,0.5833333333333334,0.29166666666666663,0.7916666666666667,0.0,0.0,0.0,0.29166666666666663,0.08333333333333333,0.5416666666666666,0.29166666666666663,0.08333333333333333,0.5416666666666666,0.0,0.0,0.0,0.0,0.0,0.0,0.0,0.0,0.0,0.0,0.0,0.0,0.0,0.0,0.0,0,0,0,0,0
detour,historical:BenefitGate,440,220,role:fitting,12,36,0.6805555555555557,0.638888888888889,0.7222222222222223,0.6805555555555557,0.638888888888889,0.7222222222222223,0.0,0.0,0.0,0.3055555555555556,0.23611111111111113,0.3611111111111111,0.3055555555555556,0.23611111111111113,0.3611111111111111,0.0,0.0,0.0,0.0,0.0,0.0,0.0,0.0,0.0,0.0,0.0,0.0,0.7083333333333334,0.6666666666666666,0.7642361111111063,0.7083333333333334,0.6666666666666666,0.7642361111111063,0.0,0.0,0.0,0.25,0.18055555555555555,0.3194444444444445,0.25,0.18055555555555555,0.3194444444444445,0.0,0.0,0.0,0.0,0.0,0.0,0.0,0.0,0.0,0.0,0.0,0.0,0.0,0.0,0.0,0,0,0,0,0
detour,historical:BenefitGate,440,440,all,16,48,0.6458333333333333,0.5833333333333334,0.6979166666666666,0.6458333333333333,0.5833333333333334,0.6979166666666666,0.0,0.0,0.0,0.3125,0.23958333333333334,0.38541666666666663,0.3125,0.23958333333333334,0.38541666666666663,0.0,0.0,0.0,0.0,0.0,0.0,0.0,0.0,0.0,0.0,0.0,0.0,0.6770833333333333,0.5937499999999999,0.7499999999999999,0.6770833333333333,0.5937499999999999,0.7499999999999999,0.0,0.0,0.0,0.26041666666666663,0.18723958333333338,0.34375,0.26041666666666663,0.18723958333333338,0.34375,0.0,0.0,0.0,0.0,0.0,0.0,0.0,0.0,0.0,0.0,0.0,0.0,0.0,0.0,0.0,0,0,0,0,0
detour,historical:BenefitGate,440,440,condition:glass,16,16,0.125,0.0,0.28125,0.125,0.0,0.28125,0.0,0.0,0.0,0.8125,0.625,0.96875,0.8125,0.625,0.96875,0.0,0.0,0.0,0.0,0.0,0.0,0.0,0.0,0.0,0.0,0.0,0.0,0.1875,0.03125,0.375,0.1875,0.03125,0.375,0.0,0.0,0.0,0.6875,0.46875,0.875,0.6875,0.46875,0.875,0.0,0.0,0.0,0.0,0.0,0.0,0.0,0.0,0.0,0.0,0.0,0.0,0.0,0.0,0.0,0,0,0,0,0
detour,historical:BenefitGate,440,440,condition:noglass,16,16,0.96875,0.90625,1.0,0.96875,0.90625,1.0,0.0,0.0,0.0,0.0,0.0,0.0,0.0,0.0,0.0,0.0,0.0,0.0,0.0,0.0,0.0,0.0,0.0,0.0,0.0,0.0,0.0,0.9375,0.84375,1.0,0.9375,0.84375,1.0,0.0,0.0,0.0,0.0,0.0,0.0,0.0,0.0,0.0,0.0,0.0,0.0,0.0,0.0,0.0,0.0,0.0,0.0,0.0,0.0,0.0,0.0,0.0,0.0,0,0,0,0,0
detour,historical:BenefitGate,440,440,condition:offpath,16,16,0.84375,0.65625,1.0,0.84375,0.65625,1.0,0.0,0.0,0.0,0.125,0.0,0.3125,0.125,0.0,0.3125,0.0,0.0,0.0,0.0,0.0,0.0,0.0,0.0,0.0,0.0,0.0,0.0,0.90625,0.75,1.0,0.90625,0.75,1.0,0.0,0.0,0.0,0.09375,0.0,0.25,0.09375,0.0,0.25,0.0,0.0,0.0,0.0,0.0,0.0,0.0,0.0,0.0,0.0,0.0,0.0,0.0,0.0,0.0,0,0,0,0,0
detour,historical:BenefitGate,440,440,controls,16,32,0.90625,0.8125,0.984375,0.90625,0.8125,0.984375,0.0,0.0,0.0,0.0625,0.0,0.15625,0.0625,0.0,0.15625,0.0,0.0,0.0,0.0,0.0,0.0,0.0,0.0,0.0,0.0,0.0,0.0,0.921875,0.8125,1.0,0.921875,0.8125,1.0,0.0,0.0,0.0,0.046875,0.0,0.125,0.046875,0.0,0.125,0.0,0.0,0.0,0.0,0.0,0.0,0.0,0.0,0.0,0.0,0.0,0.0,0.0,0.0,0.0,0,0,0,0,0
detour,historical:BenefitGate,440,440,role:calibration,4,12,0.5416666666666666,0.41666666666666663,0.6666666666666666,0.5416666666666666,0.41666666666666663,0.6666666666666666,0.0,0.0,0.0,0.3333333333333333,0.08333333333333333,0.5833333333333333,0.3333333333333333,0.08333333333333333,0.5833333333333333,0.0,0.0,0.0,0.0,0.0,0.0,0.0,0.0,0.0,0.0,0.0,0.0,0.5833333333333334,0.29166666666666663,0.7916666666666667,0.5833333333333334,0.29166666666666663,0.7916666666666667,0.0,0.0,0.0,0.29166666666666663,0.08333333333333333,0.5416666666666666,0.29166666666666663,0.08333333333333333,0.5416666666666666,0.0,0.0,0.0,0.0,0.0,0.0,0.0,0.0,0.0,0.0,0.0,0.0,0.0,0.0,0.0,0,0,0,0,0
detour,historical:BenefitGate,440,440,role:fitting,12,36,0.6805555555555557,0.638888888888889,0.7222222222222223,0.6805555555555557,0.638888888888889,0.7222222222222223,0.0,0.0,0.0,0.3055555555555556,0.23611111111111113,0.3611111111111111,0.3055555555555556,0.23611111111111113,0.3611111111111111,0.0,0.0,0.0,0.0,0.0,0.0,0.0,0.0,0.0,0.0,0.0,0.0,0.7083333333333334,0.6666666666666666,0.7642361111111063,0.7083333333333334,0.6666666666666666,0.7642361111111063,0.0,0.0,0.0,0.25,0.18055555555555555,0.3194444444444445,0.25,0.18055555555555555,0.3194444444444445,0.0,0.0,0.0,0.0,0.0,0.0,0.0,0.0,0.0,0.0,0.0,0.0,0.0,0.0,0.0,0,0,0,0,0
detour,historical:DirectQ_sanity,440,220,all,16,48,0.6458333333333333,0.5833333333333334,0.6979166666666666,0.6458333333333333,0.5833333333333334,0.6979166666666666,0.0,0.0,0.0,0.3125,0.23958333333333334,0.38541666666666663,0.3125,0.23958333333333334,0.38541666666666663,0.0,0.0,0.0,0.0,0.0,0.0,0.0,0.0,0.0,0.0,0.0,0.0,0.6770833333333333,0.5937499999999999,0.7499999999999999,0.6770833333333333,0.5937499999999999,0.7499999999999999,0.0,0.0,0.0,0.26041666666666663,0.18723958333333338,0.34375,0.26041666666666663,0.18723958333333338,0.34375,0.0,0.0,0.0,0.0,0.0,0.0,0.0,0.0,0.0,0.0,0.0,0.0,0.0,0.0,0.0,0,0,0,0,0
detour,historical:DirectQ_sanity,440,220,condition:glass,16,16,0.125,0.0,0.28125,0.125,0.0,0.28125,0.0,0.0,0.0,0.8125,0.625,0.96875,0.8125,0.625,0.96875,0.0,0.0,0.0,0.0,0.0,0.0,0.0,0.0,0.0,0.0,0.0,0.0,0.1875,0.03125,0.375,0.1875,0.03125,0.375,0.0,0.0,0.0,0.6875,0.46875,0.875,0.6875,0.46875,0.875,0.0,0.0,0.0,0.0,0.0,0.0,0.0,0.0,0.0,0.0,0.0,0.0,0.0,0.0,0.0,0,0,0,0,0
detour,historical:DirectQ_sanity,440,220,condition:noglass,16,16,0.96875,0.90625,1.0,0.96875,0.90625,1.0,0.0,0.0,0.0,0.0,0.0,0.0,0.0,0.0,0.0,0.0,0.0,0.0,0.0,0.0,0.0,0.0,0.0,0.0,0.0,0.0,0.0,0.9375,0.84375,1.0,0.9375,0.84375,1.0,0.0,0.0,0.0,0.0,0.0,0.0,0.0,0.0,0.0,0.0,0.0,0.0,0.0,0.0,0.0,0.0,0.0,0.0,0.0,0.0,0.0,0.0,0.0,0.0,0,0,0,0,0
detour,historical:DirectQ_sanity,440,220,condition:offpath,16,16,0.84375,0.65625,1.0,0.84375,0.65625,1.0,0.0,0.0,0.0,0.125,0.0,0.3125,0.125,0.0,0.3125,0.0,0.0,0.0,0.0,0.0,0.0,0.0,0.0,0.0,0.0,0.0,0.0,0.90625,0.75,1.0,0.90625,0.75,1.0,0.0,0.0,0.0,0.09375,0.0,0.25,0.09375,0.0,0.25,0.0,0.0,0.0,0.0,0.0,0.0,0.0,0.0,0.0,0.0,0.0,0.0,0.0,0.0,0.0,0,0,0,0,0
detour,historical:DirectQ_sanity,440,220,controls,16,32,0.90625,0.8125,0.984375,0.90625,0.8125,0.984375,0.0,0.0,0.0,0.0625,0.0,0.15625,0.0625,0.0,0.15625,0.0,0.0,0.0,0.0,0.0,0.0,0.0,0.0,0.0,0.0,0.0,0.0,0.921875,0.8125,1.0,0.921875,0.8125,1.0,0.0,0.0,0.0,0.046875,0.0,0.125,0.046875,0.0,0.125,0.0,0.0,0.0,0.0,0.0,0.0,0.0,0.0,0.0,0.0,0.0,0.0,0.0,0.0,0.0,0,0,0,0,0
detour,historical:DirectQ_sanity,440,220,role:calibration,4,12,0.5416666666666666,0.41666666666666663,0.6666666666666666,0.5416666666666666,0.41666666666666663,0.6666666666666666,0.0,0.0,0.0,0.3333333333333333,0.08333333333333333,0.5833333333333333,0.3333333333333333,0.08333333333333333,0.5833333333333333,0.0,0.0,0.0,0.0,0.0,0.0,0.0,0.0,0.0,0.0,0.0,0.0,0.5833333333333334,0.29166666666666663,0.7916666666666667,0.5833333333333334,0.29166666666666663,0.7916666666666667,0.0,0.0,0.0,0.29166666666666663,0.08333333333333333,0.5416666666666666,0.29166666666666663,0.08333333333333333,0.5416666666666666,0.0,0.0,0.0,0.0,0.0,0.0,0.0,0.0,0.0,0.0,0.0,0.0,0.0,0.0,0.0,0,0,0,0,0
detour,historical:DirectQ_sanity,440,220,role:fitting,12,36,0.6805555555555557,0.638888888888889,0.7222222222222223,0.6805555555555557,0.638888888888889,0.7222222222222223,0.0,0.0,0.0,0.3055555555555556,0.23611111111111113,0.3611111111111111,0.3055555555555556,0.23611111111111113,0.3611111111111111,0.0,0.0,0.0,0.0,0.0,0.0,0.0,0.0,0.0,0.0,0.0,0.0,0.7083333333333334,0.6666666666666666,0.7642361111111063,0.7083333333333334,0.6666666666666666,0.7642361111111063,0.0,0.0,0.0,0.25,0.18055555555555555,0.3194444444444445,0.25,0.18055555555555555,0.3194444444444445,0.0,0.0,0.0,0.0,0.0,0.0,0.0,0.0,0.0,0.0,0.0,0.0,0.0,0.0,0.0,0,0,0,0,0
detour,historical:DirectQ_sanity,440,440,all,16,48,0.6458333333333333,0.5833333333333334,0.6979166666666666,0.6458333333333333,0.5833333333333334,0.6979166666666666,0.0,0.0,0.0,0.3125,0.23958333333333334,0.38541666666666663,0.3125,0.23958333333333334,0.38541666666666663,0.0,0.0,0.0,0.0,0.0,0.0,0.0,0.0,0.0,0.0,0.0,0.0,0.6770833333333333,0.5937499999999999,0.7499999999999999,0.6770833333333333,0.5937499999999999,0.7499999999999999,0.0,0.0,0.0,0.26041666666666663,0.18723958333333338,0.34375,0.26041666666666663,0.18723958333333338,0.34375,0.0,0.0,0.0,0.0,0.0,0.0,0.0,0.0,0.0,0.0,0.0,0.0,0.0,0.0,0.0,0,0,0,0,0
detour,historical:DirectQ_sanity,440,440,condition:glass,16,16,0.125,0.0,0.28125,0.125,0.0,0.28125,0.0,0.0,0.0,0.8125,0.625,0.96875,0.8125,0.625,0.96875,0.0,0.0,0.0,0.0,0.0,0.0,0.0,0.0,0.0,0.0,0.0,0.0,0.1875,0.03125,0.375,0.1875,0.03125,0.375,0.0,0.0,0.0,0.6875,0.46875,0.875,0.6875,0.46875,0.875,0.0,0.0,0.0,0.0,0.0,0.0,0.0,0.0,0.0,0.0,0.0,0.0,0.0,0.0,0.0,0,0,0,0,0
detour,historical:DirectQ_sanity,440,440,condition:noglass,16,16,0.96875,0.90625,1.0,0.96875,0.90625,1.0,0.0,0.0,0.0,0.0,0.0,0.0,0.0,0.0,0.0,0.0,0.0,0.0,0.0,0.0,0.0,0.0,0.0,0.0,0.0,0.0,0.0,0.9375,0.84375,1.0,0.9375,0.84375,1.0,0.0,0.0,0.0,0.0,0.0,0.0,0.0,0.0,0.0,0.0,0.0,0.0,0.0,0.0,0.0,0.0,0.0,0.0,0.0,0.0,0.0,0.0,0.0,0.0,0,0,0,0,0
detour,historical:DirectQ_sanity,440,440,condition:offpath,16,16,0.84375,0.65625,1.0,0.84375,0.65625,1.0,0.0,0.0,0.0,0.125,0.0,0.3125,0.125,0.0,0.3125,0.0,0.0,0.0,0.0,0.0,0.0,0.0,0.0,0.0,0.0,0.0,0.0,0.90625,0.75,1.0,0.90625,0.75,1.0,0.0,0.0,0.0,0.09375,0.0,0.25,0.09375,0.0,0.25,0.0,0.0,0.0,0.0,0.0,0.0,0.0,0.0,0.0,0.0,0.0,0.0,0.0,0.0,0.0,0,0,0,0,0
detour,historical:DirectQ_sanity,440,440,controls,16,32,0.90625,0.8125,0.984375,0.90625,0.8125,0.984375,0.0,0.0,0.0,0.0625,0.0,0.15625,0.0625,0.0,0.15625,0.0,0.0,0.0,0.0,0.0,0.0,0.0,0.0,0.0,0.0,0.0,0.0,0.921875,0.8125,1.0,0.921875,0.8125,1.0,0.0,0.0,0.0,0.046875,0.0,0.125,0.046875,0.0,0.125,0.0,0.0,0.0,0.0,0.0,0.0,0.0,0.0,0.0,0.0,0.0,0.0,0.0,0.0,0.0,0,0,0,0,0
detour,historical:DirectQ_sanity,440,440,role:calibration,4,12,0.5416666666666666,0.41666666666666663,0.6666666666666666,0.5416666666666666,0.41666666666666663,0.6666666666666666,0.0,0.0,0.0,0.3333333333333333,0.08333333333333333,0.5833333333333333,0.3333333333333333,0.08333333333333333,0.5833333333333333,0.0,0.0,0.0,0.0,0.0,0.0,0.0,0.0,0.0,0.0,0.0,0.0,0.5833333333333334,0.29166666666666663,0.7916666666666667,0.5833333333333334,0.29166666666666663,0.7916666666666667,0.0,0.0,0.0,0.29166666666666663,0.08333333333333333,0.5416666666666666,0.29166666666666663,0.08333333333333333,0.5416666666666666,0.0,0.0,0.0,0.0,0.0,0.0,0.0,0.0,0.0,0.0,0.0,0.0,0.0,0.0,0.0,0,0,0,0,0
detour,historical:DirectQ_sanity,440,440,role:fitting,12,36,0.6805555555555557,0.638888888888889,0.7222222222222223,0.6805555555555557,0.638888888888889,0.7222222222222223,0.0,0.0,0.0,0.3055555555555556,0.23611111111111113,0.3611111111111111,0.3055555555555556,0.23611111111111113,0.3611111111111111,0.0,0.0,0.0,0.0,0.0,0.0,0.0,0.0,0.0,0.0,0.0,0.0,0.7083333333333334,0.6666666666666666,0.7642361111111063,0.7083333333333334,0.6666666666666666,0.7642361111111063,0.0,0.0,0.0,0.25,0.18055555555555555,0.3194444444444445,0.25,0.18055555555555555,0.3194444444444445,0.0,0.0,0.0,0.0,0.0,0.0,0.0,0.0,0.0,0.0,0.0,0.0,0.0,0.0,0.0,0,0,0,0,0
detour,historical:RiskDetour,440,220,all,16,48,0.6458333333333333,0.5833333333333334,0.6979166666666666,0.6145833333333333,0.5520833333333333,0.6770833333333331,-0.03125,-0.08333333333333333,0.0,0.3125,0.23958333333333334,0.38541666666666663,0.2708333333333333,0.1875,0.36458333333333326,-0.041666666666666664,-0.10416666666666666,0.0,0.03125,0.0,0.08333333333333333,0.0,0.0,0.0,0.14583333333333331,0.0625,0.25,0.6770833333333333,0.5937499999999999,0.7499999999999999,0.6354166666666666,0.5520833333333333,0.7083333333333331,-0.041666666666666664,-0.10416666666666667,0.010416666666666666,0.26041666666666663,0.18723958333333338,0.34375,0.22916666666666666,0.14583333333333331,0.32291666666666663,-0.03125,-0.08333333333333333,0.0,0.05208333333333333,0.0,0.11458333333333333,0.0,0.0,0.0,0.14583333333333331,0.0625,0.25,0.010416666666666666,-0.020833333333333332,0.04166666666666667,0,1,1,3,3
detour,historical:RiskDetour,440,220,condition:glass,16,16,0.125,0.0,0.28125,0.125,0.0,0.28125,0.0,0.0,0.0,0.8125,0.625,0.96875,0.6875,0.46875,0.875,-0.125,-0.3125,0.0,0.0,0.0,0.0,0.0,0.0,0.0,0.125,0.0,0.3125,0.1875,0.03125,0.375,0.15625,0.0,0.34375,-0.03125,-0.09375,0.0,0.6875,0.46875,0.875,0.59375,0.375,0.8125,-0.09375,-0.25,0.0,0.03125,0.0,0.09375,0.0,0.0,0.0,0.125,0.0,0.3125,0.03125,0.0,0.09375,0,0,0,1,1
detour,historical:RiskDetour,440,220,condition:noglass,16,16,0.96875,0.90625,1.0,0.96875,0.90625,1.0,0.0,0.0,0.0,0.0,0.0,0.0,0.0,0.0,0.0,0.0,0.0,0.0,0.0,0.0,0.0,0.0,0.0,0.0,0.125,0.0,0.3125,0.9375,0.84375,1.0,0.96875,0.90625,1.0,0.03125,0.0,0.09375,0.0,0.0,0.0,0.0,0.0,0.0,0.0,0.0,0.0,0.0,0.0,0.0,0.0,0.0,0.0,0.125,0.0,0.3125,-0.03125,-0.09375,0.0,0,1,1,0,1
detour,historical:RiskDetour,440,220,condition:offpath,16,16,0.84375,0.65625,1.0,0.75,0.5,0.9375,-0.09375,-0.25,0.0,0.125,0.0,0.3125,0.125,0.0,0.3125,0.0,0.0,0.0,0.09375,0.0,0.25,0.0,0.0,0.0,0.1875,0.0,0.375,0.90625,0.75,1.0,0.78125,0.5625,0.9382812499999886,-0.125,-0.3125,0.0,0.09375,0.0,0.25,0.09375,0.0,0.25,0.0,0.0,0.0,0.125,0.0,0.3125,0.0,0.0,0.0,0.1875,0.0,0.375,0.03125,0.0,0.09375,0,0,0,2,1
detour,historical:RiskDetour,440,220,controls,16,32,0.90625,0.8125,0.984375,0.859375,0.75,0.953125,-0.046875,-0.125,0.0,0.0625,0.0,0.15625,0.0625,0.0,0.15625,0.0,0.0,0.0,0.046875,0.0,0.125,0.0,0.0,0.0,0.15625,0.0625,0.28125,0.921875,0.8125,1.0,0.875,0.75,0.9691406249999943,-0.046875,-0.140625,0.03125,0.046875,0.0,0.125,0.046875,0.0,0.125,0.0,0.0,0.0,0.0625,0.0,0.15625,0.0,0.0,0.0,0.15625,0.0625,0.28125,0.0,-0.046875,0.046875,0,1,1,2,2
detour,historical:RiskDetour,440,220,role:calibration,4,12,0.5416666666666666,0.41666666666666663,0.6666666666666666,0.5416666666666666,0.41666666666666663,0.6666666666666666,0.0,0.0,0.0,0.3333333333333333,0.08333333333333333,0.5833333333333333,0.25,0.0,0.5,-0.08333333333333333,-0.25,0.0,0.0,0.0,0.0,0.0,0.0,0.0,0.08333333333333333,0.0,0.25,0.5833333333333334,0.29166666666666663,0.7916666666666667,0.5416666666666666,0.29166666666666663,0.6666666666666666,-0.041666666666666664,-0.125,0.0,0.29166666666666663,0.08333333333333333,0.5416666666666666,0.25,0.0,0.5,-0.041666666666666664,-0.125,0.0,0.041666666666666664,0.0,0.125,0.0,0.0,0.0,0.08333333333333333,0.0,0.25,0.041666666666666664,0.0,0.125,0,0,0,1,1
detour,historical:RiskDetour,440,220,role:fitting,12,36,0.6805555555555557,0.638888888888889,0.7222222222222223,0.638888888888889,0.5694444444444444,0.6944444444444445,-0.041666666666666664,-0.1111111111111111,0.0,0.3055555555555556,0.23611111111111113,0.3611111111111111,0.2777777777777778,0.19444444444444442,0.34722222222222227,-0.027777777777777776,-0.08333333333333333,0.0,0.041666666666666664,0.0,0.1111111111111111,0.0,0.0,0.0,0.16666666666666666,0.05555555555555555,0.3055555555555555,0.7083333333333334,0.6666666666666666,0.7642361111111063,0.6666666666666666,0.5972222222222222,0.7222222222222223,-0.041666666666666664,-0.12499999999999999,0.027777777777777776,0.25,0.18055555555555555,0.3194444444444445,0.2222222222222222,0.1388888888888889,0.2916666666666667,-0.027777777777777776,-0.08333333333333333,0.0,0.05555555555555555,0.0,0.13888888888888887,0.0,0.0,0.0,0.16666666666666666,0.05555555555555555,0.3055555555555555,0.0,-0.041666666666666664,0.04166666666666666,0,1,1,2,2
detour,historical:RiskDetour,440,440,all,16,48,0.6458333333333333,0.5833333333333334,0.6979166666666666,0.6145833333333333,0.5520833333333333,0.6770833333333331,-0.03125,-0.08333333333333333,0.0,0.3125,0.23958333333333334,0.38541666666666663,0.2708333333333333,0.1875,0.36458333333333326,-0.041666666666666664,-0.10416666666666666,0.0,0.03125,0.0,0.08333333333333333,0.0,0.0,0.0,0.14583333333333331,0.0625,0.25,0.6770833333333333,0.5937499999999999,0.7499999999999999,0.6354166666666666,0.5520833333333333,0.7083333333333331,-0.041666666666666664,-0.10416666666666667,0.010416666666666666,0.26041666666666663,0.18723958333333338,0.34375,0.22916666666666666,0.14583333333333331,0.32291666666666663,-0.03125,-0.08333333333333333,0.0,0.05208333333333333,0.0,0.11458333333333333,0.0,0.0,0.0,0.14583333333333331,0.0625,0.25,0.010416666666666666,-0.020833333333333332,0.04166666666666667,0,1,1,3,3
detour,historical:RiskDetour,440,440,condition:glass,16,16,0.125,0.0,0.28125,0.125,0.0,0.28125,0.0,0.0,0.0,0.8125,0.625,0.96875,0.6875,0.46875,0.875,-0.125,-0.3125,0.0,0.0,0.0,0.0,0.0,0.0,0.0,0.125,0.0,0.3125,0.1875,0.03125,0.375,0.15625,0.0,0.34375,-0.03125,-0.09375,0.0,0.6875,0.46875,0.875,0.59375,0.375,0.8125,-0.09375,-0.25,0.0,0.03125,0.0,0.09375,0.0,0.0,0.0,0.125,0.0,0.3125,0.03125,0.0,0.09375,0,0,0,1,1
detour,historical:RiskDetour,440,440,condition:noglass,16,16,0.96875,0.90625,1.0,0.96875,0.90625,1.0,0.0,0.0,0.0,0.0,0.0,0.0,0.0,0.0,0.0,0.0,0.0,0.0,0.0,0.0,0.0,0.0,0.0,0.0,0.125,0.0,0.3125,0.9375,0.84375,1.0,0.96875,0.90625,1.0,0.03125,0.0,0.09375,0.0,0.0,0.0,0.0,0.0,0.0,0.0,0.0,0.0,0.0,0.0,0.0,0.0,0.0,0.0,0.125,0.0,0.3125,-0.03125,-0.09375,0.0,0,1,1,0,1
detour,historical:RiskDetour,440,440,condition:offpath,16,16,0.84375,0.65625,1.0,0.75,0.5,0.9375,-0.09375,-0.25,0.0,0.125,0.0,0.3125,0.125,0.0,0.3125,0.0,0.0,0.0,0.09375,0.0,0.25,0.0,0.0,0.0,0.1875,0.0,0.375,0.90625,0.75,1.0,0.78125,0.5625,0.9382812499999886,-0.125,-0.3125,0.0,0.09375,0.0,0.25,0.09375,0.0,0.25,0.0,0.0,0.0,0.125,0.0,0.3125,0.0,0.0,0.0,0.1875,0.0,0.375,0.03125,0.0,0.09375,0,0,0,2,1
detour,historical:RiskDetour,440,440,controls,16,32,0.90625,0.8125,0.984375,0.859375,0.75,0.953125,-0.046875,-0.125,0.0,0.0625,0.0,0.15625,0.0625,0.0,0.15625,0.0,0.0,0.0,0.046875,0.0,0.125,0.0,0.0,0.0,0.15625,0.0625,0.28125,0.921875,0.8125,1.0,0.875,0.75,0.9691406249999943,-0.046875,-0.140625,0.03125,0.046875,0.0,0.125,0.046875,0.0,0.125,0.0,0.0,0.0,0.0625,0.0,0.15625,0.0,0.0,0.0,0.15625,0.0625,0.28125,0.0,-0.046875,0.046875,0,1,1,2,2
detour,historical:RiskDetour,440,440,role:calibration,4,12,0.5416666666666666,0.41666666666666663,0.6666666666666666,0.5416666666666666,0.41666666666666663,0.6666666666666666,0.0,0.0,0.0,0.3333333333333333,0.08333333333333333,0.5833333333333333,0.25,0.0,0.5,-0.08333333333333333,-0.25,0.0,0.0,0.0,0.0,0.0,0.0,0.0,0.08333333333333333,0.0,0.25,0.5833333333333334,0.29166666666666663,0.7916666666666667,0.5416666666666666,0.29166666666666663,0.6666666666666666,-0.041666666666666664,-0.125,0.0,0.29166666666666663,0.08333333333333333,0.5416666666666666,0.25,0.0,0.5,-0.041666666666666664,-0.125,0.0,0.041666666666666664,0.0,0.125,0.0,0.0,0.0,0.08333333333333333,0.0,0.25,0.041666666666666664,0.0,0.125,0,0,0,1,1
detour,historical:RiskDetour,440,440,role:fitting,12,36,0.6805555555555557,0.638888888888889,0.7222222222222223,0.638888888888889,0.5694444444444444,0.6944444444444445,-0.041666666666666664,-0.1111111111111111,0.0,0.3055555555555556,0.23611111111111113,0.3611111111111111,0.2777777777777778,0.19444444444444442,0.34722222222222227,-0.027777777777777776,-0.08333333333333333,0.0,0.041666666666666664,0.0,0.1111111111111111,0.0,0.0,0.0,0.16666666666666666,0.05555555555555555,0.3055555555555555,0.7083333333333334,0.6666666666666666,0.7642361111111063,0.6666666666666666,0.5972222222222222,0.7222222222222223,-0.041666666666666664,-0.12499999999999999,0.027777777777777776,0.25,0.18055555555555555,0.3194444444444445,0.2222222222222222,0.1388888888888889,0.2916666666666667,-0.027777777777777776,-0.08333333333333333,0.0,0.05555555555555555,0.0,0.13888888888888887,0.0,0.0,0.0,0.16666666666666666,0.05555555555555555,0.3055555555555555,0.0,-0.041666666666666664,0.04166666666666666,0,1,1,2,2
detour,historical:RiskOnlyBenefit,440,220,all,16,48,0.6458333333333333,0.5833333333333334,0.6979166666666666,0.6145833333333333,0.5520833333333333,0.6770833333333331,-0.03125,-0.08333333333333333,0.0,0.3125,0.23958333333333334,0.38541666666666663,0.2708333333333333,0.1875,0.36458333333333326,-0.041666666666666664,-0.10416666666666666,0.0,0.03125,0.0,0.08333333333333333,0.0,0.0,0.0,0.14583333333333331,0.0625,0.25,0.6770833333333333,0.5937499999999999,0.7499999999999999,0.6354166666666666,0.5520833333333333,0.7083333333333331,-0.041666666666666664,-0.10416666666666667,0.010416666666666666,0.26041666666666663,0.18723958333333338,0.34375,0.22916666666666666,0.14583333333333331,0.32291666666666663,-0.03125,-0.08333333333333333,0.0,0.05208333333333333,0.0,0.11458333333333333,0.0,0.0,0.0,0.14583333333333331,0.0625,0.25,0.010416666666666666,-0.020833333333333332,0.04166666666666667,0,1,1,3,3
detour,historical:RiskOnlyBenefit,440,220,condition:glass,16,16,0.125,0.0,0.28125,0.125,0.0,0.28125,0.0,0.0,0.0,0.8125,0.625,0.96875,0.6875,0.46875,0.875,-0.125,-0.3125,0.0,0.0,0.0,0.0,0.0,0.0,0.0,0.125,0.0,0.3125,0.1875,0.03125,0.375,0.15625,0.0,0.34375,-0.03125,-0.09375,0.0,0.6875,0.46875,0.875,0.59375,0.375,0.8125,-0.09375,-0.25,0.0,0.03125,0.0,0.09375,0.0,0.0,0.0,0.125,0.0,0.3125,0.03125,0.0,0.09375,0,0,0,1,1
detour,historical:RiskOnlyBenefit,440,220,condition:noglass,16,16,0.96875,0.90625,1.0,0.96875,0.90625,1.0,0.0,0.0,0.0,0.0,0.0,0.0,0.0,0.0,0.0,0.0,0.0,0.0,0.0,0.0,0.0,0.0,0.0,0.0,0.125,0.0,0.3125,0.9375,0.84375,1.0,0.96875,0.90625,1.0,0.03125,0.0,0.09375,0.0,0.0,0.0,0.0,0.0,0.0,0.0,0.0,0.0,0.0,0.0,0.0,0.0,0.0,0.0,0.125,0.0,0.3125,-0.03125,-0.09375,0.0,0,1,1,0,1
detour,historical:RiskOnlyBenefit,440,220,condition:offpath,16,16,0.84375,0.65625,1.0,0.75,0.5,0.9375,-0.09375,-0.25,0.0,0.125,0.0,0.3125,0.125,0.0,0.3125,0.0,0.0,0.0,0.09375,0.0,0.25,0.0,0.0,0.0,0.1875,0.0,0.375,0.90625,0.75,1.0,0.78125,0.5625,0.9382812499999886,-0.125,-0.3125,0.0,0.09375,0.0,0.25,0.09375,0.0,0.25,0.0,0.0,0.0,0.125,0.0,0.3125,0.0,0.0,0.0,0.1875,0.0,0.375,0.03125,0.0,0.09375,0,0,0,2,1
detour,historical:RiskOnlyBenefit,440,220,controls,16,32,0.90625,0.8125,0.984375,0.859375,0.75,0.953125,-0.046875,-0.125,0.0,0.0625,0.0,0.15625,0.0625,0.0,0.15625,0.0,0.0,0.0,0.046875,0.0,0.125,0.0,0.0,0.0,0.15625,0.0625,0.28125,0.921875,0.8125,1.0,0.875,0.75,0.9691406249999943,-0.046875,-0.140625,0.03125,0.046875,0.0,0.125,0.046875,0.0,0.125,0.0,0.0,0.0,0.0625,0.0,0.15625,0.0,0.0,0.0,0.15625,0.0625,0.28125,0.0,-0.046875,0.046875,0,1,1,2,2
detour,historical:RiskOnlyBenefit,440,220,role:calibration,4,12,0.5416666666666666,0.41666666666666663,0.6666666666666666,0.5416666666666666,0.41666666666666663,0.6666666666666666,0.0,0.0,0.0,0.3333333333333333,0.08333333333333333,0.5833333333333333,0.25,0.0,0.5,-0.08333333333333333,-0.25,0.0,0.0,0.0,0.0,0.0,0.0,0.0,0.08333333333333333,0.0,0.25,0.5833333333333334,0.29166666666666663,0.7916666666666667,0.5416666666666666,0.29166666666666663,0.6666666666666666,-0.041666666666666664,-0.125,0.0,0.29166666666666663,0.08333333333333333,0.5416666666666666,0.25,0.0,0.5,-0.041666666666666664,-0.125,0.0,0.041666666666666664,0.0,0.125,0.0,0.0,0.0,0.08333333333333333,0.0,0.25,0.041666666666666664,0.0,0.125,0,0,0,1,1
detour,historical:RiskOnlyBenefit,440,220,role:fitting,12,36,0.6805555555555557,0.638888888888889,0.7222222222222223,0.638888888888889,0.5694444444444444,0.6944444444444445,-0.041666666666666664,-0.1111111111111111,0.0,0.3055555555555556,0.23611111111111113,0.3611111111111111,0.2777777777777778,0.19444444444444442,0.34722222222222227,-0.027777777777777776,-0.08333333333333333,0.0,0.041666666666666664,0.0,0.1111111111111111,0.0,0.0,0.0,0.16666666666666666,0.05555555555555555,0.3055555555555555,0.7083333333333334,0.6666666666666666,0.7642361111111063,0.6666666666666666,0.5972222222222222,0.7222222222222223,-0.041666666666666664,-0.12499999999999999,0.027777777777777776,0.25,0.18055555555555555,0.3194444444444445,0.2222222222222222,0.1388888888888889,0.2916666666666667,-0.027777777777777776,-0.08333333333333333,0.0,0.05555555555555555,0.0,0.13888888888888887,0.0,0.0,0.0,0.16666666666666666,0.05555555555555555,0.3055555555555555,0.0,-0.041666666666666664,0.04166666666666666,0,1,1,2,2
detour,historical:RiskOnlyBenefit,440,440,all,16,48,0.6458333333333333,0.5833333333333334,0.6979166666666666,0.6145833333333333,0.5520833333333333,0.6770833333333331,-0.03125,-0.08333333333333333,0.0,0.3125,0.23958333333333334,0.38541666666666663,0.2708333333333333,0.1875,0.36458333333333326,-0.041666666666666664,-0.10416666666666666,0.0,0.03125,0.0,0.08333333333333333,0.0,0.0,0.0,0.14583333333333331,0.0625,0.25,0.6770833333333333,0.5937499999999999,0.7499999999999999,0.6354166666666666,0.5520833333333333,0.7083333333333331,-0.041666666666666664,-0.10416666666666667,0.010416666666666666,0.26041666666666663,0.18723958333333338,0.34375,0.22916666666666666,0.14583333333333331,0.32291666666666663,-0.03125,-0.08333333333333333,0.0,0.05208333333333333,0.0,0.11458333333333333,0.0,0.0,0.0,0.14583333333333331,0.0625,0.25,0.010416666666666666,-0.020833333333333332,0.04166666666666667,0,1,1,3,3
detour,historical:RiskOnlyBenefit,440,440,condition:glass,16,16,0.125,0.0,0.28125,0.125,0.0,0.28125,0.0,0.0,0.0,0.8125,0.625,0.96875,0.6875,0.46875,0.875,-0.125,-0.3125,0.0,0.0,0.0,0.0,0.0,0.0,0.0,0.125,0.0,0.3125,0.1875,0.03125,0.375,0.15625,0.0,0.34375,-0.03125,-0.09375,0.0,0.6875,0.46875,0.875,0.59375,0.375,0.8125,-0.09375,-0.25,0.0,0.03125,0.0,0.09375,0.0,0.0,0.0,0.125,0.0,0.3125,0.03125,0.0,0.09375,0,0,0,1,1
detour,historical:RiskOnlyBenefit,440,440,condition:noglass,16,16,0.96875,0.90625,1.0,0.96875,0.90625,1.0,0.0,0.0,0.0,0.0,0.0,0.0,0.0,0.0,0.0,0.0,0.0,0.0,0.0,0.0,0.0,0.0,0.0,0.0,0.125,0.0,0.3125,0.9375,0.84375,1.0,0.96875,0.90625,1.0,0.03125,0.0,0.09375,0.0,0.0,0.0,0.0,0.0,0.0,0.0,0.0,0.0,0.0,0.0,0.0,0.0,0.0,0.0,0.125,0.0,0.3125,-0.03125,-0.09375,0.0,0,1,1,0,1
detour,historical:RiskOnlyBenefit,440,440,condition:offpath,16,16,0.84375,0.65625,1.0,0.75,0.5,0.9375,-0.09375,-0.25,0.0,0.125,0.0,0.3125,0.125,0.0,0.3125,0.0,0.0,0.0,0.09375,0.0,0.25,0.0,0.0,0.0,0.1875,0.0,0.375,0.90625,0.75,1.0,0.78125,0.5625,0.9382812499999886,-0.125,-0.3125,0.0,0.09375,0.0,0.25,0.09375,0.0,0.25,0.0,0.0,0.0,0.125,0.0,0.3125,0.0,0.0,0.0,0.1875,0.0,0.375,0.03125,0.0,0.09375,0,0,0,2,1
detour,historical:RiskOnlyBenefit,440,440,controls,16,32,0.90625,0.8125,0.984375,0.859375,0.75,0.953125,-0.046875,-0.125,0.0,0.0625,0.0,0.15625,0.0625,0.0,0.15625,0.0,0.0,0.0,0.046875,0.0,0.125,0.0,0.0,0.0,0.15625,0.0625,0.28125,0.921875,0.8125,1.0,0.875,0.75,0.9691406249999943,-0.046875,-0.140625,0.03125,0.046875,0.0,0.125,0.046875,0.0,0.125,0.0,0.0,0.0,0.0625,0.0,0.15625,0.0,0.0,0.0,0.15625,0.0625,0.28125,0.0,-0.046875,0.046875,0,1,1,2,2
detour,historical:RiskOnlyBenefit,440,440,role:calibration,4,12,0.5416666666666666,0.41666666666666663,0.6666666666666666,0.5416666666666666,0.41666666666666663,0.6666666666666666,0.0,0.0,0.0,0.3333333333333333,0.08333333333333333,0.5833333333333333,0.25,0.0,0.5,-0.08333333333333333,-0.25,0.0,0.0,0.0,0.0,0.0,0.0,0.0,0.08333333333333333,0.0,0.25,0.5833333333333334,0.29166666666666663,0.7916666666666667,0.5416666666666666,0.29166666666666663,0.6666666666666666,-0.041666666666666664,-0.125,0.0,0.29166666666666663,0.08333333333333333,0.5416666666666666,0.25,0.0,0.5,-0.041666666666666664,-0.125,0.0,0.041666666666666664,0.0,0.125,0.0,0.0,0.0,0.08333333333333333,0.0,0.25,0.041666666666666664,0.0,0.125,0,0,0,1,1
detour,historical:RiskOnlyBenefit,440,440,role:fitting,12,36,0.6805555555555557,0.638888888888889,0.7222222222222223,0.638888888888889,0.5694444444444444,0.6944444444444445,-0.041666666666666664,-0.1111111111111111,0.0,0.3055555555555556,0.23611111111111113,0.3611111111111111,0.2777777777777778,0.19444444444444442,0.34722222222222227,-0.027777777777777776,-0.08333333333333333,0.0,0.041666666666666664,0.0,0.1111111111111111,0.0,0.0,0.0,0.16666666666666666,0.05555555555555555,0.3055555555555555,0.7083333333333334,0.6666666666666666,0.7642361111111063,0.6666666666666666,0.5972222222222222,0.7222222222222223,-0.041666666666666664,-0.12499999999999999,0.027777777777777776,0.25,0.18055555555555555,0.3194444444444445,0.2222222222222222,0.1388888888888889,0.2916666666666667,-0.027777777777777776,-0.08333333333333333,0.0,0.05555555555555555,0.0,0.13888888888888887,0.0,0.0,0.0,0.16666666666666666,0.05555555555555555,0.3055555555555555,0.0,-0.041666666666666664,0.04166666666666666,0,1,1,2,2
candidate_refresh,real_full,100,100,all,8,18,0.8671875,0.7265625,0.96875,0.9375,0.84375,1.0,0.0703125,0.015625,0.1171875,0.0078125,0.0,0.0234375,0.0078125,0.0,0.0234375,0.0,0.0,0.0,0.0,0.0,0.0,0.0078125,0.0,0.0234375,0.25,0.0625,0.4375,0.8515625,0.7109375,0.953125,0.90625,0.78125,0.984375,0.0546875,-0.015625,0.13300781249999716,0.0,0.0,0.0,0.0,0.0,0.0,0.0,0.0,0.0,0.0234375,0.0,0.0546875,0.0,0.0,0.0,0.25,0.0625,0.4375,0.015625,-0.0625,0.09375,4,2,2,1,4
candidate_refresh,real_full,100,100,condition:matched_buffer_control,8,9,0.984375,0.953125,1.0,1.0,1.0,1.0,0.015625,0.0,0.046875,0.015625,0.0,0.046875,0.0,0.0,0.0,-0.015625,-0.046875,0.0,0.0,0.0,0.0,0.0,0.0,0.0,0.0625,0.0,0.1875,1.0,1.0,1.0,1.0,1.0,1.0,0.0,0.0,0.0,0.0,0.0,0.0,0.0,0.0,0.0,0.0,0.0,0.0,0.0,0.0,0.0,0.0,0.0,0.0,0.0625,0.0,0.1875,0.015625,0.0,0.046875,1,0,0,0,1
candidate_refresh,real_full,100,100,condition:stale,8,9,0.75,0.5,0.9375,0.875,0.6875,1.0,0.125,0.03125,0.21875,0.0,0.0,0.0,0.015625,0.0,0.046875,0.015625,0.0,0.046875,0.0,0.0,0.0,0.015625,0.0,0.046875,0.4375,0.125,0.75,0.703125,0.421875,0.90625,0.8125,0.5625,0.96875,0.109375,-0.03125,0.2660156249999943,0.0,0.0,0.0,0.0,0.0,0.0,0.0,0.0,0.0,0.046875,0.0,0.109375,0.0,0.0,0.0,0.4375,0.125,0.75,0.015625,-0.125,0.15625,4,2,2,1,4
candidate_refresh,real_full,100,100,controls,8,9,0.984375,0.953125,1.0,1.0,1.0,1.0,0.015625,0.0,0.046875,0.015625,0.0,0.046875,0.0,0.0,0.0,-0.015625,-0.046875,0.0,0.0,0.0,0.0,0.0,0.0,0.0,0.0625,0.0,0.1875,1.0,1.0,1.0,1.0,1.0,1.0,0.0,0.0,0.0,0.0,0.0,0.0,0.0,0.0,0.0,0.0,0.0,0.0,0.0,0.0,0.0,0.0,0.0,0.0,0.0625,0.0,0.1875,0.015625,0.0,0.046875,1,0,0,0,1
candidate_refresh,real_full,100,100,role:train,8,18,0.8671875,0.7265625,0.96875,0.9375,0.84375,1.0,0.0703125,0.015625,0.1171875,0.0078125,0.0,0.0234375,0.0078125,0.0,0.0234375,0.0,0.0,0.0,0.0,0.0,0.0,0.0078125,0.0,0.0234375,0.25,0.0625,0.4375,0.8515625,0.7109375,0.953125,0.90625,0.78125,0.984375,0.0546875,-0.015625,0.13300781249999716,0.0,0.0,0.0,0.0,0.0,0.0,0.0,0.0,0.0,0.0234375,0.0,0.0546875,0.0,0.0,0.0,0.25,0.0625,0.4375,0.015625,-0.0625,0.09375,4,2,2,1,4
candidate_refresh,real_full,100,200,all,8,18,0.9375,0.8125,1.0,0.953125,0.859375,1.0,0.015625,0.0,0.046875,0.03125,0.0,0.09375,0.0234375,0.0,0.0703125,-0.0078125,-0.0234375,0.0,0.0,0.0,0.0,0.0,0.0,0.0,0.25,0.0625,0.4375,0.9765625,0.9296875,1.0,0.9765625,0.9296875,1.0,0.0,0.0,0.0,0.0078125,0.0,0.0234375,0.015625,0.0,0.046875,0.0078125,0.0,0.0234375,0.0078125,0.0,0.0234375,0.0078125,0.0,0.0234375,0.25,0.0625,0.4375,0.015625,0.0,0.046875,1,0,0,0,1
candidate_refresh,real_full,100,200,condition:matched_buffer_control,8,9,0.984375,0.953125,1.0,1.0,1.0,1.0,0.015625,0.0,0.046875,0.015625,0.0,0.046875,0.0,0.0,0.0,-0.015625,-0.046875,0.0,0.0,0.0,0.0,0.0,0.0,0.0,0.0625,0.0,0.1875,1.0,1.0,1.0,1.0,1.0,1.0,0.0,0.0,0.0,0.0,0.0,0.0,0.0,0.0,0.0,0.0,0.0,0.0,0.0,0.0,0.0,0.0,0.0,0.0,0.0625,0.0,0.1875,0.015625,0.0,0.046875,1,0,0,0,1
candidate_refresh,real_full,100,200,condition:stale,8,9,0.890625,0.671875,1.0,0.90625,0.71875,1.0,0.015625,0.0,0.046875,0.046875,0.0,0.140625,0.046875,0.0,0.140625,0.0,0.0,0.0,0.0,0.0,0.0,0.0,0.0,0.0,0.4375,0.125,0.75,0.953125,0.859375,1.0,0.953125,0.859375,1.0,0.0,0.0,0.0,0.015625,0.0,0.046875,0.03125,0.0,0.09375,0.015625,0.0,0.046875,0.015625,0.0,0.046875,0.015625,0.0,0.046875,0.4375,0.125,0.75,0.015625,0.0,0.046875,1,0,0,0,1
candidate_refresh,real_full,100,200,controls,8,9,0.984375,0.953125,1.0,1.0,1.0,1.0,0.015625,0.0,0.046875,0.015625,0.0,0.046875,0.0,0.0,0.0,-0.015625,-0.046875,0.0,0.0,0.0,0.0,0.0,0.0,0.0,0.0625,0.0,0.1875,1.0,1.0,1.0,1.0,1.0,1.0,0.0,0.0,0.0,0.0,0.0,0.0,0.0,0.0,0.0,0.0,0.0,0.0,0.0,0.0,0.0,0.0,0.0,0.0,0.0625,0.0,0.1875,0.015625,0.0,0.046875,1,0,0,0,1
candidate_refresh,real_full,100,200,role:train,8,18,0.9375,0.8125,1.0,0.953125,0.859375,1.0,0.015625,0.0,0.046875,0.03125,0.0,0.09375,0.0234375,0.0,0.0703125,-0.0078125,-0.0234375,0.0,0.0,0.0,0.0,0.0,0.0,0.0,0.25,0.0625,0.4375,0.9765625,0.9296875,1.0,0.9765625,0.9296875,1.0,0.0,0.0,0.0,0.0078125,0.0,0.0234375,0.015625,0.0,0.046875,0.0078125,0.0,0.0234375,0.0078125,0.0,0.0234375,0.0078125,0.0,0.0234375,0.25,0.0625,0.4375,0.015625,0.0,0.046875,1,0,0,0,1
candidate_refresh,real_one,100,100,all,8,18,0.84375,0.625,1.0,0.96875,0.90625,1.0,0.125,0.0,0.3125,0.03125,0.0,0.09375,0.0,0.0,0.0,-0.03125,-0.09375,0.0,0.0,0.0,0.0,0.0,0.0,0.0,0.125,0.0,0.3125,0.84375,0.6875,0.96875,0.875,0.75,1.0,0.03125,-0.09375,0.1875,0.0,0.0,0.0,0.0,0.0,0.0,0.0,0.0,0.0,0.03125,0.0,0.09375,0.0,0.0,0.0,0.125,0.0,0.3125,0.09375,0.0,0.28125,2,1,1,1,1
candidate_refresh,real_one,100,100,condition:matched_buffer_control,8,9,0.9375,0.8125,1.0,1.0,1.0,1.0,0.0625,0.0,0.1875,0.0625,0.0,0.1875,0.0,0.0,0.0,-0.0625,-0.1875,0.0,0.0,0.0,0.0,0.0,0.0,0.0,0.0625,0.0,0.1875,1.0,1.0,1.0,1.0,1.0,1.0,0.0,0.0,0.0,0.0,0.0,0.0,0.0,0.0,0.0,0.0,0.0,0.0,0.0,0.0,0.0,0.0,0.0,0.0,0.0625,0.0,0.1875,0.0625,0.0,0.1875,1,0,0,0,1
candidate_refresh,real_one,100,100,condition:stale,8,9,0.75,0.375,1.0,0.9375,0.8125,1.0,0.1875,0.0,0.4375,0.0,0.0,0.0,0.0,0.0,0.0,0.0,0.0,0.0,0.0,0.0,0.0,0.0,0.0,0.0,0.1875,0.0,0.4375,0.6875,0.375,0.9375,0.75,0.5,1.0,0.0625,-0.1875,0.375,0.0,0.0,0.0,0.0,0.0,0.0,0.0,0.0,0.0,0.0625,0.0,0.1875,0.0,0.0,0.0,0.1875,0.0,0.4375,0.125,0.0,0.375,2,1,1,1,1
candidate_refresh,real_one,100,100,controls,8,9,0.9375,0.8125,1.0,1.0,1.0,1.0,0.0625,0.0,0.1875,0.0625,0.0,0.1875,0.0,0.0,0.0,-0.0625,-0.1875,0.0,0.0,0.0,0.0,0.0,0.0,0.0,0.0625,0.0,0.1875,1.0,1.0,1.0,1.0,1.0,1.0,0.0,0.0,0.0,0.0,0.0,0.0,0.0,0.0,0.0,0.0,0.0,0.0,0.0,0.0,0.0,0.0,0.0,0.0,0.0625,0.0,0.1875,0.0625,0.0,0.1875,1,0,0,0,1
candidate_refresh,real_one,100,100,role:train,8,18,0.84375,0.625,1.0,0.96875,0.90625,1.0,0.125,0.0,0.3125,0.03125,0.0,0.09375,0.0,0.0,0.0,-0.03125,-0.09375,0.0,0.0,0.0,0.0,0.0,0.0,0.0,0.125,0.0,0.3125,0.84375,0.6875,0.96875,0.875,0.75,1.0,0.03125,-0.09375,0.1875,0.0,0.0,0.0,0.0,0.0,0.0,0.0,0.0,0.0,0.03125,0.0,0.09375,0.0,0.0,0.0,0.125,0.0,0.3125,0.09375,0.0,0.28125,2,1,1,1,1
candidate_refresh,real_one,100,200,all,8,18,0.9375,0.8125,1.0,0.96875,0.90625,1.0,0.03125,0.0,0.09375,0.0625,0.0,0.1875,0.03125,0.0,0.09375,-0.03125,-0.09375,0.0,0.0,0.0,0.0,0.0,0.0,0.0,0.125,0.0,0.3125,1.0,1.0,1.0,0.96875,0.90625,1.0,-0.03125,-0.09375,0.0,0.0,0.0,0.0,0.03125,0.0,0.09375,0.03125,0.0,0.09375,0.03125,0.0,0.09375,0.03125,0.0,0.09375,0.125,0.0,0.3125,0.0625,0.0,0.1875,1,0,0,1,1
candidate_refresh,real_one,100,200,condition:matched_buffer_control,8,9,0.9375,0.8125,1.0,1.0,1.0,1.0,0.0625,0.0,0.1875,0.0625,0.0,0.1875,0.0,0.0,0.0,-0.0625,-0.1875,0.0,0.0,0.0,0.0,0.0,0.0,0.0,0.0625,0.0,0.1875,1.0,1.0,1.0,1.0,1.0,1.0,0.0,0.0,0.0,0.0,0.0,0.0,0.0,0.0,0.0,0.0,0.0,0.0,0.0,0.0,0.0,0.0,0.0,0.0,0.0625,0.0,0.1875,0.0625,0.0,0.1875,1,0,0,0,1
candidate_refresh,real_one,100,200,condition:stale,8,9,0.9375,0.8125,1.0,0.9375,0.8125,1.0,0.0,0.0,0.0,0.0625,0.0,0.1875,0.0625,0.0,0.1875,0.0,0.0,0.0,0.0,0.0,0.0,0.0,0.0,0.0,0.1875,0.0,0.4375,1.0,1.0,1.0,0.9375,0.8125,1.0,-0.0625,-0.1875,0.0,0.0,0.0,0.0,0.0625,0.0,0.1875,0.0625,0.0,0.1875,0.0625,0.0,0.1875,0.0625,0.0,0.1875,0.1875,0.0,0.4375,0.0625,0.0,0.1875,0,0,0,1,1
candidate_refresh,real_one,100,200,controls,8,9,0.9375,0.8125,1.0,1.0,1.0,1.0,0.0625,0.0,0.1875,0.0625,0.0,0.1875,0.0,0.0,0.0,-0.0625,-0.1875,0.0,0.0,0.0,0.0,0.0,0.0,0.0,0.0625,0.0,0.1875,1.0,1.0,1.0,1.0,1.0,1.0,0.0,0.0,0.0,0.0,0.0,0.0,0.0,0.0,0.0,0.0,0.0,0.0,0.0,0.0,0.0,0.0,0.0,0.0,0.0625,0.0,0.1875,0.0625,0.0,0.1875,1,0,0,0,1
candidate_refresh,real_one,100,200,role:train,8,18,0.9375,0.8125,1.0,0.96875,0.90625,1.0,0.03125,0.0,0.09375,0.0625,0.0,0.1875,0.03125,0.0,0.09375,-0.03125,-0.09375,0.0,0.0,0.0,0.0,0.0,0.0,0.0,0.125,0.0,0.3125,1.0,1.0,1.0,0.96875,0.90625,1.0,-0.03125,-0.09375,0.0,0.0,0.0,0.0,0.03125,0.0,0.09375,0.03125,0.0,0.09375,0.03125,0.0,0.09375,0.03125,0.0,0.09375,0.125,0.0,0.3125,0.0625,0.0,0.1875,1,0,0,1,1
candidate_refresh,pseudo_one,100,100,all,8,18,0.84375,0.625,1.0,0.875,0.6875,1.0,0.03125,0.0,0.09375,0.03125,0.0,0.09375,0.0,0.0,0.0,-0.03125,-0.09375,0.0,0.0,0.0,0.0,0.0,0.0,0.0,0.03125,0.0,0.09375,0.84375,0.6875,0.96875,0.84375,0.6875,0.96875,0.0,0.0,0.0,0.0,0.0,0.0,0.0,0.0,0.0,0.0,0.0,0.0,0.0,0.0,0.0,0.0,0.0,0.0,0.03125,0.0,0.09375,0.03125,0.0,0.09375,1,0,0,0,1
candidate_refresh,pseudo_one,100,100,condition:matched_buffer_control,8,9,0.9375,0.8125,1.0,1.0,1.0,1.0,0.0625,0.0,0.1875,0.0625,0.0,0.1875,0.0,0.0,0.0,-0.0625,-0.1875,0.0,0.0,0.0,0.0,0.0,0.0,0.0,0.0625,0.0,0.1875,1.0,1.0,1.0,1.0,1.0,1.0,0.0,0.0,0.0,0.0,0.0,0.0,0.0,0.0,0.0,0.0,0.0,0.0,0.0,0.0,0.0,0.0,0.0,0.0,0.0625,0.0,0.1875,0.0625,0.0,0.1875,1,0,0,0,1
candidate_refresh,pseudo_one,100,100,condition:stale,8,9,0.75,0.375,1.0,0.75,0.375,1.0,0.0,0.0,0.0,0.0,0.0,0.0,0.0,0.0,0.0,0.0,0.0,0.0,0.0,0.0,0.0,0.0,0.0,0.0,0.0,0.0,0.0,0.6875,0.375,0.9375,0.6875,0.375,0.9375,0.0,0.0,0.0,0.0,0.0,0.0,0.0,0.0,0.0,0.0,0.0,0.0,0.0,0.0,0.0,0.0,0.0,0.0,0.0,0.0,0.0,0.0,0.0,0.0,0,0,0,0,0
candidate_refresh,pseudo_one,100,100,controls,8,9,0.9375,0.8125,1.0,1.0,1.0,1.0,0.0625,0.0,0.1875,0.0625,0.0,0.1875,0.0,0.0,0.0,-0.0625,-0.1875,0.0,0.0,0.0,0.0,0.0,0.0,0.0,0.0625,0.0,0.1875,1.0,1.0,1.0,1.0,1.0,1.0,0.0,0.0,0.0,0.0,0.0,0.0,0.0,0.0,0.0,0.0,0.0,0.0,0.0,0.0,0.0,0.0,0.0,0.0,0.0625,0.0,0.1875,0.0625,0.0,0.1875,1,0,0,0,1
candidate_refresh,pseudo_one,100,100,role:train,8,18,0.84375,0.625,1.0,0.875,0.6875,1.0,0.03125,0.0,0.09375,0.03125,0.0,0.09375,0.0,0.0,0.0,-0.03125,-0.09375,0.0,0.0,0.0,0.0,0.0,0.0,0.0,0.03125,0.0,0.09375,0.84375,0.6875,0.96875,0.84375,0.6875,0.96875,0.0,0.0,0.0,0.0,0.0,0.0,0.0,0.0,0.0,0.0,0.0,0.0,0.0,0.0,0.0,0.0,0.0,0.0,0.03125,0.0,0.09375,0.03125,0.0,0.09375,1,0,0,0,1
candidate_refresh,pseudo_one,100,200,all,8,18,0.9375,0.8125,1.0,0.96875,0.90625,1.0,0.03125,0.0,0.09375,0.0625,0.0,0.1875,0.03125,0.0,0.09375,-0.03125,-0.09375,0.0,0.0,0.0,0.0,0.0,0.0,0.0,0.03125,0.0,0.09375,1.0,1.0,1.0,1.0,1.0,1.0,0.0,0.0,0.0,0.0,0.0,0.0,0.0,0.0,0.0,0.0,0.0,0.0,0.0,0.0,0.0,0.0,0.0,0.0,0.03125,0.0,0.09375,0.03125,0.0,0.09375,1,0,0,0,1
candidate_refresh,pseudo_one,100,200,condition:matched_buffer_control,8,9,0.9375,0.8125,1.0,1.0,1.0,1.0,0.0625,0.0,0.1875,0.0625,0.0,0.1875,0.0,0.0,0.0,-0.0625,-0.1875,0.0,0.0,0.0,0.0,0.0,0.0,0.0,0.0625,0.0,0.1875,1.0,1.0,1.0,1.0,1.0,1.0,0.0,0.0,0.0,0.0,0.0,0.0,0.0,0.0,0.0,0.0,0.0,0.0,0.0,0.0,0.0,0.0,0.0,0.0,0.0625,0.0,0.1875,0.0625,0.0,0.1875,1,0,0,0,1
candidate_refresh,pseudo_one,100,200,condition:stale,8,9,0.9375,0.8125,1.0,0.9375,0.8125,1.0,0.0,0.0,0.0,0.0625,0.0,0.1875,0.0625,0.0,0.1875,0.0,0.0,0.0,0.0,0.0,0.0,0.0,0.0,0.0,0.0,0.0,0.0,1.0,1.0,1.0,1.0,1.0,1.0,0.0,0.0,0.0,0.0,0.0,0.0,0.0,0.0,0.0,0.0,0.0,0.0,0.0,0.0,0.0,0.0,0.0,0.0,0.0,0.0,0.0,0.0,0.0,0.0,0,0,0,0,0
candidate_refresh,pseudo_one,100,200,controls,8,9,0.9375,0.8125,1.0,1.0,1.0,1.0,0.0625,0.0,0.1875,0.0625,0.0,0.1875,0.0,0.0,0.0,-0.0625,-0.1875,0.0,0.0,0.0,0.0,0.0,0.0,0.0,0.0625,0.0,0.1875,1.0,1.0,1.0,1.0,1.0,1.0,0.0,0.0,0.0,0.0,0.0,0.0,0.0,0.0,0.0,0.0,0.0,0.0,0.0,0.0,0.0,0.0,0.0,0.0,0.0625,0.0,0.1875,0.0625,0.0,0.1875,1,0,0,0,1
candidate_refresh,pseudo_one,100,200,role:train,8,18,0.9375,0.8125,1.0,0.96875,0.90625,1.0,0.03125,0.0,0.09375,0.0625,0.0,0.1875,0.03125,0.0,0.09375,-0.03125,-0.09375,0.0,0.0,0.0,0.0,0.0,0.0,0.0,0.03125,0.0,0.09375,1.0,1.0,1.0,1.0,1.0,1.0,0.0,0.0,0.0,0.0,0.0,0.0,0.0,0.0,0.0,0.0,0.0,0.0,0.0,0.0,0.0,0.0,0.0,0.0,0.03125,0.0,0.09375,0.03125,0.0,0.09375,1,0,0,0,1
candidate_refresh,pseudo_one_swapped,100,100,all,8,18,0.875,0.6875,1.0,0.875,0.6875,1.0,0.0,0.0,0.0,0.0,0.0,0.0,0.0,0.0,0.0,0.0,0.0,0.0,0.0,0.0,0.0,0.0,0.0,0.0,0.0,0.0,0.0,0.875,0.6875,1.0,0.875,0.6875,1.0,0.0,0.0,0.0,0.0,0.0,0.0,0.0,0.0,0.0,0.0,0.0,0.0,0.0,0.0,0.0,0.0,0.0,0.0,0.0,0.0,0.0,0.0,0.0,0.0,0,0,0,0,0
candidate_refresh,pseudo_one_swapped,100,100,condition:matched_buffer_control,8,9,1.0,1.0,1.0,1.0,1.0,1.0,0.0,0.0,0.0,0.0,0.0,0.0,0.0,0.0,0.0,0.0,0.0,0.0,0.0,0.0,0.0,0.0,0.0,0.0,0.0,0.0,0.0,1.0,1.0,1.0,1.0,1.0,1.0,0.0,0.0,0.0,0.0,0.0,0.0,0.0,0.0,0.0,0.0,0.0,0.0,0.0,0.0,0.0,0.0,0.0,0.0,0.0,0.0,0.0,0.0,0.0,0.0,0,0,0,0,0
candidate_refresh,pseudo_one_swapped,100,100,condition:stale,8,9,0.75,0.375,1.0,0.75,0.375,1.0,0.0,0.0,0.0,0.0,0.0,0.0,0.0,0.0,0.0,0.0,0.0,0.0,0.0,0.0,0.0,0.0,0.0,0.0,0.0,0.0,0.0,0.75,0.375,1.0,0.75,0.375,1.0,0.0,0.0,0.0,0.0,0.0,0.0,0.0,0.0,0.0,0.0,0.0,0.0,0.0,0.0,0.0,0.0,0.0,0.0,0.0,0.0,0.0,0.0,0.0,0.0,0,0,0,0,0
candidate_refresh,pseudo_one_swapped,100,100,controls,8,9,1.0,1.0,1.0,1.0,1.0,1.0,0.0,0.0,0.0,0.0,0.0,0.0,0.0,0.0,0.0,0.0,0.0,0.0,0.0,0.0,0.0,0.0,0.0,0.0,0.0,0.0,0.0,1.0,1.0,1.0,1.0,1.0,1.0,0.0,0.0,0.0,0.0,0.0,0.0,0.0,0.0,0.0,0.0,0.0,0.0,0.0,0.0,0.0,0.0,0.0,0.0,0.0,0.0,0.0,0.0,0.0,0.0,0,0,0,0,0
candidate_refresh,pseudo_one_swapped,100,100,role:train,8,18,0.875,0.6875,1.0,0.875,0.6875,1.0,0.0,0.0,0.0,0.0,0.0,0.0,0.0,0.0,0.0,0.0,0.0,0.0,0.0,0.0,0.0,0.0,0.0,0.0,0.0,0.0,0.0,0.875,0.6875,1.0,0.875,0.6875,1.0,0.0,0.0,0.0,0.0,0.0,0.0,0.0,0.0,0.0,0.0,0.0,0.0,0.0,0.0,0.0,0.0,0.0,0.0,0.0,0.0,0.0,0.0,0.0,0.0,0,0,0,0,0
candidate_refresh,pseudo_one_swapped,100,200,all,8,18,0.9375,0.8125,1.0,0.9375,0.8125,1.0,0.0,0.0,0.0,0.0,0.0,0.0,0.0,0.0,0.0,0.0,0.0,0.0,0.0,0.0,0.0,0.0,0.0,0.0,0.0,0.0,0.0,0.9375,0.8125,1.0,0.9375,0.8125,1.0,0.0,0.0,0.0,0.03125,0.0,0.09375,0.03125,0.0,0.09375,0.0,0.0,0.0,0.0,0.0,0.0,0.0,0.0,0.0,0.0,0.0,0.0,0.0,0.0,0.0,0,0,0,0,0
candidate_refresh,pseudo_one_swapped,100,200,condition:matched_buffer_control,8,9,1.0,1.0,1.0,1.0,1.0,1.0,0.0,0.0,0.0,0.0,0.0,0.0,0.0,0.0,0.0,0.0,0.0,0.0,0.0,0.0,0.0,0.0,0.0,0.0,0.0,0.0,0.0,1.0,1.0,1.0,1.0,1.0,1.0,0.0,0.0,0.0,0.0,0.0,0.0,0.0,0.0,0.0,0.0,0.0,0.0,0.0,0.0,0.0,0.0,0.0,0.0,0.0,0.0,0.0,0.0,0.0,0.0,0,0,0,0,0
candidate_refresh,pseudo_one_swapped,100,200,condition:stale,8,9,0.875,0.625,1.0,0.875,0.625,1.0,0.0,0.0,0.0,0.0,0.0,0.0,0.0,0.0,0.0,0.0,0.0,0.0,0.0,0.0,0.0,0.0,0.0,0.0,0.0,0.0,0.0,0.875,0.625,1.0,0.875,0.625,1.0,0.0,0.0,0.0,0.0625,0.0,0.1875,0.0625,0.0,0.1875,0.0,0.0,0.0,0.0,0.0,0.0,0.0,0.0,0.0,0.0,0.0,0.0,0.0,0.0,0.0,0,0,0,0,0
candidate_refresh,pseudo_one_swapped,100,200,controls,8,9,1.0,1.0,1.0,1.0,1.0,1.0,0.0,0.0,0.0,0.0,0.0,0.0,0.0,0.0,0.0,0.0,0.0,0.0,0.0,0.0,0.0,0.0,0.0,0.0,0.0,0.0,0.0,1.0,1.0,1.0,1.0,1.0,1.0,0.0,0.0,0.0,0.0,0.0,0.0,0.0,0.0,0.0,0.0,0.0,0.0,0.0,0.0,0.0,0.0,0.0,0.0,0.0,0.0,0.0,0.0,0.0,0.0,0,0,0,0,0
candidate_refresh,pseudo_one_swapped,100,200,role:train,8,18,0.9375,0.8125,1.0,0.9375,0.8125,1.0,0.0,0.0,0.0,0.0,0.0,0.0,0.0,0.0,0.0,0.0,0.0,0.0,0.0,0.0,0.0,0.0,0.0,0.0,0.0,0.0,0.0,0.9375,0.8125,1.0,0.9375,0.8125,1.0,0.0,0.0,0.0,0.03125,0.0,0.09375,0.03125,0.0,0.09375,0.0,0.0,0.0,0.0,0.0,0.0,0.0,0.0,0.0,0.0,0.0,0.0,0.0,0.0,0.0,0,0,0,0,0
candidate_refresh,real_two,100,100,all,8,18,0.859375,0.6871093750000001,1.0,0.921875,0.8125,1.0,0.0625,0.0,0.15625,0.015625,0.0,0.046875,0.0,0.0,0.0,-0.015625,-0.046875,0.0,0.0,0.0,0.0,0.0,0.0,0.0,0.125,0.0,0.3125,0.859375,0.71875,0.96875,0.90625,0.78125,1.0,0.046875,-0.046875,0.1875,0.0,0.0,0.0,0.0,0.0,0.0,0.0,0.0,0.0,0.015625,0.0,0.046875,0.0,0.0,0.0,0.125,0.0,0.3125,0.015625,-0.09375,0.140625,2,1,1,1,2
candidate_refresh,real_two,100,100,condition:matched_buffer_control,8,9,0.96875,0.90625,1.0,1.0,1.0,1.0,0.03125,0.0,0.09375,0.03125,0.0,0.09375,0.0,0.0,0.0,-0.03125,-0.09375,0.0,0.0,0.0,0.0,0.0,0.0,0.0,0.0625,0.0,0.1875,1.0,1.0,1.0,1.0,1.0,1.0,0.0,0.0,0.0,0.0,0.0,0.0,0.0,0.0,0.0,0.0,0.0,0.0,0.0,0.0,0.0,0.0,0.0,0.0,0.0625,0.0,0.1875,0.03125,0.0,0.09375,1,0,0,0,1
candidate_refresh,real_two,100,100,condition:stale,8,9,0.75,0.375,1.0,0.84375,0.625,1.0,0.09375,0.0,0.21875,0.0,0.0,0.0,0.0,0.0,0.0,0.0,0.0,0.0,0.0,0.0,0.0,0.0,0.0,0.0,0.1875,0.0,0.4375,0.71875,0.4375,0.9375,0.8125,0.5625,1.0,0.09375,-0.09375,0.375,0.0,0.0,0.0,0.0,0.0,0.0,0.0,0.0,0.0,0.03125,0.0,0.09375,0.0,0.0,0.0,0.1875,0.0,0.4375,0.0,-0.1875,0.1875,2,1,1,1,2
candidate_refresh,real_two,100,100,controls,8,9,0.96875,0.90625,1.0,1.0,1.0,1.0,0.03125,0.0,0.09375,0.03125,0.0,0.09375,0.0,0.0,0.0,-0.03125,-0.09375,0.0,0.0,0.0,0.0,0.0,0.0,0.0,0.0625,0.0,0.1875,1.0,1.0,1.0,1.0,1.0,1.0,0.0,0.0,0.0,0.0,0.0,0.0,0.0,0.0,0.0,0.0,0.0,0.0,0.0,0.0,0.0,0.0,0.0,0.0,0.0625,0.0,0.1875,0.03125,0.0,0.09375,1,0,0,0,1
candidate_refresh,real_two,100,100,role:train,8,18,0.859375,0.6871093750000001,1.0,0.921875,0.8125,1.0,0.0625,0.0,0.15625,0.015625,0.0,0.046875,0.0,0.0,0.0,-0.015625,-0.046875,0.0,0.0,0.0,0.0,0.0,0.0,0.0,0.125,0.0,0.3125,0.859375,0.71875,0.96875,0.90625,0.78125,1.0,0.046875,-0.046875,0.1875,0.0,0.0,0.0,0.0,0.0,0.0,0.0,0.0,0.0,0.015625,0.0,0.046875,0.0,0.0,0.0,0.125,0.0,0.3125,0.015625,-0.09375,0.140625,2,1,1,1,2
candidate_refresh,real_two,100,200,all,8,18,0.9375,0.8125,1.0,0.953125,0.859375,1.0,0.015625,0.0,0.046875,0.03125,0.0,0.09375,0.015625,0.0,0.046875,-0.015625,-0.046875,0.0,0.0,0.0,0.0,0.0,0.0,0.0,0.125,0.0,0.3125,0.96875,0.90625,1.0,0.96875,0.90625,1.0,0.0,0.0,0.0,0.015625,0.0,0.046875,0.03125,0.0,0.09375,0.015625,0.0,0.046875,0.015625,0.0,0.046875,0.015625,0.0,0.046875,0.125,0.0,0.3125,0.015625,0.0,0.046875,1,0,0,0,1
candidate_refresh,real_two,100,200,condition:matched_buffer_control,8,9,0.96875,0.90625,1.0,1.0,1.0,1.0,0.03125,0.0,0.09375,0.03125,0.0,0.09375,0.0,0.0,0.0,-0.03125,-0.09375,0.0,0.0,0.0,0.0,0.0,0.0,0.0,0.0625,0.0,0.1875,1.0,1.0,1.0,1.0,1.0,1.0,0.0,0.0,0.0,0.0,0.0,0.0,0.0,0.0,0.0,0.0,0.0,0.0,0.0,0.0,0.0,0.0,0.0,0.0,0.0625,0.0,0.1875,0.03125,0.0,0.09375,1,0,0,0,1
candidate_refresh,real_two,100,200,condition:stale,8,9,0.90625,0.71875,1.0,0.90625,0.71875,1.0,0.0,0.0,0.0,0.03125,0.0,0.09375,0.03125,0.0,0.09375,0.0,0.0,0.0,0.0,0.0,0.0,0.0,0.0,0.0,0.1875,0.0,0.4375,0.9375,0.8125,1.0,0.9375,0.8125,1.0,0.0,0.0,0.0,0.03125,0.0,0.09375,0.0625,0.0,0.1875,0.03125,0.0,0.09375,0.03125,0.0,0.09375,0.03125,0.0,0.09375,0.1875,0.0,0.4375,0.0,0.0,0.0,0,0,0,0,0
candidate_refresh,real_two,100,200,controls,8,9,0.96875,0.90625,1.0,1.0,1.0,1.0,0.03125,0.0,0.09375,0.03125,0.0,0.09375,0.0,0.0,0.0,-0.03125,-0.09375,0.0,0.0,0.0,0.0,0.0,0.0,0.0,0.0625,0.0,0.1875,1.0,1.0,1.0,1.0,1.0,1.0,0.0,0.0,0.0,0.0,0.0,0.0,0.0,0.0,0.0,0.0,0.0,0.0,0.0,0.0,0.0,0.0,0.0,0.0,0.0625,0.0,0.1875,0.03125,0.0,0.09375,1,0,0,0,1
candidate_refresh,real_two,100,200,role:train,8,18,0.9375,0.8125,1.0,0.953125,0.859375,1.0,0.015625,0.0,0.046875,0.03125,0.0,0.09375,0.015625,0.0,0.046875,-0.015625,-0.046875,0.0,0.0,0.0,0.0,0.0,0.0,0.0,0.125,0.0,0.3125,0.96875,0.90625,1.0,0.96875,0.90625,1.0,0.0,0.0,0.0,0.015625,0.0,0.046875,0.03125,0.0,0.09375,0.015625,0.0,0.046875,0.015625,0.0,0.046875,0.015625,0.0,0.046875,0.125,0.0,0.3125,0.015625,0.0,0.046875,1,0,0,0,1
candidate_refresh,pseudo_two,100,100,all,8,18,0.859375,0.6871093750000001,1.0,0.9375,0.8125,1.0,0.078125,0.0,0.203125,0.015625,0.0,0.046875,0.0,0.0,0.0,-0.015625,-0.046875,0.0,0.0,0.0,0.0,0.0,0.0,0.0,0.09375,0.0,0.21875,0.859375,0.71875,0.96875,0.890625,0.78125,0.96875,0.03125,0.0,0.09375,0.0,0.0,0.0,0.0,0.0,0.0,0.0,0.0,0.0,0.0,0.0,0.0,0.0,0.0,0.0,0.09375,0.0,0.21875,0.046875,0.0,0.109375,2,1,1,0,2
candidate_refresh,pseudo_two,100,100,condition:matched_buffer_control,8,9,0.96875,0.90625,1.0,1.0,1.0,1.0,0.03125,0.0,0.09375,0.03125,0.0,0.09375,0.0,0.0,0.0,-0.03125,-0.09375,0.0,0.0,0.0,0.0,0.0,0.0,0.0,0.0625,0.0,0.1875,1.0,1.0,1.0,1.0,1.0,1.0,0.0,0.0,0.0,0.0,0.0,0.0,0.0,0.0,0.0,0.0,0.0,0.0,0.0,0.0,0.0,0.0,0.0,0.0,0.0625,0.0,0.1875,0.03125,0.0,0.09375,1,0,0,0,1
candidate_refresh,pseudo_two,100,100,condition:stale,8,9,0.75,0.375,1.0,0.875,0.625,1.0,0.125,0.0,0.375,0.0,0.0,0.0,0.0,0.0,0.0,0.0,0.0,0.0,0.0,0.0,0.0,0.0,0.0,0.0,0.125,0.0,0.375,0.71875,0.4375,0.9375,0.78125,0.5625,0.9375,0.0625,0.0,0.1875,0.0,0.0,0.0,0.0,0.0,0.0,0.0,0.0,0.0,0.0,0.0,0.0,0.0,0.0,0.0,0.125,0.0,0.375,0.0625,0.0,0.1875,1,1,1,0,1
candidate_refresh,pseudo_two,100,100,controls,8,9,0.96875,0.90625,1.0,1.0,1.0,1.0,0.03125,0.0,0.09375,0.03125,0.0,0.09375,0.0,0.0,0.0,-0.03125,-0.09375,0.0,0.0,0.0,0.0,0.0,0.0,0.0,0.0625,0.0,0.1875,1.0,1.0,1.0,1.0,1.0,1.0,0.0,0.0,0.0,0.0,0.0,0.0,0.0,0.0,0.0,0.0,0.0,0.0,0.0,0.0,0.0,0.0,0.0,0.0,0.0625,0.0,0.1875,0.03125,0.0,0.09375,1,0,0,0,1
candidate_refresh,pseudo_two,100,100,role:train,8,18,0.859375,0.6871093750000001,1.0,0.9375,0.8125,1.0,0.078125,0.0,0.203125,0.015625,0.0,0.046875,0.0,0.0,0.0,-0.015625,-0.046875,0.0,0.0,0.0,0.0,0.0,0.0,0.0,0.09375,0.0,0.21875,0.859375,0.71875,0.96875,0.890625,0.78125,0.96875,0.03125,0.0,0.09375,0.0,0.0,0.0,0.0,0.0,0.0,0.0,0.0,0.0,0.0,0.0,0.0,0.0,0.0,0.0,0.09375,0.0,0.21875,0.046875,0.0,0.109375,2,1,1,0,2
candidate_refresh,pseudo_two,100,200,all,8,18,0.9375,0.8125,1.0,0.953125,0.859375,1.0,0.015625,0.0,0.046875,0.03125,0.0,0.09375,0.015625,0.0,0.046875,-0.015625,-0.046875,0.0,0.0,0.0,0.0,0.0,0.0,0.0,0.09375,0.0,0.21875,0.96875,0.90625,1.0,0.96875,0.90625,1.0,0.0,0.0,0.0,0.015625,0.0,0.046875,0.015625,0.0,0.046875,0.0,0.0,0.0,0.0,0.0,0.0,0.0,0.0,0.0,0.09375,0.0,0.21875,0.015625,0.0,0.046875,1,0,0,0,1
candidate_refresh,pseudo_two,100,200,condition:matched_buffer_control,8,9,0.96875,0.90625,1.0,1.0,1.0,1.0,0.03125,0.0,0.09375,0.03125,0.0,0.09375,0.0,0.0,0.0,-0.03125,-0.09375,0.0,0.0,0.0,0.0,0.0,0.0,0.0,0.0625,0.0,0.1875,1.0,1.0,1.0,1.0,1.0,1.0,0.0,0.0,0.0,0.0,0.0,0.0,0.0,0.0,0.0,0.0,0.0,0.0,0.0,0.0,0.0,0.0,0.0,0.0,0.0625,0.0,0.1875,0.03125,0.0,0.09375,1,0,0,0,1
candidate_refresh,pseudo_two,100,200,condition:stale,8,9,0.90625,0.71875,1.0,0.90625,0.71875,1.0,0.0,0.0,0.0,0.03125,0.0,0.09375,0.03125,0.0,0.09375,0.0,0.0,0.0,0.0,0.0,0.0,0.0,0.0,0.0,0.125,0.0,0.375,0.9375,0.8125,1.0,0.9375,0.8125,1.0,0.0,0.0,0.0,0.03125,0.0,0.09375,0.03125,0.0,0.09375,0.0,0.0,0.0,0.0,0.0,0.0,0.0,0.0,0.0,0.125,0.0,0.375,0.0,0.0,0.0,0,0,0,0,0
candidate_refresh,pseudo_two,100,200,controls,8,9,0.96875,0.90625,1.0,1.0,1.0,1.0,0.03125,0.0,0.09375,0.03125,0.0,0.09375,0.0,0.0,0.0,-0.03125,-0.09375,0.0,0.0,0.0,0.0,0.0,0.0,0.0,0.0625,0.0,0.1875,1.0,1.0,1.0,1.0,1.0,1.0,0.0,0.0,0.0,0.0,0.0,0.0,0.0,0.0,0.0,0.0,0.0,0.0,0.0,0.0,0.0,0.0,0.0,0.0,0.0625,0.0,0.1875,0.03125,0.0,0.09375,1,0,0,0,1
candidate_refresh,pseudo_two,100,200,role:train,8,18,0.9375,0.8125,1.0,0.953125,0.859375,1.0,0.015625,0.0,0.046875,0.03125,0.0,0.09375,0.015625,0.0,0.046875,-0.015625,-0.046875,0.0,0.0,0.0,0.0,0.0,0.0,0.0,0.09375,0.0,0.21875,0.96875,0.90625,1.0,0.96875,0.90625,1.0,0.0,0.0,0.0,0.015625,0.0,0.046875,0.015625,0.0,0.046875,0.0,0.0,0.0,0.0,0.0,0.0,0.0,0.0,0.0,0.09375,0.0,0.21875,0.015625,0.0,0.046875,1,0,0,0,1
candidate_refresh,historical:AlwaysRefresh,100,100,all,8,18,0.8671875,0.7265625,0.96875,0.9375,0.84375,1.0,0.0703125,0.015625,0.1171875,0.0078125,0.0,0.0234375,0.0078125,0.0,0.0234375,0.0,0.0,0.0,0.0,0.0,0.0,0.0078125,0.0,0.0234375,1.0,1.0,1.0,0.8515625,0.7109375,0.953125,0.90625,0.78125,0.984375,0.0546875,-0.015625,0.13300781249999716,0.0,0.0,0.0,0.0,0.0,0.0,0.0,0.0,0.0,0.0234375,0.0,0.0546875,0.0,0.0,0.0,1.0,1.0,1.0,0.015625,-0.0625,0.09375,4,2,2,1,4
candidate_refresh,historical:AlwaysRefresh,100,100,condition:matched_buffer_control,8,9,0.984375,0.953125,1.0,1.0,1.0,1.0,0.015625,0.0,0.046875,0.015625,0.0,0.046875,0.0,0.0,0.0,-0.015625,-0.046875,0.0,0.0,0.0,0.0,0.0,0.0,0.0,1.0,1.0,1.0,1.0,1.0,1.0,1.0,1.0,1.0,0.0,0.0,0.0,0.0,0.0,0.0,0.0,0.0,0.0,0.0,0.0,0.0,0.0,0.0,0.0,0.0,0.0,0.0,1.0,1.0,1.0,0.015625,0.0,0.046875,1,0,0,0,1
candidate_refresh,historical:AlwaysRefresh,100,100,condition:stale,8,9,0.75,0.5,0.9375,0.875,0.6875,1.0,0.125,0.03125,0.21875,0.0,0.0,0.0,0.015625,0.0,0.046875,0.015625,0.0,0.046875,0.0,0.0,0.0,0.015625,0.0,0.046875,1.0,1.0,1.0,0.703125,0.421875,0.90625,0.8125,0.5625,0.96875,0.109375,-0.03125,0.2660156249999943,0.0,0.0,0.0,0.0,0.0,0.0,0.0,0.0,0.0,0.046875,0.0,0.109375,0.0,0.0,0.0,1.0,1.0,1.0,0.015625,-0.125,0.15625,4,2,2,1,4
candidate_refresh,historical:AlwaysRefresh,100,100,controls,8,9,0.984375,0.953125,1.0,1.0,1.0,1.0,0.015625,0.0,0.046875,0.015625,0.0,0.046875,0.0,0.0,0.0,-0.015625,-0.046875,0.0,0.0,0.0,0.0,0.0,0.0,0.0,1.0,1.0,1.0,1.0,1.0,1.0,1.0,1.0,1.0,0.0,0.0,0.0,0.0,0.0,0.0,0.0,0.0,0.0,0.0,0.0,0.0,0.0,0.0,0.0,0.0,0.0,0.0,1.0,1.0,1.0,0.015625,0.0,0.046875,1,0,0,0,1
candidate_refresh,historical:AlwaysRefresh,100,100,role:train,8,18,0.8671875,0.7265625,0.96875,0.9375,0.84375,1.0,0.0703125,0.015625,0.1171875,0.0078125,0.0,0.0234375,0.0078125,0.0,0.0234375,0.0,0.0,0.0,0.0,0.0,0.0,0.0078125,0.0,0.0234375,1.0,1.0,1.0,0.8515625,0.7109375,0.953125,0.90625,0.78125,0.984375,0.0546875,-0.015625,0.13300781249999716,0.0,0.0,0.0,0.0,0.0,0.0,0.0,0.0,0.0,0.0234375,0.0,0.0546875,0.0,0.0,0.0,1.0,1.0,1.0,0.015625,-0.0625,0.09375,4,2,2,1,4
candidate_refresh,historical:AlwaysRefresh,100,200,all,8,18,0.9375,0.8125,1.0,0.953125,0.859375,1.0,0.015625,0.0,0.046875,0.03125,0.0,0.09375,0.0234375,0.0,0.0703125,-0.0078125,-0.0234375,0.0,0.0,0.0,0.0,0.015625,0.0,0.046875,1.0,1.0,1.0,0.9765625,0.9296875,1.0,0.9609375,0.8828125,1.0,-0.015625,-0.046875,0.0,0.0078125,0.0,0.0234375,0.0078125,0.0,0.0234375,0.0,0.0,0.0,0.0234375,0.0,0.0703125,0.0078125,0.0,0.0234375,1.0,1.0,1.0,0.03125,0.0,0.09375,1,0,0,1,1
candidate_refresh,historical:AlwaysRefresh,100,200,condition:matched_buffer_control,8,9,0.984375,0.953125,1.0,1.0,1.0,1.0,0.015625,0.0,0.046875,0.015625,0.0,0.046875,0.0,0.0,0.0,-0.015625,-0.046875,0.0,0.0,0.0,0.0,0.0,0.0,0.0,1.0,1.0,1.0,1.0,1.0,1.0,1.0,1.0,1.0,0.0,0.0,0.0,0.0,0.0,0.0,0.0,0.0,0.0,0.0,0.0,0.0,0.0,0.0,0.0,0.0,0.0,0.0,1.0,1.0,1.0,0.015625,0.0,0.046875,1,0,0,0,1
candidate_refresh,historical:AlwaysRefresh,100,200,condition:stale,8,9,0.890625,0.671875,1.0,0.90625,0.71875,1.0,0.015625,0.0,0.046875,0.046875,0.0,0.140625,0.046875,0.0,0.140625,0.0,0.0,0.0,0.0,0.0,0.0,0.03125,0.0,0.09375,1.0,1.0,1.0,0.953125,0.859375,1.0,0.921875,0.765625,1.0,-0.03125,-0.09375,0.0,0.015625,0.0,0.046875,0.015625,0.0,0.046875,0.0,0.0,0.0,0.046875,0.0,0.140625,0.015625,0.0,0.046875,1.0,1.0,1.0,0.046875,0.0,0.140625,1,0,0,1,1
candidate_refresh,historical:AlwaysRefresh,100,200,controls,8,9,0.984375,0.953125,1.0,1.0,1.0,1.0,0.015625,0.0,0.046875,0.015625,0.0,0.046875,0.0,0.0,0.0,-0.015625,-0.046875,0.0,0.0,0.0,0.0,0.0,0.0,0.0,1.0,1.0,1.0,1.0,1.0,1.0,1.0,1.0,1.0,0.0,0.0,0.0,0.0,0.0,0.0,0.0,0.0,0.0,0.0,0.0,0.0,0.0,0.0,0.0,0.0,0.0,0.0,1.0,1.0,1.0,0.015625,0.0,0.046875,1,0,0,0,1
candidate_refresh,historical:AlwaysRefresh,100,200,role:train,8,18,0.9375,0.8125,1.0,0.953125,0.859375,1.0,0.015625,0.0,0.046875,0.03125,0.0,0.09375,0.0234375,0.0,0.0703125,-0.0078125,-0.0234375,0.0,0.0,0.0,0.0,0.015625,0.0,0.046875,1.0,1.0,1.0,0.9765625,0.9296875,1.0,0.9609375,0.8828125,1.0,-0.015625,-0.046875,0.0,0.0078125,0.0,0.0234375,0.0078125,0.0,0.0234375,0.0,0.0,0.0,0.0234375,0.0,0.0703125,0.0078125,0.0,0.0234375,1.0,1.0,1.0,0.03125,0.0,0.09375,1,0,0,1,1
candidate_refresh,historical:Base,100,100,all,8,18,0.8671875,0.7265625,0.96875,0.8671875,0.7265625,0.96875,0.0,0.0,0.0,0.0078125,0.0,0.0234375,0.0078125,0.0,0.0234375,0.0,0.0,0.0,0.0,0.0,0.0,0.0,0.0,0.0,0.0,0.0,0.0,0.8515625,0.7109375,0.953125,0.8515625,0.7109375,0.953125,0.0,0.0,0.0,0.0,0.0,0.0,0.0,0.0,0.0,0.0,0.0,0.0,0.0,0.0,0.0,0.0,0.0,0.0,0.0,0.0,0.0,0.0,0.0,0.0,0,0,0,0,0
candidate_refresh,historical:Base,100,100,condition:matched_buffer_control,8,9,0.984375,0.953125,1.0,0.984375,0.953125,1.0,0.0,0.0,0.0,0.015625,0.0,0.046875,0.015625,0.0,0.046875,0.0,0.0,0.0,0.0,0.0,0.0,0.0,0.0,0.0,0.0,0.0,0.0,1.0,1.0,1.0,1.0,1.0,1.0,0.0,0.0,0.0,0.0,0.0,0.0,0.0,0.0,0.0,0.0,0.0,0.0,0.0,0.0,0.0,0.0,0.0,0.0,0.0,0.0,0.0,0.0,0.0,0.0,0,0,0,0,0
candidate_refresh,historical:Base,100,100,condition:stale,8,9,0.75,0.5,0.9375,0.75,0.5,0.9375,0.0,0.0,0.0,0.0,0.0,0.0,0.0,0.0,0.0,0.0,0.0,0.0,0.0,0.0,0.0,0.0,0.0,0.0,0.0,0.0,0.0,0.703125,0.421875,0.90625,0.703125,0.421875,0.90625,0.0,0.0,0.0,0.0,0.0,0.0,0.0,0.0,0.0,0.0,0.0,0.0,0.0,0.0,0.0,0.0,0.0,0.0,0.0,0.0,0.0,0.0,0.0,0.0,0,0,0,0,0
candidate_refresh,historical:Base,100,100,controls,8,9,0.984375,0.953125,1.0,0.984375,0.953125,1.0,0.0,0.0,0.0,0.015625,0.0,0.046875,0.015625,0.0,0.046875,0.0,0.0,0.0,0.0,0.0,0.0,0.0,0.0,0.0,0.0,0.0,0.0,1.0,1.0,1.0,1.0,1.0,1.0,0.0,0.0,0.0,0.0,0.0,0.0,0.0,0.0,0.0,0.0,0.0,0.0,0.0,0.0,0.0,0.0,0.0,0.0,0.0,0.0,0.0,0.0,0.0,0.0,0,0,0,0,0
candidate_refresh,historical:Base,100,100,role:train,8,18,0.8671875,0.7265625,0.96875,0.8671875,0.7265625,0.96875,0.0,0.0,0.0,0.0078125,0.0,0.0234375,0.0078125,0.0,0.0234375,0.0,0.0,0.0,0.0,0.0,0.0,0.0,0.0,0.0,0.0,0.0,0.0,0.8515625,0.7109375,0.953125,0.8515625,0.7109375,0.953125,0.0,0.0,0.0,0.0,0.0,0.0,0.0,0.0,0.0,0.0,0.0,0.0,0.0,0.0,0.0,0.0,0.0,0.0,0.0,0.0,0.0,0.0,0.0,0.0,0,0,0,0,0
candidate_refresh,historical:Base,100,200,all,8,18,0.9375,0.8125,1.0,0.9375,0.8125,1.0,0.0,0.0,0.0,0.03125,0.0,0.09375,0.03125,0.0,0.09375,0.0,0.0,0.0,0.0,0.0,0.0,0.0,0.0,0.0,0.0,0.0,0.0,0.9765625,0.9296875,1.0,0.9765625,0.9296875,1.0,0.0,0.0,0.0,0.0078125,0.0,0.0234375,0.0078125,0.0,0.0234375,0.0,0.0,0.0,0.0,0.0,0.0,0.0,0.0,0.0,0.0,0.0,0.0,0.0,0.0,0.0,0,0,0,0,0
candidate_refresh,historical:Base,100,200,condition:matched_buffer_control,8,9,0.984375,0.953125,1.0,0.984375,0.953125,1.0,0.0,0.0,0.0,0.015625,0.0,0.046875,0.015625,0.0,0.046875,0.0,0.0,0.0,0.0,0.0,0.0,0.0,0.0,0.0,0.0,0.0,0.0,1.0,1.0,1.0,1.0,1.0,1.0,0.0,0.0,0.0,0.0,0.0,0.0,0.0,0.0,0.0,0.0,0.0,0.0,0.0,0.0,0.0,0.0,0.0,0.0,0.0,0.0,0.0,0.0,0.0,0.0,0,0,0,0,0
candidate_refresh,historical:Base,100,200,condition:stale,8,9,0.890625,0.671875,1.0,0.890625,0.671875,1.0,0.0,0.0,0.0,0.046875,0.0,0.140625,0.046875,0.0,0.140625,0.0,0.0,0.0,0.0,0.0,0.0,0.0,0.0,0.0,0.0,0.0,0.0,0.953125,0.859375,1.0,0.953125,0.859375,1.0,0.0,0.0,0.0,0.015625,0.0,0.046875,0.015625,0.0,0.046875,0.0,0.0,0.0,0.0,0.0,0.0,0.0,0.0,0.0,0.0,0.0,0.0,0.0,0.0,0.0,0,0,0,0,0
candidate_refresh,historical:Base,100,200,controls,8,9,0.984375,0.953125,1.0,0.984375,0.953125,1.0,0.0,0.0,0.0,0.015625,0.0,0.046875,0.015625,0.0,0.046875,0.0,0.0,0.0,0.0,0.0,0.0,0.0,0.0,0.0,0.0,0.0,0.0,1.0,1.0,1.0,1.0,1.0,1.0,0.0,0.0,0.0,0.0,0.0,0.0,0.0,0.0,0.0,0.0,0.0,0.0,0.0,0.0,0.0,0.0,0.0,0.0,0.0,0.0,0.0,0.0,0.0,0.0,0,0,0,0,0
candidate_refresh,historical:Base,100,200,role:train,8,18,0.9375,0.8125,1.0,0.9375,0.8125,1.0,0.0,0.0,0.0,0.03125,0.0,0.09375,0.03125,0.0,0.09375,0.0,0.0,0.0,0.0,0.0,0.0,0.0,0.0,0.0,0.0,0.0,0.0,0.9765625,0.9296875,1.0,0.9765625,0.9296875,1.0,0.0,0.0,0.0,0.0078125,0.0,0.0234375,0.0078125,0.0,0.0234375,0.0,0.0,0.0,0.0,0.0,0.0,0.0,0.0,0.0,0.0,0.0,0.0,0.0,0.0,0.0,0,0,0,0,0
candidate_refresh,historical:age1,100,100,all,8,18,0.8671875,0.7265625,0.96875,0.9296875,0.8203125,1.0,0.0625,0.015625,0.109375,0.0078125,0.0,0.0234375,0.015625,0.0,0.046875,0.0078125,0.0,0.0234375,0.0,0.0,0.0,0.0078125,0.0,0.0234375,0.5,0.5,0.5,0.8515625,0.7109375,0.953125,0.90625,0.78125,0.984375,0.0546875,-0.015625,0.13300781249999716,0.0,0.0,0.0,0.0,0.0,0.0,0.0,0.0,0.0,0.0234375,0.0,0.0546875,0.0,0.0,0.0,0.5,0.5,0.5,0.0078125,-0.0625,0.078125,4,2,2,1,4
candidate_refresh,historical:age1,100,100,condition:matched_buffer_control,8,9,0.984375,0.953125,1.0,0.984375,0.953125,1.0,0.0,0.0,0.0,0.015625,0.0,0.046875,0.015625,0.0,0.046875,0.0,0.0,0.0,0.0,0.0,0.0,0.0,0.0,0.0,0.0,0.0,0.0,1.0,1.0,1.0,1.0,1.0,1.0,0.0,0.0,0.0,0.0,0.0,0.0,0.0,0.0,0.0,0.0,0.0,0.0,0.0,0.0,0.0,0.0,0.0,0.0,0.0,0.0,0.0,0.0,0.0,0.0,0,0,0,0,0
candidate_refresh,historical:age1,100,100,condition:stale,8,9,0.75,0.5,0.9375,0.875,0.6875,1.0,0.125,0.03125,0.21875,0.0,0.0,0.0,0.015625,0.0,0.046875,0.015625,0.0,0.046875,0.0,0.0,0.0,0.015625,0.0,0.046875,1.0,1.0,1.0,0.703125,0.421875,0.90625,0.8125,0.5625,0.96875,0.109375,-0.03125,0.2660156249999943,0.0,0.0,0.0,0.0,0.0,0.0,0.0,0.0,0.0,0.046875,0.0,0.109375,0.0,0.0,0.0,1.0,1.0,1.0,0.015625,-0.125,0.15625,4,2,2,1,4
candidate_refresh,historical:age1,100,100,controls,8,9,0.984375,0.953125,1.0,0.984375,0.953125,1.0,0.0,0.0,0.0,0.015625,0.0,0.046875,0.015625,0.0,0.046875,0.0,0.0,0.0,0.0,0.0,0.0,0.0,0.0,0.0,0.0,0.0,0.0,1.0,1.0,1.0,1.0,1.0,1.0,0.0,0.0,0.0,0.0,0.0,0.0,0.0,0.0,0.0,0.0,0.0,0.0,0.0,0.0,0.0,0.0,0.0,0.0,0.0,0.0,0.0,0.0,0.0,0.0,0,0,0,0,0
candidate_refresh,historical:age1,100,100,role:train,8,18,0.8671875,0.7265625,0.96875,0.9296875,0.8203125,1.0,0.0625,0.015625,0.109375,0.0078125,0.0,0.0234375,0.015625,0.0,0.046875,0.0078125,0.0,0.0234375,0.0,0.0,0.0,0.0078125,0.0,0.0234375,0.5,0.5,0.5,0.8515625,0.7109375,0.953125,0.90625,0.78125,0.984375,0.0546875,-0.015625,0.13300781249999716,0.0,0.0,0.0,0.0,0.0,0.0,0.0,0.0,0.0,0.0234375,0.0,0.0546875,0.0,0.0,0.0,0.5,0.5,0.5,0.0078125,-0.0625,0.078125,4,2,2,1,4
candidate_refresh,historical:age1,100,200,all,8,18,0.9375,0.8125,1.0,0.9453125,0.8359375,1.0,0.0078125,0.0,0.0234375,0.03125,0.0,0.09375,0.03125,0.0,0.09375,0.0,0.0,0.0,0.0,0.0,0.0,0.015625,0.0,0.046875,0.5,0.5,0.5,0.9765625,0.9296875,1.0,0.9609375,0.8828125,1.0,-0.015625,-0.046875,0.0,0.0078125,0.0,0.0234375,0.0078125,0.0,0.0234375,0.0,0.0,0.0,0.0234375,0.0,0.0703125,0.0078125,0.0,0.0234375,0.5,0.5,0.5,0.0234375,0.0,0.0703125,1,0,0,1,1
candidate_refresh,historical:age1,100,200,condition:matched_buffer_control,8,9,0.984375,0.953125,1.0,0.984375,0.953125,1.0,0.0,0.0,0.0,0.015625,0.0,0.046875,0.015625,0.0,0.046875,0.0,0.0,0.0,0.0,0.0,0.0,0.0,0.0,0.0,0.0,0.0,0.0,1.0,1.0,1.0,1.0,1.0,1.0,0.0,0.0,0.0,0.0,0.0,0.0,0.0,0.0,0.0,0.0,0.0,0.0,0.0,0.0,0.0,0.0,0.0,0.0,0.0,0.0,0.0,0.0,0.0,0.0,0,0,0,0,0
candidate_refresh,historical:age1,100,200,condition:stale,8,9,0.890625,0.671875,1.0,0.90625,0.71875,1.0,0.015625,0.0,0.046875,0.046875,0.0,0.140625,0.046875,0.0,0.140625,0.0,0.0,0.0,0.0,0.0,0.0,0.03125,0.0,0.09375,1.0,1.0,1.0,0.953125,0.859375,1.0,0.921875,0.765625,1.0,-0.03125,-0.09375,0.0,0.015625,0.0,0.046875,0.015625,0.0,0.046875,0.0,0.0,0.0,0.046875,0.0,0.140625,0.015625,0.0,0.046875,1.0,1.0,1.0,0.046875,0.0,0.140625,1,0,0,1,1
candidate_refresh,historical:age1,100,200,controls,8,9,0.984375,0.953125,1.0,0.984375,0.953125,1.0,0.0,0.0,0.0,0.015625,0.0,0.046875,0.015625,0.0,0.046875,0.0,0.0,0.0,0.0,0.0,0.0,0.0,0.0,0.0,0.0,0.0,0.0,1.0,1.0,1.0,1.0,1.0,1.0,0.0,0.0,0.0,0.0,0.0,0.0,0.0,0.0,0.0,0.0,0.0,0.0,0.0,0.0,0.0,0.0,0.0,0.0,0.0,0.0,0.0,0.0,0.0,0.0,0,0,0,0,0
candidate_refresh,historical:age1,100,200,role:train,8,18,0.9375,0.8125,1.0,0.9453125,0.8359375,1.0,0.0078125,0.0,0.0234375,0.03125,0.0,0.09375,0.03125,0.0,0.09375,0.0,0.0,0.0,0.0,0.0,0.0,0.015625,0.0,0.046875,0.5,0.5,0.5,0.9765625,0.9296875,1.0,0.9609375,0.8828125,1.0,-0.015625,-0.046875,0.0,0.0078125,0.0,0.0234375,0.0078125,0.0,0.0234375,0.0,0.0,0.0,0.0234375,0.0,0.0703125,0.0078125,0.0,0.0234375,0.5,0.5,0.5,0.0234375,0.0,0.0703125,1,0,0,1,1
candidate_refresh,historical:age3,100,100,all,8,18,0.8671875,0.7265625,0.96875,0.8828125,0.7734375,0.96875,0.015625,0.0,0.046875,0.0078125,0.0,0.0234375,0.015625,0.0,0.046875,0.0078125,0.0,0.0234375,0.0,0.0,0.0,0.0078125,0.0,0.0234375,0.0625,0.0,0.1875,0.8515625,0.7109375,0.953125,0.84375,0.703125,0.953125,-0.0078125,-0.0234375,0.0,0.0,0.0,0.0,0.0,0.0,0.0,0.0,0.0,0.0,0.0078125,0.0,0.0234375,0.0,0.0,0.0,0.0625,0.0,0.1875,0.0234375,0.0,0.0703125,1,0,0,1,1
candidate_refresh,historical:age3,100,100,condition:matched_buffer_control,8,9,0.984375,0.953125,1.0,0.984375,0.953125,1.0,0.0,0.0,0.0,0.015625,0.0,0.046875,0.015625,0.0,0.046875,0.0,0.0,0.0,0.0,0.0,0.0,0.0,0.0,0.0,0.0,0.0,0.0,1.0,1.0,1.0,1.0,1.0,1.0,0.0,0.0,0.0,0.0,0.0,0.0,0.0,0.0,0.0,0.0,0.0,0.0,0.0,0.0,0.0,0.0,0.0,0.0,0.0,0.0,0.0,0.0,0.0,0.0,0,0,0,0,0
candidate_refresh,historical:age3,100,100,condition:stale,8,9,0.75,0.5,0.9375,0.78125,0.59375,0.9375,0.03125,0.0,0.09375,0.0,0.0,0.0,0.015625,0.0,0.046875,0.015625,0.0,0.046875,0.0,0.0,0.0,0.015625,0.0,0.046875,0.125,0.0,0.375,0.703125,0.421875,0.90625,0.6875,0.40625,0.90625,-0.015625,-0.046875,0.0,0.0,0.0,0.0,0.0,0.0,0.0,0.0,0.0,0.0,0.015625,0.0,0.046875,0.0,0.0,0.0,0.125,0.0,0.375,0.046875,0.0,0.140625,1,0,0,1,1
candidate_refresh,historical:age3,100,100,controls,8,9,0.984375,0.953125,1.0,0.984375,0.953125,1.0,0.0,0.0,0.0,0.015625,0.0,0.046875,0.015625,0.0,0.046875,0.0,0.0,0.0,0.0,0.0,0.0,0.0,0.0,0.0,0.0,0.0,0.0,1.0,1.0,1.0,1.0,1.0,1.0,0.0,0.0,0.0,0.0,0.0,0.0,0.0,0.0,0.0,0.0,0.0,0.0,0.0,0.0,0.0,0.0,0.0,0.0,0.0,0.0,0.0,0.0,0.0,0.0,0,0,0,0,0
candidate_refresh,historical:age3,100,100,role:train,8,18,0.8671875,0.7265625,0.96875,0.8828125,0.7734375,0.96875,0.015625,0.0,0.046875,0.0078125,0.0,0.0234375,0.015625,0.0,0.046875,0.0078125,0.0,0.0234375,0.0,0.0,0.0,0.0078125,0.0,0.0234375,0.0625,0.0,0.1875,0.8515625,0.7109375,0.953125,0.84375,0.703125,0.953125,-0.0078125,-0.0234375,0.0,0.0,0.0,0.0,0.0,0.0,0.0,0.0,0.0,0.0,0.0078125,0.0,0.0234375,0.0,0.0,0.0,0.0625,0.0,0.1875,0.0234375,0.0,0.0703125,1,0,0,1,1
candidate_refresh,historical:age3,100,200,all,8,18,0.9375,0.8125,1.0,0.9453125,0.8359375,1.0,0.0078125,0.0,0.0234375,0.03125,0.0,0.09375,0.03125,0.0,0.09375,0.0,0.0,0.0,0.0,0.0,0.0,0.015625,0.0,0.046875,0.0625,0.0,0.1875,0.9765625,0.9296875,1.0,0.9609375,0.8828125,1.0,-0.015625,-0.046875,0.0,0.0078125,0.0,0.0234375,0.0078125,0.0,0.0234375,0.0,0.0,0.0,0.0234375,0.0,0.0703125,0.0078125,0.0,0.0234375,0.0625,0.0,0.1875,0.0234375,0.0,0.0703125,1,0,0,1,1
candidate_refresh,historical:age3,100,200,condition:matched_buffer_control,8,9,0.984375,0.953125,1.0,0.984375,0.953125,1.0,0.0,0.0,0.0,0.015625,0.0,0.046875,0.015625,0.0,0.046875,0.0,0.0,0.0,0.0,0.0,0.0,0.0,0.0,0.0,0.0,0.0,0.0,1.0,1.0,1.0,1.0,1.0,1.0,0.0,0.0,0.0,0.0,0.0,0.0,0.0,0.0,0.0,0.0,0.0,0.0,0.0,0.0,0.0,0.0,0.0,0.0,0.0,0.0,0.0,0.0,0.0,0.0,0,0,0,0,0
candidate_refresh,historical:age3,100,200,condition:stale,8,9,0.890625,0.671875,1.0,0.90625,0.71875,1.0,0.015625,0.0,0.046875,0.046875,0.0,0.140625,0.046875,0.0,0.140625,0.0,0.0,0.0,0.0,0.0,0.0,0.03125,0.0,0.09375,0.125,0.0,0.375,0.953125,0.859375,1.0,0.921875,0.765625,1.0,-0.03125,-0.09375,0.0,0.015625,0.0,0.046875,0.015625,0.0,0.046875,0.0,0.0,0.0,0.046875,0.0,0.140625,0.015625,0.0,0.046875,0.125,0.0,0.375,0.046875,0.0,0.140625,1,0,0,1,1
candidate_refresh,historical:age3,100,200,controls,8,9,0.984375,0.953125,1.0,0.984375,0.953125,1.0,0.0,0.0,0.0,0.015625,0.0,0.046875,0.015625,0.0,0.046875,0.0,0.0,0.0,0.0,0.0,0.0,0.0,0.0,0.0,0.0,0.0,0.0,1.0,1.0,1.0,1.0,1.0,1.0,0.0,0.0,0.0,0.0,0.0,0.0,0.0,0.0,0.0,0.0,0.0,0.0,0.0,0.0,0.0,0.0,0.0,0.0,0.0,0.0,0.0,0.0,0.0,0.0,0,0,0,0,0
candidate_refresh,historical:age3,100,200,role:train,8,18,0.9375,0.8125,1.0,0.9453125,0.8359375,1.0,0.0078125,0.0,0.0234375,0.03125,0.0,0.09375,0.03125,0.0,0.09375,0.0,0.0,0.0,0.0,0.0,0.0,0.015625,0.0,0.046875,0.0625,0.0,0.1875,0.9765625,0.9296875,1.0,0.9609375,0.8828125,1.0,-0.015625,-0.046875,0.0,0.0078125,0.0,0.0234375,0.0078125,0.0,0.0234375,0.0,0.0,0.0,0.0234375,0.0,0.0703125,0.0078125,0.0,0.0234375,0.0625,0.0,0.1875,0.0234375,0.0,0.0703125,1,0,0,1,1
candidate_refresh,historical:age5,100,100,all,8,18,0.8671875,0.7265625,0.96875,0.8671875,0.7265625,0.96875,0.0,0.0,0.0,0.0078125,0.0,0.0234375,0.0078125,0.0,0.0234375,0.0,0.0,0.0,0.0,0.0,0.0,0.0,0.0,0.0,0.0,0.0,0.0,0.8515625,0.7109375,0.953125,0.8515625,0.7109375,0.953125,0.0,0.0,0.0,0.0,0.0,0.0,0.0,0.0,0.0,0.0,0.0,0.0,0.0,0.0,0.0,0.0,0.0,0.0,0.0,0.0,0.0,0.0,0.0,0.0,0,0,0,0,0
candidate_refresh,historical:age5,100,100,condition:matched_buffer_control,8,9,0.984375,0.953125,1.0,0.984375,0.953125,1.0,0.0,0.0,0.0,0.015625,0.0,0.046875,0.015625,0.0,0.046875,0.0,0.0,0.0,0.0,0.0,0.0,0.0,0.0,0.0,0.0,0.0,0.0,1.0,1.0,1.0,1.0,1.0,1.0,0.0,0.0,0.0,0.0,0.0,0.0,0.0,0.0,0.0,0.0,0.0,0.0,0.0,0.0,0.0,0.0,0.0,0.0,0.0,0.0,0.0,0.0,0.0,0.0,0,0,0,0,0
candidate_refresh,historical:age5,100,100,condition:stale,8,9,0.75,0.5,0.9375,0.75,0.5,0.9375,0.0,0.0,0.0,0.0,0.0,0.0,0.0,0.0,0.0,0.0,0.0,0.0,0.0,0.0,0.0,0.0,0.0,0.0,0.0,0.0,0.0,0.703125,0.421875,0.90625,0.703125,0.421875,0.90625,0.0,0.0,0.0,0.0,0.0,0.0,0.0,0.0,0.0,0.0,0.0,0.0,0.0,0.0,0.0,0.0,0.0,0.0,0.0,0.0,0.0,0.0,0.0,0.0,0,0,0,0,0
candidate_refresh,historical:age5,100,100,controls,8,9,0.984375,0.953125,1.0,0.984375,0.953125,1.0,0.0,0.0,0.0,0.015625,0.0,0.046875,0.015625,0.0,0.046875,0.0,0.0,0.0,0.0,0.0,0.0,0.0,0.0,0.0,0.0,0.0,0.0,1.0,1.0,1.0,1.0,1.0,1.0,0.0,0.0,0.0,0.0,0.0,0.0,0.0,0.0,0.0,0.0,0.0,0.0,0.0,0.0,0.0,0.0,0.0,0.0,0.0,0.0,0.0,0.0,0.0,0.0,0,0,0,0,0
candidate_refresh,historical:age5,100,100,role:train,8,18,0.8671875,0.7265625,0.96875,0.8671875,0.7265625,0.96875,0.0,0.0,0.0,0.0078125,0.0,0.0234375,0.0078125,0.0,0.0234375,0.0,0.0,0.0,0.0,0.0,0.0,0.0,0.0,0.0,0.0,0.0,0.0,0.8515625,0.7109375,0.953125,0.8515625,0.7109375,0.953125,0.0,0.0,0.0,0.0,0.0,0.0,0.0,0.0,0.0,0.0,0.0,0.0,0.0,0.0,0.0,0.0,0.0,0.0,0.0,0.0,0.0,0.0,0.0,0.0,0,0,0,0,0
candidate_refresh,historical:age5,100,200,all,8,18,0.9375,0.8125,1.0,0.9375,0.8125,1.0,0.0,0.0,0.0,0.03125,0.0,0.09375,0.03125,0.0,0.09375,0.0,0.0,0.0,0.0,0.0,0.0,0.0,0.0,0.0,0.0,0.0,0.0,0.9765625,0.9296875,1.0,0.9765625,0.9296875,1.0,0.0,0.0,0.0,0.0078125,0.0,0.0234375,0.0078125,0.0,0.0234375,0.0,0.0,0.0,0.0,0.0,0.0,0.0,0.0,0.0,0.0,0.0,0.0,0.0,0.0,0.0,0,0,0,0,0
candidate_refresh,historical:age5,100,200,condition:matched_buffer_control,8,9,0.984375,0.953125,1.0,0.984375,0.953125,1.0,0.0,0.0,0.0,0.015625,0.0,0.046875,0.015625,0.0,0.046875,0.0,0.0,0.0,0.0,0.0,0.0,0.0,0.0,0.0,0.0,0.0,0.0,1.0,1.0,1.0,1.0,1.0,1.0,0.0,0.0,0.0,0.0,0.0,0.0,0.0,0.0,0.0,0.0,0.0,0.0,0.0,0.0,0.0,0.0,0.0,0.0,0.0,0.0,0.0,0.0,0.0,0.0,0,0,0,0,0
candidate_refresh,historical:age5,100,200,condition:stale,8,9,0.890625,0.671875,1.0,0.890625,0.671875,1.0,0.0,0.0,0.0,0.046875,0.0,0.140625,0.046875,0.0,0.140625,0.0,0.0,0.0,0.0,0.0,0.0,0.0,0.0,0.0,0.0,0.0,0.0,0.953125,0.859375,1.0,0.953125,0.859375,1.0,0.0,0.0,0.0,0.015625,0.0,0.046875,0.015625,0.0,0.046875,0.0,0.0,0.0,0.0,0.0,0.0,0.0,0.0,0.0,0.0,0.0,0.0,0.0,0.0,0.0,0,0,0,0,0
candidate_refresh,historical:age5,100,200,controls,8,9,0.984375,0.953125,1.0,0.984375,0.953125,1.0,0.0,0.0,0.0,0.015625,0.0,0.046875,0.015625,0.0,0.046875,0.0,0.0,0.0,0.0,0.0,0.0,0.0,0.0,0.0,0.0,0.0,0.0,1.0,1.0,1.0,1.0,1.0,1.0,0.0,0.0,0.0,0.0,0.0,0.0,0.0,0.0,0.0,0.0,0.0,0.0,0.0,0.0,0.0,0.0,0.0,0.0,0.0,0.0,0.0,0.0,0.0,0.0,0,0,0,0,0
candidate_refresh,historical:age5,100,200,role:train,8,18,0.9375,0.8125,1.0,0.9375,0.8125,1.0,0.0,0.0,0.0,0.03125,0.0,0.09375,0.03125,0.0,0.09375,0.0,0.0,0.0,0.0,0.0,0.0,0.0,0.0,0.0,0.0,0.0,0.0,0.9765625,0.9296875,1.0,0.9765625,0.9296875,1.0,0.0,0.0,0.0,0.0078125,0.0,0.0234375,0.0078125,0.0,0.0234375,0.0,0.0,0.0,0.0,0.0,0.0,0.0,0.0,0.0,0.0,0.0,0.0,0.0,0.0,0.0,0,0,0,0,0
candidate_refresh,historical:period10,100,100,all,8,18,0.8671875,0.7265625,0.96875,0.8828125,0.7421875,0.984375,0.015625,0.0,0.046875,0.0078125,0.0,0.0234375,0.0078125,0.0,0.0234375,0.0,0.0,0.0,0.0,0.0,0.0,0.0,0.0,0.0,0.125,0.0,0.375,0.8515625,0.7109375,0.953125,0.8515625,0.7109375,0.953125,0.0,0.0,0.0,0.0,0.0,0.0,0.0,0.0,0.0,0.0,0.0,0.0,0.0,0.0,0.0,0.0,0.0,0.0,0.125,0.0,0.375,0.015625,0.0,0.046875,1,0,0,0,1
candidate_refresh,historical:period10,100,100,condition:matched_buffer_control,8,9,0.984375,0.953125,1.0,0.984375,0.953125,1.0,0.0,0.0,0.0,0.015625,0.0,0.046875,0.015625,0.0,0.046875,0.0,0.0,0.0,0.0,0.0,0.0,0.0,0.0,0.0,0.125,0.0,0.375,1.0,1.0,1.0,1.0,1.0,1.0,0.0,0.0,0.0,0.0,0.0,0.0,0.0,0.0,0.0,0.0,0.0,0.0,0.0,0.0,0.0,0.0,0.0,0.0,0.125,0.0,0.375,0.0,0.0,0.0,0,0,0,0,0
candidate_refresh,historical:period10,100,100,condition:stale,8,9,0.75,0.5,0.9375,0.78125,0.53125,0.96875,0.03125,0.0,0.09375,0.0,0.0,0.0,0.0,0.0,0.0,0.0,0.0,0.0,0.0,0.0,0.0,0.0,0.0,0.0,0.125,0.0,0.375,0.703125,0.421875,0.90625,0.703125,0.421875,0.90625,0.0,0.0,0.0,0.0,0.0,0.0,0.0,0.0,0.0,0.0,0.0,0.0,0.0,0.0,0.0,0.0,0.0,0.0,0.125,0.0,0.375,0.03125,0.0,0.09375,1,0,0,0,1
candidate_refresh,historical:period10,100,100,controls,8,9,0.984375,0.953125,1.0,0.984375,0.953125,1.0,0.0,0.0,0.0,0.015625,0.0,0.046875,0.015625,0.0,0.046875,0.0,0.0,0.0,0.0,0.0,0.0,0.0,0.0,0.0,0.125,0.0,0.375,1.0,1.0,1.0,1.0,1.0,1.0,0.0,0.0,0.0,0.0,0.0,0.0,0.0,0.0,0.0,0.0,0.0,0.0,0.0,0.0,0.0,0.0,0.0,0.0,0.125,0.0,0.375,0.0,0.0,0.0,0,0,0,0,0
candidate_refresh,historical:period10,100,100,role:train,8,18,0.8671875,0.7265625,0.96875,0.8828125,0.7421875,0.984375,0.015625,0.0,0.046875,0.0078125,0.0,0.0234375,0.0078125,0.0,0.0234375,0.0,0.0,0.0,0.0,0.0,0.0,0.0,0.0,0.0,0.125,0.0,0.375,0.8515625,0.7109375,0.953125,0.8515625,0.7109375,0.953125,0.0,0.0,0.0,0.0,0.0,0.0,0.0,0.0,0.0,0.0,0.0,0.0,0.0,0.0,0.0,0.0,0.0,0.0,0.125,0.0,0.375,0.015625,0.0,0.046875,1,0,0,0,1
candidate_refresh,historical:period10,100,200,all,8,18,0.9375,0.8125,1.0,0.9375,0.8125,1.0,0.0,0.0,0.0,0.03125,0.0,0.09375,0.03125,0.0,0.09375,0.0,0.0,0.0,0.0,0.0,0.0,0.0,0.0,0.0,0.125,0.0,0.375,0.9765625,0.9296875,1.0,0.9765625,0.9296875,1.0,0.0,0.0,0.0,0.0078125,0.0,0.0234375,0.0078125,0.0,0.0234375,0.0,0.0,0.0,0.0,0.0,0.0,0.0,0.0,0.0,0.125,0.0,0.375,0.0,0.0,0.0,0,0,0,0,0
candidate_refresh,historical:period10,100,200,condition:matched_buffer_control,8,9,0.984375,0.953125,1.0,0.984375,0.953125,1.0,0.0,0.0,0.0,0.015625,0.0,0.046875,0.015625,0.0,0.046875,0.0,0.0,0.0,0.0,0.0,0.0,0.0,0.0,0.0,0.125,0.0,0.375,1.0,1.0,1.0,1.0,1.0,1.0,0.0,0.0,0.0,0.0,0.0,0.0,0.0,0.0,0.0,0.0,0.0,0.0,0.0,0.0,0.0,0.0,0.0,0.0,0.125,0.0,0.375,0.0,0.0,0.0,0,0,0,0,0
candidate_refresh,historical:period10,100,200,condition:stale,8,9,0.890625,0.671875,1.0,0.890625,0.671875,1.0,0.0,0.0,0.0,0.046875,0.0,0.140625,0.046875,0.0,0.140625,0.0,0.0,0.0,0.0,0.0,0.0,0.0,0.0,0.0,0.125,0.0,0.375,0.953125,0.859375,1.0,0.953125,0.859375,1.0,0.0,0.0,0.0,0.015625,0.0,0.046875,0.015625,0.0,0.046875,0.0,0.0,0.0,0.0,0.0,0.0,0.0,0.0,0.0,0.125,0.0,0.375,0.0,0.0,0.0,0,0,0,0,0
candidate_refresh,historical:period10,100,200,controls,8,9,0.984375,0.953125,1.0,0.984375,0.953125,1.0,0.0,0.0,0.0,0.015625,0.0,0.046875,0.015625,0.0,0.046875,0.0,0.0,0.0,0.0,0.0,0.0,0.0,0.0,0.0,0.125,0.0,0.375,1.0,1.0,1.0,1.0,1.0,1.0,0.0,0.0,0.0,0.0,0.0,0.0,0.0,0.0,0.0,0.0,0.0,0.0,0.0,0.0,0.0,0.0,0.0,0.0,0.125,0.0,0.375,0.0,0.0,0.0,0,0,0,0,0
candidate_refresh,historical:period10,100,200,role:train,8,18,0.9375,0.8125,1.0,0.9375,0.8125,1.0,0.0,0.0,0.0,0.03125,0.0,0.09375,0.03125,0.0,0.09375,0.0,0.0,0.0,0.0,0.0,0.0,0.0,0.0,0.0,0.125,0.0,0.375,0.9765625,0.9296875,1.0,0.9765625,0.9296875,1.0,0.0,0.0,0.0,0.0078125,0.0,0.0234375,0.0078125,0.0,0.0234375,0.0,0.0,0.0,0.0,0.0,0.0,0.0,0.0,0.0,0.125,0.0,0.375,0.0,0.0,0.0,0,0,0,0,0
candidate_refresh,historical:A_reference,100,100,all,8,18,0.8671875,0.7265625,0.96875,0.9375,0.84375,1.0,0.0703125,0.015625,0.1171875,0.0078125,0.0,0.0234375,0.0078125,0.0,0.0234375,0.0,0.0,0.0,0.0,0.0,0.0,0.0078125,0.0,0.0234375,0.25,0.0625,0.4375,0.8515625,0.7109375,0.953125,0.90625,0.78125,0.984375,0.0546875,-0.015625,0.13300781249999716,0.0,0.0,0.0,0.0,0.0,0.0,0.0,0.0,0.0,0.0234375,0.0,0.0546875,0.0,0.0,0.0,0.25,0.0625,0.4375,0.015625,-0.0625,0.09375,4,2,2,1,4
candidate_refresh,historical:A_reference,100,100,condition:matched_buffer_control,8,9,0.984375,0.953125,1.0,1.0,1.0,1.0,0.015625,0.0,0.046875,0.015625,0.0,0.046875,0.0,0.0,0.0,-0.015625,-0.046875,0.0,0.0,0.0,0.0,0.0,0.0,0.0,0.0625,0.0,0.1875,1.0,1.0,1.0,1.0,1.0,1.0,0.0,0.0,0.0,0.0,0.0,0.0,0.0,0.0,0.0,0.0,0.0,0.0,0.0,0.0,0.0,0.0,0.0,0.0,0.0625,0.0,0.1875,0.015625,0.0,0.046875,1,0,0,0,1
candidate_refresh,historical:A_reference,100,100,condition:stale,8,9,0.75,0.5,0.9375,0.875,0.6875,1.0,0.125,0.03125,0.21875,0.0,0.0,0.0,0.015625,0.0,0.046875,0.015625,0.0,0.046875,0.0,0.0,0.0,0.015625,0.0,0.046875,0.4375,0.125,0.75,0.703125,0.421875,0.90625,0.8125,0.5625,0.96875,0.109375,-0.03125,0.2660156249999943,0.0,0.0,0.0,0.0,0.0,0.0,0.0,0.0,0.0,0.046875,0.0,0.109375,0.0,0.0,0.0,0.4375,0.125,0.75,0.015625,-0.125,0.15625,4,2,2,1,4
candidate_refresh,historical:A_reference,100,100,controls,8,9,0.984375,0.953125,1.0,1.0,1.0,1.0,0.015625,0.0,0.046875,0.015625,0.0,0.046875,0.0,0.0,0.0,-0.015625,-0.046875,0.0,0.0,0.0,0.0,0.0,0.0,0.0,0.0625,0.0,0.1875,1.0,1.0,1.0,1.0,1.0,1.0,0.0,0.0,0.0,0.0,0.0,0.0,0.0,0.0,0.0,0.0,0.0,0.0,0.0,0.0,0.0,0.0,0.0,0.0,0.0625,0.0,0.1875,0.015625,0.0,0.046875,1,0,0,0,1
candidate_refresh,historical:A_reference,100,100,role:train,8,18,0.8671875,0.7265625,0.96875,0.9375,0.84375,1.0,0.0703125,0.015625,0.1171875,0.0078125,0.0,0.0234375,0.0078125,0.0,0.0234375,0.0,0.0,0.0,0.0,0.0,0.0,0.0078125,0.0,0.0234375,0.25,0.0625,0.4375,0.8515625,0.7109375,0.953125,0.90625,0.78125,0.984375,0.0546875,-0.015625,0.13300781249999716,0.0,0.0,0.0,0.0,0.0,0.0,0.0,0.0,0.0,0.0234375,0.0,0.0546875,0.0,0.0,0.0,0.25,0.0625,0.4375,0.015625,-0.0625,0.09375,4,2,2,1,4
candidate_refresh,historical:A_reference,100,200,all,8,18,0.9375,0.8125,1.0,0.953125,0.859375,1.0,0.015625,0.0,0.046875,0.03125,0.0,0.09375,0.0234375,0.0,0.0703125,-0.0078125,-0.0234375,0.0,0.0,0.0,0.0,0.0,0.0,0.0,0.25,0.0625,0.4375,0.9765625,0.9296875,1.0,0.9765625,0.9296875,1.0,0.0,0.0,0.0,0.0078125,0.0,0.0234375,0.015625,0.0,0.046875,0.0078125,0.0,0.0234375,0.0078125,0.0,0.0234375,0.0078125,0.0,0.0234375,0.25,0.0625,0.4375,0.015625,0.0,0.046875,1,0,0,0,1
candidate_refresh,historical:A_reference,100,200,condition:matched_buffer_control,8,9,0.984375,0.953125,1.0,1.0,1.0,1.0,0.015625,0.0,0.046875,0.015625,0.0,0.046875,0.0,0.0,0.0,-0.015625,-0.046875,0.0,0.0,0.0,0.0,0.0,0.0,0.0,0.0625,0.0,0.1875,1.0,1.0,1.0,1.0,1.0,1.0,0.0,0.0,0.0,0.0,0.0,0.0,0.0,0.0,0.0,0.0,0.0,0.0,0.0,0.0,0.0,0.0,0.0,0.0,0.0625,0.0,0.1875,0.015625,0.0,0.046875,1,0,0,0,1
candidate_refresh,historical:A_reference,100,200,condition:stale,8,9,0.890625,0.671875,1.0,0.90625,0.71875,1.0,0.015625,0.0,0.046875,0.046875,0.0,0.140625,0.046875,0.0,0.140625,0.0,0.0,0.0,0.0,0.0,0.0,0.0,0.0,0.0,0.4375,0.125,0.75,0.953125,0.859375,1.0,0.953125,0.859375,1.0,0.0,0.0,0.0,0.015625,0.0,0.046875,0.03125,0.0,0.09375,0.015625,0.0,0.046875,0.015625,0.0,0.046875,0.015625,0.0,0.046875,0.4375,0.125,0.75,0.015625,0.0,0.046875,1,0,0,0,1
candidate_refresh,historical:A_reference,100,200,controls,8,9,0.984375,0.953125,1.0,1.0,1.0,1.0,0.015625,0.0,0.046875,0.015625,0.0,0.046875,0.0,0.0,0.0,-0.015625,-0.046875,0.0,0.0,0.0,0.0,0.0,0.0,0.0,0.0625,0.0,0.1875,1.0,1.0,1.0,1.0,1.0,1.0,0.0,0.0,0.0,0.0,0.0,0.0,0.0,0.0,0.0,0.0,0.0,0.0,0.0,0.0,0.0,0.0,0.0,0.0,0.0625,0.0,0.1875,0.015625,0.0,0.046875,1,0,0,0,1
candidate_refresh,historical:A_reference,100,200,role:train,8,18,0.9375,0.8125,1.0,0.953125,0.859375,1.0,0.015625,0.0,0.046875,0.03125,0.0,0.09375,0.0234375,0.0,0.0703125,-0.0078125,-0.0234375,0.0,0.0,0.0,0.0,0.0,0.0,0.0,0.25,0.0625,0.4375,0.9765625,0.9296875,1.0,0.9765625,0.9296875,1.0,0.0,0.0,0.0,0.0078125,0.0,0.0234375,0.015625,0.0,0.046875,0.0078125,0.0,0.0234375,0.0078125,0.0,0.0234375,0.0078125,0.0,0.0234375,0.25,0.0625,0.4375,0.015625,0.0,0.046875,1,0,0,0,1
candidate_refresh,real_full,200,100,all,8,18,0.8671875,0.7265625,0.96875,0.890625,0.796875,0.96875,0.0234375,0.0,0.0703125,0.0078125,0.0,0.0234375,0.0078125,0.0,0.0234375,0.0,0.0,0.0,0.0,0.0,0.0,0.0078125,0.0,0.0234375,0.0625,0.0,0.1875,0.8515625,0.7109375,0.953125,0.84375,0.703125,0.953125,-0.0078125,-0.0234375,0.0,0.0,0.0,0.0,0.0,0.0,0.0,0.0,0.0,0.0,0.0078125,0.0,0.0234375,0.0,0.0,0.0,0.0625,0.0,0.1875,0.03125,0.0,0.09375,1,0,0,1,1
candidate_refresh,real_full,200,100,condition:matched_buffer_control,8,9,0.984375,0.953125,1.0,1.0,1.0,1.0,0.015625,0.0,0.046875,0.015625,0.0,0.046875,0.0,0.0,0.0,-0.015625,-0.046875,0.0,0.0,0.0,0.0,0.0,0.0,0.0,0.0625,0.0,0.1875,1.0,1.0,1.0,1.0,1.0,1.0,0.0,0.0,0.0,0.0,0.0,0.0,0.0,0.0,0.0,0.0,0.0,0.0,0.0,0.0,0.0,0.0,0.0,0.0,0.0625,0.0,0.1875,0.015625,0.0,0.046875,1,0,0,0,1
candidate_refresh,real_full,200,100,condition:stale,8,9,0.75,0.5,0.9375,0.78125,0.59375,0.9375,0.03125,0.0,0.09375,0.0,0.0,0.0,0.015625,0.0,0.046875,0.015625,0.0,0.046875,0.0,0.0,0.0,0.015625,0.0,0.046875,0.0625,0.0,0.1875,0.703125,0.421875,0.90625,0.6875,0.40625,0.90625,-0.015625,-0.046875,0.0,0.0,0.0,0.0,0.0,0.0,0.0,0.0,0.0,0.0,0.015625,0.0,0.046875,0.0,0.0,0.0,0.0625,0.0,0.1875,0.046875,0.0,0.140625,1,0,0,1,1
candidate_refresh,real_full,200,100,controls,8,9,0.984375,0.953125,1.0,1.0,1.0,1.0,0.015625,0.0,0.046875,0.015625,0.0,0.046875,0.0,0.0,0.0,-0.015625,-0.046875,0.0,0.0,0.0,0.0,0.0,0.0,0.0,0.0625,0.0,0.1875,1.0,1.0,1.0,1.0,1.0,1.0,0.0,0.0,0.0,0.0,0.0,0.0,0.0,0.0,0.0,0.0,0.0,0.0,0.0,0.0,0.0,0.0,0.0,0.0,0.0625,0.0,0.1875,0.015625,0.0,0.046875,1,0,0,0,1
candidate_refresh,real_full,200,100,role:train,8,18,0.8671875,0.7265625,0.96875,0.890625,0.796875,0.96875,0.0234375,0.0,0.0703125,0.0078125,0.0,0.0234375,0.0078125,0.0,0.0234375,0.0,0.0,0.0,0.0,0.0,0.0,0.0078125,0.0,0.0234375,0.0625,0.0,0.1875,0.8515625,0.7109375,0.953125,0.84375,0.703125,0.953125,-0.0078125,-0.0234375,0.0,0.0,0.0,0.0,0.0,0.0,0.0,0.0,0.0,0.0,0.0078125,0.0,0.0234375,0.0,0.0,0.0,0.0625,0.0,0.1875,0.03125,0.0,0.09375,1,0,0,1,1
candidate_refresh,real_full,200,200,all,8,18,0.9375,0.8125,1.0,0.953125,0.859375,1.0,0.015625,0.0,0.046875,0.03125,0.0,0.09375,0.0234375,0.0,0.0703125,-0.0078125,-0.0234375,0.0,0.0,0.0,0.0,0.0,0.0,0.0,0.0625,0.0,0.1875,0.9765625,0.9296875,1.0,0.9765625,0.9296875,1.0,0.0,0.0,0.0,0.0078125,0.0,0.0234375,0.015625,0.0,0.046875,0.0078125,0.0,0.0234375,0.0078125,0.0,0.0234375,0.0078125,0.0,0.0234375,0.0625,0.0,0.1875,0.015625,0.0,0.046875,1,0,0,0,1
candidate_refresh,real_full,200,200,condition:matched_buffer_control,8,9,0.984375,0.953125,1.0,1.0,1.0,1.0,0.015625,0.0,0.046875,0.015625,0.0,0.046875,0.0,0.0,0.0,-0.015625,-0.046875,0.0,0.0,0.0,0.0,0.0,0.0,0.0,0.0625,0.0,0.1875,1.0,1.0,1.0,1.0,1.0,1.0,0.0,0.0,0.0,0.0,0.0,0.0,0.0,0.0,0.0,0.0,0.0,0.0,0.0,0.0,0.0,0.0,0.0,0.0,0.0625,0.0,0.1875,0.015625,0.0,0.046875,1,0,0,0,1
candidate_refresh,real_full,200,200,condition:stale,8,9,0.890625,0.671875,1.0,0.90625,0.71875,1.0,0.015625,0.0,0.046875,0.046875,0.0,0.140625,0.046875,0.0,0.140625,0.0,0.0,0.0,0.0,0.0,0.0,0.0,0.0,0.0,0.0625,0.0,0.1875,0.953125,0.859375,1.0,0.953125,0.859375,1.0,0.0,0.0,0.0,0.015625,0.0,0.046875,0.03125,0.0,0.09375,0.015625,0.0,0.046875,0.015625,0.0,0.046875,0.015625,0.0,0.046875,0.0625,0.0,0.1875,0.015625,0.0,0.046875,1,0,0,0,1
candidate_refresh,real_full,200,200,controls,8,9,0.984375,0.953125,1.0,1.0,1.0,1.0,0.015625,0.0,0.046875,0.015625,0.0,0.046875,0.0,0.0,0.0,-0.015625,-0.046875,0.0,0.0,0.0,0.0,0.0,0.0,0.0,0.0625,0.0,0.1875,1.0,1.0,1.0,1.0,1.0,1.0,0.0,0.0,0.0,0.0,0.0,0.0,0.0,0.0,0.0,0.0,0.0,0.0,0.0,0.0,0.0,0.0,0.0,0.0,0.0625,0.0,0.1875,0.015625,0.0,0.046875,1,0,0,0,1
candidate_refresh,real_full,200,200,role:train,8,18,0.9375,0.8125,1.0,0.953125,0.859375,1.0,0.015625,0.0,0.046875,0.03125,0.0,0.09375,0.0234375,0.0,0.0703125,-0.0078125,-0.0234375,0.0,0.0,0.0,0.0,0.0,0.0,0.0,0.0625,0.0,0.1875,0.9765625,0.9296875,1.0,0.9765625,0.9296875,1.0,0.0,0.0,0.0,0.0078125,0.0,0.0234375,0.015625,0.0,0.046875,0.0078125,0.0,0.0234375,0.0078125,0.0,0.0234375,0.0078125,0.0,0.0234375,0.0625,0.0,0.1875,0.015625,0.0,0.046875,1,0,0,0,1
candidate_refresh,real_one,200,100,all,8,18,0.84375,0.625,1.0,0.875,0.6875,1.0,0.03125,0.0,0.09375,0.03125,0.0,0.09375,0.0,0.0,0.0,-0.03125,-0.09375,0.0,0.0,0.0,0.0,0.0,0.0,0.0,0.03125,0.0,0.09375,0.84375,0.6875,0.96875,0.84375,0.6875,0.96875,0.0,0.0,0.0,0.0,0.0,0.0,0.0,0.0,0.0,0.0,0.0,0.0,0.0,0.0,0.0,0.0,0.0,0.0,0.03125,0.0,0.09375,0.03125,0.0,0.09375,1,0,0,0,1
candidate_refresh,real_one,200,100,condition:matched_buffer_control,8,9,0.9375,0.8125,1.0,1.0,1.0,1.0,0.0625,0.0,0.1875,0.0625,0.0,0.1875,0.0,0.0,0.0,-0.0625,-0.1875,0.0,0.0,0.0,0.0,0.0,0.0,0.0,0.0625,0.0,0.1875,1.0,1.0,1.0,1.0,1.0,1.0,0.0,0.0,0.0,0.0,0.0,0.0,0.0,0.0,0.0,0.0,0.0,0.0,0.0,0.0,0.0,0.0,0.0,0.0,0.0625,0.0,0.1875,0.0625,0.0,0.1875,1,0,0,0,1
candidate_refresh,real_one,200,100,condition:stale,8,9,0.75,0.375,1.0,0.75,0.375,1.0,0.0,0.0,0.0,0.0,0.0,0.0,0.0,0.0,0.0,0.0,0.0,0.0,0.0,0.0,0.0,0.0,0.0,0.0,0.0,0.0,0.0,0.6875,0.375,0.9375,0.6875,0.375,0.9375,0.0,0.0,0.0,0.0,0.0,0.0,0.0,0.0,0.0,0.0,0.0,0.0,0.0,0.0,0.0,0.0,0.0,0.0,0.0,0.0,0.0,0.0,0.0,0.0,0,0,0,0,0
candidate_refresh,real_one,200,100,controls,8,9,0.9375,0.8125,1.0,1.0,1.0,1.0,0.0625,0.0,0.1875,0.0625,0.0,0.1875,0.0,0.0,0.0,-0.0625,-0.1875,0.0,0.0,0.0,0.0,0.0,0.0,0.0,0.0625,0.0,0.1875,1.0,1.0,1.0,1.0,1.0,1.0,0.0,0.0,0.0,0.0,0.0,0.0,0.0,0.0,0.0,0.0,0.0,0.0,0.0,0.0,0.0,0.0,0.0,0.0,0.0625,0.0,0.1875,0.0625,0.0,0.1875,1,0,0,0,1
candidate_refresh,real_one,200,100,role:train,8,18,0.84375,0.625,1.0,0.875,0.6875,1.0,0.03125,0.0,0.09375,0.03125,0.0,0.09375,0.0,0.0,0.0,-0.03125,-0.09375,0.0,0.0,0.0,0.0,0.0,0.0,0.0,0.03125,0.0,0.09375,0.84375,0.6875,0.96875,0.84375,0.6875,0.96875,0.0,0.0,0.0,0.0,0.0,0.0,0.0,0.0,0.0,0.0,0.0,0.0,0.0,0.0,0.0,0.0,0.0,0.0,0.03125,0.0,0.09375,0.03125,0.0,0.09375,1,0,0,0,1
candidate_refresh,real_one,200,200,all,8,18,0.9375,0.8125,1.0,0.96875,0.90625,1.0,0.03125,0.0,0.09375,0.0625,0.0,0.1875,0.03125,0.0,0.09375,-0.03125,-0.09375,0.0,0.0,0.0,0.0,0.0,0.0,0.0,0.03125,0.0,0.09375,1.0,1.0,1.0,1.0,1.0,1.0,0.0,0.0,0.0,0.0,0.0,0.0,0.0,0.0,0.0,0.0,0.0,0.0,0.0,0.0,0.0,0.0,0.0,0.0,0.03125,0.0,0.09375,0.03125,0.0,0.09375,1,0,0,0,1
candidate_refresh,real_one,200,200,condition:matched_buffer_control,8,9,0.9375,0.8125,1.0,1.0,1.0,1.0,0.0625,0.0,0.1875,0.0625,0.0,0.1875,0.0,0.0,0.0,-0.0625,-0.1875,0.0,0.0,0.0,0.0,0.0,0.0,0.0,0.0625,0.0,0.1875,1.0,1.0,1.0,1.0,1.0,1.0,0.0,0.0,0.0,0.0,0.0,0.0,0.0,0.0,0.0,0.0,0.0,0.0,0.0,0.0,0.0,0.0,0.0,0.0,0.0625,0.0,0.1875,0.0625,0.0,0.1875,1,0,0,0,1
candidate_refresh,real_one,200,200,condition:stale,8,9,0.9375,0.8125,1.0,0.9375,0.8125,1.0,0.0,0.0,0.0,0.0625,0.0,0.1875,0.0625,0.0,0.1875,0.0,0.0,0.0,0.0,0.0,0.0,0.0,0.0,0.0,0.0,0.0,0.0,1.0,1.0,1.0,1.0,1.0,1.0,0.0,0.0,0.0,0.0,0.0,0.0,0.0,0.0,0.0,0.0,0.0,0.0,0.0,0.0,0.0,0.0,0.0,0.0,0.0,0.0,0.0,0.0,0.0,0.0,0,0,0,0,0
candidate_refresh,real_one,200,200,controls,8,9,0.9375,0.8125,1.0,1.0,1.0,1.0,0.0625,0.0,0.1875,0.0625,0.0,0.1875,0.0,0.0,0.0,-0.0625,-0.1875,0.0,0.0,0.0,0.0,0.0,0.0,0.0,0.0625,0.0,0.1875,1.0,1.0,1.0,1.0,1.0,1.0,0.0,0.0,0.0,0.0,0.0,0.0,0.0,0.0,0.0,0.0,0.0,0.0,0.0,0.0,0.0,0.0,0.0,0.0,0.0625,0.0,0.1875,0.0625,0.0,0.1875,1,0,0,0,1
candidate_refresh,real_one,200,200,role:train,8,18,0.9375,0.8125,1.0,0.96875,0.90625,1.0,0.03125,0.0,0.09375,0.0625,0.0,0.1875,0.03125,0.0,0.09375,-0.03125,-0.09375,0.0,0.0,0.0,0.0,0.0,0.0,0.0,0.03125,0.0,0.09375,1.0,1.0,1.0,1.0,1.0,1.0,0.0,0.0,0.0,0.0,0.0,0.0,0.0,0.0,0.0,0.0,0.0,0.0,0.0,0.0,0.0,0.0,0.0,0.0,0.03125,0.0,0.09375,0.03125,0.0,0.09375,1,0,0,0,1
candidate_refresh,pseudo_one,200,100,all,8,18,0.84375,0.625,1.0,0.875,0.6875,1.0,0.03125,0.0,0.09375,0.03125,0.0,0.09375,0.0,0.0,0.0,-0.03125,-0.09375,0.0,0.0,0.0,0.0,0.0,0.0,0.0,0.03125,0.0,0.09375,0.84375,0.6875,0.96875,0.84375,0.6875,0.96875,0.0,0.0,0.0,0.0,0.0,0.0,0.0,0.0,0.0,0.0,0.0,0.0,0.0,0.0,0.0,0.0,0.0,0.0,0.03125,0.0,0.09375,0.03125,0.0,0.09375,1,0,0,0,1
candidate_refresh,pseudo_one,200,100,condition:matched_buffer_control,8,9,0.9375,0.8125,1.0,1.0,1.0,1.0,0.0625,0.0,0.1875,0.0625,0.0,0.1875,0.0,0.0,0.0,-0.0625,-0.1875,0.0,0.0,0.0,0.0,0.0,0.0,0.0,0.0625,0.0,0.1875,1.0,1.0,1.0,1.0,1.0,1.0,0.0,0.0,0.0,0.0,0.0,0.0,0.0,0.0,0.0,0.0,0.0,0.0,0.0,0.0,0.0,0.0,0.0,0.0,0.0625,0.0,0.1875,0.0625,0.0,0.1875,1,0,0,0,1
candidate_refresh,pseudo_one,200,100,condition:stale,8,9,0.75,0.375,1.0,0.75,0.375,1.0,0.0,0.0,0.0,0.0,0.0,0.0,0.0,0.0,0.0,0.0,0.0,0.0,0.0,0.0,0.0,0.0,0.0,0.0,0.0,0.0,0.0,0.6875,0.375,0.9375,0.6875,0.375,0.9375,0.0,0.0,0.0,0.0,0.0,0.0,0.0,0.0,0.0,0.0,0.0,0.0,0.0,0.0,0.0,0.0,0.0,0.0,0.0,0.0,0.0,0.0,0.0,0.0,0,0,0,0,0
candidate_refresh,pseudo_one,200,100,controls,8,9,0.9375,0.8125,1.0,1.0,1.0,1.0,0.0625,0.0,0.1875,0.0625,0.0,0.1875,0.0,0.0,0.0,-0.0625,-0.1875,0.0,0.0,0.0,0.0,0.0,0.0,0.0,0.0625,0.0,0.1875,1.0,1.0,1.0,1.0,1.0,1.0,0.0,0.0,0.0,0.0,0.0,0.0,0.0,0.0,0.0,0.0,0.0,0.0,0.0,0.0,0.0,0.0,0.0,0.0,0.0625,0.0,0.1875,0.0625,0.0,0.1875,1,0,0,0,1
candidate_refresh,pseudo_one,200,100,role:train,8,18,0.84375,0.625,1.0,0.875,0.6875,1.0,0.03125,0.0,0.09375,0.03125,0.0,0.09375,0.0,0.0,0.0,-0.03125,-0.09375,0.0,0.0,0.0,0.0,0.0,0.0,0.0,0.03125,0.0,0.09375,0.84375,0.6875,0.96875,0.84375,0.6875,0.96875,0.0,0.0,0.0,0.0,0.0,0.0,0.0,0.0,0.0,0.0,0.0,0.0,0.0,0.0,0.0,0.0,0.0,0.0,0.03125,0.0,0.09375,0.03125,0.0,0.09375,1,0,0,0,1
candidate_refresh,pseudo_one,200,200,all,8,18,0.9375,0.8125,1.0,0.96875,0.90625,1.0,0.03125,0.0,0.09375,0.0625,0.0,0.1875,0.03125,0.0,0.09375,-0.03125,-0.09375,0.0,0.0,0.0,0.0,0.0,0.0,0.0,0.03125,0.0,0.09375,1.0,1.0,1.0,1.0,1.0,1.0,0.0,0.0,0.0,0.0,0.0,0.0,0.0,0.0,0.0,0.0,0.0,0.0,0.0,0.0,0.0,0.0,0.0,0.0,0.03125,0.0,0.09375,0.03125,0.0,0.09375,1,0,0,0,1
candidate_refresh,pseudo_one,200,200,condition:matched_buffer_control,8,9,0.9375,0.8125,1.0,1.0,1.0,1.0,0.0625,0.0,0.1875,0.0625,0.0,0.1875,0.0,0.0,0.0,-0.0625,-0.1875,0.0,0.0,0.0,0.0,0.0,0.0,0.0,0.0625,0.0,0.1875,1.0,1.0,1.0,1.0,1.0,1.0,0.0,0.0,0.0,0.0,0.0,0.0,0.0,0.0,0.0,0.0,0.0,0.0,0.0,0.0,0.0,0.0,0.0,0.0,0.0625,0.0,0.1875,0.0625,0.0,0.1875,1,0,0,0,1
candidate_refresh,pseudo_one,200,200,condition:stale,8,9,0.9375,0.8125,1.0,0.9375,0.8125,1.0,0.0,0.0,0.0,0.0625,0.0,0.1875,0.0625,0.0,0.1875,0.0,0.0,0.0,0.0,0.0,0.0,0.0,0.0,0.0,0.0,0.0,0.0,1.0,1.0,1.0,1.0,1.0,1.0,0.0,0.0,0.0,0.0,0.0,0.0,0.0,0.0,0.0,0.0,0.0,0.0,0.0,0.0,0.0,0.0,0.0,0.0,0.0,0.0,0.0,0.0,0.0,0.0,0,0,0,0,0
candidate_refresh,pseudo_one,200,200,controls,8,9,0.9375,0.8125,1.0,1.0,1.0,1.0,0.0625,0.0,0.1875,0.0625,0.0,0.1875,0.0,0.0,0.0,-0.0625,-0.1875,0.0,0.0,0.0,0.0,0.0,0.0,0.0,0.0625,0.0,0.1875,1.0,1.0,1.0,1.0,1.0,1.0,0.0,0.0,0.0,0.0,0.0,0.0,0.0,0.0,0.0,0.0,0.0,0.0,0.0,0.0,0.0,0.0,0.0,0.0,0.0625,0.0,0.1875,0.0625,0.0,0.1875,1,0,0,0,1
candidate_refresh,pseudo_one,200,200,role:train,8,18,0.9375,0.8125,1.0,0.96875,0.90625,1.0,0.03125,0.0,0.09375,0.0625,0.0,0.1875,0.03125,0.0,0.09375,-0.03125,-0.09375,0.0,0.0,0.0,0.0,0.0,0.0,0.0,0.03125,0.0,0.09375,1.0,1.0,1.0,1.0,1.0,1.0,0.0,0.0,0.0,0.0,0.0,0.0,0.0,0.0,0.0,0.0,0.0,0.0,0.0,0.0,0.0,0.0,0.0,0.0,0.03125,0.0,0.09375,0.03125,0.0,0.09375,1,0,0,0,1
candidate_refresh,pseudo_one_swapped,200,100,all,8,18,0.875,0.6875,1.0,0.875,0.6875,1.0,0.0,0.0,0.0,0.0,0.0,0.0,0.0,0.0,0.0,0.0,0.0,0.0,0.0,0.0,0.0,0.0,0.0,0.0,0.03125,0.0,0.09375,0.875,0.6875,1.0,0.90625,0.78125,1.0,0.03125,0.0,0.09375,0.0,0.0,0.0,0.0,0.0,0.0,0.0,0.0,0.0,0.0,0.0,0.0,0.0,0.0,0.0,0.03125,0.0,0.09375,-0.03125,-0.09375,0.0,0,1,1,0,1
candidate_refresh,pseudo_one_swapped,200,100,condition:matched_buffer_control,8,9,1.0,1.0,1.0,1.0,1.0,1.0,0.0,0.0,0.0,0.0,0.0,0.0,0.0,0.0,0.0,0.0,0.0,0.0,0.0,0.0,0.0,0.0,0.0,0.0,0.0,0.0,0.0,1.0,1.0,1.0,1.0,1.0,1.0,0.0,0.0,0.0,0.0,0.0,0.0,0.0,0.0,0.0,0.0,0.0,0.0,0.0,0.0,0.0,0.0,0.0,0.0,0.0,0.0,0.0,0.0,0.0,0.0,0,0,0,0,0
candidate_refresh,pseudo_one_swapped,200,100,condition:stale,8,9,0.75,0.375,1.0,0.75,0.375,1.0,0.0,0.0,0.0,0.0,0.0,0.0,0.0,0.0,0.0,0.0,0.0,0.0,0.0,0.0,0.0,0.0,0.0,0.0,0.0625,0.0,0.1875,0.75,0.375,1.0,0.8125,0.5625,1.0,0.0625,0.0,0.1875,0.0,0.0,0.0,0.0,0.0,0.0,0.0,0.0,0.0,0.0,0.0,0.0,0.0,0.0,0.0,0.0625,0.0,0.1875,-0.0625,-0.1875,0.0,0,1,1,0,1
candidate_refresh,pseudo_one_swapped,200,100,controls,8,9,1.0,1.0,1.0,1.0,1.0,1.0,0.0,0.0,0.0,0.0,0.0,0.0,0.0,0.0,0.0,0.0,0.0,0.0,0.0,0.0,0.0,0.0,0.0,0.0,0.0,0.0,0.0,1.0,1.0,1.0,1.0,1.0,1.0,0.0,0.0,0.0,0.0,0.0,0.0,0.0,0.0,0.0,0.0,0.0,0.0,0.0,0.0,0.0,0.0,0.0,0.0,0.0,0.0,0.0,0.0,0.0,0.0,0,0,0,0,0
candidate_refresh,pseudo_one_swapped,200,100,role:train,8,18,0.875,0.6875,1.0,0.875,0.6875,1.0,0.0,0.0,0.0,0.0,0.0,0.0,0.0,0.0,0.0,0.0,0.0,0.0,0.0,0.0,0.0,0.0,0.0,0.0,0.03125,0.0,0.09375,0.875,0.6875,1.0,0.90625,0.78125,1.0,0.03125,0.0,0.09375,0.0,0.0,0.0,0.0,0.0,0.0,0.0,0.0,0.0,0.0,0.0,0.0,0.0,0.0,0.0,0.03125,0.0,0.09375,-0.03125,-0.09375,0.0,0,1,1,0,1
candidate_refresh,pseudo_one_swapped,200,200,all,8,18,0.9375,0.8125,1.0,0.96875,0.90625,1.0,0.03125,0.0,0.09375,0.0,0.0,0.0,0.0,0.0,0.0,0.0,0.0,0.0,0.0,0.0,0.0,0.0,0.0,0.0,0.03125,0.0,0.09375,0.9375,0.8125,1.0,0.96875,0.90625,1.0,0.03125,0.0,0.09375,0.03125,0.0,0.09375,0.03125,0.0,0.09375,0.0,0.0,0.0,0.0,0.0,0.0,0.0,0.0,0.0,0.03125,0.0,0.09375,0.0,0.0,0.0,1,1,1,0,0
candidate_refresh,pseudo_one_swapped,200,200,condition:matched_buffer_control,8,9,1.0,1.0,1.0,1.0,1.0,1.0,0.0,0.0,0.0,0.0,0.0,0.0,0.0,0.0,0.0,0.0,0.0,0.0,0.0,0.0,0.0,0.0,0.0,0.0,0.0,0.0,0.0,1.0,1.0,1.0,1.0,1.0,1.0,0.0,0.0,0.0,0.0,0.0,0.0,0.0,0.0,0.0,0.0,0.0,0.0,0.0,0.0,0.0,0.0,0.0,0.0,0.0,0.0,0.0,0.0,0.0,0.0,0,0,0,0,0
candidate_refresh,pseudo_one_swapped,200,200,condition:stale,8,9,0.875,0.625,1.0,0.9375,0.8125,1.0,0.0625,0.0,0.1875,0.0,0.0,0.0,0.0,0.0,0.0,0.0,0.0,0.0,0.0,0.0,0.0,0.0,0.0,0.0,0.0625,0.0,0.1875,0.875,0.625,1.0,0.9375,0.8125,1.0,0.0625,0.0,0.1875,0.0625,0.0,0.1875,0.0625,0.0,0.1875,0.0,0.0,0.0,0.0,0.0,0.0,0.0,0.0,0.0,0.0625,0.0,0.1875,0.0,0.0,0.0,1,1,1,0,0
candidate_refresh,pseudo_one_swapped,200,200,controls,8,9,1.0,1.0,1.0,1.0,1.0,1.0,0.0,0.0,0.0,0.0,0.0,0.0,0.0,0.0,0.0,0.0,0.0,0.0,0.0,0.0,0.0,0.0,0.0,0.0,0.0,0.0,0.0,1.0,1.0,1.0,1.0,1.0,1.0,0.0,0.0,0.0,0.0,0.0,0.0,0.0,0.0,0.0,0.0,0.0,0.0,0.0,0.0,0.0,0.0,0.0,0.0,0.0,0.0,0.0,0.0,0.0,0.0,0,0,0,0,0
candidate_refresh,pseudo_one_swapped,200,200,role:train,8,18,0.9375,0.8125,1.0,0.96875,0.90625,1.0,0.03125,0.0,0.09375,0.0,0.0,0.0,0.0,0.0,0.0,0.0,0.0,0.0,0.0,0.0,0.0,0.0,0.0,0.0,0.03125,0.0,0.09375,0.9375,0.8125,1.0,0.96875,0.90625,1.0,0.03125,0.0,0.09375,0.03125,0.0,0.09375,0.03125,0.0,0.09375,0.0,0.0,0.0,0.0,0.0,0.0,0.0,0.0,0.0,0.03125,0.0,0.09375,0.0,0.0,0.0,1,1,1,0,0
candidate_refresh,real_two,200,100,all,8,18,0.859375,0.6871093750000001,1.0,0.875,0.6875,1.0,0.015625,0.0,0.046875,0.015625,0.0,0.046875,0.0,0.0,0.0,-0.015625,-0.046875,0.0,0.0,0.0,0.0,0.0,0.0,0.0,0.03125,0.0,0.09375,0.859375,0.71875,0.96875,0.859375,0.71875,0.96875,0.0,0.0,0.0,0.0,0.0,0.0,0.0,0.0,0.0,0.0,0.0,0.0,0.0,0.0,0.0,0.0,0.0,0.0,0.03125,0.0,0.09375,0.015625,0.0,0.046875,1,0,0,0,1
candidate_refresh,real_two,200,100,condition:matched_buffer_control,8,9,0.96875,0.90625,1.0,1.0,1.0,1.0,0.03125,0.0,0.09375,0.03125,0.0,0.09375,0.0,0.0,0.0,-0.03125,-0.09375,0.0,0.0,0.0,0.0,0.0,0.0,0.0,0.0625,0.0,0.1875,1.0,1.0,1.0,1.0,1.0,1.0,0.0,0.0,0.0,0.0,0.0,0.0,0.0,0.0,0.0,0.0,0.0,0.0,0.0,0.0,0.0,0.0,0.0,0.0,0.0625,0.0,0.1875,0.03125,0.0,0.09375,1,0,0,0,1
candidate_refresh,real_two,200,100,condition:stale,8,9,0.75,0.375,1.0,0.75,0.375,1.0,0.0,0.0,0.0,0.0,0.0,0.0,0.0,0.0,0.0,0.0,0.0,0.0,0.0,0.0,0.0,0.0,0.0,0.0,0.0,0.0,0.0,0.71875,0.4375,0.9375,0.71875,0.4375,0.9375,0.0,0.0,0.0,0.0,0.0,0.0,0.0,0.0,0.0,0.0,0.0,0.0,0.0,0.0,0.0,0.0,0.0,0.0,0.0,0.0,0.0,0.0,0.0,0.0,0,0,0,0,0
candidate_refresh,real_two,200,100,controls,8,9,0.96875,0.90625,1.0,1.0,1.0,1.0,0.03125,0.0,0.09375,0.03125,0.0,0.09375,0.0,0.0,0.0,-0.03125,-0.09375,0.0,0.0,0.0,0.0,0.0,0.0,0.0,0.0625,0.0,0.1875,1.0,1.0,1.0,1.0,1.0,1.0,0.0,0.0,0.0,0.0,0.0,0.0,0.0,0.0,0.0,0.0,0.0,0.0,0.0,0.0,0.0,0.0,0.0,0.0,0.0625,0.0,0.1875,0.03125,0.0,0.09375,1,0,0,0,1
candidate_refresh,real_two,200,100,role:train,8,18,0.859375,0.6871093750000001,1.0,0.875,0.6875,1.0,0.015625,0.0,0.046875,0.015625,0.0,0.046875,0.0,0.0,0.0,-0.015625,-0.046875,0.0,0.0,0.0,0.0,0.0,0.0,0.0,0.03125,0.0,0.09375,0.859375,0.71875,0.96875,0.859375,0.71875,0.96875,0.0,0.0,0.0,0.0,0.0,0.0,0.0,0.0,0.0,0.0,0.0,0.0,0.0,0.0,0.0,0.0,0.0,0.0,0.03125,0.0,0.09375,0.015625,0.0,0.046875,1,0,0,0,1
candidate_refresh,real_two,200,200,all,8,18,0.9375,0.8125,1.0,0.953125,0.859375,1.0,0.015625,0.0,0.046875,0.03125,0.0,0.09375,0.015625,0.0,0.046875,-0.015625,-0.046875,0.0,0.0,0.0,0.0,0.0,0.0,0.0,0.03125,0.0,0.09375,0.96875,0.90625,1.0,0.96875,0.90625,1.0,0.0,0.0,0.0,0.015625,0.0,0.046875,0.015625,0.0,0.046875,0.0,0.0,0.0,0.0,0.0,0.0,0.0,0.0,0.0,0.03125,0.0,0.09375,0.015625,0.0,0.046875,1,0,0,0,1
candidate_refresh,real_two,200,200,condition:matched_buffer_control,8,9,0.96875,0.90625,1.0,1.0,1.0,1.0,0.03125,0.0,0.09375,0.03125,0.0,0.09375,0.0,0.0,0.0,-0.03125,-0.09375,0.0,0.0,0.0,0.0,0.0,0.0,0.0,0.0625,0.0,0.1875,1.0,1.0,1.0,1.0,1.0,1.0,0.0,0.0,0.0,0.0,0.0,0.0,0.0,0.0,0.0,0.0,0.0,0.0,0.0,0.0,0.0,0.0,0.0,0.0,0.0625,0.0,0.1875,0.03125,0.0,0.09375,1,0,0,0,1
candidate_refresh,real_two,200,200,condition:stale,8,9,0.90625,0.71875,1.0,0.90625,0.71875,1.0,0.0,0.0,0.0,0.03125,0.0,0.09375,0.03125,0.0,0.09375,0.0,0.0,0.0,0.0,0.0,0.0,0.0,0.0,0.0,0.0,0.0,0.0,0.9375,0.8125,1.0,0.9375,0.8125,1.0,0.0,0.0,0.0,0.03125,0.0,0.09375,0.03125,0.0,0.09375,0.0,0.0,0.0,0.0,0.0,0.0,0.0,0.0,0.0,0.0,0.0,0.0,0.0,0.0,0.0,0,0,0,0,0
candidate_refresh,real_two,200,200,controls,8,9,0.96875,0.90625,1.0,1.0,1.0,1.0,0.03125,0.0,0.09375,0.03125,0.0,0.09375,0.0,0.0,0.0,-0.03125,-0.09375,0.0,0.0,0.0,0.0,0.0,0.0,0.0,0.0625,0.0,0.1875,1.0,1.0,1.0,1.0,1.0,1.0,0.0,0.0,0.0,0.0,0.0,0.0,0.0,0.0,0.0,0.0,0.0,0.0,0.0,0.0,0.0,0.0,0.0,0.0,0.0625,0.0,0.1875,0.03125,0.0,0.09375,1,0,0,0,1
candidate_refresh,real_two,200,200,role:train,8,18,0.9375,0.8125,1.0,0.953125,0.859375,1.0,0.015625,0.0,0.046875,0.03125,0.0,0.09375,0.015625,0.0,0.046875,-0.015625,-0.046875,0.0,0.0,0.0,0.0,0.0,0.0,0.0,0.03125,0.0,0.09375,0.96875,0.90625,1.0,0.96875,0.90625,1.0,0.0,0.0,0.0,0.015625,0.0,0.046875,0.015625,0.0,0.046875,0.0,0.0,0.0,0.0,0.0,0.0,0.0,0.0,0.0,0.03125,0.0,0.09375,0.015625,0.0,0.046875,1,0,0,0,1
candidate_refresh,pseudo_two,200,100,all,8,18,0.859375,0.6871093750000001,1.0,0.875,0.6875,1.0,0.015625,0.0,0.046875,0.015625,0.0,0.046875,0.0,0.0,0.0,-0.015625,-0.046875,0.0,0.0,0.0,0.0,0.0,0.0,0.0,0.03125,0.0,0.09375,0.859375,0.71875,0.96875,0.859375,0.71875,0.96875,0.0,0.0,0.0,0.0,0.0,0.0,0.0,0.0,0.0,0.0,0.0,0.0,0.0,0.0,0.0,0.0,0.0,0.0,0.03125,0.0,0.09375,0.015625,0.0,0.046875,1,0,0,0,1
candidate_refresh,pseudo_two,200,100,condition:matched_buffer_control,8,9,0.96875,0.90625,1.0,1.0,1.0,1.0,0.03125,0.0,0.09375,0.03125,0.0,0.09375,0.0,0.0,0.0,-0.03125,-0.09375,0.0,0.0,0.0,0.0,0.0,0.0,0.0,0.0625,0.0,0.1875,1.0,1.0,1.0,1.0,1.0,1.0,0.0,0.0,0.0,0.0,0.0,0.0,0.0,0.0,0.0,0.0,0.0,0.0,0.0,0.0,0.0,0.0,0.0,0.0,0.0625,0.0,0.1875,0.03125,0.0,0.09375,1,0,0,0,1
candidate_refresh,pseudo_two,200,100,condition:stale,8,9,0.75,0.375,1.0,0.75,0.375,1.0,0.0,0.0,0.0,0.0,0.0,0.0,0.0,0.0,0.0,0.0,0.0,0.0,0.0,0.0,0.0,0.0,0.0,0.0,0.0,0.0,0.0,0.71875,0.4375,0.9375,0.71875,0.4375,0.9375,0.0,0.0,0.0,0.0,0.0,0.0,0.0,0.0,0.0,0.0,0.0,0.0,0.0,0.0,0.0,0.0,0.0,0.0,0.0,0.0,0.0,0.0,0.0,0.0,0,0,0,0,0
candidate_refresh,pseudo_two,200,100,controls,8,9,0.96875,0.90625,1.0,1.0,1.0,1.0,0.03125,0.0,0.09375,0.03125,0.0,0.09375,0.0,0.0,0.0,-0.03125,-0.09375,0.0,0.0,0.0,0.0,0.0,0.0,0.0,0.0625,0.0,0.1875,1.0,1.0,1.0,1.0,1.0,1.0,0.0,0.0,0.0,0.0,0.0,0.0,0.0,0.0,0.0,0.0,0.0,0.0,0.0,0.0,0.0,0.0,0.0,0.0,0.0625,0.0,0.1875,0.03125,0.0,0.09375,1,0,0,0,1
candidate_refresh,pseudo_two,200,100,role:train,8,18,0.859375,0.6871093750000001,1.0,0.875,0.6875,1.0,0.015625,0.0,0.046875,0.015625,0.0,0.046875,0.0,0.0,0.0,-0.015625,-0.046875,0.0,0.0,0.0,0.0,0.0,0.0,0.0,0.03125,0.0,0.09375,0.859375,0.71875,0.96875,0.859375,0.71875,0.96875,0.0,0.0,0.0,0.0,0.0,0.0,0.0,0.0,0.0,0.0,0.0,0.0,0.0,0.0,0.0,0.0,0.0,0.0,0.03125,0.0,0.09375,0.015625,0.0,0.046875,1,0,0,0,1
candidate_refresh,pseudo_two,200,200,all,8,18,0.9375,0.8125,1.0,0.953125,0.859375,1.0,0.015625,0.0,0.046875,0.03125,0.0,0.09375,0.015625,0.0,0.046875,-0.015625,-0.046875,0.0,0.0,0.0,0.0,0.0,0.0,0.0,0.03125,0.0,0.09375,0.96875,0.90625,1.0,0.96875,0.90625,1.0,0.0,0.0,0.0,0.015625,0.0,0.046875,0.015625,0.0,0.046875,0.0,0.0,0.0,0.0,0.0,0.0,0.0,0.0,0.0,0.03125,0.0,0.09375,0.015625,0.0,0.046875,1,0,0,0,1
candidate_refresh,pseudo_two,200,200,condition:matched_buffer_control,8,9,0.96875,0.90625,1.0,1.0,1.0,1.0,0.03125,0.0,0.09375,0.03125,0.0,0.09375,0.0,0.0,0.0,-0.03125,-0.09375,0.0,0.0,0.0,0.0,0.0,0.0,0.0,0.0625,0.0,0.1875,1.0,1.0,1.0,1.0,1.0,1.0,0.0,0.0,0.0,0.0,0.0,0.0,0.0,0.0,0.0,0.0,0.0,0.0,0.0,0.0,0.0,0.0,0.0,0.0,0.0625,0.0,0.1875,0.03125,0.0,0.09375,1,0,0,0,1
candidate_refresh,pseudo_two,200,200,condition:stale,8,9,0.90625,0.71875,1.0,0.90625,0.71875,1.0,0.0,0.0,0.0,0.03125,0.0,0.09375,0.03125,0.0,0.09375,0.0,0.0,0.0,0.0,0.0,0.0,0.0,0.0,0.0,0.0,0.0,0.0,0.9375,0.8125,1.0,0.9375,0.8125,1.0,0.0,0.0,0.0,0.03125,0.0,0.09375,0.03125,0.0,0.09375,0.0,0.0,0.0,0.0,0.0,0.0,0.0,0.0,0.0,0.0,0.0,0.0,0.0,0.0,0.0,0,0,0,0,0
candidate_refresh,pseudo_two,200,200,controls,8,9,0.96875,0.90625,1.0,1.0,1.0,1.0,0.03125,0.0,0.09375,0.03125,0.0,0.09375,0.0,0.0,0.0,-0.03125,-0.09375,0.0,0.0,0.0,0.0,0.0,0.0,0.0,0.0625,0.0,0.1875,1.0,1.0,1.0,1.0,1.0,1.0,0.0,0.0,0.0,0.0,0.0,0.0,0.0,0.0,0.0,0.0,0.0,0.0,0.0,0.0,0.0,0.0,0.0,0.0,0.0625,0.0,0.1875,0.03125,0.0,0.09375,1,0,0,0,1
candidate_refresh,pseudo_two,200,200,role:train,8,18,0.9375,0.8125,1.0,0.953125,0.859375,1.0,0.015625,0.0,0.046875,0.03125,0.0,0.09375,0.015625,0.0,0.046875,-0.015625,-0.046875,0.0,0.0,0.0,0.0,0.0,0.0,0.0,0.03125,0.0,0.09375,0.96875,0.90625,1.0,0.96875,0.90625,1.0,0.0,0.0,0.0,0.015625,0.0,0.046875,0.015625,0.0,0.046875,0.0,0.0,0.0,0.0,0.0,0.0,0.0,0.0,0.0,0.03125,0.0,0.09375,0.015625,0.0,0.046875,1,0,0,0,1
candidate_refresh,historical:AlwaysRefresh,200,100,all,8,18,0.8671875,0.7265625,0.96875,0.9375,0.84375,1.0,0.0703125,0.015625,0.1171875,0.0078125,0.0,0.0234375,0.0078125,0.0,0.0234375,0.0,0.0,0.0,0.0,0.0,0.0,0.0078125,0.0,0.0234375,1.0,1.0,1.0,0.8515625,0.7109375,0.953125,0.90625,0.78125,0.984375,0.0546875,-0.015625,0.13300781249999716,0.0,0.0,0.0,0.0,0.0,0.0,0.0,0.0,0.0,0.0234375,0.0,0.0546875,0.0,0.0,0.0,1.0,1.0,1.0,0.015625,-0.0625,0.09375,4,2,2,1,4
candidate_refresh,historical:AlwaysRefresh,200,100,condition:matched_buffer_control,8,9,0.984375,0.953125,1.0,1.0,1.0,1.0,0.015625,0.0,0.046875,0.015625,0.0,0.046875,0.0,0.0,0.0,-0.015625,-0.046875,0.0,0.0,0.0,0.0,0.0,0.0,0.0,1.0,1.0,1.0,1.0,1.0,1.0,1.0,1.0,1.0,0.0,0.0,0.0,0.0,0.0,0.0,0.0,0.0,0.0,0.0,0.0,0.0,0.0,0.0,0.0,0.0,0.0,0.0,1.0,1.0,1.0,0.015625,0.0,0.046875,1,0,0,0,1
candidate_refresh,historical:AlwaysRefresh,200,100,condition:stale,8,9,0.75,0.5,0.9375,0.875,0.6875,1.0,0.125,0.03125,0.21875,0.0,0.0,0.0,0.015625,0.0,0.046875,0.015625,0.0,0.046875,0.0,0.0,0.0,0.015625,0.0,0.046875,1.0,1.0,1.0,0.703125,0.421875,0.90625,0.8125,0.5625,0.96875,0.109375,-0.03125,0.2660156249999943,0.0,0.0,0.0,0.0,0.0,0.0,0.0,0.0,0.0,0.046875,0.0,0.109375,0.0,0.0,0.0,1.0,1.0,1.0,0.015625,-0.125,0.15625,4,2,2,1,4
candidate_refresh,historical:AlwaysRefresh,200,100,controls,8,9,0.984375,0.953125,1.0,1.0,1.0,1.0,0.015625,0.0,0.046875,0.015625,0.0,0.046875,0.0,0.0,0.0,-0.015625,-0.046875,0.0,0.0,0.0,0.0,0.0,0.0,0.0,1.0,1.0,1.0,1.0,1.0,1.0,1.0,1.0,1.0,0.0,0.0,0.0,0.0,0.0,0.0,0.0,0.0,0.0,0.0,0.0,0.0,0.0,0.0,0.0,0.0,0.0,0.0,1.0,1.0,1.0,0.015625,0.0,0.046875,1,0,0,0,1
candidate_refresh,historical:AlwaysRefresh,200,100,role:train,8,18,0.8671875,0.7265625,0.96875,0.9375,0.84375,1.0,0.0703125,0.015625,0.1171875,0.0078125,0.0,0.0234375,0.0078125,0.0,0.0234375,0.0,0.0,0.0,0.0,0.0,0.0,0.0078125,0.0,0.0234375,1.0,1.0,1.0,0.8515625,0.7109375,0.953125,0.90625,0.78125,0.984375,0.0546875,-0.015625,0.13300781249999716,0.0,0.0,0.0,0.0,0.0,0.0,0.0,0.0,0.0,0.0234375,0.0,0.0546875,0.0,0.0,0.0,1.0,1.0,1.0,0.015625,-0.0625,0.09375,4,2,2,1,4
candidate_refresh,historical:AlwaysRefresh,200,200,all,8,18,0.9375,0.8125,1.0,0.953125,0.859375,1.0,0.015625,0.0,0.046875,0.03125,0.0,0.09375,0.0234375,0.0,0.0703125,-0.0078125,-0.0234375,0.0,0.0,0.0,0.0,0.015625,0.0,0.046875,1.0,1.0,1.0,0.9765625,0.9296875,1.0,0.9609375,0.8828125,1.0,-0.015625,-0.046875,0.0,0.0078125,0.0,0.0234375,0.0078125,0.0,0.0234375,0.0,0.0,0.0,0.0234375,0.0,0.0703125,0.0078125,0.0,0.0234375,1.0,1.0,1.0,0.03125,0.0,0.09375,1,0,0,1,1
candidate_refresh,historical:AlwaysRefresh,200,200,condition:matched_buffer_control,8,9,0.984375,0.953125,1.0,1.0,1.0,1.0,0.015625,0.0,0.046875,0.015625,0.0,0.046875,0.0,0.0,0.0,-0.015625,-0.046875,0.0,0.0,0.0,0.0,0.0,0.0,0.0,1.0,1.0,1.0,1.0,1.0,1.0,1.0,1.0,1.0,0.0,0.0,0.0,0.0,0.0,0.0,0.0,0.0,0.0,0.0,0.0,0.0,0.0,0.0,0.0,0.0,0.0,0.0,1.0,1.0,1.0,0.015625,0.0,0.046875,1,0,0,0,1
candidate_refresh,historical:AlwaysRefresh,200,200,condition:stale,8,9,0.890625,0.671875,1.0,0.90625,0.71875,1.0,0.015625,0.0,0.046875,0.046875,0.0,0.140625,0.046875,0.0,0.140625,0.0,0.0,0.0,0.0,0.0,0.0,0.03125,0.0,0.09375,1.0,1.0,1.0,0.953125,0.859375,1.0,0.921875,0.765625,1.0,-0.03125,-0.09375,0.0,0.015625,0.0,0.046875,0.015625,0.0,0.046875,0.0,0.0,0.0,0.046875,0.0,0.140625,0.015625,0.0,0.046875,1.0,1.0,1.0,0.046875,0.0,0.140625,1,0,0,1,1
candidate_refresh,historical:AlwaysRefresh,200,200,controls,8,9,0.984375,0.953125,1.0,1.0,1.0,1.0,0.015625,0.0,0.046875,0.015625,0.0,0.046875,0.0,0.0,0.0,-0.015625,-0.046875,0.0,0.0,0.0,0.0,0.0,0.0,0.0,1.0,1.0,1.0,1.0,1.0,1.0,1.0,1.0,1.0,0.0,0.0,0.0,0.0,0.0,0.0,0.0,0.0,0.0,0.0,0.0,0.0,0.0,0.0,0.0,0.0,0.0,0.0,1.0,1.0,1.0,0.015625,0.0,0.046875,1,0,0,0,1
candidate_refresh,historical:AlwaysRefresh,200,200,role:train,8,18,0.9375,0.8125,1.0,0.953125,0.859375,1.0,0.015625,0.0,0.046875,0.03125,0.0,0.09375,0.0234375,0.0,0.0703125,-0.0078125,-0.0234375,0.0,0.0,0.0,0.0,0.015625,0.0,0.046875,1.0,1.0,1.0,0.9765625,0.9296875,1.0,0.9609375,0.8828125,1.0,-0.015625,-0.046875,0.0,0.0078125,0.0,0.0234375,0.0078125,0.0,0.0234375,0.0,0.0,0.0,0.0234375,0.0,0.0703125,0.0078125,0.0,0.0234375,1.0,1.0,1.0,0.03125,0.0,0.09375,1,0,0,1,1
candidate_refresh,historical:Base,200,100,all,8,18,0.8671875,0.7265625,0.96875,0.8671875,0.7265625,0.96875,0.0,0.0,0.0,0.0078125,0.0,0.0234375,0.0078125,0.0,0.0234375,0.0,0.0,0.0,0.0,0.0,0.0,0.0,0.0,0.0,0.0,0.0,0.0,0.8515625,0.7109375,0.953125,0.8515625,0.7109375,0.953125,0.0,0.0,0.0,0.0,0.0,0.0,0.0,0.0,0.0,0.0,0.0,0.0,0.0,0.0,0.0,0.0,0.0,0.0,0.0,0.0,0.0,0.0,0.0,0.0,0,0,0,0,0
candidate_refresh,historical:Base,200,100,condition:matched_buffer_control,8,9,0.984375,0.953125,1.0,0.984375,0.953125,1.0,0.0,0.0,0.0,0.015625,0.0,0.046875,0.015625,0.0,0.046875,0.0,0.0,0.0,0.0,0.0,0.0,0.0,0.0,0.0,0.0,0.0,0.0,1.0,1.0,1.0,1.0,1.0,1.0,0.0,0.0,0.0,0.0,0.0,0.0,0.0,0.0,0.0,0.0,0.0,0.0,0.0,0.0,0.0,0.0,0.0,0.0,0.0,0.0,0.0,0.0,0.0,0.0,0,0,0,0,0
candidate_refresh,historical:Base,200,100,condition:stale,8,9,0.75,0.5,0.9375,0.75,0.5,0.9375,0.0,0.0,0.0,0.0,0.0,0.0,0.0,0.0,0.0,0.0,0.0,0.0,0.0,0.0,0.0,0.0,0.0,0.0,0.0,0.0,0.0,0.703125,0.421875,0.90625,0.703125,0.421875,0.90625,0.0,0.0,0.0,0.0,0.0,0.0,0.0,0.0,0.0,0.0,0.0,0.0,0.0,0.0,0.0,0.0,0.0,0.0,0.0,0.0,0.0,0.0,0.0,0.0,0,0,0,0,0
candidate_refresh,historical:Base,200,100,controls,8,9,0.984375,0.953125,1.0,0.984375,0.953125,1.0,0.0,0.0,0.0,0.015625,0.0,0.046875,0.015625,0.0,0.046875,0.0,0.0,0.0,0.0,0.0,0.0,0.0,0.0,0.0,0.0,0.0,0.0,1.0,1.0,1.0,1.0,1.0,1.0,0.0,0.0,0.0,0.0,0.0,0.0,0.0,0.0,0.0,0.0,0.0,0.0,0.0,0.0,0.0,0.0,0.0,0.0,0.0,0.0,0.0,0.0,0.0,0.0,0,0,0,0,0
candidate_refresh,historical:Base,200,100,role:train,8,18,0.8671875,0.7265625,0.96875,0.8671875,0.7265625,0.96875,0.0,0.0,0.0,0.0078125,0.0,0.0234375,0.0078125,0.0,0.0234375,0.0,0.0,0.0,0.0,0.0,0.0,0.0,0.0,0.0,0.0,0.0,0.0,0.8515625,0.7109375,0.953125,0.8515625,0.7109375,0.953125,0.0,0.0,0.0,0.0,0.0,0.0,0.0,0.0,0.0,0.0,0.0,0.0,0.0,0.0,0.0,0.0,0.0,0.0,0.0,0.0,0.0,0.0,0.0,0.0,0,0,0,0,0
candidate_refresh,historical:Base,200,200,all,8,18,0.9375,0.8125,1.0,0.9375,0.8125,1.0,0.0,0.0,0.0,0.03125,0.0,0.09375,0.03125,0.0,0.09375,0.0,0.0,0.0,0.0,0.0,0.0,0.0,0.0,0.0,0.0,0.0,0.0,0.9765625,0.9296875,1.0,0.9765625,0.9296875,1.0,0.0,0.0,0.0,0.0078125,0.0,0.0234375,0.0078125,0.0,0.0234375,0.0,0.0,0.0,0.0,0.0,0.0,0.0,0.0,0.0,0.0,0.0,0.0,0.0,0.0,0.0,0,0,0,0,0
candidate_refresh,historical:Base,200,200,condition:matched_buffer_control,8,9,0.984375,0.953125,1.0,0.984375,0.953125,1.0,0.0,0.0,0.0,0.015625,0.0,0.046875,0.015625,0.0,0.046875,0.0,0.0,0.0,0.0,0.0,0.0,0.0,0.0,0.0,0.0,0.0,0.0,1.0,1.0,1.0,1.0,1.0,1.0,0.0,0.0,0.0,0.0,0.0,0.0,0.0,0.0,0.0,0.0,0.0,0.0,0.0,0.0,0.0,0.0,0.0,0.0,0.0,0.0,0.0,0.0,0.0,0.0,0,0,0,0,0
candidate_refresh,historical:Base,200,200,condition:stale,8,9,0.890625,0.671875,1.0,0.890625,0.671875,1.0,0.0,0.0,0.0,0.046875,0.0,0.140625,0.046875,0.0,0.140625,0.0,0.0,0.0,0.0,0.0,0.0,0.0,0.0,0.0,0.0,0.0,0.0,0.953125,0.859375,1.0,0.953125,0.859375,1.0,0.0,0.0,0.0,0.015625,0.0,0.046875,0.015625,0.0,0.046875,0.0,0.0,0.0,0.0,0.0,0.0,0.0,0.0,0.0,0.0,0.0,0.0,0.0,0.0,0.0,0,0,0,0,0
candidate_refresh,historical:Base,200,200,controls,8,9,0.984375,0.953125,1.0,0.984375,0.953125,1.0,0.0,0.0,0.0,0.015625,0.0,0.046875,0.015625,0.0,0.046875,0.0,0.0,0.0,0.0,0.0,0.0,0.0,0.0,0.0,0.0,0.0,0.0,1.0,1.0,1.0,1.0,1.0,1.0,0.0,0.0,0.0,0.0,0.0,0.0,0.0,0.0,0.0,0.0,0.0,0.0,0.0,0.0,0.0,0.0,0.0,0.0,0.0,0.0,0.0,0.0,0.0,0.0,0,0,0,0,0
candidate_refresh,historical:Base,200,200,role:train,8,18,0.9375,0.8125,1.0,0.9375,0.8125,1.0,0.0,0.0,0.0,0.03125,0.0,0.09375,0.03125,0.0,0.09375,0.0,0.0,0.0,0.0,0.0,0.0,0.0,0.0,0.0,0.0,0.0,0.0,0.9765625,0.9296875,1.0,0.9765625,0.9296875,1.0,0.0,0.0,0.0,0.0078125,0.0,0.0234375,0.0078125,0.0,0.0234375,0.0,0.0,0.0,0.0,0.0,0.0,0.0,0.0,0.0,0.0,0.0,0.0,0.0,0.0,0.0,0,0,0,0,0
candidate_refresh,historical:age1,200,100,all,8,18,0.8671875,0.7265625,0.96875,0.9296875,0.8203125,1.0,0.0625,0.015625,0.109375,0.0078125,0.0,0.0234375,0.015625,0.0,0.046875,0.0078125,0.0,0.0234375,0.0,0.0,0.0,0.0078125,0.0,0.0234375,0.5,0.5,0.5,0.8515625,0.7109375,0.953125,0.90625,0.78125,0.984375,0.0546875,-0.015625,0.13300781249999716,0.0,0.0,0.0,0.0,0.0,0.0,0.0,0.0,0.0,0.0234375,0.0,0.0546875,0.0,0.0,0.0,0.5,0.5,0.5,0.0078125,-0.0625,0.078125,4,2,2,1,4
candidate_refresh,historical:age1,200,100,condition:matched_buffer_control,8,9,0.984375,0.953125,1.0,0.984375,0.953125,1.0,0.0,0.0,0.0,0.015625,0.0,0.046875,0.015625,0.0,0.046875,0.0,0.0,0.0,0.0,0.0,0.0,0.0,0.0,0.0,0.0,0.0,0.0,1.0,1.0,1.0,1.0,1.0,1.0,0.0,0.0,0.0,0.0,0.0,0.0,0.0,0.0,0.0,0.0,0.0,0.0,0.0,0.0,0.0,0.0,0.0,0.0,0.0,0.0,0.0,0.0,0.0,0.0,0,0,0,0,0
candidate_refresh,historical:age1,200,100,condition:stale,8,9,0.75,0.5,0.9375,0.875,0.6875,1.0,0.125,0.03125,0.21875,0.0,0.0,0.0,0.015625,0.0,0.046875,0.015625,0.0,0.046875,0.0,0.0,0.0,0.015625,0.0,0.046875,1.0,1.0,1.0,0.703125,0.421875,0.90625,0.8125,0.5625,0.96875,0.109375,-0.03125,0.2660156249999943,0.0,0.0,0.0,0.0,0.0,0.0,0.0,0.0,0.0,0.046875,0.0,0.109375,0.0,0.0,0.0,1.0,1.0,1.0,0.015625,-0.125,0.15625,4,2,2,1,4
candidate_refresh,historical:age1,200,100,controls,8,9,0.984375,0.953125,1.0,0.984375,0.953125,1.0,0.0,0.0,0.0,0.015625,0.0,0.046875,0.015625,0.0,0.046875,0.0,0.0,0.0,0.0,0.0,0.0,0.0,0.0,0.0,0.0,0.0,0.0,1.0,1.0,1.0,1.0,1.0,1.0,0.0,0.0,0.0,0.0,0.0,0.0,0.0,0.0,0.0,0.0,0.0,0.0,0.0,0.0,0.0,0.0,0.0,0.0,0.0,0.0,0.0,0.0,0.0,0.0,0,0,0,0,0
candidate_refresh,historical:age1,200,100,role:train,8,18,0.8671875,0.7265625,0.96875,0.9296875,0.8203125,1.0,0.0625,0.015625,0.109375,0.0078125,0.0,0.0234375,0.015625,0.0,0.046875,0.0078125,0.0,0.0234375,0.0,0.0,0.0,0.0078125,0.0,0.0234375,0.5,0.5,0.5,0.8515625,0.7109375,0.953125,0.90625,0.78125,0.984375,0.0546875,-0.015625,0.13300781249999716,0.0,0.0,0.0,0.0,0.0,0.0,0.0,0.0,0.0,0.0234375,0.0,0.0546875,0.0,0.0,0.0,0.5,0.5,0.5,0.0078125,-0.0625,0.078125,4,2,2,1,4
candidate_refresh,historical:age1,200,200,all,8,18,0.9375,0.8125,1.0,0.9453125,0.8359375,1.0,0.0078125,0.0,0.0234375,0.03125,0.0,0.09375,0.03125,0.0,0.09375,0.0,0.0,0.0,0.0,0.0,0.0,0.015625,0.0,0.046875,0.5,0.5,0.5,0.9765625,0.9296875,1.0,0.9609375,0.8828125,1.0,-0.015625,-0.046875,0.0,0.0078125,0.0,0.0234375,0.0078125,0.0,0.0234375,0.0,0.0,0.0,0.0234375,0.0,0.0703125,0.0078125,0.0,0.0234375,0.5,0.5,0.5,0.0234375,0.0,0.0703125,1,0,0,1,1
candidate_refresh,historical:age1,200,200,condition:matched_buffer_control,8,9,0.984375,0.953125,1.0,0.984375,0.953125,1.0,0.0,0.0,0.0,0.015625,0.0,0.046875,0.015625,0.0,0.046875,0.0,0.0,0.0,0.0,0.0,0.0,0.0,0.0,0.0,0.0,0.0,0.0,1.0,1.0,1.0,1.0,1.0,1.0,0.0,0.0,0.0,0.0,0.0,0.0,0.0,0.0,0.0,0.0,0.0,0.0,0.0,0.0,0.0,0.0,0.0,0.0,0.0,0.0,0.0,0.0,0.0,0.0,0,0,0,0,0
candidate_refresh,historical:age1,200,200,condition:stale,8,9,0.890625,0.671875,1.0,0.90625,0.71875,1.0,0.015625,0.0,0.046875,0.046875,0.0,0.140625,0.046875,0.0,0.140625,0.0,0.0,0.0,0.0,0.0,0.0,0.03125,0.0,0.09375,1.0,1.0,1.0,0.953125,0.859375,1.0,0.921875,0.765625,1.0,-0.03125,-0.09375,0.0,0.015625,0.0,0.046875,0.015625,0.0,0.046875,0.0,0.0,0.0,0.046875,0.0,0.140625,0.015625,0.0,0.046875,1.0,1.0,1.0,0.046875,0.0,0.140625,1,0,0,1,1
candidate_refresh,historical:age1,200,200,controls,8,9,0.984375,0.953125,1.0,0.984375,0.953125,1.0,0.0,0.0,0.0,0.015625,0.0,0.046875,0.015625,0.0,0.046875,0.0,0.0,0.0,0.0,0.0,0.0,0.0,0.0,0.0,0.0,0.0,0.0,1.0,1.0,1.0,1.0,1.0,1.0,0.0,0.0,0.0,0.0,0.0,0.0,0.0,0.0,0.0,0.0,0.0,0.0,0.0,0.0,0.0,0.0,0.0,0.0,0.0,0.0,0.0,0.0,0.0,0.0,0,0,0,0,0
candidate_refresh,historical:age1,200,200,role:train,8,18,0.9375,0.8125,1.0,0.9453125,0.8359375,1.0,0.0078125,0.0,0.0234375,0.03125,0.0,0.09375,0.03125,0.0,0.09375,0.0,0.0,0.0,0.0,0.0,0.0,0.015625,0.0,0.046875,0.5,0.5,0.5,0.9765625,0.9296875,1.0,0.9609375,0.8828125,1.0,-0.015625,-0.046875,0.0,0.0078125,0.0,0.0234375,0.0078125,0.0,0.0234375,0.0,0.0,0.0,0.0234375,0.0,0.0703125,0.0078125,0.0,0.0234375,0.5,0.5,0.5,0.0234375,0.0,0.0703125,1,0,0,1,1
candidate_refresh,historical:age3,200,100,all,8,18,0.8671875,0.7265625,0.96875,0.8828125,0.7734375,0.96875,0.015625,0.0,0.046875,0.0078125,0.0,0.0234375,0.015625,0.0,0.046875,0.0078125,0.0,0.0234375,0.0,0.0,0.0,0.0078125,0.0,0.0234375,0.0625,0.0,0.1875,0.8515625,0.7109375,0.953125,0.84375,0.703125,0.953125,-0.0078125,-0.0234375,0.0,0.0,0.0,0.0,0.0,0.0,0.0,0.0,0.0,0.0,0.0078125,0.0,0.0234375,0.0,0.0,0.0,0.0625,0.0,0.1875,0.0234375,0.0,0.0703125,1,0,0,1,1
candidate_refresh,historical:age3,200,100,condition:matched_buffer_control,8,9,0.984375,0.953125,1.0,0.984375,0.953125,1.0,0.0,0.0,0.0,0.015625,0.0,0.046875,0.015625,0.0,0.046875,0.0,0.0,0.0,0.0,0.0,0.0,0.0,0.0,0.0,0.0,0.0,0.0,1.0,1.0,1.0,1.0,1.0,1.0,0.0,0.0,0.0,0.0,0.0,0.0,0.0,0.0,0.0,0.0,0.0,0.0,0.0,0.0,0.0,0.0,0.0,0.0,0.0,0.0,0.0,0.0,0.0,0.0,0,0,0,0,0
candidate_refresh,historical:age3,200,100,condition:stale,8,9,0.75,0.5,0.9375,0.78125,0.59375,0.9375,0.03125,0.0,0.09375,0.0,0.0,0.0,0.015625,0.0,0.046875,0.015625,0.0,0.046875,0.0,0.0,0.0,0.015625,0.0,0.046875,0.125,0.0,0.375,0.703125,0.421875,0.90625,0.6875,0.40625,0.90625,-0.015625,-0.046875,0.0,0.0,0.0,0.0,0.0,0.0,0.0,0.0,0.0,0.0,0.015625,0.0,0.046875,0.0,0.0,0.0,0.125,0.0,0.375,0.046875,0.0,0.140625,1,0,0,1,1
candidate_refresh,historical:age3,200,100,controls,8,9,0.984375,0.953125,1.0,0.984375,0.953125,1.0,0.0,0.0,0.0,0.015625,0.0,0.046875,0.015625,0.0,0.046875,0.0,0.0,0.0,0.0,0.0,0.0,0.0,0.0,0.0,0.0,0.0,0.0,1.0,1.0,1.0,1.0,1.0,1.0,0.0,0.0,0.0,0.0,0.0,0.0,0.0,0.0,0.0,0.0,0.0,0.0,0.0,0.0,0.0,0.0,0.0,0.0,0.0,0.0,0.0,0.0,0.0,0.0,0,0,0,0,0
candidate_refresh,historical:age3,200,100,role:train,8,18,0.8671875,0.7265625,0.96875,0.8828125,0.7734375,0.96875,0.015625,0.0,0.046875,0.0078125,0.0,0.0234375,0.015625,0.0,0.046875,0.0078125,0.0,0.0234375,0.0,0.0,0.0,0.0078125,0.0,0.0234375,0.0625,0.0,0.1875,0.8515625,0.7109375,0.953125,0.84375,0.703125,0.953125,-0.0078125,-0.0234375,0.0,0.0,0.0,0.0,0.0,0.0,0.0,0.0,0.0,0.0,0.0078125,0.0,0.0234375,0.0,0.0,0.0,0.0625,0.0,0.1875,0.0234375,0.0,0.0703125,1,0,0,1,1
candidate_refresh,historical:age3,200,200,all,8,18,0.9375,0.8125,1.0,0.9453125,0.8359375,1.0,0.0078125,0.0,0.0234375,0.03125,0.0,0.09375,0.03125,0.0,0.09375,0.0,0.0,0.0,0.0,0.0,0.0,0.015625,0.0,0.046875,0.0625,0.0,0.1875,0.9765625,0.9296875,1.0,0.9609375,0.8828125,1.0,-0.015625,-0.046875,0.0,0.0078125,0.0,0.0234375,0.0078125,0.0,0.0234375,0.0,0.0,0.0,0.0234375,0.0,0.0703125,0.0078125,0.0,0.0234375,0.0625,0.0,0.1875,0.0234375,0.0,0.0703125,1,0,0,1,1
candidate_refresh,historical:age3,200,200,condition:matched_buffer_control,8,9,0.984375,0.953125,1.0,0.984375,0.953125,1.0,0.0,0.0,0.0,0.015625,0.0,0.046875,0.015625,0.0,0.046875,0.0,0.0,0.0,0.0,0.0,0.0,0.0,0.0,0.0,0.0,0.0,0.0,1.0,1.0,1.0,1.0,1.0,1.0,0.0,0.0,0.0,0.0,0.0,0.0,0.0,0.0,0.0,0.0,0.0,0.0,0.0,0.0,0.0,0.0,0.0,0.0,0.0,0.0,0.0,0.0,0.0,0.0,0,0,0,0,0
candidate_refresh,historical:age3,200,200,condition:stale,8,9,0.890625,0.671875,1.0,0.90625,0.71875,1.0,0.015625,0.0,0.046875,0.046875,0.0,0.140625,0.046875,0.0,0.140625,0.0,0.0,0.0,0.0,0.0,0.0,0.03125,0.0,0.09375,0.125,0.0,0.375,0.953125,0.859375,1.0,0.921875,0.765625,1.0,-0.03125,-0.09375,0.0,0.015625,0.0,0.046875,0.015625,0.0,0.046875,0.0,0.0,0.0,0.046875,0.0,0.140625,0.015625,0.0,0.046875,0.125,0.0,0.375,0.046875,0.0,0.140625,1,0,0,1,1
candidate_refresh,historical:age3,200,200,controls,8,9,0.984375,0.953125,1.0,0.984375,0.953125,1.0,0.0,0.0,0.0,0.015625,0.0,0.046875,0.015625,0.0,0.046875,0.0,0.0,0.0,0.0,0.0,0.0,0.0,0.0,0.0,0.0,0.0,0.0,1.0,1.0,1.0,1.0,1.0,1.0,0.0,0.0,0.0,0.0,0.0,0.0,0.0,0.0,0.0,0.0,0.0,0.0,0.0,0.0,0.0,0.0,0.0,0.0,0.0,0.0,0.0,0.0,0.0,0.0,0,0,0,0,0
candidate_refresh,historical:age3,200,200,role:train,8,18,0.9375,0.8125,1.0,0.9453125,0.8359375,1.0,0.0078125,0.0,0.0234375,0.03125,0.0,0.09375,0.03125,0.0,0.09375,0.0,0.0,0.0,0.0,0.0,0.0,0.015625,0.0,0.046875,0.0625,0.0,0.1875,0.9765625,0.9296875,1.0,0.9609375,0.8828125,1.0,-0.015625,-0.046875,0.0,0.0078125,0.0,0.0234375,0.0078125,0.0,0.0234375,0.0,0.0,0.0,0.0234375,0.0,0.0703125,0.0078125,0.0,0.0234375,0.0625,0.0,0.1875,0.0234375,0.0,0.0703125,1,0,0,1,1
candidate_refresh,historical:age5,200,100,all,8,18,0.8671875,0.7265625,0.96875,0.8671875,0.7265625,0.96875,0.0,0.0,0.0,0.0078125,0.0,0.0234375,0.0078125,0.0,0.0234375,0.0,0.0,0.0,0.0,0.0,0.0,0.0,0.0,0.0,0.0,0.0,0.0,0.8515625,0.7109375,0.953125,0.8515625,0.7109375,0.953125,0.0,0.0,0.0,0.0,0.0,0.0,0.0,0.0,0.0,0.0,0.0,0.0,0.0,0.0,0.0,0.0,0.0,0.0,0.0,0.0,0.0,0.0,0.0,0.0,0,0,0,0,0
candidate_refresh,historical:age5,200,100,condition:matched_buffer_control,8,9,0.984375,0.953125,1.0,0.984375,0.953125,1.0,0.0,0.0,0.0,0.015625,0.0,0.046875,0.015625,0.0,0.046875,0.0,0.0,0.0,0.0,0.0,0.0,0.0,0.0,0.0,0.0,0.0,0.0,1.0,1.0,1.0,1.0,1.0,1.0,0.0,0.0,0.0,0.0,0.0,0.0,0.0,0.0,0.0,0.0,0.0,0.0,0.0,0.0,0.0,0.0,0.0,0.0,0.0,0.0,0.0,0.0,0.0,0.0,0,0,0,0,0
candidate_refresh,historical:age5,200,100,condition:stale,8,9,0.75,0.5,0.9375,0.75,0.5,0.9375,0.0,0.0,0.0,0.0,0.0,0.0,0.0,0.0,0.0,0.0,0.0,0.0,0.0,0.0,0.0,0.0,0.0,0.0,0.0,0.0,0.0,0.703125,0.421875,0.90625,0.703125,0.421875,0.90625,0.0,0.0,0.0,0.0,0.0,0.0,0.0,0.0,0.0,0.0,0.0,0.0,0.0,0.0,0.0,0.0,0.0,0.0,0.0,0.0,0.0,0.0,0.0,0.0,0,0,0,0,0
candidate_refresh,historical:age5,200,100,controls,8,9,0.984375,0.953125,1.0,0.984375,0.953125,1.0,0.0,0.0,0.0,0.015625,0.0,0.046875,0.015625,0.0,0.046875,0.0,0.0,0.0,0.0,0.0,0.0,0.0,0.0,0.0,0.0,0.0,0.0,1.0,1.0,1.0,1.0,1.0,1.0,0.0,0.0,0.0,0.0,0.0,0.0,0.0,0.0,0.0,0.0,0.0,0.0,0.0,0.0,0.0,0.0,0.0,0.0,0.0,0.0,0.0,0.0,0.0,0.0,0,0,0,0,0
candidate_refresh,historical:age5,200,100,role:train,8,18,0.8671875,0.7265625,0.96875,0.8671875,0.7265625,0.96875,0.0,0.0,0.0,0.0078125,0.0,0.0234375,0.0078125,0.0,0.0234375,0.0,0.0,0.0,0.0,0.0,0.0,0.0,0.0,0.0,0.0,0.0,0.0,0.8515625,0.7109375,0.953125,0.8515625,0.7109375,0.953125,0.0,0.0,0.0,0.0,0.0,0.0,0.0,0.0,0.0,0.0,0.0,0.0,0.0,0.0,0.0,0.0,0.0,0.0,0.0,0.0,0.0,0.0,0.0,0.0,0,0,0,0,0
candidate_refresh,historical:age5,200,200,all,8,18,0.9375,0.8125,1.0,0.9375,0.8125,1.0,0.0,0.0,0.0,0.03125,0.0,0.09375,0.03125,0.0,0.09375,0.0,0.0,0.0,0.0,0.0,0.0,0.0,0.0,0.0,0.0,0.0,0.0,0.9765625,0.9296875,1.0,0.9765625,0.9296875,1.0,0.0,0.0,0.0,0.0078125,0.0,0.0234375,0.0078125,0.0,0.0234375,0.0,0.0,0.0,0.0,0.0,0.0,0.0,0.0,0.0,0.0,0.0,0.0,0.0,0.0,0.0,0,0,0,0,0
candidate_refresh,historical:age5,200,200,condition:matched_buffer_control,8,9,0.984375,0.953125,1.0,0.984375,0.953125,1.0,0.0,0.0,0.0,0.015625,0.0,0.046875,0.015625,0.0,0.046875,0.0,0.0,0.0,0.0,0.0,0.0,0.0,0.0,0.0,0.0,0.0,0.0,1.0,1.0,1.0,1.0,1.0,1.0,0.0,0.0,0.0,0.0,0.0,0.0,0.0,0.0,0.0,0.0,0.0,0.0,0.0,0.0,0.0,0.0,0.0,0.0,0.0,0.0,0.0,0.0,0.0,0.0,0,0,0,0,0
candidate_refresh,historical:age5,200,200,condition:stale,8,9,0.890625,0.671875,1.0,0.890625,0.671875,1.0,0.0,0.0,0.0,0.046875,0.0,0.140625,0.046875,0.0,0.140625,0.0,0.0,0.0,0.0,0.0,0.0,0.0,0.0,0.0,0.0,0.0,0.0,0.953125,0.859375,1.0,0.953125,0.859375,1.0,0.0,0.0,0.0,0.015625,0.0,0.046875,0.015625,0.0,0.046875,0.0,0.0,0.0,0.0,0.0,0.0,0.0,0.0,0.0,0.0,0.0,0.0,0.0,0.0,0.0,0,0,0,0,0
candidate_refresh,historical:age5,200,200,controls,8,9,0.984375,0.953125,1.0,0.984375,0.953125,1.0,0.0,0.0,0.0,0.015625,0.0,0.046875,0.015625,0.0,0.046875,0.0,0.0,0.0,0.0,0.0,0.0,0.0,0.0,0.0,0.0,0.0,0.0,1.0,1.0,1.0,1.0,1.0,1.0,0.0,0.0,0.0,0.0,0.0,0.0,0.0,0.0,0.0,0.0,0.0,0.0,0.0,0.0,0.0,0.0,0.0,0.0,0.0,0.0,0.0,0.0,0.0,0.0,0,0,0,0,0
candidate_refresh,historical:age5,200,200,role:train,8,18,0.9375,0.8125,1.0,0.9375,0.8125,1.0,0.0,0.0,0.0,0.03125,0.0,0.09375,0.03125,0.0,0.09375,0.0,0.0,0.0,0.0,0.0,0.0,0.0,0.0,0.0,0.0,0.0,0.0,0.9765625,0.9296875,1.0,0.9765625,0.9296875,1.0,0.0,0.0,0.0,0.0078125,0.0,0.0234375,0.0078125,0.0,0.0234375,0.0,0.0,0.0,0.0,0.0,0.0,0.0,0.0,0.0,0.0,0.0,0.0,0.0,0.0,0.0,0,0,0,0,0
candidate_refresh,historical:period10,200,100,all,8,18,0.8671875,0.7265625,0.96875,0.8828125,0.7421875,0.984375,0.015625,0.0,0.046875,0.0078125,0.0,0.0234375,0.0078125,0.0,0.0234375,0.0,0.0,0.0,0.0,0.0,0.0,0.0,0.0,0.0,0.125,0.0,0.375,0.8515625,0.7109375,0.953125,0.8515625,0.7109375,0.953125,0.0,0.0,0.0,0.0,0.0,0.0,0.0,0.0,0.0,0.0,0.0,0.0,0.0,0.0,0.0,0.0,0.0,0.0,0.125,0.0,0.375,0.015625,0.0,0.046875,1,0,0,0,1
candidate_refresh,historical:period10,200,100,condition:matched_buffer_control,8,9,0.984375,0.953125,1.0,0.984375,0.953125,1.0,0.0,0.0,0.0,0.015625,0.0,0.046875,0.015625,0.0,0.046875,0.0,0.0,0.0,0.0,0.0,0.0,0.0,0.0,0.0,0.125,0.0,0.375,1.0,1.0,1.0,1.0,1.0,1.0,0.0,0.0,0.0,0.0,0.0,0.0,0.0,0.0,0.0,0.0,0.0,0.0,0.0,0.0,0.0,0.0,0.0,0.0,0.125,0.0,0.375,0.0,0.0,0.0,0,0,0,0,0
candidate_refresh,historical:period10,200,100,condition:stale,8,9,0.75,0.5,0.9375,0.78125,0.53125,0.96875,0.03125,0.0,0.09375,0.0,0.0,0.0,0.0,0.0,0.0,0.0,0.0,0.0,0.0,0.0,0.0,0.0,0.0,0.0,0.125,0.0,0.375,0.703125,0.421875,0.90625,0.703125,0.421875,0.90625,0.0,0.0,0.0,0.0,0.0,0.0,0.0,0.0,0.0,0.0,0.0,0.0,0.0,0.0,0.0,0.0,0.0,0.0,0.125,0.0,0.375,0.03125,0.0,0.09375,1,0,0,0,1
candidate_refresh,historical:period10,200,100,controls,8,9,0.984375,0.953125,1.0,0.984375,0.953125,1.0,0.0,0.0,0.0,0.015625,0.0,0.046875,0.015625,0.0,0.046875,0.0,0.0,0.0,0.0,0.0,0.0,0.0,0.0,0.0,0.125,0.0,0.375,1.0,1.0,1.0,1.0,1.0,1.0,0.0,0.0,0.0,0.0,0.0,0.0,0.0,0.0,0.0,0.0,0.0,0.0,0.0,0.0,0.0,0.0,0.0,0.0,0.125,0.0,0.375,0.0,0.0,0.0,0,0,0,0,0
candidate_refresh,historical:period10,200,100,role:train,8,18,0.8671875,0.7265625,0.96875,0.8828125,0.7421875,0.984375,0.015625,0.0,0.046875,0.0078125,0.0,0.0234375,0.0078125,0.0,0.0234375,0.0,0.0,0.0,0.0,0.0,0.0,0.0,0.0,0.0,0.125,0.0,0.375,0.8515625,0.7109375,0.953125,0.8515625,0.7109375,0.953125,0.0,0.0,0.0,0.0,0.0,0.0,0.0,0.0,0.0,0.0,0.0,0.0,0.0,0.0,0.0,0.0,0.0,0.0,0.125,0.0,0.375,0.015625,0.0,0.046875,1,0,0,0,1
candidate_refresh,historical:period10,200,200,all,8,18,0.9375,0.8125,1.0,0.9375,0.8125,1.0,0.0,0.0,0.0,0.03125,0.0,0.09375,0.03125,0.0,0.09375,0.0,0.0,0.0,0.0,0.0,0.0,0.0,0.0,0.0,0.125,0.0,0.375,0.9765625,0.9296875,1.0,0.9765625,0.9296875,1.0,0.0,0.0,0.0,0.0078125,0.0,0.0234375,0.0078125,0.0,0.0234375,0.0,0.0,0.0,0.0,0.0,0.0,0.0,0.0,0.0,0.125,0.0,0.375,0.0,0.0,0.0,0,0,0,0,0
candidate_refresh,historical:period10,200,200,condition:matched_buffer_control,8,9,0.984375,0.953125,1.0,0.984375,0.953125,1.0,0.0,0.0,0.0,0.015625,0.0,0.046875,0.015625,0.0,0.046875,0.0,0.0,0.0,0.0,0.0,0.0,0.0,0.0,0.0,0.125,0.0,0.375,1.0,1.0,1.0,1.0,1.0,1.0,0.0,0.0,0.0,0.0,0.0,0.0,0.0,0.0,0.0,0.0,0.0,0.0,0.0,0.0,0.0,0.0,0.0,0.0,0.125,0.0,0.375,0.0,0.0,0.0,0,0,0,0,0
candidate_refresh,historical:period10,200,200,condition:stale,8,9,0.890625,0.671875,1.0,0.890625,0.671875,1.0,0.0,0.0,0.0,0.046875,0.0,0.140625,0.046875,0.0,0.140625,0.0,0.0,0.0,0.0,0.0,0.0,0.0,0.0,0.0,0.125,0.0,0.375,0.953125,0.859375,1.0,0.953125,0.859375,1.0,0.0,0.0,0.0,0.015625,0.0,0.046875,0.015625,0.0,0.046875,0.0,0.0,0.0,0.0,0.0,0.0,0.0,0.0,0.0,0.125,0.0,0.375,0.0,0.0,0.0,0,0,0,0,0
candidate_refresh,historical:period10,200,200,controls,8,9,0.984375,0.953125,1.0,0.984375,0.953125,1.0,0.0,0.0,0.0,0.015625,0.0,0.046875,0.015625,0.0,0.046875,0.0,0.0,0.0,0.0,0.0,0.0,0.0,0.0,0.0,0.125,0.0,0.375,1.0,1.0,1.0,1.0,1.0,1.0,0.0,0.0,0.0,0.0,0.0,0.0,0.0,0.0,0.0,0.0,0.0,0.0,0.0,0.0,0.0,0.0,0.0,0.0,0.125,0.0,0.375,0.0,0.0,0.0,0,0,0,0,0
candidate_refresh,historical:period10,200,200,role:train,8,18,0.9375,0.8125,1.0,0.9375,0.8125,1.0,0.0,0.0,0.0,0.03125,0.0,0.09375,0.03125,0.0,0.09375,0.0,0.0,0.0,0.0,0.0,0.0,0.0,0.0,0.0,0.125,0.0,0.375,0.9765625,0.9296875,1.0,0.9765625,0.9296875,1.0,0.0,0.0,0.0,0.0078125,0.0,0.0234375,0.0078125,0.0,0.0234375,0.0,0.0,0.0,0.0,0.0,0.0,0.0,0.0,0.0,0.125,0.0,0.375,0.0,0.0,0.0,0,0,0,0,0
candidate_refresh,historical:A_reference,200,100,all,8,18,0.8671875,0.7265625,0.96875,0.890625,0.796875,0.96875,0.0234375,0.0,0.0703125,0.0078125,0.0,0.0234375,0.0078125,0.0,0.0234375,0.0,0.0,0.0,0.0,0.0,0.0,0.0078125,0.0,0.0234375,0.0625,0.0,0.1875,0.8515625,0.7109375,0.953125,0.84375,0.703125,0.953125,-0.0078125,-0.0234375,0.0,0.0,0.0,0.0,0.0,0.0,0.0,0.0,0.0,0.0,0.0078125,0.0,0.0234375,0.0,0.0,0.0,0.0625,0.0,0.1875,0.03125,0.0,0.09375,1,0,0,1,1
candidate_refresh,historical:A_reference,200,100,condition:matched_buffer_control,8,9,0.984375,0.953125,1.0,1.0,1.0,1.0,0.015625,0.0,0.046875,0.015625,0.0,0.046875,0.0,0.0,0.0,-0.015625,-0.046875,0.0,0.0,0.0,0.0,0.0,0.0,0.0,0.0625,0.0,0.1875,1.0,1.0,1.0,1.0,1.0,1.0,0.0,0.0,0.0,0.0,0.0,0.0,0.0,0.0,0.0,0.0,0.0,0.0,0.0,0.0,0.0,0.0,0.0,0.0,0.0625,0.0,0.1875,0.015625,0.0,0.046875,1,0,0,0,1
candidate_refresh,historical:A_reference,200,100,condition:stale,8,9,0.75,0.5,0.9375,0.78125,0.59375,0.9375,0.03125,0.0,0.09375,0.0,0.0,0.0,0.015625,0.0,0.046875,0.015625,0.0,0.046875,0.0,0.0,0.0,0.015625,0.0,0.046875,0.0625,0.0,0.1875,0.703125,0.421875,0.90625,0.6875,0.40625,0.90625,-0.015625,-0.046875,0.0,0.0,0.0,0.0,0.0,0.0,0.0,0.0,0.0,0.0,0.015625,0.0,0.046875,0.0,0.0,0.0,0.0625,0.0,0.1875,0.046875,0.0,0.140625,1,0,0,1,1
candidate_refresh,historical:A_reference,200,100,controls,8,9,0.984375,0.953125,1.0,1.0,1.0,1.0,0.015625,0.0,0.046875,0.015625,0.0,0.046875,0.0,0.0,0.0,-0.015625,-0.046875,0.0,0.0,0.0,0.0,0.0,0.0,0.0,0.0625,0.0,0.1875,1.0,1.0,1.0,1.0,1.0,1.0,0.0,0.0,0.0,0.0,0.0,0.0,0.0,0.0,0.0,0.0,0.0,0.0,0.0,0.0,0.0,0.0,0.0,0.0,0.0625,0.0,0.1875,0.015625,0.0,0.046875,1,0,0,0,1
candidate_refresh,historical:A_reference,200,100,role:train,8,18,0.8671875,0.7265625,0.96875,0.890625,0.796875,0.96875,0.0234375,0.0,0.0703125,0.0078125,0.0,0.0234375,0.0078125,0.0,0.0234375,0.0,0.0,0.0,0.0,0.0,0.0,0.0078125,0.0,0.0234375,0.0625,0.0,0.1875,0.8515625,0.7109375,0.953125,0.84375,0.703125,0.953125,-0.0078125,-0.0234375,0.0,0.0,0.0,0.0,0.0,0.0,0.0,0.0,0.0,0.0,0.0078125,0.0,0.0234375,0.0,0.0,0.0,0.0625,0.0,0.1875,0.03125,0.0,0.09375,1,0,0,1,1
candidate_refresh,historical:A_reference,200,200,all,8,18,0.9375,0.8125,1.0,0.953125,0.859375,1.0,0.015625,0.0,0.046875,0.03125,0.0,0.09375,0.0234375,0.0,0.0703125,-0.0078125,-0.0234375,0.0,0.0,0.0,0.0,0.0,0.0,0.0,0.0625,0.0,0.1875,0.9765625,0.9296875,1.0,0.9765625,0.9296875,1.0,0.0,0.0,0.0,0.0078125,0.0,0.0234375,0.015625,0.0,0.046875,0.0078125,0.0,0.0234375,0.0078125,0.0,0.0234375,0.0078125,0.0,0.0234375,0.0625,0.0,0.1875,0.015625,0.0,0.046875,1,0,0,0,1
candidate_refresh,historical:A_reference,200,200,condition:matched_buffer_control,8,9,0.984375,0.953125,1.0,1.0,1.0,1.0,0.015625,0.0,0.046875,0.015625,0.0,0.046875,0.0,0.0,0.0,-0.015625,-0.046875,0.0,0.0,0.0,0.0,0.0,0.0,0.0,0.0625,0.0,0.1875,1.0,1.0,1.0,1.0,1.0,1.0,0.0,0.0,0.0,0.0,0.0,0.0,0.0,0.0,0.0,0.0,0.0,0.0,0.0,0.0,0.0,0.0,0.0,0.0,0.0625,0.0,0.1875,0.015625,0.0,0.046875,1,0,0,0,1
candidate_refresh,historical:A_reference,200,200,condition:stale,8,9,0.890625,0.671875,1.0,0.90625,0.71875,1.0,0.015625,0.0,0.046875,0.046875,0.0,0.140625,0.046875,0.0,0.140625,0.0,0.0,0.0,0.0,0.0,0.0,0.0,0.0,0.0,0.0625,0.0,0.1875,0.953125,0.859375,1.0,0.953125,0.859375,1.0,0.0,0.0,0.0,0.015625,0.0,0.046875,0.03125,0.0,0.09375,0.015625,0.0,0.046875,0.015625,0.0,0.046875,0.015625,0.0,0.046875,0.0625,0.0,0.1875,0.015625,0.0,0.046875,1,0,0,0,1
candidate_refresh,historical:A_reference,200,200,controls,8,9,0.984375,0.953125,1.0,1.0,1.0,1.0,0.015625,0.0,0.046875,0.015625,0.0,0.046875,0.0,0.0,0.0,-0.015625,-0.046875,0.0,0.0,0.0,0.0,0.0,0.0,0.0,0.0625,0.0,0.1875,1.0,1.0,1.0,1.0,1.0,1.0,0.0,0.0,0.0,0.0,0.0,0.0,0.0,0.0,0.0,0.0,0.0,0.0,0.0,0.0,0.0,0.0,0.0,0.0,0.0625,0.0,0.1875,0.015625,0.0,0.046875,1,0,0,0,1
candidate_refresh,historical:A_reference,200,200,role:train,8,18,0.9375,0.8125,1.0,0.953125,0.859375,1.0,0.015625,0.0,0.046875,0.03125,0.0,0.09375,0.0234375,0.0,0.0703125,-0.0078125,-0.0234375,0.0,0.0,0.0,0.0,0.0,0.0,0.0,0.0625,0.0,0.1875,0.9765625,0.9296875,1.0,0.9765625,0.9296875,1.0,0.0,0.0,0.0,0.0078125,0.0,0.0234375,0.015625,0.0,0.046875,0.0078125,0.0,0.0234375,0.0078125,0.0,0.0234375,0.0078125,0.0,0.0234375,0.0625,0.0,0.1875,0.015625,0.0,0.046875,1,0,0,0,1
selection_retest,real_full,100,100,all,12,24,0.6666666666666666,0.5416666666666666,0.7916666666666666,0.6666666666666666,0.5416666666666666,0.7916666666666666,0.0,0.0,0.0,0.125,0.0,0.25,0.125,0.0,0.25,0.0,0.0,0.0,0.0,0.0,0.0,0.0,0.0,0.0,0.0,0.0,0.0,0.6666666666666666,0.5416666666666666,0.7916666666666666,0.6666666666666666,0.5416666666666666,0.7916666666666666,0.0,0.0,0.0,0.125,0.0,0.25,0.125,0.0,0.25,0.0,0.0,0.0,0.0,0.0,0.0,0.0,0.0,0.0,0.0,0.0,0.0,0.0,0.0,0.0,0,0,0,0,0
selection_retest,real_full,100,100,condition:matched_buffer_control,12,12,1.0,1.0,1.0,1.0,1.0,1.0,0.0,0.0,0.0,0.0,0.0,0.0,0.0,0.0,0.0,0.0,0.0,0.0,0.0,0.0,0.0,0.0,0.0,0.0,0.0,0.0,0.0,1.0,1.0,1.0,1.0,1.0,1.0,0.0,0.0,0.0,0.0,0.0,0.0,0.0,0.0,0.0,0.0,0.0,0.0,0.0,0.0,0.0,0.0,0.0,0.0,0.0,0.0,0.0,0.0,0.0,0.0,0,0,0,0,0
selection_retest,real_full,100,100,condition:stale,12,12,0.3333333333333333,0.08333333333333333,0.5833333333333334,0.3333333333333333,0.08333333333333333,0.5833333333333334,0.0,0.0,0.0,0.25,0.0,0.5,0.25,0.0,0.5,0.0,0.0,0.0,0.0,0.0,0.0,0.0,0.0,0.0,0.0,0.0,0.0,0.3333333333333333,0.08333333333333333,0.5833333333333334,0.3333333333333333,0.08333333333333333,0.5833333333333334,0.0,0.0,0.0,0.25,0.0,0.5,0.25,0.0,0.5,0.0,0.0,0.0,0.0,0.0,0.0,0.0,0.0,0.0,0.0,0.0,0.0,0.0,0.0,0.0,0,0,0,0,0
selection_retest,real_full,100,100,controls,12,12,1.0,1.0,1.0,1.0,1.0,1.0,0.0,0.0,0.0,0.0,0.0,0.0,0.0,0.0,0.0,0.0,0.0,0.0,0.0,0.0,0.0,0.0,0.0,0.0,0.0,0.0,0.0,1.0,1.0,1.0,1.0,1.0,1.0,0.0,0.0,0.0,0.0,0.0,0.0,0.0,0.0,0.0,0.0,0.0,0.0,0.0,0.0,0.0,0.0,0.0,0.0,0.0,0.0,0.0,0.0,0.0,0.0,0,0,0,0,0
selection_retest,real_full,100,100,role:train,12,24,0.6666666666666666,0.5416666666666666,0.7916666666666666,0.6666666666666666,0.5416666666666666,0.7916666666666666,0.0,0.0,0.0,0.125,0.0,0.25,0.125,0.0,0.25,0.0,0.0,0.0,0.0,0.0,0.0,0.0,0.0,0.0,0.0,0.0,0.0,0.6666666666666666,0.5416666666666666,0.7916666666666666,0.6666666666666666,0.5416666666666666,0.7916666666666666,0.0,0.0,0.0,0.125,0.0,0.25,0.125,0.0,0.25,0.0,0.0,0.0,0.0,0.0,0.0,0.0,0.0,0.0,0.0,0.0,0.0,0.0,0.0,0.0,0,0,0,0,0
selection_retest,real_one,100,100,all,12,24,0.6666666666666666,0.5416666666666666,0.7916666666666666,0.6666666666666666,0.5416666666666666,0.7916666666666666,0.0,0.0,0.0,0.125,0.0,0.25,0.125,0.0,0.25,0.0,0.0,0.0,0.0,0.0,0.0,0.0,0.0,0.0,0.0,0.0,0.0,0.6666666666666666,0.5416666666666666,0.7916666666666666,0.6666666666666666,0.5416666666666666,0.7916666666666666,0.0,0.0,0.0,0.125,0.0,0.25,0.125,0.0,0.25,0.0,0.0,0.0,0.0,0.0,0.0,0.0,0.0,0.0,0.0,0.0,0.0,0.0,0.0,0.0,0,0,0,0,0
selection_retest,real_one,100,100,condition:matched_buffer_control,12,12,1.0,1.0,1.0,1.0,1.0,1.0,0.0,0.0,0.0,0.0,0.0,0.0,0.0,0.0,0.0,0.0,0.0,0.0,0.0,0.0,0.0,0.0,0.0,0.0,0.0,0.0,0.0,1.0,1.0,1.0,1.0,1.0,1.0,0.0,0.0,0.0,0.0,0.0,0.0,0.0,0.0,0.0,0.0,0.0,0.0,0.0,0.0,0.0,0.0,0.0,0.0,0.0,0.0,0.0,0.0,0.0,0.0,0,0,0,0,0
selection_retest,real_one,100,100,condition:stale,12,12,0.3333333333333333,0.08333333333333333,0.5833333333333334,0.3333333333333333,0.08333333333333333,0.5833333333333334,0.0,0.0,0.0,0.25,0.0,0.5,0.25,0.0,0.5,0.0,0.0,0.0,0.0,0.0,0.0,0.0,0.0,0.0,0.0,0.0,0.0,0.3333333333333333,0.08333333333333333,0.5833333333333334,0.3333333333333333,0.08333333333333333,0.5833333333333334,0.0,0.0,0.0,0.25,0.0,0.5,0.25,0.0,0.5,0.0,0.0,0.0,0.0,0.0,0.0,0.0,0.0,0.0,0.0,0.0,0.0,0.0,0.0,0.0,0,0,0,0,0
selection_retest,real_one,100,100,controls,12,12,1.0,1.0,1.0,1.0,1.0,1.0,0.0,0.0,0.0,0.0,0.0,0.0,0.0,0.0,0.0,0.0,0.0,0.0,0.0,0.0,0.0,0.0,0.0,0.0,0.0,0.0,0.0,1.0,1.0,1.0,1.0,1.0,1.0,0.0,0.0,0.0,0.0,0.0,0.0,0.0,0.0,0.0,0.0,0.0,0.0,0.0,0.0,0.0,0.0,0.0,0.0,0.0,0.0,0.0,0.0,0.0,0.0,0,0,0,0,0
selection_retest,real_one,100,100,role:train,12,24,0.6666666666666666,0.5416666666666666,0.7916666666666666,0.6666666666666666,0.5416666666666666,0.7916666666666666,0.0,0.0,0.0,0.125,0.0,0.25,0.125,0.0,0.25,0.0,0.0,0.0,0.0,0.0,0.0,0.0,0.0,0.0,0.0,0.0,0.0,0.6666666666666666,0.5416666666666666,0.7916666666666666,0.6666666666666666,0.5416666666666666,0.7916666666666666,0.0,0.0,0.0,0.125,0.0,0.25,0.125,0.0,0.25,0.0,0.0,0.0,0.0,0.0,0.0,0.0,0.0,0.0,0.0,0.0,0.0,0.0,0.0,0.0,0,0,0,0,0
selection_retest,pseudo_one,100,100,all,12,24,0.6666666666666666,0.5416666666666666,0.7916666666666666,0.6666666666666666,0.5416666666666666,0.7916666666666666,0.0,0.0,0.0,0.125,0.0,0.25,0.125,0.0,0.25,0.0,0.0,0.0,0.0,0.0,0.0,0.0,0.0,0.0,0.0,0.0,0.0,0.6666666666666666,0.5416666666666666,0.7916666666666666,0.6666666666666666,0.5416666666666666,0.7916666666666666,0.0,0.0,0.0,0.125,0.0,0.25,0.125,0.0,0.25,0.0,0.0,0.0,0.0,0.0,0.0,0.0,0.0,0.0,0.0,0.0,0.0,0.0,0.0,0.0,0,0,0,0,0
selection_retest,pseudo_one,100,100,condition:matched_buffer_control,12,12,1.0,1.0,1.0,1.0,1.0,1.0,0.0,0.0,0.0,0.0,0.0,0.0,0.0,0.0,0.0,0.0,0.0,0.0,0.0,0.0,0.0,0.0,0.0,0.0,0.0,0.0,0.0,1.0,1.0,1.0,1.0,1.0,1.0,0.0,0.0,0.0,0.0,0.0,0.0,0.0,0.0,0.0,0.0,0.0,0.0,0.0,0.0,0.0,0.0,0.0,0.0,0.0,0.0,0.0,0.0,0.0,0.0,0,0,0,0,0
selection_retest,pseudo_one,100,100,condition:stale,12,12,0.3333333333333333,0.08333333333333333,0.5833333333333334,0.3333333333333333,0.08333333333333333,0.5833333333333334,0.0,0.0,0.0,0.25,0.0,0.5,0.25,0.0,0.5,0.0,0.0,0.0,0.0,0.0,0.0,0.0,0.0,0.0,0.0,0.0,0.0,0.3333333333333333,0.08333333333333333,0.5833333333333334,0.3333333333333333,0.08333333333333333,0.5833333333333334,0.0,0.0,0.0,0.25,0.0,0.5,0.25,0.0,0.5,0.0,0.0,0.0,0.0,0.0,0.0,0.0,0.0,0.0,0.0,0.0,0.0,0.0,0.0,0.0,0,0,0,0,0
selection_retest,pseudo_one,100,100,controls,12,12,1.0,1.0,1.0,1.0,1.0,1.0,0.0,0.0,0.0,0.0,0.0,0.0,0.0,0.0,0.0,0.0,0.0,0.0,0.0,0.0,0.0,0.0,0.0,0.0,0.0,0.0,0.0,1.0,1.0,1.0,1.0,1.0,1.0,0.0,0.0,0.0,0.0,0.0,0.0,0.0,0.0,0.0,0.0,0.0,0.0,0.0,0.0,0.0,0.0,0.0,0.0,0.0,0.0,0.0,0.0,0.0,0.0,0,0,0,0,0
selection_retest,pseudo_one,100,100,role:train,12,24,0.6666666666666666,0.5416666666666666,0.7916666666666666,0.6666666666666666,0.5416666666666666,0.7916666666666666,0.0,0.0,0.0,0.125,0.0,0.25,0.125,0.0,0.25,0.0,0.0,0.0,0.0,0.0,0.0,0.0,0.0,0.0,0.0,0.0,0.0,0.6666666666666666,0.5416666666666666,0.7916666666666666,0.6666666666666666,0.5416666666666666,0.7916666666666666,0.0,0.0,0.0,0.125,0.0,0.25,0.125,0.0,0.25,0.0,0.0,0.0,0.0,0.0,0.0,0.0,0.0,0.0,0.0,0.0,0.0,0.0,0.0,0.0,0,0,0,0,0
selection_retest,pseudo_one_swapped,100,100,all,12,24,0.6666666666666666,0.5416666666666666,0.7916666666666666,0.6666666666666666,0.5416666666666666,0.7916666666666666,0.0,0.0,0.0,0.125,0.0,0.25,0.125,0.0,0.25,0.0,0.0,0.0,0.0,0.0,0.0,0.0,0.0,0.0,0.0,0.0,0.0,0.6666666666666666,0.5416666666666666,0.7916666666666666,0.6666666666666666,0.5416666666666666,0.7916666666666666,0.0,0.0,0.0,0.125,0.0,0.25,0.125,0.0,0.25,0.0,0.0,0.0,0.0,0.0,0.0,0.0,0.0,0.0,0.0,0.0,0.0,0.0,0.0,0.0,0,0,0,0,0
selection_retest,pseudo_one_swapped,100,100,condition:matched_buffer_control,12,12,1.0,1.0,1.0,1.0,1.0,1.0,0.0,0.0,0.0,0.0,0.0,0.0,0.0,0.0,0.0,0.0,0.0,0.0,0.0,0.0,0.0,0.0,0.0,0.0,0.0,0.0,0.0,1.0,1.0,1.0,1.0,1.0,1.0,0.0,0.0,0.0,0.0,0.0,0.0,0.0,0.0,0.0,0.0,0.0,0.0,0.0,0.0,0.0,0.0,0.0,0.0,0.0,0.0,0.0,0.0,0.0,0.0,0,0,0,0,0
selection_retest,pseudo_one_swapped,100,100,condition:stale,12,12,0.3333333333333333,0.08333333333333333,0.5833333333333334,0.3333333333333333,0.08333333333333333,0.5833333333333334,0.0,0.0,0.0,0.25,0.0,0.5,0.25,0.0,0.5,0.0,0.0,0.0,0.0,0.0,0.0,0.0,0.0,0.0,0.0,0.0,0.0,0.3333333333333333,0.08333333333333333,0.5833333333333334,0.3333333333333333,0.08333333333333333,0.5833333333333334,0.0,0.0,0.0,0.25,0.0,0.5,0.25,0.0,0.5,0.0,0.0,0.0,0.0,0.0,0.0,0.0,0.0,0.0,0.0,0.0,0.0,0.0,0.0,0.0,0,0,0,0,0
selection_retest,pseudo_one_swapped,100,100,controls,12,12,1.0,1.0,1.0,1.0,1.0,1.0,0.0,0.0,0.0,0.0,0.0,0.0,0.0,0.0,0.0,0.0,0.0,0.0,0.0,0.0,0.0,0.0,0.0,0.0,0.0,0.0,0.0,1.0,1.0,1.0,1.0,1.0,1.0,0.0,0.0,0.0,0.0,0.0,0.0,0.0,0.0,0.0,0.0,0.0,0.0,0.0,0.0,0.0,0.0,0.0,0.0,0.0,0.0,0.0,0.0,0.0,0.0,0,0,0,0,0
selection_retest,pseudo_one_swapped,100,100,role:train,12,24,0.6666666666666666,0.5416666666666666,0.7916666666666666,0.6666666666666666,0.5416666666666666,0.7916666666666666,0.0,0.0,0.0,0.125,0.0,0.25,0.125,0.0,0.25,0.0,0.0,0.0,0.0,0.0,0.0,0.0,0.0,0.0,0.0,0.0,0.0,0.6666666666666666,0.5416666666666666,0.7916666666666666,0.6666666666666666,0.5416666666666666,0.7916666666666666,0.0,0.0,0.0,0.125,0.0,0.25,0.125,0.0,0.25,0.0,0.0,0.0,0.0,0.0,0.0,0.0,0.0,0.0,0.0,0.0,0.0,0.0,0.0,0.0,0,0,0,0,0
selection_retest,real_two,100,100,all,12,24,0.6666666666666666,0.5416666666666666,0.7916666666666666,0.6666666666666666,0.5416666666666666,0.7916666666666666,0.0,0.0,0.0,0.125,0.0,0.25,0.125,0.0,0.25,0.0,0.0,0.0,0.0,0.0,0.0,0.0,0.0,0.0,0.0,0.0,0.0,0.6666666666666666,0.5416666666666666,0.7916666666666666,0.6666666666666666,0.5416666666666666,0.7916666666666666,0.0,0.0,0.0,0.125,0.0,0.25,0.125,0.0,0.25,0.0,0.0,0.0,0.0,0.0,0.0,0.0,0.0,0.0,0.0,0.0,0.0,0.0,0.0,0.0,0,0,0,0,0
selection_retest,real_two,100,100,condition:matched_buffer_control,12,12,1.0,1.0,1.0,1.0,1.0,1.0,0.0,0.0,0.0,0.0,0.0,0.0,0.0,0.0,0.0,0.0,0.0,0.0,0.0,0.0,0.0,0.0,0.0,0.0,0.0,0.0,0.0,1.0,1.0,1.0,1.0,1.0,1.0,0.0,0.0,0.0,0.0,0.0,0.0,0.0,0.0,0.0,0.0,0.0,0.0,0.0,0.0,0.0,0.0,0.0,0.0,0.0,0.0,0.0,0.0,0.0,0.0,0,0,0,0,0
selection_retest,real_two,100,100,condition:stale,12,12,0.3333333333333333,0.08333333333333333,0.5833333333333334,0.3333333333333333,0.08333333333333333,0.5833333333333334,0.0,0.0,0.0,0.25,0.0,0.5,0.25,0.0,0.5,0.0,0.0,0.0,0.0,0.0,0.0,0.0,0.0,0.0,0.0,0.0,0.0,0.3333333333333333,0.08333333333333333,0.5833333333333334,0.3333333333333333,0.08333333333333333,0.5833333333333334,0.0,0.0,0.0,0.25,0.0,0.5,0.25,0.0,0.5,0.0,0.0,0.0,0.0,0.0,0.0,0.0,0.0,0.0,0.0,0.0,0.0,0.0,0.0,0.0,0,0,0,0,0
selection_retest,real_two,100,100,controls,12,12,1.0,1.0,1.0,1.0,1.0,1.0,0.0,0.0,0.0,0.0,0.0,0.0,0.0,0.0,0.0,0.0,0.0,0.0,0.0,0.0,0.0,0.0,0.0,0.0,0.0,0.0,0.0,1.0,1.0,1.0,1.0,1.0,1.0,0.0,0.0,0.0,0.0,0.0,0.0,0.0,0.0,0.0,0.0,0.0,0.0,0.0,0.0,0.0,0.0,0.0,0.0,0.0,0.0,0.0,0.0,0.0,0.0,0,0,0,0,0
selection_retest,real_two,100,100,role:train,12,24,0.6666666666666666,0.5416666666666666,0.7916666666666666,0.6666666666666666,0.5416666666666666,0.7916666666666666,0.0,0.0,0.0,0.125,0.0,0.25,0.125,0.0,0.25,0.0,0.0,0.0,0.0,0.0,0.0,0.0,0.0,0.0,0.0,0.0,0.0,0.6666666666666666,0.5416666666666666,0.7916666666666666,0.6666666666666666,0.5416666666666666,0.7916666666666666,0.0,0.0,0.0,0.125,0.0,0.25,0.125,0.0,0.25,0.0,0.0,0.0,0.0,0.0,0.0,0.0,0.0,0.0,0.0,0.0,0.0,0.0,0.0,0.0,0,0,0,0,0
selection_retest,pseudo_two,100,100,all,12,24,0.6666666666666666,0.5416666666666666,0.7916666666666666,0.6666666666666666,0.5416666666666666,0.7916666666666666,0.0,0.0,0.0,0.125,0.0,0.25,0.125,0.0,0.25,0.0,0.0,0.0,0.0,0.0,0.0,0.0,0.0,0.0,0.0,0.0,0.0,0.6666666666666666,0.5416666666666666,0.7916666666666666,0.6666666666666666,0.5416666666666666,0.7916666666666666,0.0,0.0,0.0,0.125,0.0,0.25,0.125,0.0,0.25,0.0,0.0,0.0,0.0,0.0,0.0,0.0,0.0,0.0,0.0,0.0,0.0,0.0,0.0,0.0,0,0,0,0,0
selection_retest,pseudo_two,100,100,condition:matched_buffer_control,12,12,1.0,1.0,1.0,1.0,1.0,1.0,0.0,0.0,0.0,0.0,0.0,0.0,0.0,0.0,0.0,0.0,0.0,0.0,0.0,0.0,0.0,0.0,0.0,0.0,0.0,0.0,0.0,1.0,1.0,1.0,1.0,1.0,1.0,0.0,0.0,0.0,0.0,0.0,0.0,0.0,0.0,0.0,0.0,0.0,0.0,0.0,0.0,0.0,0.0,0.0,0.0,0.0,0.0,0.0,0.0,0.0,0.0,0,0,0,0,0
selection_retest,pseudo_two,100,100,condition:stale,12,12,0.3333333333333333,0.08333333333333333,0.5833333333333334,0.3333333333333333,0.08333333333333333,0.5833333333333334,0.0,0.0,0.0,0.25,0.0,0.5,0.25,0.0,0.5,0.0,0.0,0.0,0.0,0.0,0.0,0.0,0.0,0.0,0.0,0.0,0.0,0.3333333333333333,0.08333333333333333,0.5833333333333334,0.3333333333333333,0.08333333333333333,0.5833333333333334,0.0,0.0,0.0,0.25,0.0,0.5,0.25,0.0,0.5,0.0,0.0,0.0,0.0,0.0,0.0,0.0,0.0,0.0,0.0,0.0,0.0,0.0,0.0,0.0,0,0,0,0,0
selection_retest,pseudo_two,100,100,controls,12,12,1.0,1.0,1.0,1.0,1.0,1.0,0.0,0.0,0.0,0.0,0.0,0.0,0.0,0.0,0.0,0.0,0.0,0.0,0.0,0.0,0.0,0.0,0.0,0.0,0.0,0.0,0.0,1.0,1.0,1.0,1.0,1.0,1.0,0.0,0.0,0.0,0.0,0.0,0.0,0.0,0.0,0.0,0.0,0.0,0.0,0.0,0.0,0.0,0.0,0.0,0.0,0.0,0.0,0.0,0.0,0.0,0.0,0,0,0,0,0
selection_retest,pseudo_two,100,100,role:train,12,24,0.6666666666666666,0.5416666666666666,0.7916666666666666,0.6666666666666666,0.5416666666666666,0.7916666666666666,0.0,0.0,0.0,0.125,0.0,0.25,0.125,0.0,0.25,0.0,0.0,0.0,0.0,0.0,0.0,0.0,0.0,0.0,0.0,0.0,0.0,0.6666666666666666,0.5416666666666666,0.7916666666666666,0.6666666666666666,0.5416666666666666,0.7916666666666666,0.0,0.0,0.0,0.125,0.0,0.25,0.125,0.0,0.25,0.0,0.0,0.0,0.0,0.0,0.0,0.0,0.0,0.0,0.0,0.0,0.0,0.0,0.0,0.0,0,0,0,0,0
selection_retest,historical:AlwaysRefresh,100,100,all,12,24,0.6666666666666666,0.5416666666666666,0.7916666666666666,0.6666666666666666,0.5416666666666666,0.7916666666666666,0.0,0.0,0.0,0.125,0.0,0.25,0.10416666666666667,0.010416666666666666,0.21875,-0.020833333333333332,-0.11458333333333333,0.041666666666666664,0.0,0.0,0.0,0.020833333333333332,0.0,0.052083333333333336,1.0,1.0,1.0,0.6666666666666666,0.5416666666666666,0.7916666666666666,0.6354166666666666,0.53125,0.75,-0.03125,-0.08333333333333333,0.0,0.125,0.0,0.25,0.10416666666666667,0.0,0.20833333333333334,-0.020833333333333332,-0.125,0.0625,0.03125,0.0,0.08333333333333333,0.020833333333333332,0.0,0.0625,1.0,1.0,1.0,0.03125,0.0,0.08333333333333333,0,0,0,2,2
selection_retest,historical:AlwaysRefresh,100,100,condition:matched_buffer_control,12,12,1.0,1.0,1.0,1.0,1.0,1.0,0.0,0.0,0.0,0.0,0.0,0.0,0.0,0.0,0.0,0.0,0.0,0.0,0.0,0.0,0.0,0.0,0.0,0.0,1.0,1.0,1.0,1.0,1.0,1.0,0.9791666666666666,0.9375,1.0,-0.020833333333333332,-0.0625,0.0,0.0,0.0,0.0,0.020833333333333332,0.0,0.0625,0.020833333333333332,0.0,0.0625,0.020833333333333332,0.0,0.0625,0.020833333333333332,0.0,0.0625,1.0,1.0,1.0,0.020833333333333332,0.0,0.0625,0,0,0,1,1
selection_retest,historical:AlwaysRefresh,100,100,condition:stale,12,12,0.3333333333333333,0.08333333333333333,0.5833333333333334,0.3333333333333333,0.08333333333333333,0.5833333333333334,0.0,0.0,0.0,0.25,0.0,0.5,0.20833333333333334,0.020833333333333332,0.4375,-0.041666666666666664,-0.22916666666666666,0.08333333333333333,0.0,0.0,0.0,0.041666666666666664,0.0,0.10416666666666667,1.0,1.0,1.0,0.3333333333333333,0.08333333333333333,0.5833333333333334,0.2916666666666667,0.0625,0.5416666666666666,-0.041666666666666664,-0.10416666666666667,0.0,0.25,0.0,0.5,0.1875,0.0,0.4166666666666667,-0.0625,-0.25,0.0625,0.041666666666666664,0.0,0.10416666666666667,0.020833333333333332,0.0,0.0625,1.0,1.0,1.0,0.041666666666666664,0.0,0.10416666666666667,0,0,0,2,2
selection_retest,historical:AlwaysRefresh,100,100,controls,12,12,1.0,1.0,1.0,1.0,1.0,1.0,0.0,0.0,0.0,0.0,0.0,0.0,0.0,0.0,0.0,0.0,0.0,0.0,0.0,0.0,0.0,0.0,0.0,0.0,1.0,1.0,1.0,1.0,1.0,1.0,0.9791666666666666,0.9375,1.0,-0.020833333333333332,-0.0625,0.0,0.0,0.0,0.0,0.020833333333333332,0.0,0.0625,0.020833333333333332,0.0,0.0625,0.020833333333333332,0.0,0.0625,0.020833333333333332,0.0,0.0625,1.0,1.0,1.0,0.020833333333333332,0.0,0.0625,0,0,0,1,1
selection_retest,historical:AlwaysRefresh,100,100,role:train,12,24,0.6666666666666666,0.5416666666666666,0.7916666666666666,0.6666666666666666,0.5416666666666666,0.7916666666666666,0.0,0.0,0.0,0.125,0.0,0.25,0.10416666666666667,0.010416666666666666,0.21875,-0.020833333333333332,-0.11458333333333333,0.041666666666666664,0.0,0.0,0.0,0.020833333333333332,0.0,0.052083333333333336,1.0,1.0,1.0,0.6666666666666666,0.5416666666666666,0.7916666666666666,0.6354166666666666,0.53125,0.75,-0.03125,-0.08333333333333333,0.0,0.125,0.0,0.25,0.10416666666666667,0.0,0.20833333333333334,-0.020833333333333332,-0.125,0.0625,0.03125,0.0,0.08333333333333333,0.020833333333333332,0.0,0.0625,1.0,1.0,1.0,0.03125,0.0,0.08333333333333333,0,0,0,2,2
selection_retest,historical:Base,100,100,all,12,24,0.6666666666666666,0.5416666666666666,0.7916666666666666,0.6666666666666666,0.5416666666666666,0.7916666666666666,0.0,0.0,0.0,0.125,0.0,0.25,0.125,0.0,0.25,0.0,0.0,0.0,0.0,0.0,0.0,0.0,0.0,0.0,0.0,0.0,0.0,0.6666666666666666,0.5416666666666666,0.7916666666666666,0.6666666666666666,0.5416666666666666,0.7916666666666666,0.0,0.0,0.0,0.125,0.0,0.25,0.125,0.0,0.25,0.0,0.0,0.0,0.0,0.0,0.0,0.0,0.0,0.0,0.0,0.0,0.0,0.0,0.0,0.0,0,0,0,0,0
selection_retest,historical:Base,100,100,condition:matched_buffer_control,12,12,1.0,1.0,1.0,1.0,1.0,1.0,0.0,0.0,0.0,0.0,0.0,0.0,0.0,0.0,0.0,0.0,0.0,0.0,0.0,0.0,0.0,0.0,0.0,0.0,0.0,0.0,0.0,1.0,1.0,1.0,1.0,1.0,1.0,0.0,0.0,0.0,0.0,0.0,0.0,0.0,0.0,0.0,0.0,0.0,0.0,0.0,0.0,0.0,0.0,0.0,0.0,0.0,0.0,0.0,0.0,0.0,0.0,0,0,0,0,0
selection_retest,historical:Base,100,100,condition:stale,12,12,0.3333333333333333,0.08333333333333333,0.5833333333333334,0.3333333333333333,0.08333333333333333,0.5833333333333334,0.0,0.0,0.0,0.25,0.0,0.5,0.25,0.0,0.5,0.0,0.0,0.0,0.0,0.0,0.0,0.0,0.0,0.0,0.0,0.0,0.0,0.3333333333333333,0.08333333333333333,0.5833333333333334,0.3333333333333333,0.08333333333333333,0.5833333333333334,0.0,0.0,0.0,0.25,0.0,0.5,0.25,0.0,0.5,0.0,0.0,0.0,0.0,0.0,0.0,0.0,0.0,0.0,0.0,0.0,0.0,0.0,0.0,0.0,0,0,0,0,0
selection_retest,historical:Base,100,100,controls,12,12,1.0,1.0,1.0,1.0,1.0,1.0,0.0,0.0,0.0,0.0,0.0,0.0,0.0,0.0,0.0,0.0,0.0,0.0,0.0,0.0,0.0,0.0,0.0,0.0,0.0,0.0,0.0,1.0,1.0,1.0,1.0,1.0,1.0,0.0,0.0,0.0,0.0,0.0,0.0,0.0,0.0,0.0,0.0,0.0,0.0,0.0,0.0,0.0,0.0,0.0,0.0,0.0,0.0,0.0,0.0,0.0,0.0,0,0,0,0,0
selection_retest,historical:Base,100,100,role:train,12,24,0.6666666666666666,0.5416666666666666,0.7916666666666666,0.6666666666666666,0.5416666666666666,0.7916666666666666,0.0,0.0,0.0,0.125,0.0,0.25,0.125,0.0,0.25,0.0,0.0,0.0,0.0,0.0,0.0,0.0,0.0,0.0,0.0,0.0,0.0,0.6666666666666666,0.5416666666666666,0.7916666666666666,0.6666666666666666,0.5416666666666666,0.7916666666666666,0.0,0.0,0.0,0.125,0.0,0.25,0.125,0.0,0.25,0.0,0.0,0.0,0.0,0.0,0.0,0.0,0.0,0.0,0.0,0.0,0.0,0.0,0.0,0.0,0,0,0,0,0
selection_retest,historical:age1,100,100,all,12,24,0.6666666666666666,0.5416666666666666,0.7916666666666666,0.6666666666666666,0.5416666666666666,0.7916666666666666,0.0,0.0,0.0,0.125,0.0,0.25,0.10416666666666667,0.010416666666666666,0.21875,-0.020833333333333332,-0.11458333333333333,0.041666666666666664,0.0,0.0,0.0,0.020833333333333332,0.0,0.052083333333333336,0.5,0.5,0.5,0.6666666666666666,0.5416666666666666,0.7916666666666666,0.6458333333333334,0.53125,0.7708333333333334,-0.020833333333333332,-0.052083333333333336,0.0,0.125,0.0,0.25,0.09375,0.0,0.20833333333333334,-0.03125,-0.125,0.03125,0.020833333333333332,0.0,0.052083333333333336,0.010416666666666666,0.0,0.03125,0.5,0.5,0.5,0.020833333333333332,0.0,0.052083333333333336,0,0,0,2,2
selection_retest,historical:age1,100,100,condition:matched_buffer_control,12,12,1.0,1.0,1.0,1.0,1.0,1.0,0.0,0.0,0.0,0.0,0.0,0.0,0.0,0.0,0.0,0.0,0.0,0.0,0.0,0.0,0.0,0.0,0.0,0.0,0.0,0.0,0.0,1.0,1.0,1.0,1.0,1.0,1.0,0.0,0.0,0.0,0.0,0.0,0.0,0.0,0.0,0.0,0.0,0.0,0.0,0.0,0.0,0.0,0.0,0.0,0.0,0.0,0.0,0.0,0.0,0.0,0.0,0,0,0,0,0
selection_retest,historical:age1,100,100,condition:stale,12,12,0.3333333333333333,0.08333333333333333,0.5833333333333334,0.3333333333333333,0.08333333333333333,0.5833333333333334,0.0,0.0,0.0,0.25,0.0,0.5,0.20833333333333334,0.020833333333333332,0.4375,-0.041666666666666664,-0.22916666666666666,0.08333333333333333,0.0,0.0,0.0,0.041666666666666664,0.0,0.10416666666666667,1.0,1.0,1.0,0.3333333333333333,0.08333333333333333,0.5833333333333334,0.2916666666666667,0.0625,0.5416666666666666,-0.041666666666666664,-0.10416666666666667,0.0,0.25,0.0,0.5,0.1875,0.0,0.4166666666666667,-0.0625,-0.25,0.0625,0.041666666666666664,0.0,0.10416666666666667,0.020833333333333332,0.0,0.0625,1.0,1.0,1.0,0.041666666666666664,0.0,0.10416666666666667,0,0,0,2,2
selection_retest,historical:age1,100,100,controls,12,12,1.0,1.0,1.0,1.0,1.0,1.0,0.0,0.0,0.0,0.0,0.0,0.0,0.0,0.0,0.0,0.0,0.0,0.0,0.0,0.0,0.0,0.0,0.0,0.0,0.0,0.0,0.0,1.0,1.0,1.0,1.0,1.0,1.0,0.0,0.0,0.0,0.0,0.0,0.0,0.0,0.0,0.0,0.0,0.0,0.0,0.0,0.0,0.0,0.0,0.0,0.0,0.0,0.0,0.0,0.0,0.0,0.0,0,0,0,0,0
selection_retest,historical:age1,100,100,role:train,12,24,0.6666666666666666,0.5416666666666666,0.7916666666666666,0.6666666666666666,0.5416666666666666,0.7916666666666666,0.0,0.0,0.0,0.125,0.0,0.25,0.10416666666666667,0.010416666666666666,0.21875,-0.020833333333333332,-0.11458333333333333,0.041666666666666664,0.0,0.0,0.0,0.020833333333333332,0.0,0.052083333333333336,0.5,0.5,0.5,0.6666666666666666,0.5416666666666666,0.7916666666666666,0.6458333333333334,0.53125,0.7708333333333334,-0.020833333333333332,-0.052083333333333336,0.0,0.125,0.0,0.25,0.09375,0.0,0.20833333333333334,-0.03125,-0.125,0.03125,0.020833333333333332,0.0,0.052083333333333336,0.010416666666666666,0.0,0.03125,0.5,0.5,0.5,0.020833333333333332,0.0,0.052083333333333336,0,0,0,2,2
selection_retest,historical:age3,100,100,all,12,24,0.6666666666666666,0.5416666666666666,0.7916666666666666,0.6666666666666666,0.5416666666666666,0.7916666666666666,0.0,0.0,0.0,0.125,0.0,0.25,0.10416666666666667,0.010416666666666666,0.21875,-0.020833333333333332,-0.11458333333333333,0.041666666666666664,0.0,0.0,0.0,0.020833333333333332,0.0,0.052083333333333336,0.3333333333333333,0.20833333333333334,0.4583333333333333,0.6666666666666666,0.5416666666666666,0.7916666666666666,0.6666666666666666,0.5416666666666666,0.7916666666666666,0.0,0.0,0.0,0.125,0.0,0.25,0.08333333333333333,0.0,0.20833333333333334,-0.041666666666666664,-0.125,0.0,0.0,0.0,0.0,0.0,0.0,0.0,0.3333333333333333,0.20833333333333334,0.4583333333333333,0.0,0.0,0.0,0,0,0,0,0
selection_retest,historical:age3,100,100,condition:matched_buffer_control,12,12,1.0,1.0,1.0,1.0,1.0,1.0,0.0,0.0,0.0,0.0,0.0,0.0,0.0,0.0,0.0,0.0,0.0,0.0,0.0,0.0,0.0,0.0,0.0,0.0,0.0,0.0,0.0,1.0,1.0,1.0,1.0,1.0,1.0,0.0,0.0,0.0,0.0,0.0,0.0,0.0,0.0,0.0,0.0,0.0,0.0,0.0,0.0,0.0,0.0,0.0,0.0,0.0,0.0,0.0,0.0,0.0,0.0,0,0,0,0,0
selection_retest,historical:age3,100,100,condition:stale,12,12,0.3333333333333333,0.08333333333333333,0.5833333333333334,0.3333333333333333,0.08333333333333333,0.5833333333333334,0.0,0.0,0.0,0.25,0.0,0.5,0.20833333333333334,0.020833333333333332,0.4375,-0.041666666666666664,-0.22916666666666666,0.08333333333333333,0.0,0.0,0.0,0.041666666666666664,0.0,0.10416666666666667,0.6666666666666666,0.4166666666666667,0.9166666666666666,0.3333333333333333,0.08333333333333333,0.5833333333333334,0.3333333333333333,0.08333333333333333,0.5833333333333334,0.0,0.0,0.0,0.25,0.0,0.5,0.16666666666666666,0.0,0.4166666666666667,-0.08333333333333333,-0.25,0.0,0.0,0.0,0.0,0.0,0.0,0.0,0.6666666666666666,0.4166666666666667,0.9166666666666666,0.0,0.0,0.0,0,0,0,0,0
selection_retest,historical:age3,100,100,controls,12,12,1.0,1.0,1.0,1.0,1.0,1.0,0.0,0.0,0.0,0.0,0.0,0.0,0.0,0.0,0.0,0.0,0.0,0.0,0.0,0.0,0.0,0.0,0.0,0.0,0.0,0.0,0.0,1.0,1.0,1.0,1.0,1.0,1.0,0.0,0.0,0.0,0.0,0.0,0.0,0.0,0.0,0.0,0.0,0.0,0.0,0.0,0.0,0.0,0.0,0.0,0.0,0.0,0.0,0.0,0.0,0.0,0.0,0,0,0,0,0
selection_retest,historical:age3,100,100,role:train,12,24,0.6666666666666666,0.5416666666666666,0.7916666666666666,0.6666666666666666,0.5416666666666666,0.7916666666666666,0.0,0.0,0.0,0.125,0.0,0.25,0.10416666666666667,0.010416666666666666,0.21875,-0.020833333333333332,-0.11458333333333333,0.041666666666666664,0.0,0.0,0.0,0.020833333333333332,0.0,0.052083333333333336,0.3333333333333333,0.20833333333333334,0.4583333333333333,0.6666666666666666,0.5416666666666666,0.7916666666666666,0.6666666666666666,0.5416666666666666,0.7916666666666666,0.0,0.0,0.0,0.125,0.0,0.25,0.08333333333333333,0.0,0.20833333333333334,-0.041666666666666664,-0.125,0.0,0.0,0.0,0.0,0.0,0.0,0.0,0.3333333333333333,0.20833333333333334,0.4583333333333333,0.0,0.0,0.0,0,0,0,0,0
selection_retest,historical:age5,100,100,all,12,24,0.6666666666666666,0.5416666666666666,0.7916666666666666,0.6666666666666666,0.5416666666666666,0.7916666666666666,0.0,0.0,0.0,0.125,0.0,0.25,0.13541666666666666,0.020833333333333332,0.2604166666666667,0.010416666666666666,0.0,0.03125,0.0,0.0,0.0,0.010416666666666666,0.0,0.03125,0.16666666666666666,0.041666666666666664,0.2916666666666667,0.6666666666666666,0.5416666666666666,0.7916666666666666,0.6666666666666666,0.5416666666666666,0.7916666666666666,0.0,0.0,0.0,0.125,0.0,0.25,0.125,0.0,0.25,0.0,0.0,0.0,0.0,0.0,0.0,0.0,0.0,0.0,0.16666666666666666,0.041666666666666664,0.2916666666666667,0.0,0.0,0.0,0,0,0,0,0
selection_retest,historical:age5,100,100,condition:matched_buffer_control,12,12,1.0,1.0,1.0,1.0,1.0,1.0,0.0,0.0,0.0,0.0,0.0,0.0,0.0,0.0,0.0,0.0,0.0,0.0,0.0,0.0,0.0,0.0,0.0,0.0,0.0,0.0,0.0,1.0,1.0,1.0,1.0,1.0,1.0,0.0,0.0,0.0,0.0,0.0,0.0,0.0,0.0,0.0,0.0,0.0,0.0,0.0,0.0,0.0,0.0,0.0,0.0,0.0,0.0,0.0,0.0,0.0,0.0,0,0,0,0,0
selection_retest,historical:age5,100,100,condition:stale,12,12,0.3333333333333333,0.08333333333333333,0.5833333333333334,0.3333333333333333,0.08333333333333333,0.5833333333333334,0.0,0.0,0.0,0.25,0.0,0.5,0.2708333333333333,0.041666666666666664,0.5208333333333334,0.020833333333333332,0.0,0.0625,0.0,0.0,0.0,0.020833333333333332,0.0,0.0625,0.3333333333333333,0.08333333333333333,0.5833333333333334,0.3333333333333333,0.08333333333333333,0.5833333333333334,0.3333333333333333,0.08333333333333333,0.5833333333333334,0.0,0.0,0.0,0.25,0.0,0.5,0.25,0.0,0.5,0.0,0.0,0.0,0.0,0.0,0.0,0.0,0.0,0.0,0.3333333333333333,0.08333333333333333,0.5833333333333334,0.0,0.0,0.0,0,0,0,0,0
selection_retest,historical:age5,100,100,controls,12,12,1.0,1.0,1.0,1.0,1.0,1.0,0.0,0.0,0.0,0.0,0.0,0.0,0.0,0.0,0.0,0.0,0.0,0.0,0.0,0.0,0.0,0.0,0.0,0.0,0.0,0.0,0.0,1.0,1.0,1.0,1.0,1.0,1.0,0.0,0.0,0.0,0.0,0.0,0.0,0.0,0.0,0.0,0.0,0.0,0.0,0.0,0.0,0.0,0.0,0.0,0.0,0.0,0.0,0.0,0.0,0.0,0.0,0,0,0,0,0
selection_retest,historical:age5,100,100,role:train,12,24,0.6666666666666666,0.5416666666666666,0.7916666666666666,0.6666666666666666,0.5416666666666666,0.7916666666666666,0.0,0.0,0.0,0.125,0.0,0.25,0.13541666666666666,0.020833333333333332,0.2604166666666667,0.010416666666666666,0.0,0.03125,0.0,0.0,0.0,0.010416666666666666,0.0,0.03125,0.16666666666666666,0.041666666666666664,0.2916666666666667,0.6666666666666666,0.5416666666666666,0.7916666666666666,0.6666666666666666,0.5416666666666666,0.7916666666666666,0.0,0.0,0.0,0.125,0.0,0.25,0.125,0.0,0.25,0.0,0.0,0.0,0.0,0.0,0.0,0.0,0.0,0.0,0.16666666666666666,0.041666666666666664,0.2916666666666667,0.0,0.0,0.0,0,0,0,0,0
selection_retest,historical:period10,100,100,all,12,24,0.6666666666666666,0.5416666666666666,0.7916666666666666,0.6666666666666666,0.5416666666666666,0.7916666666666666,0.0,0.0,0.0,0.125,0.0,0.25,0.09375,0.0,0.20833333333333334,-0.03125,-0.125,0.03125,0.0,0.0,0.0,0.010416666666666666,0.0,0.03125,0.3333333333333333,0.08333333333333333,0.5833333333333334,0.6666666666666666,0.5416666666666666,0.7916666666666666,0.6666666666666666,0.5416666666666666,0.7916666666666666,0.0,0.0,0.0,0.125,0.0,0.25,0.08333333333333333,0.0,0.20833333333333334,-0.041666666666666664,-0.125,0.0,0.0,0.0,0.0,0.0,0.0,0.0,0.3333333333333333,0.08333333333333333,0.5833333333333334,0.0,0.0,0.0,0,0,0,0,0
selection_retest,historical:period10,100,100,condition:matched_buffer_control,12,12,1.0,1.0,1.0,1.0,1.0,1.0,0.0,0.0,0.0,0.0,0.0,0.0,0.0,0.0,0.0,0.0,0.0,0.0,0.0,0.0,0.0,0.0,0.0,0.0,0.3333333333333333,0.08333333333333333,0.5833333333333334,1.0,1.0,1.0,1.0,1.0,1.0,0.0,0.0,0.0,0.0,0.0,0.0,0.0,0.0,0.0,0.0,0.0,0.0,0.0,0.0,0.0,0.0,0.0,0.0,0.3333333333333333,0.08333333333333333,0.5833333333333334,0.0,0.0,0.0,0,0,0,0,0
selection_retest,historical:period10,100,100,condition:stale,12,12,0.3333333333333333,0.08333333333333333,0.5833333333333334,0.3333333333333333,0.08333333333333333,0.5833333333333334,0.0,0.0,0.0,0.25,0.0,0.5,0.1875,0.0,0.4166666666666667,-0.0625,-0.25,0.0625,0.0,0.0,0.0,0.020833333333333332,0.0,0.0625,0.3333333333333333,0.08333333333333333,0.5833333333333334,0.3333333333333333,0.08333333333333333,0.5833333333333334,0.3333333333333333,0.08333333333333333,0.5833333333333334,0.0,0.0,0.0,0.25,0.0,0.5,0.16666666666666666,0.0,0.4166666666666667,-0.08333333333333333,-0.25,0.0,0.0,0.0,0.0,0.0,0.0,0.0,0.3333333333333333,0.08333333333333333,0.5833333333333334,0.0,0.0,0.0,0,0,0,0,0
selection_retest,historical:period10,100,100,controls,12,12,1.0,1.0,1.0,1.0,1.0,1.0,0.0,0.0,0.0,0.0,0.0,0.0,0.0,0.0,0.0,0.0,0.0,0.0,0.0,0.0,0.0,0.0,0.0,0.0,0.3333333333333333,0.08333333333333333,0.5833333333333334,1.0,1.0,1.0,1.0,1.0,1.0,0.0,0.0,0.0,0.0,0.0,0.0,0.0,0.0,0.0,0.0,0.0,0.0,0.0,0.0,0.0,0.0,0.0,0.0,0.3333333333333333,0.08333333333333333,0.5833333333333334,0.0,0.0,0.0,0,0,0,0,0
selection_retest,historical:period10,100,100,role:train,12,24,0.6666666666666666,0.5416666666666666,0.7916666666666666,0.6666666666666666,0.5416666666666666,0.7916666666666666,0.0,0.0,0.0,0.125,0.0,0.25,0.09375,0.0,0.20833333333333334,-0.03125,-0.125,0.03125,0.0,0.0,0.0,0.010416666666666666,0.0,0.03125,0.3333333333333333,0.08333333333333333,0.5833333333333334,0.6666666666666666,0.5416666666666666,0.7916666666666666,0.6666666666666666,0.5416666666666666,0.7916666666666666,0.0,0.0,0.0,0.125,0.0,0.25,0.08333333333333333,0.0,0.20833333333333334,-0.041666666666666664,-0.125,0.0,0.0,0.0,0.0,0.0,0.0,0.0,0.3333333333333333,0.08333333333333333,0.5833333333333334,0.0,0.0,0.0,0,0,0,0,0
selection_retest,historical:A_reference,100,100,all,12,24,0.6666666666666666,0.5416666666666666,0.7916666666666666,0.6666666666666666,0.5416666666666666,0.7916666666666666,0.0,0.0,0.0,0.125,0.0,0.25,0.08333333333333333,0.0,0.20833333333333334,-0.041666666666666664,-0.125,0.0,0.0,0.0,0.0,0.0,0.0,0.0,0.041666666666666664,0.0,0.125,0.6666666666666666,0.5416666666666666,0.7916666666666666,0.6666666666666666,0.5416666666666666,0.7916666666666666,0.0,0.0,0.0,0.125,0.0,0.25,0.08333333333333333,0.0,0.20833333333333334,-0.041666666666666664,-0.125,0.0,0.0,0.0,0.0,0.0,0.0,0.0,0.041666666666666664,0.0,0.125,0.0,0.0,0.0,0,0,0,0,0
selection_retest,historical:A_reference,100,100,condition:matched_buffer_control,12,12,1.0,1.0,1.0,1.0,1.0,1.0,0.0,0.0,0.0,0.0,0.0,0.0,0.0,0.0,0.0,0.0,0.0,0.0,0.0,0.0,0.0,0.0,0.0,0.0,0.0,0.0,0.0,1.0,1.0,1.0,1.0,1.0,1.0,0.0,0.0,0.0,0.0,0.0,0.0,0.0,0.0,0.0,0.0,0.0,0.0,0.0,0.0,0.0,0.0,0.0,0.0,0.0,0.0,0.0,0.0,0.0,0.0,0,0,0,0,0
selection_retest,historical:A_reference,100,100,condition:stale,12,12,0.3333333333333333,0.08333333333333333,0.5833333333333334,0.3333333333333333,0.08333333333333333,0.5833333333333334,0.0,0.0,0.0,0.25,0.0,0.5,0.16666666666666666,0.0,0.4166666666666667,-0.08333333333333333,-0.25,0.0,0.0,0.0,0.0,0.0,0.0,0.0,0.08333333333333333,0.0,0.25,0.3333333333333333,0.08333333333333333,0.5833333333333334,0.3333333333333333,0.08333333333333333,0.5833333333333334,0.0,0.0,0.0,0.25,0.0,0.5,0.16666666666666666,0.0,0.4166666666666667,-0.08333333333333333,-0.25,0.0,0.0,0.0,0.0,0.0,0.0,0.0,0.08333333333333333,0.0,0.25,0.0,0.0,0.0,0,0,0,0,0
selection_retest,historical:A_reference,100,100,controls,12,12,1.0,1.0,1.0,1.0,1.0,1.0,0.0,0.0,0.0,0.0,0.0,0.0,0.0,0.0,0.0,0.0,0.0,0.0,0.0,0.0,0.0,0.0,0.0,0.0,0.0,0.0,0.0,1.0,1.0,1.0,1.0,1.0,1.0,0.0,0.0,0.0,0.0,0.0,0.0,0.0,0.0,0.0,0.0,0.0,0.0,0.0,0.0,0.0,0.0,0.0,0.0,0.0,0.0,0.0,0.0,0.0,0.0,0,0,0,0,0
selection_retest,historical:A_reference,100,100,role:train,12,24,0.6666666666666666,0.5416666666666666,0.7916666666666666,0.6666666666666666,0.5416666666666666,0.7916666666666666,0.0,0.0,0.0,0.125,0.0,0.25,0.08333333333333333,0.0,0.20833333333333334,-0.041666666666666664,-0.125,0.0,0.0,0.0,0.0,0.0,0.0,0.0,0.041666666666666664,0.0,0.125,0.6666666666666666,0.5416666666666666,0.7916666666666666,0.6666666666666666,0.5416666666666666,0.7916666666666666,0.0,0.0,0.0,0.125,0.0,0.25,0.08333333333333333,0.0,0.20833333333333334,-0.041666666666666664,-0.125,0.0,0.0,0.0,0.0,0.0,0.0,0.0,0.041666666666666664,0.0,0.125,0.0,0.0,0.0,0,0,0,0,0
