panel,method,selection_horizon,evaluation_horizon,id,source,condition,role,shared,choice,A_base_success,A_selected_success,A_gain,A_base_accident,A_selected_accident,A_accident_delta,A_loss,A_new_accident,A_intervention,B_base_success,B_selected_success,B_gain,B_base_accident,B_selected_accident,B_accident_delta,B_loss,B_new_accident,B_intervention
detour,real_full,220,220,e00,0815f4806fc9a4fbd58c6627c8b92fd77f1b80ad4b8b4cd6d0c6e0541d488a7b,glass,fitting,False,0,0.0,0.0,0.0,1.0,1.0,0.0,0.0,0.0,0.0,0.0,0.0,0.0,1.0,1.0,0.0,0.0,0.0,0.0
detour,real_full,220,220,e01,0815f4806fc9a4fbd58c6627c8b92fd77f1b80ad4b8b4cd6d0c6e0541d488a7b,offpath,fitting,False,0,1.0,1.0,0.0,0.0,0.0,0.0,0.0,0.0,0.0,1.0,1.0,0.0,0.0,0.0,0.0,0.0,0.0,0.0
detour,real_full,220,220,e02,0815f4806fc9a4fbd58c6627c8b92fd77f1b80ad4b8b4cd6d0c6e0541d488a7b,noglass,fitting,False,0,1.0,1.0,0.0,0.0,0.0,0.0,0.0,0.0,0.0,1.0,1.0,0.0,0.0,0.0,0.0,0.0,0.0,0.0
detour,real_full,220,220,e03,28c563172e6e13a0d3d84f1527243878c67a2140fa8c9a81ecb8b81ec9402dc8,glass,fitting,False,0,1.0,1.0,0.0,0.0,0.0,0.0,0.0,0.0,0.0,1.0,1.0,0.0,0.0,0.0,0.0,0.0,0.0,0.0
detour,real_full,220,220,e04,28c563172e6e13a0d3d84f1527243878c67a2140fa8c9a81ecb8b81ec9402dc8,offpath,fitting,False,0,0.5,0.5,0.0,0.0,0.0,0.0,0.0,0.0,0.0,1.0,1.0,0.0,0.0,0.0,0.0,0.0,0.0,0.0
detour,real_full,220,220,e05,28c563172e6e13a0d3d84f1527243878c67a2140fa8c9a81ecb8b81ec9402dc8,noglass,fitting,False,0,1.0,1.0,0.0,0.0,0.0,0.0,0.0,0.0,0.0,1.0,1.0,0.0,0.0,0.0,0.0,0.0,0.0,0.0
detour,real_full,220,220,e06,69fa7e93588c6aea4b134efa44633d38556ce1656b46df276021920a664881a3,glass,fitting,False,0,0.0,0.0,0.0,1.0,1.0,0.0,0.0,0.0,0.0,0.0,0.0,0.0,1.0,1.0,0.0,0.0,0.0,0.0
detour,real_full,220,220,e07,69fa7e93588c6aea4b134efa44633d38556ce1656b46df276021920a664881a3,offpath,fitting,False,0,1.0,1.0,0.0,0.0,0.0,0.0,0.0,0.0,0.0,1.0,1.0,0.0,0.0,0.0,0.0,0.0,0.0,0.0
detour,real_full,220,220,e08,69fa7e93588c6aea4b134efa44633d38556ce1656b46df276021920a664881a3,noglass,fitting,False,0,1.0,1.0,0.0,0.0,0.0,0.0,0.0,0.0,0.0,1.0,1.0,0.0,0.0,0.0,0.0,0.0,0.0,0.0
detour,real_full,220,220,e09,76fe1d96587ab928f6fb5d7750ecd048fd712eb3d66aa60feb972a3d9d56c9d1,glass,fitting,False,0,0.5,0.5,0.0,0.5,0.5,0.0,0.0,0.0,0.0,0.5,0.5,0.0,0.0,0.0,0.0,0.0,0.0,0.0
detour,real_full,220,220,e10,76fe1d96587ab928f6fb5d7750ecd048fd712eb3d66aa60feb972a3d9d56c9d1,offpath,fitting,False,0,1.0,1.0,0.0,0.0,0.0,0.0,0.0,0.0,0.0,1.0,1.0,0.0,0.0,0.0,0.0,0.0,0.0,0.0
detour,real_full,220,220,e11,76fe1d96587ab928f6fb5d7750ecd048fd712eb3d66aa60feb972a3d9d56c9d1,noglass,fitting,False,0,1.0,1.0,0.0,0.0,0.0,0.0,0.0,0.0,0.0,1.0,1.0,0.0,0.0,0.0,0.0,0.0,0.0,0.0
detour,real_full,220,220,e12,821b498fc1fcb4e3c103635fa473d7577f718c4f633b273772954295c83ae585,glass,fitting,False,0,0.0,0.0,0.0,1.0,1.0,0.0,0.0,0.0,0.0,0.0,0.0,0.0,1.0,1.0,0.0,0.0,0.0,0.0
detour,real_full,220,220,e13,821b498fc1fcb4e3c103635fa473d7577f718c4f633b273772954295c83ae585,offpath,fitting,False,0,1.0,1.0,0.0,0.0,0.0,0.0,0.0,0.0,0.0,1.0,1.0,0.0,0.0,0.0,0.0,0.0,0.0,0.0
detour,real_full,220,220,e14,821b498fc1fcb4e3c103635fa473d7577f718c4f633b273772954295c83ae585,noglass,fitting,False,0,1.0,1.0,0.0,0.0,0.0,0.0,0.0,0.0,0.0,1.0,1.0,0.0,0.0,0.0,0.0,0.0,0.0,0.0
detour,real_full,220,220,e15,9176c2514b8a62105f4d2b8a22a8a0b0236c5b9feda58c18ef64cea917b98d9d,glass,fitting,False,1,0.5,1.0,0.5,0.5,0.0,-0.5,0.0,0.0,1.0,1.0,1.0,0.0,0.0,0.0,0.0,0.0,0.0,1.0
detour,real_full,220,220,e16,9176c2514b8a62105f4d2b8a22a8a0b0236c5b9feda58c18ef64cea917b98d9d,offpath,fitting,False,0,0.0,0.0,0.0,1.0,1.0,0.0,0.0,0.0,0.0,0.5,0.5,0.0,0.5,0.5,0.0,0.0,0.0,0.0
detour,real_full,220,220,e17,9176c2514b8a62105f4d2b8a22a8a0b0236c5b9feda58c18ef64cea917b98d9d,noglass,fitting,False,0,1.0,1.0,0.0,0.0,0.0,0.0,0.0,0.0,0.0,0.5,0.5,0.0,0.0,0.0,0.0,0.0,0.0,0.0
detour,real_full,220,220,e18,986b3dff233a80cf0fd1c48f815600f49b95f83be0d9f898fee40d0a5c9dca63,glass,fitting,False,1,0.0,1.0,1.0,1.0,0.0,-1.0,0.0,0.0,1.0,0.0,1.0,1.0,1.0,0.0,-1.0,0.0,0.0,1.0
detour,real_full,220,220,e19,986b3dff233a80cf0fd1c48f815600f49b95f83be0d9f898fee40d0a5c9dca63,offpath,fitting,False,0,1.0,1.0,0.0,0.0,0.0,0.0,0.0,0.0,0.0,1.0,1.0,0.0,0.0,0.0,0.0,0.0,0.0,0.0
detour,real_full,220,220,e20,986b3dff233a80cf0fd1c48f815600f49b95f83be0d9f898fee40d0a5c9dca63,noglass,fitting,False,0,1.0,1.0,0.0,0.0,0.0,0.0,0.0,0.0,0.0,1.0,1.0,0.0,0.0,0.0,0.0,0.0,0.0,0.0
detour,real_full,220,220,e21,a3e1c487338ecfe4ce59e1e8f0be7a20d0442476ad923022ec430bdb5470ee56,glass,fitting,False,0,0.0,0.0,0.0,1.0,1.0,0.0,0.0,0.0,0.0,0.0,0.0,0.0,1.0,1.0,0.0,0.0,0.0,0.0
detour,real_full,220,220,e22,a3e1c487338ecfe4ce59e1e8f0be7a20d0442476ad923022ec430bdb5470ee56,offpath,fitting,False,0,1.0,1.0,0.0,0.0,0.0,0.0,0.0,0.0,0.0,1.0,1.0,0.0,0.0,0.0,0.0,0.0,0.0,0.0
detour,real_full,220,220,e23,a3e1c487338ecfe4ce59e1e8f0be7a20d0442476ad923022ec430bdb5470ee56,noglass,fitting,False,0,1.0,1.0,0.0,0.0,0.0,0.0,0.0,0.0,0.0,1.0,1.0,0.0,0.0,0.0,0.0,0.0,0.0,0.0
detour,real_full,220,220,e24,a992f0a563f4b0239708f4be6fa38192e6930b15387567b2d4a16568d4fa5671,glass,fitting,False,0,0.0,0.0,0.0,1.0,1.0,0.0,0.0,0.0,0.0,0.0,0.0,0.0,1.0,1.0,0.0,0.0,0.0,0.0
detour,real_full,220,220,e25,a992f0a563f4b0239708f4be6fa38192e6930b15387567b2d4a16568d4fa5671,offpath,fitting,False,0,1.0,1.0,0.0,0.0,0.0,0.0,0.0,0.0,0.0,1.0,1.0,0.0,0.0,0.0,0.0,0.0,0.0,0.0
detour,real_full,220,220,e26,a992f0a563f4b0239708f4be6fa38192e6930b15387567b2d4a16568d4fa5671,noglass,fitting,False,0,1.0,1.0,0.0,0.0,0.0,0.0,0.0,0.0,0.0,1.0,1.0,0.0,0.0,0.0,0.0,0.0,0.0,0.0
detour,real_full,220,220,e27,c8fa274849bf4beeb7c46b93a7de7a6242e5af2e9c83a395e8d0db16da5e81d8,glass,fitting,False,0,0.0,0.0,0.0,1.0,1.0,0.0,0.0,0.0,0.0,0.0,0.0,0.0,1.0,1.0,0.0,0.0,0.0,0.0
detour,real_full,220,220,e28,c8fa274849bf4beeb7c46b93a7de7a6242e5af2e9c83a395e8d0db16da5e81d8,offpath,fitting,False,0,1.0,1.0,0.0,0.0,0.0,0.0,0.0,0.0,0.0,1.0,1.0,0.0,0.0,0.0,0.0,0.0,0.0,0.0
detour,real_full,220,220,e29,c8fa274849bf4beeb7c46b93a7de7a6242e5af2e9c83a395e8d0db16da5e81d8,noglass,fitting,False,0,1.0,1.0,0.0,0.0,0.0,0.0,0.0,0.0,0.0,1.0,1.0,0.0,0.0,0.0,0.0,0.0,0.0,0.0
detour,real_full,220,220,e30,ddd84e646ab0cdd38c0f283802f28ac361a412492f3872c7f489b95bb55d53af,glass,fitting,False,0,0.0,0.0,0.0,1.0,1.0,0.0,0.0,0.0,0.0,0.0,0.0,0.0,0.5,0.5,0.0,0.0,0.0,0.0
detour,real_full,220,220,e31,ddd84e646ab0cdd38c0f283802f28ac361a412492f3872c7f489b95bb55d53af,offpath,fitting,False,0,1.0,1.0,0.0,0.0,0.0,0.0,0.0,0.0,0.0,1.0,1.0,0.0,0.0,0.0,0.0,0.0,0.0,0.0
detour,real_full,220,220,e32,ddd84e646ab0cdd38c0f283802f28ac361a412492f3872c7f489b95bb55d53af,noglass,fitting,False,0,1.0,1.0,0.0,0.0,0.0,0.0,0.0,0.0,0.0,1.0,1.0,0.0,0.0,0.0,0.0,0.0,0.0,0.0
detour,real_full,220,220,e33,f64d2a60c3b9cebc4b5e12f86f4978711b4ca1e7a3788d1756d078c45a1c1004,glass,fitting,False,0,0.0,0.0,0.0,1.0,1.0,0.0,0.0,0.0,0.0,0.0,0.0,0.0,1.0,1.0,0.0,0.0,0.0,0.0
detour,real_full,220,220,e34,f64d2a60c3b9cebc4b5e12f86f4978711b4ca1e7a3788d1756d078c45a1c1004,offpath,fitting,False,0,1.0,1.0,0.0,0.0,0.0,0.0,0.0,0.0,0.0,1.0,1.0,0.0,0.0,0.0,0.0,0.0,0.0,0.0
detour,real_full,220,220,e35,f64d2a60c3b9cebc4b5e12f86f4978711b4ca1e7a3788d1756d078c45a1c1004,noglass,fitting,False,0,1.0,1.0,0.0,0.0,0.0,0.0,0.0,0.0,0.0,1.0,1.0,0.0,0.0,0.0,0.0,0.0,0.0,0.0
detour,real_full,220,220,e36,37d3edc8cb9ad51b8ebf45a235721c16e2531be26385d150aef2b21d81a04cae,glass,calibration,False,0,0.0,0.0,0.0,0.0,0.0,0.0,0.0,0.0,0.0,0.0,0.0,0.0,0.0,0.0,0.0,0.0,0.0,0.0
detour,real_full,220,220,e37,37d3edc8cb9ad51b8ebf45a235721c16e2531be26385d150aef2b21d81a04cae,offpath,calibration,False,0,1.0,1.0,0.0,0.0,0.0,0.0,0.0,0.0,0.0,1.0,1.0,0.0,0.0,0.0,0.0,0.0,0.0,0.0
detour,real_full,220,220,e38,37d3edc8cb9ad51b8ebf45a235721c16e2531be26385d150aef2b21d81a04cae,noglass,calibration,False,0,1.0,1.0,0.0,0.0,0.0,0.0,0.0,0.0,0.0,1.0,1.0,0.0,0.0,0.0,0.0,0.0,0.0,0.0
detour,real_full,220,220,e39,6292759eb45913ce4ed8447194504833f347d9355012e3228775797a4b0a7cd1,glass,calibration,False,0,0.0,0.0,0.0,1.0,1.0,0.0,0.0,0.0,0.0,0.5,0.5,0.0,0.5,0.5,0.0,0.0,0.0,0.0
detour,real_full,220,220,e40,6292759eb45913ce4ed8447194504833f347d9355012e3228775797a4b0a7cd1,offpath,calibration,False,0,1.0,1.0,0.0,0.0,0.0,0.0,0.0,0.0,0.0,1.0,1.0,0.0,0.0,0.0,0.0,0.0,0.0,0.0
detour,real_full,220,220,e41,6292759eb45913ce4ed8447194504833f347d9355012e3228775797a4b0a7cd1,noglass,calibration,False,1,0.5,1.0,0.5,0.0,0.0,0.0,0.0,0.0,1.0,1.0,1.0,0.0,0.0,0.0,0.0,0.0,0.0,1.0
detour,real_full,220,220,e42,655347c9fb28aaf505e162e6bcad095d17e4bfee5506113825cfb3da6ca60845,glass,calibration,False,0,0.0,0.0,0.0,1.0,1.0,0.0,0.0,0.0,0.0,0.0,0.0,0.0,1.0,1.0,0.0,0.0,0.0,0.0
detour,real_full,220,220,e43,655347c9fb28aaf505e162e6bcad095d17e4bfee5506113825cfb3da6ca60845,offpath,calibration,False,0,1.0,1.0,0.0,0.0,0.0,0.0,0.0,0.0,0.0,1.0,1.0,0.0,0.0,0.0,0.0,0.0,0.0,0.0
detour,real_full,220,220,e44,655347c9fb28aaf505e162e6bcad095d17e4bfee5506113825cfb3da6ca60845,noglass,calibration,False,0,1.0,1.0,0.0,0.0,0.0,0.0,0.0,0.0,0.0,1.0,1.0,0.0,0.0,0.0,0.0,0.0,0.0,0.0
detour,real_full,220,220,e45,64d921063eb0a02530efbea3434c347d28bd353cbb04464e5d91d499f62f61ef,glass,calibration,False,0,0.0,0.0,0.0,1.0,1.0,0.0,0.0,0.0,0.0,0.0,0.0,0.0,1.0,1.0,0.0,0.0,0.0,0.0
detour,real_full,220,220,e46,64d921063eb0a02530efbea3434c347d28bd353cbb04464e5d91d499f62f61ef,offpath,calibration,True,0,0.0,0.0,0.0,1.0,1.0,0.0,0.0,0.0,0.0,0.0,0.0,0.0,1.0,1.0,0.0,0.0,0.0,0.0
detour,real_full,220,220,e47,64d921063eb0a02530efbea3434c347d28bd353cbb04464e5d91d499f62f61ef,noglass,calibration,False,0,1.0,1.0,0.0,0.0,0.0,0.0,0.0,0.0,0.0,0.5,0.5,0.0,0.0,0.0,0.0,0.0,0.0,0.0
detour,real_full,220,440,e00,0815f4806fc9a4fbd58c6627c8b92fd77f1b80ad4b8b4cd6d0c6e0541d488a7b,glass,fitting,False,0,0.0,0.0,0.0,1.0,1.0,0.0,0.0,0.0,0.0,0.0,0.0,0.0,1.0,1.0,0.0,0.0,0.0,0.0
detour,real_full,220,440,e01,0815f4806fc9a4fbd58c6627c8b92fd77f1b80ad4b8b4cd6d0c6e0541d488a7b,offpath,fitting,False,0,1.0,1.0,0.0,0.0,0.0,0.0,0.0,0.0,0.0,1.0,1.0,0.0,0.0,0.0,0.0,0.0,0.0,0.0
detour,real_full,220,440,e02,0815f4806fc9a4fbd58c6627c8b92fd77f1b80ad4b8b4cd6d0c6e0541d488a7b,noglass,fitting,False,0,1.0,1.0,0.0,0.0,0.0,0.0,0.0,0.0,0.0,1.0,1.0,0.0,0.0,0.0,0.0,0.0,0.0,0.0
detour,real_full,220,440,e03,28c563172e6e13a0d3d84f1527243878c67a2140fa8c9a81ecb8b81ec9402dc8,glass,fitting,False,0,1.0,1.0,0.0,0.0,0.0,0.0,0.0,0.0,0.0,1.0,1.0,0.0,0.0,0.0,0.0,0.0,0.0,0.0
detour,real_full,220,440,e04,28c563172e6e13a0d3d84f1527243878c67a2140fa8c9a81ecb8b81ec9402dc8,offpath,fitting,False,0,0.5,0.5,0.0,0.0,0.0,0.0,0.0,0.0,0.0,1.0,1.0,0.0,0.0,0.0,0.0,0.0,0.0,0.0
detour,real_full,220,440,e05,28c563172e6e13a0d3d84f1527243878c67a2140fa8c9a81ecb8b81ec9402dc8,noglass,fitting,False,0,1.0,1.0,0.0,0.0,0.0,0.0,0.0,0.0,0.0,1.0,1.0,0.0,0.0,0.0,0.0,0.0,0.0,0.0
detour,real_full,220,440,e06,69fa7e93588c6aea4b134efa44633d38556ce1656b46df276021920a664881a3,glass,fitting,False,0,0.0,0.0,0.0,1.0,1.0,0.0,0.0,0.0,0.0,0.0,0.0,0.0,1.0,1.0,0.0,0.0,0.0,0.0
detour,real_full,220,440,e07,69fa7e93588c6aea4b134efa44633d38556ce1656b46df276021920a664881a3,offpath,fitting,False,0,1.0,1.0,0.0,0.0,0.0,0.0,0.0,0.0,0.0,1.0,1.0,0.0,0.0,0.0,0.0,0.0,0.0,0.0
detour,real_full,220,440,e08,69fa7e93588c6aea4b134efa44633d38556ce1656b46df276021920a664881a3,noglass,fitting,False,0,1.0,1.0,0.0,0.0,0.0,0.0,0.0,0.0,0.0,1.0,1.0,0.0,0.0,0.0,0.0,0.0,0.0,0.0
detour,real_full,220,440,e09,76fe1d96587ab928f6fb5d7750ecd048fd712eb3d66aa60feb972a3d9d56c9d1,glass,fitting,False,0,0.5,0.5,0.0,0.5,0.5,0.0,0.0,0.0,0.0,0.5,0.5,0.0,0.0,0.0,0.0,0.0,0.0,0.0
detour,real_full,220,440,e10,76fe1d96587ab928f6fb5d7750ecd048fd712eb3d66aa60feb972a3d9d56c9d1,offpath,fitting,False,0,1.0,1.0,0.0,0.0,0.0,0.0,0.0,0.0,0.0,1.0,1.0,0.0,0.0,0.0,0.0,0.0,0.0,0.0
detour,real_full,220,440,e11,76fe1d96587ab928f6fb5d7750ecd048fd712eb3d66aa60feb972a3d9d56c9d1,noglass,fitting,False,0,1.0,1.0,0.0,0.0,0.0,0.0,0.0,0.0,0.0,1.0,1.0,0.0,0.0,0.0,0.0,0.0,0.0,0.0
detour,real_full,220,440,e12,821b498fc1fcb4e3c103635fa473d7577f718c4f633b273772954295c83ae585,glass,fitting,False,0,0.0,0.0,0.0,1.0,1.0,0.0,0.0,0.0,0.0,0.0,0.0,0.0,1.0,1.0,0.0,0.0,0.0,0.0
detour,real_full,220,440,e13,821b498fc1fcb4e3c103635fa473d7577f718c4f633b273772954295c83ae585,offpath,fitting,False,0,1.0,1.0,0.0,0.0,0.0,0.0,0.0,0.0,0.0,1.0,1.0,0.0,0.0,0.0,0.0,0.0,0.0,0.0
detour,real_full,220,440,e14,821b498fc1fcb4e3c103635fa473d7577f718c4f633b273772954295c83ae585,noglass,fitting,False,0,1.0,1.0,0.0,0.0,0.0,0.0,0.0,0.0,0.0,1.0,1.0,0.0,0.0,0.0,0.0,0.0,0.0,0.0
detour,real_full,220,440,e15,9176c2514b8a62105f4d2b8a22a8a0b0236c5b9feda58c18ef64cea917b98d9d,glass,fitting,False,1,0.5,1.0,0.5,0.5,0.0,-0.5,0.0,0.0,1.0,1.0,1.0,0.0,0.0,0.0,0.0,0.0,0.0,1.0
detour,real_full,220,440,e16,9176c2514b8a62105f4d2b8a22a8a0b0236c5b9feda58c18ef64cea917b98d9d,offpath,fitting,False,0,0.0,0.0,0.0,1.0,1.0,0.0,0.0,0.0,0.0,0.5,0.5,0.0,0.5,0.5,0.0,0.0,0.0,0.0
detour,real_full,220,440,e17,9176c2514b8a62105f4d2b8a22a8a0b0236c5b9feda58c18ef64cea917b98d9d,noglass,fitting,False,0,1.0,1.0,0.0,0.0,0.0,0.0,0.0,0.0,0.0,0.5,0.5,0.0,0.0,0.0,0.0,0.0,0.0,0.0
detour,real_full,220,440,e18,986b3dff233a80cf0fd1c48f815600f49b95f83be0d9f898fee40d0a5c9dca63,glass,fitting,False,1,0.0,1.0,1.0,1.0,0.0,-1.0,0.0,0.0,1.0,0.0,1.0,1.0,1.0,0.0,-1.0,0.0,0.0,1.0
detour,real_full,220,440,e19,986b3dff233a80cf0fd1c48f815600f49b95f83be0d9f898fee40d0a5c9dca63,offpath,fitting,False,0,1.0,1.0,0.0,0.0,0.0,0.0,0.0,0.0,0.0,1.0,1.0,0.0,0.0,0.0,0.0,0.0,0.0,0.0
detour,real_full,220,440,e20,986b3dff233a80cf0fd1c48f815600f49b95f83be0d9f898fee40d0a5c9dca63,noglass,fitting,False,0,1.0,1.0,0.0,0.0,0.0,0.0,0.0,0.0,0.0,1.0,1.0,0.0,0.0,0.0,0.0,0.0,0.0,0.0
detour,real_full,220,440,e21,a3e1c487338ecfe4ce59e1e8f0be7a20d0442476ad923022ec430bdb5470ee56,glass,fitting,False,0,0.0,0.0,0.0,1.0,1.0,0.0,0.0,0.0,0.0,0.0,0.0,0.0,1.0,1.0,0.0,0.0,0.0,0.0
detour,real_full,220,440,e22,a3e1c487338ecfe4ce59e1e8f0be7a20d0442476ad923022ec430bdb5470ee56,offpath,fitting,False,0,1.0,1.0,0.0,0.0,0.0,0.0,0.0,0.0,0.0,1.0,1.0,0.0,0.0,0.0,0.0,0.0,0.0,0.0
detour,real_full,220,440,e23,a3e1c487338ecfe4ce59e1e8f0be7a20d0442476ad923022ec430bdb5470ee56,noglass,fitting,False,0,1.0,1.0,0.0,0.0,0.0,0.0,0.0,0.0,0.0,1.0,1.0,0.0,0.0,0.0,0.0,0.0,0.0,0.0
detour,real_full,220,440,e24,a992f0a563f4b0239708f4be6fa38192e6930b15387567b2d4a16568d4fa5671,glass,fitting,False,0,0.0,0.0,0.0,1.0,1.0,0.0,0.0,0.0,0.0,0.0,0.0,0.0,1.0,1.0,0.0,0.0,0.0,0.0
detour,real_full,220,440,e25,a992f0a563f4b0239708f4be6fa38192e6930b15387567b2d4a16568d4fa5671,offpath,fitting,False,0,1.0,1.0,0.0,0.0,0.0,0.0,0.0,0.0,0.0,1.0,1.0,0.0,0.0,0.0,0.0,0.0,0.0,0.0
detour,real_full,220,440,e26,a992f0a563f4b0239708f4be6fa38192e6930b15387567b2d4a16568d4fa5671,noglass,fitting,False,0,1.0,1.0,0.0,0.0,0.0,0.0,0.0,0.0,0.0,1.0,1.0,0.0,0.0,0.0,0.0,0.0,0.0,0.0
detour,real_full,220,440,e27,c8fa274849bf4beeb7c46b93a7de7a6242e5af2e9c83a395e8d0db16da5e81d8,glass,fitting,False,0,0.0,0.0,0.0,1.0,1.0,0.0,0.0,0.0,0.0,0.0,0.0,0.0,1.0,1.0,0.0,0.0,0.0,0.0
detour,real_full,220,440,e28,c8fa274849bf4beeb7c46b93a7de7a6242e5af2e9c83a395e8d0db16da5e81d8,offpath,fitting,False,0,1.0,1.0,0.0,0.0,0.0,0.0,0.0,0.0,0.0,1.0,1.0,0.0,0.0,0.0,0.0,0.0,0.0,0.0
detour,real_full,220,440,e29,c8fa274849bf4beeb7c46b93a7de7a6242e5af2e9c83a395e8d0db16da5e81d8,noglass,fitting,False,0,1.0,1.0,0.0,0.0,0.0,0.0,0.0,0.0,0.0,1.0,1.0,0.0,0.0,0.0,0.0,0.0,0.0,0.0
detour,real_full,220,440,e30,ddd84e646ab0cdd38c0f283802f28ac361a412492f3872c7f489b95bb55d53af,glass,fitting,False,0,0.0,0.0,0.0,1.0,1.0,0.0,0.0,0.0,0.0,0.0,0.0,0.0,0.5,0.5,0.0,0.0,0.0,0.0
detour,real_full,220,440,e31,ddd84e646ab0cdd38c0f283802f28ac361a412492f3872c7f489b95bb55d53af,offpath,fitting,False,0,1.0,1.0,0.0,0.0,0.0,0.0,0.0,0.0,0.0,1.0,1.0,0.0,0.0,0.0,0.0,0.0,0.0,0.0
detour,real_full,220,440,e32,ddd84e646ab0cdd38c0f283802f28ac361a412492f3872c7f489b95bb55d53af,noglass,fitting,False,0,1.0,1.0,0.0,0.0,0.0,0.0,0.0,0.0,0.0,1.0,1.0,0.0,0.0,0.0,0.0,0.0,0.0,0.0
detour,real_full,220,440,e33,f64d2a60c3b9cebc4b5e12f86f4978711b4ca1e7a3788d1756d078c45a1c1004,glass,fitting,False,0,0.0,0.0,0.0,1.0,1.0,0.0,0.0,0.0,0.0,0.0,0.0,0.0,1.0,1.0,0.0,0.0,0.0,0.0
detour,real_full,220,440,e34,f64d2a60c3b9cebc4b5e12f86f4978711b4ca1e7a3788d1756d078c45a1c1004,offpath,fitting,False,0,1.0,1.0,0.0,0.0,0.0,0.0,0.0,0.0,0.0,1.0,1.0,0.0,0.0,0.0,0.0,0.0,0.0,0.0
detour,real_full,220,440,e35,f64d2a60c3b9cebc4b5e12f86f4978711b4ca1e7a3788d1756d078c45a1c1004,noglass,fitting,False,0,1.0,1.0,0.0,0.0,0.0,0.0,0.0,0.0,0.0,1.0,1.0,0.0,0.0,0.0,0.0,0.0,0.0,0.0
detour,real_full,220,440,e36,37d3edc8cb9ad51b8ebf45a235721c16e2531be26385d150aef2b21d81a04cae,glass,calibration,False,0,0.0,0.0,0.0,0.0,0.0,0.0,0.0,0.0,0.0,0.0,0.0,0.0,0.0,0.0,0.0,0.0,0.0,0.0
detour,real_full,220,440,e37,37d3edc8cb9ad51b8ebf45a235721c16e2531be26385d150aef2b21d81a04cae,offpath,calibration,False,0,1.0,1.0,0.0,0.0,0.0,0.0,0.0,0.0,0.0,1.0,1.0,0.0,0.0,0.0,0.0,0.0,0.0,0.0
detour,real_full,220,440,e38,37d3edc8cb9ad51b8ebf45a235721c16e2531be26385d150aef2b21d81a04cae,noglass,calibration,False,0,1.0,1.0,0.0,0.0,0.0,0.0,0.0,0.0,0.0,1.0,1.0,0.0,0.0,0.0,0.0,0.0,0.0,0.0
detour,real_full,220,440,e39,6292759eb45913ce4ed8447194504833f347d9355012e3228775797a4b0a7cd1,glass,calibration,False,0,0.0,0.0,0.0,1.0,1.0,0.0,0.0,0.0,0.0,0.5,0.5,0.0,0.5,0.5,0.0,0.0,0.0,0.0
detour,real_full,220,440,e40,6292759eb45913ce4ed8447194504833f347d9355012e3228775797a4b0a7cd1,offpath,calibration,False,0,1.0,1.0,0.0,0.0,0.0,0.0,0.0,0.0,0.0,1.0,1.0,0.0,0.0,0.0,0.0,0.0,0.0,0.0
detour,real_full,220,440,e41,6292759eb45913ce4ed8447194504833f347d9355012e3228775797a4b0a7cd1,noglass,calibration,False,1,0.5,1.0,0.5,0.0,0.0,0.0,0.0,0.0,1.0,1.0,1.0,0.0,0.0,0.0,0.0,0.0,0.0,1.0
detour,real_full,220,440,e42,655347c9fb28aaf505e162e6bcad095d17e4bfee5506113825cfb3da6ca60845,glass,calibration,False,0,0.0,0.0,0.0,1.0,1.0,0.0,0.0,0.0,0.0,0.0,0.0,0.0,1.0,1.0,0.0,0.0,0.0,0.0
detour,real_full,220,440,e43,655347c9fb28aaf505e162e6bcad095d17e4bfee5506113825cfb3da6ca60845,offpath,calibration,False,0,1.0,1.0,0.0,0.0,0.0,0.0,0.0,0.0,0.0,1.0,1.0,0.0,0.0,0.0,0.0,0.0,0.0,0.0
detour,real_full,220,440,e44,655347c9fb28aaf505e162e6bcad095d17e4bfee5506113825cfb3da6ca60845,noglass,calibration,False,0,1.0,1.0,0.0,0.0,0.0,0.0,0.0,0.0,0.0,1.0,1.0,0.0,0.0,0.0,0.0,0.0,0.0,0.0
detour,real_full,220,440,e45,64d921063eb0a02530efbea3434c347d28bd353cbb04464e5d91d499f62f61ef,glass,calibration,False,0,0.0,0.0,0.0,1.0,1.0,0.0,0.0,0.0,0.0,0.0,0.0,0.0,1.0,1.0,0.0,0.0,0.0,0.0
detour,real_full,220,440,e46,64d921063eb0a02530efbea3434c347d28bd353cbb04464e5d91d499f62f61ef,offpath,calibration,True,0,0.0,0.0,0.0,1.0,1.0,0.0,0.0,0.0,0.0,0.0,0.0,0.0,1.0,1.0,0.0,0.0,0.0,0.0
detour,real_full,220,440,e47,64d921063eb0a02530efbea3434c347d28bd353cbb04464e5d91d499f62f61ef,noglass,calibration,False,0,1.0,1.0,0.0,0.0,0.0,0.0,0.0,0.0,0.0,0.5,0.5,0.0,0.0,0.0,0.0,0.0,0.0,0.0
detour,real_one,220,220,e00,0815f4806fc9a4fbd58c6627c8b92fd77f1b80ad4b8b4cd6d0c6e0541d488a7b,glass,fitting,False,0,0.0,0.0,0.0,1.0,1.0,0.0,0.0,0.0,0.0,0.0,0.0,0.0,1.0,1.0,0.0,0.0,0.0,0.0
detour,real_one,220,220,e01,0815f4806fc9a4fbd58c6627c8b92fd77f1b80ad4b8b4cd6d0c6e0541d488a7b,offpath,fitting,False,0,1.0,1.0,0.0,0.0,0.0,0.0,0.0,0.0,0.0,1.0,1.0,0.0,0.0,0.0,0.0,0.0,0.0,0.0
detour,real_one,220,220,e02,0815f4806fc9a4fbd58c6627c8b92fd77f1b80ad4b8b4cd6d0c6e0541d488a7b,noglass,fitting,False,0,1.0,1.0,0.0,0.0,0.0,0.0,0.0,0.0,0.0,1.0,1.0,0.0,0.0,0.0,0.0,0.0,0.0,0.0
detour,real_one,220,220,e03,28c563172e6e13a0d3d84f1527243878c67a2140fa8c9a81ecb8b81ec9402dc8,glass,fitting,False,0,1.0,1.0,0.0,0.0,0.0,0.0,0.0,0.0,0.0,1.0,1.0,0.0,0.0,0.0,0.0,0.0,0.0,0.0
detour,real_one,220,220,e04,28c563172e6e13a0d3d84f1527243878c67a2140fa8c9a81ecb8b81ec9402dc8,offpath,fitting,False,0,1.0,1.0,0.0,0.0,0.0,0.0,0.0,0.0,0.0,1.0,1.0,0.0,0.0,0.0,0.0,0.0,0.0,0.0
detour,real_one,220,220,e05,28c563172e6e13a0d3d84f1527243878c67a2140fa8c9a81ecb8b81ec9402dc8,noglass,fitting,False,0,1.0,1.0,0.0,0.0,0.0,0.0,0.0,0.0,0.0,1.0,1.0,0.0,0.0,0.0,0.0,0.0,0.0,0.0
detour,real_one,220,220,e06,69fa7e93588c6aea4b134efa44633d38556ce1656b46df276021920a664881a3,glass,fitting,False,0,0.0,0.0,0.0,1.0,1.0,0.0,0.0,0.0,0.0,0.0,0.0,0.0,1.0,1.0,0.0,0.0,0.0,0.0
detour,real_one,220,220,e07,69fa7e93588c6aea4b134efa44633d38556ce1656b46df276021920a664881a3,offpath,fitting,False,0,1.0,1.0,0.0,0.0,0.0,0.0,0.0,0.0,0.0,1.0,1.0,0.0,0.0,0.0,0.0,0.0,0.0,0.0
detour,real_one,220,220,e08,69fa7e93588c6aea4b134efa44633d38556ce1656b46df276021920a664881a3,noglass,fitting,False,0,1.0,1.0,0.0,0.0,0.0,0.0,0.0,0.0,0.0,1.0,1.0,0.0,0.0,0.0,0.0,0.0,0.0,0.0
detour,real_one,220,220,e09,76fe1d96587ab928f6fb5d7750ecd048fd712eb3d66aa60feb972a3d9d56c9d1,glass,fitting,False,0,1.0,1.0,0.0,0.0,0.0,0.0,0.0,0.0,0.0,1.0,1.0,0.0,0.0,0.0,0.0,0.0,0.0,0.0
detour,real_one,220,220,e10,76fe1d96587ab928f6fb5d7750ecd048fd712eb3d66aa60feb972a3d9d56c9d1,offpath,fitting,False,0,1.0,1.0,0.0,0.0,0.0,0.0,0.0,0.0,0.0,1.0,1.0,0.0,0.0,0.0,0.0,0.0,0.0,0.0
detour,real_one,220,220,e11,76fe1d96587ab928f6fb5d7750ecd048fd712eb3d66aa60feb972a3d9d56c9d1,noglass,fitting,False,0,1.0,1.0,0.0,0.0,0.0,0.0,0.0,0.0,0.0,1.0,1.0,0.0,0.0,0.0,0.0,0.0,0.0,0.0
detour,real_one,220,220,e12,821b498fc1fcb4e3c103635fa473d7577f718c4f633b273772954295c83ae585,glass,fitting,False,0,0.0,0.0,0.0,1.0,1.0,0.0,0.0,0.0,0.0,0.0,0.0,0.0,1.0,1.0,0.0,0.0,0.0,0.0
detour,real_one,220,220,e13,821b498fc1fcb4e3c103635fa473d7577f718c4f633b273772954295c83ae585,offpath,fitting,False,0,1.0,1.0,0.0,0.0,0.0,0.0,0.0,0.0,0.0,1.0,1.0,0.0,0.0,0.0,0.0,0.0,0.0,0.0
detour,real_one,220,220,e14,821b498fc1fcb4e3c103635fa473d7577f718c4f633b273772954295c83ae585,noglass,fitting,False,0,1.0,1.0,0.0,0.0,0.0,0.0,0.0,0.0,0.0,1.0,1.0,0.0,0.0,0.0,0.0,0.0,0.0,0.0
detour,real_one,220,220,e15,9176c2514b8a62105f4d2b8a22a8a0b0236c5b9feda58c18ef64cea917b98d9d,glass,fitting,False,1,0.0,1.0,1.0,1.0,0.0,-1.0,0.0,0.0,1.0,1.0,1.0,0.0,0.0,0.0,0.0,0.0,0.0,1.0
detour,real_one,220,220,e16,9176c2514b8a62105f4d2b8a22a8a0b0236c5b9feda58c18ef64cea917b98d9d,offpath,fitting,False,0,0.0,0.0,0.0,1.0,1.0,0.0,0.0,0.0,0.0,0.0,0.0,0.0,1.0,1.0,0.0,0.0,0.0,0.0
detour,real_one,220,220,e17,9176c2514b8a62105f4d2b8a22a8a0b0236c5b9feda58c18ef64cea917b98d9d,noglass,fitting,False,0,1.0,1.0,0.0,0.0,0.0,0.0,0.0,0.0,0.0,0.0,0.0,0.0,0.0,0.0,0.0,0.0,0.0,0.0
detour,real_one,220,220,e18,986b3dff233a80cf0fd1c48f815600f49b95f83be0d9f898fee40d0a5c9dca63,glass,fitting,False,1,0.0,1.0,1.0,1.0,0.0,-1.0,0.0,0.0,1.0,0.0,1.0,1.0,1.0,0.0,-1.0,0.0,0.0,1.0
detour,real_one,220,220,e19,986b3dff233a80cf0fd1c48f815600f49b95f83be0d9f898fee40d0a5c9dca63,offpath,fitting,False,0,1.0,1.0,0.0,0.0,0.0,0.0,0.0,0.0,0.0,1.0,1.0,0.0,0.0,0.0,0.0,0.0,0.0,0.0
detour,real_one,220,220,e20,986b3dff233a80cf0fd1c48f815600f49b95f83be0d9f898fee40d0a5c9dca63,noglass,fitting,False,0,1.0,1.0,0.0,0.0,0.0,0.0,0.0,0.0,0.0,1.0,1.0,0.0,0.0,0.0,0.0,0.0,0.0,0.0
detour,real_one,220,220,e21,a3e1c487338ecfe4ce59e1e8f0be7a20d0442476ad923022ec430bdb5470ee56,glass,fitting,False,0,0.0,0.0,0.0,1.0,1.0,0.0,0.0,0.0,0.0,0.0,0.0,0.0,1.0,1.0,0.0,0.0,0.0,0.0
detour,real_one,220,220,e22,a3e1c487338ecfe4ce59e1e8f0be7a20d0442476ad923022ec430bdb5470ee56,offpath,fitting,False,0,1.0,1.0,0.0,0.0,0.0,0.0,0.0,0.0,0.0,1.0,1.0,0.0,0.0,0.0,0.0,0.0,0.0,0.0
detour,real_one,220,220,e23,a3e1c487338ecfe4ce59e1e8f0be7a20d0442476ad923022ec430bdb5470ee56,noglass,fitting,False,0,1.0,1.0,0.0,0.0,0.0,0.0,0.0,0.0,0.0,1.0,1.0,0.0,0.0,0.0,0.0,0.0,0.0,0.0
detour,real_one,220,220,e24,a992f0a563f4b0239708f4be6fa38192e6930b15387567b2d4a16568d4fa5671,glass,fitting,False,0,0.0,0.0,0.0,1.0,1.0,0.0,0.0,0.0,0.0,0.0,0.0,0.0,1.0,1.0,0.0,0.0,0.0,0.0
detour,real_one,220,220,e25,a992f0a563f4b0239708f4be6fa38192e6930b15387567b2d4a16568d4fa5671,offpath,fitting,False,0,1.0,1.0,0.0,0.0,0.0,0.0,0.0,0.0,0.0,1.0,1.0,0.0,0.0,0.0,0.0,0.0,0.0,0.0
detour,real_one,220,220,e26,a992f0a563f4b0239708f4be6fa38192e6930b15387567b2d4a16568d4fa5671,noglass,fitting,False,0,1.0,1.0,0.0,0.0,0.0,0.0,0.0,0.0,0.0,1.0,1.0,0.0,0.0,0.0,0.0,0.0,0.0,0.0
detour,real_one,220,220,e27,c8fa274849bf4beeb7c46b93a7de7a6242e5af2e9c83a395e8d0db16da5e81d8,glass,fitting,False,0,0.0,0.0,0.0,1.0,1.0,0.0,0.0,0.0,0.0,0.0,0.0,0.0,1.0,1.0,0.0,0.0,0.0,0.0
detour,real_one,220,220,e28,c8fa274849bf4beeb7c46b93a7de7a6242e5af2e9c83a395e8d0db16da5e81d8,offpath,fitting,False,0,1.0,1.0,0.0,0.0,0.0,0.0,0.0,0.0,0.0,1.0,1.0,0.0,0.0,0.0,0.0,0.0,0.0,0.0
detour,real_one,220,220,e29,c8fa274849bf4beeb7c46b93a7de7a6242e5af2e9c83a395e8d0db16da5e81d8,noglass,fitting,False,0,1.0,1.0,0.0,0.0,0.0,0.0,0.0,0.0,0.0,1.0,1.0,0.0,0.0,0.0,0.0,0.0,0.0,0.0
detour,real_one,220,220,e30,ddd84e646ab0cdd38c0f283802f28ac361a412492f3872c7f489b95bb55d53af,glass,fitting,False,0,0.0,0.0,0.0,1.0,1.0,0.0,0.0,0.0,0.0,0.0,0.0,0.0,1.0,1.0,0.0,0.0,0.0,0.0
detour,real_one,220,220,e31,ddd84e646ab0cdd38c0f283802f28ac361a412492f3872c7f489b95bb55d53af,offpath,fitting,False,0,1.0,1.0,0.0,0.0,0.0,0.0,0.0,0.0,0.0,1.0,1.0,0.0,0.0,0.0,0.0,0.0,0.0,0.0
detour,real_one,220,220,e32,ddd84e646ab0cdd38c0f283802f28ac361a412492f3872c7f489b95bb55d53af,noglass,fitting,False,0,1.0,1.0,0.0,0.0,0.0,0.0,0.0,0.0,0.0,1.0,1.0,0.0,0.0,0.0,0.0,0.0,0.0,0.0
detour,real_one,220,220,e33,f64d2a60c3b9cebc4b5e12f86f4978711b4ca1e7a3788d1756d078c45a1c1004,glass,fitting,False,0,0.0,0.0,0.0,1.0,1.0,0.0,0.0,0.0,0.0,0.0,0.0,0.0,1.0,1.0,0.0,0.0,0.0,0.0
detour,real_one,220,220,e34,f64d2a60c3b9cebc4b5e12f86f4978711b4ca1e7a3788d1756d078c45a1c1004,offpath,fitting,False,0,1.0,1.0,0.0,0.0,0.0,0.0,0.0,0.0,0.0,1.0,1.0,0.0,0.0,0.0,0.0,0.0,0.0,0.0
detour,real_one,220,220,e35,f64d2a60c3b9cebc4b5e12f86f4978711b4ca1e7a3788d1756d078c45a1c1004,noglass,fitting,False,0,1.0,1.0,0.0,0.0,0.0,0.0,0.0,0.0,0.0,1.0,1.0,0.0,0.0,0.0,0.0,0.0,0.0,0.0
detour,real_one,220,220,e36,37d3edc8cb9ad51b8ebf45a235721c16e2531be26385d150aef2b21d81a04cae,glass,calibration,False,0,0.0,0.0,0.0,0.0,0.0,0.0,0.0,0.0,0.0,0.0,0.0,0.0,0.0,0.0,0.0,0.0,0.0,0.0
detour,real_one,220,220,e37,37d3edc8cb9ad51b8ebf45a235721c16e2531be26385d150aef2b21d81a04cae,offpath,calibration,False,0,1.0,1.0,0.0,0.0,0.0,0.0,0.0,0.0,0.0,1.0,1.0,0.0,0.0,0.0,0.0,0.0,0.0,0.0
detour,real_one,220,220,e38,37d3edc8cb9ad51b8ebf45a235721c16e2531be26385d150aef2b21d81a04cae,noglass,calibration,False,0,1.0,1.0,0.0,0.0,0.0,0.0,0.0,0.0,0.0,1.0,1.0,0.0,0.0,0.0,0.0,0.0,0.0,0.0
detour,real_one,220,220,e39,6292759eb45913ce4ed8447194504833f347d9355012e3228775797a4b0a7cd1,glass,calibration,False,0,0.0,0.0,0.0,1.0,1.0,0.0,0.0,0.0,0.0,0.0,0.0,0.0,1.0,1.0,0.0,0.0,0.0,0.0
detour,real_one,220,220,e40,6292759eb45913ce4ed8447194504833f347d9355012e3228775797a4b0a7cd1,offpath,calibration,False,0,1.0,1.0,0.0,0.0,0.0,0.0,0.0,0.0,0.0,1.0,1.0,0.0,0.0,0.0,0.0,0.0,0.0,0.0
detour,real_one,220,220,e41,6292759eb45913ce4ed8447194504833f347d9355012e3228775797a4b0a7cd1,noglass,calibration,False,0,1.0,1.0,0.0,0.0,0.0,0.0,0.0,0.0,0.0,1.0,1.0,0.0,0.0,0.0,0.0,0.0,0.0,0.0
detour,real_one,220,220,e42,655347c9fb28aaf505e162e6bcad095d17e4bfee5506113825cfb3da6ca60845,glass,calibration,False,0,0.0,0.0,0.0,1.0,1.0,0.0,0.0,0.0,0.0,0.0,0.0,0.0,1.0,1.0,0.0,0.0,0.0,0.0
detour,real_one,220,220,e43,655347c9fb28aaf505e162e6bcad095d17e4bfee5506113825cfb3da6ca60845,offpath,calibration,False,0,1.0,1.0,0.0,0.0,0.0,0.0,0.0,0.0,0.0,1.0,1.0,0.0,0.0,0.0,0.0,0.0,0.0,0.0
detour,real_one,220,220,e44,655347c9fb28aaf505e162e6bcad095d17e4bfee5506113825cfb3da6ca60845,noglass,calibration,False,0,1.0,1.0,0.0,0.0,0.0,0.0,0.0,0.0,0.0,1.0,1.0,0.0,0.0,0.0,0.0,0.0,0.0,0.0
detour,real_one,220,220,e45,64d921063eb0a02530efbea3434c347d28bd353cbb04464e5d91d499f62f61ef,glass,calibration,False,0,0.0,0.0,0.0,1.0,1.0,0.0,0.0,0.0,0.0,0.0,0.0,0.0,1.0,1.0,0.0,0.0,0.0,0.0
detour,real_one,220,220,e46,64d921063eb0a02530efbea3434c347d28bd353cbb04464e5d91d499f62f61ef,offpath,calibration,True,0,0.0,0.0,0.0,1.0,1.0,0.0,0.0,0.0,0.0,0.0,0.0,0.0,1.0,1.0,0.0,0.0,0.0,0.0
detour,real_one,220,220,e47,64d921063eb0a02530efbea3434c347d28bd353cbb04464e5d91d499f62f61ef,noglass,calibration,False,0,1.0,1.0,0.0,0.0,0.0,0.0,0.0,0.0,0.0,0.0,0.0,0.0,0.0,0.0,0.0,0.0,0.0,0.0
detour,real_one,220,440,e00,0815f4806fc9a4fbd58c6627c8b92fd77f1b80ad4b8b4cd6d0c6e0541d488a7b,glass,fitting,False,0,0.0,0.0,0.0,1.0,1.0,0.0,0.0,0.0,0.0,0.0,0.0,0.0,1.0,1.0,0.0,0.0,0.0,0.0
detour,real_one,220,440,e01,0815f4806fc9a4fbd58c6627c8b92fd77f1b80ad4b8b4cd6d0c6e0541d488a7b,offpath,fitting,False,0,1.0,1.0,0.0,0.0,0.0,0.0,0.0,0.0,0.0,1.0,1.0,0.0,0.0,0.0,0.0,0.0,0.0,0.0
detour,real_one,220,440,e02,0815f4806fc9a4fbd58c6627c8b92fd77f1b80ad4b8b4cd6d0c6e0541d488a7b,noglass,fitting,False,0,1.0,1.0,0.0,0.0,0.0,0.0,0.0,0.0,0.0,1.0,1.0,0.0,0.0,0.0,0.0,0.0,0.0,0.0
detour,real_one,220,440,e03,28c563172e6e13a0d3d84f1527243878c67a2140fa8c9a81ecb8b81ec9402dc8,glass,fitting,False,0,1.0,1.0,0.0,0.0,0.0,0.0,0.0,0.0,0.0,1.0,1.0,0.0,0.0,0.0,0.0,0.0,0.0,0.0
detour,real_one,220,440,e04,28c563172e6e13a0d3d84f1527243878c67a2140fa8c9a81ecb8b81ec9402dc8,offpath,fitting,False,0,1.0,1.0,0.0,0.0,0.0,0.0,0.0,0.0,0.0,1.0,1.0,0.0,0.0,0.0,0.0,0.0,0.0,0.0
detour,real_one,220,440,e05,28c563172e6e13a0d3d84f1527243878c67a2140fa8c9a81ecb8b81ec9402dc8,noglass,fitting,False,0,1.0,1.0,0.0,0.0,0.0,0.0,0.0,0.0,0.0,1.0,1.0,0.0,0.0,0.0,0.0,0.0,0.0,0.0
detour,real_one,220,440,e06,69fa7e93588c6aea4b134efa44633d38556ce1656b46df276021920a664881a3,glass,fitting,False,0,0.0,0.0,0.0,1.0,1.0,0.0,0.0,0.0,0.0,0.0,0.0,0.0,1.0,1.0,0.0,0.0,0.0,0.0
detour,real_one,220,440,e07,69fa7e93588c6aea4b134efa44633d38556ce1656b46df276021920a664881a3,offpath,fitting,False,0,1.0,1.0,0.0,0.0,0.0,0.0,0.0,0.0,0.0,1.0,1.0,0.0,0.0,0.0,0.0,0.0,0.0,0.0
detour,real_one,220,440,e08,69fa7e93588c6aea4b134efa44633d38556ce1656b46df276021920a664881a3,noglass,fitting,False,0,1.0,1.0,0.0,0.0,0.0,0.0,0.0,0.0,0.0,1.0,1.0,0.0,0.0,0.0,0.0,0.0,0.0,0.0
detour,real_one,220,440,e09,76fe1d96587ab928f6fb5d7750ecd048fd712eb3d66aa60feb972a3d9d56c9d1,glass,fitting,False,0,1.0,1.0,0.0,0.0,0.0,0.0,0.0,0.0,0.0,1.0,1.0,0.0,0.0,0.0,0.0,0.0,0.0,0.0
detour,real_one,220,440,e10,76fe1d96587ab928f6fb5d7750ecd048fd712eb3d66aa60feb972a3d9d56c9d1,offpath,fitting,False,0,1.0,1.0,0.0,0.0,0.0,0.0,0.0,0.0,0.0,1.0,1.0,0.0,0.0,0.0,0.0,0.0,0.0,0.0
detour,real_one,220,440,e11,76fe1d96587ab928f6fb5d7750ecd048fd712eb3d66aa60feb972a3d9d56c9d1,noglass,fitting,False,0,1.0,1.0,0.0,0.0,0.0,0.0,0.0,0.0,0.0,1.0,1.0,0.0,0.0,0.0,0.0,0.0,0.0,0.0
detour,real_one,220,440,e12,821b498fc1fcb4e3c103635fa473d7577f718c4f633b273772954295c83ae585,glass,fitting,False,0,0.0,0.0,0.0,1.0,1.0,0.0,0.0,0.0,0.0,0.0,0.0,0.0,1.0,1.0,0.0,0.0,0.0,0.0
detour,real_one,220,440,e13,821b498fc1fcb4e3c103635fa473d7577f718c4f633b273772954295c83ae585,offpath,fitting,False,0,1.0,1.0,0.0,0.0,0.0,0.0,0.0,0.0,0.0,1.0,1.0,0.0,0.0,0.0,0.0,0.0,0.0,0.0
detour,real_one,220,440,e14,821b498fc1fcb4e3c103635fa473d7577f718c4f633b273772954295c83ae585,noglass,fitting,False,0,1.0,1.0,0.0,0.0,0.0,0.0,0.0,0.0,0.0,1.0,1.0,0.0,0.0,0.0,0.0,0.0,0.0,0.0
detour,real_one,220,440,e15,9176c2514b8a62105f4d2b8a22a8a0b0236c5b9feda58c18ef64cea917b98d9d,glass,fitting,False,1,0.0,1.0,1.0,1.0,0.0,-1.0,0.0,0.0,1.0,1.0,1.0,0.0,0.0,0.0,0.0,0.0,0.0,1.0
detour,real_one,220,440,e16,9176c2514b8a62105f4d2b8a22a8a0b0236c5b9feda58c18ef64cea917b98d9d,offpath,fitting,False,0,0.0,0.0,0.0,1.0,1.0,0.0,0.0,0.0,0.0,0.0,0.0,0.0,1.0,1.0,0.0,0.0,0.0,0.0
detour,real_one,220,440,e17,9176c2514b8a62105f4d2b8a22a8a0b0236c5b9feda58c18ef64cea917b98d9d,noglass,fitting,False,0,1.0,1.0,0.0,0.0,0.0,0.0,0.0,0.0,0.0,0.0,0.0,0.0,0.0,0.0,0.0,0.0,0.0,0.0
detour,real_one,220,440,e18,986b3dff233a80cf0fd1c48f815600f49b95f83be0d9f898fee40d0a5c9dca63,glass,fitting,False,1,0.0,1.0,1.0,1.0,0.0,-1.0,0.0,0.0,1.0,0.0,1.0,1.0,1.0,0.0,-1.0,0.0,0.0,1.0
detour,real_one,220,440,e19,986b3dff233a80cf0fd1c48f815600f49b95f83be0d9f898fee40d0a5c9dca63,offpath,fitting,False,0,1.0,1.0,0.0,0.0,0.0,0.0,0.0,0.0,0.0,1.0,1.0,0.0,0.0,0.0,0.0,0.0,0.0,0.0
detour,real_one,220,440,e20,986b3dff233a80cf0fd1c48f815600f49b95f83be0d9f898fee40d0a5c9dca63,noglass,fitting,False,0,1.0,1.0,0.0,0.0,0.0,0.0,0.0,0.0,0.0,1.0,1.0,0.0,0.0,0.0,0.0,0.0,0.0,0.0
detour,real_one,220,440,e21,a3e1c487338ecfe4ce59e1e8f0be7a20d0442476ad923022ec430bdb5470ee56,glass,fitting,False,0,0.0,0.0,0.0,1.0,1.0,0.0,0.0,0.0,0.0,0.0,0.0,0.0,1.0,1.0,0.0,0.0,0.0,0.0
detour,real_one,220,440,e22,a3e1c487338ecfe4ce59e1e8f0be7a20d0442476ad923022ec430bdb5470ee56,offpath,fitting,False,0,1.0,1.0,0.0,0.0,0.0,0.0,0.0,0.0,0.0,1.0,1.0,0.0,0.0,0.0,0.0,0.0,0.0,0.0
detour,real_one,220,440,e23,a3e1c487338ecfe4ce59e1e8f0be7a20d0442476ad923022ec430bdb5470ee56,noglass,fitting,False,0,1.0,1.0,0.0,0.0,0.0,0.0,0.0,0.0,0.0,1.0,1.0,0.0,0.0,0.0,0.0,0.0,0.0,0.0
detour,real_one,220,440,e24,a992f0a563f4b0239708f4be6fa38192e6930b15387567b2d4a16568d4fa5671,glass,fitting,False,0,0.0,0.0,0.0,1.0,1.0,0.0,0.0,0.0,0.0,0.0,0.0,0.0,1.0,1.0,0.0,0.0,0.0,0.0
detour,real_one,220,440,e25,a992f0a563f4b0239708f4be6fa38192e6930b15387567b2d4a16568d4fa5671,offpath,fitting,False,0,1.0,1.0,0.0,0.0,0.0,0.0,0.0,0.0,0.0,1.0,1.0,0.0,0.0,0.0,0.0,0.0,0.0,0.0
detour,real_one,220,440,e26,a992f0a563f4b0239708f4be6fa38192e6930b15387567b2d4a16568d4fa5671,noglass,fitting,False,0,1.0,1.0,0.0,0.0,0.0,0.0,0.0,0.0,0.0,1.0,1.0,0.0,0.0,0.0,0.0,0.0,0.0,0.0
detour,real_one,220,440,e27,c8fa274849bf4beeb7c46b93a7de7a6242e5af2e9c83a395e8d0db16da5e81d8,glass,fitting,False,0,0.0,0.0,0.0,1.0,1.0,0.0,0.0,0.0,0.0,0.0,0.0,0.0,1.0,1.0,0.0,0.0,0.0,0.0
detour,real_one,220,440,e28,c8fa274849bf4beeb7c46b93a7de7a6242e5af2e9c83a395e8d0db16da5e81d8,offpath,fitting,False,0,1.0,1.0,0.0,0.0,0.0,0.0,0.0,0.0,0.0,1.0,1.0,0.0,0.0,0.0,0.0,0.0,0.0,0.0
detour,real_one,220,440,e29,c8fa274849bf4beeb7c46b93a7de7a6242e5af2e9c83a395e8d0db16da5e81d8,noglass,fitting,False,0,1.0,1.0,0.0,0.0,0.0,0.0,0.0,0.0,0.0,1.0,1.0,0.0,0.0,0.0,0.0,0.0,0.0,0.0
detour,real_one,220,440,e30,ddd84e646ab0cdd38c0f283802f28ac361a412492f3872c7f489b95bb55d53af,glass,fitting,False,0,0.0,0.0,0.0,1.0,1.0,0.0,0.0,0.0,0.0,0.0,0.0,0.0,1.0,1.0,0.0,0.0,0.0,0.0
detour,real_one,220,440,e31,ddd84e646ab0cdd38c0f283802f28ac361a412492f3872c7f489b95bb55d53af,offpath,fitting,False,0,1.0,1.0,0.0,0.0,0.0,0.0,0.0,0.0,0.0,1.0,1.0,0.0,0.0,0.0,0.0,0.0,0.0,0.0
detour,real_one,220,440,e32,ddd84e646ab0cdd38c0f283802f28ac361a412492f3872c7f489b95bb55d53af,noglass,fitting,False,0,1.0,1.0,0.0,0.0,0.0,0.0,0.0,0.0,0.0,1.0,1.0,0.0,0.0,0.0,0.0,0.0,0.0,0.0
detour,real_one,220,440,e33,f64d2a60c3b9cebc4b5e12f86f4978711b4ca1e7a3788d1756d078c45a1c1004,glass,fitting,False,0,0.0,0.0,0.0,1.0,1.0,0.0,0.0,0.0,0.0,0.0,0.0,0.0,1.0,1.0,0.0,0.0,0.0,0.0
detour,real_one,220,440,e34,f64d2a60c3b9cebc4b5e12f86f4978711b4ca1e7a3788d1756d078c45a1c1004,offpath,fitting,False,0,1.0,1.0,0.0,0.0,0.0,0.0,0.0,0.0,0.0,1.0,1.0,0.0,0.0,0.0,0.0,0.0,0.0,0.0
detour,real_one,220,440,e35,f64d2a60c3b9cebc4b5e12f86f4978711b4ca1e7a3788d1756d078c45a1c1004,noglass,fitting,False,0,1.0,1.0,0.0,0.0,0.0,0.0,0.0,0.0,0.0,1.0,1.0,0.0,0.0,0.0,0.0,0.0,0.0,0.0
detour,real_one,220,440,e36,37d3edc8cb9ad51b8ebf45a235721c16e2531be26385d150aef2b21d81a04cae,glass,calibration,False,0,0.0,0.0,0.0,0.0,0.0,0.0,0.0,0.0,0.0,0.0,0.0,0.0,0.0,0.0,0.0,0.0,0.0,0.0
detour,real_one,220,440,e37,37d3edc8cb9ad51b8ebf45a235721c16e2531be26385d150aef2b21d81a04cae,offpath,calibration,False,0,1.0,1.0,0.0,0.0,0.0,0.0,0.0,0.0,0.0,1.0,1.0,0.0,0.0,0.0,0.0,0.0,0.0,0.0
detour,real_one,220,440,e38,37d3edc8cb9ad51b8ebf45a235721c16e2531be26385d150aef2b21d81a04cae,noglass,calibration,False,0,1.0,1.0,0.0,0.0,0.0,0.0,0.0,0.0,0.0,1.0,1.0,0.0,0.0,0.0,0.0,0.0,0.0,0.0
detour,real_one,220,440,e39,6292759eb45913ce4ed8447194504833f347d9355012e3228775797a4b0a7cd1,glass,calibration,False,0,0.0,0.0,0.0,1.0,1.0,0.0,0.0,0.0,0.0,0.0,0.0,0.0,1.0,1.0,0.0,0.0,0.0,0.0
detour,real_one,220,440,e40,6292759eb45913ce4ed8447194504833f347d9355012e3228775797a4b0a7cd1,offpath,calibration,False,0,1.0,1.0,0.0,0.0,0.0,0.0,0.0,0.0,0.0,1.0,1.0,0.0,0.0,0.0,0.0,0.0,0.0,0.0
detour,real_one,220,440,e41,6292759eb45913ce4ed8447194504833f347d9355012e3228775797a4b0a7cd1,noglass,calibration,False,0,1.0,1.0,0.0,0.0,0.0,0.0,0.0,0.0,0.0,1.0,1.0,0.0,0.0,0.0,0.0,0.0,0.0,0.0
detour,real_one,220,440,e42,655347c9fb28aaf505e162e6bcad095d17e4bfee5506113825cfb3da6ca60845,glass,calibration,False,0,0.0,0.0,0.0,1.0,1.0,0.0,0.0,0.0,0.0,0.0,0.0,0.0,1.0,1.0,0.0,0.0,0.0,0.0
detour,real_one,220,440,e43,655347c9fb28aaf505e162e6bcad095d17e4bfee5506113825cfb3da6ca60845,offpath,calibration,False,0,1.0,1.0,0.0,0.0,0.0,0.0,0.0,0.0,0.0,1.0,1.0,0.0,0.0,0.0,0.0,0.0,0.0,0.0
detour,real_one,220,440,e44,655347c9fb28aaf505e162e6bcad095d17e4bfee5506113825cfb3da6ca60845,noglass,calibration,False,0,1.0,1.0,0.0,0.0,0.0,0.0,0.0,0.0,0.0,1.0,1.0,0.0,0.0,0.0,0.0,0.0,0.0,0.0
detour,real_one,220,440,e45,64d921063eb0a02530efbea3434c347d28bd353cbb04464e5d91d499f62f61ef,glass,calibration,False,0,0.0,0.0,0.0,1.0,1.0,0.0,0.0,0.0,0.0,0.0,0.0,0.0,1.0,1.0,0.0,0.0,0.0,0.0
detour,real_one,220,440,e46,64d921063eb0a02530efbea3434c347d28bd353cbb04464e5d91d499f62f61ef,offpath,calibration,True,0,0.0,0.0,0.0,1.0,1.0,0.0,0.0,0.0,0.0,0.0,0.0,0.0,1.0,1.0,0.0,0.0,0.0,0.0
detour,real_one,220,440,e47,64d921063eb0a02530efbea3434c347d28bd353cbb04464e5d91d499f62f61ef,noglass,calibration,False,0,1.0,1.0,0.0,0.0,0.0,0.0,0.0,0.0,0.0,0.0,0.0,0.0,0.0,0.0,0.0,0.0,0.0,0.0
detour,pseudo_one,220,220,e00,0815f4806fc9a4fbd58c6627c8b92fd77f1b80ad4b8b4cd6d0c6e0541d488a7b,glass,fitting,False,0,0.0,0.0,0.0,1.0,1.0,0.0,0.0,0.0,0.0,0.0,0.0,0.0,1.0,1.0,0.0,0.0,0.0,0.0
detour,pseudo_one,220,220,e01,0815f4806fc9a4fbd58c6627c8b92fd77f1b80ad4b8b4cd6d0c6e0541d488a7b,offpath,fitting,False,0,1.0,1.0,0.0,0.0,0.0,0.0,0.0,0.0,0.0,1.0,1.0,0.0,0.0,0.0,0.0,0.0,0.0,0.0
detour,pseudo_one,220,220,e02,0815f4806fc9a4fbd58c6627c8b92fd77f1b80ad4b8b4cd6d0c6e0541d488a7b,noglass,fitting,False,0,1.0,1.0,0.0,0.0,0.0,0.0,0.0,0.0,0.0,1.0,1.0,0.0,0.0,0.0,0.0,0.0,0.0,0.0
detour,pseudo_one,220,220,e03,28c563172e6e13a0d3d84f1527243878c67a2140fa8c9a81ecb8b81ec9402dc8,glass,fitting,False,0,1.0,1.0,0.0,0.0,0.0,0.0,0.0,0.0,0.0,1.0,1.0,0.0,0.0,0.0,0.0,0.0,0.0,0.0
detour,pseudo_one,220,220,e04,28c563172e6e13a0d3d84f1527243878c67a2140fa8c9a81ecb8b81ec9402dc8,offpath,fitting,False,0,1.0,1.0,0.0,0.0,0.0,0.0,0.0,0.0,0.0,1.0,1.0,0.0,0.0,0.0,0.0,0.0,0.0,0.0
detour,pseudo_one,220,220,e05,28c563172e6e13a0d3d84f1527243878c67a2140fa8c9a81ecb8b81ec9402dc8,noglass,fitting,False,0,1.0,1.0,0.0,0.0,0.0,0.0,0.0,0.0,0.0,1.0,1.0,0.0,0.0,0.0,0.0,0.0,0.0,0.0
detour,pseudo_one,220,220,e06,69fa7e93588c6aea4b134efa44633d38556ce1656b46df276021920a664881a3,glass,fitting,False,0,0.0,0.0,0.0,1.0,1.0,0.0,0.0,0.0,0.0,0.0,0.0,0.0,1.0,1.0,0.0,0.0,0.0,0.0
detour,pseudo_one,220,220,e07,69fa7e93588c6aea4b134efa44633d38556ce1656b46df276021920a664881a3,offpath,fitting,False,0,1.0,1.0,0.0,0.0,0.0,0.0,0.0,0.0,0.0,1.0,1.0,0.0,0.0,0.0,0.0,0.0,0.0,0.0
detour,pseudo_one,220,220,e08,69fa7e93588c6aea4b134efa44633d38556ce1656b46df276021920a664881a3,noglass,fitting,False,0,1.0,1.0,0.0,0.0,0.0,0.0,0.0,0.0,0.0,1.0,1.0,0.0,0.0,0.0,0.0,0.0,0.0,0.0
detour,pseudo_one,220,220,e09,76fe1d96587ab928f6fb5d7750ecd048fd712eb3d66aa60feb972a3d9d56c9d1,glass,fitting,False,0,1.0,1.0,0.0,0.0,0.0,0.0,0.0,0.0,0.0,1.0,1.0,0.0,0.0,0.0,0.0,0.0,0.0,0.0
detour,pseudo_one,220,220,e10,76fe1d96587ab928f6fb5d7750ecd048fd712eb3d66aa60feb972a3d9d56c9d1,offpath,fitting,False,0,1.0,1.0,0.0,0.0,0.0,0.0,0.0,0.0,0.0,1.0,1.0,0.0,0.0,0.0,0.0,0.0,0.0,0.0
detour,pseudo_one,220,220,e11,76fe1d96587ab928f6fb5d7750ecd048fd712eb3d66aa60feb972a3d9d56c9d1,noglass,fitting,False,0,1.0,1.0,0.0,0.0,0.0,0.0,0.0,0.0,0.0,1.0,1.0,0.0,0.0,0.0,0.0,0.0,0.0,0.0
detour,pseudo_one,220,220,e12,821b498fc1fcb4e3c103635fa473d7577f718c4f633b273772954295c83ae585,glass,fitting,False,0,0.0,0.0,0.0,1.0,1.0,0.0,0.0,0.0,0.0,0.0,0.0,0.0,1.0,1.0,0.0,0.0,0.0,0.0
detour,pseudo_one,220,220,e13,821b498fc1fcb4e3c103635fa473d7577f718c4f633b273772954295c83ae585,offpath,fitting,False,0,1.0,1.0,0.0,0.0,0.0,0.0,0.0,0.0,0.0,1.0,1.0,0.0,0.0,0.0,0.0,0.0,0.0,0.0
detour,pseudo_one,220,220,e14,821b498fc1fcb4e3c103635fa473d7577f718c4f633b273772954295c83ae585,noglass,fitting,False,0,1.0,1.0,0.0,0.0,0.0,0.0,0.0,0.0,0.0,1.0,1.0,0.0,0.0,0.0,0.0,0.0,0.0,0.0
detour,pseudo_one,220,220,e15,9176c2514b8a62105f4d2b8a22a8a0b0236c5b9feda58c18ef64cea917b98d9d,glass,fitting,False,1,0.0,1.0,1.0,1.0,0.0,-1.0,0.0,0.0,1.0,1.0,1.0,0.0,0.0,0.0,0.0,0.0,0.0,1.0
detour,pseudo_one,220,220,e16,9176c2514b8a62105f4d2b8a22a8a0b0236c5b9feda58c18ef64cea917b98d9d,offpath,fitting,False,0,0.0,0.0,0.0,1.0,1.0,0.0,0.0,0.0,0.0,0.0,0.0,0.0,1.0,1.0,0.0,0.0,0.0,0.0
detour,pseudo_one,220,220,e17,9176c2514b8a62105f4d2b8a22a8a0b0236c5b9feda58c18ef64cea917b98d9d,noglass,fitting,False,0,1.0,1.0,0.0,0.0,0.0,0.0,0.0,0.0,0.0,0.0,0.0,0.0,0.0,0.0,0.0,0.0,0.0,0.0
detour,pseudo_one,220,220,e18,986b3dff233a80cf0fd1c48f815600f49b95f83be0d9f898fee40d0a5c9dca63,glass,fitting,False,0,0.0,0.0,0.0,1.0,1.0,0.0,0.0,0.0,0.0,0.0,0.0,0.0,1.0,1.0,0.0,0.0,0.0,0.0
detour,pseudo_one,220,220,e19,986b3dff233a80cf0fd1c48f815600f49b95f83be0d9f898fee40d0a5c9dca63,offpath,fitting,False,0,1.0,1.0,0.0,0.0,0.0,0.0,0.0,0.0,0.0,1.0,1.0,0.0,0.0,0.0,0.0,0.0,0.0,0.0
detour,pseudo_one,220,220,e20,986b3dff233a80cf0fd1c48f815600f49b95f83be0d9f898fee40d0a5c9dca63,noglass,fitting,False,0,1.0,1.0,0.0,0.0,0.0,0.0,0.0,0.0,0.0,1.0,1.0,0.0,0.0,0.0,0.0,0.0,0.0,0.0
detour,pseudo_one,220,220,e21,a3e1c487338ecfe4ce59e1e8f0be7a20d0442476ad923022ec430bdb5470ee56,glass,fitting,False,0,0.0,0.0,0.0,1.0,1.0,0.0,0.0,0.0,0.0,0.0,0.0,0.0,1.0,1.0,0.0,0.0,0.0,0.0
detour,pseudo_one,220,220,e22,a3e1c487338ecfe4ce59e1e8f0be7a20d0442476ad923022ec430bdb5470ee56,offpath,fitting,False,0,1.0,1.0,0.0,0.0,0.0,0.0,0.0,0.0,0.0,1.0,1.0,0.0,0.0,0.0,0.0,0.0,0.0,0.0
detour,pseudo_one,220,220,e23,a3e1c487338ecfe4ce59e1e8f0be7a20d0442476ad923022ec430bdb5470ee56,noglass,fitting,False,0,1.0,1.0,0.0,0.0,0.0,0.0,0.0,0.0,0.0,1.0,1.0,0.0,0.0,0.0,0.0,0.0,0.0,0.0
detour,pseudo_one,220,220,e24,a992f0a563f4b0239708f4be6fa38192e6930b15387567b2d4a16568d4fa5671,glass,fitting,False,0,0.0,0.0,0.0,1.0,1.0,0.0,0.0,0.0,0.0,0.0,0.0,0.0,1.0,1.0,0.0,0.0,0.0,0.0
detour,pseudo_one,220,220,e25,a992f0a563f4b0239708f4be6fa38192e6930b15387567b2d4a16568d4fa5671,offpath,fitting,False,0,1.0,1.0,0.0,0.0,0.0,0.0,0.0,0.0,0.0,1.0,1.0,0.0,0.0,0.0,0.0,0.0,0.0,0.0
detour,pseudo_one,220,220,e26,a992f0a563f4b0239708f4be6fa38192e6930b15387567b2d4a16568d4fa5671,noglass,fitting,False,0,1.0,1.0,0.0,0.0,0.0,0.0,0.0,0.0,0.0,1.0,1.0,0.0,0.0,0.0,0.0,0.0,0.0,0.0
detour,pseudo_one,220,220,e27,c8fa274849bf4beeb7c46b93a7de7a6242e5af2e9c83a395e8d0db16da5e81d8,glass,fitting,False,0,0.0,0.0,0.0,1.0,1.0,0.0,0.0,0.0,0.0,0.0,0.0,0.0,1.0,1.0,0.0,0.0,0.0,0.0
detour,pseudo_one,220,220,e28,c8fa274849bf4beeb7c46b93a7de7a6242e5af2e9c83a395e8d0db16da5e81d8,offpath,fitting,False,0,1.0,1.0,0.0,0.0,0.0,0.0,0.0,0.0,0.0,1.0,1.0,0.0,0.0,0.0,0.0,0.0,0.0,0.0
detour,pseudo_one,220,220,e29,c8fa274849bf4beeb7c46b93a7de7a6242e5af2e9c83a395e8d0db16da5e81d8,noglass,fitting,False,0,1.0,1.0,0.0,0.0,0.0,0.0,0.0,0.0,0.0,1.0,1.0,0.0,0.0,0.0,0.0,0.0,0.0,0.0
detour,pseudo_one,220,220,e30,ddd84e646ab0cdd38c0f283802f28ac361a412492f3872c7f489b95bb55d53af,glass,fitting,False,0,0.0,0.0,0.0,1.0,1.0,0.0,0.0,0.0,0.0,0.0,0.0,0.0,1.0,1.0,0.0,0.0,0.0,0.0
detour,pseudo_one,220,220,e31,ddd84e646ab0cdd38c0f283802f28ac361a412492f3872c7f489b95bb55d53af,offpath,fitting,False,0,1.0,1.0,0.0,0.0,0.0,0.0,0.0,0.0,0.0,1.0,1.0,0.0,0.0,0.0,0.0,0.0,0.0,0.0
detour,pseudo_one,220,220,e32,ddd84e646ab0cdd38c0f283802f28ac361a412492f3872c7f489b95bb55d53af,noglass,fitting,False,0,1.0,1.0,0.0,0.0,0.0,0.0,0.0,0.0,0.0,1.0,1.0,0.0,0.0,0.0,0.0,0.0,0.0,0.0
detour,pseudo_one,220,220,e33,f64d2a60c3b9cebc4b5e12f86f4978711b4ca1e7a3788d1756d078c45a1c1004,glass,fitting,False,0,0.0,0.0,0.0,1.0,1.0,0.0,0.0,0.0,0.0,0.0,0.0,0.0,1.0,1.0,0.0,0.0,0.0,0.0
detour,pseudo_one,220,220,e34,f64d2a60c3b9cebc4b5e12f86f4978711b4ca1e7a3788d1756d078c45a1c1004,offpath,fitting,False,0,1.0,1.0,0.0,0.0,0.0,0.0,0.0,0.0,0.0,1.0,1.0,0.0,0.0,0.0,0.0,0.0,0.0,0.0
detour,pseudo_one,220,220,e35,f64d2a60c3b9cebc4b5e12f86f4978711b4ca1e7a3788d1756d078c45a1c1004,noglass,fitting,False,0,1.0,1.0,0.0,0.0,0.0,0.0,0.0,0.0,0.0,1.0,1.0,0.0,0.0,0.0,0.0,0.0,0.0,0.0
detour,pseudo_one,220,220,e36,37d3edc8cb9ad51b8ebf45a235721c16e2531be26385d150aef2b21d81a04cae,glass,calibration,False,0,0.0,0.0,0.0,0.0,0.0,0.0,0.0,0.0,0.0,0.0,0.0,0.0,0.0,0.0,0.0,0.0,0.0,0.0
detour,pseudo_one,220,220,e37,37d3edc8cb9ad51b8ebf45a235721c16e2531be26385d150aef2b21d81a04cae,offpath,calibration,False,0,1.0,1.0,0.0,0.0,0.0,0.0,0.0,0.0,0.0,1.0,1.0,0.0,0.0,0.0,0.0,0.0,0.0,0.0
detour,pseudo_one,220,220,e38,37d3edc8cb9ad51b8ebf45a235721c16e2531be26385d150aef2b21d81a04cae,noglass,calibration,False,0,1.0,1.0,0.0,0.0,0.0,0.0,0.0,0.0,0.0,1.0,1.0,0.0,0.0,0.0,0.0,0.0,0.0,0.0
detour,pseudo_one,220,220,e39,6292759eb45913ce4ed8447194504833f347d9355012e3228775797a4b0a7cd1,glass,calibration,False,0,0.0,0.0,0.0,1.0,1.0,0.0,0.0,0.0,0.0,0.0,0.0,0.0,1.0,1.0,0.0,0.0,0.0,0.0
detour,pseudo_one,220,220,e40,6292759eb45913ce4ed8447194504833f347d9355012e3228775797a4b0a7cd1,offpath,calibration,False,0,1.0,1.0,0.0,0.0,0.0,0.0,0.0,0.0,0.0,1.0,1.0,0.0,0.0,0.0,0.0,0.0,0.0,0.0
detour,pseudo_one,220,220,e41,6292759eb45913ce4ed8447194504833f347d9355012e3228775797a4b0a7cd1,noglass,calibration,False,0,1.0,1.0,0.0,0.0,0.0,0.0,0.0,0.0,0.0,1.0,1.0,0.0,0.0,0.0,0.0,0.0,0.0,0.0
detour,pseudo_one,220,220,e42,655347c9fb28aaf505e162e6bcad095d17e4bfee5506113825cfb3da6ca60845,glass,calibration,False,0,0.0,0.0,0.0,1.0,1.0,0.0,0.0,0.0,0.0,0.0,0.0,0.0,1.0,1.0,0.0,0.0,0.0,0.0
detour,pseudo_one,220,220,e43,655347c9fb28aaf505e162e6bcad095d17e4bfee5506113825cfb3da6ca60845,offpath,calibration,False,0,1.0,1.0,0.0,0.0,0.0,0.0,0.0,0.0,0.0,1.0,1.0,0.0,0.0,0.0,0.0,0.0,0.0,0.0
detour,pseudo_one,220,220,e44,655347c9fb28aaf505e162e6bcad095d17e4bfee5506113825cfb3da6ca60845,noglass,calibration,False,0,1.0,1.0,0.0,0.0,0.0,0.0,0.0,0.0,0.0,1.0,1.0,0.0,0.0,0.0,0.0,0.0,0.0,0.0
detour,pseudo_one,220,220,e45,64d921063eb0a02530efbea3434c347d28bd353cbb04464e5d91d499f62f61ef,glass,calibration,False,0,0.0,0.0,0.0,1.0,1.0,0.0,0.0,0.0,0.0,0.0,0.0,0.0,1.0,1.0,0.0,0.0,0.0,0.0
detour,pseudo_one,220,220,e46,64d921063eb0a02530efbea3434c347d28bd353cbb04464e5d91d499f62f61ef,offpath,calibration,True,0,0.0,0.0,0.0,1.0,1.0,0.0,0.0,0.0,0.0,0.0,0.0,0.0,1.0,1.0,0.0,0.0,0.0,0.0
detour,pseudo_one,220,220,e47,64d921063eb0a02530efbea3434c347d28bd353cbb04464e5d91d499f62f61ef,noglass,calibration,False,0,1.0,1.0,0.0,0.0,0.0,0.0,0.0,0.0,0.0,0.0,0.0,0.0,0.0,0.0,0.0,0.0,0.0,0.0
detour,pseudo_one,220,440,e00,0815f4806fc9a4fbd58c6627c8b92fd77f1b80ad4b8b4cd6d0c6e0541d488a7b,glass,fitting,False,0,0.0,0.0,0.0,1.0,1.0,0.0,0.0,0.0,0.0,0.0,0.0,0.0,1.0,1.0,0.0,0.0,0.0,0.0
detour,pseudo_one,220,440,e01,0815f4806fc9a4fbd58c6627c8b92fd77f1b80ad4b8b4cd6d0c6e0541d488a7b,offpath,fitting,False,0,1.0,1.0,0.0,0.0,0.0,0.0,0.0,0.0,0.0,1.0,1.0,0.0,0.0,0.0,0.0,0.0,0.0,0.0
detour,pseudo_one,220,440,e02,0815f4806fc9a4fbd58c6627c8b92fd77f1b80ad4b8b4cd6d0c6e0541d488a7b,noglass,fitting,False,0,1.0,1.0,0.0,0.0,0.0,0.0,0.0,0.0,0.0,1.0,1.0,0.0,0.0,0.0,0.0,0.0,0.0,0.0
detour,pseudo_one,220,440,e03,28c563172e6e13a0d3d84f1527243878c67a2140fa8c9a81ecb8b81ec9402dc8,glass,fitting,False,0,1.0,1.0,0.0,0.0,0.0,0.0,0.0,0.0,0.0,1.0,1.0,0.0,0.0,0.0,0.0,0.0,0.0,0.0
detour,pseudo_one,220,440,e04,28c563172e6e13a0d3d84f1527243878c67a2140fa8c9a81ecb8b81ec9402dc8,offpath,fitting,False,0,1.0,1.0,0.0,0.0,0.0,0.0,0.0,0.0,0.0,1.0,1.0,0.0,0.0,0.0,0.0,0.0,0.0,0.0
detour,pseudo_one,220,440,e05,28c563172e6e13a0d3d84f1527243878c67a2140fa8c9a81ecb8b81ec9402dc8,noglass,fitting,False,0,1.0,1.0,0.0,0.0,0.0,0.0,0.0,0.0,0.0,1.0,1.0,0.0,0.0,0.0,0.0,0.0,0.0,0.0
detour,pseudo_one,220,440,e06,69fa7e93588c6aea4b134efa44633d38556ce1656b46df276021920a664881a3,glass,fitting,False,0,0.0,0.0,0.0,1.0,1.0,0.0,0.0,0.0,0.0,0.0,0.0,0.0,1.0,1.0,0.0,0.0,0.0,0.0
detour,pseudo_one,220,440,e07,69fa7e93588c6aea4b134efa44633d38556ce1656b46df276021920a664881a3,offpath,fitting,False,0,1.0,1.0,0.0,0.0,0.0,0.0,0.0,0.0,0.0,1.0,1.0,0.0,0.0,0.0,0.0,0.0,0.0,0.0
detour,pseudo_one,220,440,e08,69fa7e93588c6aea4b134efa44633d38556ce1656b46df276021920a664881a3,noglass,fitting,False,0,1.0,1.0,0.0,0.0,0.0,0.0,0.0,0.0,0.0,1.0,1.0,0.0,0.0,0.0,0.0,0.0,0.0,0.0
detour,pseudo_one,220,440,e09,76fe1d96587ab928f6fb5d7750ecd048fd712eb3d66aa60feb972a3d9d56c9d1,glass,fitting,False,0,1.0,1.0,0.0,0.0,0.0,0.0,0.0,0.0,0.0,1.0,1.0,0.0,0.0,0.0,0.0,0.0,0.0,0.0
detour,pseudo_one,220,440,e10,76fe1d96587ab928f6fb5d7750ecd048fd712eb3d66aa60feb972a3d9d56c9d1,offpath,fitting,False,0,1.0,1.0,0.0,0.0,0.0,0.0,0.0,0.0,0.0,1.0,1.0,0.0,0.0,0.0,0.0,0.0,0.0,0.0
detour,pseudo_one,220,440,e11,76fe1d96587ab928f6fb5d7750ecd048fd712eb3d66aa60feb972a3d9d56c9d1,noglass,fitting,False,0,1.0,1.0,0.0,0.0,0.0,0.0,0.0,0.0,0.0,1.0,1.0,0.0,0.0,0.0,0.0,0.0,0.0,0.0
detour,pseudo_one,220,440,e12,821b498fc1fcb4e3c103635fa473d7577f718c4f633b273772954295c83ae585,glass,fitting,False,0,0.0,0.0,0.0,1.0,1.0,0.0,0.0,0.0,0.0,0.0,0.0,0.0,1.0,1.0,0.0,0.0,0.0,0.0
detour,pseudo_one,220,440,e13,821b498fc1fcb4e3c103635fa473d7577f718c4f633b273772954295c83ae585,offpath,fitting,False,0,1.0,1.0,0.0,0.0,0.0,0.0,0.0,0.0,0.0,1.0,1.0,0.0,0.0,0.0,0.0,0.0,0.0,0.0
detour,pseudo_one,220,440,e14,821b498fc1fcb4e3c103635fa473d7577f718c4f633b273772954295c83ae585,noglass,fitting,False,0,1.0,1.0,0.0,0.0,0.0,0.0,0.0,0.0,0.0,1.0,1.0,0.0,0.0,0.0,0.0,0.0,0.0,0.0
detour,pseudo_one,220,440,e15,9176c2514b8a62105f4d2b8a22a8a0b0236c5b9feda58c18ef64cea917b98d9d,glass,fitting,False,1,0.0,1.0,1.0,1.0,0.0,-1.0,0.0,0.0,1.0,1.0,1.0,0.0,0.0,0.0,0.0,0.0,0.0,1.0
detour,pseudo_one,220,440,e16,9176c2514b8a62105f4d2b8a22a8a0b0236c5b9feda58c18ef64cea917b98d9d,offpath,fitting,False,0,0.0,0.0,0.0,1.0,1.0,0.0,0.0,0.0,0.0,0.0,0.0,0.0,1.0,1.0,0.0,0.0,0.0,0.0
detour,pseudo_one,220,440,e17,9176c2514b8a62105f4d2b8a22a8a0b0236c5b9feda58c18ef64cea917b98d9d,noglass,fitting,False,0,1.0,1.0,0.0,0.0,0.0,0.0,0.0,0.0,0.0,0.0,0.0,0.0,0.0,0.0,0.0,0.0,0.0,0.0
detour,pseudo_one,220,440,e18,986b3dff233a80cf0fd1c48f815600f49b95f83be0d9f898fee40d0a5c9dca63,glass,fitting,False,0,0.0,0.0,0.0,1.0,1.0,0.0,0.0,0.0,0.0,0.0,0.0,0.0,1.0,1.0,0.0,0.0,0.0,0.0
detour,pseudo_one,220,440,e19,986b3dff233a80cf0fd1c48f815600f49b95f83be0d9f898fee40d0a5c9dca63,offpath,fitting,False,0,1.0,1.0,0.0,0.0,0.0,0.0,0.0,0.0,0.0,1.0,1.0,0.0,0.0,0.0,0.0,0.0,0.0,0.0
detour,pseudo_one,220,440,e20,986b3dff233a80cf0fd1c48f815600f49b95f83be0d9f898fee40d0a5c9dca63,noglass,fitting,False,0,1.0,1.0,0.0,0.0,0.0,0.0,0.0,0.0,0.0,1.0,1.0,0.0,0.0,0.0,0.0,0.0,0.0,0.0
detour,pseudo_one,220,440,e21,a3e1c487338ecfe4ce59e1e8f0be7a20d0442476ad923022ec430bdb5470ee56,glass,fitting,False,0,0.0,0.0,0.0,1.0,1.0,0.0,0.0,0.0,0.0,0.0,0.0,0.0,1.0,1.0,0.0,0.0,0.0,0.0
detour,pseudo_one,220,440,e22,a3e1c487338ecfe4ce59e1e8f0be7a20d0442476ad923022ec430bdb5470ee56,offpath,fitting,False,0,1.0,1.0,0.0,0.0,0.0,0.0,0.0,0.0,0.0,1.0,1.0,0.0,0.0,0.0,0.0,0.0,0.0,0.0
detour,pseudo_one,220,440,e23,a3e1c487338ecfe4ce59e1e8f0be7a20d0442476ad923022ec430bdb5470ee56,noglass,fitting,False,0,1.0,1.0,0.0,0.0,0.0,0.0,0.0,0.0,0.0,1.0,1.0,0.0,0.0,0.0,0.0,0.0,0.0,0.0
detour,pseudo_one,220,440,e24,a992f0a563f4b0239708f4be6fa38192e6930b15387567b2d4a16568d4fa5671,glass,fitting,False,0,0.0,0.0,0.0,1.0,1.0,0.0,0.0,0.0,0.0,0.0,0.0,0.0,1.0,1.0,0.0,0.0,0.0,0.0
detour,pseudo_one,220,440,e25,a992f0a563f4b0239708f4be6fa38192e6930b15387567b2d4a16568d4fa5671,offpath,fitting,False,0,1.0,1.0,0.0,0.0,0.0,0.0,0.0,0.0,0.0,1.0,1.0,0.0,0.0,0.0,0.0,0.0,0.0,0.0
detour,pseudo_one,220,440,e26,a992f0a563f4b0239708f4be6fa38192e6930b15387567b2d4a16568d4fa5671,noglass,fitting,False,0,1.0,1.0,0.0,0.0,0.0,0.0,0.0,0.0,0.0,1.0,1.0,0.0,0.0,0.0,0.0,0.0,0.0,0.0
detour,pseudo_one,220,440,e27,c8fa274849bf4beeb7c46b93a7de7a6242e5af2e9c83a395e8d0db16da5e81d8,glass,fitting,False,0,0.0,0.0,0.0,1.0,1.0,0.0,0.0,0.0,0.0,0.0,0.0,0.0,1.0,1.0,0.0,0.0,0.0,0.0
detour,pseudo_one,220,440,e28,c8fa274849bf4beeb7c46b93a7de7a6242e5af2e9c83a395e8d0db16da5e81d8,offpath,fitting,False,0,1.0,1.0,0.0,0.0,0.0,0.0,0.0,0.0,0.0,1.0,1.0,0.0,0.0,0.0,0.0,0.0,0.0,0.0
detour,pseudo_one,220,440,e29,c8fa274849bf4beeb7c46b93a7de7a6242e5af2e9c83a395e8d0db16da5e81d8,noglass,fitting,False,0,1.0,1.0,0.0,0.0,0.0,0.0,0.0,0.0,0.0,1.0,1.0,0.0,0.0,0.0,0.0,0.0,0.0,0.0
detour,pseudo_one,220,440,e30,ddd84e646ab0cdd38c0f283802f28ac361a412492f3872c7f489b95bb55d53af,glass,fitting,False,0,0.0,0.0,0.0,1.0,1.0,0.0,0.0,0.0,0.0,0.0,0.0,0.0,1.0,1.0,0.0,0.0,0.0,0.0
detour,pseudo_one,220,440,e31,ddd84e646ab0cdd38c0f283802f28ac361a412492f3872c7f489b95bb55d53af,offpath,fitting,False,0,1.0,1.0,0.0,0.0,0.0,0.0,0.0,0.0,0.0,1.0,1.0,0.0,0.0,0.0,0.0,0.0,0.0,0.0
detour,pseudo_one,220,440,e32,ddd84e646ab0cdd38c0f283802f28ac361a412492f3872c7f489b95bb55d53af,noglass,fitting,False,0,1.0,1.0,0.0,0.0,0.0,0.0,0.0,0.0,0.0,1.0,1.0,0.0,0.0,0.0,0.0,0.0,0.0,0.0
detour,pseudo_one,220,440,e33,f64d2a60c3b9cebc4b5e12f86f4978711b4ca1e7a3788d1756d078c45a1c1004,glass,fitting,False,0,0.0,0.0,0.0,1.0,1.0,0.0,0.0,0.0,0.0,0.0,0.0,0.0,1.0,1.0,0.0,0.0,0.0,0.0
detour,pseudo_one,220,440,e34,f64d2a60c3b9cebc4b5e12f86f4978711b4ca1e7a3788d1756d078c45a1c1004,offpath,fitting,False,0,1.0,1.0,0.0,0.0,0.0,0.0,0.0,0.0,0.0,1.0,1.0,0.0,0.0,0.0,0.0,0.0,0.0,0.0
detour,pseudo_one,220,440,e35,f64d2a60c3b9cebc4b5e12f86f4978711b4ca1e7a3788d1756d078c45a1c1004,noglass,fitting,False,0,1.0,1.0,0.0,0.0,0.0,0.0,0.0,0.0,0.0,1.0,1.0,0.0,0.0,0.0,0.0,0.0,0.0,0.0
detour,pseudo_one,220,440,e36,37d3edc8cb9ad51b8ebf45a235721c16e2531be26385d150aef2b21d81a04cae,glass,calibration,False,0,0.0,0.0,0.0,0.0,0.0,0.0,0.0,0.0,0.0,0.0,0.0,0.0,0.0,0.0,0.0,0.0,0.0,0.0
detour,pseudo_one,220,440,e37,37d3edc8cb9ad51b8ebf45a235721c16e2531be26385d150aef2b21d81a04cae,offpath,calibration,False,0,1.0,1.0,0.0,0.0,0.0,0.0,0.0,0.0,0.0,1.0,1.0,0.0,0.0,0.0,0.0,0.0,0.0,0.0
detour,pseudo_one,220,440,e38,37d3edc8cb9ad51b8ebf45a235721c16e2531be26385d150aef2b21d81a04cae,noglass,calibration,False,0,1.0,1.0,0.0,0.0,0.0,0.0,0.0,0.0,0.0,1.0,1.0,0.0,0.0,0.0,0.0,0.0,0.0,0.0
detour,pseudo_one,220,440,e39,6292759eb45913ce4ed8447194504833f347d9355012e3228775797a4b0a7cd1,glass,calibration,False,0,0.0,0.0,0.0,1.0,1.0,0.0,0.0,0.0,0.0,0.0,0.0,0.0,1.0,1.0,0.0,0.0,0.0,0.0
detour,pseudo_one,220,440,e40,6292759eb45913ce4ed8447194504833f347d9355012e3228775797a4b0a7cd1,offpath,calibration,False,0,1.0,1.0,0.0,0.0,0.0,0.0,0.0,0.0,0.0,1.0,1.0,0.0,0.0,0.0,0.0,0.0,0.0,0.0
detour,pseudo_one,220,440,e41,6292759eb45913ce4ed8447194504833f347d9355012e3228775797a4b0a7cd1,noglass,calibration,False,0,1.0,1.0,0.0,0.0,0.0,0.0,0.0,0.0,0.0,1.0,1.0,0.0,0.0,0.0,0.0,0.0,0.0,0.0
detour,pseudo_one,220,440,e42,655347c9fb28aaf505e162e6bcad095d17e4bfee5506113825cfb3da6ca60845,glass,calibration,False,0,0.0,0.0,0.0,1.0,1.0,0.0,0.0,0.0,0.0,0.0,0.0,0.0,1.0,1.0,0.0,0.0,0.0,0.0
detour,pseudo_one,220,440,e43,655347c9fb28aaf505e162e6bcad095d17e4bfee5506113825cfb3da6ca60845,offpath,calibration,False,0,1.0,1.0,0.0,0.0,0.0,0.0,0.0,0.0,0.0,1.0,1.0,0.0,0.0,0.0,0.0,0.0,0.0,0.0
detour,pseudo_one,220,440,e44,655347c9fb28aaf505e162e6bcad095d17e4bfee5506113825cfb3da6ca60845,noglass,calibration,False,0,1.0,1.0,0.0,0.0,0.0,0.0,0.0,0.0,0.0,1.0,1.0,0.0,0.0,0.0,0.0,0.0,0.0,0.0
detour,pseudo_one,220,440,e45,64d921063eb0a02530efbea3434c347d28bd353cbb04464e5d91d499f62f61ef,glass,calibration,False,0,0.0,0.0,0.0,1.0,1.0,0.0,0.0,0.0,0.0,0.0,0.0,0.0,1.0,1.0,0.0,0.0,0.0,0.0
detour,pseudo_one,220,440,e46,64d921063eb0a02530efbea3434c347d28bd353cbb04464e5d91d499f62f61ef,offpath,calibration,True,0,0.0,0.0,0.0,1.0,1.0,0.0,0.0,0.0,0.0,0.0,0.0,0.0,1.0,1.0,0.0,0.0,0.0,0.0
detour,pseudo_one,220,440,e47,64d921063eb0a02530efbea3434c347d28bd353cbb04464e5d91d499f62f61ef,noglass,calibration,False,0,1.0,1.0,0.0,0.0,0.0,0.0,0.0,0.0,0.0,0.0,0.0,0.0,0.0,0.0,0.0,0.0,0.0,0.0
detour,pseudo_one_swapped,220,220,e00,0815f4806fc9a4fbd58c6627c8b92fd77f1b80ad4b8b4cd6d0c6e0541d488a7b,glass,fitting,False,0,0.0,0.0,0.0,1.0,1.0,0.0,0.0,0.0,0.0,0.0,0.0,0.0,1.0,1.0,0.0,0.0,0.0,0.0
detour,pseudo_one_swapped,220,220,e01,0815f4806fc9a4fbd58c6627c8b92fd77f1b80ad4b8b4cd6d0c6e0541d488a7b,offpath,fitting,False,0,1.0,1.0,0.0,0.0,0.0,0.0,0.0,0.0,0.0,1.0,1.0,0.0,0.0,0.0,0.0,0.0,0.0,0.0
detour,pseudo_one_swapped,220,220,e02,0815f4806fc9a4fbd58c6627c8b92fd77f1b80ad4b8b4cd6d0c6e0541d488a7b,noglass,fitting,False,0,1.0,1.0,0.0,0.0,0.0,0.0,0.0,0.0,0.0,1.0,1.0,0.0,0.0,0.0,0.0,0.0,0.0,0.0
detour,pseudo_one_swapped,220,220,e03,28c563172e6e13a0d3d84f1527243878c67a2140fa8c9a81ecb8b81ec9402dc8,glass,fitting,False,0,1.0,1.0,0.0,0.0,0.0,0.0,0.0,0.0,0.0,1.0,1.0,0.0,0.0,0.0,0.0,0.0,0.0,0.0
detour,pseudo_one_swapped,220,220,e04,28c563172e6e13a0d3d84f1527243878c67a2140fa8c9a81ecb8b81ec9402dc8,offpath,fitting,False,1,0.0,1.0,1.0,0.0,0.0,0.0,0.0,0.0,1.0,1.0,1.0,0.0,0.0,0.0,0.0,0.0,0.0,1.0
detour,pseudo_one_swapped,220,220,e05,28c563172e6e13a0d3d84f1527243878c67a2140fa8c9a81ecb8b81ec9402dc8,noglass,fitting,False,0,1.0,1.0,0.0,0.0,0.0,0.0,0.0,0.0,0.0,1.0,1.0,0.0,0.0,0.0,0.0,0.0,0.0,0.0
detour,pseudo_one_swapped,220,220,e06,69fa7e93588c6aea4b134efa44633d38556ce1656b46df276021920a664881a3,glass,fitting,False,0,0.0,0.0,0.0,1.0,1.0,0.0,0.0,0.0,0.0,0.0,0.0,0.0,1.0,1.0,0.0,0.0,0.0,0.0
detour,pseudo_one_swapped,220,220,e07,69fa7e93588c6aea4b134efa44633d38556ce1656b46df276021920a664881a3,offpath,fitting,False,0,1.0,1.0,0.0,0.0,0.0,0.0,0.0,0.0,0.0,1.0,1.0,0.0,0.0,0.0,0.0,0.0,0.0,0.0
detour,pseudo_one_swapped,220,220,e08,69fa7e93588c6aea4b134efa44633d38556ce1656b46df276021920a664881a3,noglass,fitting,False,0,1.0,1.0,0.0,0.0,0.0,0.0,0.0,0.0,0.0,1.0,1.0,0.0,0.0,0.0,0.0,0.0,0.0,0.0
detour,pseudo_one_swapped,220,220,e09,76fe1d96587ab928f6fb5d7750ecd048fd712eb3d66aa60feb972a3d9d56c9d1,glass,fitting,False,1,0.0,1.0,1.0,1.0,0.0,-1.0,0.0,0.0,1.0,0.0,1.0,1.0,0.0,0.0,0.0,0.0,0.0,1.0
detour,pseudo_one_swapped,220,220,e10,76fe1d96587ab928f6fb5d7750ecd048fd712eb3d66aa60feb972a3d9d56c9d1,offpath,fitting,False,0,1.0,1.0,0.0,0.0,0.0,0.0,0.0,0.0,0.0,1.0,1.0,0.0,0.0,0.0,0.0,0.0,0.0,0.0
detour,pseudo_one_swapped,220,220,e11,76fe1d96587ab928f6fb5d7750ecd048fd712eb3d66aa60feb972a3d9d56c9d1,noglass,fitting,False,0,1.0,1.0,0.0,0.0,0.0,0.0,0.0,0.0,0.0,1.0,1.0,0.0,0.0,0.0,0.0,0.0,0.0,0.0
detour,pseudo_one_swapped,220,220,e12,821b498fc1fcb4e3c103635fa473d7577f718c4f633b273772954295c83ae585,glass,fitting,False,0,0.0,0.0,0.0,1.0,1.0,0.0,0.0,0.0,0.0,0.0,0.0,0.0,1.0,1.0,0.0,0.0,0.0,0.0
detour,pseudo_one_swapped,220,220,e13,821b498fc1fcb4e3c103635fa473d7577f718c4f633b273772954295c83ae585,offpath,fitting,False,0,1.0,1.0,0.0,0.0,0.0,0.0,0.0,0.0,0.0,1.0,1.0,0.0,0.0,0.0,0.0,0.0,0.0,0.0
detour,pseudo_one_swapped,220,220,e14,821b498fc1fcb4e3c103635fa473d7577f718c4f633b273772954295c83ae585,noglass,fitting,False,0,1.0,1.0,0.0,0.0,0.0,0.0,0.0,0.0,0.0,1.0,1.0,0.0,0.0,0.0,0.0,0.0,0.0,0.0
detour,pseudo_one_swapped,220,220,e15,9176c2514b8a62105f4d2b8a22a8a0b0236c5b9feda58c18ef64cea917b98d9d,glass,fitting,False,0,1.0,1.0,0.0,0.0,0.0,0.0,0.0,0.0,0.0,1.0,1.0,0.0,0.0,0.0,0.0,0.0,0.0,0.0
detour,pseudo_one_swapped,220,220,e16,9176c2514b8a62105f4d2b8a22a8a0b0236c5b9feda58c18ef64cea917b98d9d,offpath,fitting,False,0,0.0,0.0,0.0,1.0,1.0,0.0,0.0,0.0,0.0,1.0,1.0,0.0,0.0,0.0,0.0,0.0,0.0,0.0
detour,pseudo_one_swapped,220,220,e17,9176c2514b8a62105f4d2b8a22a8a0b0236c5b9feda58c18ef64cea917b98d9d,noglass,fitting,False,0,1.0,1.0,0.0,0.0,0.0,0.0,0.0,0.0,0.0,1.0,1.0,0.0,0.0,0.0,0.0,0.0,0.0,0.0
detour,pseudo_one_swapped,220,220,e18,986b3dff233a80cf0fd1c48f815600f49b95f83be0d9f898fee40d0a5c9dca63,glass,fitting,False,0,0.0,0.0,0.0,1.0,1.0,0.0,0.0,0.0,0.0,0.0,0.0,0.0,1.0,1.0,0.0,0.0,0.0,0.0
detour,pseudo_one_swapped,220,220,e19,986b3dff233a80cf0fd1c48f815600f49b95f83be0d9f898fee40d0a5c9dca63,offpath,fitting,False,0,1.0,1.0,0.0,0.0,0.0,0.0,0.0,0.0,0.0,1.0,1.0,0.0,0.0,0.0,0.0,0.0,0.0,0.0
detour,pseudo_one_swapped,220,220,e20,986b3dff233a80cf0fd1c48f815600f49b95f83be0d9f898fee40d0a5c9dca63,noglass,fitting,False,0,1.0,1.0,0.0,0.0,0.0,0.0,0.0,0.0,0.0,1.0,1.0,0.0,0.0,0.0,0.0,0.0,0.0,0.0
detour,pseudo_one_swapped,220,220,e21,a3e1c487338ecfe4ce59e1e8f0be7a20d0442476ad923022ec430bdb5470ee56,glass,fitting,False,0,0.0,0.0,0.0,1.0,1.0,0.0,0.0,0.0,0.0,0.0,0.0,0.0,1.0,1.0,0.0,0.0,0.0,0.0
detour,pseudo_one_swapped,220,220,e22,a3e1c487338ecfe4ce59e1e8f0be7a20d0442476ad923022ec430bdb5470ee56,offpath,fitting,False,0,1.0,1.0,0.0,0.0,0.0,0.0,0.0,0.0,0.0,1.0,1.0,0.0,0.0,0.0,0.0,0.0,0.0,0.0
detour,pseudo_one_swapped,220,220,e23,a3e1c487338ecfe4ce59e1e8f0be7a20d0442476ad923022ec430bdb5470ee56,noglass,fitting,False,0,1.0,1.0,0.0,0.0,0.0,0.0,0.0,0.0,0.0,1.0,1.0,0.0,0.0,0.0,0.0,0.0,0.0,0.0
detour,pseudo_one_swapped,220,220,e24,a992f0a563f4b0239708f4be6fa38192e6930b15387567b2d4a16568d4fa5671,glass,fitting,False,0,0.0,0.0,0.0,1.0,1.0,0.0,0.0,0.0,0.0,0.0,0.0,0.0,1.0,1.0,0.0,0.0,0.0,0.0
detour,pseudo_one_swapped,220,220,e25,a992f0a563f4b0239708f4be6fa38192e6930b15387567b2d4a16568d4fa5671,offpath,fitting,False,0,1.0,1.0,0.0,0.0,0.0,0.0,0.0,0.0,0.0,1.0,1.0,0.0,0.0,0.0,0.0,0.0,0.0,0.0
detour,pseudo_one_swapped,220,220,e26,a992f0a563f4b0239708f4be6fa38192e6930b15387567b2d4a16568d4fa5671,noglass,fitting,False,0,1.0,1.0,0.0,0.0,0.0,0.0,0.0,0.0,0.0,1.0,1.0,0.0,0.0,0.0,0.0,0.0,0.0,0.0
detour,pseudo_one_swapped,220,220,e27,c8fa274849bf4beeb7c46b93a7de7a6242e5af2e9c83a395e8d0db16da5e81d8,glass,fitting,False,0,0.0,0.0,0.0,1.0,1.0,0.0,0.0,0.0,0.0,0.0,0.0,0.0,1.0,1.0,0.0,0.0,0.0,0.0
detour,pseudo_one_swapped,220,220,e28,c8fa274849bf4beeb7c46b93a7de7a6242e5af2e9c83a395e8d0db16da5e81d8,offpath,fitting,False,0,1.0,1.0,0.0,0.0,0.0,0.0,0.0,0.0,0.0,1.0,1.0,0.0,0.0,0.0,0.0,0.0,0.0,0.0
detour,pseudo_one_swapped,220,220,e29,c8fa274849bf4beeb7c46b93a7de7a6242e5af2e9c83a395e8d0db16da5e81d8,noglass,fitting,False,0,1.0,1.0,0.0,0.0,0.0,0.0,0.0,0.0,0.0,1.0,1.0,0.0,0.0,0.0,0.0,0.0,0.0,0.0
detour,pseudo_one_swapped,220,220,e30,ddd84e646ab0cdd38c0f283802f28ac361a412492f3872c7f489b95bb55d53af,glass,fitting,False,0,0.0,0.0,0.0,1.0,1.0,0.0,0.0,0.0,0.0,0.0,0.0,0.0,0.0,0.0,0.0,0.0,0.0,0.0
detour,pseudo_one_swapped,220,220,e31,ddd84e646ab0cdd38c0f283802f28ac361a412492f3872c7f489b95bb55d53af,offpath,fitting,False,0,1.0,1.0,0.0,0.0,0.0,0.0,0.0,0.0,0.0,1.0,1.0,0.0,0.0,0.0,0.0,0.0,0.0,0.0
detour,pseudo_one_swapped,220,220,e32,ddd84e646ab0cdd38c0f283802f28ac361a412492f3872c7f489b95bb55d53af,noglass,fitting,False,0,1.0,1.0,0.0,0.0,0.0,0.0,0.0,0.0,0.0,1.0,1.0,0.0,0.0,0.0,0.0,0.0,0.0,0.0
detour,pseudo_one_swapped,220,220,e33,f64d2a60c3b9cebc4b5e12f86f4978711b4ca1e7a3788d1756d078c45a1c1004,glass,fitting,False,0,0.0,0.0,0.0,1.0,1.0,0.0,0.0,0.0,0.0,0.0,0.0,0.0,1.0,1.0,0.0,0.0,0.0,0.0
detour,pseudo_one_swapped,220,220,e34,f64d2a60c3b9cebc4b5e12f86f4978711b4ca1e7a3788d1756d078c45a1c1004,offpath,fitting,False,0,1.0,1.0,0.0,0.0,0.0,0.0,0.0,0.0,0.0,1.0,1.0,0.0,0.0,0.0,0.0,0.0,0.0,0.0
detour,pseudo_one_swapped,220,220,e35,f64d2a60c3b9cebc4b5e12f86f4978711b4ca1e7a3788d1756d078c45a1c1004,noglass,fitting,False,0,1.0,1.0,0.0,0.0,0.0,0.0,0.0,0.0,0.0,1.0,1.0,0.0,0.0,0.0,0.0,0.0,0.0,0.0
detour,pseudo_one_swapped,220,220,e36,37d3edc8cb9ad51b8ebf45a235721c16e2531be26385d150aef2b21d81a04cae,glass,calibration,False,0,0.0,0.0,0.0,0.0,0.0,0.0,0.0,0.0,0.0,0.0,0.0,0.0,0.0,0.0,0.0,0.0,0.0,0.0
detour,pseudo_one_swapped,220,220,e37,37d3edc8cb9ad51b8ebf45a235721c16e2531be26385d150aef2b21d81a04cae,offpath,calibration,False,0,1.0,1.0,0.0,0.0,0.0,0.0,0.0,0.0,0.0,1.0,1.0,0.0,0.0,0.0,0.0,0.0,0.0,0.0
detour,pseudo_one_swapped,220,220,e38,37d3edc8cb9ad51b8ebf45a235721c16e2531be26385d150aef2b21d81a04cae,noglass,calibration,False,0,1.0,1.0,0.0,0.0,0.0,0.0,0.0,0.0,0.0,1.0,1.0,0.0,0.0,0.0,0.0,0.0,0.0,0.0
detour,pseudo_one_swapped,220,220,e39,6292759eb45913ce4ed8447194504833f347d9355012e3228775797a4b0a7cd1,glass,calibration,False,0,0.0,0.0,0.0,1.0,1.0,0.0,0.0,0.0,0.0,1.0,1.0,0.0,0.0,0.0,0.0,0.0,0.0,0.0
detour,pseudo_one_swapped,220,220,e40,6292759eb45913ce4ed8447194504833f347d9355012e3228775797a4b0a7cd1,offpath,calibration,False,0,1.0,1.0,0.0,0.0,0.0,0.0,0.0,0.0,0.0,1.0,1.0,0.0,0.0,0.0,0.0,0.0,0.0,0.0
detour,pseudo_one_swapped,220,220,e41,6292759eb45913ce4ed8447194504833f347d9355012e3228775797a4b0a7cd1,noglass,calibration,False,1,0.0,1.0,1.0,0.0,0.0,0.0,0.0,0.0,1.0,1.0,1.0,0.0,0.0,0.0,0.0,0.0,0.0,1.0
detour,pseudo_one_swapped,220,220,e42,655347c9fb28aaf505e162e6bcad095d17e4bfee5506113825cfb3da6ca60845,glass,calibration,False,0,0.0,0.0,0.0,1.0,1.0,0.0,0.0,0.0,0.0,0.0,0.0,0.0,1.0,1.0,0.0,0.0,0.0,0.0
detour,pseudo_one_swapped,220,220,e43,655347c9fb28aaf505e162e6bcad095d17e4bfee5506113825cfb3da6ca60845,offpath,calibration,False,0,1.0,1.0,0.0,0.0,0.0,0.0,0.0,0.0,0.0,1.0,1.0,0.0,0.0,0.0,0.0,0.0,0.0,0.0
detour,pseudo_one_swapped,220,220,e44,655347c9fb28aaf505e162e6bcad095d17e4bfee5506113825cfb3da6ca60845,noglass,calibration,False,0,1.0,1.0,0.0,0.0,0.0,0.0,0.0,0.0,0.0,1.0,1.0,0.0,0.0,0.0,0.0,0.0,0.0,0.0
detour,pseudo_one_swapped,220,220,e45,64d921063eb0a02530efbea3434c347d28bd353cbb04464e5d91d499f62f61ef,glass,calibration,False,0,0.0,0.0,0.0,1.0,1.0,0.0,0.0,0.0,0.0,0.0,0.0,0.0,1.0,1.0,0.0,0.0,0.0,0.0
detour,pseudo_one_swapped,220,220,e46,64d921063eb0a02530efbea3434c347d28bd353cbb04464e5d91d499f62f61ef,offpath,calibration,True,0,0.0,0.0,0.0,1.0,1.0,0.0,0.0,0.0,0.0,0.0,0.0,0.0,1.0,1.0,0.0,0.0,0.0,0.0
detour,pseudo_one_swapped,220,220,e47,64d921063eb0a02530efbea3434c347d28bd353cbb04464e5d91d499f62f61ef,noglass,calibration,False,0,1.0,1.0,0.0,0.0,0.0,0.0,0.0,0.0,0.0,1.0,1.0,0.0,0.0,0.0,0.0,0.0,0.0,0.0
detour,pseudo_one_swapped,220,440,e00,0815f4806fc9a4fbd58c6627c8b92fd77f1b80ad4b8b4cd6d0c6e0541d488a7b,glass,fitting,False,0,0.0,0.0,0.0,1.0,1.0,0.0,0.0,0.0,0.0,0.0,0.0,0.0,1.0,1.0,0.0,0.0,0.0,0.0
detour,pseudo_one_swapped,220,440,e01,0815f4806fc9a4fbd58c6627c8b92fd77f1b80ad4b8b4cd6d0c6e0541d488a7b,offpath,fitting,False,0,1.0,1.0,0.0,0.0,0.0,0.0,0.0,0.0,0.0,1.0,1.0,0.0,0.0,0.0,0.0,0.0,0.0,0.0
detour,pseudo_one_swapped,220,440,e02,0815f4806fc9a4fbd58c6627c8b92fd77f1b80ad4b8b4cd6d0c6e0541d488a7b,noglass,fitting,False,0,1.0,1.0,0.0,0.0,0.0,0.0,0.0,0.0,0.0,1.0,1.0,0.0,0.0,0.0,0.0,0.0,0.0,0.0
detour,pseudo_one_swapped,220,440,e03,28c563172e6e13a0d3d84f1527243878c67a2140fa8c9a81ecb8b81ec9402dc8,glass,fitting,False,0,1.0,1.0,0.0,0.0,0.0,0.0,0.0,0.0,0.0,1.0,1.0,0.0,0.0,0.0,0.0,0.0,0.0,0.0
detour,pseudo_one_swapped,220,440,e04,28c563172e6e13a0d3d84f1527243878c67a2140fa8c9a81ecb8b81ec9402dc8,offpath,fitting,False,1,0.0,1.0,1.0,0.0,0.0,0.0,0.0,0.0,1.0,1.0,1.0,0.0,0.0,0.0,0.0,0.0,0.0,1.0
detour,pseudo_one_swapped,220,440,e05,28c563172e6e13a0d3d84f1527243878c67a2140fa8c9a81ecb8b81ec9402dc8,noglass,fitting,False,0,1.0,1.0,0.0,0.0,0.0,0.0,0.0,0.0,0.0,1.0,1.0,0.0,0.0,0.0,0.0,0.0,0.0,0.0
detour,pseudo_one_swapped,220,440,e06,69fa7e93588c6aea4b134efa44633d38556ce1656b46df276021920a664881a3,glass,fitting,False,0,0.0,0.0,0.0,1.0,1.0,0.0,0.0,0.0,0.0,0.0,0.0,0.0,1.0,1.0,0.0,0.0,0.0,0.0
detour,pseudo_one_swapped,220,440,e07,69fa7e93588c6aea4b134efa44633d38556ce1656b46df276021920a664881a3,offpath,fitting,False,0,1.0,1.0,0.0,0.0,0.0,0.0,0.0,0.0,0.0,1.0,1.0,0.0,0.0,0.0,0.0,0.0,0.0,0.0
detour,pseudo_one_swapped,220,440,e08,69fa7e93588c6aea4b134efa44633d38556ce1656b46df276021920a664881a3,noglass,fitting,False,0,1.0,1.0,0.0,0.0,0.0,0.0,0.0,0.0,0.0,1.0,1.0,0.0,0.0,0.0,0.0,0.0,0.0,0.0
detour,pseudo_one_swapped,220,440,e09,76fe1d96587ab928f6fb5d7750ecd048fd712eb3d66aa60feb972a3d9d56c9d1,glass,fitting,False,1,0.0,1.0,1.0,1.0,0.0,-1.0,0.0,0.0,1.0,0.0,1.0,1.0,0.0,0.0,0.0,0.0,0.0,1.0
detour,pseudo_one_swapped,220,440,e10,76fe1d96587ab928f6fb5d7750ecd048fd712eb3d66aa60feb972a3d9d56c9d1,offpath,fitting,False,0,1.0,1.0,0.0,0.0,0.0,0.0,0.0,0.0,0.0,1.0,1.0,0.0,0.0,0.0,0.0,0.0,0.0,0.0
detour,pseudo_one_swapped,220,440,e11,76fe1d96587ab928f6fb5d7750ecd048fd712eb3d66aa60feb972a3d9d56c9d1,noglass,fitting,False,0,1.0,1.0,0.0,0.0,0.0,0.0,0.0,0.0,0.0,1.0,1.0,0.0,0.0,0.0,0.0,0.0,0.0,0.0
detour,pseudo_one_swapped,220,440,e12,821b498fc1fcb4e3c103635fa473d7577f718c4f633b273772954295c83ae585,glass,fitting,False,0,0.0,0.0,0.0,1.0,1.0,0.0,0.0,0.0,0.0,0.0,0.0,0.0,1.0,1.0,0.0,0.0,0.0,0.0
detour,pseudo_one_swapped,220,440,e13,821b498fc1fcb4e3c103635fa473d7577f718c4f633b273772954295c83ae585,offpath,fitting,False,0,1.0,1.0,0.0,0.0,0.0,0.0,0.0,0.0,0.0,1.0,1.0,0.0,0.0,0.0,0.0,0.0,0.0,0.0
detour,pseudo_one_swapped,220,440,e14,821b498fc1fcb4e3c103635fa473d7577f718c4f633b273772954295c83ae585,noglass,fitting,False,0,1.0,1.0,0.0,0.0,0.0,0.0,0.0,0.0,0.0,1.0,1.0,0.0,0.0,0.0,0.0,0.0,0.0,0.0
detour,pseudo_one_swapped,220,440,e15,9176c2514b8a62105f4d2b8a22a8a0b0236c5b9feda58c18ef64cea917b98d9d,glass,fitting,False,0,1.0,1.0,0.0,0.0,0.0,0.0,0.0,0.0,0.0,1.0,1.0,0.0,0.0,0.0,0.0,0.0,0.0,0.0
detour,pseudo_one_swapped,220,440,e16,9176c2514b8a62105f4d2b8a22a8a0b0236c5b9feda58c18ef64cea917b98d9d,offpath,fitting,False,0,0.0,0.0,0.0,1.0,1.0,0.0,0.0,0.0,0.0,1.0,1.0,0.0,0.0,0.0,0.0,0.0,0.0,0.0
detour,pseudo_one_swapped,220,440,e17,9176c2514b8a62105f4d2b8a22a8a0b0236c5b9feda58c18ef64cea917b98d9d,noglass,fitting,False,0,1.0,1.0,0.0,0.0,0.0,0.0,0.0,0.0,0.0,1.0,1.0,0.0,0.0,0.0,0.0,0.0,0.0,0.0
detour,pseudo_one_swapped,220,440,e18,986b3dff233a80cf0fd1c48f815600f49b95f83be0d9f898fee40d0a5c9dca63,glass,fitting,False,0,0.0,0.0,0.0,1.0,1.0,0.0,0.0,0.0,0.0,0.0,0.0,0.0,1.0,1.0,0.0,0.0,0.0,0.0
detour,pseudo_one_swapped,220,440,e19,986b3dff233a80cf0fd1c48f815600f49b95f83be0d9f898fee40d0a5c9dca63,offpath,fitting,False,0,1.0,1.0,0.0,0.0,0.0,0.0,0.0,0.0,0.0,1.0,1.0,0.0,0.0,0.0,0.0,0.0,0.0,0.0
detour,pseudo_one_swapped,220,440,e20,986b3dff233a80cf0fd1c48f815600f49b95f83be0d9f898fee40d0a5c9dca63,noglass,fitting,False,0,1.0,1.0,0.0,0.0,0.0,0.0,0.0,0.0,0.0,1.0,1.0,0.0,0.0,0.0,0.0,0.0,0.0,0.0
detour,pseudo_one_swapped,220,440,e21,a3e1c487338ecfe4ce59e1e8f0be7a20d0442476ad923022ec430bdb5470ee56,glass,fitting,False,0,0.0,0.0,0.0,1.0,1.0,0.0,0.0,0.0,0.0,0.0,0.0,0.0,1.0,1.0,0.0,0.0,0.0,0.0
detour,pseudo_one_swapped,220,440,e22,a3e1c487338ecfe4ce59e1e8f0be7a20d0442476ad923022ec430bdb5470ee56,offpath,fitting,False,0,1.0,1.0,0.0,0.0,0.0,0.0,0.0,0.0,0.0,1.0,1.0,0.0,0.0,0.0,0.0,0.0,0.0,0.0
detour,pseudo_one_swapped,220,440,e23,a3e1c487338ecfe4ce59e1e8f0be7a20d0442476ad923022ec430bdb5470ee56,noglass,fitting,False,0,1.0,1.0,0.0,0.0,0.0,0.0,0.0,0.0,0.0,1.0,1.0,0.0,0.0,0.0,0.0,0.0,0.0,0.0
detour,pseudo_one_swapped,220,440,e24,a992f0a563f4b0239708f4be6fa38192e6930b15387567b2d4a16568d4fa5671,glass,fitting,False,0,0.0,0.0,0.0,1.0,1.0,0.0,0.0,0.0,0.0,0.0,0.0,0.0,1.0,1.0,0.0,0.0,0.0,0.0
detour,pseudo_one_swapped,220,440,e25,a992f0a563f4b0239708f4be6fa38192e6930b15387567b2d4a16568d4fa5671,offpath,fitting,False,0,1.0,1.0,0.0,0.0,0.0,0.0,0.0,0.0,0.0,1.0,1.0,0.0,0.0,0.0,0.0,0.0,0.0,0.0
detour,pseudo_one_swapped,220,440,e26,a992f0a563f4b0239708f4be6fa38192e6930b15387567b2d4a16568d4fa5671,noglass,fitting,False,0,1.0,1.0,0.0,0.0,0.0,0.0,0.0,0.0,0.0,1.0,1.0,0.0,0.0,0.0,0.0,0.0,0.0,0.0
detour,pseudo_one_swapped,220,440,e27,c8fa274849bf4beeb7c46b93a7de7a6242e5af2e9c83a395e8d0db16da5e81d8,glass,fitting,False,0,0.0,0.0,0.0,1.0,1.0,0.0,0.0,0.0,0.0,0.0,0.0,0.0,1.0,1.0,0.0,0.0,0.0,0.0
detour,pseudo_one_swapped,220,440,e28,c8fa274849bf4beeb7c46b93a7de7a6242e5af2e9c83a395e8d0db16da5e81d8,offpath,fitting,False,0,1.0,1.0,0.0,0.0,0.0,0.0,0.0,0.0,0.0,1.0,1.0,0.0,0.0,0.0,0.0,0.0,0.0,0.0
detour,pseudo_one_swapped,220,440,e29,c8fa274849bf4beeb7c46b93a7de7a6242e5af2e9c83a395e8d0db16da5e81d8,noglass,fitting,False,0,1.0,1.0,0.0,0.0,0.0,0.0,0.0,0.0,0.0,1.0,1.0,0.0,0.0,0.0,0.0,0.0,0.0,0.0
detour,pseudo_one_swapped,220,440,e30,ddd84e646ab0cdd38c0f283802f28ac361a412492f3872c7f489b95bb55d53af,glass,fitting,False,0,0.0,0.0,0.0,1.0,1.0,0.0,0.0,0.0,0.0,0.0,0.0,0.0,0.0,0.0,0.0,0.0,0.0,0.0
detour,pseudo_one_swapped,220,440,e31,ddd84e646ab0cdd38c0f283802f28ac361a412492f3872c7f489b95bb55d53af,offpath,fitting,False,0,1.0,1.0,0.0,0.0,0.0,0.0,0.0,0.0,0.0,1.0,1.0,0.0,0.0,0.0,0.0,0.0,0.0,0.0
detour,pseudo_one_swapped,220,440,e32,ddd84e646ab0cdd38c0f283802f28ac361a412492f3872c7f489b95bb55d53af,noglass,fitting,False,0,1.0,1.0,0.0,0.0,0.0,0.0,0.0,0.0,0.0,1.0,1.0,0.0,0.0,0.0,0.0,0.0,0.0,0.0
detour,pseudo_one_swapped,220,440,e33,f64d2a60c3b9cebc4b5e12f86f4978711b4ca1e7a3788d1756d078c45a1c1004,glass,fitting,False,0,0.0,0.0,0.0,1.0,1.0,0.0,0.0,0.0,0.0,0.0,0.0,0.0,1.0,1.0,0.0,0.0,0.0,0.0
detour,pseudo_one_swapped,220,440,e34,f64d2a60c3b9cebc4b5e12f86f4978711b4ca1e7a3788d1756d078c45a1c1004,offpath,fitting,False,0,1.0,1.0,0.0,0.0,0.0,0.0,0.0,0.0,0.0,1.0,1.0,0.0,0.0,0.0,0.0,0.0,0.0,0.0
detour,pseudo_one_swapped,220,440,e35,f64d2a60c3b9cebc4b5e12f86f4978711b4ca1e7a3788d1756d078c45a1c1004,noglass,fitting,False,0,1.0,1.0,0.0,0.0,0.0,0.0,0.0,0.0,0.0,1.0,1.0,0.0,0.0,0.0,0.0,0.0,0.0,0.0
detour,pseudo_one_swapped,220,440,e36,37d3edc8cb9ad51b8ebf45a235721c16e2531be26385d150aef2b21d81a04cae,glass,calibration,False,0,0.0,0.0,0.0,0.0,0.0,0.0,0.0,0.0,0.0,0.0,0.0,0.0,0.0,0.0,0.0,0.0,0.0,0.0
detour,pseudo_one_swapped,220,440,e37,37d3edc8cb9ad51b8ebf45a235721c16e2531be26385d150aef2b21d81a04cae,offpath,calibration,False,0,1.0,1.0,0.0,0.0,0.0,0.0,0.0,0.0,0.0,1.0,1.0,0.0,0.0,0.0,0.0,0.0,0.0,0.0
detour,pseudo_one_swapped,220,440,e38,37d3edc8cb9ad51b8ebf45a235721c16e2531be26385d150aef2b21d81a04cae,noglass,calibration,False,0,1.0,1.0,0.0,0.0,0.0,0.0,0.0,0.0,0.0,1.0,1.0,0.0,0.0,0.0,0.0,0.0,0.0,0.0
detour,pseudo_one_swapped,220,440,e39,6292759eb45913ce4ed8447194504833f347d9355012e3228775797a4b0a7cd1,glass,calibration,False,0,0.0,0.0,0.0,1.0,1.0,0.0,0.0,0.0,0.0,1.0,1.0,0.0,0.0,0.0,0.0,0.0,0.0,0.0
detour,pseudo_one_swapped,220,440,e40,6292759eb45913ce4ed8447194504833f347d9355012e3228775797a4b0a7cd1,offpath,calibration,False,0,1.0,1.0,0.0,0.0,0.0,0.0,0.0,0.0,0.0,1.0,1.0,0.0,0.0,0.0,0.0,0.0,0.0,0.0
detour,pseudo_one_swapped,220,440,e41,6292759eb45913ce4ed8447194504833f347d9355012e3228775797a4b0a7cd1,noglass,calibration,False,1,0.0,1.0,1.0,0.0,0.0,0.0,0.0,0.0,1.0,1.0,1.0,0.0,0.0,0.0,0.0,0.0,0.0,1.0
detour,pseudo_one_swapped,220,440,e42,655347c9fb28aaf505e162e6bcad095d17e4bfee5506113825cfb3da6ca60845,glass,calibration,False,0,0.0,0.0,0.0,1.0,1.0,0.0,0.0,0.0,0.0,0.0,0.0,0.0,1.0,1.0,0.0,0.0,0.0,0.0
detour,pseudo_one_swapped,220,440,e43,655347c9fb28aaf505e162e6bcad095d17e4bfee5506113825cfb3da6ca60845,offpath,calibration,False,0,1.0,1.0,0.0,0.0,0.0,0.0,0.0,0.0,0.0,1.0,1.0,0.0,0.0,0.0,0.0,0.0,0.0,0.0
detour,pseudo_one_swapped,220,440,e44,655347c9fb28aaf505e162e6bcad095d17e4bfee5506113825cfb3da6ca60845,noglass,calibration,False,0,1.0,1.0,0.0,0.0,0.0,0.0,0.0,0.0,0.0,1.0,1.0,0.0,0.0,0.0,0.0,0.0,0.0,0.0
detour,pseudo_one_swapped,220,440,e45,64d921063eb0a02530efbea3434c347d28bd353cbb04464e5d91d499f62f61ef,glass,calibration,False,0,0.0,0.0,0.0,1.0,1.0,0.0,0.0,0.0,0.0,0.0,0.0,0.0,1.0,1.0,0.0,0.0,0.0,0.0
detour,pseudo_one_swapped,220,440,e46,64d921063eb0a02530efbea3434c347d28bd353cbb04464e5d91d499f62f61ef,offpath,calibration,True,0,0.0,0.0,0.0,1.0,1.0,0.0,0.0,0.0,0.0,0.0,0.0,0.0,1.0,1.0,0.0,0.0,0.0,0.0
detour,pseudo_one_swapped,220,440,e47,64d921063eb0a02530efbea3434c347d28bd353cbb04464e5d91d499f62f61ef,noglass,calibration,False,0,1.0,1.0,0.0,0.0,0.0,0.0,0.0,0.0,0.0,1.0,1.0,0.0,0.0,0.0,0.0,0.0,0.0,0.0
detour,historical:A_long_reference,220,220,e00,0815f4806fc9a4fbd58c6627c8b92fd77f1b80ad4b8b4cd6d0c6e0541d488a7b,glass,fitting,False,0,0.0,0.0,0.0,1.0,1.0,0.0,0.0,0.0,0.0,0.0,0.0,0.0,1.0,1.0,0.0,0.0,0.0,0.0
detour,historical:A_long_reference,220,220,e01,0815f4806fc9a4fbd58c6627c8b92fd77f1b80ad4b8b4cd6d0c6e0541d488a7b,offpath,fitting,False,0,1.0,1.0,0.0,0.0,0.0,0.0,0.0,0.0,0.0,1.0,1.0,0.0,0.0,0.0,0.0,0.0,0.0,0.0
detour,historical:A_long_reference,220,220,e02,0815f4806fc9a4fbd58c6627c8b92fd77f1b80ad4b8b4cd6d0c6e0541d488a7b,noglass,fitting,False,0,1.0,1.0,0.0,0.0,0.0,0.0,0.0,0.0,0.0,1.0,1.0,0.0,0.0,0.0,0.0,0.0,0.0,0.0
detour,historical:A_long_reference,220,220,e03,28c563172e6e13a0d3d84f1527243878c67a2140fa8c9a81ecb8b81ec9402dc8,glass,fitting,False,0,1.0,1.0,0.0,0.0,0.0,0.0,0.0,0.0,0.0,1.0,1.0,0.0,0.0,0.0,0.0,0.0,0.0,0.0
detour,historical:A_long_reference,220,220,e04,28c563172e6e13a0d3d84f1527243878c67a2140fa8c9a81ecb8b81ec9402dc8,offpath,fitting,False,0,0.5,0.5,0.0,0.0,0.0,0.0,0.0,0.0,0.0,1.0,1.0,0.0,0.0,0.0,0.0,0.0,0.0,0.0
detour,historical:A_long_reference,220,220,e05,28c563172e6e13a0d3d84f1527243878c67a2140fa8c9a81ecb8b81ec9402dc8,noglass,fitting,False,0,1.0,1.0,0.0,0.0,0.0,0.0,0.0,0.0,0.0,1.0,1.0,0.0,0.0,0.0,0.0,0.0,0.0,0.0
detour,historical:A_long_reference,220,220,e06,69fa7e93588c6aea4b134efa44633d38556ce1656b46df276021920a664881a3,glass,fitting,False,0,0.0,0.0,0.0,1.0,1.0,0.0,0.0,0.0,0.0,0.0,0.0,0.0,1.0,1.0,0.0,0.0,0.0,0.0
detour,historical:A_long_reference,220,220,e07,69fa7e93588c6aea4b134efa44633d38556ce1656b46df276021920a664881a3,offpath,fitting,False,0,1.0,1.0,0.0,0.0,0.0,0.0,0.0,0.0,0.0,1.0,1.0,0.0,0.0,0.0,0.0,0.0,0.0,0.0
detour,historical:A_long_reference,220,220,e08,69fa7e93588c6aea4b134efa44633d38556ce1656b46df276021920a664881a3,noglass,fitting,False,0,1.0,1.0,0.0,0.0,0.0,0.0,0.0,0.0,0.0,1.0,1.0,0.0,0.0,0.0,0.0,0.0,0.0,0.0
detour,historical:A_long_reference,220,220,e09,76fe1d96587ab928f6fb5d7750ecd048fd712eb3d66aa60feb972a3d9d56c9d1,glass,fitting,False,0,0.5,0.5,0.0,0.5,0.5,0.0,0.0,0.0,0.0,0.5,0.5,0.0,0.0,0.0,0.0,0.0,0.0,0.0
detour,historical:A_long_reference,220,220,e10,76fe1d96587ab928f6fb5d7750ecd048fd712eb3d66aa60feb972a3d9d56c9d1,offpath,fitting,False,0,1.0,1.0,0.0,0.0,0.0,0.0,0.0,0.0,0.0,1.0,1.0,0.0,0.0,0.0,0.0,0.0,0.0,0.0
detour,historical:A_long_reference,220,220,e11,76fe1d96587ab928f6fb5d7750ecd048fd712eb3d66aa60feb972a3d9d56c9d1,noglass,fitting,False,0,1.0,1.0,0.0,0.0,0.0,0.0,0.0,0.0,0.0,1.0,1.0,0.0,0.0,0.0,0.0,0.0,0.0,0.0
detour,historical:A_long_reference,220,220,e12,821b498fc1fcb4e3c103635fa473d7577f718c4f633b273772954295c83ae585,glass,fitting,False,0,0.0,0.0,0.0,1.0,1.0,0.0,0.0,0.0,0.0,0.0,0.0,0.0,1.0,1.0,0.0,0.0,0.0,0.0
detour,historical:A_long_reference,220,220,e13,821b498fc1fcb4e3c103635fa473d7577f718c4f633b273772954295c83ae585,offpath,fitting,False,0,1.0,1.0,0.0,0.0,0.0,0.0,0.0,0.0,0.0,1.0,1.0,0.0,0.0,0.0,0.0,0.0,0.0,0.0
detour,historical:A_long_reference,220,220,e14,821b498fc1fcb4e3c103635fa473d7577f718c4f633b273772954295c83ae585,noglass,fitting,False,0,1.0,1.0,0.0,0.0,0.0,0.0,0.0,0.0,0.0,1.0,1.0,0.0,0.0,0.0,0.0,0.0,0.0,0.0
detour,historical:A_long_reference,220,220,e15,9176c2514b8a62105f4d2b8a22a8a0b0236c5b9feda58c18ef64cea917b98d9d,glass,fitting,False,1,0.5,1.0,0.5,0.5,0.0,-0.5,0.0,0.0,1.0,1.0,1.0,0.0,0.0,0.0,0.0,0.0,0.0,1.0
detour,historical:A_long_reference,220,220,e16,9176c2514b8a62105f4d2b8a22a8a0b0236c5b9feda58c18ef64cea917b98d9d,offpath,fitting,False,0,0.0,0.0,0.0,1.0,1.0,0.0,0.0,0.0,0.0,0.5,0.5,0.0,0.5,0.5,0.0,0.0,0.0,0.0
detour,historical:A_long_reference,220,220,e17,9176c2514b8a62105f4d2b8a22a8a0b0236c5b9feda58c18ef64cea917b98d9d,noglass,fitting,False,0,1.0,1.0,0.0,0.0,0.0,0.0,0.0,0.0,0.0,0.5,0.5,0.0,0.0,0.0,0.0,0.0,0.0,0.0
detour,historical:A_long_reference,220,220,e18,986b3dff233a80cf0fd1c48f815600f49b95f83be0d9f898fee40d0a5c9dca63,glass,fitting,False,1,0.0,1.0,1.0,1.0,0.0,-1.0,0.0,0.0,1.0,0.0,1.0,1.0,1.0,0.0,-1.0,0.0,0.0,1.0
detour,historical:A_long_reference,220,220,e19,986b3dff233a80cf0fd1c48f815600f49b95f83be0d9f898fee40d0a5c9dca63,offpath,fitting,False,0,1.0,1.0,0.0,0.0,0.0,0.0,0.0,0.0,0.0,1.0,1.0,0.0,0.0,0.0,0.0,0.0,0.0,0.0
detour,historical:A_long_reference,220,220,e20,986b3dff233a80cf0fd1c48f815600f49b95f83be0d9f898fee40d0a5c9dca63,noglass,fitting,False,0,1.0,1.0,0.0,0.0,0.0,0.0,0.0,0.0,0.0,1.0,1.0,0.0,0.0,0.0,0.0,0.0,0.0,0.0
detour,historical:A_long_reference,220,220,e21,a3e1c487338ecfe4ce59e1e8f0be7a20d0442476ad923022ec430bdb5470ee56,glass,fitting,False,1,0.0,0.0,0.0,1.0,0.0,-1.0,0.0,0.0,1.0,0.0,0.0,0.0,1.0,0.0,-1.0,0.0,0.0,1.0
detour,historical:A_long_reference,220,220,e22,a3e1c487338ecfe4ce59e1e8f0be7a20d0442476ad923022ec430bdb5470ee56,offpath,fitting,False,0,1.0,1.0,0.0,0.0,0.0,0.0,0.0,0.0,0.0,1.0,1.0,0.0,0.0,0.0,0.0,0.0,0.0,0.0
detour,historical:A_long_reference,220,220,e23,a3e1c487338ecfe4ce59e1e8f0be7a20d0442476ad923022ec430bdb5470ee56,noglass,fitting,False,0,1.0,1.0,0.0,0.0,0.0,0.0,0.0,0.0,0.0,1.0,1.0,0.0,0.0,0.0,0.0,0.0,0.0,0.0
detour,historical:A_long_reference,220,220,e24,a992f0a563f4b0239708f4be6fa38192e6930b15387567b2d4a16568d4fa5671,glass,fitting,False,0,0.0,0.0,0.0,1.0,1.0,0.0,0.0,0.0,0.0,0.0,0.0,0.0,1.0,1.0,0.0,0.0,0.0,0.0
detour,historical:A_long_reference,220,220,e25,a992f0a563f4b0239708f4be6fa38192e6930b15387567b2d4a16568d4fa5671,offpath,fitting,False,0,1.0,1.0,0.0,0.0,0.0,0.0,0.0,0.0,0.0,1.0,1.0,0.0,0.0,0.0,0.0,0.0,0.0,0.0
detour,historical:A_long_reference,220,220,e26,a992f0a563f4b0239708f4be6fa38192e6930b15387567b2d4a16568d4fa5671,noglass,fitting,False,0,1.0,1.0,0.0,0.0,0.0,0.0,0.0,0.0,0.0,1.0,1.0,0.0,0.0,0.0,0.0,0.0,0.0,0.0
detour,historical:A_long_reference,220,220,e27,c8fa274849bf4beeb7c46b93a7de7a6242e5af2e9c83a395e8d0db16da5e81d8,glass,fitting,False,0,0.0,0.0,0.0,1.0,1.0,0.0,0.0,0.0,0.0,0.0,0.0,0.0,1.0,1.0,0.0,0.0,0.0,0.0
detour,historical:A_long_reference,220,220,e28,c8fa274849bf4beeb7c46b93a7de7a6242e5af2e9c83a395e8d0db16da5e81d8,offpath,fitting,False,0,1.0,1.0,0.0,0.0,0.0,0.0,0.0,0.0,0.0,1.0,1.0,0.0,0.0,0.0,0.0,0.0,0.0,0.0
detour,historical:A_long_reference,220,220,e29,c8fa274849bf4beeb7c46b93a7de7a6242e5af2e9c83a395e8d0db16da5e81d8,noglass,fitting,False,0,1.0,1.0,0.0,0.0,0.0,0.0,0.0,0.0,0.0,1.0,1.0,0.0,0.0,0.0,0.0,0.0,0.0,0.0
detour,historical:A_long_reference,220,220,e30,ddd84e646ab0cdd38c0f283802f28ac361a412492f3872c7f489b95bb55d53af,glass,fitting,False,0,0.0,0.0,0.0,1.0,1.0,0.0,0.0,0.0,0.0,0.0,0.0,0.0,0.5,0.5,0.0,0.0,0.0,0.0
detour,historical:A_long_reference,220,220,e31,ddd84e646ab0cdd38c0f283802f28ac361a412492f3872c7f489b95bb55d53af,offpath,fitting,False,0,1.0,1.0,0.0,0.0,0.0,0.0,0.0,0.0,0.0,1.0,1.0,0.0,0.0,0.0,0.0,0.0,0.0,0.0
detour,historical:A_long_reference,220,220,e32,ddd84e646ab0cdd38c0f283802f28ac361a412492f3872c7f489b95bb55d53af,noglass,fitting,False,0,1.0,1.0,0.0,0.0,0.0,0.0,0.0,0.0,0.0,1.0,1.0,0.0,0.0,0.0,0.0,0.0,0.0,0.0
detour,historical:A_long_reference,220,220,e33,f64d2a60c3b9cebc4b5e12f86f4978711b4ca1e7a3788d1756d078c45a1c1004,glass,fitting,False,0,0.0,0.0,0.0,1.0,1.0,0.0,0.0,0.0,0.0,0.0,0.0,0.0,1.0,1.0,0.0,0.0,0.0,0.0
detour,historical:A_long_reference,220,220,e34,f64d2a60c3b9cebc4b5e12f86f4978711b4ca1e7a3788d1756d078c45a1c1004,offpath,fitting,False,0,1.0,1.0,0.0,0.0,0.0,0.0,0.0,0.0,0.0,1.0,1.0,0.0,0.0,0.0,0.0,0.0,0.0,0.0
detour,historical:A_long_reference,220,220,e35,f64d2a60c3b9cebc4b5e12f86f4978711b4ca1e7a3788d1756d078c45a1c1004,noglass,fitting,False,0,1.0,1.0,0.0,0.0,0.0,0.0,0.0,0.0,0.0,1.0,1.0,0.0,0.0,0.0,0.0,0.0,0.0,0.0
detour,historical:A_long_reference,220,220,e36,37d3edc8cb9ad51b8ebf45a235721c16e2531be26385d150aef2b21d81a04cae,glass,calibration,False,0,0.0,0.0,0.0,0.0,0.0,0.0,0.0,0.0,0.0,0.0,0.0,0.0,0.0,0.0,0.0,0.0,0.0,0.0
detour,historical:A_long_reference,220,220,e37,37d3edc8cb9ad51b8ebf45a235721c16e2531be26385d150aef2b21d81a04cae,offpath,calibration,False,0,1.0,1.0,0.0,0.0,0.0,0.0,0.0,0.0,0.0,1.0,1.0,0.0,0.0,0.0,0.0,0.0,0.0,0.0
detour,historical:A_long_reference,220,220,e38,37d3edc8cb9ad51b8ebf45a235721c16e2531be26385d150aef2b21d81a04cae,noglass,calibration,False,0,1.0,1.0,0.0,0.0,0.0,0.0,0.0,0.0,0.0,1.0,1.0,0.0,0.0,0.0,0.0,0.0,0.0,0.0
detour,historical:A_long_reference,220,220,e39,6292759eb45913ce4ed8447194504833f347d9355012e3228775797a4b0a7cd1,glass,calibration,False,0,0.0,0.0,0.0,1.0,1.0,0.0,0.0,0.0,0.0,0.5,0.5,0.0,0.5,0.5,0.0,0.0,0.0,0.0
detour,historical:A_long_reference,220,220,e40,6292759eb45913ce4ed8447194504833f347d9355012e3228775797a4b0a7cd1,offpath,calibration,False,0,1.0,1.0,0.0,0.0,0.0,0.0,0.0,0.0,0.0,1.0,1.0,0.0,0.0,0.0,0.0,0.0,0.0,0.0
detour,historical:A_long_reference,220,220,e41,6292759eb45913ce4ed8447194504833f347d9355012e3228775797a4b0a7cd1,noglass,calibration,False,1,0.5,1.0,0.5,0.0,0.0,0.0,0.0,0.0,1.0,1.0,1.0,0.0,0.0,0.0,0.0,0.0,0.0,1.0
detour,historical:A_long_reference,220,220,e42,655347c9fb28aaf505e162e6bcad095d17e4bfee5506113825cfb3da6ca60845,glass,calibration,False,0,0.0,0.0,0.0,1.0,1.0,0.0,0.0,0.0,0.0,0.0,0.0,0.0,1.0,1.0,0.0,0.0,0.0,0.0
detour,historical:A_long_reference,220,220,e43,655347c9fb28aaf505e162e6bcad095d17e4bfee5506113825cfb3da6ca60845,offpath,calibration,False,0,1.0,1.0,0.0,0.0,0.0,0.0,0.0,0.0,0.0,1.0,1.0,0.0,0.0,0.0,0.0,0.0,0.0,0.0
detour,historical:A_long_reference,220,220,e44,655347c9fb28aaf505e162e6bcad095d17e4bfee5506113825cfb3da6ca60845,noglass,calibration,False,0,1.0,1.0,0.0,0.0,0.0,0.0,0.0,0.0,0.0,1.0,1.0,0.0,0.0,0.0,0.0,0.0,0.0,0.0
detour,historical:A_long_reference,220,220,e45,64d921063eb0a02530efbea3434c347d28bd353cbb04464e5d91d499f62f61ef,glass,calibration,False,0,0.0,0.0,0.0,1.0,1.0,0.0,0.0,0.0,0.0,0.0,0.0,0.0,1.0,1.0,0.0,0.0,0.0,0.0
detour,historical:A_long_reference,220,220,e46,64d921063eb0a02530efbea3434c347d28bd353cbb04464e5d91d499f62f61ef,offpath,calibration,True,0,0.0,0.0,0.0,1.0,1.0,0.0,0.0,0.0,0.0,0.0,0.0,0.0,1.0,1.0,0.0,0.0,0.0,0.0
detour,historical:A_long_reference,220,220,e47,64d921063eb0a02530efbea3434c347d28bd353cbb04464e5d91d499f62f61ef,noglass,calibration,False,0,1.0,1.0,0.0,0.0,0.0,0.0,0.0,0.0,0.0,0.5,0.5,0.0,0.0,0.0,0.0,0.0,0.0,0.0
detour,historical:A_long_reference,220,440,e00,0815f4806fc9a4fbd58c6627c8b92fd77f1b80ad4b8b4cd6d0c6e0541d488a7b,glass,fitting,False,0,0.0,0.0,0.0,1.0,1.0,0.0,0.0,0.0,0.0,0.0,0.0,0.0,1.0,1.0,0.0,0.0,0.0,0.0
detour,historical:A_long_reference,220,440,e01,0815f4806fc9a4fbd58c6627c8b92fd77f1b80ad4b8b4cd6d0c6e0541d488a7b,offpath,fitting,False,0,1.0,1.0,0.0,0.0,0.0,0.0,0.0,0.0,0.0,1.0,1.0,0.0,0.0,0.0,0.0,0.0,0.0,0.0
detour,historical:A_long_reference,220,440,e02,0815f4806fc9a4fbd58c6627c8b92fd77f1b80ad4b8b4cd6d0c6e0541d488a7b,noglass,fitting,False,0,1.0,1.0,0.0,0.0,0.0,0.0,0.0,0.0,0.0,1.0,1.0,0.0,0.0,0.0,0.0,0.0,0.0,0.0
detour,historical:A_long_reference,220,440,e03,28c563172e6e13a0d3d84f1527243878c67a2140fa8c9a81ecb8b81ec9402dc8,glass,fitting,False,0,1.0,1.0,0.0,0.0,0.0,0.0,0.0,0.0,0.0,1.0,1.0,0.0,0.0,0.0,0.0,0.0,0.0,0.0
detour,historical:A_long_reference,220,440,e04,28c563172e6e13a0d3d84f1527243878c67a2140fa8c9a81ecb8b81ec9402dc8,offpath,fitting,False,0,0.5,0.5,0.0,0.0,0.0,0.0,0.0,0.0,0.0,1.0,1.0,0.0,0.0,0.0,0.0,0.0,0.0,0.0
detour,historical:A_long_reference,220,440,e05,28c563172e6e13a0d3d84f1527243878c67a2140fa8c9a81ecb8b81ec9402dc8,noglass,fitting,False,0,1.0,1.0,0.0,0.0,0.0,0.0,0.0,0.0,0.0,1.0,1.0,0.0,0.0,0.0,0.0,0.0,0.0,0.0
detour,historical:A_long_reference,220,440,e06,69fa7e93588c6aea4b134efa44633d38556ce1656b46df276021920a664881a3,glass,fitting,False,0,0.0,0.0,0.0,1.0,1.0,0.0,0.0,0.0,0.0,0.0,0.0,0.0,1.0,1.0,0.0,0.0,0.0,0.0
detour,historical:A_long_reference,220,440,e07,69fa7e93588c6aea4b134efa44633d38556ce1656b46df276021920a664881a3,offpath,fitting,False,0,1.0,1.0,0.0,0.0,0.0,0.0,0.0,0.0,0.0,1.0,1.0,0.0,0.0,0.0,0.0,0.0,0.0,0.0
detour,historical:A_long_reference,220,440,e08,69fa7e93588c6aea4b134efa44633d38556ce1656b46df276021920a664881a3,noglass,fitting,False,0,1.0,1.0,0.0,0.0,0.0,0.0,0.0,0.0,0.0,1.0,1.0,0.0,0.0,0.0,0.0,0.0,0.0,0.0
detour,historical:A_long_reference,220,440,e09,76fe1d96587ab928f6fb5d7750ecd048fd712eb3d66aa60feb972a3d9d56c9d1,glass,fitting,False,0,0.5,0.5,0.0,0.5,0.5,0.0,0.0,0.0,0.0,0.5,0.5,0.0,0.0,0.0,0.0,0.0,0.0,0.0
detour,historical:A_long_reference,220,440,e10,76fe1d96587ab928f6fb5d7750ecd048fd712eb3d66aa60feb972a3d9d56c9d1,offpath,fitting,False,0,1.0,1.0,0.0,0.0,0.0,0.0,0.0,0.0,0.0,1.0,1.0,0.0,0.0,0.0,0.0,0.0,0.0,0.0
detour,historical:A_long_reference,220,440,e11,76fe1d96587ab928f6fb5d7750ecd048fd712eb3d66aa60feb972a3d9d56c9d1,noglass,fitting,False,0,1.0,1.0,0.0,0.0,0.0,0.0,0.0,0.0,0.0,1.0,1.0,0.0,0.0,0.0,0.0,0.0,0.0,0.0
detour,historical:A_long_reference,220,440,e12,821b498fc1fcb4e3c103635fa473d7577f718c4f633b273772954295c83ae585,glass,fitting,False,0,0.0,0.0,0.0,1.0,1.0,0.0,0.0,0.0,0.0,0.0,0.0,0.0,1.0,1.0,0.0,0.0,0.0,0.0
detour,historical:A_long_reference,220,440,e13,821b498fc1fcb4e3c103635fa473d7577f718c4f633b273772954295c83ae585,offpath,fitting,False,0,1.0,1.0,0.0,0.0,0.0,0.0,0.0,0.0,0.0,1.0,1.0,0.0,0.0,0.0,0.0,0.0,0.0,0.0
detour,historical:A_long_reference,220,440,e14,821b498fc1fcb4e3c103635fa473d7577f718c4f633b273772954295c83ae585,noglass,fitting,False,0,1.0,1.0,0.0,0.0,0.0,0.0,0.0,0.0,0.0,1.0,1.0,0.0,0.0,0.0,0.0,0.0,0.0,0.0
detour,historical:A_long_reference,220,440,e15,9176c2514b8a62105f4d2b8a22a8a0b0236c5b9feda58c18ef64cea917b98d9d,glass,fitting,False,1,0.5,1.0,0.5,0.5,0.0,-0.5,0.0,0.0,1.0,1.0,1.0,0.0,0.0,0.0,0.0,0.0,0.0,1.0
detour,historical:A_long_reference,220,440,e16,9176c2514b8a62105f4d2b8a22a8a0b0236c5b9feda58c18ef64cea917b98d9d,offpath,fitting,False,0,0.0,0.0,0.0,1.0,1.0,0.0,0.0,0.0,0.0,0.5,0.5,0.0,0.5,0.5,0.0,0.0,0.0,0.0
detour,historical:A_long_reference,220,440,e17,9176c2514b8a62105f4d2b8a22a8a0b0236c5b9feda58c18ef64cea917b98d9d,noglass,fitting,False,0,1.0,1.0,0.0,0.0,0.0,0.0,0.0,0.0,0.0,0.5,0.5,0.0,0.0,0.0,0.0,0.0,0.0,0.0
detour,historical:A_long_reference,220,440,e18,986b3dff233a80cf0fd1c48f815600f49b95f83be0d9f898fee40d0a5c9dca63,glass,fitting,False,1,0.0,1.0,1.0,1.0,0.0,-1.0,0.0,0.0,1.0,0.0,1.0,1.0,1.0,0.0,-1.0,0.0,0.0,1.0
detour,historical:A_long_reference,220,440,e19,986b3dff233a80cf0fd1c48f815600f49b95f83be0d9f898fee40d0a5c9dca63,offpath,fitting,False,0,1.0,1.0,0.0,0.0,0.0,0.0,0.0,0.0,0.0,1.0,1.0,0.0,0.0,0.0,0.0,0.0,0.0,0.0
detour,historical:A_long_reference,220,440,e20,986b3dff233a80cf0fd1c48f815600f49b95f83be0d9f898fee40d0a5c9dca63,noglass,fitting,False,0,1.0,1.0,0.0,0.0,0.0,0.0,0.0,0.0,0.0,1.0,1.0,0.0,0.0,0.0,0.0,0.0,0.0,0.0
detour,historical:A_long_reference,220,440,e21,a3e1c487338ecfe4ce59e1e8f0be7a20d0442476ad923022ec430bdb5470ee56,glass,fitting,False,1,0.0,1.0,1.0,1.0,0.0,-1.0,0.0,0.0,1.0,0.0,1.0,1.0,1.0,0.0,-1.0,0.0,0.0,1.0
detour,historical:A_long_reference,220,440,e22,a3e1c487338ecfe4ce59e1e8f0be7a20d0442476ad923022ec430bdb5470ee56,offpath,fitting,False,0,1.0,1.0,0.0,0.0,0.0,0.0,0.0,0.0,0.0,1.0,1.0,0.0,0.0,0.0,0.0,0.0,0.0,0.0
detour,historical:A_long_reference,220,440,e23,a3e1c487338ecfe4ce59e1e8f0be7a20d0442476ad923022ec430bdb5470ee56,noglass,fitting,False,0,1.0,1.0,0.0,0.0,0.0,0.0,0.0,0.0,0.0,1.0,1.0,0.0,0.0,0.0,0.0,0.0,0.0,0.0
detour,historical:A_long_reference,220,440,e24,a992f0a563f4b0239708f4be6fa38192e6930b15387567b2d4a16568d4fa5671,glass,fitting,False,0,0.0,0.0,0.0,1.0,1.0,0.0,0.0,0.0,0.0,0.0,0.0,0.0,1.0,1.0,0.0,0.0,0.0,0.0
detour,historical:A_long_reference,220,440,e25,a992f0a563f4b0239708f4be6fa38192e6930b15387567b2d4a16568d4fa5671,offpath,fitting,False,0,1.0,1.0,0.0,0.0,0.0,0.0,0.0,0.0,0.0,1.0,1.0,0.0,0.0,0.0,0.0,0.0,0.0,0.0
detour,historical:A_long_reference,220,440,e26,a992f0a563f4b0239708f4be6fa38192e6930b15387567b2d4a16568d4fa5671,noglass,fitting,False,0,1.0,1.0,0.0,0.0,0.0,0.0,0.0,0.0,0.0,1.0,1.0,0.0,0.0,0.0,0.0,0.0,0.0,0.0
detour,historical:A_long_reference,220,440,e27,c8fa274849bf4beeb7c46b93a7de7a6242e5af2e9c83a395e8d0db16da5e81d8,glass,fitting,False,0,0.0,0.0,0.0,1.0,1.0,0.0,0.0,0.0,0.0,0.0,0.0,0.0,1.0,1.0,0.0,0.0,0.0,0.0
detour,historical:A_long_reference,220,440,e28,c8fa274849bf4beeb7c46b93a7de7a6242e5af2e9c83a395e8d0db16da5e81d8,offpath,fitting,False,0,1.0,1.0,0.0,0.0,0.0,0.0,0.0,0.0,0.0,1.0,1.0,0.0,0.0,0.0,0.0,0.0,0.0,0.0
detour,historical:A_long_reference,220,440,e29,c8fa274849bf4beeb7c46b93a7de7a6242e5af2e9c83a395e8d0db16da5e81d8,noglass,fitting,False,0,1.0,1.0,0.0,0.0,0.0,0.0,0.0,0.0,0.0,1.0,1.0,0.0,0.0,0.0,0.0,0.0,0.0,0.0
detour,historical:A_long_reference,220,440,e30,ddd84e646ab0cdd38c0f283802f28ac361a412492f3872c7f489b95bb55d53af,glass,fitting,False,0,0.0,0.0,0.0,1.0,1.0,0.0,0.0,0.0,0.0,0.0,0.0,0.0,0.5,0.5,0.0,0.0,0.0,0.0
detour,historical:A_long_reference,220,440,e31,ddd84e646ab0cdd38c0f283802f28ac361a412492f3872c7f489b95bb55d53af,offpath,fitting,False,0,1.0,1.0,0.0,0.0,0.0,0.0,0.0,0.0,0.0,1.0,1.0,0.0,0.0,0.0,0.0,0.0,0.0,0.0
detour,historical:A_long_reference,220,440,e32,ddd84e646ab0cdd38c0f283802f28ac361a412492f3872c7f489b95bb55d53af,noglass,fitting,False,0,1.0,1.0,0.0,0.0,0.0,0.0,0.0,0.0,0.0,1.0,1.0,0.0,0.0,0.0,0.0,0.0,0.0,0.0
detour,historical:A_long_reference,220,440,e33,f64d2a60c3b9cebc4b5e12f86f4978711b4ca1e7a3788d1756d078c45a1c1004,glass,fitting,False,0,0.0,0.0,0.0,1.0,1.0,0.0,0.0,0.0,0.0,0.0,0.0,0.0,1.0,1.0,0.0,0.0,0.0,0.0
detour,historical:A_long_reference,220,440,e34,f64d2a60c3b9cebc4b5e12f86f4978711b4ca1e7a3788d1756d078c45a1c1004,offpath,fitting,False,0,1.0,1.0,0.0,0.0,0.0,0.0,0.0,0.0,0.0,1.0,1.0,0.0,0.0,0.0,0.0,0.0,0.0,0.0
detour,historical:A_long_reference,220,440,e35,f64d2a60c3b9cebc4b5e12f86f4978711b4ca1e7a3788d1756d078c45a1c1004,noglass,fitting,False,0,1.0,1.0,0.0,0.0,0.0,0.0,0.0,0.0,0.0,1.0,1.0,0.0,0.0,0.0,0.0,0.0,0.0,0.0
detour,historical:A_long_reference,220,440,e36,37d3edc8cb9ad51b8ebf45a235721c16e2531be26385d150aef2b21d81a04cae,glass,calibration,False,0,0.0,0.0,0.0,0.0,0.0,0.0,0.0,0.0,0.0,0.0,0.0,0.0,0.0,0.0,0.0,0.0,0.0,0.0
detour,historical:A_long_reference,220,440,e37,37d3edc8cb9ad51b8ebf45a235721c16e2531be26385d150aef2b21d81a04cae,offpath,calibration,False,0,1.0,1.0,0.0,0.0,0.0,0.0,0.0,0.0,0.0,1.0,1.0,0.0,0.0,0.0,0.0,0.0,0.0,0.0
detour,historical:A_long_reference,220,440,e38,37d3edc8cb9ad51b8ebf45a235721c16e2531be26385d150aef2b21d81a04cae,noglass,calibration,False,0,1.0,1.0,0.0,0.0,0.0,0.0,0.0,0.0,0.0,1.0,1.0,0.0,0.0,0.0,0.0,0.0,0.0,0.0
detour,historical:A_long_reference,220,440,e39,6292759eb45913ce4ed8447194504833f347d9355012e3228775797a4b0a7cd1,glass,calibration,False,0,0.0,0.0,0.0,1.0,1.0,0.0,0.0,0.0,0.0,0.5,0.5,0.0,0.5,0.5,0.0,0.0,0.0,0.0
detour,historical:A_long_reference,220,440,e40,6292759eb45913ce4ed8447194504833f347d9355012e3228775797a4b0a7cd1,offpath,calibration,False,0,1.0,1.0,0.0,0.0,0.0,0.0,0.0,0.0,0.0,1.0,1.0,0.0,0.0,0.0,0.0,0.0,0.0,0.0
detour,historical:A_long_reference,220,440,e41,6292759eb45913ce4ed8447194504833f347d9355012e3228775797a4b0a7cd1,noglass,calibration,False,1,0.5,1.0,0.5,0.0,0.0,0.0,0.0,0.0,1.0,1.0,1.0,0.0,0.0,0.0,0.0,0.0,0.0,1.0
detour,historical:A_long_reference,220,440,e42,655347c9fb28aaf505e162e6bcad095d17e4bfee5506113825cfb3da6ca60845,glass,calibration,False,0,0.0,0.0,0.0,1.0,1.0,0.0,0.0,0.0,0.0,0.0,0.0,0.0,1.0,1.0,0.0,0.0,0.0,0.0
detour,historical:A_long_reference,220,440,e43,655347c9fb28aaf505e162e6bcad095d17e4bfee5506113825cfb3da6ca60845,offpath,calibration,False,0,1.0,1.0,0.0,0.0,0.0,0.0,0.0,0.0,0.0,1.0,1.0,0.0,0.0,0.0,0.0,0.0,0.0,0.0
detour,historical:A_long_reference,220,440,e44,655347c9fb28aaf505e162e6bcad095d17e4bfee5506113825cfb3da6ca60845,noglass,calibration,False,0,1.0,1.0,0.0,0.0,0.0,0.0,0.0,0.0,0.0,1.0,1.0,0.0,0.0,0.0,0.0,0.0,0.0,0.0
detour,historical:A_long_reference,220,440,e45,64d921063eb0a02530efbea3434c347d28bd353cbb04464e5d91d499f62f61ef,glass,calibration,False,0,0.0,0.0,0.0,1.0,1.0,0.0,0.0,0.0,0.0,0.0,0.0,0.0,1.0,1.0,0.0,0.0,0.0,0.0
detour,historical:A_long_reference,220,440,e46,64d921063eb0a02530efbea3434c347d28bd353cbb04464e5d91d499f62f61ef,offpath,calibration,True,0,0.0,0.0,0.0,1.0,1.0,0.0,0.0,0.0,0.0,0.0,0.0,0.0,1.0,1.0,0.0,0.0,0.0,0.0
detour,historical:A_long_reference,220,440,e47,64d921063eb0a02530efbea3434c347d28bd353cbb04464e5d91d499f62f61ef,noglass,calibration,False,0,1.0,1.0,0.0,0.0,0.0,0.0,0.0,0.0,0.0,0.5,0.5,0.0,0.0,0.0,0.0,0.0,0.0,0.0
detour,historical:A_reference,220,220,e00,0815f4806fc9a4fbd58c6627c8b92fd77f1b80ad4b8b4cd6d0c6e0541d488a7b,glass,fitting,False,0,0.0,0.0,0.0,1.0,1.0,0.0,0.0,0.0,0.0,0.0,0.0,0.0,1.0,1.0,0.0,0.0,0.0,0.0
detour,historical:A_reference,220,220,e01,0815f4806fc9a4fbd58c6627c8b92fd77f1b80ad4b8b4cd6d0c6e0541d488a7b,offpath,fitting,False,0,1.0,1.0,0.0,0.0,0.0,0.0,0.0,0.0,0.0,1.0,1.0,0.0,0.0,0.0,0.0,0.0,0.0,0.0
detour,historical:A_reference,220,220,e02,0815f4806fc9a4fbd58c6627c8b92fd77f1b80ad4b8b4cd6d0c6e0541d488a7b,noglass,fitting,False,0,1.0,1.0,0.0,0.0,0.0,0.0,0.0,0.0,0.0,1.0,1.0,0.0,0.0,0.0,0.0,0.0,0.0,0.0
detour,historical:A_reference,220,220,e03,28c563172e6e13a0d3d84f1527243878c67a2140fa8c9a81ecb8b81ec9402dc8,glass,fitting,False,0,1.0,1.0,0.0,0.0,0.0,0.0,0.0,0.0,0.0,1.0,1.0,0.0,0.0,0.0,0.0,0.0,0.0,0.0
detour,historical:A_reference,220,220,e04,28c563172e6e13a0d3d84f1527243878c67a2140fa8c9a81ecb8b81ec9402dc8,offpath,fitting,False,0,0.5,0.5,0.0,0.0,0.0,0.0,0.0,0.0,0.0,1.0,1.0,0.0,0.0,0.0,0.0,0.0,0.0,0.0
detour,historical:A_reference,220,220,e05,28c563172e6e13a0d3d84f1527243878c67a2140fa8c9a81ecb8b81ec9402dc8,noglass,fitting,False,0,1.0,1.0,0.0,0.0,0.0,0.0,0.0,0.0,0.0,1.0,1.0,0.0,0.0,0.0,0.0,0.0,0.0,0.0
detour,historical:A_reference,220,220,e06,69fa7e93588c6aea4b134efa44633d38556ce1656b46df276021920a664881a3,glass,fitting,False,0,0.0,0.0,0.0,1.0,1.0,0.0,0.0,0.0,0.0,0.0,0.0,0.0,1.0,1.0,0.0,0.0,0.0,0.0
detour,historical:A_reference,220,220,e07,69fa7e93588c6aea4b134efa44633d38556ce1656b46df276021920a664881a3,offpath,fitting,False,0,1.0,1.0,0.0,0.0,0.0,0.0,0.0,0.0,0.0,1.0,1.0,0.0,0.0,0.0,0.0,0.0,0.0,0.0
detour,historical:A_reference,220,220,e08,69fa7e93588c6aea4b134efa44633d38556ce1656b46df276021920a664881a3,noglass,fitting,False,0,1.0,1.0,0.0,0.0,0.0,0.0,0.0,0.0,0.0,1.0,1.0,0.0,0.0,0.0,0.0,0.0,0.0,0.0
detour,historical:A_reference,220,220,e09,76fe1d96587ab928f6fb5d7750ecd048fd712eb3d66aa60feb972a3d9d56c9d1,glass,fitting,False,0,0.5,0.5,0.0,0.5,0.5,0.0,0.0,0.0,0.0,0.5,0.5,0.0,0.0,0.0,0.0,0.0,0.0,0.0
detour,historical:A_reference,220,220,e10,76fe1d96587ab928f6fb5d7750ecd048fd712eb3d66aa60feb972a3d9d56c9d1,offpath,fitting,False,0,1.0,1.0,0.0,0.0,0.0,0.0,0.0,0.0,0.0,1.0,1.0,0.0,0.0,0.0,0.0,0.0,0.0,0.0
detour,historical:A_reference,220,220,e11,76fe1d96587ab928f6fb5d7750ecd048fd712eb3d66aa60feb972a3d9d56c9d1,noglass,fitting,False,0,1.0,1.0,0.0,0.0,0.0,0.0,0.0,0.0,0.0,1.0,1.0,0.0,0.0,0.0,0.0,0.0,0.0,0.0
detour,historical:A_reference,220,220,e12,821b498fc1fcb4e3c103635fa473d7577f718c4f633b273772954295c83ae585,glass,fitting,False,0,0.0,0.0,0.0,1.0,1.0,0.0,0.0,0.0,0.0,0.0,0.0,0.0,1.0,1.0,0.0,0.0,0.0,0.0
detour,historical:A_reference,220,220,e13,821b498fc1fcb4e3c103635fa473d7577f718c4f633b273772954295c83ae585,offpath,fitting,False,0,1.0,1.0,0.0,0.0,0.0,0.0,0.0,0.0,0.0,1.0,1.0,0.0,0.0,0.0,0.0,0.0,0.0,0.0
detour,historical:A_reference,220,220,e14,821b498fc1fcb4e3c103635fa473d7577f718c4f633b273772954295c83ae585,noglass,fitting,False,0,1.0,1.0,0.0,0.0,0.0,0.0,0.0,0.0,0.0,1.0,1.0,0.0,0.0,0.0,0.0,0.0,0.0,0.0
detour,historical:A_reference,220,220,e15,9176c2514b8a62105f4d2b8a22a8a0b0236c5b9feda58c18ef64cea917b98d9d,glass,fitting,False,1,0.5,1.0,0.5,0.5,0.0,-0.5,0.0,0.0,1.0,1.0,1.0,0.0,0.0,0.0,0.0,0.0,0.0,1.0
detour,historical:A_reference,220,220,e16,9176c2514b8a62105f4d2b8a22a8a0b0236c5b9feda58c18ef64cea917b98d9d,offpath,fitting,False,0,0.0,0.0,0.0,1.0,1.0,0.0,0.0,0.0,0.0,0.5,0.5,0.0,0.5,0.5,0.0,0.0,0.0,0.0
detour,historical:A_reference,220,220,e17,9176c2514b8a62105f4d2b8a22a8a0b0236c5b9feda58c18ef64cea917b98d9d,noglass,fitting,False,0,1.0,1.0,0.0,0.0,0.0,0.0,0.0,0.0,0.0,0.5,0.5,0.0,0.0,0.0,0.0,0.0,0.0,0.0
detour,historical:A_reference,220,220,e18,986b3dff233a80cf0fd1c48f815600f49b95f83be0d9f898fee40d0a5c9dca63,glass,fitting,False,1,0.0,1.0,1.0,1.0,0.0,-1.0,0.0,0.0,1.0,0.0,1.0,1.0,1.0,0.0,-1.0,0.0,0.0,1.0
detour,historical:A_reference,220,220,e19,986b3dff233a80cf0fd1c48f815600f49b95f83be0d9f898fee40d0a5c9dca63,offpath,fitting,False,0,1.0,1.0,0.0,0.0,0.0,0.0,0.0,0.0,0.0,1.0,1.0,0.0,0.0,0.0,0.0,0.0,0.0,0.0
detour,historical:A_reference,220,220,e20,986b3dff233a80cf0fd1c48f815600f49b95f83be0d9f898fee40d0a5c9dca63,noglass,fitting,False,0,1.0,1.0,0.0,0.0,0.0,0.0,0.0,0.0,0.0,1.0,1.0,0.0,0.0,0.0,0.0,0.0,0.0,0.0
detour,historical:A_reference,220,220,e21,a3e1c487338ecfe4ce59e1e8f0be7a20d0442476ad923022ec430bdb5470ee56,glass,fitting,False,0,0.0,0.0,0.0,1.0,1.0,0.0,0.0,0.0,0.0,0.0,0.0,0.0,1.0,1.0,0.0,0.0,0.0,0.0
detour,historical:A_reference,220,220,e22,a3e1c487338ecfe4ce59e1e8f0be7a20d0442476ad923022ec430bdb5470ee56,offpath,fitting,False,0,1.0,1.0,0.0,0.0,0.0,0.0,0.0,0.0,0.0,1.0,1.0,0.0,0.0,0.0,0.0,0.0,0.0,0.0
detour,historical:A_reference,220,220,e23,a3e1c487338ecfe4ce59e1e8f0be7a20d0442476ad923022ec430bdb5470ee56,noglass,fitting,False,0,1.0,1.0,0.0,0.0,0.0,0.0,0.0,0.0,0.0,1.0,1.0,0.0,0.0,0.0,0.0,0.0,0.0,0.0
detour,historical:A_reference,220,220,e24,a992f0a563f4b0239708f4be6fa38192e6930b15387567b2d4a16568d4fa5671,glass,fitting,False,0,0.0,0.0,0.0,1.0,1.0,0.0,0.0,0.0,0.0,0.0,0.0,0.0,1.0,1.0,0.0,0.0,0.0,0.0
detour,historical:A_reference,220,220,e25,a992f0a563f4b0239708f4be6fa38192e6930b15387567b2d4a16568d4fa5671,offpath,fitting,False,0,1.0,1.0,0.0,0.0,0.0,0.0,0.0,0.0,0.0,1.0,1.0,0.0,0.0,0.0,0.0,0.0,0.0,0.0
detour,historical:A_reference,220,220,e26,a992f0a563f4b0239708f4be6fa38192e6930b15387567b2d4a16568d4fa5671,noglass,fitting,False,0,1.0,1.0,0.0,0.0,0.0,0.0,0.0,0.0,0.0,1.0,1.0,0.0,0.0,0.0,0.0,0.0,0.0,0.0
detour,historical:A_reference,220,220,e27,c8fa274849bf4beeb7c46b93a7de7a6242e5af2e9c83a395e8d0db16da5e81d8,glass,fitting,False,0,0.0,0.0,0.0,1.0,1.0,0.0,0.0,0.0,0.0,0.0,0.0,0.0,1.0,1.0,0.0,0.0,0.0,0.0
detour,historical:A_reference,220,220,e28,c8fa274849bf4beeb7c46b93a7de7a6242e5af2e9c83a395e8d0db16da5e81d8,offpath,fitting,False,0,1.0,1.0,0.0,0.0,0.0,0.0,0.0,0.0,0.0,1.0,1.0,0.0,0.0,0.0,0.0,0.0,0.0,0.0
detour,historical:A_reference,220,220,e29,c8fa274849bf4beeb7c46b93a7de7a6242e5af2e9c83a395e8d0db16da5e81d8,noglass,fitting,False,0,1.0,1.0,0.0,0.0,0.0,0.0,0.0,0.0,0.0,1.0,1.0,0.0,0.0,0.0,0.0,0.0,0.0,0.0
detour,historical:A_reference,220,220,e30,ddd84e646ab0cdd38c0f283802f28ac361a412492f3872c7f489b95bb55d53af,glass,fitting,False,0,0.0,0.0,0.0,1.0,1.0,0.0,0.0,0.0,0.0,0.0,0.0,0.0,0.5,0.5,0.0,0.0,0.0,0.0
detour,historical:A_reference,220,220,e31,ddd84e646ab0cdd38c0f283802f28ac361a412492f3872c7f489b95bb55d53af,offpath,fitting,False,0,1.0,1.0,0.0,0.0,0.0,0.0,0.0,0.0,0.0,1.0,1.0,0.0,0.0,0.0,0.0,0.0,0.0,0.0
detour,historical:A_reference,220,220,e32,ddd84e646ab0cdd38c0f283802f28ac361a412492f3872c7f489b95bb55d53af,noglass,fitting,False,0,1.0,1.0,0.0,0.0,0.0,0.0,0.0,0.0,0.0,1.0,1.0,0.0,0.0,0.0,0.0,0.0,0.0,0.0
detour,historical:A_reference,220,220,e33,f64d2a60c3b9cebc4b5e12f86f4978711b4ca1e7a3788d1756d078c45a1c1004,glass,fitting,False,0,0.0,0.0,0.0,1.0,1.0,0.0,0.0,0.0,0.0,0.0,0.0,0.0,1.0,1.0,0.0,0.0,0.0,0.0
detour,historical:A_reference,220,220,e34,f64d2a60c3b9cebc4b5e12f86f4978711b4ca1e7a3788d1756d078c45a1c1004,offpath,fitting,False,0,1.0,1.0,0.0,0.0,0.0,0.0,0.0,0.0,0.0,1.0,1.0,0.0,0.0,0.0,0.0,0.0,0.0,0.0
detour,historical:A_reference,220,220,e35,f64d2a60c3b9cebc4b5e12f86f4978711b4ca1e7a3788d1756d078c45a1c1004,noglass,fitting,False,0,1.0,1.0,0.0,0.0,0.0,0.0,0.0,0.0,0.0,1.0,1.0,0.0,0.0,0.0,0.0,0.0,0.0,0.0
detour,historical:A_reference,220,220,e36,37d3edc8cb9ad51b8ebf45a235721c16e2531be26385d150aef2b21d81a04cae,glass,calibration,False,0,0.0,0.0,0.0,0.0,0.0,0.0,0.0,0.0,0.0,0.0,0.0,0.0,0.0,0.0,0.0,0.0,0.0,0.0
detour,historical:A_reference,220,220,e37,37d3edc8cb9ad51b8ebf45a235721c16e2531be26385d150aef2b21d81a04cae,offpath,calibration,False,0,1.0,1.0,0.0,0.0,0.0,0.0,0.0,0.0,0.0,1.0,1.0,0.0,0.0,0.0,0.0,0.0,0.0,0.0
detour,historical:A_reference,220,220,e38,37d3edc8cb9ad51b8ebf45a235721c16e2531be26385d150aef2b21d81a04cae,noglass,calibration,False,0,1.0,1.0,0.0,0.0,0.0,0.0,0.0,0.0,0.0,1.0,1.0,0.0,0.0,0.0,0.0,0.0,0.0,0.0
detour,historical:A_reference,220,220,e39,6292759eb45913ce4ed8447194504833f347d9355012e3228775797a4b0a7cd1,glass,calibration,False,0,0.0,0.0,0.0,1.0,1.0,0.0,0.0,0.0,0.0,0.5,0.5,0.0,0.5,0.5,0.0,0.0,0.0,0.0
detour,historical:A_reference,220,220,e40,6292759eb45913ce4ed8447194504833f347d9355012e3228775797a4b0a7cd1,offpath,calibration,False,0,1.0,1.0,0.0,0.0,0.0,0.0,0.0,0.0,0.0,1.0,1.0,0.0,0.0,0.0,0.0,0.0,0.0,0.0
detour,historical:A_reference,220,220,e41,6292759eb45913ce4ed8447194504833f347d9355012e3228775797a4b0a7cd1,noglass,calibration,False,1,0.5,1.0,0.5,0.0,0.0,0.0,0.0,0.0,1.0,1.0,1.0,0.0,0.0,0.0,0.0,0.0,0.0,1.0
detour,historical:A_reference,220,220,e42,655347c9fb28aaf505e162e6bcad095d17e4bfee5506113825cfb3da6ca60845,glass,calibration,False,0,0.0,0.0,0.0,1.0,1.0,0.0,0.0,0.0,0.0,0.0,0.0,0.0,1.0,1.0,0.0,0.0,0.0,0.0
detour,historical:A_reference,220,220,e43,655347c9fb28aaf505e162e6bcad095d17e4bfee5506113825cfb3da6ca60845,offpath,calibration,False,0,1.0,1.0,0.0,0.0,0.0,0.0,0.0,0.0,0.0,1.0,1.0,0.0,0.0,0.0,0.0,0.0,0.0,0.0
detour,historical:A_reference,220,220,e44,655347c9fb28aaf505e162e6bcad095d17e4bfee5506113825cfb3da6ca60845,noglass,calibration,False,0,1.0,1.0,0.0,0.0,0.0,0.0,0.0,0.0,0.0,1.0,1.0,0.0,0.0,0.0,0.0,0.0,0.0,0.0
detour,historical:A_reference,220,220,e45,64d921063eb0a02530efbea3434c347d28bd353cbb04464e5d91d499f62f61ef,glass,calibration,False,0,0.0,0.0,0.0,1.0,1.0,0.0,0.0,0.0,0.0,0.0,0.0,0.0,1.0,1.0,0.0,0.0,0.0,0.0
detour,historical:A_reference,220,220,e46,64d921063eb0a02530efbea3434c347d28bd353cbb04464e5d91d499f62f61ef,offpath,calibration,True,0,0.0,0.0,0.0,1.0,1.0,0.0,0.0,0.0,0.0,0.0,0.0,0.0,1.0,1.0,0.0,0.0,0.0,0.0
detour,historical:A_reference,220,220,e47,64d921063eb0a02530efbea3434c347d28bd353cbb04464e5d91d499f62f61ef,noglass,calibration,False,0,1.0,1.0,0.0,0.0,0.0,0.0,0.0,0.0,0.0,0.5,0.5,0.0,0.0,0.0,0.0,0.0,0.0,0.0
detour,historical:A_reference,220,440,e00,0815f4806fc9a4fbd58c6627c8b92fd77f1b80ad4b8b4cd6d0c6e0541d488a7b,glass,fitting,False,0,0.0,0.0,0.0,1.0,1.0,0.0,0.0,0.0,0.0,0.0,0.0,0.0,1.0,1.0,0.0,0.0,0.0,0.0
detour,historical:A_reference,220,440,e01,0815f4806fc9a4fbd58c6627c8b92fd77f1b80ad4b8b4cd6d0c6e0541d488a7b,offpath,fitting,False,0,1.0,1.0,0.0,0.0,0.0,0.0,0.0,0.0,0.0,1.0,1.0,0.0,0.0,0.0,0.0,0.0,0.0,0.0
detour,historical:A_reference,220,440,e02,0815f4806fc9a4fbd58c6627c8b92fd77f1b80ad4b8b4cd6d0c6e0541d488a7b,noglass,fitting,False,0,1.0,1.0,0.0,0.0,0.0,0.0,0.0,0.0,0.0,1.0,1.0,0.0,0.0,0.0,0.0,0.0,0.0,0.0
detour,historical:A_reference,220,440,e03,28c563172e6e13a0d3d84f1527243878c67a2140fa8c9a81ecb8b81ec9402dc8,glass,fitting,False,0,1.0,1.0,0.0,0.0,0.0,0.0,0.0,0.0,0.0,1.0,1.0,0.0,0.0,0.0,0.0,0.0,0.0,0.0
detour,historical:A_reference,220,440,e04,28c563172e6e13a0d3d84f1527243878c67a2140fa8c9a81ecb8b81ec9402dc8,offpath,fitting,False,0,0.5,0.5,0.0,0.0,0.0,0.0,0.0,0.0,0.0,1.0,1.0,0.0,0.0,0.0,0.0,0.0,0.0,0.0
detour,historical:A_reference,220,440,e05,28c563172e6e13a0d3d84f1527243878c67a2140fa8c9a81ecb8b81ec9402dc8,noglass,fitting,False,0,1.0,1.0,0.0,0.0,0.0,0.0,0.0,0.0,0.0,1.0,1.0,0.0,0.0,0.0,0.0,0.0,0.0,0.0
detour,historical:A_reference,220,440,e06,69fa7e93588c6aea4b134efa44633d38556ce1656b46df276021920a664881a3,glass,fitting,False,0,0.0,0.0,0.0,1.0,1.0,0.0,0.0,0.0,0.0,0.0,0.0,0.0,1.0,1.0,0.0,0.0,0.0,0.0
detour,historical:A_reference,220,440,e07,69fa7e93588c6aea4b134efa44633d38556ce1656b46df276021920a664881a3,offpath,fitting,False,0,1.0,1.0,0.0,0.0,0.0,0.0,0.0,0.0,0.0,1.0,1.0,0.0,0.0,0.0,0.0,0.0,0.0,0.0
detour,historical:A_reference,220,440,e08,69fa7e93588c6aea4b134efa44633d38556ce1656b46df276021920a664881a3,noglass,fitting,False,0,1.0,1.0,0.0,0.0,0.0,0.0,0.0,0.0,0.0,1.0,1.0,0.0,0.0,0.0,0.0,0.0,0.0,0.0
detour,historical:A_reference,220,440,e09,76fe1d96587ab928f6fb5d7750ecd048fd712eb3d66aa60feb972a3d9d56c9d1,glass,fitting,False,0,0.5,0.5,0.0,0.5,0.5,0.0,0.0,0.0,0.0,0.5,0.5,0.0,0.0,0.0,0.0,0.0,0.0,0.0
detour,historical:A_reference,220,440,e10,76fe1d96587ab928f6fb5d7750ecd048fd712eb3d66aa60feb972a3d9d56c9d1,offpath,fitting,False,0,1.0,1.0,0.0,0.0,0.0,0.0,0.0,0.0,0.0,1.0,1.0,0.0,0.0,0.0,0.0,0.0,0.0,0.0
detour,historical:A_reference,220,440,e11,76fe1d96587ab928f6fb5d7750ecd048fd712eb3d66aa60feb972a3d9d56c9d1,noglass,fitting,False,0,1.0,1.0,0.0,0.0,0.0,0.0,0.0,0.0,0.0,1.0,1.0,0.0,0.0,0.0,0.0,0.0,0.0,0.0
detour,historical:A_reference,220,440,e12,821b498fc1fcb4e3c103635fa473d7577f718c4f633b273772954295c83ae585,glass,fitting,False,0,0.0,0.0,0.0,1.0,1.0,0.0,0.0,0.0,0.0,0.0,0.0,0.0,1.0,1.0,0.0,0.0,0.0,0.0
detour,historical:A_reference,220,440,e13,821b498fc1fcb4e3c103635fa473d7577f718c4f633b273772954295c83ae585,offpath,fitting,False,0,1.0,1.0,0.0,0.0,0.0,0.0,0.0,0.0,0.0,1.0,1.0,0.0,0.0,0.0,0.0,0.0,0.0,0.0
detour,historical:A_reference,220,440,e14,821b498fc1fcb4e3c103635fa473d7577f718c4f633b273772954295c83ae585,noglass,fitting,False,0,1.0,1.0,0.0,0.0,0.0,0.0,0.0,0.0,0.0,1.0,1.0,0.0,0.0,0.0,0.0,0.0,0.0,0.0
detour,historical:A_reference,220,440,e15,9176c2514b8a62105f4d2b8a22a8a0b0236c5b9feda58c18ef64cea917b98d9d,glass,fitting,False,1,0.5,1.0,0.5,0.5,0.0,-0.5,0.0,0.0,1.0,1.0,1.0,0.0,0.0,0.0,0.0,0.0,0.0,1.0
detour,historical:A_reference,220,440,e16,9176c2514b8a62105f4d2b8a22a8a0b0236c5b9feda58c18ef64cea917b98d9d,offpath,fitting,False,0,0.0,0.0,0.0,1.0,1.0,0.0,0.0,0.0,0.0,0.5,0.5,0.0,0.5,0.5,0.0,0.0,0.0,0.0
detour,historical:A_reference,220,440,e17,9176c2514b8a62105f4d2b8a22a8a0b0236c5b9feda58c18ef64cea917b98d9d,noglass,fitting,False,0,1.0,1.0,0.0,0.0,0.0,0.0,0.0,0.0,0.0,0.5,0.5,0.0,0.0,0.0,0.0,0.0,0.0,0.0
detour,historical:A_reference,220,440,e18,986b3dff233a80cf0fd1c48f815600f49b95f83be0d9f898fee40d0a5c9dca63,glass,fitting,False,1,0.0,1.0,1.0,1.0,0.0,-1.0,0.0,0.0,1.0,0.0,1.0,1.0,1.0,0.0,-1.0,0.0,0.0,1.0
detour,historical:A_reference,220,440,e19,986b3dff233a80cf0fd1c48f815600f49b95f83be0d9f898fee40d0a5c9dca63,offpath,fitting,False,0,1.0,1.0,0.0,0.0,0.0,0.0,0.0,0.0,0.0,1.0,1.0,0.0,0.0,0.0,0.0,0.0,0.0,0.0
detour,historical:A_reference,220,440,e20,986b3dff233a80cf0fd1c48f815600f49b95f83be0d9f898fee40d0a5c9dca63,noglass,fitting,False,0,1.0,1.0,0.0,0.0,0.0,0.0,0.0,0.0,0.0,1.0,1.0,0.0,0.0,0.0,0.0,0.0,0.0,0.0
detour,historical:A_reference,220,440,e21,a3e1c487338ecfe4ce59e1e8f0be7a20d0442476ad923022ec430bdb5470ee56,glass,fitting,False,0,0.0,0.0,0.0,1.0,1.0,0.0,0.0,0.0,0.0,0.0,0.0,0.0,1.0,1.0,0.0,0.0,0.0,0.0
detour,historical:A_reference,220,440,e22,a3e1c487338ecfe4ce59e1e8f0be7a20d0442476ad923022ec430bdb5470ee56,offpath,fitting,False,0,1.0,1.0,0.0,0.0,0.0,0.0,0.0,0.0,0.0,1.0,1.0,0.0,0.0,0.0,0.0,0.0,0.0,0.0
detour,historical:A_reference,220,440,e23,a3e1c487338ecfe4ce59e1e8f0be7a20d0442476ad923022ec430bdb5470ee56,noglass,fitting,False,0,1.0,1.0,0.0,0.0,0.0,0.0,0.0,0.0,0.0,1.0,1.0,0.0,0.0,0.0,0.0,0.0,0.0,0.0
detour,historical:A_reference,220,440,e24,a992f0a563f4b0239708f4be6fa38192e6930b15387567b2d4a16568d4fa5671,glass,fitting,False,0,0.0,0.0,0.0,1.0,1.0,0.0,0.0,0.0,0.0,0.0,0.0,0.0,1.0,1.0,0.0,0.0,0.0,0.0
detour,historical:A_reference,220,440,e25,a992f0a563f4b0239708f4be6fa38192e6930b15387567b2d4a16568d4fa5671,offpath,fitting,False,0,1.0,1.0,0.0,0.0,0.0,0.0,0.0,0.0,0.0,1.0,1.0,0.0,0.0,0.0,0.0,0.0,0.0,0.0
detour,historical:A_reference,220,440,e26,a992f0a563f4b0239708f4be6fa38192e6930b15387567b2d4a16568d4fa5671,noglass,fitting,False,0,1.0,1.0,0.0,0.0,0.0,0.0,0.0,0.0,0.0,1.0,1.0,0.0,0.0,0.0,0.0,0.0,0.0,0.0
detour,historical:A_reference,220,440,e27,c8fa274849bf4beeb7c46b93a7de7a6242e5af2e9c83a395e8d0db16da5e81d8,glass,fitting,False,0,0.0,0.0,0.0,1.0,1.0,0.0,0.0,0.0,0.0,0.0,0.0,0.0,1.0,1.0,0.0,0.0,0.0,0.0
detour,historical:A_reference,220,440,e28,c8fa274849bf4beeb7c46b93a7de7a6242e5af2e9c83a395e8d0db16da5e81d8,offpath,fitting,False,0,1.0,1.0,0.0,0.0,0.0,0.0,0.0,0.0,0.0,1.0,1.0,0.0,0.0,0.0,0.0,0.0,0.0,0.0
detour,historical:A_reference,220,440,e29,c8fa274849bf4beeb7c46b93a7de7a6242e5af2e9c83a395e8d0db16da5e81d8,noglass,fitting,False,0,1.0,1.0,0.0,0.0,0.0,0.0,0.0,0.0,0.0,1.0,1.0,0.0,0.0,0.0,0.0,0.0,0.0,0.0
detour,historical:A_reference,220,440,e30,ddd84e646ab0cdd38c0f283802f28ac361a412492f3872c7f489b95bb55d53af,glass,fitting,False,0,0.0,0.0,0.0,1.0,1.0,0.0,0.0,0.0,0.0,0.0,0.0,0.0,0.5,0.5,0.0,0.0,0.0,0.0
detour,historical:A_reference,220,440,e31,ddd84e646ab0cdd38c0f283802f28ac361a412492f3872c7f489b95bb55d53af,offpath,fitting,False,0,1.0,1.0,0.0,0.0,0.0,0.0,0.0,0.0,0.0,1.0,1.0,0.0,0.0,0.0,0.0,0.0,0.0,0.0
detour,historical:A_reference,220,440,e32,ddd84e646ab0cdd38c0f283802f28ac361a412492f3872c7f489b95bb55d53af,noglass,fitting,False,0,1.0,1.0,0.0,0.0,0.0,0.0,0.0,0.0,0.0,1.0,1.0,0.0,0.0,0.0,0.0,0.0,0.0,0.0
detour,historical:A_reference,220,440,e33,f64d2a60c3b9cebc4b5e12f86f4978711b4ca1e7a3788d1756d078c45a1c1004,glass,fitting,False,0,0.0,0.0,0.0,1.0,1.0,0.0,0.0,0.0,0.0,0.0,0.0,0.0,1.0,1.0,0.0,0.0,0.0,0.0
detour,historical:A_reference,220,440,e34,f64d2a60c3b9cebc4b5e12f86f4978711b4ca1e7a3788d1756d078c45a1c1004,offpath,fitting,False,0,1.0,1.0,0.0,0.0,0.0,0.0,0.0,0.0,0.0,1.0,1.0,0.0,0.0,0.0,0.0,0.0,0.0,0.0
detour,historical:A_reference,220,440,e35,f64d2a60c3b9cebc4b5e12f86f4978711b4ca1e7a3788d1756d078c45a1c1004,noglass,fitting,False,0,1.0,1.0,0.0,0.0,0.0,0.0,0.0,0.0,0.0,1.0,1.0,0.0,0.0,0.0,0.0,0.0,0.0,0.0
detour,historical:A_reference,220,440,e36,37d3edc8cb9ad51b8ebf45a235721c16e2531be26385d150aef2b21d81a04cae,glass,calibration,False,0,0.0,0.0,0.0,0.0,0.0,0.0,0.0,0.0,0.0,0.0,0.0,0.0,0.0,0.0,0.0,0.0,0.0,0.0
detour,historical:A_reference,220,440,e37,37d3edc8cb9ad51b8ebf45a235721c16e2531be26385d150aef2b21d81a04cae,offpath,calibration,False,0,1.0,1.0,0.0,0.0,0.0,0.0,0.0,0.0,0.0,1.0,1.0,0.0,0.0,0.0,0.0,0.0,0.0,0.0
detour,historical:A_reference,220,440,e38,37d3edc8cb9ad51b8ebf45a235721c16e2531be26385d150aef2b21d81a04cae,noglass,calibration,False,0,1.0,1.0,0.0,0.0,0.0,0.0,0.0,0.0,0.0,1.0,1.0,0.0,0.0,0.0,0.0,0.0,0.0,0.0
detour,historical:A_reference,220,440,e39,6292759eb45913ce4ed8447194504833f347d9355012e3228775797a4b0a7cd1,glass,calibration,False,0,0.0,0.0,0.0,1.0,1.0,0.0,0.0,0.0,0.0,0.5,0.5,0.0,0.5,0.5,0.0,0.0,0.0,0.0
detour,historical:A_reference,220,440,e40,6292759eb45913ce4ed8447194504833f347d9355012e3228775797a4b0a7cd1,offpath,calibration,False,0,1.0,1.0,0.0,0.0,0.0,0.0,0.0,0.0,0.0,1.0,1.0,0.0,0.0,0.0,0.0,0.0,0.0,0.0
detour,historical:A_reference,220,440,e41,6292759eb45913ce4ed8447194504833f347d9355012e3228775797a4b0a7cd1,noglass,calibration,False,1,0.5,1.0,0.5,0.0,0.0,0.0,0.0,0.0,1.0,1.0,1.0,0.0,0.0,0.0,0.0,0.0,0.0,1.0
detour,historical:A_reference,220,440,e42,655347c9fb28aaf505e162e6bcad095d17e4bfee5506113825cfb3da6ca60845,glass,calibration,False,0,0.0,0.0,0.0,1.0,1.0,0.0,0.0,0.0,0.0,0.0,0.0,0.0,1.0,1.0,0.0,0.0,0.0,0.0
detour,historical:A_reference,220,440,e43,655347c9fb28aaf505e162e6bcad095d17e4bfee5506113825cfb3da6ca60845,offpath,calibration,False,0,1.0,1.0,0.0,0.0,0.0,0.0,0.0,0.0,0.0,1.0,1.0,0.0,0.0,0.0,0.0,0.0,0.0,0.0
detour,historical:A_reference,220,440,e44,655347c9fb28aaf505e162e6bcad095d17e4bfee5506113825cfb3da6ca60845,noglass,calibration,False,0,1.0,1.0,0.0,0.0,0.0,0.0,0.0,0.0,0.0,1.0,1.0,0.0,0.0,0.0,0.0,0.0,0.0,0.0
detour,historical:A_reference,220,440,e45,64d921063eb0a02530efbea3434c347d28bd353cbb04464e5d91d499f62f61ef,glass,calibration,False,0,0.0,0.0,0.0,1.0,1.0,0.0,0.0,0.0,0.0,0.0,0.0,0.0,1.0,1.0,0.0,0.0,0.0,0.0
detour,historical:A_reference,220,440,e46,64d921063eb0a02530efbea3434c347d28bd353cbb04464e5d91d499f62f61ef,offpath,calibration,True,0,0.0,0.0,0.0,1.0,1.0,0.0,0.0,0.0,0.0,0.0,0.0,0.0,1.0,1.0,0.0,0.0,0.0,0.0
detour,historical:A_reference,220,440,e47,64d921063eb0a02530efbea3434c347d28bd353cbb04464e5d91d499f62f61ef,noglass,calibration,False,0,1.0,1.0,0.0,0.0,0.0,0.0,0.0,0.0,0.0,0.5,0.5,0.0,0.0,0.0,0.0,0.0,0.0,0.0
detour,historical:AlwaysDetour,220,220,e00,0815f4806fc9a4fbd58c6627c8b92fd77f1b80ad4b8b4cd6d0c6e0541d488a7b,glass,fitting,False,1,0.0,0.0,0.0,1.0,0.0,-1.0,0.0,0.0,1.0,0.0,0.0,0.0,1.0,0.0,-1.0,0.0,0.0,1.0
detour,historical:AlwaysDetour,220,220,e01,0815f4806fc9a4fbd58c6627c8b92fd77f1b80ad4b8b4cd6d0c6e0541d488a7b,offpath,fitting,False,1,1.0,1.0,0.0,0.0,0.0,0.0,0.0,0.0,1.0,1.0,1.0,0.0,0.0,0.0,0.0,0.0,0.0,1.0
detour,historical:AlwaysDetour,220,220,e02,0815f4806fc9a4fbd58c6627c8b92fd77f1b80ad4b8b4cd6d0c6e0541d488a7b,noglass,fitting,False,1,1.0,0.0,-1.0,0.0,0.0,0.0,1.0,0.0,1.0,1.0,0.0,-1.0,0.0,0.0,0.0,1.0,0.0,1.0
detour,historical:AlwaysDetour,220,220,e03,28c563172e6e13a0d3d84f1527243878c67a2140fa8c9a81ecb8b81ec9402dc8,glass,fitting,False,1,1.0,1.0,0.0,0.0,0.0,0.0,0.0,0.0,1.0,1.0,1.0,0.0,0.0,0.0,0.0,0.0,0.0,1.0
detour,historical:AlwaysDetour,220,220,e04,28c563172e6e13a0d3d84f1527243878c67a2140fa8c9a81ecb8b81ec9402dc8,offpath,fitting,False,1,0.5,0.0,-0.5,0.0,0.0,0.0,0.5,0.0,1.0,1.0,0.0,-1.0,0.0,0.0,0.0,1.0,0.0,1.0
detour,historical:AlwaysDetour,220,220,e05,28c563172e6e13a0d3d84f1527243878c67a2140fa8c9a81ecb8b81ec9402dc8,noglass,fitting,False,1,1.0,1.0,0.0,0.0,0.0,0.0,0.0,0.0,1.0,1.0,1.0,0.0,0.0,0.0,0.0,0.0,0.0,1.0
detour,historical:AlwaysDetour,220,220,e06,69fa7e93588c6aea4b134efa44633d38556ce1656b46df276021920a664881a3,glass,fitting,False,1,0.0,0.0,0.0,1.0,0.0,-1.0,0.0,0.0,1.0,0.0,0.0,0.0,1.0,0.0,-1.0,0.0,0.0,1.0
detour,historical:AlwaysDetour,220,220,e07,69fa7e93588c6aea4b134efa44633d38556ce1656b46df276021920a664881a3,offpath,fitting,False,1,1.0,1.0,0.0,0.0,0.0,0.0,0.0,0.0,1.0,1.0,1.0,0.0,0.0,0.0,0.0,0.0,0.0,1.0
detour,historical:AlwaysDetour,220,220,e08,69fa7e93588c6aea4b134efa44633d38556ce1656b46df276021920a664881a3,noglass,fitting,False,1,1.0,1.0,0.0,0.0,0.0,0.0,0.0,0.0,1.0,1.0,1.0,0.0,0.0,0.0,0.0,0.0,0.0,1.0
detour,historical:AlwaysDetour,220,220,e09,76fe1d96587ab928f6fb5d7750ecd048fd712eb3d66aa60feb972a3d9d56c9d1,glass,fitting,False,1,0.5,0.0,-0.5,0.5,1.0,0.5,0.5,0.5,1.0,0.5,0.0,-0.5,0.0,1.0,1.0,0.5,1.0,1.0
detour,historical:AlwaysDetour,220,220,e10,76fe1d96587ab928f6fb5d7750ecd048fd712eb3d66aa60feb972a3d9d56c9d1,offpath,fitting,False,1,1.0,0.0,-1.0,0.0,0.0,0.0,1.0,0.0,1.0,1.0,0.0,-1.0,0.0,0.0,0.0,1.0,0.0,1.0
detour,historical:AlwaysDetour,220,220,e11,76fe1d96587ab928f6fb5d7750ecd048fd712eb3d66aa60feb972a3d9d56c9d1,noglass,fitting,False,1,1.0,1.0,0.0,0.0,0.0,0.0,0.0,0.0,1.0,1.0,1.0,0.0,0.0,0.0,0.0,0.0,0.0,1.0
detour,historical:AlwaysDetour,220,220,e12,821b498fc1fcb4e3c103635fa473d7577f718c4f633b273772954295c83ae585,glass,fitting,False,1,0.0,0.0,0.0,1.0,0.0,-1.0,0.0,0.0,1.0,0.0,0.0,0.0,1.0,0.0,-1.0,0.0,0.0,1.0
detour,historical:AlwaysDetour,220,220,e13,821b498fc1fcb4e3c103635fa473d7577f718c4f633b273772954295c83ae585,offpath,fitting,False,1,1.0,0.0,-1.0,0.0,0.0,0.0,1.0,0.0,1.0,1.0,0.0,-1.0,0.0,0.0,0.0,1.0,0.0,1.0
detour,historical:AlwaysDetour,220,220,e14,821b498fc1fcb4e3c103635fa473d7577f718c4f633b273772954295c83ae585,noglass,fitting,False,1,1.0,0.0,-1.0,0.0,0.0,0.0,1.0,0.0,1.0,1.0,0.0,-1.0,0.0,0.0,0.0,1.0,0.0,1.0
detour,historical:AlwaysDetour,220,220,e15,9176c2514b8a62105f4d2b8a22a8a0b0236c5b9feda58c18ef64cea917b98d9d,glass,fitting,False,1,0.5,1.0,0.5,0.5,0.0,-0.5,0.0,0.0,1.0,1.0,1.0,0.0,0.0,0.0,0.0,0.0,0.0,1.0
detour,historical:AlwaysDetour,220,220,e16,9176c2514b8a62105f4d2b8a22a8a0b0236c5b9feda58c18ef64cea917b98d9d,offpath,fitting,False,1,0.0,0.0,0.0,1.0,1.0,0.0,0.0,0.0,1.0,0.5,0.0,-0.5,0.5,1.0,0.5,0.5,0.5,1.0
detour,historical:AlwaysDetour,220,220,e17,9176c2514b8a62105f4d2b8a22a8a0b0236c5b9feda58c18ef64cea917b98d9d,noglass,fitting,False,1,1.0,1.0,0.0,0.0,0.0,0.0,0.0,0.0,1.0,0.5,1.0,0.5,0.0,0.0,0.0,0.0,0.0,1.0
detour,historical:AlwaysDetour,220,220,e18,986b3dff233a80cf0fd1c48f815600f49b95f83be0d9f898fee40d0a5c9dca63,glass,fitting,False,1,0.0,1.0,1.0,1.0,0.0,-1.0,0.0,0.0,1.0,0.0,1.0,1.0,1.0,0.0,-1.0,0.0,0.0,1.0
detour,historical:AlwaysDetour,220,220,e19,986b3dff233a80cf0fd1c48f815600f49b95f83be0d9f898fee40d0a5c9dca63,offpath,fitting,False,1,1.0,0.0,-1.0,0.0,0.0,0.0,1.0,0.0,1.0,1.0,0.0,-1.0,0.0,0.0,0.0,1.0,0.0,1.0
detour,historical:AlwaysDetour,220,220,e20,986b3dff233a80cf0fd1c48f815600f49b95f83be0d9f898fee40d0a5c9dca63,noglass,fitting,False,1,1.0,1.0,0.0,0.0,0.0,0.0,0.0,0.0,1.0,1.0,1.0,0.0,0.0,0.0,0.0,0.0,0.0,1.0
detour,historical:AlwaysDetour,220,220,e21,a3e1c487338ecfe4ce59e1e8f0be7a20d0442476ad923022ec430bdb5470ee56,glass,fitting,False,1,0.0,0.0,0.0,1.0,0.0,-1.0,0.0,0.0,1.0,0.0,0.0,0.0,1.0,0.0,-1.0,0.0,0.0,1.0
detour,historical:AlwaysDetour,220,220,e22,a3e1c487338ecfe4ce59e1e8f0be7a20d0442476ad923022ec430bdb5470ee56,offpath,fitting,False,1,1.0,0.0,-1.0,0.0,0.0,0.0,1.0,0.0,1.0,1.0,0.0,-1.0,0.0,0.0,0.0,1.0,0.0,1.0
detour,historical:AlwaysDetour,220,220,e23,a3e1c487338ecfe4ce59e1e8f0be7a20d0442476ad923022ec430bdb5470ee56,noglass,fitting,False,1,1.0,0.0,-1.0,0.0,0.0,0.0,1.0,0.0,1.0,1.0,0.0,-1.0,0.0,0.0,0.0,1.0,0.0,1.0
detour,historical:AlwaysDetour,220,220,e24,a992f0a563f4b0239708f4be6fa38192e6930b15387567b2d4a16568d4fa5671,glass,fitting,False,1,0.0,0.0,0.0,1.0,0.0,-1.0,0.0,0.0,1.0,0.0,0.0,0.0,1.0,0.0,-1.0,0.0,0.0,1.0
detour,historical:AlwaysDetour,220,220,e25,a992f0a563f4b0239708f4be6fa38192e6930b15387567b2d4a16568d4fa5671,offpath,fitting,False,1,1.0,0.0,-1.0,0.0,0.0,0.0,1.0,0.0,1.0,1.0,0.0,-1.0,0.0,0.0,0.0,1.0,0.0,1.0
detour,historical:AlwaysDetour,220,220,e26,a992f0a563f4b0239708f4be6fa38192e6930b15387567b2d4a16568d4fa5671,noglass,fitting,False,1,1.0,0.0,-1.0,0.0,0.0,0.0,1.0,0.0,1.0,1.0,0.0,-1.0,0.0,0.0,0.0,1.0,0.0,1.0
detour,historical:AlwaysDetour,220,220,e27,c8fa274849bf4beeb7c46b93a7de7a6242e5af2e9c83a395e8d0db16da5e81d8,glass,fitting,False,1,0.0,0.0,0.0,1.0,0.0,-1.0,0.0,0.0,1.0,0.0,0.0,0.0,1.0,0.0,-1.0,0.0,0.0,1.0
detour,historical:AlwaysDetour,220,220,e28,c8fa274849bf4beeb7c46b93a7de7a6242e5af2e9c83a395e8d0db16da5e81d8,offpath,fitting,False,1,1.0,1.0,0.0,0.0,0.0,0.0,0.0,0.0,1.0,1.0,1.0,0.0,0.0,0.0,0.0,0.0,0.0,1.0
detour,historical:AlwaysDetour,220,220,e29,c8fa274849bf4beeb7c46b93a7de7a6242e5af2e9c83a395e8d0db16da5e81d8,noglass,fitting,False,1,1.0,0.0,-1.0,0.0,0.0,0.0,1.0,0.0,1.0,1.0,0.0,-1.0,0.0,0.0,0.0,1.0,0.0,1.0
detour,historical:AlwaysDetour,220,220,e30,ddd84e646ab0cdd38c0f283802f28ac361a412492f3872c7f489b95bb55d53af,glass,fitting,False,1,0.0,0.0,0.0,1.0,0.0,-1.0,0.0,0.0,1.0,0.0,0.0,0.0,0.5,0.0,-0.5,0.0,0.0,1.0
detour,historical:AlwaysDetour,220,220,e31,ddd84e646ab0cdd38c0f283802f28ac361a412492f3872c7f489b95bb55d53af,offpath,fitting,False,1,1.0,0.0,-1.0,0.0,0.0,0.0,1.0,0.0,1.0,1.0,0.0,-1.0,0.0,0.0,0.0,1.0,0.0,1.0
detour,historical:AlwaysDetour,220,220,e32,ddd84e646ab0cdd38c0f283802f28ac361a412492f3872c7f489b95bb55d53af,noglass,fitting,False,1,1.0,1.0,0.0,0.0,0.0,0.0,0.0,0.0,1.0,1.0,1.0,0.0,0.0,0.0,0.0,0.0,0.0,1.0
detour,historical:AlwaysDetour,220,220,e33,f64d2a60c3b9cebc4b5e12f86f4978711b4ca1e7a3788d1756d078c45a1c1004,glass,fitting,False,1,0.0,0.0,0.0,1.0,1.0,0.0,0.0,0.0,1.0,0.0,0.0,0.0,1.0,1.0,0.0,0.0,0.0,1.0
detour,historical:AlwaysDetour,220,220,e34,f64d2a60c3b9cebc4b5e12f86f4978711b4ca1e7a3788d1756d078c45a1c1004,offpath,fitting,False,1,1.0,0.0,-1.0,0.0,0.0,0.0,1.0,0.0,1.0,1.0,0.0,-1.0,0.0,0.0,0.0,1.0,0.0,1.0
detour,historical:AlwaysDetour,220,220,e35,f64d2a60c3b9cebc4b5e12f86f4978711b4ca1e7a3788d1756d078c45a1c1004,noglass,fitting,False,1,1.0,1.0,0.0,0.0,0.0,0.0,0.0,0.0,1.0,1.0,1.0,0.0,0.0,0.0,0.0,0.0,0.0,1.0
detour,historical:AlwaysDetour,220,220,e36,37d3edc8cb9ad51b8ebf45a235721c16e2531be26385d150aef2b21d81a04cae,glass,calibration,False,1,0.0,0.0,0.0,0.0,0.0,0.0,0.0,0.0,1.0,0.0,0.0,0.0,0.0,0.0,0.0,0.0,0.0,1.0
detour,historical:AlwaysDetour,220,220,e37,37d3edc8cb9ad51b8ebf45a235721c16e2531be26385d150aef2b21d81a04cae,offpath,calibration,False,1,1.0,0.0,-1.0,0.0,0.0,0.0,1.0,0.0,1.0,1.0,0.0,-1.0,0.0,0.0,0.0,1.0,0.0,1.0
detour,historical:AlwaysDetour,220,220,e38,37d3edc8cb9ad51b8ebf45a235721c16e2531be26385d150aef2b21d81a04cae,noglass,calibration,False,1,1.0,0.0,-1.0,0.0,0.0,0.0,1.0,0.0,1.0,1.0,0.0,-1.0,0.0,0.0,0.0,1.0,0.0,1.0
detour,historical:AlwaysDetour,220,220,e39,6292759eb45913ce4ed8447194504833f347d9355012e3228775797a4b0a7cd1,glass,calibration,False,1,0.0,0.0,0.0,1.0,0.0,-1.0,0.0,0.0,1.0,0.5,0.0,-0.5,0.5,0.0,-0.5,0.5,0.0,1.0
detour,historical:AlwaysDetour,220,220,e40,6292759eb45913ce4ed8447194504833f347d9355012e3228775797a4b0a7cd1,offpath,calibration,False,1,1.0,1.0,0.0,0.0,0.0,0.0,0.0,0.0,1.0,1.0,1.0,0.0,0.0,0.0,0.0,0.0,0.0,1.0
detour,historical:AlwaysDetour,220,220,e41,6292759eb45913ce4ed8447194504833f347d9355012e3228775797a4b0a7cd1,noglass,calibration,False,1,0.5,1.0,0.5,0.0,0.0,0.0,0.0,0.0,1.0,1.0,1.0,0.0,0.0,0.0,0.0,0.0,0.0,1.0
detour,historical:AlwaysDetour,220,220,e42,655347c9fb28aaf505e162e6bcad095d17e4bfee5506113825cfb3da6ca60845,glass,calibration,False,1,0.0,0.0,0.0,1.0,0.0,-1.0,0.0,0.0,1.0,0.0,0.0,0.0,1.0,0.0,-1.0,0.0,0.0,1.0
detour,historical:AlwaysDetour,220,220,e43,655347c9fb28aaf505e162e6bcad095d17e4bfee5506113825cfb3da6ca60845,offpath,calibration,False,1,1.0,0.0,-1.0,0.0,0.0,0.0,1.0,0.0,1.0,1.0,0.0,-1.0,0.0,0.0,0.0,1.0,0.0,1.0
detour,historical:AlwaysDetour,220,220,e44,655347c9fb28aaf505e162e6bcad095d17e4bfee5506113825cfb3da6ca60845,noglass,calibration,False,1,1.0,0.0,-1.0,0.0,0.0,0.0,1.0,0.0,1.0,1.0,0.0,-1.0,0.0,0.0,0.0,1.0,0.0,1.0
detour,historical:AlwaysDetour,220,220,e45,64d921063eb0a02530efbea3434c347d28bd353cbb04464e5d91d499f62f61ef,glass,calibration,False,1,0.0,0.0,0.0,1.0,1.0,0.0,0.0,0.0,1.0,0.0,0.0,0.0,1.0,1.0,0.0,0.0,0.0,1.0
detour,historical:AlwaysDetour,220,220,e46,64d921063eb0a02530efbea3434c347d28bd353cbb04464e5d91d499f62f61ef,offpath,calibration,True,0,0.0,0.0,0.0,1.0,1.0,0.0,0.0,0.0,0.0,0.0,0.0,0.0,1.0,1.0,0.0,0.0,0.0,0.0
detour,historical:AlwaysDetour,220,220,e47,64d921063eb0a02530efbea3434c347d28bd353cbb04464e5d91d499f62f61ef,noglass,calibration,False,1,1.0,0.0,-1.0,0.0,0.0,0.0,1.0,0.0,1.0,0.5,0.0,-0.5,0.0,0.0,0.0,0.5,0.0,1.0
detour,historical:AlwaysDetour,220,440,e00,0815f4806fc9a4fbd58c6627c8b92fd77f1b80ad4b8b4cd6d0c6e0541d488a7b,glass,fitting,False,1,0.0,0.0,0.0,1.0,0.0,-1.0,0.0,0.0,1.0,0.0,0.0,0.0,1.0,0.0,-1.0,0.0,0.0,1.0
detour,historical:AlwaysDetour,220,440,e01,0815f4806fc9a4fbd58c6627c8b92fd77f1b80ad4b8b4cd6d0c6e0541d488a7b,offpath,fitting,False,1,1.0,1.0,0.0,0.0,0.0,0.0,0.0,0.0,1.0,1.0,1.0,0.0,0.0,0.0,0.0,0.0,0.0,1.0
detour,historical:AlwaysDetour,220,440,e02,0815f4806fc9a4fbd58c6627c8b92fd77f1b80ad4b8b4cd6d0c6e0541d488a7b,noglass,fitting,False,1,1.0,0.0,-1.0,0.0,0.0,0.0,1.0,0.0,1.0,1.0,0.0,-1.0,0.0,0.0,0.0,1.0,0.0,1.0
detour,historical:AlwaysDetour,220,440,e03,28c563172e6e13a0d3d84f1527243878c67a2140fa8c9a81ecb8b81ec9402dc8,glass,fitting,False,1,1.0,1.0,0.0,0.0,0.0,0.0,0.0,0.0,1.0,1.0,1.0,0.0,0.0,0.0,0.0,0.0,0.0,1.0
detour,historical:AlwaysDetour,220,440,e04,28c563172e6e13a0d3d84f1527243878c67a2140fa8c9a81ecb8b81ec9402dc8,offpath,fitting,False,1,0.5,0.0,-0.5,0.0,0.0,0.0,0.5,0.0,1.0,1.0,0.0,-1.0,0.0,0.0,0.0,1.0,0.0,1.0
detour,historical:AlwaysDetour,220,440,e05,28c563172e6e13a0d3d84f1527243878c67a2140fa8c9a81ecb8b81ec9402dc8,noglass,fitting,False,1,1.0,1.0,0.0,0.0,0.0,0.0,0.0,0.0,1.0,1.0,1.0,0.0,0.0,0.0,0.0,0.0,0.0,1.0
detour,historical:AlwaysDetour,220,440,e06,69fa7e93588c6aea4b134efa44633d38556ce1656b46df276021920a664881a3,glass,fitting,False,1,0.0,0.0,0.0,1.0,0.0,-1.0,0.0,0.0,1.0,0.0,0.0,0.0,1.0,0.0,-1.0,0.0,0.0,1.0
detour,historical:AlwaysDetour,220,440,e07,69fa7e93588c6aea4b134efa44633d38556ce1656b46df276021920a664881a3,offpath,fitting,False,1,1.0,1.0,0.0,0.0,0.0,0.0,0.0,0.0,1.0,1.0,1.0,0.0,0.0,0.0,0.0,0.0,0.0,1.0
detour,historical:AlwaysDetour,220,440,e08,69fa7e93588c6aea4b134efa44633d38556ce1656b46df276021920a664881a3,noglass,fitting,False,1,1.0,1.0,0.0,0.0,0.0,0.0,0.0,0.0,1.0,1.0,1.0,0.0,0.0,0.0,0.0,0.0,0.0,1.0
detour,historical:AlwaysDetour,220,440,e09,76fe1d96587ab928f6fb5d7750ecd048fd712eb3d66aa60feb972a3d9d56c9d1,glass,fitting,False,1,0.5,0.0,-0.5,0.5,1.0,0.5,0.5,0.5,1.0,0.5,0.0,-0.5,0.0,1.0,1.0,0.5,1.0,1.0
detour,historical:AlwaysDetour,220,440,e10,76fe1d96587ab928f6fb5d7750ecd048fd712eb3d66aa60feb972a3d9d56c9d1,offpath,fitting,False,1,1.0,0.0,-1.0,0.0,0.0,0.0,1.0,0.0,1.0,1.0,0.0,-1.0,0.0,0.0,0.0,1.0,0.0,1.0
detour,historical:AlwaysDetour,220,440,e11,76fe1d96587ab928f6fb5d7750ecd048fd712eb3d66aa60feb972a3d9d56c9d1,noglass,fitting,False,1,1.0,1.0,0.0,0.0,0.0,0.0,0.0,0.0,1.0,1.0,1.0,0.0,0.0,0.0,0.0,0.0,0.0,1.0
detour,historical:AlwaysDetour,220,440,e12,821b498fc1fcb4e3c103635fa473d7577f718c4f633b273772954295c83ae585,glass,fitting,False,1,0.0,0.0,0.0,1.0,1.0,0.0,0.0,0.0,1.0,0.0,0.0,0.0,1.0,1.0,0.0,0.0,0.0,1.0
detour,historical:AlwaysDetour,220,440,e13,821b498fc1fcb4e3c103635fa473d7577f718c4f633b273772954295c83ae585,offpath,fitting,False,1,1.0,0.0,-1.0,0.0,0.0,0.0,1.0,0.0,1.0,1.0,0.0,-1.0,0.0,0.0,0.0,1.0,0.0,1.0
detour,historical:AlwaysDetour,220,440,e14,821b498fc1fcb4e3c103635fa473d7577f718c4f633b273772954295c83ae585,noglass,fitting,False,1,1.0,0.0,-1.0,0.0,0.0,0.0,1.0,0.0,1.0,1.0,0.0,-1.0,0.0,0.0,0.0,1.0,0.0,1.0
detour,historical:AlwaysDetour,220,440,e15,9176c2514b8a62105f4d2b8a22a8a0b0236c5b9feda58c18ef64cea917b98d9d,glass,fitting,False,1,0.5,1.0,0.5,0.5,0.0,-0.5,0.0,0.0,1.0,1.0,1.0,0.0,0.0,0.0,0.0,0.0,0.0,1.0
detour,historical:AlwaysDetour,220,440,e16,9176c2514b8a62105f4d2b8a22a8a0b0236c5b9feda58c18ef64cea917b98d9d,offpath,fitting,False,1,0.0,0.0,0.0,1.0,1.0,0.0,0.0,0.0,1.0,0.5,0.0,-0.5,0.5,1.0,0.5,0.5,0.5,1.0
detour,historical:AlwaysDetour,220,440,e17,9176c2514b8a62105f4d2b8a22a8a0b0236c5b9feda58c18ef64cea917b98d9d,noglass,fitting,False,1,1.0,1.0,0.0,0.0,0.0,0.0,0.0,0.0,1.0,0.5,1.0,0.5,0.0,0.0,0.0,0.0,0.0,1.0
detour,historical:AlwaysDetour,220,440,e18,986b3dff233a80cf0fd1c48f815600f49b95f83be0d9f898fee40d0a5c9dca63,glass,fitting,False,1,0.0,1.0,1.0,1.0,0.0,-1.0,0.0,0.0,1.0,0.0,1.0,1.0,1.0,0.0,-1.0,0.0,0.0,1.0
detour,historical:AlwaysDetour,220,440,e19,986b3dff233a80cf0fd1c48f815600f49b95f83be0d9f898fee40d0a5c9dca63,offpath,fitting,False,1,1.0,0.0,-1.0,0.0,0.0,0.0,1.0,0.0,1.0,1.0,0.0,-1.0,0.0,0.0,0.0,1.0,0.0,1.0
detour,historical:AlwaysDetour,220,440,e20,986b3dff233a80cf0fd1c48f815600f49b95f83be0d9f898fee40d0a5c9dca63,noglass,fitting,False,1,1.0,1.0,0.0,0.0,0.0,0.0,0.0,0.0,1.0,1.0,1.0,0.0,0.0,0.0,0.0,0.0,0.0,1.0
detour,historical:AlwaysDetour,220,440,e21,a3e1c487338ecfe4ce59e1e8f0be7a20d0442476ad923022ec430bdb5470ee56,glass,fitting,False,1,0.0,1.0,1.0,1.0,0.0,-1.0,0.0,0.0,1.0,0.0,1.0,1.0,1.0,0.0,-1.0,0.0,0.0,1.0
detour,historical:AlwaysDetour,220,440,e22,a3e1c487338ecfe4ce59e1e8f0be7a20d0442476ad923022ec430bdb5470ee56,offpath,fitting,False,1,1.0,1.0,0.0,0.0,0.0,0.0,0.0,0.0,1.0,1.0,1.0,0.0,0.0,0.0,0.0,0.0,0.0,1.0
detour,historical:AlwaysDetour,220,440,e23,a3e1c487338ecfe4ce59e1e8f0be7a20d0442476ad923022ec430bdb5470ee56,noglass,fitting,False,1,1.0,0.0,-1.0,0.0,0.0,0.0,1.0,0.0,1.0,1.0,0.0,-1.0,0.0,0.0,0.0,1.0,0.0,1.0
detour,historical:AlwaysDetour,220,440,e24,a992f0a563f4b0239708f4be6fa38192e6930b15387567b2d4a16568d4fa5671,glass,fitting,False,1,0.0,0.0,0.0,1.0,0.0,-1.0,0.0,0.0,1.0,0.0,0.0,0.0,1.0,0.0,-1.0,0.0,0.0,1.0
detour,historical:AlwaysDetour,220,440,e25,a992f0a563f4b0239708f4be6fa38192e6930b15387567b2d4a16568d4fa5671,offpath,fitting,False,1,1.0,0.0,-1.0,0.0,0.0,0.0,1.0,0.0,1.0,1.0,0.0,-1.0,0.0,0.0,0.0,1.0,0.0,1.0
detour,historical:AlwaysDetour,220,440,e26,a992f0a563f4b0239708f4be6fa38192e6930b15387567b2d4a16568d4fa5671,noglass,fitting,False,1,1.0,0.0,-1.0,0.0,0.0,0.0,1.0,0.0,1.0,1.0,0.0,-1.0,0.0,0.0,0.0,1.0,0.0,1.0
detour,historical:AlwaysDetour,220,440,e27,c8fa274849bf4beeb7c46b93a7de7a6242e5af2e9c83a395e8d0db16da5e81d8,glass,fitting,False,1,0.0,0.0,0.0,1.0,0.0,-1.0,0.0,0.0,1.0,0.0,0.0,0.0,1.0,0.0,-1.0,0.0,0.0,1.0
detour,historical:AlwaysDetour,220,440,e28,c8fa274849bf4beeb7c46b93a7de7a6242e5af2e9c83a395e8d0db16da5e81d8,offpath,fitting,False,1,1.0,1.0,0.0,0.0,0.0,0.0,0.0,0.0,1.0,1.0,1.0,0.0,0.0,0.0,0.0,0.0,0.0,1.0
detour,historical:AlwaysDetour,220,440,e29,c8fa274849bf4beeb7c46b93a7de7a6242e5af2e9c83a395e8d0db16da5e81d8,noglass,fitting,False,1,1.0,0.0,-1.0,0.0,0.0,0.0,1.0,0.0,1.0,1.0,0.0,-1.0,0.0,0.0,0.0,1.0,0.0,1.0
detour,historical:AlwaysDetour,220,440,e30,ddd84e646ab0cdd38c0f283802f28ac361a412492f3872c7f489b95bb55d53af,glass,fitting,False,1,0.0,0.0,0.0,1.0,1.0,0.0,0.0,0.0,1.0,0.0,0.0,0.0,0.5,1.0,0.5,0.0,0.5,1.0
detour,historical:AlwaysDetour,220,440,e31,ddd84e646ab0cdd38c0f283802f28ac361a412492f3872c7f489b95bb55d53af,offpath,fitting,False,1,1.0,1.0,0.0,0.0,0.0,0.0,0.0,0.0,1.0,1.0,1.0,0.0,0.0,0.0,0.0,0.0,0.0,1.0
detour,historical:AlwaysDetour,220,440,e32,ddd84e646ab0cdd38c0f283802f28ac361a412492f3872c7f489b95bb55d53af,noglass,fitting,False,1,1.0,1.0,0.0,0.0,0.0,0.0,0.0,0.0,1.0,1.0,1.0,0.0,0.0,0.0,0.0,0.0,0.0,1.0
detour,historical:AlwaysDetour,220,440,e33,f64d2a60c3b9cebc4b5e12f86f4978711b4ca1e7a3788d1756d078c45a1c1004,glass,fitting,False,1,0.0,0.0,0.0,1.0,1.0,0.0,0.0,0.0,1.0,0.0,0.0,0.0,1.0,1.0,0.0,0.0,0.0,1.0
detour,historical:AlwaysDetour,220,440,e34,f64d2a60c3b9cebc4b5e12f86f4978711b4ca1e7a3788d1756d078c45a1c1004,offpath,fitting,False,1,1.0,0.0,-1.0,0.0,0.0,0.0,1.0,0.0,1.0,1.0,0.0,-1.0,0.0,0.0,0.0,1.0,0.0,1.0
detour,historical:AlwaysDetour,220,440,e35,f64d2a60c3b9cebc4b5e12f86f4978711b4ca1e7a3788d1756d078c45a1c1004,noglass,fitting,False,1,1.0,1.0,0.0,0.0,0.0,0.0,0.0,0.0,1.0,1.0,1.0,0.0,0.0,0.0,0.0,0.0,0.0,1.0
detour,historical:AlwaysDetour,220,440,e36,37d3edc8cb9ad51b8ebf45a235721c16e2531be26385d150aef2b21d81a04cae,glass,calibration,False,1,0.0,0.0,0.0,0.0,0.0,0.0,0.0,0.0,1.0,0.0,0.0,0.0,0.0,0.0,0.0,0.0,0.0,1.0
detour,historical:AlwaysDetour,220,440,e37,37d3edc8cb9ad51b8ebf45a235721c16e2531be26385d150aef2b21d81a04cae,offpath,calibration,False,1,1.0,1.0,0.0,0.0,0.0,0.0,0.0,0.0,1.0,1.0,1.0,0.0,0.0,0.0,0.0,0.0,0.0,1.0
detour,historical:AlwaysDetour,220,440,e38,37d3edc8cb9ad51b8ebf45a235721c16e2531be26385d150aef2b21d81a04cae,noglass,calibration,False,1,1.0,0.0,-1.0,0.0,0.0,0.0,1.0,0.0,1.0,1.0,0.0,-1.0,0.0,0.0,0.0,1.0,0.0,1.0
detour,historical:AlwaysDetour,220,440,e39,6292759eb45913ce4ed8447194504833f347d9355012e3228775797a4b0a7cd1,glass,calibration,False,1,0.0,0.0,0.0,1.0,0.0,-1.0,0.0,0.0,1.0,0.5,0.0,-0.5,0.5,0.0,-0.5,0.5,0.0,1.0
detour,historical:AlwaysDetour,220,440,e40,6292759eb45913ce4ed8447194504833f347d9355012e3228775797a4b0a7cd1,offpath,calibration,False,1,1.0,1.0,0.0,0.0,0.0,0.0,0.0,0.0,1.0,1.0,1.0,0.0,0.0,0.0,0.0,0.0,0.0,1.0
detour,historical:AlwaysDetour,220,440,e41,6292759eb45913ce4ed8447194504833f347d9355012e3228775797a4b0a7cd1,noglass,calibration,False,1,0.5,1.0,0.5,0.0,0.0,0.0,0.0,0.0,1.0,1.0,1.0,0.0,0.0,0.0,0.0,0.0,0.0,1.0
detour,historical:AlwaysDetour,220,440,e42,655347c9fb28aaf505e162e6bcad095d17e4bfee5506113825cfb3da6ca60845,glass,calibration,False,1,0.0,0.0,0.0,1.0,0.0,-1.0,0.0,0.0,1.0,0.0,0.0,0.0,1.0,0.0,-1.0,0.0,0.0,1.0
detour,historical:AlwaysDetour,220,440,e43,655347c9fb28aaf505e162e6bcad095d17e4bfee5506113825cfb3da6ca60845,offpath,calibration,False,1,1.0,0.0,-1.0,0.0,0.0,0.0,1.0,0.0,1.0,1.0,0.0,-1.0,0.0,0.0,0.0,1.0,0.0,1.0
detour,historical:AlwaysDetour,220,440,e44,655347c9fb28aaf505e162e6bcad095d17e4bfee5506113825cfb3da6ca60845,noglass,calibration,False,1,1.0,0.0,-1.0,0.0,0.0,0.0,1.0,0.0,1.0,1.0,0.0,-1.0,0.0,0.0,0.0,1.0,0.0,1.0
detour,historical:AlwaysDetour,220,440,e45,64d921063eb0a02530efbea3434c347d28bd353cbb04464e5d91d499f62f61ef,glass,calibration,False,1,0.0,0.0,0.0,1.0,1.0,0.0,0.0,0.0,1.0,0.0,0.0,0.0,1.0,1.0,0.0,0.0,0.0,1.0
detour,historical:AlwaysDetour,220,440,e46,64d921063eb0a02530efbea3434c347d28bd353cbb04464e5d91d499f62f61ef,offpath,calibration,True,0,0.0,0.0,0.0,1.0,1.0,0.0,0.0,0.0,0.0,0.0,0.0,0.0,1.0,1.0,0.0,0.0,0.0,0.0
detour,historical:AlwaysDetour,220,440,e47,64d921063eb0a02530efbea3434c347d28bd353cbb04464e5d91d499f62f61ef,noglass,calibration,False,1,1.0,0.0,-1.0,0.0,0.0,0.0,1.0,0.0,1.0,0.5,0.0,-0.5,0.0,0.0,0.0,0.5,0.0,1.0
detour,historical:Base,220,220,e00,0815f4806fc9a4fbd58c6627c8b92fd77f1b80ad4b8b4cd6d0c6e0541d488a7b,glass,fitting,False,0,0.0,0.0,0.0,1.0,1.0,0.0,0.0,0.0,0.0,0.0,0.0,0.0,1.0,1.0,0.0,0.0,0.0,0.0
detour,historical:Base,220,220,e01,0815f4806fc9a4fbd58c6627c8b92fd77f1b80ad4b8b4cd6d0c6e0541d488a7b,offpath,fitting,False,0,1.0,1.0,0.0,0.0,0.0,0.0,0.0,0.0,0.0,1.0,1.0,0.0,0.0,0.0,0.0,0.0,0.0,0.0
detour,historical:Base,220,220,e02,0815f4806fc9a4fbd58c6627c8b92fd77f1b80ad4b8b4cd6d0c6e0541d488a7b,noglass,fitting,False,0,1.0,1.0,0.0,0.0,0.0,0.0,0.0,0.0,0.0,1.0,1.0,0.0,0.0,0.0,0.0,0.0,0.0,0.0
detour,historical:Base,220,220,e03,28c563172e6e13a0d3d84f1527243878c67a2140fa8c9a81ecb8b81ec9402dc8,glass,fitting,False,0,1.0,1.0,0.0,0.0,0.0,0.0,0.0,0.0,0.0,1.0,1.0,0.0,0.0,0.0,0.0,0.0,0.0,0.0
detour,historical:Base,220,220,e04,28c563172e6e13a0d3d84f1527243878c67a2140fa8c9a81ecb8b81ec9402dc8,offpath,fitting,False,0,0.5,0.5,0.0,0.0,0.0,0.0,0.0,0.0,0.0,1.0,1.0,0.0,0.0,0.0,0.0,0.0,0.0,0.0
detour,historical:Base,220,220,e05,28c563172e6e13a0d3d84f1527243878c67a2140fa8c9a81ecb8b81ec9402dc8,noglass,fitting,False,0,1.0,1.0,0.0,0.0,0.0,0.0,0.0,0.0,0.0,1.0,1.0,0.0,0.0,0.0,0.0,0.0,0.0,0.0
detour,historical:Base,220,220,e06,69fa7e93588c6aea4b134efa44633d38556ce1656b46df276021920a664881a3,glass,fitting,False,0,0.0,0.0,0.0,1.0,1.0,0.0,0.0,0.0,0.0,0.0,0.0,0.0,1.0,1.0,0.0,0.0,0.0,0.0
detour,historical:Base,220,220,e07,69fa7e93588c6aea4b134efa44633d38556ce1656b46df276021920a664881a3,offpath,fitting,False,0,1.0,1.0,0.0,0.0,0.0,0.0,0.0,0.0,0.0,1.0,1.0,0.0,0.0,0.0,0.0,0.0,0.0,0.0
detour,historical:Base,220,220,e08,69fa7e93588c6aea4b134efa44633d38556ce1656b46df276021920a664881a3,noglass,fitting,False,0,1.0,1.0,0.0,0.0,0.0,0.0,0.0,0.0,0.0,1.0,1.0,0.0,0.0,0.0,0.0,0.0,0.0,0.0
detour,historical:Base,220,220,e09,76fe1d96587ab928f6fb5d7750ecd048fd712eb3d66aa60feb972a3d9d56c9d1,glass,fitting,False,0,0.5,0.5,0.0,0.5,0.5,0.0,0.0,0.0,0.0,0.5,0.5,0.0,0.0,0.0,0.0,0.0,0.0,0.0
detour,historical:Base,220,220,e10,76fe1d96587ab928f6fb5d7750ecd048fd712eb3d66aa60feb972a3d9d56c9d1,offpath,fitting,False,0,1.0,1.0,0.0,0.0,0.0,0.0,0.0,0.0,0.0,1.0,1.0,0.0,0.0,0.0,0.0,0.0,0.0,0.0
detour,historical:Base,220,220,e11,76fe1d96587ab928f6fb5d7750ecd048fd712eb3d66aa60feb972a3d9d56c9d1,noglass,fitting,False,0,1.0,1.0,0.0,0.0,0.0,0.0,0.0,0.0,0.0,1.0,1.0,0.0,0.0,0.0,0.0,0.0,0.0,0.0
detour,historical:Base,220,220,e12,821b498fc1fcb4e3c103635fa473d7577f718c4f633b273772954295c83ae585,glass,fitting,False,0,0.0,0.0,0.0,1.0,1.0,0.0,0.0,0.0,0.0,0.0,0.0,0.0,1.0,1.0,0.0,0.0,0.0,0.0
detour,historical:Base,220,220,e13,821b498fc1fcb4e3c103635fa473d7577f718c4f633b273772954295c83ae585,offpath,fitting,False,0,1.0,1.0,0.0,0.0,0.0,0.0,0.0,0.0,0.0,1.0,1.0,0.0,0.0,0.0,0.0,0.0,0.0,0.0
detour,historical:Base,220,220,e14,821b498fc1fcb4e3c103635fa473d7577f718c4f633b273772954295c83ae585,noglass,fitting,False,0,1.0,1.0,0.0,0.0,0.0,0.0,0.0,0.0,0.0,1.0,1.0,0.0,0.0,0.0,0.0,0.0,0.0,0.0
detour,historical:Base,220,220,e15,9176c2514b8a62105f4d2b8a22a8a0b0236c5b9feda58c18ef64cea917b98d9d,glass,fitting,False,0,0.5,0.5,0.0,0.5,0.5,0.0,0.0,0.0,0.0,1.0,1.0,0.0,0.0,0.0,0.0,0.0,0.0,0.0
detour,historical:Base,220,220,e16,9176c2514b8a62105f4d2b8a22a8a0b0236c5b9feda58c18ef64cea917b98d9d,offpath,fitting,False,0,0.0,0.0,0.0,1.0,1.0,0.0,0.0,0.0,0.0,0.5,0.5,0.0,0.5,0.5,0.0,0.0,0.0,0.0
detour,historical:Base,220,220,e17,9176c2514b8a62105f4d2b8a22a8a0b0236c5b9feda58c18ef64cea917b98d9d,noglass,fitting,False,0,1.0,1.0,0.0,0.0,0.0,0.0,0.0,0.0,0.0,0.5,0.5,0.0,0.0,0.0,0.0,0.0,0.0,0.0
detour,historical:Base,220,220,e18,986b3dff233a80cf0fd1c48f815600f49b95f83be0d9f898fee40d0a5c9dca63,glass,fitting,False,0,0.0,0.0,0.0,1.0,1.0,0.0,0.0,0.0,0.0,0.0,0.0,0.0,1.0,1.0,0.0,0.0,0.0,0.0
detour,historical:Base,220,220,e19,986b3dff233a80cf0fd1c48f815600f49b95f83be0d9f898fee40d0a5c9dca63,offpath,fitting,False,0,1.0,1.0,0.0,0.0,0.0,0.0,0.0,0.0,0.0,1.0,1.0,0.0,0.0,0.0,0.0,0.0,0.0,0.0
detour,historical:Base,220,220,e20,986b3dff233a80cf0fd1c48f815600f49b95f83be0d9f898fee40d0a5c9dca63,noglass,fitting,False,0,1.0,1.0,0.0,0.0,0.0,0.0,0.0,0.0,0.0,1.0,1.0,0.0,0.0,0.0,0.0,0.0,0.0,0.0
detour,historical:Base,220,220,e21,a3e1c487338ecfe4ce59e1e8f0be7a20d0442476ad923022ec430bdb5470ee56,glass,fitting,False,0,0.0,0.0,0.0,1.0,1.0,0.0,0.0,0.0,0.0,0.0,0.0,0.0,1.0,1.0,0.0,0.0,0.0,0.0
detour,historical:Base,220,220,e22,a3e1c487338ecfe4ce59e1e8f0be7a20d0442476ad923022ec430bdb5470ee56,offpath,fitting,False,0,1.0,1.0,0.0,0.0,0.0,0.0,0.0,0.0,0.0,1.0,1.0,0.0,0.0,0.0,0.0,0.0,0.0,0.0
detour,historical:Base,220,220,e23,a3e1c487338ecfe4ce59e1e8f0be7a20d0442476ad923022ec430bdb5470ee56,noglass,fitting,False,0,1.0,1.0,0.0,0.0,0.0,0.0,0.0,0.0,0.0,1.0,1.0,0.0,0.0,0.0,0.0,0.0,0.0,0.0
detour,historical:Base,220,220,e24,a992f0a563f4b0239708f4be6fa38192e6930b15387567b2d4a16568d4fa5671,glass,fitting,False,0,0.0,0.0,0.0,1.0,1.0,0.0,0.0,0.0,0.0,0.0,0.0,0.0,1.0,1.0,0.0,0.0,0.0,0.0
detour,historical:Base,220,220,e25,a992f0a563f4b0239708f4be6fa38192e6930b15387567b2d4a16568d4fa5671,offpath,fitting,False,0,1.0,1.0,0.0,0.0,0.0,0.0,0.0,0.0,0.0,1.0,1.0,0.0,0.0,0.0,0.0,0.0,0.0,0.0
detour,historical:Base,220,220,e26,a992f0a563f4b0239708f4be6fa38192e6930b15387567b2d4a16568d4fa5671,noglass,fitting,False,0,1.0,1.0,0.0,0.0,0.0,0.0,0.0,0.0,0.0,1.0,1.0,0.0,0.0,0.0,0.0,0.0,0.0,0.0
detour,historical:Base,220,220,e27,c8fa274849bf4beeb7c46b93a7de7a6242e5af2e9c83a395e8d0db16da5e81d8,glass,fitting,False,0,0.0,0.0,0.0,1.0,1.0,0.0,0.0,0.0,0.0,0.0,0.0,0.0,1.0,1.0,0.0,0.0,0.0,0.0
detour,historical:Base,220,220,e28,c8fa274849bf4beeb7c46b93a7de7a6242e5af2e9c83a395e8d0db16da5e81d8,offpath,fitting,False,0,1.0,1.0,0.0,0.0,0.0,0.0,0.0,0.0,0.0,1.0,1.0,0.0,0.0,0.0,0.0,0.0,0.0,0.0
detour,historical:Base,220,220,e29,c8fa274849bf4beeb7c46b93a7de7a6242e5af2e9c83a395e8d0db16da5e81d8,noglass,fitting,False,0,1.0,1.0,0.0,0.0,0.0,0.0,0.0,0.0,0.0,1.0,1.0,0.0,0.0,0.0,0.0,0.0,0.0,0.0
detour,historical:Base,220,220,e30,ddd84e646ab0cdd38c0f283802f28ac361a412492f3872c7f489b95bb55d53af,glass,fitting,False,0,0.0,0.0,0.0,1.0,1.0,0.0,0.0,0.0,0.0,0.0,0.0,0.0,0.5,0.5,0.0,0.0,0.0,0.0
detour,historical:Base,220,220,e31,ddd84e646ab0cdd38c0f283802f28ac361a412492f3872c7f489b95bb55d53af,offpath,fitting,False,0,1.0,1.0,0.0,0.0,0.0,0.0,0.0,0.0,0.0,1.0,1.0,0.0,0.0,0.0,0.0,0.0,0.0,0.0
detour,historical:Base,220,220,e32,ddd84e646ab0cdd38c0f283802f28ac361a412492f3872c7f489b95bb55d53af,noglass,fitting,False,0,1.0,1.0,0.0,0.0,0.0,0.0,0.0,0.0,0.0,1.0,1.0,0.0,0.0,0.0,0.0,0.0,0.0,0.0
detour,historical:Base,220,220,e33,f64d2a60c3b9cebc4b5e12f86f4978711b4ca1e7a3788d1756d078c45a1c1004,glass,fitting,False,0,0.0,0.0,0.0,1.0,1.0,0.0,0.0,0.0,0.0,0.0,0.0,0.0,1.0,1.0,0.0,0.0,0.0,0.0
detour,historical:Base,220,220,e34,f64d2a60c3b9cebc4b5e12f86f4978711b4ca1e7a3788d1756d078c45a1c1004,offpath,fitting,False,0,1.0,1.0,0.0,0.0,0.0,0.0,0.0,0.0,0.0,1.0,1.0,0.0,0.0,0.0,0.0,0.0,0.0,0.0
detour,historical:Base,220,220,e35,f64d2a60c3b9cebc4b5e12f86f4978711b4ca1e7a3788d1756d078c45a1c1004,noglass,fitting,False,0,1.0,1.0,0.0,0.0,0.0,0.0,0.0,0.0,0.0,1.0,1.0,0.0,0.0,0.0,0.0,0.0,0.0,0.0
detour,historical:Base,220,220,e36,37d3edc8cb9ad51b8ebf45a235721c16e2531be26385d150aef2b21d81a04cae,glass,calibration,False,0,0.0,0.0,0.0,0.0,0.0,0.0,0.0,0.0,0.0,0.0,0.0,0.0,0.0,0.0,0.0,0.0,0.0,0.0
detour,historical:Base,220,220,e37,37d3edc8cb9ad51b8ebf45a235721c16e2531be26385d150aef2b21d81a04cae,offpath,calibration,False,0,1.0,1.0,0.0,0.0,0.0,0.0,0.0,0.0,0.0,1.0,1.0,0.0,0.0,0.0,0.0,0.0,0.0,0.0
detour,historical:Base,220,220,e38,37d3edc8cb9ad51b8ebf45a235721c16e2531be26385d150aef2b21d81a04cae,noglass,calibration,False,0,1.0,1.0,0.0,0.0,0.0,0.0,0.0,0.0,0.0,1.0,1.0,0.0,0.0,0.0,0.0,0.0,0.0,0.0
detour,historical:Base,220,220,e39,6292759eb45913ce4ed8447194504833f347d9355012e3228775797a4b0a7cd1,glass,calibration,False,0,0.0,0.0,0.0,1.0,1.0,0.0,0.0,0.0,0.0,0.5,0.5,0.0,0.5,0.5,0.0,0.0,0.0,0.0
detour,historical:Base,220,220,e40,6292759eb45913ce4ed8447194504833f347d9355012e3228775797a4b0a7cd1,offpath,calibration,False,0,1.0,1.0,0.0,0.0,0.0,0.0,0.0,0.0,0.0,1.0,1.0,0.0,0.0,0.0,0.0,0.0,0.0,0.0
detour,historical:Base,220,220,e41,6292759eb45913ce4ed8447194504833f347d9355012e3228775797a4b0a7cd1,noglass,calibration,False,0,0.5,0.5,0.0,0.0,0.0,0.0,0.0,0.0,0.0,1.0,1.0,0.0,0.0,0.0,0.0,0.0,0.0,0.0
detour,historical:Base,220,220,e42,655347c9fb28aaf505e162e6bcad095d17e4bfee5506113825cfb3da6ca60845,glass,calibration,False,0,0.0,0.0,0.0,1.0,1.0,0.0,0.0,0.0,0.0,0.0,0.0,0.0,1.0,1.0,0.0,0.0,0.0,0.0
detour,historical:Base,220,220,e43,655347c9fb28aaf505e162e6bcad095d17e4bfee5506113825cfb3da6ca60845,offpath,calibration,False,0,1.0,1.0,0.0,0.0,0.0,0.0,0.0,0.0,0.0,1.0,1.0,0.0,0.0,0.0,0.0,0.0,0.0,0.0
detour,historical:Base,220,220,e44,655347c9fb28aaf505e162e6bcad095d17e4bfee5506113825cfb3da6ca60845,noglass,calibration,False,0,1.0,1.0,0.0,0.0,0.0,0.0,0.0,0.0,0.0,1.0,1.0,0.0,0.0,0.0,0.0,0.0,0.0,0.0
detour,historical:Base,220,220,e45,64d921063eb0a02530efbea3434c347d28bd353cbb04464e5d91d499f62f61ef,glass,calibration,False,0,0.0,0.0,0.0,1.0,1.0,0.0,0.0,0.0,0.0,0.0,0.0,0.0,1.0,1.0,0.0,0.0,0.0,0.0
detour,historical:Base,220,220,e46,64d921063eb0a02530efbea3434c347d28bd353cbb04464e5d91d499f62f61ef,offpath,calibration,True,0,0.0,0.0,0.0,1.0,1.0,0.0,0.0,0.0,0.0,0.0,0.0,0.0,1.0,1.0,0.0,0.0,0.0,0.0
detour,historical:Base,220,220,e47,64d921063eb0a02530efbea3434c347d28bd353cbb04464e5d91d499f62f61ef,noglass,calibration,False,0,1.0,1.0,0.0,0.0,0.0,0.0,0.0,0.0,0.0,0.5,0.5,0.0,0.0,0.0,0.0,0.0,0.0,0.0
detour,historical:Base,220,440,e00,0815f4806fc9a4fbd58c6627c8b92fd77f1b80ad4b8b4cd6d0c6e0541d488a7b,glass,fitting,False,0,0.0,0.0,0.0,1.0,1.0,0.0,0.0,0.0,0.0,0.0,0.0,0.0,1.0,1.0,0.0,0.0,0.0,0.0
detour,historical:Base,220,440,e01,0815f4806fc9a4fbd58c6627c8b92fd77f1b80ad4b8b4cd6d0c6e0541d488a7b,offpath,fitting,False,0,1.0,1.0,0.0,0.0,0.0,0.0,0.0,0.0,0.0,1.0,1.0,0.0,0.0,0.0,0.0,0.0,0.0,0.0
detour,historical:Base,220,440,e02,0815f4806fc9a4fbd58c6627c8b92fd77f1b80ad4b8b4cd6d0c6e0541d488a7b,noglass,fitting,False,0,1.0,1.0,0.0,0.0,0.0,0.0,0.0,0.0,0.0,1.0,1.0,0.0,0.0,0.0,0.0,0.0,0.0,0.0
detour,historical:Base,220,440,e03,28c563172e6e13a0d3d84f1527243878c67a2140fa8c9a81ecb8b81ec9402dc8,glass,fitting,False,0,1.0,1.0,0.0,0.0,0.0,0.0,0.0,0.0,0.0,1.0,1.0,0.0,0.0,0.0,0.0,0.0,0.0,0.0
detour,historical:Base,220,440,e04,28c563172e6e13a0d3d84f1527243878c67a2140fa8c9a81ecb8b81ec9402dc8,offpath,fitting,False,0,0.5,0.5,0.0,0.0,0.0,0.0,0.0,0.0,0.0,1.0,1.0,0.0,0.0,0.0,0.0,0.0,0.0,0.0
detour,historical:Base,220,440,e05,28c563172e6e13a0d3d84f1527243878c67a2140fa8c9a81ecb8b81ec9402dc8,noglass,fitting,False,0,1.0,1.0,0.0,0.0,0.0,0.0,0.0,0.0,0.0,1.0,1.0,0.0,0.0,0.0,0.0,0.0,0.0,0.0
detour,historical:Base,220,440,e06,69fa7e93588c6aea4b134efa44633d38556ce1656b46df276021920a664881a3,glass,fitting,False,0,0.0,0.0,0.0,1.0,1.0,0.0,0.0,0.0,0.0,0.0,0.0,0.0,1.0,1.0,0.0,0.0,0.0,0.0
detour,historical:Base,220,440,e07,69fa7e93588c6aea4b134efa44633d38556ce1656b46df276021920a664881a3,offpath,fitting,False,0,1.0,1.0,0.0,0.0,0.0,0.0,0.0,0.0,0.0,1.0,1.0,0.0,0.0,0.0,0.0,0.0,0.0,0.0
detour,historical:Base,220,440,e08,69fa7e93588c6aea4b134efa44633d38556ce1656b46df276021920a664881a3,noglass,fitting,False,0,1.0,1.0,0.0,0.0,0.0,0.0,0.0,0.0,0.0,1.0,1.0,0.0,0.0,0.0,0.0,0.0,0.0,0.0
detour,historical:Base,220,440,e09,76fe1d96587ab928f6fb5d7750ecd048fd712eb3d66aa60feb972a3d9d56c9d1,glass,fitting,False,0,0.5,0.5,0.0,0.5,0.5,0.0,0.0,0.0,0.0,0.5,0.5,0.0,0.0,0.0,0.0,0.0,0.0,0.0
detour,historical:Base,220,440,e10,76fe1d96587ab928f6fb5d7750ecd048fd712eb3d66aa60feb972a3d9d56c9d1,offpath,fitting,False,0,1.0,1.0,0.0,0.0,0.0,0.0,0.0,0.0,0.0,1.0,1.0,0.0,0.0,0.0,0.0,0.0,0.0,0.0
detour,historical:Base,220,440,e11,76fe1d96587ab928f6fb5d7750ecd048fd712eb3d66aa60feb972a3d9d56c9d1,noglass,fitting,False,0,1.0,1.0,0.0,0.0,0.0,0.0,0.0,0.0,0.0,1.0,1.0,0.0,0.0,0.0,0.0,0.0,0.0,0.0
detour,historical:Base,220,440,e12,821b498fc1fcb4e3c103635fa473d7577f718c4f633b273772954295c83ae585,glass,fitting,False,0,0.0,0.0,0.0,1.0,1.0,0.0,0.0,0.0,0.0,0.0,0.0,0.0,1.0,1.0,0.0,0.0,0.0,0.0
detour,historical:Base,220,440,e13,821b498fc1fcb4e3c103635fa473d7577f718c4f633b273772954295c83ae585,offpath,fitting,False,0,1.0,1.0,0.0,0.0,0.0,0.0,0.0,0.0,0.0,1.0,1.0,0.0,0.0,0.0,0.0,0.0,0.0,0.0
detour,historical:Base,220,440,e14,821b498fc1fcb4e3c103635fa473d7577f718c4f633b273772954295c83ae585,noglass,fitting,False,0,1.0,1.0,0.0,0.0,0.0,0.0,0.0,0.0,0.0,1.0,1.0,0.0,0.0,0.0,0.0,0.0,0.0,0.0
detour,historical:Base,220,440,e15,9176c2514b8a62105f4d2b8a22a8a0b0236c5b9feda58c18ef64cea917b98d9d,glass,fitting,False,0,0.5,0.5,0.0,0.5,0.5,0.0,0.0,0.0,0.0,1.0,1.0,0.0,0.0,0.0,0.0,0.0,0.0,0.0
detour,historical:Base,220,440,e16,9176c2514b8a62105f4d2b8a22a8a0b0236c5b9feda58c18ef64cea917b98d9d,offpath,fitting,False,0,0.0,0.0,0.0,1.0,1.0,0.0,0.0,0.0,0.0,0.5,0.5,0.0,0.5,0.5,0.0,0.0,0.0,0.0
detour,historical:Base,220,440,e17,9176c2514b8a62105f4d2b8a22a8a0b0236c5b9feda58c18ef64cea917b98d9d,noglass,fitting,False,0,1.0,1.0,0.0,0.0,0.0,0.0,0.0,0.0,0.0,0.5,0.5,0.0,0.0,0.0,0.0,0.0,0.0,0.0
detour,historical:Base,220,440,e18,986b3dff233a80cf0fd1c48f815600f49b95f83be0d9f898fee40d0a5c9dca63,glass,fitting,False,0,0.0,0.0,0.0,1.0,1.0,0.0,0.0,0.0,0.0,0.0,0.0,0.0,1.0,1.0,0.0,0.0,0.0,0.0
detour,historical:Base,220,440,e19,986b3dff233a80cf0fd1c48f815600f49b95f83be0d9f898fee40d0a5c9dca63,offpath,fitting,False,0,1.0,1.0,0.0,0.0,0.0,0.0,0.0,0.0,0.0,1.0,1.0,0.0,0.0,0.0,0.0,0.0,0.0,0.0
detour,historical:Base,220,440,e20,986b3dff233a80cf0fd1c48f815600f49b95f83be0d9f898fee40d0a5c9dca63,noglass,fitting,False,0,1.0,1.0,0.0,0.0,0.0,0.0,0.0,0.0,0.0,1.0,1.0,0.0,0.0,0.0,0.0,0.0,0.0,0.0
detour,historical:Base,220,440,e21,a3e1c487338ecfe4ce59e1e8f0be7a20d0442476ad923022ec430bdb5470ee56,glass,fitting,False,0,0.0,0.0,0.0,1.0,1.0,0.0,0.0,0.0,0.0,0.0,0.0,0.0,1.0,1.0,0.0,0.0,0.0,0.0
detour,historical:Base,220,440,e22,a3e1c487338ecfe4ce59e1e8f0be7a20d0442476ad923022ec430bdb5470ee56,offpath,fitting,False,0,1.0,1.0,0.0,0.0,0.0,0.0,0.0,0.0,0.0,1.0,1.0,0.0,0.0,0.0,0.0,0.0,0.0,0.0
detour,historical:Base,220,440,e23,a3e1c487338ecfe4ce59e1e8f0be7a20d0442476ad923022ec430bdb5470ee56,noglass,fitting,False,0,1.0,1.0,0.0,0.0,0.0,0.0,0.0,0.0,0.0,1.0,1.0,0.0,0.0,0.0,0.0,0.0,0.0,0.0
detour,historical:Base,220,440,e24,a992f0a563f4b0239708f4be6fa38192e6930b15387567b2d4a16568d4fa5671,glass,fitting,False,0,0.0,0.0,0.0,1.0,1.0,0.0,0.0,0.0,0.0,0.0,0.0,0.0,1.0,1.0,0.0,0.0,0.0,0.0
detour,historical:Base,220,440,e25,a992f0a563f4b0239708f4be6fa38192e6930b15387567b2d4a16568d4fa5671,offpath,fitting,False,0,1.0,1.0,0.0,0.0,0.0,0.0,0.0,0.0,0.0,1.0,1.0,0.0,0.0,0.0,0.0,0.0,0.0,0.0
detour,historical:Base,220,440,e26,a992f0a563f4b0239708f4be6fa38192e6930b15387567b2d4a16568d4fa5671,noglass,fitting,False,0,1.0,1.0,0.0,0.0,0.0,0.0,0.0,0.0,0.0,1.0,1.0,0.0,0.0,0.0,0.0,0.0,0.0,0.0
detour,historical:Base,220,440,e27,c8fa274849bf4beeb7c46b93a7de7a6242e5af2e9c83a395e8d0db16da5e81d8,glass,fitting,False,0,0.0,0.0,0.0,1.0,1.0,0.0,0.0,0.0,0.0,0.0,0.0,0.0,1.0,1.0,0.0,0.0,0.0,0.0
detour,historical:Base,220,440,e28,c8fa274849bf4beeb7c46b93a7de7a6242e5af2e9c83a395e8d0db16da5e81d8,offpath,fitting,False,0,1.0,1.0,0.0,0.0,0.0,0.0,0.0,0.0,0.0,1.0,1.0,0.0,0.0,0.0,0.0,0.0,0.0,0.0
detour,historical:Base,220,440,e29,c8fa274849bf4beeb7c46b93a7de7a6242e5af2e9c83a395e8d0db16da5e81d8,noglass,fitting,False,0,1.0,1.0,0.0,0.0,0.0,0.0,0.0,0.0,0.0,1.0,1.0,0.0,0.0,0.0,0.0,0.0,0.0,0.0
detour,historical:Base,220,440,e30,ddd84e646ab0cdd38c0f283802f28ac361a412492f3872c7f489b95bb55d53af,glass,fitting,False,0,0.0,0.0,0.0,1.0,1.0,0.0,0.0,0.0,0.0,0.0,0.0,0.0,0.5,0.5,0.0,0.0,0.0,0.0
detour,historical:Base,220,440,e31,ddd84e646ab0cdd38c0f283802f28ac361a412492f3872c7f489b95bb55d53af,offpath,fitting,False,0,1.0,1.0,0.0,0.0,0.0,0.0,0.0,0.0,0.0,1.0,1.0,0.0,0.0,0.0,0.0,0.0,0.0,0.0
detour,historical:Base,220,440,e32,ddd84e646ab0cdd38c0f283802f28ac361a412492f3872c7f489b95bb55d53af,noglass,fitting,False,0,1.0,1.0,0.0,0.0,0.0,0.0,0.0,0.0,0.0,1.0,1.0,0.0,0.0,0.0,0.0,0.0,0.0,0.0
detour,historical:Base,220,440,e33,f64d2a60c3b9cebc4b5e12f86f4978711b4ca1e7a3788d1756d078c45a1c1004,glass,fitting,False,0,0.0,0.0,0.0,1.0,1.0,0.0,0.0,0.0,0.0,0.0,0.0,0.0,1.0,1.0,0.0,0.0,0.0,0.0
detour,historical:Base,220,440,e34,f64d2a60c3b9cebc4b5e12f86f4978711b4ca1e7a3788d1756d078c45a1c1004,offpath,fitting,False,0,1.0,1.0,0.0,0.0,0.0,0.0,0.0,0.0,0.0,1.0,1.0,0.0,0.0,0.0,0.0,0.0,0.0,0.0
detour,historical:Base,220,440,e35,f64d2a60c3b9cebc4b5e12f86f4978711b4ca1e7a3788d1756d078c45a1c1004,noglass,fitting,False,0,1.0,1.0,0.0,0.0,0.0,0.0,0.0,0.0,0.0,1.0,1.0,0.0,0.0,0.0,0.0,0.0,0.0,0.0
detour,historical:Base,220,440,e36,37d3edc8cb9ad51b8ebf45a235721c16e2531be26385d150aef2b21d81a04cae,glass,calibration,False,0,0.0,0.0,0.0,0.0,0.0,0.0,0.0,0.0,0.0,0.0,0.0,0.0,0.0,0.0,0.0,0.0,0.0,0.0
detour,historical:Base,220,440,e37,37d3edc8cb9ad51b8ebf45a235721c16e2531be26385d150aef2b21d81a04cae,offpath,calibration,False,0,1.0,1.0,0.0,0.0,0.0,0.0,0.0,0.0,0.0,1.0,1.0,0.0,0.0,0.0,0.0,0.0,0.0,0.0
detour,historical:Base,220,440,e38,37d3edc8cb9ad51b8ebf45a235721c16e2531be26385d150aef2b21d81a04cae,noglass,calibration,False,0,1.0,1.0,0.0,0.0,0.0,0.0,0.0,0.0,0.0,1.0,1.0,0.0,0.0,0.0,0.0,0.0,0.0,0.0
detour,historical:Base,220,440,e39,6292759eb45913ce4ed8447194504833f347d9355012e3228775797a4b0a7cd1,glass,calibration,False,0,0.0,0.0,0.0,1.0,1.0,0.0,0.0,0.0,0.0,0.5,0.5,0.0,0.5,0.5,0.0,0.0,0.0,0.0
detour,historical:Base,220,440,e40,6292759eb45913ce4ed8447194504833f347d9355012e3228775797a4b0a7cd1,offpath,calibration,False,0,1.0,1.0,0.0,0.0,0.0,0.0,0.0,0.0,0.0,1.0,1.0,0.0,0.0,0.0,0.0,0.0,0.0,0.0
detour,historical:Base,220,440,e41,6292759eb45913ce4ed8447194504833f347d9355012e3228775797a4b0a7cd1,noglass,calibration,False,0,0.5,0.5,0.0,0.0,0.0,0.0,0.0,0.0,0.0,1.0,1.0,0.0,0.0,0.0,0.0,0.0,0.0,0.0
detour,historical:Base,220,440,e42,655347c9fb28aaf505e162e6bcad095d17e4bfee5506113825cfb3da6ca60845,glass,calibration,False,0,0.0,0.0,0.0,1.0,1.0,0.0,0.0,0.0,0.0,0.0,0.0,0.0,1.0,1.0,0.0,0.0,0.0,0.0
detour,historical:Base,220,440,e43,655347c9fb28aaf505e162e6bcad095d17e4bfee5506113825cfb3da6ca60845,offpath,calibration,False,0,1.0,1.0,0.0,0.0,0.0,0.0,0.0,0.0,0.0,1.0,1.0,0.0,0.0,0.0,0.0,0.0,0.0,0.0
detour,historical:Base,220,440,e44,655347c9fb28aaf505e162e6bcad095d17e4bfee5506113825cfb3da6ca60845,noglass,calibration,False,0,1.0,1.0,0.0,0.0,0.0,0.0,0.0,0.0,0.0,1.0,1.0,0.0,0.0,0.0,0.0,0.0,0.0,0.0
detour,historical:Base,220,440,e45,64d921063eb0a02530efbea3434c347d28bd353cbb04464e5d91d499f62f61ef,glass,calibration,False,0,0.0,0.0,0.0,1.0,1.0,0.0,0.0,0.0,0.0,0.0,0.0,0.0,1.0,1.0,0.0,0.0,0.0,0.0
detour,historical:Base,220,440,e46,64d921063eb0a02530efbea3434c347d28bd353cbb04464e5d91d499f62f61ef,offpath,calibration,True,0,0.0,0.0,0.0,1.0,1.0,0.0,0.0,0.0,0.0,0.0,0.0,0.0,1.0,1.0,0.0,0.0,0.0,0.0
detour,historical:Base,220,440,e47,64d921063eb0a02530efbea3434c347d28bd353cbb04464e5d91d499f62f61ef,noglass,calibration,False,0,1.0,1.0,0.0,0.0,0.0,0.0,0.0,0.0,0.0,0.5,0.5,0.0,0.0,0.0,0.0,0.0,0.0,0.0
detour,historical:BenefitGate,220,220,e00,0815f4806fc9a4fbd58c6627c8b92fd77f1b80ad4b8b4cd6d0c6e0541d488a7b,glass,fitting,False,0,0.0,0.0,0.0,1.0,1.0,0.0,0.0,0.0,0.0,0.0,0.0,0.0,1.0,1.0,0.0,0.0,0.0,0.0
detour,historical:BenefitGate,220,220,e01,0815f4806fc9a4fbd58c6627c8b92fd77f1b80ad4b8b4cd6d0c6e0541d488a7b,offpath,fitting,False,0,1.0,1.0,0.0,0.0,0.0,0.0,0.0,0.0,0.0,1.0,1.0,0.0,0.0,0.0,0.0,0.0,0.0,0.0
detour,historical:BenefitGate,220,220,e02,0815f4806fc9a4fbd58c6627c8b92fd77f1b80ad4b8b4cd6d0c6e0541d488a7b,noglass,fitting,False,0,1.0,1.0,0.0,0.0,0.0,0.0,0.0,0.0,0.0,1.0,1.0,0.0,0.0,0.0,0.0,0.0,0.0,0.0
detour,historical:BenefitGate,220,220,e03,28c563172e6e13a0d3d84f1527243878c67a2140fa8c9a81ecb8b81ec9402dc8,glass,fitting,False,0,1.0,1.0,0.0,0.0,0.0,0.0,0.0,0.0,0.0,1.0,1.0,0.0,0.0,0.0,0.0,0.0,0.0,0.0
detour,historical:BenefitGate,220,220,e04,28c563172e6e13a0d3d84f1527243878c67a2140fa8c9a81ecb8b81ec9402dc8,offpath,fitting,False,0,0.5,0.5,0.0,0.0,0.0,0.0,0.0,0.0,0.0,1.0,1.0,0.0,0.0,0.0,0.0,0.0,0.0,0.0
detour,historical:BenefitGate,220,220,e05,28c563172e6e13a0d3d84f1527243878c67a2140fa8c9a81ecb8b81ec9402dc8,noglass,fitting,False,0,1.0,1.0,0.0,0.0,0.0,0.0,0.0,0.0,0.0,1.0,1.0,0.0,0.0,0.0,0.0,0.0,0.0,0.0
detour,historical:BenefitGate,220,220,e06,69fa7e93588c6aea4b134efa44633d38556ce1656b46df276021920a664881a3,glass,fitting,False,0,0.0,0.0,0.0,1.0,1.0,0.0,0.0,0.0,0.0,0.0,0.0,0.0,1.0,1.0,0.0,0.0,0.0,0.0
detour,historical:BenefitGate,220,220,e07,69fa7e93588c6aea4b134efa44633d38556ce1656b46df276021920a664881a3,offpath,fitting,False,0,1.0,1.0,0.0,0.0,0.0,0.0,0.0,0.0,0.0,1.0,1.0,0.0,0.0,0.0,0.0,0.0,0.0,0.0
detour,historical:BenefitGate,220,220,e08,69fa7e93588c6aea4b134efa44633d38556ce1656b46df276021920a664881a3,noglass,fitting,False,0,1.0,1.0,0.0,0.0,0.0,0.0,0.0,0.0,0.0,1.0,1.0,0.0,0.0,0.0,0.0,0.0,0.0,0.0
detour,historical:BenefitGate,220,220,e09,76fe1d96587ab928f6fb5d7750ecd048fd712eb3d66aa60feb972a3d9d56c9d1,glass,fitting,False,0,0.5,0.5,0.0,0.5,0.5,0.0,0.0,0.0,0.0,0.5,0.5,0.0,0.0,0.0,0.0,0.0,0.0,0.0
detour,historical:BenefitGate,220,220,e10,76fe1d96587ab928f6fb5d7750ecd048fd712eb3d66aa60feb972a3d9d56c9d1,offpath,fitting,False,0,1.0,1.0,0.0,0.0,0.0,0.0,0.0,0.0,0.0,1.0,1.0,0.0,0.0,0.0,0.0,0.0,0.0,0.0
detour,historical:BenefitGate,220,220,e11,76fe1d96587ab928f6fb5d7750ecd048fd712eb3d66aa60feb972a3d9d56c9d1,noglass,fitting,False,0,1.0,1.0,0.0,0.0,0.0,0.0,0.0,0.0,0.0,1.0,1.0,0.0,0.0,0.0,0.0,0.0,0.0,0.0
detour,historical:BenefitGate,220,220,e12,821b498fc1fcb4e3c103635fa473d7577f718c4f633b273772954295c83ae585,glass,fitting,False,0,0.0,0.0,0.0,1.0,1.0,0.0,0.0,0.0,0.0,0.0,0.0,0.0,1.0,1.0,0.0,0.0,0.0,0.0
detour,historical:BenefitGate,220,220,e13,821b498fc1fcb4e3c103635fa473d7577f718c4f633b273772954295c83ae585,offpath,fitting,False,0,1.0,1.0,0.0,0.0,0.0,0.0,0.0,0.0,0.0,1.0,1.0,0.0,0.0,0.0,0.0,0.0,0.0,0.0
detour,historical:BenefitGate,220,220,e14,821b498fc1fcb4e3c103635fa473d7577f718c4f633b273772954295c83ae585,noglass,fitting,False,0,1.0,1.0,0.0,0.0,0.0,0.0,0.0,0.0,0.0,1.0,1.0,0.0,0.0,0.0,0.0,0.0,0.0,0.0
detour,historical:BenefitGate,220,220,e15,9176c2514b8a62105f4d2b8a22a8a0b0236c5b9feda58c18ef64cea917b98d9d,glass,fitting,False,0,0.5,0.5,0.0,0.5,0.5,0.0,0.0,0.0,0.0,1.0,1.0,0.0,0.0,0.0,0.0,0.0,0.0,0.0
detour,historical:BenefitGate,220,220,e16,9176c2514b8a62105f4d2b8a22a8a0b0236c5b9feda58c18ef64cea917b98d9d,offpath,fitting,False,0,0.0,0.0,0.0,1.0,1.0,0.0,0.0,0.0,0.0,0.5,0.5,0.0,0.5,0.5,0.0,0.0,0.0,0.0
detour,historical:BenefitGate,220,220,e17,9176c2514b8a62105f4d2b8a22a8a0b0236c5b9feda58c18ef64cea917b98d9d,noglass,fitting,False,0,1.0,1.0,0.0,0.0,0.0,0.0,0.0,0.0,0.0,0.5,0.5,0.0,0.0,0.0,0.0,0.0,0.0,0.0
detour,historical:BenefitGate,220,220,e18,986b3dff233a80cf0fd1c48f815600f49b95f83be0d9f898fee40d0a5c9dca63,glass,fitting,False,0,0.0,0.0,0.0,1.0,1.0,0.0,0.0,0.0,0.0,0.0,0.0,0.0,1.0,1.0,0.0,0.0,0.0,0.0
detour,historical:BenefitGate,220,220,e19,986b3dff233a80cf0fd1c48f815600f49b95f83be0d9f898fee40d0a5c9dca63,offpath,fitting,False,0,1.0,1.0,0.0,0.0,0.0,0.0,0.0,0.0,0.0,1.0,1.0,0.0,0.0,0.0,0.0,0.0,0.0,0.0
detour,historical:BenefitGate,220,220,e20,986b3dff233a80cf0fd1c48f815600f49b95f83be0d9f898fee40d0a5c9dca63,noglass,fitting,False,0,1.0,1.0,0.0,0.0,0.0,0.0,0.0,0.0,0.0,1.0,1.0,0.0,0.0,0.0,0.0,0.0,0.0,0.0
detour,historical:BenefitGate,220,220,e21,a3e1c487338ecfe4ce59e1e8f0be7a20d0442476ad923022ec430bdb5470ee56,glass,fitting,False,0,0.0,0.0,0.0,1.0,1.0,0.0,0.0,0.0,0.0,0.0,0.0,0.0,1.0,1.0,0.0,0.0,0.0,0.0
detour,historical:BenefitGate,220,220,e22,a3e1c487338ecfe4ce59e1e8f0be7a20d0442476ad923022ec430bdb5470ee56,offpath,fitting,False,0,1.0,1.0,0.0,0.0,0.0,0.0,0.0,0.0,0.0,1.0,1.0,0.0,0.0,0.0,0.0,0.0,0.0,0.0
detour,historical:BenefitGate,220,220,e23,a3e1c487338ecfe4ce59e1e8f0be7a20d0442476ad923022ec430bdb5470ee56,noglass,fitting,False,0,1.0,1.0,0.0,0.0,0.0,0.0,0.0,0.0,0.0,1.0,1.0,0.0,0.0,0.0,0.0,0.0,0.0,0.0
detour,historical:BenefitGate,220,220,e24,a992f0a563f4b0239708f4be6fa38192e6930b15387567b2d4a16568d4fa5671,glass,fitting,False,0,0.0,0.0,0.0,1.0,1.0,0.0,0.0,0.0,0.0,0.0,0.0,0.0,1.0,1.0,0.0,0.0,0.0,0.0
detour,historical:BenefitGate,220,220,e25,a992f0a563f4b0239708f4be6fa38192e6930b15387567b2d4a16568d4fa5671,offpath,fitting,False,0,1.0,1.0,0.0,0.0,0.0,0.0,0.0,0.0,0.0,1.0,1.0,0.0,0.0,0.0,0.0,0.0,0.0,0.0
detour,historical:BenefitGate,220,220,e26,a992f0a563f4b0239708f4be6fa38192e6930b15387567b2d4a16568d4fa5671,noglass,fitting,False,0,1.0,1.0,0.0,0.0,0.0,0.0,0.0,0.0,0.0,1.0,1.0,0.0,0.0,0.0,0.0,0.0,0.0,0.0
detour,historical:BenefitGate,220,220,e27,c8fa274849bf4beeb7c46b93a7de7a6242e5af2e9c83a395e8d0db16da5e81d8,glass,fitting,False,0,0.0,0.0,0.0,1.0,1.0,0.0,0.0,0.0,0.0,0.0,0.0,0.0,1.0,1.0,0.0,0.0,0.0,0.0
detour,historical:BenefitGate,220,220,e28,c8fa274849bf4beeb7c46b93a7de7a6242e5af2e9c83a395e8d0db16da5e81d8,offpath,fitting,False,0,1.0,1.0,0.0,0.0,0.0,0.0,0.0,0.0,0.0,1.0,1.0,0.0,0.0,0.0,0.0,0.0,0.0,0.0
detour,historical:BenefitGate,220,220,e29,c8fa274849bf4beeb7c46b93a7de7a6242e5af2e9c83a395e8d0db16da5e81d8,noglass,fitting,False,0,1.0,1.0,0.0,0.0,0.0,0.0,0.0,0.0,0.0,1.0,1.0,0.0,0.0,0.0,0.0,0.0,0.0,0.0
detour,historical:BenefitGate,220,220,e30,ddd84e646ab0cdd38c0f283802f28ac361a412492f3872c7f489b95bb55d53af,glass,fitting,False,0,0.0,0.0,0.0,1.0,1.0,0.0,0.0,0.0,0.0,0.0,0.0,0.0,0.5,0.5,0.0,0.0,0.0,0.0
detour,historical:BenefitGate,220,220,e31,ddd84e646ab0cdd38c0f283802f28ac361a412492f3872c7f489b95bb55d53af,offpath,fitting,False,0,1.0,1.0,0.0,0.0,0.0,0.0,0.0,0.0,0.0,1.0,1.0,0.0,0.0,0.0,0.0,0.0,0.0,0.0
detour,historical:BenefitGate,220,220,e32,ddd84e646ab0cdd38c0f283802f28ac361a412492f3872c7f489b95bb55d53af,noglass,fitting,False,0,1.0,1.0,0.0,0.0,0.0,0.0,0.0,0.0,0.0,1.0,1.0,0.0,0.0,0.0,0.0,0.0,0.0,0.0
detour,historical:BenefitGate,220,220,e33,f64d2a60c3b9cebc4b5e12f86f4978711b4ca1e7a3788d1756d078c45a1c1004,glass,fitting,False,0,0.0,0.0,0.0,1.0,1.0,0.0,0.0,0.0,0.0,0.0,0.0,0.0,1.0,1.0,0.0,0.0,0.0,0.0
detour,historical:BenefitGate,220,220,e34,f64d2a60c3b9cebc4b5e12f86f4978711b4ca1e7a3788d1756d078c45a1c1004,offpath,fitting,False,0,1.0,1.0,0.0,0.0,0.0,0.0,0.0,0.0,0.0,1.0,1.0,0.0,0.0,0.0,0.0,0.0,0.0,0.0
detour,historical:BenefitGate,220,220,e35,f64d2a60c3b9cebc4b5e12f86f4978711b4ca1e7a3788d1756d078c45a1c1004,noglass,fitting,False,0,1.0,1.0,0.0,0.0,0.0,0.0,0.0,0.0,0.0,1.0,1.0,0.0,0.0,0.0,0.0,0.0,0.0,0.0
detour,historical:BenefitGate,220,220,e36,37d3edc8cb9ad51b8ebf45a235721c16e2531be26385d150aef2b21d81a04cae,glass,calibration,False,0,0.0,0.0,0.0,0.0,0.0,0.0,0.0,0.0,0.0,0.0,0.0,0.0,0.0,0.0,0.0,0.0,0.0,0.0
detour,historical:BenefitGate,220,220,e37,37d3edc8cb9ad51b8ebf45a235721c16e2531be26385d150aef2b21d81a04cae,offpath,calibration,False,0,1.0,1.0,0.0,0.0,0.0,0.0,0.0,0.0,0.0,1.0,1.0,0.0,0.0,0.0,0.0,0.0,0.0,0.0
detour,historical:BenefitGate,220,220,e38,37d3edc8cb9ad51b8ebf45a235721c16e2531be26385d150aef2b21d81a04cae,noglass,calibration,False,0,1.0,1.0,0.0,0.0,0.0,0.0,0.0,0.0,0.0,1.0,1.0,0.0,0.0,0.0,0.0,0.0,0.0,0.0
detour,historical:BenefitGate,220,220,e39,6292759eb45913ce4ed8447194504833f347d9355012e3228775797a4b0a7cd1,glass,calibration,False,0,0.0,0.0,0.0,1.0,1.0,0.0,0.0,0.0,0.0,0.5,0.5,0.0,0.5,0.5,0.0,0.0,0.0,0.0
detour,historical:BenefitGate,220,220,e40,6292759eb45913ce4ed8447194504833f347d9355012e3228775797a4b0a7cd1,offpath,calibration,False,0,1.0,1.0,0.0,0.0,0.0,0.0,0.0,0.0,0.0,1.0,1.0,0.0,0.0,0.0,0.0,0.0,0.0,0.0
detour,historical:BenefitGate,220,220,e41,6292759eb45913ce4ed8447194504833f347d9355012e3228775797a4b0a7cd1,noglass,calibration,False,0,0.5,0.5,0.0,0.0,0.0,0.0,0.0,0.0,0.0,1.0,1.0,0.0,0.0,0.0,0.0,0.0,0.0,0.0
detour,historical:BenefitGate,220,220,e42,655347c9fb28aaf505e162e6bcad095d17e4bfee5506113825cfb3da6ca60845,glass,calibration,False,0,0.0,0.0,0.0,1.0,1.0,0.0,0.0,0.0,0.0,0.0,0.0,0.0,1.0,1.0,0.0,0.0,0.0,0.0
detour,historical:BenefitGate,220,220,e43,655347c9fb28aaf505e162e6bcad095d17e4bfee5506113825cfb3da6ca60845,offpath,calibration,False,0,1.0,1.0,0.0,0.0,0.0,0.0,0.0,0.0,0.0,1.0,1.0,0.0,0.0,0.0,0.0,0.0,0.0,0.0
detour,historical:BenefitGate,220,220,e44,655347c9fb28aaf505e162e6bcad095d17e4bfee5506113825cfb3da6ca60845,noglass,calibration,False,0,1.0,1.0,0.0,0.0,0.0,0.0,0.0,0.0,0.0,1.0,1.0,0.0,0.0,0.0,0.0,0.0,0.0,0.0
detour,historical:BenefitGate,220,220,e45,64d921063eb0a02530efbea3434c347d28bd353cbb04464e5d91d499f62f61ef,glass,calibration,False,0,0.0,0.0,0.0,1.0,1.0,0.0,0.0,0.0,0.0,0.0,0.0,0.0,1.0,1.0,0.0,0.0,0.0,0.0
detour,historical:BenefitGate,220,220,e46,64d921063eb0a02530efbea3434c347d28bd353cbb04464e5d91d499f62f61ef,offpath,calibration,True,0,0.0,0.0,0.0,1.0,1.0,0.0,0.0,0.0,0.0,0.0,0.0,0.0,1.0,1.0,0.0,0.0,0.0,0.0
detour,historical:BenefitGate,220,220,e47,64d921063eb0a02530efbea3434c347d28bd353cbb04464e5d91d499f62f61ef,noglass,calibration,False,0,1.0,1.0,0.0,0.0,0.0,0.0,0.0,0.0,0.0,0.5,0.5,0.0,0.0,0.0,0.0,0.0,0.0,0.0
detour,historical:BenefitGate,220,440,e00,0815f4806fc9a4fbd58c6627c8b92fd77f1b80ad4b8b4cd6d0c6e0541d488a7b,glass,fitting,False,0,0.0,0.0,0.0,1.0,1.0,0.0,0.0,0.0,0.0,0.0,0.0,0.0,1.0,1.0,0.0,0.0,0.0,0.0
detour,historical:BenefitGate,220,440,e01,0815f4806fc9a4fbd58c6627c8b92fd77f1b80ad4b8b4cd6d0c6e0541d488a7b,offpath,fitting,False,0,1.0,1.0,0.0,0.0,0.0,0.0,0.0,0.0,0.0,1.0,1.0,0.0,0.0,0.0,0.0,0.0,0.0,0.0
detour,historical:BenefitGate,220,440,e02,0815f4806fc9a4fbd58c6627c8b92fd77f1b80ad4b8b4cd6d0c6e0541d488a7b,noglass,fitting,False,0,1.0,1.0,0.0,0.0,0.0,0.0,0.0,0.0,0.0,1.0,1.0,0.0,0.0,0.0,0.0,0.0,0.0,0.0
detour,historical:BenefitGate,220,440,e03,28c563172e6e13a0d3d84f1527243878c67a2140fa8c9a81ecb8b81ec9402dc8,glass,fitting,False,0,1.0,1.0,0.0,0.0,0.0,0.0,0.0,0.0,0.0,1.0,1.0,0.0,0.0,0.0,0.0,0.0,0.0,0.0
detour,historical:BenefitGate,220,440,e04,28c563172e6e13a0d3d84f1527243878c67a2140fa8c9a81ecb8b81ec9402dc8,offpath,fitting,False,0,0.5,0.5,0.0,0.0,0.0,0.0,0.0,0.0,0.0,1.0,1.0,0.0,0.0,0.0,0.0,0.0,0.0,0.0
detour,historical:BenefitGate,220,440,e05,28c563172e6e13a0d3d84f1527243878c67a2140fa8c9a81ecb8b81ec9402dc8,noglass,fitting,False,0,1.0,1.0,0.0,0.0,0.0,0.0,0.0,0.0,0.0,1.0,1.0,0.0,0.0,0.0,0.0,0.0,0.0,0.0
detour,historical:BenefitGate,220,440,e06,69fa7e93588c6aea4b134efa44633d38556ce1656b46df276021920a664881a3,glass,fitting,False,0,0.0,0.0,0.0,1.0,1.0,0.0,0.0,0.0,0.0,0.0,0.0,0.0,1.0,1.0,0.0,0.0,0.0,0.0
detour,historical:BenefitGate,220,440,e07,69fa7e93588c6aea4b134efa44633d38556ce1656b46df276021920a664881a3,offpath,fitting,False,0,1.0,1.0,0.0,0.0,0.0,0.0,0.0,0.0,0.0,1.0,1.0,0.0,0.0,0.0,0.0,0.0,0.0,0.0
detour,historical:BenefitGate,220,440,e08,69fa7e93588c6aea4b134efa44633d38556ce1656b46df276021920a664881a3,noglass,fitting,False,0,1.0,1.0,0.0,0.0,0.0,0.0,0.0,0.0,0.0,1.0,1.0,0.0,0.0,0.0,0.0,0.0,0.0,0.0
detour,historical:BenefitGate,220,440,e09,76fe1d96587ab928f6fb5d7750ecd048fd712eb3d66aa60feb972a3d9d56c9d1,glass,fitting,False,0,0.5,0.5,0.0,0.5,0.5,0.0,0.0,0.0,0.0,0.5,0.5,0.0,0.0,0.0,0.0,0.0,0.0,0.0
detour,historical:BenefitGate,220,440,e10,76fe1d96587ab928f6fb5d7750ecd048fd712eb3d66aa60feb972a3d9d56c9d1,offpath,fitting,False,0,1.0,1.0,0.0,0.0,0.0,0.0,0.0,0.0,0.0,1.0,1.0,0.0,0.0,0.0,0.0,0.0,0.0,0.0
detour,historical:BenefitGate,220,440,e11,76fe1d96587ab928f6fb5d7750ecd048fd712eb3d66aa60feb972a3d9d56c9d1,noglass,fitting,False,0,1.0,1.0,0.0,0.0,0.0,0.0,0.0,0.0,0.0,1.0,1.0,0.0,0.0,0.0,0.0,0.0,0.0,0.0
detour,historical:BenefitGate,220,440,e12,821b498fc1fcb4e3c103635fa473d7577f718c4f633b273772954295c83ae585,glass,fitting,False,0,0.0,0.0,0.0,1.0,1.0,0.0,0.0,0.0,0.0,0.0,0.0,0.0,1.0,1.0,0.0,0.0,0.0,0.0
detour,historical:BenefitGate,220,440,e13,821b498fc1fcb4e3c103635fa473d7577f718c4f633b273772954295c83ae585,offpath,fitting,False,0,1.0,1.0,0.0,0.0,0.0,0.0,0.0,0.0,0.0,1.0,1.0,0.0,0.0,0.0,0.0,0.0,0.0,0.0
detour,historical:BenefitGate,220,440,e14,821b498fc1fcb4e3c103635fa473d7577f718c4f633b273772954295c83ae585,noglass,fitting,False,0,1.0,1.0,0.0,0.0,0.0,0.0,0.0,0.0,0.0,1.0,1.0,0.0,0.0,0.0,0.0,0.0,0.0,0.0
detour,historical:BenefitGate,220,440,e15,9176c2514b8a62105f4d2b8a22a8a0b0236c5b9feda58c18ef64cea917b98d9d,glass,fitting,False,0,0.5,0.5,0.0,0.5,0.5,0.0,0.0,0.0,0.0,1.0,1.0,0.0,0.0,0.0,0.0,0.0,0.0,0.0
detour,historical:BenefitGate,220,440,e16,9176c2514b8a62105f4d2b8a22a8a0b0236c5b9feda58c18ef64cea917b98d9d,offpath,fitting,False,0,0.0,0.0,0.0,1.0,1.0,0.0,0.0,0.0,0.0,0.5,0.5,0.0,0.5,0.5,0.0,0.0,0.0,0.0
detour,historical:BenefitGate,220,440,e17,9176c2514b8a62105f4d2b8a22a8a0b0236c5b9feda58c18ef64cea917b98d9d,noglass,fitting,False,0,1.0,1.0,0.0,0.0,0.0,0.0,0.0,0.0,0.0,0.5,0.5,0.0,0.0,0.0,0.0,0.0,0.0,0.0
detour,historical:BenefitGate,220,440,e18,986b3dff233a80cf0fd1c48f815600f49b95f83be0d9f898fee40d0a5c9dca63,glass,fitting,False,0,0.0,0.0,0.0,1.0,1.0,0.0,0.0,0.0,0.0,0.0,0.0,0.0,1.0,1.0,0.0,0.0,0.0,0.0
detour,historical:BenefitGate,220,440,e19,986b3dff233a80cf0fd1c48f815600f49b95f83be0d9f898fee40d0a5c9dca63,offpath,fitting,False,0,1.0,1.0,0.0,0.0,0.0,0.0,0.0,0.0,0.0,1.0,1.0,0.0,0.0,0.0,0.0,0.0,0.0,0.0
detour,historical:BenefitGate,220,440,e20,986b3dff233a80cf0fd1c48f815600f49b95f83be0d9f898fee40d0a5c9dca63,noglass,fitting,False,0,1.0,1.0,0.0,0.0,0.0,0.0,0.0,0.0,0.0,1.0,1.0,0.0,0.0,0.0,0.0,0.0,0.0,0.0
detour,historical:BenefitGate,220,440,e21,a3e1c487338ecfe4ce59e1e8f0be7a20d0442476ad923022ec430bdb5470ee56,glass,fitting,False,0,0.0,0.0,0.0,1.0,1.0,0.0,0.0,0.0,0.0,0.0,0.0,0.0,1.0,1.0,0.0,0.0,0.0,0.0
detour,historical:BenefitGate,220,440,e22,a3e1c487338ecfe4ce59e1e8f0be7a20d0442476ad923022ec430bdb5470ee56,offpath,fitting,False,0,1.0,1.0,0.0,0.0,0.0,0.0,0.0,0.0,0.0,1.0,1.0,0.0,0.0,0.0,0.0,0.0,0.0,0.0
detour,historical:BenefitGate,220,440,e23,a3e1c487338ecfe4ce59e1e8f0be7a20d0442476ad923022ec430bdb5470ee56,noglass,fitting,False,0,1.0,1.0,0.0,0.0,0.0,0.0,0.0,0.0,0.0,1.0,1.0,0.0,0.0,0.0,0.0,0.0,0.0,0.0
detour,historical:BenefitGate,220,440,e24,a992f0a563f4b0239708f4be6fa38192e6930b15387567b2d4a16568d4fa5671,glass,fitting,False,0,0.0,0.0,0.0,1.0,1.0,0.0,0.0,0.0,0.0,0.0,0.0,0.0,1.0,1.0,0.0,0.0,0.0,0.0
detour,historical:BenefitGate,220,440,e25,a992f0a563f4b0239708f4be6fa38192e6930b15387567b2d4a16568d4fa5671,offpath,fitting,False,0,1.0,1.0,0.0,0.0,0.0,0.0,0.0,0.0,0.0,1.0,1.0,0.0,0.0,0.0,0.0,0.0,0.0,0.0
detour,historical:BenefitGate,220,440,e26,a992f0a563f4b0239708f4be6fa38192e6930b15387567b2d4a16568d4fa5671,noglass,fitting,False,0,1.0,1.0,0.0,0.0,0.0,0.0,0.0,0.0,0.0,1.0,1.0,0.0,0.0,0.0,0.0,0.0,0.0,0.0
detour,historical:BenefitGate,220,440,e27,c8fa274849bf4beeb7c46b93a7de7a6242e5af2e9c83a395e8d0db16da5e81d8,glass,fitting,False,0,0.0,0.0,0.0,1.0,1.0,0.0,0.0,0.0,0.0,0.0,0.0,0.0,1.0,1.0,0.0,0.0,0.0,0.0
detour,historical:BenefitGate,220,440,e28,c8fa274849bf4beeb7c46b93a7de7a6242e5af2e9c83a395e8d0db16da5e81d8,offpath,fitting,False,0,1.0,1.0,0.0,0.0,0.0,0.0,0.0,0.0,0.0,1.0,1.0,0.0,0.0,0.0,0.0,0.0,0.0,0.0
detour,historical:BenefitGate,220,440,e29,c8fa274849bf4beeb7c46b93a7de7a6242e5af2e9c83a395e8d0db16da5e81d8,noglass,fitting,False,0,1.0,1.0,0.0,0.0,0.0,0.0,0.0,0.0,0.0,1.0,1.0,0.0,0.0,0.0,0.0,0.0,0.0,0.0
detour,historical:BenefitGate,220,440,e30,ddd84e646ab0cdd38c0f283802f28ac361a412492f3872c7f489b95bb55d53af,glass,fitting,False,0,0.0,0.0,0.0,1.0,1.0,0.0,0.0,0.0,0.0,0.0,0.0,0.0,0.5,0.5,0.0,0.0,0.0,0.0
detour,historical:BenefitGate,220,440,e31,ddd84e646ab0cdd38c0f283802f28ac361a412492f3872c7f489b95bb55d53af,offpath,fitting,False,0,1.0,1.0,0.0,0.0,0.0,0.0,0.0,0.0,0.0,1.0,1.0,0.0,0.0,0.0,0.0,0.0,0.0,0.0
detour,historical:BenefitGate,220,440,e32,ddd84e646ab0cdd38c0f283802f28ac361a412492f3872c7f489b95bb55d53af,noglass,fitting,False,0,1.0,1.0,0.0,0.0,0.0,0.0,0.0,0.0,0.0,1.0,1.0,0.0,0.0,0.0,0.0,0.0,0.0,0.0
detour,historical:BenefitGate,220,440,e33,f64d2a60c3b9cebc4b5e12f86f4978711b4ca1e7a3788d1756d078c45a1c1004,glass,fitting,False,0,0.0,0.0,0.0,1.0,1.0,0.0,0.0,0.0,0.0,0.0,0.0,0.0,1.0,1.0,0.0,0.0,0.0,0.0
detour,historical:BenefitGate,220,440,e34,f64d2a60c3b9cebc4b5e12f86f4978711b4ca1e7a3788d1756d078c45a1c1004,offpath,fitting,False,0,1.0,1.0,0.0,0.0,0.0,0.0,0.0,0.0,0.0,1.0,1.0,0.0,0.0,0.0,0.0,0.0,0.0,0.0
detour,historical:BenefitGate,220,440,e35,f64d2a60c3b9cebc4b5e12f86f4978711b4ca1e7a3788d1756d078c45a1c1004,noglass,fitting,False,0,1.0,1.0,0.0,0.0,0.0,0.0,0.0,0.0,0.0,1.0,1.0,0.0,0.0,0.0,0.0,0.0,0.0,0.0
detour,historical:BenefitGate,220,440,e36,37d3edc8cb9ad51b8ebf45a235721c16e2531be26385d150aef2b21d81a04cae,glass,calibration,False,0,0.0,0.0,0.0,0.0,0.0,0.0,0.0,0.0,0.0,0.0,0.0,0.0,0.0,0.0,0.0,0.0,0.0,0.0
detour,historical:BenefitGate,220,440,e37,37d3edc8cb9ad51b8ebf45a235721c16e2531be26385d150aef2b21d81a04cae,offpath,calibration,False,0,1.0,1.0,0.0,0.0,0.0,0.0,0.0,0.0,0.0,1.0,1.0,0.0,0.0,0.0,0.0,0.0,0.0,0.0
detour,historical:BenefitGate,220,440,e38,37d3edc8cb9ad51b8ebf45a235721c16e2531be26385d150aef2b21d81a04cae,noglass,calibration,False,0,1.0,1.0,0.0,0.0,0.0,0.0,0.0,0.0,0.0,1.0,1.0,0.0,0.0,0.0,0.0,0.0,0.0,0.0
detour,historical:BenefitGate,220,440,e39,6292759eb45913ce4ed8447194504833f347d9355012e3228775797a4b0a7cd1,glass,calibration,False,0,0.0,0.0,0.0,1.0,1.0,0.0,0.0,0.0,0.0,0.5,0.5,0.0,0.5,0.5,0.0,0.0,0.0,0.0
detour,historical:BenefitGate,220,440,e40,6292759eb45913ce4ed8447194504833f347d9355012e3228775797a4b0a7cd1,offpath,calibration,False,0,1.0,1.0,0.0,0.0,0.0,0.0,0.0,0.0,0.0,1.0,1.0,0.0,0.0,0.0,0.0,0.0,0.0,0.0
detour,historical:BenefitGate,220,440,e41,6292759eb45913ce4ed8447194504833f347d9355012e3228775797a4b0a7cd1,noglass,calibration,False,0,0.5,0.5,0.0,0.0,0.0,0.0,0.0,0.0,0.0,1.0,1.0,0.0,0.0,0.0,0.0,0.0,0.0,0.0
detour,historical:BenefitGate,220,440,e42,655347c9fb28aaf505e162e6bcad095d17e4bfee5506113825cfb3da6ca60845,glass,calibration,False,0,0.0,0.0,0.0,1.0,1.0,0.0,0.0,0.0,0.0,0.0,0.0,0.0,1.0,1.0,0.0,0.0,0.0,0.0
detour,historical:BenefitGate,220,440,e43,655347c9fb28aaf505e162e6bcad095d17e4bfee5506113825cfb3da6ca60845,offpath,calibration,False,0,1.0,1.0,0.0,0.0,0.0,0.0,0.0,0.0,0.0,1.0,1.0,0.0,0.0,0.0,0.0,0.0,0.0,0.0
detour,historical:BenefitGate,220,440,e44,655347c9fb28aaf505e162e6bcad095d17e4bfee5506113825cfb3da6ca60845,noglass,calibration,False,0,1.0,1.0,0.0,0.0,0.0,0.0,0.0,0.0,0.0,1.0,1.0,0.0,0.0,0.0,0.0,0.0,0.0,0.0
detour,historical:BenefitGate,220,440,e45,64d921063eb0a02530efbea3434c347d28bd353cbb04464e5d91d499f62f61ef,glass,calibration,False,0,0.0,0.0,0.0,1.0,1.0,0.0,0.0,0.0,0.0,0.0,0.0,0.0,1.0,1.0,0.0,0.0,0.0,0.0
detour,historical:BenefitGate,220,440,e46,64d921063eb0a02530efbea3434c347d28bd353cbb04464e5d91d499f62f61ef,offpath,calibration,True,0,0.0,0.0,0.0,1.0,1.0,0.0,0.0,0.0,0.0,0.0,0.0,0.0,1.0,1.0,0.0,0.0,0.0,0.0
detour,historical:BenefitGate,220,440,e47,64d921063eb0a02530efbea3434c347d28bd353cbb04464e5d91d499f62f61ef,noglass,calibration,False,0,1.0,1.0,0.0,0.0,0.0,0.0,0.0,0.0,0.0,0.5,0.5,0.0,0.0,0.0,0.0,0.0,0.0,0.0
detour,historical:DirectQ_sanity,220,220,e00,0815f4806fc9a4fbd58c6627c8b92fd77f1b80ad4b8b4cd6d0c6e0541d488a7b,glass,fitting,False,0,0.0,0.0,0.0,1.0,1.0,0.0,0.0,0.0,0.0,0.0,0.0,0.0,1.0,1.0,0.0,0.0,0.0,0.0
detour,historical:DirectQ_sanity,220,220,e01,0815f4806fc9a4fbd58c6627c8b92fd77f1b80ad4b8b4cd6d0c6e0541d488a7b,offpath,fitting,False,0,1.0,1.0,0.0,0.0,0.0,0.0,0.0,0.0,0.0,1.0,1.0,0.0,0.0,0.0,0.0,0.0,0.0,0.0
detour,historical:DirectQ_sanity,220,220,e02,0815f4806fc9a4fbd58c6627c8b92fd77f1b80ad4b8b4cd6d0c6e0541d488a7b,noglass,fitting,False,0,1.0,1.0,0.0,0.0,0.0,0.0,0.0,0.0,0.0,1.0,1.0,0.0,0.0,0.0,0.0,0.0,0.0,0.0
detour,historical:DirectQ_sanity,220,220,e03,28c563172e6e13a0d3d84f1527243878c67a2140fa8c9a81ecb8b81ec9402dc8,glass,fitting,False,0,1.0,1.0,0.0,0.0,0.0,0.0,0.0,0.0,0.0,1.0,1.0,0.0,0.0,0.0,0.0,0.0,0.0,0.0
detour,historical:DirectQ_sanity,220,220,e04,28c563172e6e13a0d3d84f1527243878c67a2140fa8c9a81ecb8b81ec9402dc8,offpath,fitting,False,0,0.5,0.5,0.0,0.0,0.0,0.0,0.0,0.0,0.0,1.0,1.0,0.0,0.0,0.0,0.0,0.0,0.0,0.0
detour,historical:DirectQ_sanity,220,220,e05,28c563172e6e13a0d3d84f1527243878c67a2140fa8c9a81ecb8b81ec9402dc8,noglass,fitting,False,0,1.0,1.0,0.0,0.0,0.0,0.0,0.0,0.0,0.0,1.0,1.0,0.0,0.0,0.0,0.0,0.0,0.0,0.0
detour,historical:DirectQ_sanity,220,220,e06,69fa7e93588c6aea4b134efa44633d38556ce1656b46df276021920a664881a3,glass,fitting,False,0,0.0,0.0,0.0,1.0,1.0,0.0,0.0,0.0,0.0,0.0,0.0,0.0,1.0,1.0,0.0,0.0,0.0,0.0
detour,historical:DirectQ_sanity,220,220,e07,69fa7e93588c6aea4b134efa44633d38556ce1656b46df276021920a664881a3,offpath,fitting,False,0,1.0,1.0,0.0,0.0,0.0,0.0,0.0,0.0,0.0,1.0,1.0,0.0,0.0,0.0,0.0,0.0,0.0,0.0
detour,historical:DirectQ_sanity,220,220,e08,69fa7e93588c6aea4b134efa44633d38556ce1656b46df276021920a664881a3,noglass,fitting,False,0,1.0,1.0,0.0,0.0,0.0,0.0,0.0,0.0,0.0,1.0,1.0,0.0,0.0,0.0,0.0,0.0,0.0,0.0
detour,historical:DirectQ_sanity,220,220,e09,76fe1d96587ab928f6fb5d7750ecd048fd712eb3d66aa60feb972a3d9d56c9d1,glass,fitting,False,0,0.5,0.5,0.0,0.5,0.5,0.0,0.0,0.0,0.0,0.5,0.5,0.0,0.0,0.0,0.0,0.0,0.0,0.0
detour,historical:DirectQ_sanity,220,220,e10,76fe1d96587ab928f6fb5d7750ecd048fd712eb3d66aa60feb972a3d9d56c9d1,offpath,fitting,False,0,1.0,1.0,0.0,0.0,0.0,0.0,0.0,0.0,0.0,1.0,1.0,0.0,0.0,0.0,0.0,0.0,0.0,0.0
detour,historical:DirectQ_sanity,220,220,e11,76fe1d96587ab928f6fb5d7750ecd048fd712eb3d66aa60feb972a3d9d56c9d1,noglass,fitting,False,0,1.0,1.0,0.0,0.0,0.0,0.0,0.0,0.0,0.0,1.0,1.0,0.0,0.0,0.0,0.0,0.0,0.0,0.0
detour,historical:DirectQ_sanity,220,220,e12,821b498fc1fcb4e3c103635fa473d7577f718c4f633b273772954295c83ae585,glass,fitting,False,0,0.0,0.0,0.0,1.0,1.0,0.0,0.0,0.0,0.0,0.0,0.0,0.0,1.0,1.0,0.0,0.0,0.0,0.0
detour,historical:DirectQ_sanity,220,220,e13,821b498fc1fcb4e3c103635fa473d7577f718c4f633b273772954295c83ae585,offpath,fitting,False,0,1.0,1.0,0.0,0.0,0.0,0.0,0.0,0.0,0.0,1.0,1.0,0.0,0.0,0.0,0.0,0.0,0.0,0.0
detour,historical:DirectQ_sanity,220,220,e14,821b498fc1fcb4e3c103635fa473d7577f718c4f633b273772954295c83ae585,noglass,fitting,False,0,1.0,1.0,0.0,0.0,0.0,0.0,0.0,0.0,0.0,1.0,1.0,0.0,0.0,0.0,0.0,0.0,0.0,0.0
detour,historical:DirectQ_sanity,220,220,e15,9176c2514b8a62105f4d2b8a22a8a0b0236c5b9feda58c18ef64cea917b98d9d,glass,fitting,False,0,0.5,0.5,0.0,0.5,0.5,0.0,0.0,0.0,0.0,1.0,1.0,0.0,0.0,0.0,0.0,0.0,0.0,0.0
detour,historical:DirectQ_sanity,220,220,e16,9176c2514b8a62105f4d2b8a22a8a0b0236c5b9feda58c18ef64cea917b98d9d,offpath,fitting,False,0,0.0,0.0,0.0,1.0,1.0,0.0,0.0,0.0,0.0,0.5,0.5,0.0,0.5,0.5,0.0,0.0,0.0,0.0
detour,historical:DirectQ_sanity,220,220,e17,9176c2514b8a62105f4d2b8a22a8a0b0236c5b9feda58c18ef64cea917b98d9d,noglass,fitting,False,0,1.0,1.0,0.0,0.0,0.0,0.0,0.0,0.0,0.0,0.5,0.5,0.0,0.0,0.0,0.0,0.0,0.0,0.0
detour,historical:DirectQ_sanity,220,220,e18,986b3dff233a80cf0fd1c48f815600f49b95f83be0d9f898fee40d0a5c9dca63,glass,fitting,False,0,0.0,0.0,0.0,1.0,1.0,0.0,0.0,0.0,0.0,0.0,0.0,0.0,1.0,1.0,0.0,0.0,0.0,0.0
detour,historical:DirectQ_sanity,220,220,e19,986b3dff233a80cf0fd1c48f815600f49b95f83be0d9f898fee40d0a5c9dca63,offpath,fitting,False,0,1.0,1.0,0.0,0.0,0.0,0.0,0.0,0.0,0.0,1.0,1.0,0.0,0.0,0.0,0.0,0.0,0.0,0.0
detour,historical:DirectQ_sanity,220,220,e20,986b3dff233a80cf0fd1c48f815600f49b95f83be0d9f898fee40d0a5c9dca63,noglass,fitting,False,0,1.0,1.0,0.0,0.0,0.0,0.0,0.0,0.0,0.0,1.0,1.0,0.0,0.0,0.0,0.0,0.0,0.0,0.0
detour,historical:DirectQ_sanity,220,220,e21,a3e1c487338ecfe4ce59e1e8f0be7a20d0442476ad923022ec430bdb5470ee56,glass,fitting,False,0,0.0,0.0,0.0,1.0,1.0,0.0,0.0,0.0,0.0,0.0,0.0,0.0,1.0,1.0,0.0,0.0,0.0,0.0
detour,historical:DirectQ_sanity,220,220,e22,a3e1c487338ecfe4ce59e1e8f0be7a20d0442476ad923022ec430bdb5470ee56,offpath,fitting,False,0,1.0,1.0,0.0,0.0,0.0,0.0,0.0,0.0,0.0,1.0,1.0,0.0,0.0,0.0,0.0,0.0,0.0,0.0
detour,historical:DirectQ_sanity,220,220,e23,a3e1c487338ecfe4ce59e1e8f0be7a20d0442476ad923022ec430bdb5470ee56,noglass,fitting,False,0,1.0,1.0,0.0,0.0,0.0,0.0,0.0,0.0,0.0,1.0,1.0,0.0,0.0,0.0,0.0,0.0,0.0,0.0
detour,historical:DirectQ_sanity,220,220,e24,a992f0a563f4b0239708f4be6fa38192e6930b15387567b2d4a16568d4fa5671,glass,fitting,False,0,0.0,0.0,0.0,1.0,1.0,0.0,0.0,0.0,0.0,0.0,0.0,0.0,1.0,1.0,0.0,0.0,0.0,0.0
detour,historical:DirectQ_sanity,220,220,e25,a992f0a563f4b0239708f4be6fa38192e6930b15387567b2d4a16568d4fa5671,offpath,fitting,False,0,1.0,1.0,0.0,0.0,0.0,0.0,0.0,0.0,0.0,1.0,1.0,0.0,0.0,0.0,0.0,0.0,0.0,0.0
detour,historical:DirectQ_sanity,220,220,e26,a992f0a563f4b0239708f4be6fa38192e6930b15387567b2d4a16568d4fa5671,noglass,fitting,False,0,1.0,1.0,0.0,0.0,0.0,0.0,0.0,0.0,0.0,1.0,1.0,0.0,0.0,0.0,0.0,0.0,0.0,0.0
detour,historical:DirectQ_sanity,220,220,e27,c8fa274849bf4beeb7c46b93a7de7a6242e5af2e9c83a395e8d0db16da5e81d8,glass,fitting,False,0,0.0,0.0,0.0,1.0,1.0,0.0,0.0,0.0,0.0,0.0,0.0,0.0,1.0,1.0,0.0,0.0,0.0,0.0
detour,historical:DirectQ_sanity,220,220,e28,c8fa274849bf4beeb7c46b93a7de7a6242e5af2e9c83a395e8d0db16da5e81d8,offpath,fitting,False,0,1.0,1.0,0.0,0.0,0.0,0.0,0.0,0.0,0.0,1.0,1.0,0.0,0.0,0.0,0.0,0.0,0.0,0.0
detour,historical:DirectQ_sanity,220,220,e29,c8fa274849bf4beeb7c46b93a7de7a6242e5af2e9c83a395e8d0db16da5e81d8,noglass,fitting,False,0,1.0,1.0,0.0,0.0,0.0,0.0,0.0,0.0,0.0,1.0,1.0,0.0,0.0,0.0,0.0,0.0,0.0,0.0
detour,historical:DirectQ_sanity,220,220,e30,ddd84e646ab0cdd38c0f283802f28ac361a412492f3872c7f489b95bb55d53af,glass,fitting,False,0,0.0,0.0,0.0,1.0,1.0,0.0,0.0,0.0,0.0,0.0,0.0,0.0,0.5,0.5,0.0,0.0,0.0,0.0
detour,historical:DirectQ_sanity,220,220,e31,ddd84e646ab0cdd38c0f283802f28ac361a412492f3872c7f489b95bb55d53af,offpath,fitting,False,0,1.0,1.0,0.0,0.0,0.0,0.0,0.0,0.0,0.0,1.0,1.0,0.0,0.0,0.0,0.0,0.0,0.0,0.0
detour,historical:DirectQ_sanity,220,220,e32,ddd84e646ab0cdd38c0f283802f28ac361a412492f3872c7f489b95bb55d53af,noglass,fitting,False,0,1.0,1.0,0.0,0.0,0.0,0.0,0.0,0.0,0.0,1.0,1.0,0.0,0.0,0.0,0.0,0.0,0.0,0.0
detour,historical:DirectQ_sanity,220,220,e33,f64d2a60c3b9cebc4b5e12f86f4978711b4ca1e7a3788d1756d078c45a1c1004,glass,fitting,False,0,0.0,0.0,0.0,1.0,1.0,0.0,0.0,0.0,0.0,0.0,0.0,0.0,1.0,1.0,0.0,0.0,0.0,0.0
detour,historical:DirectQ_sanity,220,220,e34,f64d2a60c3b9cebc4b5e12f86f4978711b4ca1e7a3788d1756d078c45a1c1004,offpath,fitting,False,0,1.0,1.0,0.0,0.0,0.0,0.0,0.0,0.0,0.0,1.0,1.0,0.0,0.0,0.0,0.0,0.0,0.0,0.0
detour,historical:DirectQ_sanity,220,220,e35,f64d2a60c3b9cebc4b5e12f86f4978711b4ca1e7a3788d1756d078c45a1c1004,noglass,fitting,False,0,1.0,1.0,0.0,0.0,0.0,0.0,0.0,0.0,0.0,1.0,1.0,0.0,0.0,0.0,0.0,0.0,0.0,0.0
detour,historical:DirectQ_sanity,220,220,e36,37d3edc8cb9ad51b8ebf45a235721c16e2531be26385d150aef2b21d81a04cae,glass,calibration,False,0,0.0,0.0,0.0,0.0,0.0,0.0,0.0,0.0,0.0,0.0,0.0,0.0,0.0,0.0,0.0,0.0,0.0,0.0
detour,historical:DirectQ_sanity,220,220,e37,37d3edc8cb9ad51b8ebf45a235721c16e2531be26385d150aef2b21d81a04cae,offpath,calibration,False,0,1.0,1.0,0.0,0.0,0.0,0.0,0.0,0.0,0.0,1.0,1.0,0.0,0.0,0.0,0.0,0.0,0.0,0.0
detour,historical:DirectQ_sanity,220,220,e38,37d3edc8cb9ad51b8ebf45a235721c16e2531be26385d150aef2b21d81a04cae,noglass,calibration,False,0,1.0,1.0,0.0,0.0,0.0,0.0,0.0,0.0,0.0,1.0,1.0,0.0,0.0,0.0,0.0,0.0,0.0,0.0
detour,historical:DirectQ_sanity,220,220,e39,6292759eb45913ce4ed8447194504833f347d9355012e3228775797a4b0a7cd1,glass,calibration,False,0,0.0,0.0,0.0,1.0,1.0,0.0,0.0,0.0,0.0,0.5,0.5,0.0,0.5,0.5,0.0,0.0,0.0,0.0
detour,historical:DirectQ_sanity,220,220,e40,6292759eb45913ce4ed8447194504833f347d9355012e3228775797a4b0a7cd1,offpath,calibration,False,0,1.0,1.0,0.0,0.0,0.0,0.0,0.0,0.0,0.0,1.0,1.0,0.0,0.0,0.0,0.0,0.0,0.0,0.0
detour,historical:DirectQ_sanity,220,220,e41,6292759eb45913ce4ed8447194504833f347d9355012e3228775797a4b0a7cd1,noglass,calibration,False,0,0.5,0.5,0.0,0.0,0.0,0.0,0.0,0.0,0.0,1.0,1.0,0.0,0.0,0.0,0.0,0.0,0.0,0.0
detour,historical:DirectQ_sanity,220,220,e42,655347c9fb28aaf505e162e6bcad095d17e4bfee5506113825cfb3da6ca60845,glass,calibration,False,0,0.0,0.0,0.0,1.0,1.0,0.0,0.0,0.0,0.0,0.0,0.0,0.0,1.0,1.0,0.0,0.0,0.0,0.0
detour,historical:DirectQ_sanity,220,220,e43,655347c9fb28aaf505e162e6bcad095d17e4bfee5506113825cfb3da6ca60845,offpath,calibration,False,0,1.0,1.0,0.0,0.0,0.0,0.0,0.0,0.0,0.0,1.0,1.0,0.0,0.0,0.0,0.0,0.0,0.0,0.0
detour,historical:DirectQ_sanity,220,220,e44,655347c9fb28aaf505e162e6bcad095d17e4bfee5506113825cfb3da6ca60845,noglass,calibration,False,0,1.0,1.0,0.0,0.0,0.0,0.0,0.0,0.0,0.0,1.0,1.0,0.0,0.0,0.0,0.0,0.0,0.0,0.0
detour,historical:DirectQ_sanity,220,220,e45,64d921063eb0a02530efbea3434c347d28bd353cbb04464e5d91d499f62f61ef,glass,calibration,False,0,0.0,0.0,0.0,1.0,1.0,0.0,0.0,0.0,0.0,0.0,0.0,0.0,1.0,1.0,0.0,0.0,0.0,0.0
detour,historical:DirectQ_sanity,220,220,e46,64d921063eb0a02530efbea3434c347d28bd353cbb04464e5d91d499f62f61ef,offpath,calibration,True,0,0.0,0.0,0.0,1.0,1.0,0.0,0.0,0.0,0.0,0.0,0.0,0.0,1.0,1.0,0.0,0.0,0.0,0.0
detour,historical:DirectQ_sanity,220,220,e47,64d921063eb0a02530efbea3434c347d28bd353cbb04464e5d91d499f62f61ef,noglass,calibration,False,0,1.0,1.0,0.0,0.0,0.0,0.0,0.0,0.0,0.0,0.5,0.5,0.0,0.0,0.0,0.0,0.0,0.0,0.0
detour,historical:DirectQ_sanity,220,440,e00,0815f4806fc9a4fbd58c6627c8b92fd77f1b80ad4b8b4cd6d0c6e0541d488a7b,glass,fitting,False,0,0.0,0.0,0.0,1.0,1.0,0.0,0.0,0.0,0.0,0.0,0.0,0.0,1.0,1.0,0.0,0.0,0.0,0.0
detour,historical:DirectQ_sanity,220,440,e01,0815f4806fc9a4fbd58c6627c8b92fd77f1b80ad4b8b4cd6d0c6e0541d488a7b,offpath,fitting,False,0,1.0,1.0,0.0,0.0,0.0,0.0,0.0,0.0,0.0,1.0,1.0,0.0,0.0,0.0,0.0,0.0,0.0,0.0
detour,historical:DirectQ_sanity,220,440,e02,0815f4806fc9a4fbd58c6627c8b92fd77f1b80ad4b8b4cd6d0c6e0541d488a7b,noglass,fitting,False,0,1.0,1.0,0.0,0.0,0.0,0.0,0.0,0.0,0.0,1.0,1.0,0.0,0.0,0.0,0.0,0.0,0.0,0.0
detour,historical:DirectQ_sanity,220,440,e03,28c563172e6e13a0d3d84f1527243878c67a2140fa8c9a81ecb8b81ec9402dc8,glass,fitting,False,0,1.0,1.0,0.0,0.0,0.0,0.0,0.0,0.0,0.0,1.0,1.0,0.0,0.0,0.0,0.0,0.0,0.0,0.0
detour,historical:DirectQ_sanity,220,440,e04,28c563172e6e13a0d3d84f1527243878c67a2140fa8c9a81ecb8b81ec9402dc8,offpath,fitting,False,0,0.5,0.5,0.0,0.0,0.0,0.0,0.0,0.0,0.0,1.0,1.0,0.0,0.0,0.0,0.0,0.0,0.0,0.0
detour,historical:DirectQ_sanity,220,440,e05,28c563172e6e13a0d3d84f1527243878c67a2140fa8c9a81ecb8b81ec9402dc8,noglass,fitting,False,0,1.0,1.0,0.0,0.0,0.0,0.0,0.0,0.0,0.0,1.0,1.0,0.0,0.0,0.0,0.0,0.0,0.0,0.0
detour,historical:DirectQ_sanity,220,440,e06,69fa7e93588c6aea4b134efa44633d38556ce1656b46df276021920a664881a3,glass,fitting,False,0,0.0,0.0,0.0,1.0,1.0,0.0,0.0,0.0,0.0,0.0,0.0,0.0,1.0,1.0,0.0,0.0,0.0,0.0
detour,historical:DirectQ_sanity,220,440,e07,69fa7e93588c6aea4b134efa44633d38556ce1656b46df276021920a664881a3,offpath,fitting,False,0,1.0,1.0,0.0,0.0,0.0,0.0,0.0,0.0,0.0,1.0,1.0,0.0,0.0,0.0,0.0,0.0,0.0,0.0
detour,historical:DirectQ_sanity,220,440,e08,69fa7e93588c6aea4b134efa44633d38556ce1656b46df276021920a664881a3,noglass,fitting,False,0,1.0,1.0,0.0,0.0,0.0,0.0,0.0,0.0,0.0,1.0,1.0,0.0,0.0,0.0,0.0,0.0,0.0,0.0
detour,historical:DirectQ_sanity,220,440,e09,76fe1d96587ab928f6fb5d7750ecd048fd712eb3d66aa60feb972a3d9d56c9d1,glass,fitting,False,0,0.5,0.5,0.0,0.5,0.5,0.0,0.0,0.0,0.0,0.5,0.5,0.0,0.0,0.0,0.0,0.0,0.0,0.0
detour,historical:DirectQ_sanity,220,440,e10,76fe1d96587ab928f6fb5d7750ecd048fd712eb3d66aa60feb972a3d9d56c9d1,offpath,fitting,False,0,1.0,1.0,0.0,0.0,0.0,0.0,0.0,0.0,0.0,1.0,1.0,0.0,0.0,0.0,0.0,0.0,0.0,0.0
detour,historical:DirectQ_sanity,220,440,e11,76fe1d96587ab928f6fb5d7750ecd048fd712eb3d66aa60feb972a3d9d56c9d1,noglass,fitting,False,0,1.0,1.0,0.0,0.0,0.0,0.0,0.0,0.0,0.0,1.0,1.0,0.0,0.0,0.0,0.0,0.0,0.0,0.0
detour,historical:DirectQ_sanity,220,440,e12,821b498fc1fcb4e3c103635fa473d7577f718c4f633b273772954295c83ae585,glass,fitting,False,0,0.0,0.0,0.0,1.0,1.0,0.0,0.0,0.0,0.0,0.0,0.0,0.0,1.0,1.0,0.0,0.0,0.0,0.0
detour,historical:DirectQ_sanity,220,440,e13,821b498fc1fcb4e3c103635fa473d7577f718c4f633b273772954295c83ae585,offpath,fitting,False,0,1.0,1.0,0.0,0.0,0.0,0.0,0.0,0.0,0.0,1.0,1.0,0.0,0.0,0.0,0.0,0.0,0.0,0.0
detour,historical:DirectQ_sanity,220,440,e14,821b498fc1fcb4e3c103635fa473d7577f718c4f633b273772954295c83ae585,noglass,fitting,False,0,1.0,1.0,0.0,0.0,0.0,0.0,0.0,0.0,0.0,1.0,1.0,0.0,0.0,0.0,0.0,0.0,0.0,0.0
detour,historical:DirectQ_sanity,220,440,e15,9176c2514b8a62105f4d2b8a22a8a0b0236c5b9feda58c18ef64cea917b98d9d,glass,fitting,False,0,0.5,0.5,0.0,0.5,0.5,0.0,0.0,0.0,0.0,1.0,1.0,0.0,0.0,0.0,0.0,0.0,0.0,0.0
detour,historical:DirectQ_sanity,220,440,e16,9176c2514b8a62105f4d2b8a22a8a0b0236c5b9feda58c18ef64cea917b98d9d,offpath,fitting,False,0,0.0,0.0,0.0,1.0,1.0,0.0,0.0,0.0,0.0,0.5,0.5,0.0,0.5,0.5,0.0,0.0,0.0,0.0
detour,historical:DirectQ_sanity,220,440,e17,9176c2514b8a62105f4d2b8a22a8a0b0236c5b9feda58c18ef64cea917b98d9d,noglass,fitting,False,0,1.0,1.0,0.0,0.0,0.0,0.0,0.0,0.0,0.0,0.5,0.5,0.0,0.0,0.0,0.0,0.0,0.0,0.0
detour,historical:DirectQ_sanity,220,440,e18,986b3dff233a80cf0fd1c48f815600f49b95f83be0d9f898fee40d0a5c9dca63,glass,fitting,False,0,0.0,0.0,0.0,1.0,1.0,0.0,0.0,0.0,0.0,0.0,0.0,0.0,1.0,1.0,0.0,0.0,0.0,0.0
detour,historical:DirectQ_sanity,220,440,e19,986b3dff233a80cf0fd1c48f815600f49b95f83be0d9f898fee40d0a5c9dca63,offpath,fitting,False,0,1.0,1.0,0.0,0.0,0.0,0.0,0.0,0.0,0.0,1.0,1.0,0.0,0.0,0.0,0.0,0.0,0.0,0.0
detour,historical:DirectQ_sanity,220,440,e20,986b3dff233a80cf0fd1c48f815600f49b95f83be0d9f898fee40d0a5c9dca63,noglass,fitting,False,0,1.0,1.0,0.0,0.0,0.0,0.0,0.0,0.0,0.0,1.0,1.0,0.0,0.0,0.0,0.0,0.0,0.0,0.0
detour,historical:DirectQ_sanity,220,440,e21,a3e1c487338ecfe4ce59e1e8f0be7a20d0442476ad923022ec430bdb5470ee56,glass,fitting,False,0,0.0,0.0,0.0,1.0,1.0,0.0,0.0,0.0,0.0,0.0,0.0,0.0,1.0,1.0,0.0,0.0,0.0,0.0
detour,historical:DirectQ_sanity,220,440,e22,a3e1c487338ecfe4ce59e1e8f0be7a20d0442476ad923022ec430bdb5470ee56,offpath,fitting,False,0,1.0,1.0,0.0,0.0,0.0,0.0,0.0,0.0,0.0,1.0,1.0,0.0,0.0,0.0,0.0,0.0,0.0,0.0
detour,historical:DirectQ_sanity,220,440,e23,a3e1c487338ecfe4ce59e1e8f0be7a20d0442476ad923022ec430bdb5470ee56,noglass,fitting,False,0,1.0,1.0,0.0,0.0,0.0,0.0,0.0,0.0,0.0,1.0,1.0,0.0,0.0,0.0,0.0,0.0,0.0,0.0
detour,historical:DirectQ_sanity,220,440,e24,a992f0a563f4b0239708f4be6fa38192e6930b15387567b2d4a16568d4fa5671,glass,fitting,False,0,0.0,0.0,0.0,1.0,1.0,0.0,0.0,0.0,0.0,0.0,0.0,0.0,1.0,1.0,0.0,0.0,0.0,0.0
detour,historical:DirectQ_sanity,220,440,e25,a992f0a563f4b0239708f4be6fa38192e6930b15387567b2d4a16568d4fa5671,offpath,fitting,False,0,1.0,1.0,0.0,0.0,0.0,0.0,0.0,0.0,0.0,1.0,1.0,0.0,0.0,0.0,0.0,0.0,0.0,0.0
detour,historical:DirectQ_sanity,220,440,e26,a992f0a563f4b0239708f4be6fa38192e6930b15387567b2d4a16568d4fa5671,noglass,fitting,False,0,1.0,1.0,0.0,0.0,0.0,0.0,0.0,0.0,0.0,1.0,1.0,0.0,0.0,0.0,0.0,0.0,0.0,0.0
detour,historical:DirectQ_sanity,220,440,e27,c8fa274849bf4beeb7c46b93a7de7a6242e5af2e9c83a395e8d0db16da5e81d8,glass,fitting,False,0,0.0,0.0,0.0,1.0,1.0,0.0,0.0,0.0,0.0,0.0,0.0,0.0,1.0,1.0,0.0,0.0,0.0,0.0
detour,historical:DirectQ_sanity,220,440,e28,c8fa274849bf4beeb7c46b93a7de7a6242e5af2e9c83a395e8d0db16da5e81d8,offpath,fitting,False,0,1.0,1.0,0.0,0.0,0.0,0.0,0.0,0.0,0.0,1.0,1.0,0.0,0.0,0.0,0.0,0.0,0.0,0.0
detour,historical:DirectQ_sanity,220,440,e29,c8fa274849bf4beeb7c46b93a7de7a6242e5af2e9c83a395e8d0db16da5e81d8,noglass,fitting,False,0,1.0,1.0,0.0,0.0,0.0,0.0,0.0,0.0,0.0,1.0,1.0,0.0,0.0,0.0,0.0,0.0,0.0,0.0
detour,historical:DirectQ_sanity,220,440,e30,ddd84e646ab0cdd38c0f283802f28ac361a412492f3872c7f489b95bb55d53af,glass,fitting,False,0,0.0,0.0,0.0,1.0,1.0,0.0,0.0,0.0,0.0,0.0,0.0,0.0,0.5,0.5,0.0,0.0,0.0,0.0
detour,historical:DirectQ_sanity,220,440,e31,ddd84e646ab0cdd38c0f283802f28ac361a412492f3872c7f489b95bb55d53af,offpath,fitting,False,0,1.0,1.0,0.0,0.0,0.0,0.0,0.0,0.0,0.0,1.0,1.0,0.0,0.0,0.0,0.0,0.0,0.0,0.0
detour,historical:DirectQ_sanity,220,440,e32,ddd84e646ab0cdd38c0f283802f28ac361a412492f3872c7f489b95bb55d53af,noglass,fitting,False,0,1.0,1.0,0.0,0.0,0.0,0.0,0.0,0.0,0.0,1.0,1.0,0.0,0.0,0.0,0.0,0.0,0.0,0.0
detour,historical:DirectQ_sanity,220,440,e33,f64d2a60c3b9cebc4b5e12f86f4978711b4ca1e7a3788d1756d078c45a1c1004,glass,fitting,False,0,0.0,0.0,0.0,1.0,1.0,0.0,0.0,0.0,0.0,0.0,0.0,0.0,1.0,1.0,0.0,0.0,0.0,0.0
detour,historical:DirectQ_sanity,220,440,e34,f64d2a60c3b9cebc4b5e12f86f4978711b4ca1e7a3788d1756d078c45a1c1004,offpath,fitting,False,0,1.0,1.0,0.0,0.0,0.0,0.0,0.0,0.0,0.0,1.0,1.0,0.0,0.0,0.0,0.0,0.0,0.0,0.0
detour,historical:DirectQ_sanity,220,440,e35,f64d2a60c3b9cebc4b5e12f86f4978711b4ca1e7a3788d1756d078c45a1c1004,noglass,fitting,False,0,1.0,1.0,0.0,0.0,0.0,0.0,0.0,0.0,0.0,1.0,1.0,0.0,0.0,0.0,0.0,0.0,0.0,0.0
detour,historical:DirectQ_sanity,220,440,e36,37d3edc8cb9ad51b8ebf45a235721c16e2531be26385d150aef2b21d81a04cae,glass,calibration,False,0,0.0,0.0,0.0,0.0,0.0,0.0,0.0,0.0,0.0,0.0,0.0,0.0,0.0,0.0,0.0,0.0,0.0,0.0
detour,historical:DirectQ_sanity,220,440,e37,37d3edc8cb9ad51b8ebf45a235721c16e2531be26385d150aef2b21d81a04cae,offpath,calibration,False,0,1.0,1.0,0.0,0.0,0.0,0.0,0.0,0.0,0.0,1.0,1.0,0.0,0.0,0.0,0.0,0.0,0.0,0.0
detour,historical:DirectQ_sanity,220,440,e38,37d3edc8cb9ad51b8ebf45a235721c16e2531be26385d150aef2b21d81a04cae,noglass,calibration,False,0,1.0,1.0,0.0,0.0,0.0,0.0,0.0,0.0,0.0,1.0,1.0,0.0,0.0,0.0,0.0,0.0,0.0,0.0
detour,historical:DirectQ_sanity,220,440,e39,6292759eb45913ce4ed8447194504833f347d9355012e3228775797a4b0a7cd1,glass,calibration,False,0,0.0,0.0,0.0,1.0,1.0,0.0,0.0,0.0,0.0,0.5,0.5,0.0,0.5,0.5,0.0,0.0,0.0,0.0
detour,historical:DirectQ_sanity,220,440,e40,6292759eb45913ce4ed8447194504833f347d9355012e3228775797a4b0a7cd1,offpath,calibration,False,0,1.0,1.0,0.0,0.0,0.0,0.0,0.0,0.0,0.0,1.0,1.0,0.0,0.0,0.0,0.0,0.0,0.0,0.0
detour,historical:DirectQ_sanity,220,440,e41,6292759eb45913ce4ed8447194504833f347d9355012e3228775797a4b0a7cd1,noglass,calibration,False,0,0.5,0.5,0.0,0.0,0.0,0.0,0.0,0.0,0.0,1.0,1.0,0.0,0.0,0.0,0.0,0.0,0.0,0.0
detour,historical:DirectQ_sanity,220,440,e42,655347c9fb28aaf505e162e6bcad095d17e4bfee5506113825cfb3da6ca60845,glass,calibration,False,0,0.0,0.0,0.0,1.0,1.0,0.0,0.0,0.0,0.0,0.0,0.0,0.0,1.0,1.0,0.0,0.0,0.0,0.0
detour,historical:DirectQ_sanity,220,440,e43,655347c9fb28aaf505e162e6bcad095d17e4bfee5506113825cfb3da6ca60845,offpath,calibration,False,0,1.0,1.0,0.0,0.0,0.0,0.0,0.0,0.0,0.0,1.0,1.0,0.0,0.0,0.0,0.0,0.0,0.0,0.0
detour,historical:DirectQ_sanity,220,440,e44,655347c9fb28aaf505e162e6bcad095d17e4bfee5506113825cfb3da6ca60845,noglass,calibration,False,0,1.0,1.0,0.0,0.0,0.0,0.0,0.0,0.0,0.0,1.0,1.0,0.0,0.0,0.0,0.0,0.0,0.0,0.0
detour,historical:DirectQ_sanity,220,440,e45,64d921063eb0a02530efbea3434c347d28bd353cbb04464e5d91d499f62f61ef,glass,calibration,False,0,0.0,0.0,0.0,1.0,1.0,0.0,0.0,0.0,0.0,0.0,0.0,0.0,1.0,1.0,0.0,0.0,0.0,0.0
detour,historical:DirectQ_sanity,220,440,e46,64d921063eb0a02530efbea3434c347d28bd353cbb04464e5d91d499f62f61ef,offpath,calibration,True,0,0.0,0.0,0.0,1.0,1.0,0.0,0.0,0.0,0.0,0.0,0.0,0.0,1.0,1.0,0.0,0.0,0.0,0.0
detour,historical:DirectQ_sanity,220,440,e47,64d921063eb0a02530efbea3434c347d28bd353cbb04464e5d91d499f62f61ef,noglass,calibration,False,0,1.0,1.0,0.0,0.0,0.0,0.0,0.0,0.0,0.0,0.5,0.5,0.0,0.0,0.0,0.0,0.0,0.0,0.0
detour,historical:RiskDetour,220,220,e00,0815f4806fc9a4fbd58c6627c8b92fd77f1b80ad4b8b4cd6d0c6e0541d488a7b,glass,fitting,False,0,0.0,0.0,0.0,1.0,1.0,0.0,0.0,0.0,0.0,0.0,0.0,0.0,1.0,1.0,0.0,0.0,0.0,0.0
detour,historical:RiskDetour,220,220,e01,0815f4806fc9a4fbd58c6627c8b92fd77f1b80ad4b8b4cd6d0c6e0541d488a7b,offpath,fitting,False,0,1.0,1.0,0.0,0.0,0.0,0.0,0.0,0.0,0.0,1.0,1.0,0.0,0.0,0.0,0.0,0.0,0.0,0.0
detour,historical:RiskDetour,220,220,e02,0815f4806fc9a4fbd58c6627c8b92fd77f1b80ad4b8b4cd6d0c6e0541d488a7b,noglass,fitting,False,0,1.0,1.0,0.0,0.0,0.0,0.0,0.0,0.0,0.0,1.0,1.0,0.0,0.0,0.0,0.0,0.0,0.0,0.0
detour,historical:RiskDetour,220,220,e03,28c563172e6e13a0d3d84f1527243878c67a2140fa8c9a81ecb8b81ec9402dc8,glass,fitting,False,0,1.0,1.0,0.0,0.0,0.0,0.0,0.0,0.0,0.0,1.0,1.0,0.0,0.0,0.0,0.0,0.0,0.0,0.0
detour,historical:RiskDetour,220,220,e04,28c563172e6e13a0d3d84f1527243878c67a2140fa8c9a81ecb8b81ec9402dc8,offpath,fitting,False,1,0.5,0.0,-0.5,0.0,0.0,0.0,0.5,0.0,1.0,1.0,0.0,-1.0,0.0,0.0,0.0,1.0,0.0,1.0
detour,historical:RiskDetour,220,220,e05,28c563172e6e13a0d3d84f1527243878c67a2140fa8c9a81ecb8b81ec9402dc8,noglass,fitting,False,0,1.0,1.0,0.0,0.0,0.0,0.0,0.0,0.0,0.0,1.0,1.0,0.0,0.0,0.0,0.0,0.0,0.0,0.0
detour,historical:RiskDetour,220,220,e06,69fa7e93588c6aea4b134efa44633d38556ce1656b46df276021920a664881a3,glass,fitting,False,0,0.0,0.0,0.0,1.0,1.0,0.0,0.0,0.0,0.0,0.0,0.0,0.0,1.0,1.0,0.0,0.0,0.0,0.0
detour,historical:RiskDetour,220,220,e07,69fa7e93588c6aea4b134efa44633d38556ce1656b46df276021920a664881a3,offpath,fitting,False,0,1.0,1.0,0.0,0.0,0.0,0.0,0.0,0.0,0.0,1.0,1.0,0.0,0.0,0.0,0.0,0.0,0.0,0.0
detour,historical:RiskDetour,220,220,e08,69fa7e93588c6aea4b134efa44633d38556ce1656b46df276021920a664881a3,noglass,fitting,False,1,1.0,1.0,0.0,0.0,0.0,0.0,0.0,0.0,1.0,1.0,1.0,0.0,0.0,0.0,0.0,0.0,0.0,1.0
detour,historical:RiskDetour,220,220,e09,76fe1d96587ab928f6fb5d7750ecd048fd712eb3d66aa60feb972a3d9d56c9d1,glass,fitting,False,0,0.5,0.5,0.0,0.5,0.5,0.0,0.0,0.0,0.0,0.5,0.5,0.0,0.0,0.0,0.0,0.0,0.0,0.0
detour,historical:RiskDetour,220,220,e10,76fe1d96587ab928f6fb5d7750ecd048fd712eb3d66aa60feb972a3d9d56c9d1,offpath,fitting,False,0,1.0,1.0,0.0,0.0,0.0,0.0,0.0,0.0,0.0,1.0,1.0,0.0,0.0,0.0,0.0,0.0,0.0,0.0
detour,historical:RiskDetour,220,220,e11,76fe1d96587ab928f6fb5d7750ecd048fd712eb3d66aa60feb972a3d9d56c9d1,noglass,fitting,False,0,1.0,1.0,0.0,0.0,0.0,0.0,0.0,0.0,0.0,1.0,1.0,0.0,0.0,0.0,0.0,0.0,0.0,0.0
detour,historical:RiskDetour,220,220,e12,821b498fc1fcb4e3c103635fa473d7577f718c4f633b273772954295c83ae585,glass,fitting,False,0,0.0,0.0,0.0,1.0,1.0,0.0,0.0,0.0,0.0,0.0,0.0,0.0,1.0,1.0,0.0,0.0,0.0,0.0
detour,historical:RiskDetour,220,220,e13,821b498fc1fcb4e3c103635fa473d7577f718c4f633b273772954295c83ae585,offpath,fitting,False,0,1.0,1.0,0.0,0.0,0.0,0.0,0.0,0.0,0.0,1.0,1.0,0.0,0.0,0.0,0.0,0.0,0.0,0.0
detour,historical:RiskDetour,220,220,e14,821b498fc1fcb4e3c103635fa473d7577f718c4f633b273772954295c83ae585,noglass,fitting,False,0,1.0,1.0,0.0,0.0,0.0,0.0,0.0,0.0,0.0,1.0,1.0,0.0,0.0,0.0,0.0,0.0,0.0,0.0
detour,historical:RiskDetour,220,220,e15,9176c2514b8a62105f4d2b8a22a8a0b0236c5b9feda58c18ef64cea917b98d9d,glass,fitting,False,0,0.5,0.5,0.0,0.5,0.5,0.0,0.0,0.0,0.0,1.0,1.0,0.0,0.0,0.0,0.0,0.0,0.0,0.0
detour,historical:RiskDetour,220,220,e16,9176c2514b8a62105f4d2b8a22a8a0b0236c5b9feda58c18ef64cea917b98d9d,offpath,fitting,False,0,0.0,0.0,0.0,1.0,1.0,0.0,0.0,0.0,0.0,0.5,0.5,0.0,0.5,0.5,0.0,0.0,0.0,0.0
detour,historical:RiskDetour,220,220,e17,9176c2514b8a62105f4d2b8a22a8a0b0236c5b9feda58c18ef64cea917b98d9d,noglass,fitting,False,1,1.0,1.0,0.0,0.0,0.0,0.0,0.0,0.0,1.0,0.5,1.0,0.5,0.0,0.0,0.0,0.0,0.0,1.0
detour,historical:RiskDetour,220,220,e18,986b3dff233a80cf0fd1c48f815600f49b95f83be0d9f898fee40d0a5c9dca63,glass,fitting,False,0,0.0,0.0,0.0,1.0,1.0,0.0,0.0,0.0,0.0,0.0,0.0,0.0,1.0,1.0,0.0,0.0,0.0,0.0
detour,historical:RiskDetour,220,220,e19,986b3dff233a80cf0fd1c48f815600f49b95f83be0d9f898fee40d0a5c9dca63,offpath,fitting,False,1,1.0,0.0,-1.0,0.0,0.0,0.0,1.0,0.0,1.0,1.0,0.0,-1.0,0.0,0.0,0.0,1.0,0.0,1.0
detour,historical:RiskDetour,220,220,e20,986b3dff233a80cf0fd1c48f815600f49b95f83be0d9f898fee40d0a5c9dca63,noglass,fitting,False,0,1.0,1.0,0.0,0.0,0.0,0.0,0.0,0.0,0.0,1.0,1.0,0.0,0.0,0.0,0.0,0.0,0.0,0.0
detour,historical:RiskDetour,220,220,e21,a3e1c487338ecfe4ce59e1e8f0be7a20d0442476ad923022ec430bdb5470ee56,glass,fitting,False,0,0.0,0.0,0.0,1.0,1.0,0.0,0.0,0.0,0.0,0.0,0.0,0.0,1.0,1.0,0.0,0.0,0.0,0.0
detour,historical:RiskDetour,220,220,e22,a3e1c487338ecfe4ce59e1e8f0be7a20d0442476ad923022ec430bdb5470ee56,offpath,fitting,False,0,1.0,1.0,0.0,0.0,0.0,0.0,0.0,0.0,0.0,1.0,1.0,0.0,0.0,0.0,0.0,0.0,0.0,0.0
detour,historical:RiskDetour,220,220,e23,a3e1c487338ecfe4ce59e1e8f0be7a20d0442476ad923022ec430bdb5470ee56,noglass,fitting,False,0,1.0,1.0,0.0,0.0,0.0,0.0,0.0,0.0,0.0,1.0,1.0,0.0,0.0,0.0,0.0,0.0,0.0,0.0
detour,historical:RiskDetour,220,220,e24,a992f0a563f4b0239708f4be6fa38192e6930b15387567b2d4a16568d4fa5671,glass,fitting,False,0,0.0,0.0,0.0,1.0,1.0,0.0,0.0,0.0,0.0,0.0,0.0,0.0,1.0,1.0,0.0,0.0,0.0,0.0
detour,historical:RiskDetour,220,220,e25,a992f0a563f4b0239708f4be6fa38192e6930b15387567b2d4a16568d4fa5671,offpath,fitting,False,0,1.0,1.0,0.0,0.0,0.0,0.0,0.0,0.0,0.0,1.0,1.0,0.0,0.0,0.0,0.0,0.0,0.0,0.0
detour,historical:RiskDetour,220,220,e26,a992f0a563f4b0239708f4be6fa38192e6930b15387567b2d4a16568d4fa5671,noglass,fitting,False,0,1.0,1.0,0.0,0.0,0.0,0.0,0.0,0.0,0.0,1.0,1.0,0.0,0.0,0.0,0.0,0.0,0.0,0.0
detour,historical:RiskDetour,220,220,e27,c8fa274849bf4beeb7c46b93a7de7a6242e5af2e9c83a395e8d0db16da5e81d8,glass,fitting,False,1,0.0,0.0,0.0,1.0,0.0,-1.0,0.0,0.0,1.0,0.0,0.0,0.0,1.0,0.0,-1.0,0.0,0.0,1.0
detour,historical:RiskDetour,220,220,e28,c8fa274849bf4beeb7c46b93a7de7a6242e5af2e9c83a395e8d0db16da5e81d8,offpath,fitting,False,1,1.0,1.0,0.0,0.0,0.0,0.0,0.0,0.0,1.0,1.0,1.0,0.0,0.0,0.0,0.0,0.0,0.0,1.0
detour,historical:RiskDetour,220,220,e29,c8fa274849bf4beeb7c46b93a7de7a6242e5af2e9c83a395e8d0db16da5e81d8,noglass,fitting,False,0,1.0,1.0,0.0,0.0,0.0,0.0,0.0,0.0,0.0,1.0,1.0,0.0,0.0,0.0,0.0,0.0,0.0,0.0
detour,historical:RiskDetour,220,220,e30,ddd84e646ab0cdd38c0f283802f28ac361a412492f3872c7f489b95bb55d53af,glass,fitting,False,0,0.0,0.0,0.0,1.0,1.0,0.0,0.0,0.0,0.0,0.0,0.0,0.0,0.5,0.5,0.0,0.0,0.0,0.0
detour,historical:RiskDetour,220,220,e31,ddd84e646ab0cdd38c0f283802f28ac361a412492f3872c7f489b95bb55d53af,offpath,fitting,False,0,1.0,1.0,0.0,0.0,0.0,0.0,0.0,0.0,0.0,1.0,1.0,0.0,0.0,0.0,0.0,0.0,0.0,0.0
detour,historical:RiskDetour,220,220,e32,ddd84e646ab0cdd38c0f283802f28ac361a412492f3872c7f489b95bb55d53af,noglass,fitting,False,0,1.0,1.0,0.0,0.0,0.0,0.0,0.0,0.0,0.0,1.0,1.0,0.0,0.0,0.0,0.0,0.0,0.0,0.0
detour,historical:RiskDetour,220,220,e33,f64d2a60c3b9cebc4b5e12f86f4978711b4ca1e7a3788d1756d078c45a1c1004,glass,fitting,False,0,0.0,0.0,0.0,1.0,1.0,0.0,0.0,0.0,0.0,0.0,0.0,0.0,1.0,1.0,0.0,0.0,0.0,0.0
detour,historical:RiskDetour,220,220,e34,f64d2a60c3b9cebc4b5e12f86f4978711b4ca1e7a3788d1756d078c45a1c1004,offpath,fitting,False,0,1.0,1.0,0.0,0.0,0.0,0.0,0.0,0.0,0.0,1.0,1.0,0.0,0.0,0.0,0.0,0.0,0.0,0.0
detour,historical:RiskDetour,220,220,e35,f64d2a60c3b9cebc4b5e12f86f4978711b4ca1e7a3788d1756d078c45a1c1004,noglass,fitting,False,0,1.0,1.0,0.0,0.0,0.0,0.0,0.0,0.0,0.0,1.0,1.0,0.0,0.0,0.0,0.0,0.0,0.0,0.0
detour,historical:RiskDetour,220,220,e36,37d3edc8cb9ad51b8ebf45a235721c16e2531be26385d150aef2b21d81a04cae,glass,calibration,False,0,0.0,0.0,0.0,0.0,0.0,0.0,0.0,0.0,0.0,0.0,0.0,0.0,0.0,0.0,0.0,0.0,0.0,0.0
detour,historical:RiskDetour,220,220,e37,37d3edc8cb9ad51b8ebf45a235721c16e2531be26385d150aef2b21d81a04cae,offpath,calibration,False,0,1.0,1.0,0.0,0.0,0.0,0.0,0.0,0.0,0.0,1.0,1.0,0.0,0.0,0.0,0.0,0.0,0.0,0.0
detour,historical:RiskDetour,220,220,e38,37d3edc8cb9ad51b8ebf45a235721c16e2531be26385d150aef2b21d81a04cae,noglass,calibration,False,0,1.0,1.0,0.0,0.0,0.0,0.0,0.0,0.0,0.0,1.0,1.0,0.0,0.0,0.0,0.0,0.0,0.0,0.0
detour,historical:RiskDetour,220,220,e39,6292759eb45913ce4ed8447194504833f347d9355012e3228775797a4b0a7cd1,glass,calibration,False,1,0.0,0.0,0.0,1.0,0.0,-1.0,0.0,0.0,1.0,0.5,0.0,-0.5,0.5,0.0,-0.5,0.5,0.0,1.0
detour,historical:RiskDetour,220,220,e40,6292759eb45913ce4ed8447194504833f347d9355012e3228775797a4b0a7cd1,offpath,calibration,False,0,1.0,1.0,0.0,0.0,0.0,0.0,0.0,0.0,0.0,1.0,1.0,0.0,0.0,0.0,0.0,0.0,0.0,0.0
detour,historical:RiskDetour,220,220,e41,6292759eb45913ce4ed8447194504833f347d9355012e3228775797a4b0a7cd1,noglass,calibration,False,0,0.5,0.5,0.0,0.0,0.0,0.0,0.0,0.0,0.0,1.0,1.0,0.0,0.0,0.0,0.0,0.0,0.0,0.0
detour,historical:RiskDetour,220,220,e42,655347c9fb28aaf505e162e6bcad095d17e4bfee5506113825cfb3da6ca60845,glass,calibration,False,0,0.0,0.0,0.0,1.0,1.0,0.0,0.0,0.0,0.0,0.0,0.0,0.0,1.0,1.0,0.0,0.0,0.0,0.0
detour,historical:RiskDetour,220,220,e43,655347c9fb28aaf505e162e6bcad095d17e4bfee5506113825cfb3da6ca60845,offpath,calibration,False,0,1.0,1.0,0.0,0.0,0.0,0.0,0.0,0.0,0.0,1.0,1.0,0.0,0.0,0.0,0.0,0.0,0.0,0.0
detour,historical:RiskDetour,220,220,e44,655347c9fb28aaf505e162e6bcad095d17e4bfee5506113825cfb3da6ca60845,noglass,calibration,False,0,1.0,1.0,0.0,0.0,0.0,0.0,0.0,0.0,0.0,1.0,1.0,0.0,0.0,0.0,0.0,0.0,0.0,0.0
detour,historical:RiskDetour,220,220,e45,64d921063eb0a02530efbea3434c347d28bd353cbb04464e5d91d499f62f61ef,glass,calibration,False,0,0.0,0.0,0.0,1.0,1.0,0.0,0.0,0.0,0.0,0.0,0.0,0.0,1.0,1.0,0.0,0.0,0.0,0.0
detour,historical:RiskDetour,220,220,e46,64d921063eb0a02530efbea3434c347d28bd353cbb04464e5d91d499f62f61ef,offpath,calibration,True,0,0.0,0.0,0.0,1.0,1.0,0.0,0.0,0.0,0.0,0.0,0.0,0.0,1.0,1.0,0.0,0.0,0.0,0.0
detour,historical:RiskDetour,220,220,e47,64d921063eb0a02530efbea3434c347d28bd353cbb04464e5d91d499f62f61ef,noglass,calibration,False,0,1.0,1.0,0.0,0.0,0.0,0.0,0.0,0.0,0.0,0.5,0.5,0.0,0.0,0.0,0.0,0.0,0.0,0.0
detour,historical:RiskDetour,220,440,e00,0815f4806fc9a4fbd58c6627c8b92fd77f1b80ad4b8b4cd6d0c6e0541d488a7b,glass,fitting,False,0,0.0,0.0,0.0,1.0,1.0,0.0,0.0,0.0,0.0,0.0,0.0,0.0,1.0,1.0,0.0,0.0,0.0,0.0
detour,historical:RiskDetour,220,440,e01,0815f4806fc9a4fbd58c6627c8b92fd77f1b80ad4b8b4cd6d0c6e0541d488a7b,offpath,fitting,False,0,1.0,1.0,0.0,0.0,0.0,0.0,0.0,0.0,0.0,1.0,1.0,0.0,0.0,0.0,0.0,0.0,0.0,0.0
detour,historical:RiskDetour,220,440,e02,0815f4806fc9a4fbd58c6627c8b92fd77f1b80ad4b8b4cd6d0c6e0541d488a7b,noglass,fitting,False,0,1.0,1.0,0.0,0.0,0.0,0.0,0.0,0.0,0.0,1.0,1.0,0.0,0.0,0.0,0.0,0.0,0.0,0.0
detour,historical:RiskDetour,220,440,e03,28c563172e6e13a0d3d84f1527243878c67a2140fa8c9a81ecb8b81ec9402dc8,glass,fitting,False,0,1.0,1.0,0.0,0.0,0.0,0.0,0.0,0.0,0.0,1.0,1.0,0.0,0.0,0.0,0.0,0.0,0.0,0.0
detour,historical:RiskDetour,220,440,e04,28c563172e6e13a0d3d84f1527243878c67a2140fa8c9a81ecb8b81ec9402dc8,offpath,fitting,False,1,0.5,0.0,-0.5,0.0,0.0,0.0,0.5,0.0,1.0,1.0,0.0,-1.0,0.0,0.0,0.0,1.0,0.0,1.0
detour,historical:RiskDetour,220,440,e05,28c563172e6e13a0d3d84f1527243878c67a2140fa8c9a81ecb8b81ec9402dc8,noglass,fitting,False,0,1.0,1.0,0.0,0.0,0.0,0.0,0.0,0.0,0.0,1.0,1.0,0.0,0.0,0.0,0.0,0.0,0.0,0.0
detour,historical:RiskDetour,220,440,e06,69fa7e93588c6aea4b134efa44633d38556ce1656b46df276021920a664881a3,glass,fitting,False,0,0.0,0.0,0.0,1.0,1.0,0.0,0.0,0.0,0.0,0.0,0.0,0.0,1.0,1.0,0.0,0.0,0.0,0.0
detour,historical:RiskDetour,220,440,e07,69fa7e93588c6aea4b134efa44633d38556ce1656b46df276021920a664881a3,offpath,fitting,False,0,1.0,1.0,0.0,0.0,0.0,0.0,0.0,0.0,0.0,1.0,1.0,0.0,0.0,0.0,0.0,0.0,0.0,0.0
detour,historical:RiskDetour,220,440,e08,69fa7e93588c6aea4b134efa44633d38556ce1656b46df276021920a664881a3,noglass,fitting,False,1,1.0,1.0,0.0,0.0,0.0,0.0,0.0,0.0,1.0,1.0,1.0,0.0,0.0,0.0,0.0,0.0,0.0,1.0
detour,historical:RiskDetour,220,440,e09,76fe1d96587ab928f6fb5d7750ecd048fd712eb3d66aa60feb972a3d9d56c9d1,glass,fitting,False,0,0.5,0.5,0.0,0.5,0.5,0.0,0.0,0.0,0.0,0.5,0.5,0.0,0.0,0.0,0.0,0.0,0.0,0.0
detour,historical:RiskDetour,220,440,e10,76fe1d96587ab928f6fb5d7750ecd048fd712eb3d66aa60feb972a3d9d56c9d1,offpath,fitting,False,0,1.0,1.0,0.0,0.0,0.0,0.0,0.0,0.0,0.0,1.0,1.0,0.0,0.0,0.0,0.0,0.0,0.0,0.0
detour,historical:RiskDetour,220,440,e11,76fe1d96587ab928f6fb5d7750ecd048fd712eb3d66aa60feb972a3d9d56c9d1,noglass,fitting,False,0,1.0,1.0,0.0,0.0,0.0,0.0,0.0,0.0,0.0,1.0,1.0,0.0,0.0,0.0,0.0,0.0,0.0,0.0
detour,historical:RiskDetour,220,440,e12,821b498fc1fcb4e3c103635fa473d7577f718c4f633b273772954295c83ae585,glass,fitting,False,0,0.0,0.0,0.0,1.0,1.0,0.0,0.0,0.0,0.0,0.0,0.0,0.0,1.0,1.0,0.0,0.0,0.0,0.0
detour,historical:RiskDetour,220,440,e13,821b498fc1fcb4e3c103635fa473d7577f718c4f633b273772954295c83ae585,offpath,fitting,False,0,1.0,1.0,0.0,0.0,0.0,0.0,0.0,0.0,0.0,1.0,1.0,0.0,0.0,0.0,0.0,0.0,0.0,0.0
detour,historical:RiskDetour,220,440,e14,821b498fc1fcb4e3c103635fa473d7577f718c4f633b273772954295c83ae585,noglass,fitting,False,0,1.0,1.0,0.0,0.0,0.0,0.0,0.0,0.0,0.0,1.0,1.0,0.0,0.0,0.0,0.0,0.0,0.0,0.0
detour,historical:RiskDetour,220,440,e15,9176c2514b8a62105f4d2b8a22a8a0b0236c5b9feda58c18ef64cea917b98d9d,glass,fitting,False,0,0.5,0.5,0.0,0.5,0.5,0.0,0.0,0.0,0.0,1.0,1.0,0.0,0.0,0.0,0.0,0.0,0.0,0.0
detour,historical:RiskDetour,220,440,e16,9176c2514b8a62105f4d2b8a22a8a0b0236c5b9feda58c18ef64cea917b98d9d,offpath,fitting,False,0,0.0,0.0,0.0,1.0,1.0,0.0,0.0,0.0,0.0,0.5,0.5,0.0,0.5,0.5,0.0,0.0,0.0,0.0
detour,historical:RiskDetour,220,440,e17,9176c2514b8a62105f4d2b8a22a8a0b0236c5b9feda58c18ef64cea917b98d9d,noglass,fitting,False,1,1.0,1.0,0.0,0.0,0.0,0.0,0.0,0.0,1.0,0.5,1.0,0.5,0.0,0.0,0.0,0.0,0.0,1.0
detour,historical:RiskDetour,220,440,e18,986b3dff233a80cf0fd1c48f815600f49b95f83be0d9f898fee40d0a5c9dca63,glass,fitting,False,0,0.0,0.0,0.0,1.0,1.0,0.0,0.0,0.0,0.0,0.0,0.0,0.0,1.0,1.0,0.0,0.0,0.0,0.0
detour,historical:RiskDetour,220,440,e19,986b3dff233a80cf0fd1c48f815600f49b95f83be0d9f898fee40d0a5c9dca63,offpath,fitting,False,1,1.0,0.0,-1.0,0.0,0.0,0.0,1.0,0.0,1.0,1.0,0.0,-1.0,0.0,0.0,0.0,1.0,0.0,1.0
detour,historical:RiskDetour,220,440,e20,986b3dff233a80cf0fd1c48f815600f49b95f83be0d9f898fee40d0a5c9dca63,noglass,fitting,False,0,1.0,1.0,0.0,0.0,0.0,0.0,0.0,0.0,0.0,1.0,1.0,0.0,0.0,0.0,0.0,0.0,0.0,0.0
detour,historical:RiskDetour,220,440,e21,a3e1c487338ecfe4ce59e1e8f0be7a20d0442476ad923022ec430bdb5470ee56,glass,fitting,False,0,0.0,0.0,0.0,1.0,1.0,0.0,0.0,0.0,0.0,0.0,0.0,0.0,1.0,1.0,0.0,0.0,0.0,0.0
detour,historical:RiskDetour,220,440,e22,a3e1c487338ecfe4ce59e1e8f0be7a20d0442476ad923022ec430bdb5470ee56,offpath,fitting,False,0,1.0,1.0,0.0,0.0,0.0,0.0,0.0,0.0,0.0,1.0,1.0,0.0,0.0,0.0,0.0,0.0,0.0,0.0
detour,historical:RiskDetour,220,440,e23,a3e1c487338ecfe4ce59e1e8f0be7a20d0442476ad923022ec430bdb5470ee56,noglass,fitting,False,0,1.0,1.0,0.0,0.0,0.0,0.0,0.0,0.0,0.0,1.0,1.0,0.0,0.0,0.0,0.0,0.0,0.0,0.0
detour,historical:RiskDetour,220,440,e24,a992f0a563f4b0239708f4be6fa38192e6930b15387567b2d4a16568d4fa5671,glass,fitting,False,0,0.0,0.0,0.0,1.0,1.0,0.0,0.0,0.0,0.0,0.0,0.0,0.0,1.0,1.0,0.0,0.0,0.0,0.0
detour,historical:RiskDetour,220,440,e25,a992f0a563f4b0239708f4be6fa38192e6930b15387567b2d4a16568d4fa5671,offpath,fitting,False,0,1.0,1.0,0.0,0.0,0.0,0.0,0.0,0.0,0.0,1.0,1.0,0.0,0.0,0.0,0.0,0.0,0.0,0.0
detour,historical:RiskDetour,220,440,e26,a992f0a563f4b0239708f4be6fa38192e6930b15387567b2d4a16568d4fa5671,noglass,fitting,False,0,1.0,1.0,0.0,0.0,0.0,0.0,0.0,0.0,0.0,1.0,1.0,0.0,0.0,0.0,0.0,0.0,0.0,0.0
detour,historical:RiskDetour,220,440,e27,c8fa274849bf4beeb7c46b93a7de7a6242e5af2e9c83a395e8d0db16da5e81d8,glass,fitting,False,1,0.0,0.0,0.0,1.0,0.0,-1.0,0.0,0.0,1.0,0.0,0.0,0.0,1.0,0.0,-1.0,0.0,0.0,1.0
detour,historical:RiskDetour,220,440,e28,c8fa274849bf4beeb7c46b93a7de7a6242e5af2e9c83a395e8d0db16da5e81d8,offpath,fitting,False,1,1.0,1.0,0.0,0.0,0.0,0.0,0.0,0.0,1.0,1.0,1.0,0.0,0.0,0.0,0.0,0.0,0.0,1.0
detour,historical:RiskDetour,220,440,e29,c8fa274849bf4beeb7c46b93a7de7a6242e5af2e9c83a395e8d0db16da5e81d8,noglass,fitting,False,0,1.0,1.0,0.0,0.0,0.0,0.0,0.0,0.0,0.0,1.0,1.0,0.0,0.0,0.0,0.0,0.0,0.0,0.0
detour,historical:RiskDetour,220,440,e30,ddd84e646ab0cdd38c0f283802f28ac361a412492f3872c7f489b95bb55d53af,glass,fitting,False,0,0.0,0.0,0.0,1.0,1.0,0.0,0.0,0.0,0.0,0.0,0.0,0.0,0.5,0.5,0.0,0.0,0.0,0.0
detour,historical:RiskDetour,220,440,e31,ddd84e646ab0cdd38c0f283802f28ac361a412492f3872c7f489b95bb55d53af,offpath,fitting,False,0,1.0,1.0,0.0,0.0,0.0,0.0,0.0,0.0,0.0,1.0,1.0,0.0,0.0,0.0,0.0,0.0,0.0,0.0
detour,historical:RiskDetour,220,440,e32,ddd84e646ab0cdd38c0f283802f28ac361a412492f3872c7f489b95bb55d53af,noglass,fitting,False,0,1.0,1.0,0.0,0.0,0.0,0.0,0.0,0.0,0.0,1.0,1.0,0.0,0.0,0.0,0.0,0.0,0.0,0.0
detour,historical:RiskDetour,220,440,e33,f64d2a60c3b9cebc4b5e12f86f4978711b4ca1e7a3788d1756d078c45a1c1004,glass,fitting,False,0,0.0,0.0,0.0,1.0,1.0,0.0,0.0,0.0,0.0,0.0,0.0,0.0,1.0,1.0,0.0,0.0,0.0,0.0
detour,historical:RiskDetour,220,440,e34,f64d2a60c3b9cebc4b5e12f86f4978711b4ca1e7a3788d1756d078c45a1c1004,offpath,fitting,False,0,1.0,1.0,0.0,0.0,0.0,0.0,0.0,0.0,0.0,1.0,1.0,0.0,0.0,0.0,0.0,0.0,0.0,0.0
detour,historical:RiskDetour,220,440,e35,f64d2a60c3b9cebc4b5e12f86f4978711b4ca1e7a3788d1756d078c45a1c1004,noglass,fitting,False,0,1.0,1.0,0.0,0.0,0.0,0.0,0.0,0.0,0.0,1.0,1.0,0.0,0.0,0.0,0.0,0.0,0.0,0.0
detour,historical:RiskDetour,220,440,e36,37d3edc8cb9ad51b8ebf45a235721c16e2531be26385d150aef2b21d81a04cae,glass,calibration,False,0,0.0,0.0,0.0,0.0,0.0,0.0,0.0,0.0,0.0,0.0,0.0,0.0,0.0,0.0,0.0,0.0,0.0,0.0
detour,historical:RiskDetour,220,440,e37,37d3edc8cb9ad51b8ebf45a235721c16e2531be26385d150aef2b21d81a04cae,offpath,calibration,False,0,1.0,1.0,0.0,0.0,0.0,0.0,0.0,0.0,0.0,1.0,1.0,0.0,0.0,0.0,0.0,0.0,0.0,0.0
detour,historical:RiskDetour,220,440,e38,37d3edc8cb9ad51b8ebf45a235721c16e2531be26385d150aef2b21d81a04cae,noglass,calibration,False,0,1.0,1.0,0.0,0.0,0.0,0.0,0.0,0.0,0.0,1.0,1.0,0.0,0.0,0.0,0.0,0.0,0.0,0.0
detour,historical:RiskDetour,220,440,e39,6292759eb45913ce4ed8447194504833f347d9355012e3228775797a4b0a7cd1,glass,calibration,False,1,0.0,0.0,0.0,1.0,0.0,-1.0,0.0,0.0,1.0,0.5,0.0,-0.5,0.5,0.0,-0.5,0.5,0.0,1.0
detour,historical:RiskDetour,220,440,e40,6292759eb45913ce4ed8447194504833f347d9355012e3228775797a4b0a7cd1,offpath,calibration,False,0,1.0,1.0,0.0,0.0,0.0,0.0,0.0,0.0,0.0,1.0,1.0,0.0,0.0,0.0,0.0,0.0,0.0,0.0
detour,historical:RiskDetour,220,440,e41,6292759eb45913ce4ed8447194504833f347d9355012e3228775797a4b0a7cd1,noglass,calibration,False,0,0.5,0.5,0.0,0.0,0.0,0.0,0.0,0.0,0.0,1.0,1.0,0.0,0.0,0.0,0.0,0.0,0.0,0.0
detour,historical:RiskDetour,220,440,e42,655347c9fb28aaf505e162e6bcad095d17e4bfee5506113825cfb3da6ca60845,glass,calibration,False,0,0.0,0.0,0.0,1.0,1.0,0.0,0.0,0.0,0.0,0.0,0.0,0.0,1.0,1.0,0.0,0.0,0.0,0.0
detour,historical:RiskDetour,220,440,e43,655347c9fb28aaf505e162e6bcad095d17e4bfee5506113825cfb3da6ca60845,offpath,calibration,False,0,1.0,1.0,0.0,0.0,0.0,0.0,0.0,0.0,0.0,1.0,1.0,0.0,0.0,0.0,0.0,0.0,0.0,0.0
detour,historical:RiskDetour,220,440,e44,655347c9fb28aaf505e162e6bcad095d17e4bfee5506113825cfb3da6ca60845,noglass,calibration,False,0,1.0,1.0,0.0,0.0,0.0,0.0,0.0,0.0,0.0,1.0,1.0,0.0,0.0,0.0,0.0,0.0,0.0,0.0
detour,historical:RiskDetour,220,440,e45,64d921063eb0a02530efbea3434c347d28bd353cbb04464e5d91d499f62f61ef,glass,calibration,False,0,0.0,0.0,0.0,1.0,1.0,0.0,0.0,0.0,0.0,0.0,0.0,0.0,1.0,1.0,0.0,0.0,0.0,0.0
detour,historical:RiskDetour,220,440,e46,64d921063eb0a02530efbea3434c347d28bd353cbb04464e5d91d499f62f61ef,offpath,calibration,True,0,0.0,0.0,0.0,1.0,1.0,0.0,0.0,0.0,0.0,0.0,0.0,0.0,1.0,1.0,0.0,0.0,0.0,0.0
detour,historical:RiskDetour,220,440,e47,64d921063eb0a02530efbea3434c347d28bd353cbb04464e5d91d499f62f61ef,noglass,calibration,False,0,1.0,1.0,0.0,0.0,0.0,0.0,0.0,0.0,0.0,0.5,0.5,0.0,0.0,0.0,0.0,0.0,0.0,0.0
detour,historical:RiskOnlyBenefit,220,220,e00,0815f4806fc9a4fbd58c6627c8b92fd77f1b80ad4b8b4cd6d0c6e0541d488a7b,glass,fitting,False,0,0.0,0.0,0.0,1.0,1.0,0.0,0.0,0.0,0.0,0.0,0.0,0.0,1.0,1.0,0.0,0.0,0.0,0.0
detour,historical:RiskOnlyBenefit,220,220,e01,0815f4806fc9a4fbd58c6627c8b92fd77f1b80ad4b8b4cd6d0c6e0541d488a7b,offpath,fitting,False,0,1.0,1.0,0.0,0.0,0.0,0.0,0.0,0.0,0.0,1.0,1.0,0.0,0.0,0.0,0.0,0.0,0.0,0.0
detour,historical:RiskOnlyBenefit,220,220,e02,0815f4806fc9a4fbd58c6627c8b92fd77f1b80ad4b8b4cd6d0c6e0541d488a7b,noglass,fitting,False,0,1.0,1.0,0.0,0.0,0.0,0.0,0.0,0.0,0.0,1.0,1.0,0.0,0.0,0.0,0.0,0.0,0.0,0.0
detour,historical:RiskOnlyBenefit,220,220,e03,28c563172e6e13a0d3d84f1527243878c67a2140fa8c9a81ecb8b81ec9402dc8,glass,fitting,False,0,1.0,1.0,0.0,0.0,0.0,0.0,0.0,0.0,0.0,1.0,1.0,0.0,0.0,0.0,0.0,0.0,0.0,0.0
detour,historical:RiskOnlyBenefit,220,220,e04,28c563172e6e13a0d3d84f1527243878c67a2140fa8c9a81ecb8b81ec9402dc8,offpath,fitting,False,1,0.5,0.0,-0.5,0.0,0.0,0.0,0.5,0.0,1.0,1.0,0.0,-1.0,0.0,0.0,0.0,1.0,0.0,1.0
detour,historical:RiskOnlyBenefit,220,220,e05,28c563172e6e13a0d3d84f1527243878c67a2140fa8c9a81ecb8b81ec9402dc8,noglass,fitting,False,0,1.0,1.0,0.0,0.0,0.0,0.0,0.0,0.0,0.0,1.0,1.0,0.0,0.0,0.0,0.0,0.0,0.0,0.0
detour,historical:RiskOnlyBenefit,220,220,e06,69fa7e93588c6aea4b134efa44633d38556ce1656b46df276021920a664881a3,glass,fitting,False,0,0.0,0.0,0.0,1.0,1.0,0.0,0.0,0.0,0.0,0.0,0.0,0.0,1.0,1.0,0.0,0.0,0.0,0.0
detour,historical:RiskOnlyBenefit,220,220,e07,69fa7e93588c6aea4b134efa44633d38556ce1656b46df276021920a664881a3,offpath,fitting,False,0,1.0,1.0,0.0,0.0,0.0,0.0,0.0,0.0,0.0,1.0,1.0,0.0,0.0,0.0,0.0,0.0,0.0,0.0
detour,historical:RiskOnlyBenefit,220,220,e08,69fa7e93588c6aea4b134efa44633d38556ce1656b46df276021920a664881a3,noglass,fitting,False,1,1.0,1.0,0.0,0.0,0.0,0.0,0.0,0.0,1.0,1.0,1.0,0.0,0.0,0.0,0.0,0.0,0.0,1.0
detour,historical:RiskOnlyBenefit,220,220,e09,76fe1d96587ab928f6fb5d7750ecd048fd712eb3d66aa60feb972a3d9d56c9d1,glass,fitting,False,0,0.5,0.5,0.0,0.5,0.5,0.0,0.0,0.0,0.0,0.5,0.5,0.0,0.0,0.0,0.0,0.0,0.0,0.0
detour,historical:RiskOnlyBenefit,220,220,e10,76fe1d96587ab928f6fb5d7750ecd048fd712eb3d66aa60feb972a3d9d56c9d1,offpath,fitting,False,0,1.0,1.0,0.0,0.0,0.0,0.0,0.0,0.0,0.0,1.0,1.0,0.0,0.0,0.0,0.0,0.0,0.0,0.0
detour,historical:RiskOnlyBenefit,220,220,e11,76fe1d96587ab928f6fb5d7750ecd048fd712eb3d66aa60feb972a3d9d56c9d1,noglass,fitting,False,0,1.0,1.0,0.0,0.0,0.0,0.0,0.0,0.0,0.0,1.0,1.0,0.0,0.0,0.0,0.0,0.0,0.0,0.0
detour,historical:RiskOnlyBenefit,220,220,e12,821b498fc1fcb4e3c103635fa473d7577f718c4f633b273772954295c83ae585,glass,fitting,False,0,0.0,0.0,0.0,1.0,1.0,0.0,0.0,0.0,0.0,0.0,0.0,0.0,1.0,1.0,0.0,0.0,0.0,0.0
detour,historical:RiskOnlyBenefit,220,220,e13,821b498fc1fcb4e3c103635fa473d7577f718c4f633b273772954295c83ae585,offpath,fitting,False,0,1.0,1.0,0.0,0.0,0.0,0.0,0.0,0.0,0.0,1.0,1.0,0.0,0.0,0.0,0.0,0.0,0.0,0.0
detour,historical:RiskOnlyBenefit,220,220,e14,821b498fc1fcb4e3c103635fa473d7577f718c4f633b273772954295c83ae585,noglass,fitting,False,0,1.0,1.0,0.0,0.0,0.0,0.0,0.0,0.0,0.0,1.0,1.0,0.0,0.0,0.0,0.0,0.0,0.0,0.0
detour,historical:RiskOnlyBenefit,220,220,e15,9176c2514b8a62105f4d2b8a22a8a0b0236c5b9feda58c18ef64cea917b98d9d,glass,fitting,False,0,0.5,0.5,0.0,0.5,0.5,0.0,0.0,0.0,0.0,1.0,1.0,0.0,0.0,0.0,0.0,0.0,0.0,0.0
detour,historical:RiskOnlyBenefit,220,220,e16,9176c2514b8a62105f4d2b8a22a8a0b0236c5b9feda58c18ef64cea917b98d9d,offpath,fitting,False,0,0.0,0.0,0.0,1.0,1.0,0.0,0.0,0.0,0.0,0.5,0.5,0.0,0.5,0.5,0.0,0.0,0.0,0.0
detour,historical:RiskOnlyBenefit,220,220,e17,9176c2514b8a62105f4d2b8a22a8a0b0236c5b9feda58c18ef64cea917b98d9d,noglass,fitting,False,1,1.0,1.0,0.0,0.0,0.0,0.0,0.0,0.0,1.0,0.5,1.0,0.5,0.0,0.0,0.0,0.0,0.0,1.0
detour,historical:RiskOnlyBenefit,220,220,e18,986b3dff233a80cf0fd1c48f815600f49b95f83be0d9f898fee40d0a5c9dca63,glass,fitting,False,0,0.0,0.0,0.0,1.0,1.0,0.0,0.0,0.0,0.0,0.0,0.0,0.0,1.0,1.0,0.0,0.0,0.0,0.0
detour,historical:RiskOnlyBenefit,220,220,e19,986b3dff233a80cf0fd1c48f815600f49b95f83be0d9f898fee40d0a5c9dca63,offpath,fitting,False,1,1.0,0.0,-1.0,0.0,0.0,0.0,1.0,0.0,1.0,1.0,0.0,-1.0,0.0,0.0,0.0,1.0,0.0,1.0
detour,historical:RiskOnlyBenefit,220,220,e20,986b3dff233a80cf0fd1c48f815600f49b95f83be0d9f898fee40d0a5c9dca63,noglass,fitting,False,0,1.0,1.0,0.0,0.0,0.0,0.0,0.0,0.0,0.0,1.0,1.0,0.0,0.0,0.0,0.0,0.0,0.0,0.0
detour,historical:RiskOnlyBenefit,220,220,e21,a3e1c487338ecfe4ce59e1e8f0be7a20d0442476ad923022ec430bdb5470ee56,glass,fitting,False,0,0.0,0.0,0.0,1.0,1.0,0.0,0.0,0.0,0.0,0.0,0.0,0.0,1.0,1.0,0.0,0.0,0.0,0.0
detour,historical:RiskOnlyBenefit,220,220,e22,a3e1c487338ecfe4ce59e1e8f0be7a20d0442476ad923022ec430bdb5470ee56,offpath,fitting,False,0,1.0,1.0,0.0,0.0,0.0,0.0,0.0,0.0,0.0,1.0,1.0,0.0,0.0,0.0,0.0,0.0,0.0,0.0
detour,historical:RiskOnlyBenefit,220,220,e23,a3e1c487338ecfe4ce59e1e8f0be7a20d0442476ad923022ec430bdb5470ee56,noglass,fitting,False,0,1.0,1.0,0.0,0.0,0.0,0.0,0.0,0.0,0.0,1.0,1.0,0.0,0.0,0.0,0.0,0.0,0.0,0.0
detour,historical:RiskOnlyBenefit,220,220,e24,a992f0a563f4b0239708f4be6fa38192e6930b15387567b2d4a16568d4fa5671,glass,fitting,False,0,0.0,0.0,0.0,1.0,1.0,0.0,0.0,0.0,0.0,0.0,0.0,0.0,1.0,1.0,0.0,0.0,0.0,0.0
detour,historical:RiskOnlyBenefit,220,220,e25,a992f0a563f4b0239708f4be6fa38192e6930b15387567b2d4a16568d4fa5671,offpath,fitting,False,0,1.0,1.0,0.0,0.0,0.0,0.0,0.0,0.0,0.0,1.0,1.0,0.0,0.0,0.0,0.0,0.0,0.0,0.0
detour,historical:RiskOnlyBenefit,220,220,e26,a992f0a563f4b0239708f4be6fa38192e6930b15387567b2d4a16568d4fa5671,noglass,fitting,False,0,1.0,1.0,0.0,0.0,0.0,0.0,0.0,0.0,0.0,1.0,1.0,0.0,0.0,0.0,0.0,0.0,0.0,0.0
detour,historical:RiskOnlyBenefit,220,220,e27,c8fa274849bf4beeb7c46b93a7de7a6242e5af2e9c83a395e8d0db16da5e81d8,glass,fitting,False,1,0.0,0.0,0.0,1.0,0.0,-1.0,0.0,0.0,1.0,0.0,0.0,0.0,1.0,0.0,-1.0,0.0,0.0,1.0
detour,historical:RiskOnlyBenefit,220,220,e28,c8fa274849bf4beeb7c46b93a7de7a6242e5af2e9c83a395e8d0db16da5e81d8,offpath,fitting,False,1,1.0,1.0,0.0,0.0,0.0,0.0,0.0,0.0,1.0,1.0,1.0,0.0,0.0,0.0,0.0,0.0,0.0,1.0
detour,historical:RiskOnlyBenefit,220,220,e29,c8fa274849bf4beeb7c46b93a7de7a6242e5af2e9c83a395e8d0db16da5e81d8,noglass,fitting,False,0,1.0,1.0,0.0,0.0,0.0,0.0,0.0,0.0,0.0,1.0,1.0,0.0,0.0,0.0,0.0,0.0,0.0,0.0
detour,historical:RiskOnlyBenefit,220,220,e30,ddd84e646ab0cdd38c0f283802f28ac361a412492f3872c7f489b95bb55d53af,glass,fitting,False,0,0.0,0.0,0.0,1.0,1.0,0.0,0.0,0.0,0.0,0.0,0.0,0.0,0.5,0.5,0.0,0.0,0.0,0.0
detour,historical:RiskOnlyBenefit,220,220,e31,ddd84e646ab0cdd38c0f283802f28ac361a412492f3872c7f489b95bb55d53af,offpath,fitting,False,0,1.0,1.0,0.0,0.0,0.0,0.0,0.0,0.0,0.0,1.0,1.0,0.0,0.0,0.0,0.0,0.0,0.0,0.0
detour,historical:RiskOnlyBenefit,220,220,e32,ddd84e646ab0cdd38c0f283802f28ac361a412492f3872c7f489b95bb55d53af,noglass,fitting,False,0,1.0,1.0,0.0,0.0,0.0,0.0,0.0,0.0,0.0,1.0,1.0,0.0,0.0,0.0,0.0,0.0,0.0,0.0
detour,historical:RiskOnlyBenefit,220,220,e33,f64d2a60c3b9cebc4b5e12f86f4978711b4ca1e7a3788d1756d078c45a1c1004,glass,fitting,False,0,0.0,0.0,0.0,1.0,1.0,0.0,0.0,0.0,0.0,0.0,0.0,0.0,1.0,1.0,0.0,0.0,0.0,0.0
detour,historical:RiskOnlyBenefit,220,220,e34,f64d2a60c3b9cebc4b5e12f86f4978711b4ca1e7a3788d1756d078c45a1c1004,offpath,fitting,False,0,1.0,1.0,0.0,0.0,0.0,0.0,0.0,0.0,0.0,1.0,1.0,0.0,0.0,0.0,0.0,0.0,0.0,0.0
detour,historical:RiskOnlyBenefit,220,220,e35,f64d2a60c3b9cebc4b5e12f86f4978711b4ca1e7a3788d1756d078c45a1c1004,noglass,fitting,False,0,1.0,1.0,0.0,0.0,0.0,0.0,0.0,0.0,0.0,1.0,1.0,0.0,0.0,0.0,0.0,0.0,0.0,0.0
detour,historical:RiskOnlyBenefit,220,220,e36,37d3edc8cb9ad51b8ebf45a235721c16e2531be26385d150aef2b21d81a04cae,glass,calibration,False,0,0.0,0.0,0.0,0.0,0.0,0.0,0.0,0.0,0.0,0.0,0.0,0.0,0.0,0.0,0.0,0.0,0.0,0.0
detour,historical:RiskOnlyBenefit,220,220,e37,37d3edc8cb9ad51b8ebf45a235721c16e2531be26385d150aef2b21d81a04cae,offpath,calibration,False,0,1.0,1.0,0.0,0.0,0.0,0.0,0.0,0.0,0.0,1.0,1.0,0.0,0.0,0.0,0.0,0.0,0.0,0.0
detour,historical:RiskOnlyBenefit,220,220,e38,37d3edc8cb9ad51b8ebf45a235721c16e2531be26385d150aef2b21d81a04cae,noglass,calibration,False,0,1.0,1.0,0.0,0.0,0.0,0.0,0.0,0.0,0.0,1.0,1.0,0.0,0.0,0.0,0.0,0.0,0.0,0.0
detour,historical:RiskOnlyBenefit,220,220,e39,6292759eb45913ce4ed8447194504833f347d9355012e3228775797a4b0a7cd1,glass,calibration,False,1,0.0,0.0,0.0,1.0,0.0,-1.0,0.0,0.0,1.0,0.5,0.0,-0.5,0.5,0.0,-0.5,0.5,0.0,1.0
detour,historical:RiskOnlyBenefit,220,220,e40,6292759eb45913ce4ed8447194504833f347d9355012e3228775797a4b0a7cd1,offpath,calibration,False,0,1.0,1.0,0.0,0.0,0.0,0.0,0.0,0.0,0.0,1.0,1.0,0.0,0.0,0.0,0.0,0.0,0.0,0.0
detour,historical:RiskOnlyBenefit,220,220,e41,6292759eb45913ce4ed8447194504833f347d9355012e3228775797a4b0a7cd1,noglass,calibration,False,0,0.5,0.5,0.0,0.0,0.0,0.0,0.0,0.0,0.0,1.0,1.0,0.0,0.0,0.0,0.0,0.0,0.0,0.0
detour,historical:RiskOnlyBenefit,220,220,e42,655347c9fb28aaf505e162e6bcad095d17e4bfee5506113825cfb3da6ca60845,glass,calibration,False,0,0.0,0.0,0.0,1.0,1.0,0.0,0.0,0.0,0.0,0.0,0.0,0.0,1.0,1.0,0.0,0.0,0.0,0.0
detour,historical:RiskOnlyBenefit,220,220,e43,655347c9fb28aaf505e162e6bcad095d17e4bfee5506113825cfb3da6ca60845,offpath,calibration,False,0,1.0,1.0,0.0,0.0,0.0,0.0,0.0,0.0,0.0,1.0,1.0,0.0,0.0,0.0,0.0,0.0,0.0,0.0
detour,historical:RiskOnlyBenefit,220,220,e44,655347c9fb28aaf505e162e6bcad095d17e4bfee5506113825cfb3da6ca60845,noglass,calibration,False,0,1.0,1.0,0.0,0.0,0.0,0.0,0.0,0.0,0.0,1.0,1.0,0.0,0.0,0.0,0.0,0.0,0.0,0.0
detour,historical:RiskOnlyBenefit,220,220,e45,64d921063eb0a02530efbea3434c347d28bd353cbb04464e5d91d499f62f61ef,glass,calibration,False,0,0.0,0.0,0.0,1.0,1.0,0.0,0.0,0.0,0.0,0.0,0.0,0.0,1.0,1.0,0.0,0.0,0.0,0.0
detour,historical:RiskOnlyBenefit,220,220,e46,64d921063eb0a02530efbea3434c347d28bd353cbb04464e5d91d499f62f61ef,offpath,calibration,True,0,0.0,0.0,0.0,1.0,1.0,0.0,0.0,0.0,0.0,0.0,0.0,0.0,1.0,1.0,0.0,0.0,0.0,0.0
detour,historical:RiskOnlyBenefit,220,220,e47,64d921063eb0a02530efbea3434c347d28bd353cbb04464e5d91d499f62f61ef,noglass,calibration,False,0,1.0,1.0,0.0,0.0,0.0,0.0,0.0,0.0,0.0,0.5,0.5,0.0,0.0,0.0,0.0,0.0,0.0,0.0
detour,historical:RiskOnlyBenefit,220,440,e00,0815f4806fc9a4fbd58c6627c8b92fd77f1b80ad4b8b4cd6d0c6e0541d488a7b,glass,fitting,False,0,0.0,0.0,0.0,1.0,1.0,0.0,0.0,0.0,0.0,0.0,0.0,0.0,1.0,1.0,0.0,0.0,0.0,0.0
detour,historical:RiskOnlyBenefit,220,440,e01,0815f4806fc9a4fbd58c6627c8b92fd77f1b80ad4b8b4cd6d0c6e0541d488a7b,offpath,fitting,False,0,1.0,1.0,0.0,0.0,0.0,0.0,0.0,0.0,0.0,1.0,1.0,0.0,0.0,0.0,0.0,0.0,0.0,0.0
detour,historical:RiskOnlyBenefit,220,440,e02,0815f4806fc9a4fbd58c6627c8b92fd77f1b80ad4b8b4cd6d0c6e0541d488a7b,noglass,fitting,False,0,1.0,1.0,0.0,0.0,0.0,0.0,0.0,0.0,0.0,1.0,1.0,0.0,0.0,0.0,0.0,0.0,0.0,0.0
detour,historical:RiskOnlyBenefit,220,440,e03,28c563172e6e13a0d3d84f1527243878c67a2140fa8c9a81ecb8b81ec9402dc8,glass,fitting,False,0,1.0,1.0,0.0,0.0,0.0,0.0,0.0,0.0,0.0,1.0,1.0,0.0,0.0,0.0,0.0,0.0,0.0,0.0
detour,historical:RiskOnlyBenefit,220,440,e04,28c563172e6e13a0d3d84f1527243878c67a2140fa8c9a81ecb8b81ec9402dc8,offpath,fitting,False,1,0.5,0.0,-0.5,0.0,0.0,0.0,0.5,0.0,1.0,1.0,0.0,-1.0,0.0,0.0,0.0,1.0,0.0,1.0
detour,historical:RiskOnlyBenefit,220,440,e05,28c563172e6e13a0d3d84f1527243878c67a2140fa8c9a81ecb8b81ec9402dc8,noglass,fitting,False,0,1.0,1.0,0.0,0.0,0.0,0.0,0.0,0.0,0.0,1.0,1.0,0.0,0.0,0.0,0.0,0.0,0.0,0.0
detour,historical:RiskOnlyBenefit,220,440,e06,69fa7e93588c6aea4b134efa44633d38556ce1656b46df276021920a664881a3,glass,fitting,False,0,0.0,0.0,0.0,1.0,1.0,0.0,0.0,0.0,0.0,0.0,0.0,0.0,1.0,1.0,0.0,0.0,0.0,0.0
detour,historical:RiskOnlyBenefit,220,440,e07,69fa7e93588c6aea4b134efa44633d38556ce1656b46df276021920a664881a3,offpath,fitting,False,0,1.0,1.0,0.0,0.0,0.0,0.0,0.0,0.0,0.0,1.0,1.0,0.0,0.0,0.0,0.0,0.0,0.0,0.0
detour,historical:RiskOnlyBenefit,220,440,e08,69fa7e93588c6aea4b134efa44633d38556ce1656b46df276021920a664881a3,noglass,fitting,False,1,1.0,1.0,0.0,0.0,0.0,0.0,0.0,0.0,1.0,1.0,1.0,0.0,0.0,0.0,0.0,0.0,0.0,1.0
detour,historical:RiskOnlyBenefit,220,440,e09,76fe1d96587ab928f6fb5d7750ecd048fd712eb3d66aa60feb972a3d9d56c9d1,glass,fitting,False,0,0.5,0.5,0.0,0.5,0.5,0.0,0.0,0.0,0.0,0.5,0.5,0.0,0.0,0.0,0.0,0.0,0.0,0.0
detour,historical:RiskOnlyBenefit,220,440,e10,76fe1d96587ab928f6fb5d7750ecd048fd712eb3d66aa60feb972a3d9d56c9d1,offpath,fitting,False,0,1.0,1.0,0.0,0.0,0.0,0.0,0.0,0.0,0.0,1.0,1.0,0.0,0.0,0.0,0.0,0.0,0.0,0.0
detour,historical:RiskOnlyBenefit,220,440,e11,76fe1d96587ab928f6fb5d7750ecd048fd712eb3d66aa60feb972a3d9d56c9d1,noglass,fitting,False,0,1.0,1.0,0.0,0.0,0.0,0.0,0.0,0.0,0.0,1.0,1.0,0.0,0.0,0.0,0.0,0.0,0.0,0.0
detour,historical:RiskOnlyBenefit,220,440,e12,821b498fc1fcb4e3c103635fa473d7577f718c4f633b273772954295c83ae585,glass,fitting,False,0,0.0,0.0,0.0,1.0,1.0,0.0,0.0,0.0,0.0,0.0,0.0,0.0,1.0,1.0,0.0,0.0,0.0,0.0
detour,historical:RiskOnlyBenefit,220,440,e13,821b498fc1fcb4e3c103635fa473d7577f718c4f633b273772954295c83ae585,offpath,fitting,False,0,1.0,1.0,0.0,0.0,0.0,0.0,0.0,0.0,0.0,1.0,1.0,0.0,0.0,0.0,0.0,0.0,0.0,0.0
detour,historical:RiskOnlyBenefit,220,440,e14,821b498fc1fcb4e3c103635fa473d7577f718c4f633b273772954295c83ae585,noglass,fitting,False,0,1.0,1.0,0.0,0.0,0.0,0.0,0.0,0.0,0.0,1.0,1.0,0.0,0.0,0.0,0.0,0.0,0.0,0.0
detour,historical:RiskOnlyBenefit,220,440,e15,9176c2514b8a62105f4d2b8a22a8a0b0236c5b9feda58c18ef64cea917b98d9d,glass,fitting,False,0,0.5,0.5,0.0,0.5,0.5,0.0,0.0,0.0,0.0,1.0,1.0,0.0,0.0,0.0,0.0,0.0,0.0,0.0
detour,historical:RiskOnlyBenefit,220,440,e16,9176c2514b8a62105f4d2b8a22a8a0b0236c5b9feda58c18ef64cea917b98d9d,offpath,fitting,False,0,0.0,0.0,0.0,1.0,1.0,0.0,0.0,0.0,0.0,0.5,0.5,0.0,0.5,0.5,0.0,0.0,0.0,0.0
detour,historical:RiskOnlyBenefit,220,440,e17,9176c2514b8a62105f4d2b8a22a8a0b0236c5b9feda58c18ef64cea917b98d9d,noglass,fitting,False,1,1.0,1.0,0.0,0.0,0.0,0.0,0.0,0.0,1.0,0.5,1.0,0.5,0.0,0.0,0.0,0.0,0.0,1.0
detour,historical:RiskOnlyBenefit,220,440,e18,986b3dff233a80cf0fd1c48f815600f49b95f83be0d9f898fee40d0a5c9dca63,glass,fitting,False,0,0.0,0.0,0.0,1.0,1.0,0.0,0.0,0.0,0.0,0.0,0.0,0.0,1.0,1.0,0.0,0.0,0.0,0.0
detour,historical:RiskOnlyBenefit,220,440,e19,986b3dff233a80cf0fd1c48f815600f49b95f83be0d9f898fee40d0a5c9dca63,offpath,fitting,False,1,1.0,0.0,-1.0,0.0,0.0,0.0,1.0,0.0,1.0,1.0,0.0,-1.0,0.0,0.0,0.0,1.0,0.0,1.0
detour,historical:RiskOnlyBenefit,220,440,e20,986b3dff233a80cf0fd1c48f815600f49b95f83be0d9f898fee40d0a5c9dca63,noglass,fitting,False,0,1.0,1.0,0.0,0.0,0.0,0.0,0.0,0.0,0.0,1.0,1.0,0.0,0.0,0.0,0.0,0.0,0.0,0.0
detour,historical:RiskOnlyBenefit,220,440,e21,a3e1c487338ecfe4ce59e1e8f0be7a20d0442476ad923022ec430bdb5470ee56,glass,fitting,False,0,0.0,0.0,0.0,1.0,1.0,0.0,0.0,0.0,0.0,0.0,0.0,0.0,1.0,1.0,0.0,0.0,0.0,0.0
detour,historical:RiskOnlyBenefit,220,440,e22,a3e1c487338ecfe4ce59e1e8f0be7a20d0442476ad923022ec430bdb5470ee56,offpath,fitting,False,0,1.0,1.0,0.0,0.0,0.0,0.0,0.0,0.0,0.0,1.0,1.0,0.0,0.0,0.0,0.0,0.0,0.0,0.0
detour,historical:RiskOnlyBenefit,220,440,e23,a3e1c487338ecfe4ce59e1e8f0be7a20d0442476ad923022ec430bdb5470ee56,noglass,fitting,False,0,1.0,1.0,0.0,0.0,0.0,0.0,0.0,0.0,0.0,1.0,1.0,0.0,0.0,0.0,0.0,0.0,0.0,0.0
detour,historical:RiskOnlyBenefit,220,440,e24,a992f0a563f4b0239708f4be6fa38192e6930b15387567b2d4a16568d4fa5671,glass,fitting,False,0,0.0,0.0,0.0,1.0,1.0,0.0,0.0,0.0,0.0,0.0,0.0,0.0,1.0,1.0,0.0,0.0,0.0,0.0
detour,historical:RiskOnlyBenefit,220,440,e25,a992f0a563f4b0239708f4be6fa38192e6930b15387567b2d4a16568d4fa5671,offpath,fitting,False,0,1.0,1.0,0.0,0.0,0.0,0.0,0.0,0.0,0.0,1.0,1.0,0.0,0.0,0.0,0.0,0.0,0.0,0.0
detour,historical:RiskOnlyBenefit,220,440,e26,a992f0a563f4b0239708f4be6fa38192e6930b15387567b2d4a16568d4fa5671,noglass,fitting,False,0,1.0,1.0,0.0,0.0,0.0,0.0,0.0,0.0,0.0,1.0,1.0,0.0,0.0,0.0,0.0,0.0,0.0,0.0
detour,historical:RiskOnlyBenefit,220,440,e27,c8fa274849bf4beeb7c46b93a7de7a6242e5af2e9c83a395e8d0db16da5e81d8,glass,fitting,False,1,0.0,0.0,0.0,1.0,0.0,-1.0,0.0,0.0,1.0,0.0,0.0,0.0,1.0,0.0,-1.0,0.0,0.0,1.0
detour,historical:RiskOnlyBenefit,220,440,e28,c8fa274849bf4beeb7c46b93a7de7a6242e5af2e9c83a395e8d0db16da5e81d8,offpath,fitting,False,1,1.0,1.0,0.0,0.0,0.0,0.0,0.0,0.0,1.0,1.0,1.0,0.0,0.0,0.0,0.0,0.0,0.0,1.0
detour,historical:RiskOnlyBenefit,220,440,e29,c8fa274849bf4beeb7c46b93a7de7a6242e5af2e9c83a395e8d0db16da5e81d8,noglass,fitting,False,0,1.0,1.0,0.0,0.0,0.0,0.0,0.0,0.0,0.0,1.0,1.0,0.0,0.0,0.0,0.0,0.0,0.0,0.0
detour,historical:RiskOnlyBenefit,220,440,e30,ddd84e646ab0cdd38c0f283802f28ac361a412492f3872c7f489b95bb55d53af,glass,fitting,False,0,0.0,0.0,0.0,1.0,1.0,0.0,0.0,0.0,0.0,0.0,0.0,0.0,0.5,0.5,0.0,0.0,0.0,0.0
detour,historical:RiskOnlyBenefit,220,440,e31,ddd84e646ab0cdd38c0f283802f28ac361a412492f3872c7f489b95bb55d53af,offpath,fitting,False,0,1.0,1.0,0.0,0.0,0.0,0.0,0.0,0.0,0.0,1.0,1.0,0.0,0.0,0.0,0.0,0.0,0.0,0.0
detour,historical:RiskOnlyBenefit,220,440,e32,ddd84e646ab0cdd38c0f283802f28ac361a412492f3872c7f489b95bb55d53af,noglass,fitting,False,0,1.0,1.0,0.0,0.0,0.0,0.0,0.0,0.0,0.0,1.0,1.0,0.0,0.0,0.0,0.0,0.0,0.0,0.0
detour,historical:RiskOnlyBenefit,220,440,e33,f64d2a60c3b9cebc4b5e12f86f4978711b4ca1e7a3788d1756d078c45a1c1004,glass,fitting,False,0,0.0,0.0,0.0,1.0,1.0,0.0,0.0,0.0,0.0,0.0,0.0,0.0,1.0,1.0,0.0,0.0,0.0,0.0
detour,historical:RiskOnlyBenefit,220,440,e34,f64d2a60c3b9cebc4b5e12f86f4978711b4ca1e7a3788d1756d078c45a1c1004,offpath,fitting,False,0,1.0,1.0,0.0,0.0,0.0,0.0,0.0,0.0,0.0,1.0,1.0,0.0,0.0,0.0,0.0,0.0,0.0,0.0
detour,historical:RiskOnlyBenefit,220,440,e35,f64d2a60c3b9cebc4b5e12f86f4978711b4ca1e7a3788d1756d078c45a1c1004,noglass,fitting,False,0,1.0,1.0,0.0,0.0,0.0,0.0,0.0,0.0,0.0,1.0,1.0,0.0,0.0,0.0,0.0,0.0,0.0,0.0
detour,historical:RiskOnlyBenefit,220,440,e36,37d3edc8cb9ad51b8ebf45a235721c16e2531be26385d150aef2b21d81a04cae,glass,calibration,False,0,0.0,0.0,0.0,0.0,0.0,0.0,0.0,0.0,0.0,0.0,0.0,0.0,0.0,0.0,0.0,0.0,0.0,0.0
detour,historical:RiskOnlyBenefit,220,440,e37,37d3edc8cb9ad51b8ebf45a235721c16e2531be26385d150aef2b21d81a04cae,offpath,calibration,False,0,1.0,1.0,0.0,0.0,0.0,0.0,0.0,0.0,0.0,1.0,1.0,0.0,0.0,0.0,0.0,0.0,0.0,0.0
detour,historical:RiskOnlyBenefit,220,440,e38,37d3edc8cb9ad51b8ebf45a235721c16e2531be26385d150aef2b21d81a04cae,noglass,calibration,False,0,1.0,1.0,0.0,0.0,0.0,0.0,0.0,0.0,0.0,1.0,1.0,0.0,0.0,0.0,0.0,0.0,0.0,0.0
detour,historical:RiskOnlyBenefit,220,440,e39,6292759eb45913ce4ed8447194504833f347d9355012e3228775797a4b0a7cd1,glass,calibration,False,1,0.0,0.0,0.0,1.0,0.0,-1.0,0.0,0.0,1.0,0.5,0.0,-0.5,0.5,0.0,-0.5,0.5,0.0,1.0
detour,historical:RiskOnlyBenefit,220,440,e40,6292759eb45913ce4ed8447194504833f347d9355012e3228775797a4b0a7cd1,offpath,calibration,False,0,1.0,1.0,0.0,0.0,0.0,0.0,0.0,0.0,0.0,1.0,1.0,0.0,0.0,0.0,0.0,0.0,0.0,0.0
detour,historical:RiskOnlyBenefit,220,440,e41,6292759eb45913ce4ed8447194504833f347d9355012e3228775797a4b0a7cd1,noglass,calibration,False,0,0.5,0.5,0.0,0.0,0.0,0.0,0.0,0.0,0.0,1.0,1.0,0.0,0.0,0.0,0.0,0.0,0.0,0.0
detour,historical:RiskOnlyBenefit,220,440,e42,655347c9fb28aaf505e162e6bcad095d17e4bfee5506113825cfb3da6ca60845,glass,calibration,False,0,0.0,0.0,0.0,1.0,1.0,0.0,0.0,0.0,0.0,0.0,0.0,0.0,1.0,1.0,0.0,0.0,0.0,0.0
detour,historical:RiskOnlyBenefit,220,440,e43,655347c9fb28aaf505e162e6bcad095d17e4bfee5506113825cfb3da6ca60845,offpath,calibration,False,0,1.0,1.0,0.0,0.0,0.0,0.0,0.0,0.0,0.0,1.0,1.0,0.0,0.0,0.0,0.0,0.0,0.0,0.0
detour,historical:RiskOnlyBenefit,220,440,e44,655347c9fb28aaf505e162e6bcad095d17e4bfee5506113825cfb3da6ca60845,noglass,calibration,False,0,1.0,1.0,0.0,0.0,0.0,0.0,0.0,0.0,0.0,1.0,1.0,0.0,0.0,0.0,0.0,0.0,0.0,0.0
detour,historical:RiskOnlyBenefit,220,440,e45,64d921063eb0a02530efbea3434c347d28bd353cbb04464e5d91d499f62f61ef,glass,calibration,False,0,0.0,0.0,0.0,1.0,1.0,0.0,0.0,0.0,0.0,0.0,0.0,0.0,1.0,1.0,0.0,0.0,0.0,0.0
detour,historical:RiskOnlyBenefit,220,440,e46,64d921063eb0a02530efbea3434c347d28bd353cbb04464e5d91d499f62f61ef,offpath,calibration,True,0,0.0,0.0,0.0,1.0,1.0,0.0,0.0,0.0,0.0,0.0,0.0,0.0,1.0,1.0,0.0,0.0,0.0,0.0
detour,historical:RiskOnlyBenefit,220,440,e47,64d921063eb0a02530efbea3434c347d28bd353cbb04464e5d91d499f62f61ef,noglass,calibration,False,0,1.0,1.0,0.0,0.0,0.0,0.0,0.0,0.0,0.0,0.5,0.5,0.0,0.0,0.0,0.0,0.0,0.0,0.0
detour,real_full,440,220,e00,0815f4806fc9a4fbd58c6627c8b92fd77f1b80ad4b8b4cd6d0c6e0541d488a7b,glass,fitting,False,0,0.0,0.0,0.0,1.0,1.0,0.0,0.0,0.0,0.0,0.0,0.0,0.0,1.0,1.0,0.0,0.0,0.0,0.0
detour,real_full,440,220,e01,0815f4806fc9a4fbd58c6627c8b92fd77f1b80ad4b8b4cd6d0c6e0541d488a7b,offpath,fitting,False,0,1.0,1.0,0.0,0.0,0.0,0.0,0.0,0.0,0.0,1.0,1.0,0.0,0.0,0.0,0.0,0.0,0.0,0.0
detour,real_full,440,220,e02,0815f4806fc9a4fbd58c6627c8b92fd77f1b80ad4b8b4cd6d0c6e0541d488a7b,noglass,fitting,False,0,1.0,1.0,0.0,0.0,0.0,0.0,0.0,0.0,0.0,1.0,1.0,0.0,0.0,0.0,0.0,0.0,0.0,0.0
detour,real_full,440,220,e03,28c563172e6e13a0d3d84f1527243878c67a2140fa8c9a81ecb8b81ec9402dc8,glass,fitting,False,0,1.0,1.0,0.0,0.0,0.0,0.0,0.0,0.0,0.0,1.0,1.0,0.0,0.0,0.0,0.0,0.0,0.0,0.0
detour,real_full,440,220,e04,28c563172e6e13a0d3d84f1527243878c67a2140fa8c9a81ecb8b81ec9402dc8,offpath,fitting,False,0,0.5,0.5,0.0,0.0,0.0,0.0,0.0,0.0,0.0,1.0,1.0,0.0,0.0,0.0,0.0,0.0,0.0,0.0
detour,real_full,440,220,e05,28c563172e6e13a0d3d84f1527243878c67a2140fa8c9a81ecb8b81ec9402dc8,noglass,fitting,False,0,1.0,1.0,0.0,0.0,0.0,0.0,0.0,0.0,0.0,1.0,1.0,0.0,0.0,0.0,0.0,0.0,0.0,0.0
detour,real_full,440,220,e06,69fa7e93588c6aea4b134efa44633d38556ce1656b46df276021920a664881a3,glass,fitting,False,0,0.0,0.0,0.0,1.0,1.0,0.0,0.0,0.0,0.0,0.0,0.0,0.0,1.0,1.0,0.0,0.0,0.0,0.0
detour,real_full,440,220,e07,69fa7e93588c6aea4b134efa44633d38556ce1656b46df276021920a664881a3,offpath,fitting,False,0,1.0,1.0,0.0,0.0,0.0,0.0,0.0,0.0,0.0,1.0,1.0,0.0,0.0,0.0,0.0,0.0,0.0,0.0
detour,real_full,440,220,e08,69fa7e93588c6aea4b134efa44633d38556ce1656b46df276021920a664881a3,noglass,fitting,False,0,1.0,1.0,0.0,0.0,0.0,0.0,0.0,0.0,0.0,1.0,1.0,0.0,0.0,0.0,0.0,0.0,0.0,0.0
detour,real_full,440,220,e09,76fe1d96587ab928f6fb5d7750ecd048fd712eb3d66aa60feb972a3d9d56c9d1,glass,fitting,False,0,0.5,0.5,0.0,0.5,0.5,0.0,0.0,0.0,0.0,0.5,0.5,0.0,0.0,0.0,0.0,0.0,0.0,0.0
detour,real_full,440,220,e10,76fe1d96587ab928f6fb5d7750ecd048fd712eb3d66aa60feb972a3d9d56c9d1,offpath,fitting,False,0,1.0,1.0,0.0,0.0,0.0,0.0,0.0,0.0,0.0,1.0,1.0,0.0,0.0,0.0,0.0,0.0,0.0,0.0
detour,real_full,440,220,e11,76fe1d96587ab928f6fb5d7750ecd048fd712eb3d66aa60feb972a3d9d56c9d1,noglass,fitting,False,0,1.0,1.0,0.0,0.0,0.0,0.0,0.0,0.0,0.0,1.0,1.0,0.0,0.0,0.0,0.0,0.0,0.0,0.0
detour,real_full,440,220,e12,821b498fc1fcb4e3c103635fa473d7577f718c4f633b273772954295c83ae585,glass,fitting,False,0,0.0,0.0,0.0,1.0,1.0,0.0,0.0,0.0,0.0,0.0,0.0,0.0,1.0,1.0,0.0,0.0,0.0,0.0
detour,real_full,440,220,e13,821b498fc1fcb4e3c103635fa473d7577f718c4f633b273772954295c83ae585,offpath,fitting,False,0,1.0,1.0,0.0,0.0,0.0,0.0,0.0,0.0,0.0,1.0,1.0,0.0,0.0,0.0,0.0,0.0,0.0,0.0
detour,real_full,440,220,e14,821b498fc1fcb4e3c103635fa473d7577f718c4f633b273772954295c83ae585,noglass,fitting,False,0,1.0,1.0,0.0,0.0,0.0,0.0,0.0,0.0,0.0,1.0,1.0,0.0,0.0,0.0,0.0,0.0,0.0,0.0
detour,real_full,440,220,e15,9176c2514b8a62105f4d2b8a22a8a0b0236c5b9feda58c18ef64cea917b98d9d,glass,fitting,False,1,0.5,1.0,0.5,0.5,0.0,-0.5,0.0,0.0,1.0,1.0,1.0,0.0,0.0,0.0,0.0,0.0,0.0,1.0
detour,real_full,440,220,e16,9176c2514b8a62105f4d2b8a22a8a0b0236c5b9feda58c18ef64cea917b98d9d,offpath,fitting,False,0,0.0,0.0,0.0,1.0,1.0,0.0,0.0,0.0,0.0,0.5,0.5,0.0,0.5,0.5,0.0,0.0,0.0,0.0
detour,real_full,440,220,e17,9176c2514b8a62105f4d2b8a22a8a0b0236c5b9feda58c18ef64cea917b98d9d,noglass,fitting,False,0,1.0,1.0,0.0,0.0,0.0,0.0,0.0,0.0,0.0,0.5,0.5,0.0,0.0,0.0,0.0,0.0,0.0,0.0
detour,real_full,440,220,e18,986b3dff233a80cf0fd1c48f815600f49b95f83be0d9f898fee40d0a5c9dca63,glass,fitting,False,1,0.0,1.0,1.0,1.0,0.0,-1.0,0.0,0.0,1.0,0.0,1.0,1.0,1.0,0.0,-1.0,0.0,0.0,1.0
detour,real_full,440,220,e19,986b3dff233a80cf0fd1c48f815600f49b95f83be0d9f898fee40d0a5c9dca63,offpath,fitting,False,0,1.0,1.0,0.0,0.0,0.0,0.0,0.0,0.0,0.0,1.0,1.0,0.0,0.0,0.0,0.0,0.0,0.0,0.0
detour,real_full,440,220,e20,986b3dff233a80cf0fd1c48f815600f49b95f83be0d9f898fee40d0a5c9dca63,noglass,fitting,False,0,1.0,1.0,0.0,0.0,0.0,0.0,0.0,0.0,0.0,1.0,1.0,0.0,0.0,0.0,0.0,0.0,0.0,0.0
detour,real_full,440,220,e21,a3e1c487338ecfe4ce59e1e8f0be7a20d0442476ad923022ec430bdb5470ee56,glass,fitting,False,1,0.0,0.0,0.0,1.0,0.0,-1.0,0.0,0.0,1.0,0.0,0.0,0.0,1.0,0.0,-1.0,0.0,0.0,1.0
detour,real_full,440,220,e22,a3e1c487338ecfe4ce59e1e8f0be7a20d0442476ad923022ec430bdb5470ee56,offpath,fitting,False,0,1.0,1.0,0.0,0.0,0.0,0.0,0.0,0.0,0.0,1.0,1.0,0.0,0.0,0.0,0.0,0.0,0.0,0.0
detour,real_full,440,220,e23,a3e1c487338ecfe4ce59e1e8f0be7a20d0442476ad923022ec430bdb5470ee56,noglass,fitting,False,0,1.0,1.0,0.0,0.0,0.0,0.0,0.0,0.0,0.0,1.0,1.0,0.0,0.0,0.0,0.0,0.0,0.0,0.0
detour,real_full,440,220,e24,a992f0a563f4b0239708f4be6fa38192e6930b15387567b2d4a16568d4fa5671,glass,fitting,False,0,0.0,0.0,0.0,1.0,1.0,0.0,0.0,0.0,0.0,0.0,0.0,0.0,1.0,1.0,0.0,0.0,0.0,0.0
detour,real_full,440,220,e25,a992f0a563f4b0239708f4be6fa38192e6930b15387567b2d4a16568d4fa5671,offpath,fitting,False,0,1.0,1.0,0.0,0.0,0.0,0.0,0.0,0.0,0.0,1.0,1.0,0.0,0.0,0.0,0.0,0.0,0.0,0.0
detour,real_full,440,220,e26,a992f0a563f4b0239708f4be6fa38192e6930b15387567b2d4a16568d4fa5671,noglass,fitting,False,0,1.0,1.0,0.0,0.0,0.0,0.0,0.0,0.0,0.0,1.0,1.0,0.0,0.0,0.0,0.0,0.0,0.0,0.0
detour,real_full,440,220,e27,c8fa274849bf4beeb7c46b93a7de7a6242e5af2e9c83a395e8d0db16da5e81d8,glass,fitting,False,0,0.0,0.0,0.0,1.0,1.0,0.0,0.0,0.0,0.0,0.0,0.0,0.0,1.0,1.0,0.0,0.0,0.0,0.0
detour,real_full,440,220,e28,c8fa274849bf4beeb7c46b93a7de7a6242e5af2e9c83a395e8d0db16da5e81d8,offpath,fitting,False,0,1.0,1.0,0.0,0.0,0.0,0.0,0.0,0.0,0.0,1.0,1.0,0.0,0.0,0.0,0.0,0.0,0.0,0.0
detour,real_full,440,220,e29,c8fa274849bf4beeb7c46b93a7de7a6242e5af2e9c83a395e8d0db16da5e81d8,noglass,fitting,False,0,1.0,1.0,0.0,0.0,0.0,0.0,0.0,0.0,0.0,1.0,1.0,0.0,0.0,0.0,0.0,0.0,0.0,0.0
detour,real_full,440,220,e30,ddd84e646ab0cdd38c0f283802f28ac361a412492f3872c7f489b95bb55d53af,glass,fitting,False,0,0.0,0.0,0.0,1.0,1.0,0.0,0.0,0.0,0.0,0.0,0.0,0.0,0.5,0.5,0.0,0.0,0.0,0.0
detour,real_full,440,220,e31,ddd84e646ab0cdd38c0f283802f28ac361a412492f3872c7f489b95bb55d53af,offpath,fitting,False,0,1.0,1.0,0.0,0.0,0.0,0.0,0.0,0.0,0.0,1.0,1.0,0.0,0.0,0.0,0.0,0.0,0.0,0.0
detour,real_full,440,220,e32,ddd84e646ab0cdd38c0f283802f28ac361a412492f3872c7f489b95bb55d53af,noglass,fitting,False,0,1.0,1.0,0.0,0.0,0.0,0.0,0.0,0.0,0.0,1.0,1.0,0.0,0.0,0.0,0.0,0.0,0.0,0.0
detour,real_full,440,220,e33,f64d2a60c3b9cebc4b5e12f86f4978711b4ca1e7a3788d1756d078c45a1c1004,glass,fitting,False,0,0.0,0.0,0.0,1.0,1.0,0.0,0.0,0.0,0.0,0.0,0.0,0.0,1.0,1.0,0.0,0.0,0.0,0.0
detour,real_full,440,220,e34,f64d2a60c3b9cebc4b5e12f86f4978711b4ca1e7a3788d1756d078c45a1c1004,offpath,fitting,False,0,1.0,1.0,0.0,0.0,0.0,0.0,0.0,0.0,0.0,1.0,1.0,0.0,0.0,0.0,0.0,0.0,0.0,0.0
detour,real_full,440,220,e35,f64d2a60c3b9cebc4b5e12f86f4978711b4ca1e7a3788d1756d078c45a1c1004,noglass,fitting,False,0,1.0,1.0,0.0,0.0,0.0,0.0,0.0,0.0,0.0,1.0,1.0,0.0,0.0,0.0,0.0,0.0,0.0,0.0
detour,real_full,440,220,e36,37d3edc8cb9ad51b8ebf45a235721c16e2531be26385d150aef2b21d81a04cae,glass,calibration,False,0,0.0,0.0,0.0,0.0,0.0,0.0,0.0,0.0,0.0,0.0,0.0,0.0,0.0,0.0,0.0,0.0,0.0,0.0
detour,real_full,440,220,e37,37d3edc8cb9ad51b8ebf45a235721c16e2531be26385d150aef2b21d81a04cae,offpath,calibration,False,0,1.0,1.0,0.0,0.0,0.0,0.0,0.0,0.0,0.0,1.0,1.0,0.0,0.0,0.0,0.0,0.0,0.0,0.0
detour,real_full,440,220,e38,37d3edc8cb9ad51b8ebf45a235721c16e2531be26385d150aef2b21d81a04cae,noglass,calibration,False,0,1.0,1.0,0.0,0.0,0.0,0.0,0.0,0.0,0.0,1.0,1.0,0.0,0.0,0.0,0.0,0.0,0.0,0.0
detour,real_full,440,220,e39,6292759eb45913ce4ed8447194504833f347d9355012e3228775797a4b0a7cd1,glass,calibration,False,0,0.0,0.0,0.0,1.0,1.0,0.0,0.0,0.0,0.0,0.5,0.5,0.0,0.5,0.5,0.0,0.0,0.0,0.0
detour,real_full,440,220,e40,6292759eb45913ce4ed8447194504833f347d9355012e3228775797a4b0a7cd1,offpath,calibration,False,0,1.0,1.0,0.0,0.0,0.0,0.0,0.0,0.0,0.0,1.0,1.0,0.0,0.0,0.0,0.0,0.0,0.0,0.0
detour,real_full,440,220,e41,6292759eb45913ce4ed8447194504833f347d9355012e3228775797a4b0a7cd1,noglass,calibration,False,1,0.5,1.0,0.5,0.0,0.0,0.0,0.0,0.0,1.0,1.0,1.0,0.0,0.0,0.0,0.0,0.0,0.0,1.0
detour,real_full,440,220,e42,655347c9fb28aaf505e162e6bcad095d17e4bfee5506113825cfb3da6ca60845,glass,calibration,False,0,0.0,0.0,0.0,1.0,1.0,0.0,0.0,0.0,0.0,0.0,0.0,0.0,1.0,1.0,0.0,0.0,0.0,0.0
detour,real_full,440,220,e43,655347c9fb28aaf505e162e6bcad095d17e4bfee5506113825cfb3da6ca60845,offpath,calibration,False,0,1.0,1.0,0.0,0.0,0.0,0.0,0.0,0.0,0.0,1.0,1.0,0.0,0.0,0.0,0.0,0.0,0.0,0.0
detour,real_full,440,220,e44,655347c9fb28aaf505e162e6bcad095d17e4bfee5506113825cfb3da6ca60845,noglass,calibration,False,0,1.0,1.0,0.0,0.0,0.0,0.0,0.0,0.0,0.0,1.0,1.0,0.0,0.0,0.0,0.0,0.0,0.0,0.0
detour,real_full,440,220,e45,64d921063eb0a02530efbea3434c347d28bd353cbb04464e5d91d499f62f61ef,glass,calibration,False,0,0.0,0.0,0.0,1.0,1.0,0.0,0.0,0.0,0.0,0.0,0.0,0.0,1.0,1.0,0.0,0.0,0.0,0.0
detour,real_full,440,220,e46,64d921063eb0a02530efbea3434c347d28bd353cbb04464e5d91d499f62f61ef,offpath,calibration,True,0,0.0,0.0,0.0,1.0,1.0,0.0,0.0,0.0,0.0,0.0,0.0,0.0,1.0,1.0,0.0,0.0,0.0,0.0
detour,real_full,440,220,e47,64d921063eb0a02530efbea3434c347d28bd353cbb04464e5d91d499f62f61ef,noglass,calibration,False,0,1.0,1.0,0.0,0.0,0.0,0.0,0.0,0.0,0.0,0.5,0.5,0.0,0.0,0.0,0.0,0.0,0.0,0.0
detour,real_full,440,440,e00,0815f4806fc9a4fbd58c6627c8b92fd77f1b80ad4b8b4cd6d0c6e0541d488a7b,glass,fitting,False,0,0.0,0.0,0.0,1.0,1.0,0.0,0.0,0.0,0.0,0.0,0.0,0.0,1.0,1.0,0.0,0.0,0.0,0.0
detour,real_full,440,440,e01,0815f4806fc9a4fbd58c6627c8b92fd77f1b80ad4b8b4cd6d0c6e0541d488a7b,offpath,fitting,False,0,1.0,1.0,0.0,0.0,0.0,0.0,0.0,0.0,0.0,1.0,1.0,0.0,0.0,0.0,0.0,0.0,0.0,0.0
detour,real_full,440,440,e02,0815f4806fc9a4fbd58c6627c8b92fd77f1b80ad4b8b4cd6d0c6e0541d488a7b,noglass,fitting,False,0,1.0,1.0,0.0,0.0,0.0,0.0,0.0,0.0,0.0,1.0,1.0,0.0,0.0,0.0,0.0,0.0,0.0,0.0
detour,real_full,440,440,e03,28c563172e6e13a0d3d84f1527243878c67a2140fa8c9a81ecb8b81ec9402dc8,glass,fitting,False,0,1.0,1.0,0.0,0.0,0.0,0.0,0.0,0.0,0.0,1.0,1.0,0.0,0.0,0.0,0.0,0.0,0.0,0.0
detour,real_full,440,440,e04,28c563172e6e13a0d3d84f1527243878c67a2140fa8c9a81ecb8b81ec9402dc8,offpath,fitting,False,0,0.5,0.5,0.0,0.0,0.0,0.0,0.0,0.0,0.0,1.0,1.0,0.0,0.0,0.0,0.0,0.0,0.0,0.0
detour,real_full,440,440,e05,28c563172e6e13a0d3d84f1527243878c67a2140fa8c9a81ecb8b81ec9402dc8,noglass,fitting,False,0,1.0,1.0,0.0,0.0,0.0,0.0,0.0,0.0,0.0,1.0,1.0,0.0,0.0,0.0,0.0,0.0,0.0,0.0
detour,real_full,440,440,e06,69fa7e93588c6aea4b134efa44633d38556ce1656b46df276021920a664881a3,glass,fitting,False,0,0.0,0.0,0.0,1.0,1.0,0.0,0.0,0.0,0.0,0.0,0.0,0.0,1.0,1.0,0.0,0.0,0.0,0.0
detour,real_full,440,440,e07,69fa7e93588c6aea4b134efa44633d38556ce1656b46df276021920a664881a3,offpath,fitting,False,0,1.0,1.0,0.0,0.0,0.0,0.0,0.0,0.0,0.0,1.0,1.0,0.0,0.0,0.0,0.0,0.0,0.0,0.0
detour,real_full,440,440,e08,69fa7e93588c6aea4b134efa44633d38556ce1656b46df276021920a664881a3,noglass,fitting,False,0,1.0,1.0,0.0,0.0,0.0,0.0,0.0,0.0,0.0,1.0,1.0,0.0,0.0,0.0,0.0,0.0,0.0,0.0
detour,real_full,440,440,e09,76fe1d96587ab928f6fb5d7750ecd048fd712eb3d66aa60feb972a3d9d56c9d1,glass,fitting,False,0,0.5,0.5,0.0,0.5,0.5,0.0,0.0,0.0,0.0,0.5,0.5,0.0,0.0,0.0,0.0,0.0,0.0,0.0
detour,real_full,440,440,e10,76fe1d96587ab928f6fb5d7750ecd048fd712eb3d66aa60feb972a3d9d56c9d1,offpath,fitting,False,0,1.0,1.0,0.0,0.0,0.0,0.0,0.0,0.0,0.0,1.0,1.0,0.0,0.0,0.0,0.0,0.0,0.0,0.0
detour,real_full,440,440,e11,76fe1d96587ab928f6fb5d7750ecd048fd712eb3d66aa60feb972a3d9d56c9d1,noglass,fitting,False,0,1.0,1.0,0.0,0.0,0.0,0.0,0.0,0.0,0.0,1.0,1.0,0.0,0.0,0.0,0.0,0.0,0.0,0.0
detour,real_full,440,440,e12,821b498fc1fcb4e3c103635fa473d7577f718c4f633b273772954295c83ae585,glass,fitting,False,0,0.0,0.0,0.0,1.0,1.0,0.0,0.0,0.0,0.0,0.0,0.0,0.0,1.0,1.0,0.0,0.0,0.0,0.0
detour,real_full,440,440,e13,821b498fc1fcb4e3c103635fa473d7577f718c4f633b273772954295c83ae585,offpath,fitting,False,0,1.0,1.0,0.0,0.0,0.0,0.0,0.0,0.0,0.0,1.0,1.0,0.0,0.0,0.0,0.0,0.0,0.0,0.0
detour,real_full,440,440,e14,821b498fc1fcb4e3c103635fa473d7577f718c4f633b273772954295c83ae585,noglass,fitting,False,0,1.0,1.0,0.0,0.0,0.0,0.0,0.0,0.0,0.0,1.0,1.0,0.0,0.0,0.0,0.0,0.0,0.0,0.0
detour,real_full,440,440,e15,9176c2514b8a62105f4d2b8a22a8a0b0236c5b9feda58c18ef64cea917b98d9d,glass,fitting,False,1,0.5,1.0,0.5,0.5,0.0,-0.5,0.0,0.0,1.0,1.0,1.0,0.0,0.0,0.0,0.0,0.0,0.0,1.0
detour,real_full,440,440,e16,9176c2514b8a62105f4d2b8a22a8a0b0236c5b9feda58c18ef64cea917b98d9d,offpath,fitting,False,0,0.0,0.0,0.0,1.0,1.0,0.0,0.0,0.0,0.0,0.5,0.5,0.0,0.5,0.5,0.0,0.0,0.0,0.0
detour,real_full,440,440,e17,9176c2514b8a62105f4d2b8a22a8a0b0236c5b9feda58c18ef64cea917b98d9d,noglass,fitting,False,0,1.0,1.0,0.0,0.0,0.0,0.0,0.0,0.0,0.0,0.5,0.5,0.0,0.0,0.0,0.0,0.0,0.0,0.0
detour,real_full,440,440,e18,986b3dff233a80cf0fd1c48f815600f49b95f83be0d9f898fee40d0a5c9dca63,glass,fitting,False,1,0.0,1.0,1.0,1.0,0.0,-1.0,0.0,0.0,1.0,0.0,1.0,1.0,1.0,0.0,-1.0,0.0,0.0,1.0
detour,real_full,440,440,e19,986b3dff233a80cf0fd1c48f815600f49b95f83be0d9f898fee40d0a5c9dca63,offpath,fitting,False,0,1.0,1.0,0.0,0.0,0.0,0.0,0.0,0.0,0.0,1.0,1.0,0.0,0.0,0.0,0.0,0.0,0.0,0.0
detour,real_full,440,440,e20,986b3dff233a80cf0fd1c48f815600f49b95f83be0d9f898fee40d0a5c9dca63,noglass,fitting,False,0,1.0,1.0,0.0,0.0,0.0,0.0,0.0,0.0,0.0,1.0,1.0,0.0,0.0,0.0,0.0,0.0,0.0,0.0
detour,real_full,440,440,e21,a3e1c487338ecfe4ce59e1e8f0be7a20d0442476ad923022ec430bdb5470ee56,glass,fitting,False,1,0.0,1.0,1.0,1.0,0.0,-1.0,0.0,0.0,1.0,0.0,1.0,1.0,1.0,0.0,-1.0,0.0,0.0,1.0
detour,real_full,440,440,e22,a3e1c487338ecfe4ce59e1e8f0be7a20d0442476ad923022ec430bdb5470ee56,offpath,fitting,False,0,1.0,1.0,0.0,0.0,0.0,0.0,0.0,0.0,0.0,1.0,1.0,0.0,0.0,0.0,0.0,0.0,0.0,0.0
detour,real_full,440,440,e23,a3e1c487338ecfe4ce59e1e8f0be7a20d0442476ad923022ec430bdb5470ee56,noglass,fitting,False,0,1.0,1.0,0.0,0.0,0.0,0.0,0.0,0.0,0.0,1.0,1.0,0.0,0.0,0.0,0.0,0.0,0.0,0.0
detour,real_full,440,440,e24,a992f0a563f4b0239708f4be6fa38192e6930b15387567b2d4a16568d4fa5671,glass,fitting,False,0,0.0,0.0,0.0,1.0,1.0,0.0,0.0,0.0,0.0,0.0,0.0,0.0,1.0,1.0,0.0,0.0,0.0,0.0
detour,real_full,440,440,e25,a992f0a563f4b0239708f4be6fa38192e6930b15387567b2d4a16568d4fa5671,offpath,fitting,False,0,1.0,1.0,0.0,0.0,0.0,0.0,0.0,0.0,0.0,1.0,1.0,0.0,0.0,0.0,0.0,0.0,0.0,0.0
detour,real_full,440,440,e26,a992f0a563f4b0239708f4be6fa38192e6930b15387567b2d4a16568d4fa5671,noglass,fitting,False,0,1.0,1.0,0.0,0.0,0.0,0.0,0.0,0.0,0.0,1.0,1.0,0.0,0.0,0.0,0.0,0.0,0.0,0.0
detour,real_full,440,440,e27,c8fa274849bf4beeb7c46b93a7de7a6242e5af2e9c83a395e8d0db16da5e81d8,glass,fitting,False,0,0.0,0.0,0.0,1.0,1.0,0.0,0.0,0.0,0.0,0.0,0.0,0.0,1.0,1.0,0.0,0.0,0.0,0.0
detour,real_full,440,440,e28,c8fa274849bf4beeb7c46b93a7de7a6242e5af2e9c83a395e8d0db16da5e81d8,offpath,fitting,False,0,1.0,1.0,0.0,0.0,0.0,0.0,0.0,0.0,0.0,1.0,1.0,0.0,0.0,0.0,0.0,0.0,0.0,0.0
detour,real_full,440,440,e29,c8fa274849bf4beeb7c46b93a7de7a6242e5af2e9c83a395e8d0db16da5e81d8,noglass,fitting,False,0,1.0,1.0,0.0,0.0,0.0,0.0,0.0,0.0,0.0,1.0,1.0,0.0,0.0,0.0,0.0,0.0,0.0,0.0
detour,real_full,440,440,e30,ddd84e646ab0cdd38c0f283802f28ac361a412492f3872c7f489b95bb55d53af,glass,fitting,False,0,0.0,0.0,0.0,1.0,1.0,0.0,0.0,0.0,0.0,0.0,0.0,0.0,0.5,0.5,0.0,0.0,0.0,0.0
detour,real_full,440,440,e31,ddd84e646ab0cdd38c0f283802f28ac361a412492f3872c7f489b95bb55d53af,offpath,fitting,False,0,1.0,1.0,0.0,0.0,0.0,0.0,0.0,0.0,0.0,1.0,1.0,0.0,0.0,0.0,0.0,0.0,0.0,0.0
detour,real_full,440,440,e32,ddd84e646ab0cdd38c0f283802f28ac361a412492f3872c7f489b95bb55d53af,noglass,fitting,False,0,1.0,1.0,0.0,0.0,0.0,0.0,0.0,0.0,0.0,1.0,1.0,0.0,0.0,0.0,0.0,0.0,0.0,0.0
detour,real_full,440,440,e33,f64d2a60c3b9cebc4b5e12f86f4978711b4ca1e7a3788d1756d078c45a1c1004,glass,fitting,False,0,0.0,0.0,0.0,1.0,1.0,0.0,0.0,0.0,0.0,0.0,0.0,0.0,1.0,1.0,0.0,0.0,0.0,0.0
detour,real_full,440,440,e34,f64d2a60c3b9cebc4b5e12f86f4978711b4ca1e7a3788d1756d078c45a1c1004,offpath,fitting,False,0,1.0,1.0,0.0,0.0,0.0,0.0,0.0,0.0,0.0,1.0,1.0,0.0,0.0,0.0,0.0,0.0,0.0,0.0
detour,real_full,440,440,e35,f64d2a60c3b9cebc4b5e12f86f4978711b4ca1e7a3788d1756d078c45a1c1004,noglass,fitting,False,0,1.0,1.0,0.0,0.0,0.0,0.0,0.0,0.0,0.0,1.0,1.0,0.0,0.0,0.0,0.0,0.0,0.0,0.0
detour,real_full,440,440,e36,37d3edc8cb9ad51b8ebf45a235721c16e2531be26385d150aef2b21d81a04cae,glass,calibration,False,0,0.0,0.0,0.0,0.0,0.0,0.0,0.0,0.0,0.0,0.0,0.0,0.0,0.0,0.0,0.0,0.0,0.0,0.0
detour,real_full,440,440,e37,37d3edc8cb9ad51b8ebf45a235721c16e2531be26385d150aef2b21d81a04cae,offpath,calibration,False,0,1.0,1.0,0.0,0.0,0.0,0.0,0.0,0.0,0.0,1.0,1.0,0.0,0.0,0.0,0.0,0.0,0.0,0.0
detour,real_full,440,440,e38,37d3edc8cb9ad51b8ebf45a235721c16e2531be26385d150aef2b21d81a04cae,noglass,calibration,False,0,1.0,1.0,0.0,0.0,0.0,0.0,0.0,0.0,0.0,1.0,1.0,0.0,0.0,0.0,0.0,0.0,0.0,0.0
detour,real_full,440,440,e39,6292759eb45913ce4ed8447194504833f347d9355012e3228775797a4b0a7cd1,glass,calibration,False,0,0.0,0.0,0.0,1.0,1.0,0.0,0.0,0.0,0.0,0.5,0.5,0.0,0.5,0.5,0.0,0.0,0.0,0.0
detour,real_full,440,440,e40,6292759eb45913ce4ed8447194504833f347d9355012e3228775797a4b0a7cd1,offpath,calibration,False,0,1.0,1.0,0.0,0.0,0.0,0.0,0.0,0.0,0.0,1.0,1.0,0.0,0.0,0.0,0.0,0.0,0.0,0.0
detour,real_full,440,440,e41,6292759eb45913ce4ed8447194504833f347d9355012e3228775797a4b0a7cd1,noglass,calibration,False,1,0.5,1.0,0.5,0.0,0.0,0.0,0.0,0.0,1.0,1.0,1.0,0.0,0.0,0.0,0.0,0.0,0.0,1.0
detour,real_full,440,440,e42,655347c9fb28aaf505e162e6bcad095d17e4bfee5506113825cfb3da6ca60845,glass,calibration,False,0,0.0,0.0,0.0,1.0,1.0,0.0,0.0,0.0,0.0,0.0,0.0,0.0,1.0,1.0,0.0,0.0,0.0,0.0
detour,real_full,440,440,e43,655347c9fb28aaf505e162e6bcad095d17e4bfee5506113825cfb3da6ca60845,offpath,calibration,False,0,1.0,1.0,0.0,0.0,0.0,0.0,0.0,0.0,0.0,1.0,1.0,0.0,0.0,0.0,0.0,0.0,0.0,0.0
detour,real_full,440,440,e44,655347c9fb28aaf505e162e6bcad095d17e4bfee5506113825cfb3da6ca60845,noglass,calibration,False,0,1.0,1.0,0.0,0.0,0.0,0.0,0.0,0.0,0.0,1.0,1.0,0.0,0.0,0.0,0.0,0.0,0.0,0.0
detour,real_full,440,440,e45,64d921063eb0a02530efbea3434c347d28bd353cbb04464e5d91d499f62f61ef,glass,calibration,False,0,0.0,0.0,0.0,1.0,1.0,0.0,0.0,0.0,0.0,0.0,0.0,0.0,1.0,1.0,0.0,0.0,0.0,0.0
detour,real_full,440,440,e46,64d921063eb0a02530efbea3434c347d28bd353cbb04464e5d91d499f62f61ef,offpath,calibration,True,0,0.0,0.0,0.0,1.0,1.0,0.0,0.0,0.0,0.0,0.0,0.0,0.0,1.0,1.0,0.0,0.0,0.0,0.0
detour,real_full,440,440,e47,64d921063eb0a02530efbea3434c347d28bd353cbb04464e5d91d499f62f61ef,noglass,calibration,False,0,1.0,1.0,0.0,0.0,0.0,0.0,0.0,0.0,0.0,0.5,0.5,0.0,0.0,0.0,0.0,0.0,0.0,0.0
detour,real_one,440,220,e00,0815f4806fc9a4fbd58c6627c8b92fd77f1b80ad4b8b4cd6d0c6e0541d488a7b,glass,fitting,False,0,0.0,0.0,0.0,1.0,1.0,0.0,0.0,0.0,0.0,0.0,0.0,0.0,1.0,1.0,0.0,0.0,0.0,0.0
detour,real_one,440,220,e01,0815f4806fc9a4fbd58c6627c8b92fd77f1b80ad4b8b4cd6d0c6e0541d488a7b,offpath,fitting,False,0,1.0,1.0,0.0,0.0,0.0,0.0,0.0,0.0,0.0,1.0,1.0,0.0,0.0,0.0,0.0,0.0,0.0,0.0
detour,real_one,440,220,e02,0815f4806fc9a4fbd58c6627c8b92fd77f1b80ad4b8b4cd6d0c6e0541d488a7b,noglass,fitting,False,0,1.0,1.0,0.0,0.0,0.0,0.0,0.0,0.0,0.0,1.0,1.0,0.0,0.0,0.0,0.0,0.0,0.0,0.0
detour,real_one,440,220,e03,28c563172e6e13a0d3d84f1527243878c67a2140fa8c9a81ecb8b81ec9402dc8,glass,fitting,False,0,1.0,1.0,0.0,0.0,0.0,0.0,0.0,0.0,0.0,1.0,1.0,0.0,0.0,0.0,0.0,0.0,0.0,0.0
detour,real_one,440,220,e04,28c563172e6e13a0d3d84f1527243878c67a2140fa8c9a81ecb8b81ec9402dc8,offpath,fitting,False,0,1.0,1.0,0.0,0.0,0.0,0.0,0.0,0.0,0.0,1.0,1.0,0.0,0.0,0.0,0.0,0.0,0.0,0.0
detour,real_one,440,220,e05,28c563172e6e13a0d3d84f1527243878c67a2140fa8c9a81ecb8b81ec9402dc8,noglass,fitting,False,0,1.0,1.0,0.0,0.0,0.0,0.0,0.0,0.0,0.0,1.0,1.0,0.0,0.0,0.0,0.0,0.0,0.0,0.0
detour,real_one,440,220,e06,69fa7e93588c6aea4b134efa44633d38556ce1656b46df276021920a664881a3,glass,fitting,False,0,0.0,0.0,0.0,1.0,1.0,0.0,0.0,0.0,0.0,0.0,0.0,0.0,1.0,1.0,0.0,0.0,0.0,0.0
detour,real_one,440,220,e07,69fa7e93588c6aea4b134efa44633d38556ce1656b46df276021920a664881a3,offpath,fitting,False,0,1.0,1.0,0.0,0.0,0.0,0.0,0.0,0.0,0.0,1.0,1.0,0.0,0.0,0.0,0.0,0.0,0.0,0.0
detour,real_one,440,220,e08,69fa7e93588c6aea4b134efa44633d38556ce1656b46df276021920a664881a3,noglass,fitting,False,0,1.0,1.0,0.0,0.0,0.0,0.0,0.0,0.0,0.0,1.0,1.0,0.0,0.0,0.0,0.0,0.0,0.0,0.0
detour,real_one,440,220,e09,76fe1d96587ab928f6fb5d7750ecd048fd712eb3d66aa60feb972a3d9d56c9d1,glass,fitting,False,0,1.0,1.0,0.0,0.0,0.0,0.0,0.0,0.0,0.0,1.0,1.0,0.0,0.0,0.0,0.0,0.0,0.0,0.0
detour,real_one,440,220,e10,76fe1d96587ab928f6fb5d7750ecd048fd712eb3d66aa60feb972a3d9d56c9d1,offpath,fitting,False,0,1.0,1.0,0.0,0.0,0.0,0.0,0.0,0.0,0.0,1.0,1.0,0.0,0.0,0.0,0.0,0.0,0.0,0.0
detour,real_one,440,220,e11,76fe1d96587ab928f6fb5d7750ecd048fd712eb3d66aa60feb972a3d9d56c9d1,noglass,fitting,False,0,1.0,1.0,0.0,0.0,0.0,0.0,0.0,0.0,0.0,1.0,1.0,0.0,0.0,0.0,0.0,0.0,0.0,0.0
detour,real_one,440,220,e12,821b498fc1fcb4e3c103635fa473d7577f718c4f633b273772954295c83ae585,glass,fitting,False,0,0.0,0.0,0.0,1.0,1.0,0.0,0.0,0.0,0.0,0.0,0.0,0.0,1.0,1.0,0.0,0.0,0.0,0.0
detour,real_one,440,220,e13,821b498fc1fcb4e3c103635fa473d7577f718c4f633b273772954295c83ae585,offpath,fitting,False,0,1.0,1.0,0.0,0.0,0.0,0.0,0.0,0.0,0.0,1.0,1.0,0.0,0.0,0.0,0.0,0.0,0.0,0.0
detour,real_one,440,220,e14,821b498fc1fcb4e3c103635fa473d7577f718c4f633b273772954295c83ae585,noglass,fitting,False,0,1.0,1.0,0.0,0.0,0.0,0.0,0.0,0.0,0.0,1.0,1.0,0.0,0.0,0.0,0.0,0.0,0.0,0.0
detour,real_one,440,220,e15,9176c2514b8a62105f4d2b8a22a8a0b0236c5b9feda58c18ef64cea917b98d9d,glass,fitting,False,1,0.0,1.0,1.0,1.0,0.0,-1.0,0.0,0.0,1.0,1.0,1.0,0.0,0.0,0.0,0.0,0.0,0.0,1.0
detour,real_one,440,220,e16,9176c2514b8a62105f4d2b8a22a8a0b0236c5b9feda58c18ef64cea917b98d9d,offpath,fitting,False,0,0.0,0.0,0.0,1.0,1.0,0.0,0.0,0.0,0.0,0.0,0.0,0.0,1.0,1.0,0.0,0.0,0.0,0.0
detour,real_one,440,220,e17,9176c2514b8a62105f4d2b8a22a8a0b0236c5b9feda58c18ef64cea917b98d9d,noglass,fitting,False,0,1.0,1.0,0.0,0.0,0.0,0.0,0.0,0.0,0.0,0.0,0.0,0.0,0.0,0.0,0.0,0.0,0.0,0.0
detour,real_one,440,220,e18,986b3dff233a80cf0fd1c48f815600f49b95f83be0d9f898fee40d0a5c9dca63,glass,fitting,False,1,0.0,1.0,1.0,1.0,0.0,-1.0,0.0,0.0,1.0,0.0,1.0,1.0,1.0,0.0,-1.0,0.0,0.0,1.0
detour,real_one,440,220,e19,986b3dff233a80cf0fd1c48f815600f49b95f83be0d9f898fee40d0a5c9dca63,offpath,fitting,False,0,1.0,1.0,0.0,0.0,0.0,0.0,0.0,0.0,0.0,1.0,1.0,0.0,0.0,0.0,0.0,0.0,0.0,0.0
detour,real_one,440,220,e20,986b3dff233a80cf0fd1c48f815600f49b95f83be0d9f898fee40d0a5c9dca63,noglass,fitting,False,0,1.0,1.0,0.0,0.0,0.0,0.0,0.0,0.0,0.0,1.0,1.0,0.0,0.0,0.0,0.0,0.0,0.0,0.0
detour,real_one,440,220,e21,a3e1c487338ecfe4ce59e1e8f0be7a20d0442476ad923022ec430bdb5470ee56,glass,fitting,False,1,0.0,0.0,0.0,1.0,0.0,-1.0,0.0,0.0,1.0,0.0,0.0,0.0,1.0,0.0,-1.0,0.0,0.0,1.0
detour,real_one,440,220,e22,a3e1c487338ecfe4ce59e1e8f0be7a20d0442476ad923022ec430bdb5470ee56,offpath,fitting,False,0,1.0,1.0,0.0,0.0,0.0,0.0,0.0,0.0,0.0,1.0,1.0,0.0,0.0,0.0,0.0,0.0,0.0,0.0
detour,real_one,440,220,e23,a3e1c487338ecfe4ce59e1e8f0be7a20d0442476ad923022ec430bdb5470ee56,noglass,fitting,False,0,1.0,1.0,0.0,0.0,0.0,0.0,0.0,0.0,0.0,1.0,1.0,0.0,0.0,0.0,0.0,0.0,0.0,0.0
detour,real_one,440,220,e24,a992f0a563f4b0239708f4be6fa38192e6930b15387567b2d4a16568d4fa5671,glass,fitting,False,0,0.0,0.0,0.0,1.0,1.0,0.0,0.0,0.0,0.0,0.0,0.0,0.0,1.0,1.0,0.0,0.0,0.0,0.0
detour,real_one,440,220,e25,a992f0a563f4b0239708f4be6fa38192e6930b15387567b2d4a16568d4fa5671,offpath,fitting,False,0,1.0,1.0,0.0,0.0,0.0,0.0,0.0,0.0,0.0,1.0,1.0,0.0,0.0,0.0,0.0,0.0,0.0,0.0
detour,real_one,440,220,e26,a992f0a563f4b0239708f4be6fa38192e6930b15387567b2d4a16568d4fa5671,noglass,fitting,False,0,1.0,1.0,0.0,0.0,0.0,0.0,0.0,0.0,0.0,1.0,1.0,0.0,0.0,0.0,0.0,0.0,0.0,0.0
detour,real_one,440,220,e27,c8fa274849bf4beeb7c46b93a7de7a6242e5af2e9c83a395e8d0db16da5e81d8,glass,fitting,False,0,0.0,0.0,0.0,1.0,1.0,0.0,0.0,0.0,0.0,0.0,0.0,0.0,1.0,1.0,0.0,0.0,0.0,0.0
detour,real_one,440,220,e28,c8fa274849bf4beeb7c46b93a7de7a6242e5af2e9c83a395e8d0db16da5e81d8,offpath,fitting,False,0,1.0,1.0,0.0,0.0,0.0,0.0,0.0,0.0,0.0,1.0,1.0,0.0,0.0,0.0,0.0,0.0,0.0,0.0
detour,real_one,440,220,e29,c8fa274849bf4beeb7c46b93a7de7a6242e5af2e9c83a395e8d0db16da5e81d8,noglass,fitting,False,0,1.0,1.0,0.0,0.0,0.0,0.0,0.0,0.0,0.0,1.0,1.0,0.0,0.0,0.0,0.0,0.0,0.0,0.0
detour,real_one,440,220,e30,ddd84e646ab0cdd38c0f283802f28ac361a412492f3872c7f489b95bb55d53af,glass,fitting,False,0,0.0,0.0,0.0,1.0,1.0,0.0,0.0,0.0,0.0,0.0,0.0,0.0,1.0,1.0,0.0,0.0,0.0,0.0
detour,real_one,440,220,e31,ddd84e646ab0cdd38c0f283802f28ac361a412492f3872c7f489b95bb55d53af,offpath,fitting,False,0,1.0,1.0,0.0,0.0,0.0,0.0,0.0,0.0,0.0,1.0,1.0,0.0,0.0,0.0,0.0,0.0,0.0,0.0
detour,real_one,440,220,e32,ddd84e646ab0cdd38c0f283802f28ac361a412492f3872c7f489b95bb55d53af,noglass,fitting,False,0,1.0,1.0,0.0,0.0,0.0,0.0,0.0,0.0,0.0,1.0,1.0,0.0,0.0,0.0,0.0,0.0,0.0,0.0
detour,real_one,440,220,e33,f64d2a60c3b9cebc4b5e12f86f4978711b4ca1e7a3788d1756d078c45a1c1004,glass,fitting,False,0,0.0,0.0,0.0,1.0,1.0,0.0,0.0,0.0,0.0,0.0,0.0,0.0,1.0,1.0,0.0,0.0,0.0,0.0
detour,real_one,440,220,e34,f64d2a60c3b9cebc4b5e12f86f4978711b4ca1e7a3788d1756d078c45a1c1004,offpath,fitting,False,0,1.0,1.0,0.0,0.0,0.0,0.0,0.0,0.0,0.0,1.0,1.0,0.0,0.0,0.0,0.0,0.0,0.0,0.0
detour,real_one,440,220,e35,f64d2a60c3b9cebc4b5e12f86f4978711b4ca1e7a3788d1756d078c45a1c1004,noglass,fitting,False,0,1.0,1.0,0.0,0.0,0.0,0.0,0.0,0.0,0.0,1.0,1.0,0.0,0.0,0.0,0.0,0.0,0.0,0.0
detour,real_one,440,220,e36,37d3edc8cb9ad51b8ebf45a235721c16e2531be26385d150aef2b21d81a04cae,glass,calibration,False,0,0.0,0.0,0.0,0.0,0.0,0.0,0.0,0.0,0.0,0.0,0.0,0.0,0.0,0.0,0.0,0.0,0.0,0.0
detour,real_one,440,220,e37,37d3edc8cb9ad51b8ebf45a235721c16e2531be26385d150aef2b21d81a04cae,offpath,calibration,False,0,1.0,1.0,0.0,0.0,0.0,0.0,0.0,0.0,0.0,1.0,1.0,0.0,0.0,0.0,0.0,0.0,0.0,0.0
detour,real_one,440,220,e38,37d3edc8cb9ad51b8ebf45a235721c16e2531be26385d150aef2b21d81a04cae,noglass,calibration,False,0,1.0,1.0,0.0,0.0,0.0,0.0,0.0,0.0,0.0,1.0,1.0,0.0,0.0,0.0,0.0,0.0,0.0,0.0
detour,real_one,440,220,e39,6292759eb45913ce4ed8447194504833f347d9355012e3228775797a4b0a7cd1,glass,calibration,False,0,0.0,0.0,0.0,1.0,1.0,0.0,0.0,0.0,0.0,0.0,0.0,0.0,1.0,1.0,0.0,0.0,0.0,0.0
detour,real_one,440,220,e40,6292759eb45913ce4ed8447194504833f347d9355012e3228775797a4b0a7cd1,offpath,calibration,False,0,1.0,1.0,0.0,0.0,0.0,0.0,0.0,0.0,0.0,1.0,1.0,0.0,0.0,0.0,0.0,0.0,0.0,0.0
detour,real_one,440,220,e41,6292759eb45913ce4ed8447194504833f347d9355012e3228775797a4b0a7cd1,noglass,calibration,False,0,1.0,1.0,0.0,0.0,0.0,0.0,0.0,0.0,0.0,1.0,1.0,0.0,0.0,0.0,0.0,0.0,0.0,0.0
detour,real_one,440,220,e42,655347c9fb28aaf505e162e6bcad095d17e4bfee5506113825cfb3da6ca60845,glass,calibration,False,0,0.0,0.0,0.0,1.0,1.0,0.0,0.0,0.0,0.0,0.0,0.0,0.0,1.0,1.0,0.0,0.0,0.0,0.0
detour,real_one,440,220,e43,655347c9fb28aaf505e162e6bcad095d17e4bfee5506113825cfb3da6ca60845,offpath,calibration,False,0,1.0,1.0,0.0,0.0,0.0,0.0,0.0,0.0,0.0,1.0,1.0,0.0,0.0,0.0,0.0,0.0,0.0,0.0
detour,real_one,440,220,e44,655347c9fb28aaf505e162e6bcad095d17e4bfee5506113825cfb3da6ca60845,noglass,calibration,False,0,1.0,1.0,0.0,0.0,0.0,0.0,0.0,0.0,0.0,1.0,1.0,0.0,0.0,0.0,0.0,0.0,0.0,0.0
detour,real_one,440,220,e45,64d921063eb0a02530efbea3434c347d28bd353cbb04464e5d91d499f62f61ef,glass,calibration,False,0,0.0,0.0,0.0,1.0,1.0,0.0,0.0,0.0,0.0,0.0,0.0,0.0,1.0,1.0,0.0,0.0,0.0,0.0
detour,real_one,440,220,e46,64d921063eb0a02530efbea3434c347d28bd353cbb04464e5d91d499f62f61ef,offpath,calibration,True,0,0.0,0.0,0.0,1.0,1.0,0.0,0.0,0.0,0.0,0.0,0.0,0.0,1.0,1.0,0.0,0.0,0.0,0.0
detour,real_one,440,220,e47,64d921063eb0a02530efbea3434c347d28bd353cbb04464e5d91d499f62f61ef,noglass,calibration,False,0,1.0,1.0,0.0,0.0,0.0,0.0,0.0,0.0,0.0,0.0,0.0,0.0,0.0,0.0,0.0,0.0,0.0,0.0
detour,real_one,440,440,e00,0815f4806fc9a4fbd58c6627c8b92fd77f1b80ad4b8b4cd6d0c6e0541d488a7b,glass,fitting,False,0,0.0,0.0,0.0,1.0,1.0,0.0,0.0,0.0,0.0,0.0,0.0,0.0,1.0,1.0,0.0,0.0,0.0,0.0
detour,real_one,440,440,e01,0815f4806fc9a4fbd58c6627c8b92fd77f1b80ad4b8b4cd6d0c6e0541d488a7b,offpath,fitting,False,0,1.0,1.0,0.0,0.0,0.0,0.0,0.0,0.0,0.0,1.0,1.0,0.0,0.0,0.0,0.0,0.0,0.0,0.0
detour,real_one,440,440,e02,0815f4806fc9a4fbd58c6627c8b92fd77f1b80ad4b8b4cd6d0c6e0541d488a7b,noglass,fitting,False,0,1.0,1.0,0.0,0.0,0.0,0.0,0.0,0.0,0.0,1.0,1.0,0.0,0.0,0.0,0.0,0.0,0.0,0.0
detour,real_one,440,440,e03,28c563172e6e13a0d3d84f1527243878c67a2140fa8c9a81ecb8b81ec9402dc8,glass,fitting,False,0,1.0,1.0,0.0,0.0,0.0,0.0,0.0,0.0,0.0,1.0,1.0,0.0,0.0,0.0,0.0,0.0,0.0,0.0
detour,real_one,440,440,e04,28c563172e6e13a0d3d84f1527243878c67a2140fa8c9a81ecb8b81ec9402dc8,offpath,fitting,False,0,1.0,1.0,0.0,0.0,0.0,0.0,0.0,0.0,0.0,1.0,1.0,0.0,0.0,0.0,0.0,0.0,0.0,0.0
detour,real_one,440,440,e05,28c563172e6e13a0d3d84f1527243878c67a2140fa8c9a81ecb8b81ec9402dc8,noglass,fitting,False,0,1.0,1.0,0.0,0.0,0.0,0.0,0.0,0.0,0.0,1.0,1.0,0.0,0.0,0.0,0.0,0.0,0.0,0.0
detour,real_one,440,440,e06,69fa7e93588c6aea4b134efa44633d38556ce1656b46df276021920a664881a3,glass,fitting,False,0,0.0,0.0,0.0,1.0,1.0,0.0,0.0,0.0,0.0,0.0,0.0,0.0,1.0,1.0,0.0,0.0,0.0,0.0
detour,real_one,440,440,e07,69fa7e93588c6aea4b134efa44633d38556ce1656b46df276021920a664881a3,offpath,fitting,False,0,1.0,1.0,0.0,0.0,0.0,0.0,0.0,0.0,0.0,1.0,1.0,0.0,0.0,0.0,0.0,0.0,0.0,0.0
detour,real_one,440,440,e08,69fa7e93588c6aea4b134efa44633d38556ce1656b46df276021920a664881a3,noglass,fitting,False,0,1.0,1.0,0.0,0.0,0.0,0.0,0.0,0.0,0.0,1.0,1.0,0.0,0.0,0.0,0.0,0.0,0.0,0.0
detour,real_one,440,440,e09,76fe1d96587ab928f6fb5d7750ecd048fd712eb3d66aa60feb972a3d9d56c9d1,glass,fitting,False,0,1.0,1.0,0.0,0.0,0.0,0.0,0.0,0.0,0.0,1.0,1.0,0.0,0.0,0.0,0.0,0.0,0.0,0.0
detour,real_one,440,440,e10,76fe1d96587ab928f6fb5d7750ecd048fd712eb3d66aa60feb972a3d9d56c9d1,offpath,fitting,False,0,1.0,1.0,0.0,0.0,0.0,0.0,0.0,0.0,0.0,1.0,1.0,0.0,0.0,0.0,0.0,0.0,0.0,0.0
detour,real_one,440,440,e11,76fe1d96587ab928f6fb5d7750ecd048fd712eb3d66aa60feb972a3d9d56c9d1,noglass,fitting,False,0,1.0,1.0,0.0,0.0,0.0,0.0,0.0,0.0,0.0,1.0,1.0,0.0,0.0,0.0,0.0,0.0,0.0,0.0
detour,real_one,440,440,e12,821b498fc1fcb4e3c103635fa473d7577f718c4f633b273772954295c83ae585,glass,fitting,False,0,0.0,0.0,0.0,1.0,1.0,0.0,0.0,0.0,0.0,0.0,0.0,0.0,1.0,1.0,0.0,0.0,0.0,0.0
detour,real_one,440,440,e13,821b498fc1fcb4e3c103635fa473d7577f718c4f633b273772954295c83ae585,offpath,fitting,False,0,1.0,1.0,0.0,0.0,0.0,0.0,0.0,0.0,0.0,1.0,1.0,0.0,0.0,0.0,0.0,0.0,0.0,0.0
detour,real_one,440,440,e14,821b498fc1fcb4e3c103635fa473d7577f718c4f633b273772954295c83ae585,noglass,fitting,False,0,1.0,1.0,0.0,0.0,0.0,0.0,0.0,0.0,0.0,1.0,1.0,0.0,0.0,0.0,0.0,0.0,0.0,0.0
detour,real_one,440,440,e15,9176c2514b8a62105f4d2b8a22a8a0b0236c5b9feda58c18ef64cea917b98d9d,glass,fitting,False,1,0.0,1.0,1.0,1.0,0.0,-1.0,0.0,0.0,1.0,1.0,1.0,0.0,0.0,0.0,0.0,0.0,0.0,1.0
detour,real_one,440,440,e16,9176c2514b8a62105f4d2b8a22a8a0b0236c5b9feda58c18ef64cea917b98d9d,offpath,fitting,False,0,0.0,0.0,0.0,1.0,1.0,0.0,0.0,0.0,0.0,0.0,0.0,0.0,1.0,1.0,0.0,0.0,0.0,0.0
detour,real_one,440,440,e17,9176c2514b8a62105f4d2b8a22a8a0b0236c5b9feda58c18ef64cea917b98d9d,noglass,fitting,False,0,1.0,1.0,0.0,0.0,0.0,0.0,0.0,0.0,0.0,0.0,0.0,0.0,0.0,0.0,0.0,0.0,0.0,0.0
detour,real_one,440,440,e18,986b3dff233a80cf0fd1c48f815600f49b95f83be0d9f898fee40d0a5c9dca63,glass,fitting,False,1,0.0,1.0,1.0,1.0,0.0,-1.0,0.0,0.0,1.0,0.0,1.0,1.0,1.0,0.0,-1.0,0.0,0.0,1.0
detour,real_one,440,440,e19,986b3dff233a80cf0fd1c48f815600f49b95f83be0d9f898fee40d0a5c9dca63,offpath,fitting,False,0,1.0,1.0,0.0,0.0,0.0,0.0,0.0,0.0,0.0,1.0,1.0,0.0,0.0,0.0,0.0,0.0,0.0,0.0
detour,real_one,440,440,e20,986b3dff233a80cf0fd1c48f815600f49b95f83be0d9f898fee40d0a5c9dca63,noglass,fitting,False,0,1.0,1.0,0.0,0.0,0.0,0.0,0.0,0.0,0.0,1.0,1.0,0.0,0.0,0.0,0.0,0.0,0.0,0.0
detour,real_one,440,440,e21,a3e1c487338ecfe4ce59e1e8f0be7a20d0442476ad923022ec430bdb5470ee56,glass,fitting,False,1,0.0,1.0,1.0,1.0,0.0,-1.0,0.0,0.0,1.0,0.0,1.0,1.0,1.0,0.0,-1.0,0.0,0.0,1.0
detour,real_one,440,440,e22,a3e1c487338ecfe4ce59e1e8f0be7a20d0442476ad923022ec430bdb5470ee56,offpath,fitting,False,0,1.0,1.0,0.0,0.0,0.0,0.0,0.0,0.0,0.0,1.0,1.0,0.0,0.0,0.0,0.0,0.0,0.0,0.0
detour,real_one,440,440,e23,a3e1c487338ecfe4ce59e1e8f0be7a20d0442476ad923022ec430bdb5470ee56,noglass,fitting,False,0,1.0,1.0,0.0,0.0,0.0,0.0,0.0,0.0,0.0,1.0,1.0,0.0,0.0,0.0,0.0,0.0,0.0,0.0
detour,real_one,440,440,e24,a992f0a563f4b0239708f4be6fa38192e6930b15387567b2d4a16568d4fa5671,glass,fitting,False,0,0.0,0.0,0.0,1.0,1.0,0.0,0.0,0.0,0.0,0.0,0.0,0.0,1.0,1.0,0.0,0.0,0.0,0.0
detour,real_one,440,440,e25,a992f0a563f4b0239708f4be6fa38192e6930b15387567b2d4a16568d4fa5671,offpath,fitting,False,0,1.0,1.0,0.0,0.0,0.0,0.0,0.0,0.0,0.0,1.0,1.0,0.0,0.0,0.0,0.0,0.0,0.0,0.0
detour,real_one,440,440,e26,a992f0a563f4b0239708f4be6fa38192e6930b15387567b2d4a16568d4fa5671,noglass,fitting,False,0,1.0,1.0,0.0,0.0,0.0,0.0,0.0,0.0,0.0,1.0,1.0,0.0,0.0,0.0,0.0,0.0,0.0,0.0
detour,real_one,440,440,e27,c8fa274849bf4beeb7c46b93a7de7a6242e5af2e9c83a395e8d0db16da5e81d8,glass,fitting,False,0,0.0,0.0,0.0,1.0,1.0,0.0,0.0,0.0,0.0,0.0,0.0,0.0,1.0,1.0,0.0,0.0,0.0,0.0
detour,real_one,440,440,e28,c8fa274849bf4beeb7c46b93a7de7a6242e5af2e9c83a395e8d0db16da5e81d8,offpath,fitting,False,0,1.0,1.0,0.0,0.0,0.0,0.0,0.0,0.0,0.0,1.0,1.0,0.0,0.0,0.0,0.0,0.0,0.0,0.0
detour,real_one,440,440,e29,c8fa274849bf4beeb7c46b93a7de7a6242e5af2e9c83a395e8d0db16da5e81d8,noglass,fitting,False,0,1.0,1.0,0.0,0.0,0.0,0.0,0.0,0.0,0.0,1.0,1.0,0.0,0.0,0.0,0.0,0.0,0.0,0.0
detour,real_one,440,440,e30,ddd84e646ab0cdd38c0f283802f28ac361a412492f3872c7f489b95bb55d53af,glass,fitting,False,0,0.0,0.0,0.0,1.0,1.0,0.0,0.0,0.0,0.0,0.0,0.0,0.0,1.0,1.0,0.0,0.0,0.0,0.0
detour,real_one,440,440,e31,ddd84e646ab0cdd38c0f283802f28ac361a412492f3872c7f489b95bb55d53af,offpath,fitting,False,0,1.0,1.0,0.0,0.0,0.0,0.0,0.0,0.0,0.0,1.0,1.0,0.0,0.0,0.0,0.0,0.0,0.0,0.0
detour,real_one,440,440,e32,ddd84e646ab0cdd38c0f283802f28ac361a412492f3872c7f489b95bb55d53af,noglass,fitting,False,0,1.0,1.0,0.0,0.0,0.0,0.0,0.0,0.0,0.0,1.0,1.0,0.0,0.0,0.0,0.0,0.0,0.0,0.0
detour,real_one,440,440,e33,f64d2a60c3b9cebc4b5e12f86f4978711b4ca1e7a3788d1756d078c45a1c1004,glass,fitting,False,0,0.0,0.0,0.0,1.0,1.0,0.0,0.0,0.0,0.0,0.0,0.0,0.0,1.0,1.0,0.0,0.0,0.0,0.0
detour,real_one,440,440,e34,f64d2a60c3b9cebc4b5e12f86f4978711b4ca1e7a3788d1756d078c45a1c1004,offpath,fitting,False,0,1.0,1.0,0.0,0.0,0.0,0.0,0.0,0.0,0.0,1.0,1.0,0.0,0.0,0.0,0.0,0.0,0.0,0.0
detour,real_one,440,440,e35,f64d2a60c3b9cebc4b5e12f86f4978711b4ca1e7a3788d1756d078c45a1c1004,noglass,fitting,False,0,1.0,1.0,0.0,0.0,0.0,0.0,0.0,0.0,0.0,1.0,1.0,0.0,0.0,0.0,0.0,0.0,0.0,0.0
detour,real_one,440,440,e36,37d3edc8cb9ad51b8ebf45a235721c16e2531be26385d150aef2b21d81a04cae,glass,calibration,False,0,0.0,0.0,0.0,0.0,0.0,0.0,0.0,0.0,0.0,0.0,0.0,0.0,0.0,0.0,0.0,0.0,0.0,0.0
detour,real_one,440,440,e37,37d3edc8cb9ad51b8ebf45a235721c16e2531be26385d150aef2b21d81a04cae,offpath,calibration,False,0,1.0,1.0,0.0,0.0,0.0,0.0,0.0,0.0,0.0,1.0,1.0,0.0,0.0,0.0,0.0,0.0,0.0,0.0
detour,real_one,440,440,e38,37d3edc8cb9ad51b8ebf45a235721c16e2531be26385d150aef2b21d81a04cae,noglass,calibration,False,0,1.0,1.0,0.0,0.0,0.0,0.0,0.0,0.0,0.0,1.0,1.0,0.0,0.0,0.0,0.0,0.0,0.0,0.0
detour,real_one,440,440,e39,6292759eb45913ce4ed8447194504833f347d9355012e3228775797a4b0a7cd1,glass,calibration,False,0,0.0,0.0,0.0,1.0,1.0,0.0,0.0,0.0,0.0,0.0,0.0,0.0,1.0,1.0,0.0,0.0,0.0,0.0
detour,real_one,440,440,e40,6292759eb45913ce4ed8447194504833f347d9355012e3228775797a4b0a7cd1,offpath,calibration,False,0,1.0,1.0,0.0,0.0,0.0,0.0,0.0,0.0,0.0,1.0,1.0,0.0,0.0,0.0,0.0,0.0,0.0,0.0
detour,real_one,440,440,e41,6292759eb45913ce4ed8447194504833f347d9355012e3228775797a4b0a7cd1,noglass,calibration,False,0,1.0,1.0,0.0,0.0,0.0,0.0,0.0,0.0,0.0,1.0,1.0,0.0,0.0,0.0,0.0,0.0,0.0,0.0
detour,real_one,440,440,e42,655347c9fb28aaf505e162e6bcad095d17e4bfee5506113825cfb3da6ca60845,glass,calibration,False,0,0.0,0.0,0.0,1.0,1.0,0.0,0.0,0.0,0.0,0.0,0.0,0.0,1.0,1.0,0.0,0.0,0.0,0.0
detour,real_one,440,440,e43,655347c9fb28aaf505e162e6bcad095d17e4bfee5506113825cfb3da6ca60845,offpath,calibration,False,0,1.0,1.0,0.0,0.0,0.0,0.0,0.0,0.0,0.0,1.0,1.0,0.0,0.0,0.0,0.0,0.0,0.0,0.0
detour,real_one,440,440,e44,655347c9fb28aaf505e162e6bcad095d17e4bfee5506113825cfb3da6ca60845,noglass,calibration,False,0,1.0,1.0,0.0,0.0,0.0,0.0,0.0,0.0,0.0,1.0,1.0,0.0,0.0,0.0,0.0,0.0,0.0,0.0
detour,real_one,440,440,e45,64d921063eb0a02530efbea3434c347d28bd353cbb04464e5d91d499f62f61ef,glass,calibration,False,0,0.0,0.0,0.0,1.0,1.0,0.0,0.0,0.0,0.0,0.0,0.0,0.0,1.0,1.0,0.0,0.0,0.0,0.0
detour,real_one,440,440,e46,64d921063eb0a02530efbea3434c347d28bd353cbb04464e5d91d499f62f61ef,offpath,calibration,True,0,0.0,0.0,0.0,1.0,1.0,0.0,0.0,0.0,0.0,0.0,0.0,0.0,1.0,1.0,0.0,0.0,0.0,0.0
detour,real_one,440,440,e47,64d921063eb0a02530efbea3434c347d28bd353cbb04464e5d91d499f62f61ef,noglass,calibration,False,0,1.0,1.0,0.0,0.0,0.0,0.0,0.0,0.0,0.0,0.0,0.0,0.0,0.0,0.0,0.0,0.0,0.0,0.0
detour,pseudo_one,440,220,e00,0815f4806fc9a4fbd58c6627c8b92fd77f1b80ad4b8b4cd6d0c6e0541d488a7b,glass,fitting,False,0,0.0,0.0,0.0,1.0,1.0,0.0,0.0,0.0,0.0,0.0,0.0,0.0,1.0,1.0,0.0,0.0,0.0,0.0
detour,pseudo_one,440,220,e01,0815f4806fc9a4fbd58c6627c8b92fd77f1b80ad4b8b4cd6d0c6e0541d488a7b,offpath,fitting,False,0,1.0,1.0,0.0,0.0,0.0,0.0,0.0,0.0,0.0,1.0,1.0,0.0,0.0,0.0,0.0,0.0,0.0,0.0
detour,pseudo_one,440,220,e02,0815f4806fc9a4fbd58c6627c8b92fd77f1b80ad4b8b4cd6d0c6e0541d488a7b,noglass,fitting,False,0,1.0,1.0,0.0,0.0,0.0,0.0,0.0,0.0,0.0,1.0,1.0,0.0,0.0,0.0,0.0,0.0,0.0,0.0
detour,pseudo_one,440,220,e03,28c563172e6e13a0d3d84f1527243878c67a2140fa8c9a81ecb8b81ec9402dc8,glass,fitting,False,0,1.0,1.0,0.0,0.0,0.0,0.0,0.0,0.0,0.0,1.0,1.0,0.0,0.0,0.0,0.0,0.0,0.0,0.0
detour,pseudo_one,440,220,e04,28c563172e6e13a0d3d84f1527243878c67a2140fa8c9a81ecb8b81ec9402dc8,offpath,fitting,False,0,1.0,1.0,0.0,0.0,0.0,0.0,0.0,0.0,0.0,1.0,1.0,0.0,0.0,0.0,0.0,0.0,0.0,0.0
detour,pseudo_one,440,220,e05,28c563172e6e13a0d3d84f1527243878c67a2140fa8c9a81ecb8b81ec9402dc8,noglass,fitting,False,0,1.0,1.0,0.0,0.0,0.0,0.0,0.0,0.0,0.0,1.0,1.0,0.0,0.0,0.0,0.0,0.0,0.0,0.0
detour,pseudo_one,440,220,e06,69fa7e93588c6aea4b134efa44633d38556ce1656b46df276021920a664881a3,glass,fitting,False,0,0.0,0.0,0.0,1.0,1.0,0.0,0.0,0.0,0.0,0.0,0.0,0.0,1.0,1.0,0.0,0.0,0.0,0.0
detour,pseudo_one,440,220,e07,69fa7e93588c6aea4b134efa44633d38556ce1656b46df276021920a664881a3,offpath,fitting,False,0,1.0,1.0,0.0,0.0,0.0,0.0,0.0,0.0,0.0,1.0,1.0,0.0,0.0,0.0,0.0,0.0,0.0,0.0
detour,pseudo_one,440,220,e08,69fa7e93588c6aea4b134efa44633d38556ce1656b46df276021920a664881a3,noglass,fitting,False,0,1.0,1.0,0.0,0.0,0.0,0.0,0.0,0.0,0.0,1.0,1.0,0.0,0.0,0.0,0.0,0.0,0.0,0.0
detour,pseudo_one,440,220,e09,76fe1d96587ab928f6fb5d7750ecd048fd712eb3d66aa60feb972a3d9d56c9d1,glass,fitting,False,0,1.0,1.0,0.0,0.0,0.0,0.0,0.0,0.0,0.0,1.0,1.0,0.0,0.0,0.0,0.0,0.0,0.0,0.0
detour,pseudo_one,440,220,e10,76fe1d96587ab928f6fb5d7750ecd048fd712eb3d66aa60feb972a3d9d56c9d1,offpath,fitting,False,0,1.0,1.0,0.0,0.0,0.0,0.0,0.0,0.0,0.0,1.0,1.0,0.0,0.0,0.0,0.0,0.0,0.0,0.0
detour,pseudo_one,440,220,e11,76fe1d96587ab928f6fb5d7750ecd048fd712eb3d66aa60feb972a3d9d56c9d1,noglass,fitting,False,0,1.0,1.0,0.0,0.0,0.0,0.0,0.0,0.0,0.0,1.0,1.0,0.0,0.0,0.0,0.0,0.0,0.0,0.0
detour,pseudo_one,440,220,e12,821b498fc1fcb4e3c103635fa473d7577f718c4f633b273772954295c83ae585,glass,fitting,False,0,0.0,0.0,0.0,1.0,1.0,0.0,0.0,0.0,0.0,0.0,0.0,0.0,1.0,1.0,0.0,0.0,0.0,0.0
detour,pseudo_one,440,220,e13,821b498fc1fcb4e3c103635fa473d7577f718c4f633b273772954295c83ae585,offpath,fitting,False,0,1.0,1.0,0.0,0.0,0.0,0.0,0.0,0.0,0.0,1.0,1.0,0.0,0.0,0.0,0.0,0.0,0.0,0.0
detour,pseudo_one,440,220,e14,821b498fc1fcb4e3c103635fa473d7577f718c4f633b273772954295c83ae585,noglass,fitting,False,0,1.0,1.0,0.0,0.0,0.0,0.0,0.0,0.0,0.0,1.0,1.0,0.0,0.0,0.0,0.0,0.0,0.0,0.0
detour,pseudo_one,440,220,e15,9176c2514b8a62105f4d2b8a22a8a0b0236c5b9feda58c18ef64cea917b98d9d,glass,fitting,False,1,0.0,1.0,1.0,1.0,0.0,-1.0,0.0,0.0,1.0,1.0,1.0,0.0,0.0,0.0,0.0,0.0,0.0,1.0
detour,pseudo_one,440,220,e16,9176c2514b8a62105f4d2b8a22a8a0b0236c5b9feda58c18ef64cea917b98d9d,offpath,fitting,False,0,0.0,0.0,0.0,1.0,1.0,0.0,0.0,0.0,0.0,0.0,0.0,0.0,1.0,1.0,0.0,0.0,0.0,0.0
detour,pseudo_one,440,220,e17,9176c2514b8a62105f4d2b8a22a8a0b0236c5b9feda58c18ef64cea917b98d9d,noglass,fitting,False,0,1.0,1.0,0.0,0.0,0.0,0.0,0.0,0.0,0.0,0.0,0.0,0.0,0.0,0.0,0.0,0.0,0.0,0.0
detour,pseudo_one,440,220,e18,986b3dff233a80cf0fd1c48f815600f49b95f83be0d9f898fee40d0a5c9dca63,glass,fitting,False,0,0.0,0.0,0.0,1.0,1.0,0.0,0.0,0.0,0.0,0.0,0.0,0.0,1.0,1.0,0.0,0.0,0.0,0.0
detour,pseudo_one,440,220,e19,986b3dff233a80cf0fd1c48f815600f49b95f83be0d9f898fee40d0a5c9dca63,offpath,fitting,False,0,1.0,1.0,0.0,0.0,0.0,0.0,0.0,0.0,0.0,1.0,1.0,0.0,0.0,0.0,0.0,0.0,0.0,0.0
detour,pseudo_one,440,220,e20,986b3dff233a80cf0fd1c48f815600f49b95f83be0d9f898fee40d0a5c9dca63,noglass,fitting,False,0,1.0,1.0,0.0,0.0,0.0,0.0,0.0,0.0,0.0,1.0,1.0,0.0,0.0,0.0,0.0,0.0,0.0,0.0
detour,pseudo_one,440,220,e21,a3e1c487338ecfe4ce59e1e8f0be7a20d0442476ad923022ec430bdb5470ee56,glass,fitting,False,0,0.0,0.0,0.0,1.0,1.0,0.0,0.0,0.0,0.0,0.0,0.0,0.0,1.0,1.0,0.0,0.0,0.0,0.0
detour,pseudo_one,440,220,e22,a3e1c487338ecfe4ce59e1e8f0be7a20d0442476ad923022ec430bdb5470ee56,offpath,fitting,False,0,1.0,1.0,0.0,0.0,0.0,0.0,0.0,0.0,0.0,1.0,1.0,0.0,0.0,0.0,0.0,0.0,0.0,0.0
detour,pseudo_one,440,220,e23,a3e1c487338ecfe4ce59e1e8f0be7a20d0442476ad923022ec430bdb5470ee56,noglass,fitting,False,0,1.0,1.0,0.0,0.0,0.0,0.0,0.0,0.0,0.0,1.0,1.0,0.0,0.0,0.0,0.0,0.0,0.0,0.0
detour,pseudo_one,440,220,e24,a992f0a563f4b0239708f4be6fa38192e6930b15387567b2d4a16568d4fa5671,glass,fitting,False,0,0.0,0.0,0.0,1.0,1.0,0.0,0.0,0.0,0.0,0.0,0.0,0.0,1.0,1.0,0.0,0.0,0.0,0.0
detour,pseudo_one,440,220,e25,a992f0a563f4b0239708f4be6fa38192e6930b15387567b2d4a16568d4fa5671,offpath,fitting,False,0,1.0,1.0,0.0,0.0,0.0,0.0,0.0,0.0,0.0,1.0,1.0,0.0,0.0,0.0,0.0,0.0,0.0,0.0
detour,pseudo_one,440,220,e26,a992f0a563f4b0239708f4be6fa38192e6930b15387567b2d4a16568d4fa5671,noglass,fitting,False,0,1.0,1.0,0.0,0.0,0.0,0.0,0.0,0.0,0.0,1.0,1.0,0.0,0.0,0.0,0.0,0.0,0.0,0.0
detour,pseudo_one,440,220,e27,c8fa274849bf4beeb7c46b93a7de7a6242e5af2e9c83a395e8d0db16da5e81d8,glass,fitting,False,0,0.0,0.0,0.0,1.0,1.0,0.0,0.0,0.0,0.0,0.0,0.0,0.0,1.0,1.0,0.0,0.0,0.0,0.0
detour,pseudo_one,440,220,e28,c8fa274849bf4beeb7c46b93a7de7a6242e5af2e9c83a395e8d0db16da5e81d8,offpath,fitting,False,0,1.0,1.0,0.0,0.0,0.0,0.0,0.0,0.0,0.0,1.0,1.0,0.0,0.0,0.0,0.0,0.0,0.0,0.0
detour,pseudo_one,440,220,e29,c8fa274849bf4beeb7c46b93a7de7a6242e5af2e9c83a395e8d0db16da5e81d8,noglass,fitting,False,0,1.0,1.0,0.0,0.0,0.0,0.0,0.0,0.0,0.0,1.0,1.0,0.0,0.0,0.0,0.0,0.0,0.0,0.0
detour,pseudo_one,440,220,e30,ddd84e646ab0cdd38c0f283802f28ac361a412492f3872c7f489b95bb55d53af,glass,fitting,False,0,0.0,0.0,0.0,1.0,1.0,0.0,0.0,0.0,0.0,0.0,0.0,0.0,1.0,1.0,0.0,0.0,0.0,0.0
detour,pseudo_one,440,220,e31,ddd84e646ab0cdd38c0f283802f28ac361a412492f3872c7f489b95bb55d53af,offpath,fitting,False,0,1.0,1.0,0.0,0.0,0.0,0.0,0.0,0.0,0.0,1.0,1.0,0.0,0.0,0.0,0.0,0.0,0.0,0.0
detour,pseudo_one,440,220,e32,ddd84e646ab0cdd38c0f283802f28ac361a412492f3872c7f489b95bb55d53af,noglass,fitting,False,0,1.0,1.0,0.0,0.0,0.0,0.0,0.0,0.0,0.0,1.0,1.0,0.0,0.0,0.0,0.0,0.0,0.0,0.0
detour,pseudo_one,440,220,e33,f64d2a60c3b9cebc4b5e12f86f4978711b4ca1e7a3788d1756d078c45a1c1004,glass,fitting,False,0,0.0,0.0,0.0,1.0,1.0,0.0,0.0,0.0,0.0,0.0,0.0,0.0,1.0,1.0,0.0,0.0,0.0,0.0
detour,pseudo_one,440,220,e34,f64d2a60c3b9cebc4b5e12f86f4978711b4ca1e7a3788d1756d078c45a1c1004,offpath,fitting,False,0,1.0,1.0,0.0,0.0,0.0,0.0,0.0,0.0,0.0,1.0,1.0,0.0,0.0,0.0,0.0,0.0,0.0,0.0
detour,pseudo_one,440,220,e35,f64d2a60c3b9cebc4b5e12f86f4978711b4ca1e7a3788d1756d078c45a1c1004,noglass,fitting,False,0,1.0,1.0,0.0,0.0,0.0,0.0,0.0,0.0,0.0,1.0,1.0,0.0,0.0,0.0,0.0,0.0,0.0,0.0
detour,pseudo_one,440,220,e36,37d3edc8cb9ad51b8ebf45a235721c16e2531be26385d150aef2b21d81a04cae,glass,calibration,False,0,0.0,0.0,0.0,0.0,0.0,0.0,0.0,0.0,0.0,0.0,0.0,0.0,0.0,0.0,0.0,0.0,0.0,0.0
detour,pseudo_one,440,220,e37,37d3edc8cb9ad51b8ebf45a235721c16e2531be26385d150aef2b21d81a04cae,offpath,calibration,False,0,1.0,1.0,0.0,0.0,0.0,0.0,0.0,0.0,0.0,1.0,1.0,0.0,0.0,0.0,0.0,0.0,0.0,0.0
detour,pseudo_one,440,220,e38,37d3edc8cb9ad51b8ebf45a235721c16e2531be26385d150aef2b21d81a04cae,noglass,calibration,False,0,1.0,1.0,0.0,0.0,0.0,0.0,0.0,0.0,0.0,1.0,1.0,0.0,0.0,0.0,0.0,0.0,0.0,0.0
detour,pseudo_one,440,220,e39,6292759eb45913ce4ed8447194504833f347d9355012e3228775797a4b0a7cd1,glass,calibration,False,0,0.0,0.0,0.0,1.0,1.0,0.0,0.0,0.0,0.0,0.0,0.0,0.0,1.0,1.0,0.0,0.0,0.0,0.0
detour,pseudo_one,440,220,e40,6292759eb45913ce4ed8447194504833f347d9355012e3228775797a4b0a7cd1,offpath,calibration,False,0,1.0,1.0,0.0,0.0,0.0,0.0,0.0,0.0,0.0,1.0,1.0,0.0,0.0,0.0,0.0,0.0,0.0,0.0
detour,pseudo_one,440,220,e41,6292759eb45913ce4ed8447194504833f347d9355012e3228775797a4b0a7cd1,noglass,calibration,False,0,1.0,1.0,0.0,0.0,0.0,0.0,0.0,0.0,0.0,1.0,1.0,0.0,0.0,0.0,0.0,0.0,0.0,0.0
detour,pseudo_one,440,220,e42,655347c9fb28aaf505e162e6bcad095d17e4bfee5506113825cfb3da6ca60845,glass,calibration,False,0,0.0,0.0,0.0,1.0,1.0,0.0,0.0,0.0,0.0,0.0,0.0,0.0,1.0,1.0,0.0,0.0,0.0,0.0
detour,pseudo_one,440,220,e43,655347c9fb28aaf505e162e6bcad095d17e4bfee5506113825cfb3da6ca60845,offpath,calibration,False,0,1.0,1.0,0.0,0.0,0.0,0.0,0.0,0.0,0.0,1.0,1.0,0.0,0.0,0.0,0.0,0.0,0.0,0.0
detour,pseudo_one,440,220,e44,655347c9fb28aaf505e162e6bcad095d17e4bfee5506113825cfb3da6ca60845,noglass,calibration,False,0,1.0,1.0,0.0,0.0,0.0,0.0,0.0,0.0,0.0,1.0,1.0,0.0,0.0,0.0,0.0,0.0,0.0,0.0
detour,pseudo_one,440,220,e45,64d921063eb0a02530efbea3434c347d28bd353cbb04464e5d91d499f62f61ef,glass,calibration,False,0,0.0,0.0,0.0,1.0,1.0,0.0,0.0,0.0,0.0,0.0,0.0,0.0,1.0,1.0,0.0,0.0,0.0,0.0
detour,pseudo_one,440,220,e46,64d921063eb0a02530efbea3434c347d28bd353cbb04464e5d91d499f62f61ef,offpath,calibration,True,0,0.0,0.0,0.0,1.0,1.0,0.0,0.0,0.0,0.0,0.0,0.0,0.0,1.0,1.0,0.0,0.0,0.0,0.0
detour,pseudo_one,440,220,e47,64d921063eb0a02530efbea3434c347d28bd353cbb04464e5d91d499f62f61ef,noglass,calibration,False,0,1.0,1.0,0.0,0.0,0.0,0.0,0.0,0.0,0.0,0.0,0.0,0.0,0.0,0.0,0.0,0.0,0.0,0.0
detour,pseudo_one,440,440,e00,0815f4806fc9a4fbd58c6627c8b92fd77f1b80ad4b8b4cd6d0c6e0541d488a7b,glass,fitting,False,0,0.0,0.0,0.0,1.0,1.0,0.0,0.0,0.0,0.0,0.0,0.0,0.0,1.0,1.0,0.0,0.0,0.0,0.0
detour,pseudo_one,440,440,e01,0815f4806fc9a4fbd58c6627c8b92fd77f1b80ad4b8b4cd6d0c6e0541d488a7b,offpath,fitting,False,0,1.0,1.0,0.0,0.0,0.0,0.0,0.0,0.0,0.0,1.0,1.0,0.0,0.0,0.0,0.0,0.0,0.0,0.0
detour,pseudo_one,440,440,e02,0815f4806fc9a4fbd58c6627c8b92fd77f1b80ad4b8b4cd6d0c6e0541d488a7b,noglass,fitting,False,0,1.0,1.0,0.0,0.0,0.0,0.0,0.0,0.0,0.0,1.0,1.0,0.0,0.0,0.0,0.0,0.0,0.0,0.0
detour,pseudo_one,440,440,e03,28c563172e6e13a0d3d84f1527243878c67a2140fa8c9a81ecb8b81ec9402dc8,glass,fitting,False,0,1.0,1.0,0.0,0.0,0.0,0.0,0.0,0.0,0.0,1.0,1.0,0.0,0.0,0.0,0.0,0.0,0.0,0.0
detour,pseudo_one,440,440,e04,28c563172e6e13a0d3d84f1527243878c67a2140fa8c9a81ecb8b81ec9402dc8,offpath,fitting,False,0,1.0,1.0,0.0,0.0,0.0,0.0,0.0,0.0,0.0,1.0,1.0,0.0,0.0,0.0,0.0,0.0,0.0,0.0
detour,pseudo_one,440,440,e05,28c563172e6e13a0d3d84f1527243878c67a2140fa8c9a81ecb8b81ec9402dc8,noglass,fitting,False,0,1.0,1.0,0.0,0.0,0.0,0.0,0.0,0.0,0.0,1.0,1.0,0.0,0.0,0.0,0.0,0.0,0.0,0.0
detour,pseudo_one,440,440,e06,69fa7e93588c6aea4b134efa44633d38556ce1656b46df276021920a664881a3,glass,fitting,False,0,0.0,0.0,0.0,1.0,1.0,0.0,0.0,0.0,0.0,0.0,0.0,0.0,1.0,1.0,0.0,0.0,0.0,0.0
detour,pseudo_one,440,440,e07,69fa7e93588c6aea4b134efa44633d38556ce1656b46df276021920a664881a3,offpath,fitting,False,0,1.0,1.0,0.0,0.0,0.0,0.0,0.0,0.0,0.0,1.0,1.0,0.0,0.0,0.0,0.0,0.0,0.0,0.0
detour,pseudo_one,440,440,e08,69fa7e93588c6aea4b134efa44633d38556ce1656b46df276021920a664881a3,noglass,fitting,False,0,1.0,1.0,0.0,0.0,0.0,0.0,0.0,0.0,0.0,1.0,1.0,0.0,0.0,0.0,0.0,0.0,0.0,0.0
detour,pseudo_one,440,440,e09,76fe1d96587ab928f6fb5d7750ecd048fd712eb3d66aa60feb972a3d9d56c9d1,glass,fitting,False,0,1.0,1.0,0.0,0.0,0.0,0.0,0.0,0.0,0.0,1.0,1.0,0.0,0.0,0.0,0.0,0.0,0.0,0.0
detour,pseudo_one,440,440,e10,76fe1d96587ab928f6fb5d7750ecd048fd712eb3d66aa60feb972a3d9d56c9d1,offpath,fitting,False,0,1.0,1.0,0.0,0.0,0.0,0.0,0.0,0.0,0.0,1.0,1.0,0.0,0.0,0.0,0.0,0.0,0.0,0.0
detour,pseudo_one,440,440,e11,76fe1d96587ab928f6fb5d7750ecd048fd712eb3d66aa60feb972a3d9d56c9d1,noglass,fitting,False,0,1.0,1.0,0.0,0.0,0.0,0.0,0.0,0.0,0.0,1.0,1.0,0.0,0.0,0.0,0.0,0.0,0.0,0.0
detour,pseudo_one,440,440,e12,821b498fc1fcb4e3c103635fa473d7577f718c4f633b273772954295c83ae585,glass,fitting,False,0,0.0,0.0,0.0,1.0,1.0,0.0,0.0,0.0,0.0,0.0,0.0,0.0,1.0,1.0,0.0,0.0,0.0,0.0
detour,pseudo_one,440,440,e13,821b498fc1fcb4e3c103635fa473d7577f718c4f633b273772954295c83ae585,offpath,fitting,False,0,1.0,1.0,0.0,0.0,0.0,0.0,0.0,0.0,0.0,1.0,1.0,0.0,0.0,0.0,0.0,0.0,0.0,0.0
detour,pseudo_one,440,440,e14,821b498fc1fcb4e3c103635fa473d7577f718c4f633b273772954295c83ae585,noglass,fitting,False,0,1.0,1.0,0.0,0.0,0.0,0.0,0.0,0.0,0.0,1.0,1.0,0.0,0.0,0.0,0.0,0.0,0.0,0.0
detour,pseudo_one,440,440,e15,9176c2514b8a62105f4d2b8a22a8a0b0236c5b9feda58c18ef64cea917b98d9d,glass,fitting,False,1,0.0,1.0,1.0,1.0,0.0,-1.0,0.0,0.0,1.0,1.0,1.0,0.0,0.0,0.0,0.0,0.0,0.0,1.0
detour,pseudo_one,440,440,e16,9176c2514b8a62105f4d2b8a22a8a0b0236c5b9feda58c18ef64cea917b98d9d,offpath,fitting,False,0,0.0,0.0,0.0,1.0,1.0,0.0,0.0,0.0,0.0,0.0,0.0,0.0,1.0,1.0,0.0,0.0,0.0,0.0
detour,pseudo_one,440,440,e17,9176c2514b8a62105f4d2b8a22a8a0b0236c5b9feda58c18ef64cea917b98d9d,noglass,fitting,False,0,1.0,1.0,0.0,0.0,0.0,0.0,0.0,0.0,0.0,0.0,0.0,0.0,0.0,0.0,0.0,0.0,0.0,0.0
detour,pseudo_one,440,440,e18,986b3dff233a80cf0fd1c48f815600f49b95f83be0d9f898fee40d0a5c9dca63,glass,fitting,False,0,0.0,0.0,0.0,1.0,1.0,0.0,0.0,0.0,0.0,0.0,0.0,0.0,1.0,1.0,0.0,0.0,0.0,0.0
detour,pseudo_one,440,440,e19,986b3dff233a80cf0fd1c48f815600f49b95f83be0d9f898fee40d0a5c9dca63,offpath,fitting,False,0,1.0,1.0,0.0,0.0,0.0,0.0,0.0,0.0,0.0,1.0,1.0,0.0,0.0,0.0,0.0,0.0,0.0,0.0
detour,pseudo_one,440,440,e20,986b3dff233a80cf0fd1c48f815600f49b95f83be0d9f898fee40d0a5c9dca63,noglass,fitting,False,0,1.0,1.0,0.0,0.0,0.0,0.0,0.0,0.0,0.0,1.0,1.0,0.0,0.0,0.0,0.0,0.0,0.0,0.0
detour,pseudo_one,440,440,e21,a3e1c487338ecfe4ce59e1e8f0be7a20d0442476ad923022ec430bdb5470ee56,glass,fitting,False,0,0.0,0.0,0.0,1.0,1.0,0.0,0.0,0.0,0.0,0.0,0.0,0.0,1.0,1.0,0.0,0.0,0.0,0.0
detour,pseudo_one,440,440,e22,a3e1c487338ecfe4ce59e1e8f0be7a20d0442476ad923022ec430bdb5470ee56,offpath,fitting,False,0,1.0,1.0,0.0,0.0,0.0,0.0,0.0,0.0,0.0,1.0,1.0,0.0,0.0,0.0,0.0,0.0,0.0,0.0
detour,pseudo_one,440,440,e23,a3e1c487338ecfe4ce59e1e8f0be7a20d0442476ad923022ec430bdb5470ee56,noglass,fitting,False,0,1.0,1.0,0.0,0.0,0.0,0.0,0.0,0.0,0.0,1.0,1.0,0.0,0.0,0.0,0.0,0.0,0.0,0.0
detour,pseudo_one,440,440,e24,a992f0a563f4b0239708f4be6fa38192e6930b15387567b2d4a16568d4fa5671,glass,fitting,False,0,0.0,0.0,0.0,1.0,1.0,0.0,0.0,0.0,0.0,0.0,0.0,0.0,1.0,1.0,0.0,0.0,0.0,0.0
detour,pseudo_one,440,440,e25,a992f0a563f4b0239708f4be6fa38192e6930b15387567b2d4a16568d4fa5671,offpath,fitting,False,0,1.0,1.0,0.0,0.0,0.0,0.0,0.0,0.0,0.0,1.0,1.0,0.0,0.0,0.0,0.0,0.0,0.0,0.0
detour,pseudo_one,440,440,e26,a992f0a563f4b0239708f4be6fa38192e6930b15387567b2d4a16568d4fa5671,noglass,fitting,False,0,1.0,1.0,0.0,0.0,0.0,0.0,0.0,0.0,0.0,1.0,1.0,0.0,0.0,0.0,0.0,0.0,0.0,0.0
detour,pseudo_one,440,440,e27,c8fa274849bf4beeb7c46b93a7de7a6242e5af2e9c83a395e8d0db16da5e81d8,glass,fitting,False,0,0.0,0.0,0.0,1.0,1.0,0.0,0.0,0.0,0.0,0.0,0.0,0.0,1.0,1.0,0.0,0.0,0.0,0.0
detour,pseudo_one,440,440,e28,c8fa274849bf4beeb7c46b93a7de7a6242e5af2e9c83a395e8d0db16da5e81d8,offpath,fitting,False,0,1.0,1.0,0.0,0.0,0.0,0.0,0.0,0.0,0.0,1.0,1.0,0.0,0.0,0.0,0.0,0.0,0.0,0.0
detour,pseudo_one,440,440,e29,c8fa274849bf4beeb7c46b93a7de7a6242e5af2e9c83a395e8d0db16da5e81d8,noglass,fitting,False,0,1.0,1.0,0.0,0.0,0.0,0.0,0.0,0.0,0.0,1.0,1.0,0.0,0.0,0.0,0.0,0.0,0.0,0.0
detour,pseudo_one,440,440,e30,ddd84e646ab0cdd38c0f283802f28ac361a412492f3872c7f489b95bb55d53af,glass,fitting,False,0,0.0,0.0,0.0,1.0,1.0,0.0,0.0,0.0,0.0,0.0,0.0,0.0,1.0,1.0,0.0,0.0,0.0,0.0
detour,pseudo_one,440,440,e31,ddd84e646ab0cdd38c0f283802f28ac361a412492f3872c7f489b95bb55d53af,offpath,fitting,False,0,1.0,1.0,0.0,0.0,0.0,0.0,0.0,0.0,0.0,1.0,1.0,0.0,0.0,0.0,0.0,0.0,0.0,0.0
detour,pseudo_one,440,440,e32,ddd84e646ab0cdd38c0f283802f28ac361a412492f3872c7f489b95bb55d53af,noglass,fitting,False,0,1.0,1.0,0.0,0.0,0.0,0.0,0.0,0.0,0.0,1.0,1.0,0.0,0.0,0.0,0.0,0.0,0.0,0.0
detour,pseudo_one,440,440,e33,f64d2a60c3b9cebc4b5e12f86f4978711b4ca1e7a3788d1756d078c45a1c1004,glass,fitting,False,0,0.0,0.0,0.0,1.0,1.0,0.0,0.0,0.0,0.0,0.0,0.0,0.0,1.0,1.0,0.0,0.0,0.0,0.0
detour,pseudo_one,440,440,e34,f64d2a60c3b9cebc4b5e12f86f4978711b4ca1e7a3788d1756d078c45a1c1004,offpath,fitting,False,0,1.0,1.0,0.0,0.0,0.0,0.0,0.0,0.0,0.0,1.0,1.0,0.0,0.0,0.0,0.0,0.0,0.0,0.0
detour,pseudo_one,440,440,e35,f64d2a60c3b9cebc4b5e12f86f4978711b4ca1e7a3788d1756d078c45a1c1004,noglass,fitting,False,0,1.0,1.0,0.0,0.0,0.0,0.0,0.0,0.0,0.0,1.0,1.0,0.0,0.0,0.0,0.0,0.0,0.0,0.0
detour,pseudo_one,440,440,e36,37d3edc8cb9ad51b8ebf45a235721c16e2531be26385d150aef2b21d81a04cae,glass,calibration,False,0,0.0,0.0,0.0,0.0,0.0,0.0,0.0,0.0,0.0,0.0,0.0,0.0,0.0,0.0,0.0,0.0,0.0,0.0
detour,pseudo_one,440,440,e37,37d3edc8cb9ad51b8ebf45a235721c16e2531be26385d150aef2b21d81a04cae,offpath,calibration,False,0,1.0,1.0,0.0,0.0,0.0,0.0,0.0,0.0,0.0,1.0,1.0,0.0,0.0,0.0,0.0,0.0,0.0,0.0
detour,pseudo_one,440,440,e38,37d3edc8cb9ad51b8ebf45a235721c16e2531be26385d150aef2b21d81a04cae,noglass,calibration,False,0,1.0,1.0,0.0,0.0,0.0,0.0,0.0,0.0,0.0,1.0,1.0,0.0,0.0,0.0,0.0,0.0,0.0,0.0
detour,pseudo_one,440,440,e39,6292759eb45913ce4ed8447194504833f347d9355012e3228775797a4b0a7cd1,glass,calibration,False,0,0.0,0.0,0.0,1.0,1.0,0.0,0.0,0.0,0.0,0.0,0.0,0.0,1.0,1.0,0.0,0.0,0.0,0.0
detour,pseudo_one,440,440,e40,6292759eb45913ce4ed8447194504833f347d9355012e3228775797a4b0a7cd1,offpath,calibration,False,0,1.0,1.0,0.0,0.0,0.0,0.0,0.0,0.0,0.0,1.0,1.0,0.0,0.0,0.0,0.0,0.0,0.0,0.0
detour,pseudo_one,440,440,e41,6292759eb45913ce4ed8447194504833f347d9355012e3228775797a4b0a7cd1,noglass,calibration,False,0,1.0,1.0,0.0,0.0,0.0,0.0,0.0,0.0,0.0,1.0,1.0,0.0,0.0,0.0,0.0,0.0,0.0,0.0
detour,pseudo_one,440,440,e42,655347c9fb28aaf505e162e6bcad095d17e4bfee5506113825cfb3da6ca60845,glass,calibration,False,0,0.0,0.0,0.0,1.0,1.0,0.0,0.0,0.0,0.0,0.0,0.0,0.0,1.0,1.0,0.0,0.0,0.0,0.0
detour,pseudo_one,440,440,e43,655347c9fb28aaf505e162e6bcad095d17e4bfee5506113825cfb3da6ca60845,offpath,calibration,False,0,1.0,1.0,0.0,0.0,0.0,0.0,0.0,0.0,0.0,1.0,1.0,0.0,0.0,0.0,0.0,0.0,0.0,0.0
detour,pseudo_one,440,440,e44,655347c9fb28aaf505e162e6bcad095d17e4bfee5506113825cfb3da6ca60845,noglass,calibration,False,0,1.0,1.0,0.0,0.0,0.0,0.0,0.0,0.0,0.0,1.0,1.0,0.0,0.0,0.0,0.0,0.0,0.0,0.0
detour,pseudo_one,440,440,e45,64d921063eb0a02530efbea3434c347d28bd353cbb04464e5d91d499f62f61ef,glass,calibration,False,0,0.0,0.0,0.0,1.0,1.0,0.0,0.0,0.0,0.0,0.0,0.0,0.0,1.0,1.0,0.0,0.0,0.0,0.0
detour,pseudo_one,440,440,e46,64d921063eb0a02530efbea3434c347d28bd353cbb04464e5d91d499f62f61ef,offpath,calibration,True,0,0.0,0.0,0.0,1.0,1.0,0.0,0.0,0.0,0.0,0.0,0.0,0.0,1.0,1.0,0.0,0.0,0.0,0.0
detour,pseudo_one,440,440,e47,64d921063eb0a02530efbea3434c347d28bd353cbb04464e5d91d499f62f61ef,noglass,calibration,False,0,1.0,1.0,0.0,0.0,0.0,0.0,0.0,0.0,0.0,0.0,0.0,0.0,0.0,0.0,0.0,0.0,0.0,0.0
detour,pseudo_one_swapped,440,220,e00,0815f4806fc9a4fbd58c6627c8b92fd77f1b80ad4b8b4cd6d0c6e0541d488a7b,glass,fitting,False,0,0.0,0.0,0.0,1.0,1.0,0.0,0.0,0.0,0.0,0.0,0.0,0.0,1.0,1.0,0.0,0.0,0.0,0.0
detour,pseudo_one_swapped,440,220,e01,0815f4806fc9a4fbd58c6627c8b92fd77f1b80ad4b8b4cd6d0c6e0541d488a7b,offpath,fitting,False,0,1.0,1.0,0.0,0.0,0.0,0.0,0.0,0.0,0.0,1.0,1.0,0.0,0.0,0.0,0.0,0.0,0.0,0.0
detour,pseudo_one_swapped,440,220,e02,0815f4806fc9a4fbd58c6627c8b92fd77f1b80ad4b8b4cd6d0c6e0541d488a7b,noglass,fitting,False,0,1.0,1.0,0.0,0.0,0.0,0.0,0.0,0.0,0.0,1.0,1.0,0.0,0.0,0.0,0.0,0.0,0.0,0.0
detour,pseudo_one_swapped,440,220,e03,28c563172e6e13a0d3d84f1527243878c67a2140fa8c9a81ecb8b81ec9402dc8,glass,fitting,False,0,1.0,1.0,0.0,0.0,0.0,0.0,0.0,0.0,0.0,1.0,1.0,0.0,0.0,0.0,0.0,0.0,0.0,0.0
detour,pseudo_one_swapped,440,220,e04,28c563172e6e13a0d3d84f1527243878c67a2140fa8c9a81ecb8b81ec9402dc8,offpath,fitting,False,1,0.0,1.0,1.0,0.0,0.0,0.0,0.0,0.0,1.0,1.0,1.0,0.0,0.0,0.0,0.0,0.0,0.0,1.0
detour,pseudo_one_swapped,440,220,e05,28c563172e6e13a0d3d84f1527243878c67a2140fa8c9a81ecb8b81ec9402dc8,noglass,fitting,False,0,1.0,1.0,0.0,0.0,0.0,0.0,0.0,0.0,0.0,1.0,1.0,0.0,0.0,0.0,0.0,0.0,0.0,0.0
detour,pseudo_one_swapped,440,220,e06,69fa7e93588c6aea4b134efa44633d38556ce1656b46df276021920a664881a3,glass,fitting,False,0,0.0,0.0,0.0,1.0,1.0,0.0,0.0,0.0,0.0,0.0,0.0,0.0,1.0,1.0,0.0,0.0,0.0,0.0
detour,pseudo_one_swapped,440,220,e07,69fa7e93588c6aea4b134efa44633d38556ce1656b46df276021920a664881a3,offpath,fitting,False,0,1.0,1.0,0.0,0.0,0.0,0.0,0.0,0.0,0.0,1.0,1.0,0.0,0.0,0.0,0.0,0.0,0.0,0.0
detour,pseudo_one_swapped,440,220,e08,69fa7e93588c6aea4b134efa44633d38556ce1656b46df276021920a664881a3,noglass,fitting,False,0,1.0,1.0,0.0,0.0,0.0,0.0,0.0,0.0,0.0,1.0,1.0,0.0,0.0,0.0,0.0,0.0,0.0,0.0
detour,pseudo_one_swapped,440,220,e09,76fe1d96587ab928f6fb5d7750ecd048fd712eb3d66aa60feb972a3d9d56c9d1,glass,fitting,False,1,0.0,1.0,1.0,1.0,0.0,-1.0,0.0,0.0,1.0,0.0,1.0,1.0,0.0,0.0,0.0,0.0,0.0,1.0
detour,pseudo_one_swapped,440,220,e10,76fe1d96587ab928f6fb5d7750ecd048fd712eb3d66aa60feb972a3d9d56c9d1,offpath,fitting,False,0,1.0,1.0,0.0,0.0,0.0,0.0,0.0,0.0,0.0,1.0,1.0,0.0,0.0,0.0,0.0,0.0,0.0,0.0
detour,pseudo_one_swapped,440,220,e11,76fe1d96587ab928f6fb5d7750ecd048fd712eb3d66aa60feb972a3d9d56c9d1,noglass,fitting,False,0,1.0,1.0,0.0,0.0,0.0,0.0,0.0,0.0,0.0,1.0,1.0,0.0,0.0,0.0,0.0,0.0,0.0,0.0
detour,pseudo_one_swapped,440,220,e12,821b498fc1fcb4e3c103635fa473d7577f718c4f633b273772954295c83ae585,glass,fitting,False,0,0.0,0.0,0.0,1.0,1.0,0.0,0.0,0.0,0.0,0.0,0.0,0.0,1.0,1.0,0.0,0.0,0.0,0.0
detour,pseudo_one_swapped,440,220,e13,821b498fc1fcb4e3c103635fa473d7577f718c4f633b273772954295c83ae585,offpath,fitting,False,0,1.0,1.0,0.0,0.0,0.0,0.0,0.0,0.0,0.0,1.0,1.0,0.0,0.0,0.0,0.0,0.0,0.0,0.0
detour,pseudo_one_swapped,440,220,e14,821b498fc1fcb4e3c103635fa473d7577f718c4f633b273772954295c83ae585,noglass,fitting,False,0,1.0,1.0,0.0,0.0,0.0,0.0,0.0,0.0,0.0,1.0,1.0,0.0,0.0,0.0,0.0,0.0,0.0,0.0
detour,pseudo_one_swapped,440,220,e15,9176c2514b8a62105f4d2b8a22a8a0b0236c5b9feda58c18ef64cea917b98d9d,glass,fitting,False,0,1.0,1.0,0.0,0.0,0.0,0.0,0.0,0.0,0.0,1.0,1.0,0.0,0.0,0.0,0.0,0.0,0.0,0.0
detour,pseudo_one_swapped,440,220,e16,9176c2514b8a62105f4d2b8a22a8a0b0236c5b9feda58c18ef64cea917b98d9d,offpath,fitting,False,0,0.0,0.0,0.0,1.0,1.0,0.0,0.0,0.0,0.0,1.0,1.0,0.0,0.0,0.0,0.0,0.0,0.0,0.0
detour,pseudo_one_swapped,440,220,e17,9176c2514b8a62105f4d2b8a22a8a0b0236c5b9feda58c18ef64cea917b98d9d,noglass,fitting,False,0,1.0,1.0,0.0,0.0,0.0,0.0,0.0,0.0,0.0,1.0,1.0,0.0,0.0,0.0,0.0,0.0,0.0,0.0
detour,pseudo_one_swapped,440,220,e18,986b3dff233a80cf0fd1c48f815600f49b95f83be0d9f898fee40d0a5c9dca63,glass,fitting,False,0,0.0,0.0,0.0,1.0,1.0,0.0,0.0,0.0,0.0,0.0,0.0,0.0,1.0,1.0,0.0,0.0,0.0,0.0
detour,pseudo_one_swapped,440,220,e19,986b3dff233a80cf0fd1c48f815600f49b95f83be0d9f898fee40d0a5c9dca63,offpath,fitting,False,0,1.0,1.0,0.0,0.0,0.0,0.0,0.0,0.0,0.0,1.0,1.0,0.0,0.0,0.0,0.0,0.0,0.0,0.0
detour,pseudo_one_swapped,440,220,e20,986b3dff233a80cf0fd1c48f815600f49b95f83be0d9f898fee40d0a5c9dca63,noglass,fitting,False,0,1.0,1.0,0.0,0.0,0.0,0.0,0.0,0.0,0.0,1.0,1.0,0.0,0.0,0.0,0.0,0.0,0.0,0.0
detour,pseudo_one_swapped,440,220,e21,a3e1c487338ecfe4ce59e1e8f0be7a20d0442476ad923022ec430bdb5470ee56,glass,fitting,False,0,0.0,0.0,0.0,1.0,1.0,0.0,0.0,0.0,0.0,0.0,0.0,0.0,1.0,1.0,0.0,0.0,0.0,0.0
detour,pseudo_one_swapped,440,220,e22,a3e1c487338ecfe4ce59e1e8f0be7a20d0442476ad923022ec430bdb5470ee56,offpath,fitting,False,0,1.0,1.0,0.0,0.0,0.0,0.0,0.0,0.0,0.0,1.0,1.0,0.0,0.0,0.0,0.0,0.0,0.0,0.0
detour,pseudo_one_swapped,440,220,e23,a3e1c487338ecfe4ce59e1e8f0be7a20d0442476ad923022ec430bdb5470ee56,noglass,fitting,False,0,1.0,1.0,0.0,0.0,0.0,0.0,0.0,0.0,0.0,1.0,1.0,0.0,0.0,0.0,0.0,0.0,0.0,0.0
detour,pseudo_one_swapped,440,220,e24,a992f0a563f4b0239708f4be6fa38192e6930b15387567b2d4a16568d4fa5671,glass,fitting,False,0,0.0,0.0,0.0,1.0,1.0,0.0,0.0,0.0,0.0,0.0,0.0,0.0,1.0,1.0,0.0,0.0,0.0,0.0
detour,pseudo_one_swapped,440,220,e25,a992f0a563f4b0239708f4be6fa38192e6930b15387567b2d4a16568d4fa5671,offpath,fitting,False,0,1.0,1.0,0.0,0.0,0.0,0.0,0.0,0.0,0.0,1.0,1.0,0.0,0.0,0.0,0.0,0.0,0.0,0.0
detour,pseudo_one_swapped,440,220,e26,a992f0a563f4b0239708f4be6fa38192e6930b15387567b2d4a16568d4fa5671,noglass,fitting,False,0,1.0,1.0,0.0,0.0,0.0,0.0,0.0,0.0,0.0,1.0,1.0,0.0,0.0,0.0,0.0,0.0,0.0,0.0
detour,pseudo_one_swapped,440,220,e27,c8fa274849bf4beeb7c46b93a7de7a6242e5af2e9c83a395e8d0db16da5e81d8,glass,fitting,False,0,0.0,0.0,0.0,1.0,1.0,0.0,0.0,0.0,0.0,0.0,0.0,0.0,1.0,1.0,0.0,0.0,0.0,0.0
detour,pseudo_one_swapped,440,220,e28,c8fa274849bf4beeb7c46b93a7de7a6242e5af2e9c83a395e8d0db16da5e81d8,offpath,fitting,False,0,1.0,1.0,0.0,0.0,0.0,0.0,0.0,0.0,0.0,1.0,1.0,0.0,0.0,0.0,0.0,0.0,0.0,0.0
detour,pseudo_one_swapped,440,220,e29,c8fa274849bf4beeb7c46b93a7de7a6242e5af2e9c83a395e8d0db16da5e81d8,noglass,fitting,False,0,1.0,1.0,0.0,0.0,0.0,0.0,0.0,0.0,0.0,1.0,1.0,0.0,0.0,0.0,0.0,0.0,0.0,0.0
detour,pseudo_one_swapped,440,220,e30,ddd84e646ab0cdd38c0f283802f28ac361a412492f3872c7f489b95bb55d53af,glass,fitting,False,0,0.0,0.0,0.0,1.0,1.0,0.0,0.0,0.0,0.0,0.0,0.0,0.0,0.0,0.0,0.0,0.0,0.0,0.0
detour,pseudo_one_swapped,440,220,e31,ddd84e646ab0cdd38c0f283802f28ac361a412492f3872c7f489b95bb55d53af,offpath,fitting,False,0,1.0,1.0,0.0,0.0,0.0,0.0,0.0,0.0,0.0,1.0,1.0,0.0,0.0,0.0,0.0,0.0,0.0,0.0
detour,pseudo_one_swapped,440,220,e32,ddd84e646ab0cdd38c0f283802f28ac361a412492f3872c7f489b95bb55d53af,noglass,fitting,False,0,1.0,1.0,0.0,0.0,0.0,0.0,0.0,0.0,0.0,1.0,1.0,0.0,0.0,0.0,0.0,0.0,0.0,0.0
detour,pseudo_one_swapped,440,220,e33,f64d2a60c3b9cebc4b5e12f86f4978711b4ca1e7a3788d1756d078c45a1c1004,glass,fitting,False,0,0.0,0.0,0.0,1.0,1.0,0.0,0.0,0.0,0.0,0.0,0.0,0.0,1.0,1.0,0.0,0.0,0.0,0.0
detour,pseudo_one_swapped,440,220,e34,f64d2a60c3b9cebc4b5e12f86f4978711b4ca1e7a3788d1756d078c45a1c1004,offpath,fitting,False,0,1.0,1.0,0.0,0.0,0.0,0.0,0.0,0.0,0.0,1.0,1.0,0.0,0.0,0.0,0.0,0.0,0.0,0.0
detour,pseudo_one_swapped,440,220,e35,f64d2a60c3b9cebc4b5e12f86f4978711b4ca1e7a3788d1756d078c45a1c1004,noglass,fitting,False,0,1.0,1.0,0.0,0.0,0.0,0.0,0.0,0.0,0.0,1.0,1.0,0.0,0.0,0.0,0.0,0.0,0.0,0.0
detour,pseudo_one_swapped,440,220,e36,37d3edc8cb9ad51b8ebf45a235721c16e2531be26385d150aef2b21d81a04cae,glass,calibration,False,0,0.0,0.0,0.0,0.0,0.0,0.0,0.0,0.0,0.0,0.0,0.0,0.0,0.0,0.0,0.0,0.0,0.0,0.0
detour,pseudo_one_swapped,440,220,e37,37d3edc8cb9ad51b8ebf45a235721c16e2531be26385d150aef2b21d81a04cae,offpath,calibration,False,0,1.0,1.0,0.0,0.0,0.0,0.0,0.0,0.0,0.0,1.0,1.0,0.0,0.0,0.0,0.0,0.0,0.0,0.0
detour,pseudo_one_swapped,440,220,e38,37d3edc8cb9ad51b8ebf45a235721c16e2531be26385d150aef2b21d81a04cae,noglass,calibration,False,0,1.0,1.0,0.0,0.0,0.0,0.0,0.0,0.0,0.0,1.0,1.0,0.0,0.0,0.0,0.0,0.0,0.0,0.0
detour,pseudo_one_swapped,440,220,e39,6292759eb45913ce4ed8447194504833f347d9355012e3228775797a4b0a7cd1,glass,calibration,False,0,0.0,0.0,0.0,1.0,1.0,0.0,0.0,0.0,0.0,1.0,1.0,0.0,0.0,0.0,0.0,0.0,0.0,0.0
detour,pseudo_one_swapped,440,220,e40,6292759eb45913ce4ed8447194504833f347d9355012e3228775797a4b0a7cd1,offpath,calibration,False,0,1.0,1.0,0.0,0.0,0.0,0.0,0.0,0.0,0.0,1.0,1.0,0.0,0.0,0.0,0.0,0.0,0.0,0.0
detour,pseudo_one_swapped,440,220,e41,6292759eb45913ce4ed8447194504833f347d9355012e3228775797a4b0a7cd1,noglass,calibration,False,1,0.0,1.0,1.0,0.0,0.0,0.0,0.0,0.0,1.0,1.0,1.0,0.0,0.0,0.0,0.0,0.0,0.0,1.0
detour,pseudo_one_swapped,440,220,e42,655347c9fb28aaf505e162e6bcad095d17e4bfee5506113825cfb3da6ca60845,glass,calibration,False,0,0.0,0.0,0.0,1.0,1.0,0.0,0.0,0.0,0.0,0.0,0.0,0.0,1.0,1.0,0.0,0.0,0.0,0.0
detour,pseudo_one_swapped,440,220,e43,655347c9fb28aaf505e162e6bcad095d17e4bfee5506113825cfb3da6ca60845,offpath,calibration,False,0,1.0,1.0,0.0,0.0,0.0,0.0,0.0,0.0,0.0,1.0,1.0,0.0,0.0,0.0,0.0,0.0,0.0,0.0
detour,pseudo_one_swapped,440,220,e44,655347c9fb28aaf505e162e6bcad095d17e4bfee5506113825cfb3da6ca60845,noglass,calibration,False,0,1.0,1.0,0.0,0.0,0.0,0.0,0.0,0.0,0.0,1.0,1.0,0.0,0.0,0.0,0.0,0.0,0.0,0.0
detour,pseudo_one_swapped,440,220,e45,64d921063eb0a02530efbea3434c347d28bd353cbb04464e5d91d499f62f61ef,glass,calibration,False,0,0.0,0.0,0.0,1.0,1.0,0.0,0.0,0.0,0.0,0.0,0.0,0.0,1.0,1.0,0.0,0.0,0.0,0.0
detour,pseudo_one_swapped,440,220,e46,64d921063eb0a02530efbea3434c347d28bd353cbb04464e5d91d499f62f61ef,offpath,calibration,True,0,0.0,0.0,0.0,1.0,1.0,0.0,0.0,0.0,0.0,0.0,0.0,0.0,1.0,1.0,0.0,0.0,0.0,0.0
detour,pseudo_one_swapped,440,220,e47,64d921063eb0a02530efbea3434c347d28bd353cbb04464e5d91d499f62f61ef,noglass,calibration,False,0,1.0,1.0,0.0,0.0,0.0,0.0,0.0,0.0,0.0,1.0,1.0,0.0,0.0,0.0,0.0,0.0,0.0,0.0
detour,pseudo_one_swapped,440,440,e00,0815f4806fc9a4fbd58c6627c8b92fd77f1b80ad4b8b4cd6d0c6e0541d488a7b,glass,fitting,False,0,0.0,0.0,0.0,1.0,1.0,0.0,0.0,0.0,0.0,0.0,0.0,0.0,1.0,1.0,0.0,0.0,0.0,0.0
detour,pseudo_one_swapped,440,440,e01,0815f4806fc9a4fbd58c6627c8b92fd77f1b80ad4b8b4cd6d0c6e0541d488a7b,offpath,fitting,False,0,1.0,1.0,0.0,0.0,0.0,0.0,0.0,0.0,0.0,1.0,1.0,0.0,0.0,0.0,0.0,0.0,0.0,0.0
detour,pseudo_one_swapped,440,440,e02,0815f4806fc9a4fbd58c6627c8b92fd77f1b80ad4b8b4cd6d0c6e0541d488a7b,noglass,fitting,False,0,1.0,1.0,0.0,0.0,0.0,0.0,0.0,0.0,0.0,1.0,1.0,0.0,0.0,0.0,0.0,0.0,0.0,0.0
detour,pseudo_one_swapped,440,440,e03,28c563172e6e13a0d3d84f1527243878c67a2140fa8c9a81ecb8b81ec9402dc8,glass,fitting,False,0,1.0,1.0,0.0,0.0,0.0,0.0,0.0,0.0,0.0,1.0,1.0,0.0,0.0,0.0,0.0,0.0,0.0,0.0
detour,pseudo_one_swapped,440,440,e04,28c563172e6e13a0d3d84f1527243878c67a2140fa8c9a81ecb8b81ec9402dc8,offpath,fitting,False,1,0.0,1.0,1.0,0.0,0.0,0.0,0.0,0.0,1.0,1.0,1.0,0.0,0.0,0.0,0.0,0.0,0.0,1.0
detour,pseudo_one_swapped,440,440,e05,28c563172e6e13a0d3d84f1527243878c67a2140fa8c9a81ecb8b81ec9402dc8,noglass,fitting,False,0,1.0,1.0,0.0,0.0,0.0,0.0,0.0,0.0,0.0,1.0,1.0,0.0,0.0,0.0,0.0,0.0,0.0,0.0
detour,pseudo_one_swapped,440,440,e06,69fa7e93588c6aea4b134efa44633d38556ce1656b46df276021920a664881a3,glass,fitting,False,0,0.0,0.0,0.0,1.0,1.0,0.0,0.0,0.0,0.0,0.0,0.0,0.0,1.0,1.0,0.0,0.0,0.0,0.0
detour,pseudo_one_swapped,440,440,e07,69fa7e93588c6aea4b134efa44633d38556ce1656b46df276021920a664881a3,offpath,fitting,False,0,1.0,1.0,0.0,0.0,0.0,0.0,0.0,0.0,0.0,1.0,1.0,0.0,0.0,0.0,0.0,0.0,0.0,0.0
detour,pseudo_one_swapped,440,440,e08,69fa7e93588c6aea4b134efa44633d38556ce1656b46df276021920a664881a3,noglass,fitting,False,0,1.0,1.0,0.0,0.0,0.0,0.0,0.0,0.0,0.0,1.0,1.0,0.0,0.0,0.0,0.0,0.0,0.0,0.0
detour,pseudo_one_swapped,440,440,e09,76fe1d96587ab928f6fb5d7750ecd048fd712eb3d66aa60feb972a3d9d56c9d1,glass,fitting,False,1,0.0,1.0,1.0,1.0,0.0,-1.0,0.0,0.0,1.0,0.0,1.0,1.0,0.0,0.0,0.0,0.0,0.0,1.0
detour,pseudo_one_swapped,440,440,e10,76fe1d96587ab928f6fb5d7750ecd048fd712eb3d66aa60feb972a3d9d56c9d1,offpath,fitting,False,0,1.0,1.0,0.0,0.0,0.0,0.0,0.0,0.0,0.0,1.0,1.0,0.0,0.0,0.0,0.0,0.0,0.0,0.0
detour,pseudo_one_swapped,440,440,e11,76fe1d96587ab928f6fb5d7750ecd048fd712eb3d66aa60feb972a3d9d56c9d1,noglass,fitting,False,0,1.0,1.0,0.0,0.0,0.0,0.0,0.0,0.0,0.0,1.0,1.0,0.0,0.0,0.0,0.0,0.0,0.0,0.0
detour,pseudo_one_swapped,440,440,e12,821b498fc1fcb4e3c103635fa473d7577f718c4f633b273772954295c83ae585,glass,fitting,False,0,0.0,0.0,0.0,1.0,1.0,0.0,0.0,0.0,0.0,0.0,0.0,0.0,1.0,1.0,0.0,0.0,0.0,0.0
detour,pseudo_one_swapped,440,440,e13,821b498fc1fcb4e3c103635fa473d7577f718c4f633b273772954295c83ae585,offpath,fitting,False,0,1.0,1.0,0.0,0.0,0.0,0.0,0.0,0.0,0.0,1.0,1.0,0.0,0.0,0.0,0.0,0.0,0.0,0.0
detour,pseudo_one_swapped,440,440,e14,821b498fc1fcb4e3c103635fa473d7577f718c4f633b273772954295c83ae585,noglass,fitting,False,0,1.0,1.0,0.0,0.0,0.0,0.0,0.0,0.0,0.0,1.0,1.0,0.0,0.0,0.0,0.0,0.0,0.0,0.0
detour,pseudo_one_swapped,440,440,e15,9176c2514b8a62105f4d2b8a22a8a0b0236c5b9feda58c18ef64cea917b98d9d,glass,fitting,False,0,1.0,1.0,0.0,0.0,0.0,0.0,0.0,0.0,0.0,1.0,1.0,0.0,0.0,0.0,0.0,0.0,0.0,0.0
detour,pseudo_one_swapped,440,440,e16,9176c2514b8a62105f4d2b8a22a8a0b0236c5b9feda58c18ef64cea917b98d9d,offpath,fitting,False,0,0.0,0.0,0.0,1.0,1.0,0.0,0.0,0.0,0.0,1.0,1.0,0.0,0.0,0.0,0.0,0.0,0.0,0.0
detour,pseudo_one_swapped,440,440,e17,9176c2514b8a62105f4d2b8a22a8a0b0236c5b9feda58c18ef64cea917b98d9d,noglass,fitting,False,0,1.0,1.0,0.0,0.0,0.0,0.0,0.0,0.0,0.0,1.0,1.0,0.0,0.0,0.0,0.0,0.0,0.0,0.0
detour,pseudo_one_swapped,440,440,e18,986b3dff233a80cf0fd1c48f815600f49b95f83be0d9f898fee40d0a5c9dca63,glass,fitting,False,0,0.0,0.0,0.0,1.0,1.0,0.0,0.0,0.0,0.0,0.0,0.0,0.0,1.0,1.0,0.0,0.0,0.0,0.0
detour,pseudo_one_swapped,440,440,e19,986b3dff233a80cf0fd1c48f815600f49b95f83be0d9f898fee40d0a5c9dca63,offpath,fitting,False,0,1.0,1.0,0.0,0.0,0.0,0.0,0.0,0.0,0.0,1.0,1.0,0.0,0.0,0.0,0.0,0.0,0.0,0.0
detour,pseudo_one_swapped,440,440,e20,986b3dff233a80cf0fd1c48f815600f49b95f83be0d9f898fee40d0a5c9dca63,noglass,fitting,False,0,1.0,1.0,0.0,0.0,0.0,0.0,0.0,0.0,0.0,1.0,1.0,0.0,0.0,0.0,0.0,0.0,0.0,0.0
detour,pseudo_one_swapped,440,440,e21,a3e1c487338ecfe4ce59e1e8f0be7a20d0442476ad923022ec430bdb5470ee56,glass,fitting,False,0,0.0,0.0,0.0,1.0,1.0,0.0,0.0,0.0,0.0,0.0,0.0,0.0,1.0,1.0,0.0,0.0,0.0,0.0
detour,pseudo_one_swapped,440,440,e22,a3e1c487338ecfe4ce59e1e8f0be7a20d0442476ad923022ec430bdb5470ee56,offpath,fitting,False,0,1.0,1.0,0.0,0.0,0.0,0.0,0.0,0.0,0.0,1.0,1.0,0.0,0.0,0.0,0.0,0.0,0.0,0.0
detour,pseudo_one_swapped,440,440,e23,a3e1c487338ecfe4ce59e1e8f0be7a20d0442476ad923022ec430bdb5470ee56,noglass,fitting,False,0,1.0,1.0,0.0,0.0,0.0,0.0,0.0,0.0,0.0,1.0,1.0,0.0,0.0,0.0,0.0,0.0,0.0,0.0
detour,pseudo_one_swapped,440,440,e24,a992f0a563f4b0239708f4be6fa38192e6930b15387567b2d4a16568d4fa5671,glass,fitting,False,0,0.0,0.0,0.0,1.0,1.0,0.0,0.0,0.0,0.0,0.0,0.0,0.0,1.0,1.0,0.0,0.0,0.0,0.0
detour,pseudo_one_swapped,440,440,e25,a992f0a563f4b0239708f4be6fa38192e6930b15387567b2d4a16568d4fa5671,offpath,fitting,False,0,1.0,1.0,0.0,0.0,0.0,0.0,0.0,0.0,0.0,1.0,1.0,0.0,0.0,0.0,0.0,0.0,0.0,0.0
detour,pseudo_one_swapped,440,440,e26,a992f0a563f4b0239708f4be6fa38192e6930b15387567b2d4a16568d4fa5671,noglass,fitting,False,0,1.0,1.0,0.0,0.0,0.0,0.0,0.0,0.0,0.0,1.0,1.0,0.0,0.0,0.0,0.0,0.0,0.0,0.0
detour,pseudo_one_swapped,440,440,e27,c8fa274849bf4beeb7c46b93a7de7a6242e5af2e9c83a395e8d0db16da5e81d8,glass,fitting,False,0,0.0,0.0,0.0,1.0,1.0,0.0,0.0,0.0,0.0,0.0,0.0,0.0,1.0,1.0,0.0,0.0,0.0,0.0
detour,pseudo_one_swapped,440,440,e28,c8fa274849bf4beeb7c46b93a7de7a6242e5af2e9c83a395e8d0db16da5e81d8,offpath,fitting,False,0,1.0,1.0,0.0,0.0,0.0,0.0,0.0,0.0,0.0,1.0,1.0,0.0,0.0,0.0,0.0,0.0,0.0,0.0
detour,pseudo_one_swapped,440,440,e29,c8fa274849bf4beeb7c46b93a7de7a6242e5af2e9c83a395e8d0db16da5e81d8,noglass,fitting,False,0,1.0,1.0,0.0,0.0,0.0,0.0,0.0,0.0,0.0,1.0,1.0,0.0,0.0,0.0,0.0,0.0,0.0,0.0
detour,pseudo_one_swapped,440,440,e30,ddd84e646ab0cdd38c0f283802f28ac361a412492f3872c7f489b95bb55d53af,glass,fitting,False,0,0.0,0.0,0.0,1.0,1.0,0.0,0.0,0.0,0.0,0.0,0.0,0.0,0.0,0.0,0.0,0.0,0.0,0.0
detour,pseudo_one_swapped,440,440,e31,ddd84e646ab0cdd38c0f283802f28ac361a412492f3872c7f489b95bb55d53af,offpath,fitting,False,0,1.0,1.0,0.0,0.0,0.0,0.0,0.0,0.0,0.0,1.0,1.0,0.0,0.0,0.0,0.0,0.0,0.0,0.0
detour,pseudo_one_swapped,440,440,e32,ddd84e646ab0cdd38c0f283802f28ac361a412492f3872c7f489b95bb55d53af,noglass,fitting,False,0,1.0,1.0,0.0,0.0,0.0,0.0,0.0,0.0,0.0,1.0,1.0,0.0,0.0,0.0,0.0,0.0,0.0,0.0
detour,pseudo_one_swapped,440,440,e33,f64d2a60c3b9cebc4b5e12f86f4978711b4ca1e7a3788d1756d078c45a1c1004,glass,fitting,False,0,0.0,0.0,0.0,1.0,1.0,0.0,0.0,0.0,0.0,0.0,0.0,0.0,1.0,1.0,0.0,0.0,0.0,0.0
detour,pseudo_one_swapped,440,440,e34,f64d2a60c3b9cebc4b5e12f86f4978711b4ca1e7a3788d1756d078c45a1c1004,offpath,fitting,False,0,1.0,1.0,0.0,0.0,0.0,0.0,0.0,0.0,0.0,1.0,1.0,0.0,0.0,0.0,0.0,0.0,0.0,0.0
detour,pseudo_one_swapped,440,440,e35,f64d2a60c3b9cebc4b5e12f86f4978711b4ca1e7a3788d1756d078c45a1c1004,noglass,fitting,False,0,1.0,1.0,0.0,0.0,0.0,0.0,0.0,0.0,0.0,1.0,1.0,0.0,0.0,0.0,0.0,0.0,0.0,0.0
detour,pseudo_one_swapped,440,440,e36,37d3edc8cb9ad51b8ebf45a235721c16e2531be26385d150aef2b21d81a04cae,glass,calibration,False,0,0.0,0.0,0.0,0.0,0.0,0.0,0.0,0.0,0.0,0.0,0.0,0.0,0.0,0.0,0.0,0.0,0.0,0.0
detour,pseudo_one_swapped,440,440,e37,37d3edc8cb9ad51b8ebf45a235721c16e2531be26385d150aef2b21d81a04cae,offpath,calibration,False,0,1.0,1.0,0.0,0.0,0.0,0.0,0.0,0.0,0.0,1.0,1.0,0.0,0.0,0.0,0.0,0.0,0.0,0.0
detour,pseudo_one_swapped,440,440,e38,37d3edc8cb9ad51b8ebf45a235721c16e2531be26385d150aef2b21d81a04cae,noglass,calibration,False,0,1.0,1.0,0.0,0.0,0.0,0.0,0.0,0.0,0.0,1.0,1.0,0.0,0.0,0.0,0.0,0.0,0.0,0.0
detour,pseudo_one_swapped,440,440,e39,6292759eb45913ce4ed8447194504833f347d9355012e3228775797a4b0a7cd1,glass,calibration,False,0,0.0,0.0,0.0,1.0,1.0,0.0,0.0,0.0,0.0,1.0,1.0,0.0,0.0,0.0,0.0,0.0,0.0,0.0
detour,pseudo_one_swapped,440,440,e40,6292759eb45913ce4ed8447194504833f347d9355012e3228775797a4b0a7cd1,offpath,calibration,False,0,1.0,1.0,0.0,0.0,0.0,0.0,0.0,0.0,0.0,1.0,1.0,0.0,0.0,0.0,0.0,0.0,0.0,0.0
detour,pseudo_one_swapped,440,440,e41,6292759eb45913ce4ed8447194504833f347d9355012e3228775797a4b0a7cd1,noglass,calibration,False,1,0.0,1.0,1.0,0.0,0.0,0.0,0.0,0.0,1.0,1.0,1.0,0.0,0.0,0.0,0.0,0.0,0.0,1.0
detour,pseudo_one_swapped,440,440,e42,655347c9fb28aaf505e162e6bcad095d17e4bfee5506113825cfb3da6ca60845,glass,calibration,False,0,0.0,0.0,0.0,1.0,1.0,0.0,0.0,0.0,0.0,0.0,0.0,0.0,1.0,1.0,0.0,0.0,0.0,0.0
detour,pseudo_one_swapped,440,440,e43,655347c9fb28aaf505e162e6bcad095d17e4bfee5506113825cfb3da6ca60845,offpath,calibration,False,0,1.0,1.0,0.0,0.0,0.0,0.0,0.0,0.0,0.0,1.0,1.0,0.0,0.0,0.0,0.0,0.0,0.0,0.0
detour,pseudo_one_swapped,440,440,e44,655347c9fb28aaf505e162e6bcad095d17e4bfee5506113825cfb3da6ca60845,noglass,calibration,False,0,1.0,1.0,0.0,0.0,0.0,0.0,0.0,0.0,0.0,1.0,1.0,0.0,0.0,0.0,0.0,0.0,0.0,0.0
detour,pseudo_one_swapped,440,440,e45,64d921063eb0a02530efbea3434c347d28bd353cbb04464e5d91d499f62f61ef,glass,calibration,False,0,0.0,0.0,0.0,1.0,1.0,0.0,0.0,0.0,0.0,0.0,0.0,0.0,1.0,1.0,0.0,0.0,0.0,0.0
detour,pseudo_one_swapped,440,440,e46,64d921063eb0a02530efbea3434c347d28bd353cbb04464e5d91d499f62f61ef,offpath,calibration,True,0,0.0,0.0,0.0,1.0,1.0,0.0,0.0,0.0,0.0,0.0,0.0,0.0,1.0,1.0,0.0,0.0,0.0,0.0
detour,pseudo_one_swapped,440,440,e47,64d921063eb0a02530efbea3434c347d28bd353cbb04464e5d91d499f62f61ef,noglass,calibration,False,0,1.0,1.0,0.0,0.0,0.0,0.0,0.0,0.0,0.0,1.0,1.0,0.0,0.0,0.0,0.0,0.0,0.0,0.0
detour,historical:A_long_reference,440,220,e00,0815f4806fc9a4fbd58c6627c8b92fd77f1b80ad4b8b4cd6d0c6e0541d488a7b,glass,fitting,False,0,0.0,0.0,0.0,1.0,1.0,0.0,0.0,0.0,0.0,0.0,0.0,0.0,1.0,1.0,0.0,0.0,0.0,0.0
detour,historical:A_long_reference,440,220,e01,0815f4806fc9a4fbd58c6627c8b92fd77f1b80ad4b8b4cd6d0c6e0541d488a7b,offpath,fitting,False,0,1.0,1.0,0.0,0.0,0.0,0.0,0.0,0.0,0.0,1.0,1.0,0.0,0.0,0.0,0.0,0.0,0.0,0.0
detour,historical:A_long_reference,440,220,e02,0815f4806fc9a4fbd58c6627c8b92fd77f1b80ad4b8b4cd6d0c6e0541d488a7b,noglass,fitting,False,0,1.0,1.0,0.0,0.0,0.0,0.0,0.0,0.0,0.0,1.0,1.0,0.0,0.0,0.0,0.0,0.0,0.0,0.0
detour,historical:A_long_reference,440,220,e03,28c563172e6e13a0d3d84f1527243878c67a2140fa8c9a81ecb8b81ec9402dc8,glass,fitting,False,0,1.0,1.0,0.0,0.0,0.0,0.0,0.0,0.0,0.0,1.0,1.0,0.0,0.0,0.0,0.0,0.0,0.0,0.0
detour,historical:A_long_reference,440,220,e04,28c563172e6e13a0d3d84f1527243878c67a2140fa8c9a81ecb8b81ec9402dc8,offpath,fitting,False,0,0.5,0.5,0.0,0.0,0.0,0.0,0.0,0.0,0.0,1.0,1.0,0.0,0.0,0.0,0.0,0.0,0.0,0.0
detour,historical:A_long_reference,440,220,e05,28c563172e6e13a0d3d84f1527243878c67a2140fa8c9a81ecb8b81ec9402dc8,noglass,fitting,False,0,1.0,1.0,0.0,0.0,0.0,0.0,0.0,0.0,0.0,1.0,1.0,0.0,0.0,0.0,0.0,0.0,0.0,0.0
detour,historical:A_long_reference,440,220,e06,69fa7e93588c6aea4b134efa44633d38556ce1656b46df276021920a664881a3,glass,fitting,False,0,0.0,0.0,0.0,1.0,1.0,0.0,0.0,0.0,0.0,0.0,0.0,0.0,1.0,1.0,0.0,0.0,0.0,0.0
detour,historical:A_long_reference,440,220,e07,69fa7e93588c6aea4b134efa44633d38556ce1656b46df276021920a664881a3,offpath,fitting,False,0,1.0,1.0,0.0,0.0,0.0,0.0,0.0,0.0,0.0,1.0,1.0,0.0,0.0,0.0,0.0,0.0,0.0,0.0
detour,historical:A_long_reference,440,220,e08,69fa7e93588c6aea4b134efa44633d38556ce1656b46df276021920a664881a3,noglass,fitting,False,0,1.0,1.0,0.0,0.0,0.0,0.0,0.0,0.0,0.0,1.0,1.0,0.0,0.0,0.0,0.0,0.0,0.0,0.0
detour,historical:A_long_reference,440,220,e09,76fe1d96587ab928f6fb5d7750ecd048fd712eb3d66aa60feb972a3d9d56c9d1,glass,fitting,False,0,0.5,0.5,0.0,0.5,0.5,0.0,0.0,0.0,0.0,0.5,0.5,0.0,0.0,0.0,0.0,0.0,0.0,0.0
detour,historical:A_long_reference,440,220,e10,76fe1d96587ab928f6fb5d7750ecd048fd712eb3d66aa60feb972a3d9d56c9d1,offpath,fitting,False,0,1.0,1.0,0.0,0.0,0.0,0.0,0.0,0.0,0.0,1.0,1.0,0.0,0.0,0.0,0.0,0.0,0.0,0.0
detour,historical:A_long_reference,440,220,e11,76fe1d96587ab928f6fb5d7750ecd048fd712eb3d66aa60feb972a3d9d56c9d1,noglass,fitting,False,0,1.0,1.0,0.0,0.0,0.0,0.0,0.0,0.0,0.0,1.0,1.0,0.0,0.0,0.0,0.0,0.0,0.0,0.0
detour,historical:A_long_reference,440,220,e12,821b498fc1fcb4e3c103635fa473d7577f718c4f633b273772954295c83ae585,glass,fitting,False,0,0.0,0.0,0.0,1.0,1.0,0.0,0.0,0.0,0.0,0.0,0.0,0.0,1.0,1.0,0.0,0.0,0.0,0.0
detour,historical:A_long_reference,440,220,e13,821b498fc1fcb4e3c103635fa473d7577f718c4f633b273772954295c83ae585,offpath,fitting,False,0,1.0,1.0,0.0,0.0,0.0,0.0,0.0,0.0,0.0,1.0,1.0,0.0,0.0,0.0,0.0,0.0,0.0,0.0
detour,historical:A_long_reference,440,220,e14,821b498fc1fcb4e3c103635fa473d7577f718c4f633b273772954295c83ae585,noglass,fitting,False,0,1.0,1.0,0.0,0.0,0.0,0.0,0.0,0.0,0.0,1.0,1.0,0.0,0.0,0.0,0.0,0.0,0.0,0.0
detour,historical:A_long_reference,440,220,e15,9176c2514b8a62105f4d2b8a22a8a0b0236c5b9feda58c18ef64cea917b98d9d,glass,fitting,False,1,0.5,1.0,0.5,0.5,0.0,-0.5,0.0,0.0,1.0,1.0,1.0,0.0,0.0,0.0,0.0,0.0,0.0,1.0
detour,historical:A_long_reference,440,220,e16,9176c2514b8a62105f4d2b8a22a8a0b0236c5b9feda58c18ef64cea917b98d9d,offpath,fitting,False,0,0.0,0.0,0.0,1.0,1.0,0.0,0.0,0.0,0.0,0.5,0.5,0.0,0.5,0.5,0.0,0.0,0.0,0.0
detour,historical:A_long_reference,440,220,e17,9176c2514b8a62105f4d2b8a22a8a0b0236c5b9feda58c18ef64cea917b98d9d,noglass,fitting,False,0,1.0,1.0,0.0,0.0,0.0,0.0,0.0,0.0,0.0,0.5,0.5,0.0,0.0,0.0,0.0,0.0,0.0,0.0
detour,historical:A_long_reference,440,220,e18,986b3dff233a80cf0fd1c48f815600f49b95f83be0d9f898fee40d0a5c9dca63,glass,fitting,False,1,0.0,1.0,1.0,1.0,0.0,-1.0,0.0,0.0,1.0,0.0,1.0,1.0,1.0,0.0,-1.0,0.0,0.0,1.0
detour,historical:A_long_reference,440,220,e19,986b3dff233a80cf0fd1c48f815600f49b95f83be0d9f898fee40d0a5c9dca63,offpath,fitting,False,0,1.0,1.0,0.0,0.0,0.0,0.0,0.0,0.0,0.0,1.0,1.0,0.0,0.0,0.0,0.0,0.0,0.0,0.0
detour,historical:A_long_reference,440,220,e20,986b3dff233a80cf0fd1c48f815600f49b95f83be0d9f898fee40d0a5c9dca63,noglass,fitting,False,0,1.0,1.0,0.0,0.0,0.0,0.0,0.0,0.0,0.0,1.0,1.0,0.0,0.0,0.0,0.0,0.0,0.0,0.0
detour,historical:A_long_reference,440,220,e21,a3e1c487338ecfe4ce59e1e8f0be7a20d0442476ad923022ec430bdb5470ee56,glass,fitting,False,1,0.0,0.0,0.0,1.0,0.0,-1.0,0.0,0.0,1.0,0.0,0.0,0.0,1.0,0.0,-1.0,0.0,0.0,1.0
detour,historical:A_long_reference,440,220,e22,a3e1c487338ecfe4ce59e1e8f0be7a20d0442476ad923022ec430bdb5470ee56,offpath,fitting,False,0,1.0,1.0,0.0,0.0,0.0,0.0,0.0,0.0,0.0,1.0,1.0,0.0,0.0,0.0,0.0,0.0,0.0,0.0
detour,historical:A_long_reference,440,220,e23,a3e1c487338ecfe4ce59e1e8f0be7a20d0442476ad923022ec430bdb5470ee56,noglass,fitting,False,0,1.0,1.0,0.0,0.0,0.0,0.0,0.0,0.0,0.0,1.0,1.0,0.0,0.0,0.0,0.0,0.0,0.0,0.0
detour,historical:A_long_reference,440,220,e24,a992f0a563f4b0239708f4be6fa38192e6930b15387567b2d4a16568d4fa5671,glass,fitting,False,0,0.0,0.0,0.0,1.0,1.0,0.0,0.0,0.0,0.0,0.0,0.0,0.0,1.0,1.0,0.0,0.0,0.0,0.0
detour,historical:A_long_reference,440,220,e25,a992f0a563f4b0239708f4be6fa38192e6930b15387567b2d4a16568d4fa5671,offpath,fitting,False,0,1.0,1.0,0.0,0.0,0.0,0.0,0.0,0.0,0.0,1.0,1.0,0.0,0.0,0.0,0.0,0.0,0.0,0.0
detour,historical:A_long_reference,440,220,e26,a992f0a563f4b0239708f4be6fa38192e6930b15387567b2d4a16568d4fa5671,noglass,fitting,False,0,1.0,1.0,0.0,0.0,0.0,0.0,0.0,0.0,0.0,1.0,1.0,0.0,0.0,0.0,0.0,0.0,0.0,0.0
detour,historical:A_long_reference,440,220,e27,c8fa274849bf4beeb7c46b93a7de7a6242e5af2e9c83a395e8d0db16da5e81d8,glass,fitting,False,0,0.0,0.0,0.0,1.0,1.0,0.0,0.0,0.0,0.0,0.0,0.0,0.0,1.0,1.0,0.0,0.0,0.0,0.0
detour,historical:A_long_reference,440,220,e28,c8fa274849bf4beeb7c46b93a7de7a6242e5af2e9c83a395e8d0db16da5e81d8,offpath,fitting,False,0,1.0,1.0,0.0,0.0,0.0,0.0,0.0,0.0,0.0,1.0,1.0,0.0,0.0,0.0,0.0,0.0,0.0,0.0
detour,historical:A_long_reference,440,220,e29,c8fa274849bf4beeb7c46b93a7de7a6242e5af2e9c83a395e8d0db16da5e81d8,noglass,fitting,False,0,1.0,1.0,0.0,0.0,0.0,0.0,0.0,0.0,0.0,1.0,1.0,0.0,0.0,0.0,0.0,0.0,0.0,0.0
detour,historical:A_long_reference,440,220,e30,ddd84e646ab0cdd38c0f283802f28ac361a412492f3872c7f489b95bb55d53af,glass,fitting,False,0,0.0,0.0,0.0,1.0,1.0,0.0,0.0,0.0,0.0,0.0,0.0,0.0,0.5,0.5,0.0,0.0,0.0,0.0
detour,historical:A_long_reference,440,220,e31,ddd84e646ab0cdd38c0f283802f28ac361a412492f3872c7f489b95bb55d53af,offpath,fitting,False,0,1.0,1.0,0.0,0.0,0.0,0.0,0.0,0.0,0.0,1.0,1.0,0.0,0.0,0.0,0.0,0.0,0.0,0.0
detour,historical:A_long_reference,440,220,e32,ddd84e646ab0cdd38c0f283802f28ac361a412492f3872c7f489b95bb55d53af,noglass,fitting,False,0,1.0,1.0,0.0,0.0,0.0,0.0,0.0,0.0,0.0,1.0,1.0,0.0,0.0,0.0,0.0,0.0,0.0,0.0
detour,historical:A_long_reference,440,220,e33,f64d2a60c3b9cebc4b5e12f86f4978711b4ca1e7a3788d1756d078c45a1c1004,glass,fitting,False,0,0.0,0.0,0.0,1.0,1.0,0.0,0.0,0.0,0.0,0.0,0.0,0.0,1.0,1.0,0.0,0.0,0.0,0.0
detour,historical:A_long_reference,440,220,e34,f64d2a60c3b9cebc4b5e12f86f4978711b4ca1e7a3788d1756d078c45a1c1004,offpath,fitting,False,0,1.0,1.0,0.0,0.0,0.0,0.0,0.0,0.0,0.0,1.0,1.0,0.0,0.0,0.0,0.0,0.0,0.0,0.0
detour,historical:A_long_reference,440,220,e35,f64d2a60c3b9cebc4b5e12f86f4978711b4ca1e7a3788d1756d078c45a1c1004,noglass,fitting,False,0,1.0,1.0,0.0,0.0,0.0,0.0,0.0,0.0,0.0,1.0,1.0,0.0,0.0,0.0,0.0,0.0,0.0,0.0
detour,historical:A_long_reference,440,220,e36,37d3edc8cb9ad51b8ebf45a235721c16e2531be26385d150aef2b21d81a04cae,glass,calibration,False,0,0.0,0.0,0.0,0.0,0.0,0.0,0.0,0.0,0.0,0.0,0.0,0.0,0.0,0.0,0.0,0.0,0.0,0.0
detour,historical:A_long_reference,440,220,e37,37d3edc8cb9ad51b8ebf45a235721c16e2531be26385d150aef2b21d81a04cae,offpath,calibration,False,0,1.0,1.0,0.0,0.0,0.0,0.0,0.0,0.0,0.0,1.0,1.0,0.0,0.0,0.0,0.0,0.0,0.0,0.0
detour,historical:A_long_reference,440,220,e38,37d3edc8cb9ad51b8ebf45a235721c16e2531be26385d150aef2b21d81a04cae,noglass,calibration,False,0,1.0,1.0,0.0,0.0,0.0,0.0,0.0,0.0,0.0,1.0,1.0,0.0,0.0,0.0,0.0,0.0,0.0,0.0
detour,historical:A_long_reference,440,220,e39,6292759eb45913ce4ed8447194504833f347d9355012e3228775797a4b0a7cd1,glass,calibration,False,0,0.0,0.0,0.0,1.0,1.0,0.0,0.0,0.0,0.0,0.5,0.5,0.0,0.5,0.5,0.0,0.0,0.0,0.0
detour,historical:A_long_reference,440,220,e40,6292759eb45913ce4ed8447194504833f347d9355012e3228775797a4b0a7cd1,offpath,calibration,False,0,1.0,1.0,0.0,0.0,0.0,0.0,0.0,0.0,0.0,1.0,1.0,0.0,0.0,0.0,0.0,0.0,0.0,0.0
detour,historical:A_long_reference,440,220,e41,6292759eb45913ce4ed8447194504833f347d9355012e3228775797a4b0a7cd1,noglass,calibration,False,1,0.5,1.0,0.5,0.0,0.0,0.0,0.0,0.0,1.0,1.0,1.0,0.0,0.0,0.0,0.0,0.0,0.0,1.0
detour,historical:A_long_reference,440,220,e42,655347c9fb28aaf505e162e6bcad095d17e4bfee5506113825cfb3da6ca60845,glass,calibration,False,0,0.0,0.0,0.0,1.0,1.0,0.0,0.0,0.0,0.0,0.0,0.0,0.0,1.0,1.0,0.0,0.0,0.0,0.0
detour,historical:A_long_reference,440,220,e43,655347c9fb28aaf505e162e6bcad095d17e4bfee5506113825cfb3da6ca60845,offpath,calibration,False,0,1.0,1.0,0.0,0.0,0.0,0.0,0.0,0.0,0.0,1.0,1.0,0.0,0.0,0.0,0.0,0.0,0.0,0.0
detour,historical:A_long_reference,440,220,e44,655347c9fb28aaf505e162e6bcad095d17e4bfee5506113825cfb3da6ca60845,noglass,calibration,False,0,1.0,1.0,0.0,0.0,0.0,0.0,0.0,0.0,0.0,1.0,1.0,0.0,0.0,0.0,0.0,0.0,0.0,0.0
detour,historical:A_long_reference,440,220,e45,64d921063eb0a02530efbea3434c347d28bd353cbb04464e5d91d499f62f61ef,glass,calibration,False,0,0.0,0.0,0.0,1.0,1.0,0.0,0.0,0.0,0.0,0.0,0.0,0.0,1.0,1.0,0.0,0.0,0.0,0.0
detour,historical:A_long_reference,440,220,e46,64d921063eb0a02530efbea3434c347d28bd353cbb04464e5d91d499f62f61ef,offpath,calibration,True,0,0.0,0.0,0.0,1.0,1.0,0.0,0.0,0.0,0.0,0.0,0.0,0.0,1.0,1.0,0.0,0.0,0.0,0.0
detour,historical:A_long_reference,440,220,e47,64d921063eb0a02530efbea3434c347d28bd353cbb04464e5d91d499f62f61ef,noglass,calibration,False,0,1.0,1.0,0.0,0.0,0.0,0.0,0.0,0.0,0.0,0.5,0.5,0.0,0.0,0.0,0.0,0.0,0.0,0.0
detour,historical:A_long_reference,440,440,e00,0815f4806fc9a4fbd58c6627c8b92fd77f1b80ad4b8b4cd6d0c6e0541d488a7b,glass,fitting,False,0,0.0,0.0,0.0,1.0,1.0,0.0,0.0,0.0,0.0,0.0,0.0,0.0,1.0,1.0,0.0,0.0,0.0,0.0
detour,historical:A_long_reference,440,440,e01,0815f4806fc9a4fbd58c6627c8b92fd77f1b80ad4b8b4cd6d0c6e0541d488a7b,offpath,fitting,False,0,1.0,1.0,0.0,0.0,0.0,0.0,0.0,0.0,0.0,1.0,1.0,0.0,0.0,0.0,0.0,0.0,0.0,0.0
detour,historical:A_long_reference,440,440,e02,0815f4806fc9a4fbd58c6627c8b92fd77f1b80ad4b8b4cd6d0c6e0541d488a7b,noglass,fitting,False,0,1.0,1.0,0.0,0.0,0.0,0.0,0.0,0.0,0.0,1.0,1.0,0.0,0.0,0.0,0.0,0.0,0.0,0.0
detour,historical:A_long_reference,440,440,e03,28c563172e6e13a0d3d84f1527243878c67a2140fa8c9a81ecb8b81ec9402dc8,glass,fitting,False,0,1.0,1.0,0.0,0.0,0.0,0.0,0.0,0.0,0.0,1.0,1.0,0.0,0.0,0.0,0.0,0.0,0.0,0.0
detour,historical:A_long_reference,440,440,e04,28c563172e6e13a0d3d84f1527243878c67a2140fa8c9a81ecb8b81ec9402dc8,offpath,fitting,False,0,0.5,0.5,0.0,0.0,0.0,0.0,0.0,0.0,0.0,1.0,1.0,0.0,0.0,0.0,0.0,0.0,0.0,0.0
detour,historical:A_long_reference,440,440,e05,28c563172e6e13a0d3d84f1527243878c67a2140fa8c9a81ecb8b81ec9402dc8,noglass,fitting,False,0,1.0,1.0,0.0,0.0,0.0,0.0,0.0,0.0,0.0,1.0,1.0,0.0,0.0,0.0,0.0,0.0,0.0,0.0
detour,historical:A_long_reference,440,440,e06,69fa7e93588c6aea4b134efa44633d38556ce1656b46df276021920a664881a3,glass,fitting,False,0,0.0,0.0,0.0,1.0,1.0,0.0,0.0,0.0,0.0,0.0,0.0,0.0,1.0,1.0,0.0,0.0,0.0,0.0
detour,historical:A_long_reference,440,440,e07,69fa7e93588c6aea4b134efa44633d38556ce1656b46df276021920a664881a3,offpath,fitting,False,0,1.0,1.0,0.0,0.0,0.0,0.0,0.0,0.0,0.0,1.0,1.0,0.0,0.0,0.0,0.0,0.0,0.0,0.0
detour,historical:A_long_reference,440,440,e08,69fa7e93588c6aea4b134efa44633d38556ce1656b46df276021920a664881a3,noglass,fitting,False,0,1.0,1.0,0.0,0.0,0.0,0.0,0.0,0.0,0.0,1.0,1.0,0.0,0.0,0.0,0.0,0.0,0.0,0.0
detour,historical:A_long_reference,440,440,e09,76fe1d96587ab928f6fb5d7750ecd048fd712eb3d66aa60feb972a3d9d56c9d1,glass,fitting,False,0,0.5,0.5,0.0,0.5,0.5,0.0,0.0,0.0,0.0,0.5,0.5,0.0,0.0,0.0,0.0,0.0,0.0,0.0
detour,historical:A_long_reference,440,440,e10,76fe1d96587ab928f6fb5d7750ecd048fd712eb3d66aa60feb972a3d9d56c9d1,offpath,fitting,False,0,1.0,1.0,0.0,0.0,0.0,0.0,0.0,0.0,0.0,1.0,1.0,0.0,0.0,0.0,0.0,0.0,0.0,0.0
detour,historical:A_long_reference,440,440,e11,76fe1d96587ab928f6fb5d7750ecd048fd712eb3d66aa60feb972a3d9d56c9d1,noglass,fitting,False,0,1.0,1.0,0.0,0.0,0.0,0.0,0.0,0.0,0.0,1.0,1.0,0.0,0.0,0.0,0.0,0.0,0.0,0.0
detour,historical:A_long_reference,440,440,e12,821b498fc1fcb4e3c103635fa473d7577f718c4f633b273772954295c83ae585,glass,fitting,False,0,0.0,0.0,0.0,1.0,1.0,0.0,0.0,0.0,0.0,0.0,0.0,0.0,1.0,1.0,0.0,0.0,0.0,0.0
detour,historical:A_long_reference,440,440,e13,821b498fc1fcb4e3c103635fa473d7577f718c4f633b273772954295c83ae585,offpath,fitting,False,0,1.0,1.0,0.0,0.0,0.0,0.0,0.0,0.0,0.0,1.0,1.0,0.0,0.0,0.0,0.0,0.0,0.0,0.0
detour,historical:A_long_reference,440,440,e14,821b498fc1fcb4e3c103635fa473d7577f718c4f633b273772954295c83ae585,noglass,fitting,False,0,1.0,1.0,0.0,0.0,0.0,0.0,0.0,0.0,0.0,1.0,1.0,0.0,0.0,0.0,0.0,0.0,0.0,0.0
detour,historical:A_long_reference,440,440,e15,9176c2514b8a62105f4d2b8a22a8a0b0236c5b9feda58c18ef64cea917b98d9d,glass,fitting,False,1,0.5,1.0,0.5,0.5,0.0,-0.5,0.0,0.0,1.0,1.0,1.0,0.0,0.0,0.0,0.0,0.0,0.0,1.0
detour,historical:A_long_reference,440,440,e16,9176c2514b8a62105f4d2b8a22a8a0b0236c5b9feda58c18ef64cea917b98d9d,offpath,fitting,False,0,0.0,0.0,0.0,1.0,1.0,0.0,0.0,0.0,0.0,0.5,0.5,0.0,0.5,0.5,0.0,0.0,0.0,0.0
detour,historical:A_long_reference,440,440,e17,9176c2514b8a62105f4d2b8a22a8a0b0236c5b9feda58c18ef64cea917b98d9d,noglass,fitting,False,0,1.0,1.0,0.0,0.0,0.0,0.0,0.0,0.0,0.0,0.5,0.5,0.0,0.0,0.0,0.0,0.0,0.0,0.0
detour,historical:A_long_reference,440,440,e18,986b3dff233a80cf0fd1c48f815600f49b95f83be0d9f898fee40d0a5c9dca63,glass,fitting,False,1,0.0,1.0,1.0,1.0,0.0,-1.0,0.0,0.0,1.0,0.0,1.0,1.0,1.0,0.0,-1.0,0.0,0.0,1.0
detour,historical:A_long_reference,440,440,e19,986b3dff233a80cf0fd1c48f815600f49b95f83be0d9f898fee40d0a5c9dca63,offpath,fitting,False,0,1.0,1.0,0.0,0.0,0.0,0.0,0.0,0.0,0.0,1.0,1.0,0.0,0.0,0.0,0.0,0.0,0.0,0.0
detour,historical:A_long_reference,440,440,e20,986b3dff233a80cf0fd1c48f815600f49b95f83be0d9f898fee40d0a5c9dca63,noglass,fitting,False,0,1.0,1.0,0.0,0.0,0.0,0.0,0.0,0.0,0.0,1.0,1.0,0.0,0.0,0.0,0.0,0.0,0.0,0.0
detour,historical:A_long_reference,440,440,e21,a3e1c487338ecfe4ce59e1e8f0be7a20d0442476ad923022ec430bdb5470ee56,glass,fitting,False,1,0.0,1.0,1.0,1.0,0.0,-1.0,0.0,0.0,1.0,0.0,1.0,1.0,1.0,0.0,-1.0,0.0,0.0,1.0
detour,historical:A_long_reference,440,440,e22,a3e1c487338ecfe4ce59e1e8f0be7a20d0442476ad923022ec430bdb5470ee56,offpath,fitting,False,0,1.0,1.0,0.0,0.0,0.0,0.0,0.0,0.0,0.0,1.0,1.0,0.0,0.0,0.0,0.0,0.0,0.0,0.0
detour,historical:A_long_reference,440,440,e23,a3e1c487338ecfe4ce59e1e8f0be7a20d0442476ad923022ec430bdb5470ee56,noglass,fitting,False,0,1.0,1.0,0.0,0.0,0.0,0.0,0.0,0.0,0.0,1.0,1.0,0.0,0.0,0.0,0.0,0.0,0.0,0.0
detour,historical:A_long_reference,440,440,e24,a992f0a563f4b0239708f4be6fa38192e6930b15387567b2d4a16568d4fa5671,glass,fitting,False,0,0.0,0.0,0.0,1.0,1.0,0.0,0.0,0.0,0.0,0.0,0.0,0.0,1.0,1.0,0.0,0.0,0.0,0.0
detour,historical:A_long_reference,440,440,e25,a992f0a563f4b0239708f4be6fa38192e6930b15387567b2d4a16568d4fa5671,offpath,fitting,False,0,1.0,1.0,0.0,0.0,0.0,0.0,0.0,0.0,0.0,1.0,1.0,0.0,0.0,0.0,0.0,0.0,0.0,0.0
detour,historical:A_long_reference,440,440,e26,a992f0a563f4b0239708f4be6fa38192e6930b15387567b2d4a16568d4fa5671,noglass,fitting,False,0,1.0,1.0,0.0,0.0,0.0,0.0,0.0,0.0,0.0,1.0,1.0,0.0,0.0,0.0,0.0,0.0,0.0,0.0
detour,historical:A_long_reference,440,440,e27,c8fa274849bf4beeb7c46b93a7de7a6242e5af2e9c83a395e8d0db16da5e81d8,glass,fitting,False,0,0.0,0.0,0.0,1.0,1.0,0.0,0.0,0.0,0.0,0.0,0.0,0.0,1.0,1.0,0.0,0.0,0.0,0.0
detour,historical:A_long_reference,440,440,e28,c8fa274849bf4beeb7c46b93a7de7a6242e5af2e9c83a395e8d0db16da5e81d8,offpath,fitting,False,0,1.0,1.0,0.0,0.0,0.0,0.0,0.0,0.0,0.0,1.0,1.0,0.0,0.0,0.0,0.0,0.0,0.0,0.0
detour,historical:A_long_reference,440,440,e29,c8fa274849bf4beeb7c46b93a7de7a6242e5af2e9c83a395e8d0db16da5e81d8,noglass,fitting,False,0,1.0,1.0,0.0,0.0,0.0,0.0,0.0,0.0,0.0,1.0,1.0,0.0,0.0,0.0,0.0,0.0,0.0,0.0
detour,historical:A_long_reference,440,440,e30,ddd84e646ab0cdd38c0f283802f28ac361a412492f3872c7f489b95bb55d53af,glass,fitting,False,0,0.0,0.0,0.0,1.0,1.0,0.0,0.0,0.0,0.0,0.0,0.0,0.0,0.5,0.5,0.0,0.0,0.0,0.0
detour,historical:A_long_reference,440,440,e31,ddd84e646ab0cdd38c0f283802f28ac361a412492f3872c7f489b95bb55d53af,offpath,fitting,False,0,1.0,1.0,0.0,0.0,0.0,0.0,0.0,0.0,0.0,1.0,1.0,0.0,0.0,0.0,0.0,0.0,0.0,0.0
detour,historical:A_long_reference,440,440,e32,ddd84e646ab0cdd38c0f283802f28ac361a412492f3872c7f489b95bb55d53af,noglass,fitting,False,0,1.0,1.0,0.0,0.0,0.0,0.0,0.0,0.0,0.0,1.0,1.0,0.0,0.0,0.0,0.0,0.0,0.0,0.0
detour,historical:A_long_reference,440,440,e33,f64d2a60c3b9cebc4b5e12f86f4978711b4ca1e7a3788d1756d078c45a1c1004,glass,fitting,False,0,0.0,0.0,0.0,1.0,1.0,0.0,0.0,0.0,0.0,0.0,0.0,0.0,1.0,1.0,0.0,0.0,0.0,0.0
detour,historical:A_long_reference,440,440,e34,f64d2a60c3b9cebc4b5e12f86f4978711b4ca1e7a3788d1756d078c45a1c1004,offpath,fitting,False,0,1.0,1.0,0.0,0.0,0.0,0.0,0.0,0.0,0.0,1.0,1.0,0.0,0.0,0.0,0.0,0.0,0.0,0.0
detour,historical:A_long_reference,440,440,e35,f64d2a60c3b9cebc4b5e12f86f4978711b4ca1e7a3788d1756d078c45a1c1004,noglass,fitting,False,0,1.0,1.0,0.0,0.0,0.0,0.0,0.0,0.0,0.0,1.0,1.0,0.0,0.0,0.0,0.0,0.0,0.0,0.0
detour,historical:A_long_reference,440,440,e36,37d3edc8cb9ad51b8ebf45a235721c16e2531be26385d150aef2b21d81a04cae,glass,calibration,False,0,0.0,0.0,0.0,0.0,0.0,0.0,0.0,0.0,0.0,0.0,0.0,0.0,0.0,0.0,0.0,0.0,0.0,0.0
detour,historical:A_long_reference,440,440,e37,37d3edc8cb9ad51b8ebf45a235721c16e2531be26385d150aef2b21d81a04cae,offpath,calibration,False,0,1.0,1.0,0.0,0.0,0.0,0.0,0.0,0.0,0.0,1.0,1.0,0.0,0.0,0.0,0.0,0.0,0.0,0.0
detour,historical:A_long_reference,440,440,e38,37d3edc8cb9ad51b8ebf45a235721c16e2531be26385d150aef2b21d81a04cae,noglass,calibration,False,0,1.0,1.0,0.0,0.0,0.0,0.0,0.0,0.0,0.0,1.0,1.0,0.0,0.0,0.0,0.0,0.0,0.0,0.0
detour,historical:A_long_reference,440,440,e39,6292759eb45913ce4ed8447194504833f347d9355012e3228775797a4b0a7cd1,glass,calibration,False,0,0.0,0.0,0.0,1.0,1.0,0.0,0.0,0.0,0.0,0.5,0.5,0.0,0.5,0.5,0.0,0.0,0.0,0.0
detour,historical:A_long_reference,440,440,e40,6292759eb45913ce4ed8447194504833f347d9355012e3228775797a4b0a7cd1,offpath,calibration,False,0,1.0,1.0,0.0,0.0,0.0,0.0,0.0,0.0,0.0,1.0,1.0,0.0,0.0,0.0,0.0,0.0,0.0,0.0
detour,historical:A_long_reference,440,440,e41,6292759eb45913ce4ed8447194504833f347d9355012e3228775797a4b0a7cd1,noglass,calibration,False,1,0.5,1.0,0.5,0.0,0.0,0.0,0.0,0.0,1.0,1.0,1.0,0.0,0.0,0.0,0.0,0.0,0.0,1.0
detour,historical:A_long_reference,440,440,e42,655347c9fb28aaf505e162e6bcad095d17e4bfee5506113825cfb3da6ca60845,glass,calibration,False,0,0.0,0.0,0.0,1.0,1.0,0.0,0.0,0.0,0.0,0.0,0.0,0.0,1.0,1.0,0.0,0.0,0.0,0.0
detour,historical:A_long_reference,440,440,e43,655347c9fb28aaf505e162e6bcad095d17e4bfee5506113825cfb3da6ca60845,offpath,calibration,False,0,1.0,1.0,0.0,0.0,0.0,0.0,0.0,0.0,0.0,1.0,1.0,0.0,0.0,0.0,0.0,0.0,0.0,0.0
detour,historical:A_long_reference,440,440,e44,655347c9fb28aaf505e162e6bcad095d17e4bfee5506113825cfb3da6ca60845,noglass,calibration,False,0,1.0,1.0,0.0,0.0,0.0,0.0,0.0,0.0,0.0,1.0,1.0,0.0,0.0,0.0,0.0,0.0,0.0,0.0
detour,historical:A_long_reference,440,440,e45,64d921063eb0a02530efbea3434c347d28bd353cbb04464e5d91d499f62f61ef,glass,calibration,False,0,0.0,0.0,0.0,1.0,1.0,0.0,0.0,0.0,0.0,0.0,0.0,0.0,1.0,1.0,0.0,0.0,0.0,0.0
detour,historical:A_long_reference,440,440,e46,64d921063eb0a02530efbea3434c347d28bd353cbb04464e5d91d499f62f61ef,offpath,calibration,True,0,0.0,0.0,0.0,1.0,1.0,0.0,0.0,0.0,0.0,0.0,0.0,0.0,1.0,1.0,0.0,0.0,0.0,0.0
detour,historical:A_long_reference,440,440,e47,64d921063eb0a02530efbea3434c347d28bd353cbb04464e5d91d499f62f61ef,noglass,calibration,False,0,1.0,1.0,0.0,0.0,0.0,0.0,0.0,0.0,0.0,0.5,0.5,0.0,0.0,0.0,0.0,0.0,0.0,0.0
detour,historical:A_reference,440,220,e00,0815f4806fc9a4fbd58c6627c8b92fd77f1b80ad4b8b4cd6d0c6e0541d488a7b,glass,fitting,False,0,0.0,0.0,0.0,1.0,1.0,0.0,0.0,0.0,0.0,0.0,0.0,0.0,1.0,1.0,0.0,0.0,0.0,0.0
detour,historical:A_reference,440,220,e01,0815f4806fc9a4fbd58c6627c8b92fd77f1b80ad4b8b4cd6d0c6e0541d488a7b,offpath,fitting,False,0,1.0,1.0,0.0,0.0,0.0,0.0,0.0,0.0,0.0,1.0,1.0,0.0,0.0,0.0,0.0,0.0,0.0,0.0
detour,historical:A_reference,440,220,e02,0815f4806fc9a4fbd58c6627c8b92fd77f1b80ad4b8b4cd6d0c6e0541d488a7b,noglass,fitting,False,0,1.0,1.0,0.0,0.0,0.0,0.0,0.0,0.0,0.0,1.0,1.0,0.0,0.0,0.0,0.0,0.0,0.0,0.0
detour,historical:A_reference,440,220,e03,28c563172e6e13a0d3d84f1527243878c67a2140fa8c9a81ecb8b81ec9402dc8,glass,fitting,False,0,1.0,1.0,0.0,0.0,0.0,0.0,0.0,0.0,0.0,1.0,1.0,0.0,0.0,0.0,0.0,0.0,0.0,0.0
detour,historical:A_reference,440,220,e04,28c563172e6e13a0d3d84f1527243878c67a2140fa8c9a81ecb8b81ec9402dc8,offpath,fitting,False,0,0.5,0.5,0.0,0.0,0.0,0.0,0.0,0.0,0.0,1.0,1.0,0.0,0.0,0.0,0.0,0.0,0.0,0.0
detour,historical:A_reference,440,220,e05,28c563172e6e13a0d3d84f1527243878c67a2140fa8c9a81ecb8b81ec9402dc8,noglass,fitting,False,0,1.0,1.0,0.0,0.0,0.0,0.0,0.0,0.0,0.0,1.0,1.0,0.0,0.0,0.0,0.0,0.0,0.0,0.0
detour,historical:A_reference,440,220,e06,69fa7e93588c6aea4b134efa44633d38556ce1656b46df276021920a664881a3,glass,fitting,False,0,0.0,0.0,0.0,1.0,1.0,0.0,0.0,0.0,0.0,0.0,0.0,0.0,1.0,1.0,0.0,0.0,0.0,0.0
detour,historical:A_reference,440,220,e07,69fa7e93588c6aea4b134efa44633d38556ce1656b46df276021920a664881a3,offpath,fitting,False,0,1.0,1.0,0.0,0.0,0.0,0.0,0.0,0.0,0.0,1.0,1.0,0.0,0.0,0.0,0.0,0.0,0.0,0.0
detour,historical:A_reference,440,220,e08,69fa7e93588c6aea4b134efa44633d38556ce1656b46df276021920a664881a3,noglass,fitting,False,0,1.0,1.0,0.0,0.0,0.0,0.0,0.0,0.0,0.0,1.0,1.0,0.0,0.0,0.0,0.0,0.0,0.0,0.0
detour,historical:A_reference,440,220,e09,76fe1d96587ab928f6fb5d7750ecd048fd712eb3d66aa60feb972a3d9d56c9d1,glass,fitting,False,0,0.5,0.5,0.0,0.5,0.5,0.0,0.0,0.0,0.0,0.5,0.5,0.0,0.0,0.0,0.0,0.0,0.0,0.0
detour,historical:A_reference,440,220,e10,76fe1d96587ab928f6fb5d7750ecd048fd712eb3d66aa60feb972a3d9d56c9d1,offpath,fitting,False,0,1.0,1.0,0.0,0.0,0.0,0.0,0.0,0.0,0.0,1.0,1.0,0.0,0.0,0.0,0.0,0.0,0.0,0.0
detour,historical:A_reference,440,220,e11,76fe1d96587ab928f6fb5d7750ecd048fd712eb3d66aa60feb972a3d9d56c9d1,noglass,fitting,False,0,1.0,1.0,0.0,0.0,0.0,0.0,0.0,0.0,0.0,1.0,1.0,0.0,0.0,0.0,0.0,0.0,0.0,0.0
detour,historical:A_reference,440,220,e12,821b498fc1fcb4e3c103635fa473d7577f718c4f633b273772954295c83ae585,glass,fitting,False,0,0.0,0.0,0.0,1.0,1.0,0.0,0.0,0.0,0.0,0.0,0.0,0.0,1.0,1.0,0.0,0.0,0.0,0.0
detour,historical:A_reference,440,220,e13,821b498fc1fcb4e3c103635fa473d7577f718c4f633b273772954295c83ae585,offpath,fitting,False,0,1.0,1.0,0.0,0.0,0.0,0.0,0.0,0.0,0.0,1.0,1.0,0.0,0.0,0.0,0.0,0.0,0.0,0.0
detour,historical:A_reference,440,220,e14,821b498fc1fcb4e3c103635fa473d7577f718c4f633b273772954295c83ae585,noglass,fitting,False,0,1.0,1.0,0.0,0.0,0.0,0.0,0.0,0.0,0.0,1.0,1.0,0.0,0.0,0.0,0.0,0.0,0.0,0.0
detour,historical:A_reference,440,220,e15,9176c2514b8a62105f4d2b8a22a8a0b0236c5b9feda58c18ef64cea917b98d9d,glass,fitting,False,1,0.5,1.0,0.5,0.5,0.0,-0.5,0.0,0.0,1.0,1.0,1.0,0.0,0.0,0.0,0.0,0.0,0.0,1.0
detour,historical:A_reference,440,220,e16,9176c2514b8a62105f4d2b8a22a8a0b0236c5b9feda58c18ef64cea917b98d9d,offpath,fitting,False,0,0.0,0.0,0.0,1.0,1.0,0.0,0.0,0.0,0.0,0.5,0.5,0.0,0.5,0.5,0.0,0.0,0.0,0.0
detour,historical:A_reference,440,220,e17,9176c2514b8a62105f4d2b8a22a8a0b0236c5b9feda58c18ef64cea917b98d9d,noglass,fitting,False,0,1.0,1.0,0.0,0.0,0.0,0.0,0.0,0.0,0.0,0.5,0.5,0.0,0.0,0.0,0.0,0.0,0.0,0.0
detour,historical:A_reference,440,220,e18,986b3dff233a80cf0fd1c48f815600f49b95f83be0d9f898fee40d0a5c9dca63,glass,fitting,False,1,0.0,1.0,1.0,1.0,0.0,-1.0,0.0,0.0,1.0,0.0,1.0,1.0,1.0,0.0,-1.0,0.0,0.0,1.0
detour,historical:A_reference,440,220,e19,986b3dff233a80cf0fd1c48f815600f49b95f83be0d9f898fee40d0a5c9dca63,offpath,fitting,False,0,1.0,1.0,0.0,0.0,0.0,0.0,0.0,0.0,0.0,1.0,1.0,0.0,0.0,0.0,0.0,0.0,0.0,0.0
detour,historical:A_reference,440,220,e20,986b3dff233a80cf0fd1c48f815600f49b95f83be0d9f898fee40d0a5c9dca63,noglass,fitting,False,0,1.0,1.0,0.0,0.0,0.0,0.0,0.0,0.0,0.0,1.0,1.0,0.0,0.0,0.0,0.0,0.0,0.0,0.0
detour,historical:A_reference,440,220,e21,a3e1c487338ecfe4ce59e1e8f0be7a20d0442476ad923022ec430bdb5470ee56,glass,fitting,False,0,0.0,0.0,0.0,1.0,1.0,0.0,0.0,0.0,0.0,0.0,0.0,0.0,1.0,1.0,0.0,0.0,0.0,0.0
detour,historical:A_reference,440,220,e22,a3e1c487338ecfe4ce59e1e8f0be7a20d0442476ad923022ec430bdb5470ee56,offpath,fitting,False,0,1.0,1.0,0.0,0.0,0.0,0.0,0.0,0.0,0.0,1.0,1.0,0.0,0.0,0.0,0.0,0.0,0.0,0.0
detour,historical:A_reference,440,220,e23,a3e1c487338ecfe4ce59e1e8f0be7a20d0442476ad923022ec430bdb5470ee56,noglass,fitting,False,0,1.0,1.0,0.0,0.0,0.0,0.0,0.0,0.0,0.0,1.0,1.0,0.0,0.0,0.0,0.0,0.0,0.0,0.0
detour,historical:A_reference,440,220,e24,a992f0a563f4b0239708f4be6fa38192e6930b15387567b2d4a16568d4fa5671,glass,fitting,False,0,0.0,0.0,0.0,1.0,1.0,0.0,0.0,0.0,0.0,0.0,0.0,0.0,1.0,1.0,0.0,0.0,0.0,0.0
detour,historical:A_reference,440,220,e25,a992f0a563f4b0239708f4be6fa38192e6930b15387567b2d4a16568d4fa5671,offpath,fitting,False,0,1.0,1.0,0.0,0.0,0.0,0.0,0.0,0.0,0.0,1.0,1.0,0.0,0.0,0.0,0.0,0.0,0.0,0.0
detour,historical:A_reference,440,220,e26,a992f0a563f4b0239708f4be6fa38192e6930b15387567b2d4a16568d4fa5671,noglass,fitting,False,0,1.0,1.0,0.0,0.0,0.0,0.0,0.0,0.0,0.0,1.0,1.0,0.0,0.0,0.0,0.0,0.0,0.0,0.0
detour,historical:A_reference,440,220,e27,c8fa274849bf4beeb7c46b93a7de7a6242e5af2e9c83a395e8d0db16da5e81d8,glass,fitting,False,0,0.0,0.0,0.0,1.0,1.0,0.0,0.0,0.0,0.0,0.0,0.0,0.0,1.0,1.0,0.0,0.0,0.0,0.0
detour,historical:A_reference,440,220,e28,c8fa274849bf4beeb7c46b93a7de7a6242e5af2e9c83a395e8d0db16da5e81d8,offpath,fitting,False,0,1.0,1.0,0.0,0.0,0.0,0.0,0.0,0.0,0.0,1.0,1.0,0.0,0.0,0.0,0.0,0.0,0.0,0.0
detour,historical:A_reference,440,220,e29,c8fa274849bf4beeb7c46b93a7de7a6242e5af2e9c83a395e8d0db16da5e81d8,noglass,fitting,False,0,1.0,1.0,0.0,0.0,0.0,0.0,0.0,0.0,0.0,1.0,1.0,0.0,0.0,0.0,0.0,0.0,0.0,0.0
detour,historical:A_reference,440,220,e30,ddd84e646ab0cdd38c0f283802f28ac361a412492f3872c7f489b95bb55d53af,glass,fitting,False,0,0.0,0.0,0.0,1.0,1.0,0.0,0.0,0.0,0.0,0.0,0.0,0.0,0.5,0.5,0.0,0.0,0.0,0.0
detour,historical:A_reference,440,220,e31,ddd84e646ab0cdd38c0f283802f28ac361a412492f3872c7f489b95bb55d53af,offpath,fitting,False,0,1.0,1.0,0.0,0.0,0.0,0.0,0.0,0.0,0.0,1.0,1.0,0.0,0.0,0.0,0.0,0.0,0.0,0.0
detour,historical:A_reference,440,220,e32,ddd84e646ab0cdd38c0f283802f28ac361a412492f3872c7f489b95bb55d53af,noglass,fitting,False,0,1.0,1.0,0.0,0.0,0.0,0.0,0.0,0.0,0.0,1.0,1.0,0.0,0.0,0.0,0.0,0.0,0.0,0.0
detour,historical:A_reference,440,220,e33,f64d2a60c3b9cebc4b5e12f86f4978711b4ca1e7a3788d1756d078c45a1c1004,glass,fitting,False,0,0.0,0.0,0.0,1.0,1.0,0.0,0.0,0.0,0.0,0.0,0.0,0.0,1.0,1.0,0.0,0.0,0.0,0.0
detour,historical:A_reference,440,220,e34,f64d2a60c3b9cebc4b5e12f86f4978711b4ca1e7a3788d1756d078c45a1c1004,offpath,fitting,False,0,1.0,1.0,0.0,0.0,0.0,0.0,0.0,0.0,0.0,1.0,1.0,0.0,0.0,0.0,0.0,0.0,0.0,0.0
detour,historical:A_reference,440,220,e35,f64d2a60c3b9cebc4b5e12f86f4978711b4ca1e7a3788d1756d078c45a1c1004,noglass,fitting,False,0,1.0,1.0,0.0,0.0,0.0,0.0,0.0,0.0,0.0,1.0,1.0,0.0,0.0,0.0,0.0,0.0,0.0,0.0
detour,historical:A_reference,440,220,e36,37d3edc8cb9ad51b8ebf45a235721c16e2531be26385d150aef2b21d81a04cae,glass,calibration,False,0,0.0,0.0,0.0,0.0,0.0,0.0,0.0,0.0,0.0,0.0,0.0,0.0,0.0,0.0,0.0,0.0,0.0,0.0
detour,historical:A_reference,440,220,e37,37d3edc8cb9ad51b8ebf45a235721c16e2531be26385d150aef2b21d81a04cae,offpath,calibration,False,0,1.0,1.0,0.0,0.0,0.0,0.0,0.0,0.0,0.0,1.0,1.0,0.0,0.0,0.0,0.0,0.0,0.0,0.0
detour,historical:A_reference,440,220,e38,37d3edc8cb9ad51b8ebf45a235721c16e2531be26385d150aef2b21d81a04cae,noglass,calibration,False,0,1.0,1.0,0.0,0.0,0.0,0.0,0.0,0.0,0.0,1.0,1.0,0.0,0.0,0.0,0.0,0.0,0.0,0.0
detour,historical:A_reference,440,220,e39,6292759eb45913ce4ed8447194504833f347d9355012e3228775797a4b0a7cd1,glass,calibration,False,0,0.0,0.0,0.0,1.0,1.0,0.0,0.0,0.0,0.0,0.5,0.5,0.0,0.5,0.5,0.0,0.0,0.0,0.0
detour,historical:A_reference,440,220,e40,6292759eb45913ce4ed8447194504833f347d9355012e3228775797a4b0a7cd1,offpath,calibration,False,0,1.0,1.0,0.0,0.0,0.0,0.0,0.0,0.0,0.0,1.0,1.0,0.0,0.0,0.0,0.0,0.0,0.0,0.0
detour,historical:A_reference,440,220,e41,6292759eb45913ce4ed8447194504833f347d9355012e3228775797a4b0a7cd1,noglass,calibration,False,1,0.5,1.0,0.5,0.0,0.0,0.0,0.0,0.0,1.0,1.0,1.0,0.0,0.0,0.0,0.0,0.0,0.0,1.0
detour,historical:A_reference,440,220,e42,655347c9fb28aaf505e162e6bcad095d17e4bfee5506113825cfb3da6ca60845,glass,calibration,False,0,0.0,0.0,0.0,1.0,1.0,0.0,0.0,0.0,0.0,0.0,0.0,0.0,1.0,1.0,0.0,0.0,0.0,0.0
detour,historical:A_reference,440,220,e43,655347c9fb28aaf505e162e6bcad095d17e4bfee5506113825cfb3da6ca60845,offpath,calibration,False,0,1.0,1.0,0.0,0.0,0.0,0.0,0.0,0.0,0.0,1.0,1.0,0.0,0.0,0.0,0.0,0.0,0.0,0.0
detour,historical:A_reference,440,220,e44,655347c9fb28aaf505e162e6bcad095d17e4bfee5506113825cfb3da6ca60845,noglass,calibration,False,0,1.0,1.0,0.0,0.0,0.0,0.0,0.0,0.0,0.0,1.0,1.0,0.0,0.0,0.0,0.0,0.0,0.0,0.0
detour,historical:A_reference,440,220,e45,64d921063eb0a02530efbea3434c347d28bd353cbb04464e5d91d499f62f61ef,glass,calibration,False,0,0.0,0.0,0.0,1.0,1.0,0.0,0.0,0.0,0.0,0.0,0.0,0.0,1.0,1.0,0.0,0.0,0.0,0.0
detour,historical:A_reference,440,220,e46,64d921063eb0a02530efbea3434c347d28bd353cbb04464e5d91d499f62f61ef,offpath,calibration,True,0,0.0,0.0,0.0,1.0,1.0,0.0,0.0,0.0,0.0,0.0,0.0,0.0,1.0,1.0,0.0,0.0,0.0,0.0
detour,historical:A_reference,440,220,e47,64d921063eb0a02530efbea3434c347d28bd353cbb04464e5d91d499f62f61ef,noglass,calibration,False,0,1.0,1.0,0.0,0.0,0.0,0.0,0.0,0.0,0.0,0.5,0.5,0.0,0.0,0.0,0.0,0.0,0.0,0.0
detour,historical:A_reference,440,440,e00,0815f4806fc9a4fbd58c6627c8b92fd77f1b80ad4b8b4cd6d0c6e0541d488a7b,glass,fitting,False,0,0.0,0.0,0.0,1.0,1.0,0.0,0.0,0.0,0.0,0.0,0.0,0.0,1.0,1.0,0.0,0.0,0.0,0.0
detour,historical:A_reference,440,440,e01,0815f4806fc9a4fbd58c6627c8b92fd77f1b80ad4b8b4cd6d0c6e0541d488a7b,offpath,fitting,False,0,1.0,1.0,0.0,0.0,0.0,0.0,0.0,0.0,0.0,1.0,1.0,0.0,0.0,0.0,0.0,0.0,0.0,0.0
detour,historical:A_reference,440,440,e02,0815f4806fc9a4fbd58c6627c8b92fd77f1b80ad4b8b4cd6d0c6e0541d488a7b,noglass,fitting,False,0,1.0,1.0,0.0,0.0,0.0,0.0,0.0,0.0,0.0,1.0,1.0,0.0,0.0,0.0,0.0,0.0,0.0,0.0
detour,historical:A_reference,440,440,e03,28c563172e6e13a0d3d84f1527243878c67a2140fa8c9a81ecb8b81ec9402dc8,glass,fitting,False,0,1.0,1.0,0.0,0.0,0.0,0.0,0.0,0.0,0.0,1.0,1.0,0.0,0.0,0.0,0.0,0.0,0.0,0.0
detour,historical:A_reference,440,440,e04,28c563172e6e13a0d3d84f1527243878c67a2140fa8c9a81ecb8b81ec9402dc8,offpath,fitting,False,0,0.5,0.5,0.0,0.0,0.0,0.0,0.0,0.0,0.0,1.0,1.0,0.0,0.0,0.0,0.0,0.0,0.0,0.0
detour,historical:A_reference,440,440,e05,28c563172e6e13a0d3d84f1527243878c67a2140fa8c9a81ecb8b81ec9402dc8,noglass,fitting,False,0,1.0,1.0,0.0,0.0,0.0,0.0,0.0,0.0,0.0,1.0,1.0,0.0,0.0,0.0,0.0,0.0,0.0,0.0
detour,historical:A_reference,440,440,e06,69fa7e93588c6aea4b134efa44633d38556ce1656b46df276021920a664881a3,glass,fitting,False,0,0.0,0.0,0.0,1.0,1.0,0.0,0.0,0.0,0.0,0.0,0.0,0.0,1.0,1.0,0.0,0.0,0.0,0.0
detour,historical:A_reference,440,440,e07,69fa7e93588c6aea4b134efa44633d38556ce1656b46df276021920a664881a3,offpath,fitting,False,0,1.0,1.0,0.0,0.0,0.0,0.0,0.0,0.0,0.0,1.0,1.0,0.0,0.0,0.0,0.0,0.0,0.0,0.0
detour,historical:A_reference,440,440,e08,69fa7e93588c6aea4b134efa44633d38556ce1656b46df276021920a664881a3,noglass,fitting,False,0,1.0,1.0,0.0,0.0,0.0,0.0,0.0,0.0,0.0,1.0,1.0,0.0,0.0,0.0,0.0,0.0,0.0,0.0
detour,historical:A_reference,440,440,e09,76fe1d96587ab928f6fb5d7750ecd048fd712eb3d66aa60feb972a3d9d56c9d1,glass,fitting,False,0,0.5,0.5,0.0,0.5,0.5,0.0,0.0,0.0,0.0,0.5,0.5,0.0,0.0,0.0,0.0,0.0,0.0,0.0
detour,historical:A_reference,440,440,e10,76fe1d96587ab928f6fb5d7750ecd048fd712eb3d66aa60feb972a3d9d56c9d1,offpath,fitting,False,0,1.0,1.0,0.0,0.0,0.0,0.0,0.0,0.0,0.0,1.0,1.0,0.0,0.0,0.0,0.0,0.0,0.0,0.0
detour,historical:A_reference,440,440,e11,76fe1d96587ab928f6fb5d7750ecd048fd712eb3d66aa60feb972a3d9d56c9d1,noglass,fitting,False,0,1.0,1.0,0.0,0.0,0.0,0.0,0.0,0.0,0.0,1.0,1.0,0.0,0.0,0.0,0.0,0.0,0.0,0.0
detour,historical:A_reference,440,440,e12,821b498fc1fcb4e3c103635fa473d7577f718c4f633b273772954295c83ae585,glass,fitting,False,0,0.0,0.0,0.0,1.0,1.0,0.0,0.0,0.0,0.0,0.0,0.0,0.0,1.0,1.0,0.0,0.0,0.0,0.0
detour,historical:A_reference,440,440,e13,821b498fc1fcb4e3c103635fa473d7577f718c4f633b273772954295c83ae585,offpath,fitting,False,0,1.0,1.0,0.0,0.0,0.0,0.0,0.0,0.0,0.0,1.0,1.0,0.0,0.0,0.0,0.0,0.0,0.0,0.0
detour,historical:A_reference,440,440,e14,821b498fc1fcb4e3c103635fa473d7577f718c4f633b273772954295c83ae585,noglass,fitting,False,0,1.0,1.0,0.0,0.0,0.0,0.0,0.0,0.0,0.0,1.0,1.0,0.0,0.0,0.0,0.0,0.0,0.0,0.0
detour,historical:A_reference,440,440,e15,9176c2514b8a62105f4d2b8a22a8a0b0236c5b9feda58c18ef64cea917b98d9d,glass,fitting,False,1,0.5,1.0,0.5,0.5,0.0,-0.5,0.0,0.0,1.0,1.0,1.0,0.0,0.0,0.0,0.0,0.0,0.0,1.0
detour,historical:A_reference,440,440,e16,9176c2514b8a62105f4d2b8a22a8a0b0236c5b9feda58c18ef64cea917b98d9d,offpath,fitting,False,0,0.0,0.0,0.0,1.0,1.0,0.0,0.0,0.0,0.0,0.5,0.5,0.0,0.5,0.5,0.0,0.0,0.0,0.0
detour,historical:A_reference,440,440,e17,9176c2514b8a62105f4d2b8a22a8a0b0236c5b9feda58c18ef64cea917b98d9d,noglass,fitting,False,0,1.0,1.0,0.0,0.0,0.0,0.0,0.0,0.0,0.0,0.5,0.5,0.0,0.0,0.0,0.0,0.0,0.0,0.0
detour,historical:A_reference,440,440,e18,986b3dff233a80cf0fd1c48f815600f49b95f83be0d9f898fee40d0a5c9dca63,glass,fitting,False,1,0.0,1.0,1.0,1.0,0.0,-1.0,0.0,0.0,1.0,0.0,1.0,1.0,1.0,0.0,-1.0,0.0,0.0,1.0
detour,historical:A_reference,440,440,e19,986b3dff233a80cf0fd1c48f815600f49b95f83be0d9f898fee40d0a5c9dca63,offpath,fitting,False,0,1.0,1.0,0.0,0.0,0.0,0.0,0.0,0.0,0.0,1.0,1.0,0.0,0.0,0.0,0.0,0.0,0.0,0.0
detour,historical:A_reference,440,440,e20,986b3dff233a80cf0fd1c48f815600f49b95f83be0d9f898fee40d0a5c9dca63,noglass,fitting,False,0,1.0,1.0,0.0,0.0,0.0,0.0,0.0,0.0,0.0,1.0,1.0,0.0,0.0,0.0,0.0,0.0,0.0,0.0
detour,historical:A_reference,440,440,e21,a3e1c487338ecfe4ce59e1e8f0be7a20d0442476ad923022ec430bdb5470ee56,glass,fitting,False,0,0.0,0.0,0.0,1.0,1.0,0.0,0.0,0.0,0.0,0.0,0.0,0.0,1.0,1.0,0.0,0.0,0.0,0.0
detour,historical:A_reference,440,440,e22,a3e1c487338ecfe4ce59e1e8f0be7a20d0442476ad923022ec430bdb5470ee56,offpath,fitting,False,0,1.0,1.0,0.0,0.0,0.0,0.0,0.0,0.0,0.0,1.0,1.0,0.0,0.0,0.0,0.0,0.0,0.0,0.0
detour,historical:A_reference,440,440,e23,a3e1c487338ecfe4ce59e1e8f0be7a20d0442476ad923022ec430bdb5470ee56,noglass,fitting,False,0,1.0,1.0,0.0,0.0,0.0,0.0,0.0,0.0,0.0,1.0,1.0,0.0,0.0,0.0,0.0,0.0,0.0,0.0
detour,historical:A_reference,440,440,e24,a992f0a563f4b0239708f4be6fa38192e6930b15387567b2d4a16568d4fa5671,glass,fitting,False,0,0.0,0.0,0.0,1.0,1.0,0.0,0.0,0.0,0.0,0.0,0.0,0.0,1.0,1.0,0.0,0.0,0.0,0.0
detour,historical:A_reference,440,440,e25,a992f0a563f4b0239708f4be6fa38192e6930b15387567b2d4a16568d4fa5671,offpath,fitting,False,0,1.0,1.0,0.0,0.0,0.0,0.0,0.0,0.0,0.0,1.0,1.0,0.0,0.0,0.0,0.0,0.0,0.0,0.0
detour,historical:A_reference,440,440,e26,a992f0a563f4b0239708f4be6fa38192e6930b15387567b2d4a16568d4fa5671,noglass,fitting,False,0,1.0,1.0,0.0,0.0,0.0,0.0,0.0,0.0,0.0,1.0,1.0,0.0,0.0,0.0,0.0,0.0,0.0,0.0
detour,historical:A_reference,440,440,e27,c8fa274849bf4beeb7c46b93a7de7a6242e5af2e9c83a395e8d0db16da5e81d8,glass,fitting,False,0,0.0,0.0,0.0,1.0,1.0,0.0,0.0,0.0,0.0,0.0,0.0,0.0,1.0,1.0,0.0,0.0,0.0,0.0
detour,historical:A_reference,440,440,e28,c8fa274849bf4beeb7c46b93a7de7a6242e5af2e9c83a395e8d0db16da5e81d8,offpath,fitting,False,0,1.0,1.0,0.0,0.0,0.0,0.0,0.0,0.0,0.0,1.0,1.0,0.0,0.0,0.0,0.0,0.0,0.0,0.0
detour,historical:A_reference,440,440,e29,c8fa274849bf4beeb7c46b93a7de7a6242e5af2e9c83a395e8d0db16da5e81d8,noglass,fitting,False,0,1.0,1.0,0.0,0.0,0.0,0.0,0.0,0.0,0.0,1.0,1.0,0.0,0.0,0.0,0.0,0.0,0.0,0.0
detour,historical:A_reference,440,440,e30,ddd84e646ab0cdd38c0f283802f28ac361a412492f3872c7f489b95bb55d53af,glass,fitting,False,0,0.0,0.0,0.0,1.0,1.0,0.0,0.0,0.0,0.0,0.0,0.0,0.0,0.5,0.5,0.0,0.0,0.0,0.0
detour,historical:A_reference,440,440,e31,ddd84e646ab0cdd38c0f283802f28ac361a412492f3872c7f489b95bb55d53af,offpath,fitting,False,0,1.0,1.0,0.0,0.0,0.0,0.0,0.0,0.0,0.0,1.0,1.0,0.0,0.0,0.0,0.0,0.0,0.0,0.0
detour,historical:A_reference,440,440,e32,ddd84e646ab0cdd38c0f283802f28ac361a412492f3872c7f489b95bb55d53af,noglass,fitting,False,0,1.0,1.0,0.0,0.0,0.0,0.0,0.0,0.0,0.0,1.0,1.0,0.0,0.0,0.0,0.0,0.0,0.0,0.0
detour,historical:A_reference,440,440,e33,f64d2a60c3b9cebc4b5e12f86f4978711b4ca1e7a3788d1756d078c45a1c1004,glass,fitting,False,0,0.0,0.0,0.0,1.0,1.0,0.0,0.0,0.0,0.0,0.0,0.0,0.0,1.0,1.0,0.0,0.0,0.0,0.0
detour,historical:A_reference,440,440,e34,f64d2a60c3b9cebc4b5e12f86f4978711b4ca1e7a3788d1756d078c45a1c1004,offpath,fitting,False,0,1.0,1.0,0.0,0.0,0.0,0.0,0.0,0.0,0.0,1.0,1.0,0.0,0.0,0.0,0.0,0.0,0.0,0.0
detour,historical:A_reference,440,440,e35,f64d2a60c3b9cebc4b5e12f86f4978711b4ca1e7a3788d1756d078c45a1c1004,noglass,fitting,False,0,1.0,1.0,0.0,0.0,0.0,0.0,0.0,0.0,0.0,1.0,1.0,0.0,0.0,0.0,0.0,0.0,0.0,0.0
detour,historical:A_reference,440,440,e36,37d3edc8cb9ad51b8ebf45a235721c16e2531be26385d150aef2b21d81a04cae,glass,calibration,False,0,0.0,0.0,0.0,0.0,0.0,0.0,0.0,0.0,0.0,0.0,0.0,0.0,0.0,0.0,0.0,0.0,0.0,0.0
detour,historical:A_reference,440,440,e37,37d3edc8cb9ad51b8ebf45a235721c16e2531be26385d150aef2b21d81a04cae,offpath,calibration,False,0,1.0,1.0,0.0,0.0,0.0,0.0,0.0,0.0,0.0,1.0,1.0,0.0,0.0,0.0,0.0,0.0,0.0,0.0
detour,historical:A_reference,440,440,e38,37d3edc8cb9ad51b8ebf45a235721c16e2531be26385d150aef2b21d81a04cae,noglass,calibration,False,0,1.0,1.0,0.0,0.0,0.0,0.0,0.0,0.0,0.0,1.0,1.0,0.0,0.0,0.0,0.0,0.0,0.0,0.0
detour,historical:A_reference,440,440,e39,6292759eb45913ce4ed8447194504833f347d9355012e3228775797a4b0a7cd1,glass,calibration,False,0,0.0,0.0,0.0,1.0,1.0,0.0,0.0,0.0,0.0,0.5,0.5,0.0,0.5,0.5,0.0,0.0,0.0,0.0
detour,historical:A_reference,440,440,e40,6292759eb45913ce4ed8447194504833f347d9355012e3228775797a4b0a7cd1,offpath,calibration,False,0,1.0,1.0,0.0,0.0,0.0,0.0,0.0,0.0,0.0,1.0,1.0,0.0,0.0,0.0,0.0,0.0,0.0,0.0
detour,historical:A_reference,440,440,e41,6292759eb45913ce4ed8447194504833f347d9355012e3228775797a4b0a7cd1,noglass,calibration,False,1,0.5,1.0,0.5,0.0,0.0,0.0,0.0,0.0,1.0,1.0,1.0,0.0,0.0,0.0,0.0,0.0,0.0,1.0
detour,historical:A_reference,440,440,e42,655347c9fb28aaf505e162e6bcad095d17e4bfee5506113825cfb3da6ca60845,glass,calibration,False,0,0.0,0.0,0.0,1.0,1.0,0.0,0.0,0.0,0.0,0.0,0.0,0.0,1.0,1.0,0.0,0.0,0.0,0.0
detour,historical:A_reference,440,440,e43,655347c9fb28aaf505e162e6bcad095d17e4bfee5506113825cfb3da6ca60845,offpath,calibration,False,0,1.0,1.0,0.0,0.0,0.0,0.0,0.0,0.0,0.0,1.0,1.0,0.0,0.0,0.0,0.0,0.0,0.0,0.0
detour,historical:A_reference,440,440,e44,655347c9fb28aaf505e162e6bcad095d17e4bfee5506113825cfb3da6ca60845,noglass,calibration,False,0,1.0,1.0,0.0,0.0,0.0,0.0,0.0,0.0,0.0,1.0,1.0,0.0,0.0,0.0,0.0,0.0,0.0,0.0
detour,historical:A_reference,440,440,e45,64d921063eb0a02530efbea3434c347d28bd353cbb04464e5d91d499f62f61ef,glass,calibration,False,0,0.0,0.0,0.0,1.0,1.0,0.0,0.0,0.0,0.0,0.0,0.0,0.0,1.0,1.0,0.0,0.0,0.0,0.0
detour,historical:A_reference,440,440,e46,64d921063eb0a02530efbea3434c347d28bd353cbb04464e5d91d499f62f61ef,offpath,calibration,True,0,0.0,0.0,0.0,1.0,1.0,0.0,0.0,0.0,0.0,0.0,0.0,0.0,1.0,1.0,0.0,0.0,0.0,0.0
detour,historical:A_reference,440,440,e47,64d921063eb0a02530efbea3434c347d28bd353cbb04464e5d91d499f62f61ef,noglass,calibration,False,0,1.0,1.0,0.0,0.0,0.0,0.0,0.0,0.0,0.0,0.5,0.5,0.0,0.0,0.0,0.0,0.0,0.0,0.0
detour,historical:AlwaysDetour,440,220,e00,0815f4806fc9a4fbd58c6627c8b92fd77f1b80ad4b8b4cd6d0c6e0541d488a7b,glass,fitting,False,1,0.0,0.0,0.0,1.0,0.0,-1.0,0.0,0.0,1.0,0.0,0.0,0.0,1.0,0.0,-1.0,0.0,0.0,1.0
detour,historical:AlwaysDetour,440,220,e01,0815f4806fc9a4fbd58c6627c8b92fd77f1b80ad4b8b4cd6d0c6e0541d488a7b,offpath,fitting,False,1,1.0,1.0,0.0,0.0,0.0,0.0,0.0,0.0,1.0,1.0,1.0,0.0,0.0,0.0,0.0,0.0,0.0,1.0
detour,historical:AlwaysDetour,440,220,e02,0815f4806fc9a4fbd58c6627c8b92fd77f1b80ad4b8b4cd6d0c6e0541d488a7b,noglass,fitting,False,1,1.0,0.0,-1.0,0.0,0.0,0.0,1.0,0.0,1.0,1.0,0.0,-1.0,0.0,0.0,0.0,1.0,0.0,1.0
detour,historical:AlwaysDetour,440,220,e03,28c563172e6e13a0d3d84f1527243878c67a2140fa8c9a81ecb8b81ec9402dc8,glass,fitting,False,1,1.0,1.0,0.0,0.0,0.0,0.0,0.0,0.0,1.0,1.0,1.0,0.0,0.0,0.0,0.0,0.0,0.0,1.0
detour,historical:AlwaysDetour,440,220,e04,28c563172e6e13a0d3d84f1527243878c67a2140fa8c9a81ecb8b81ec9402dc8,offpath,fitting,False,1,0.5,0.0,-0.5,0.0,0.0,0.0,0.5,0.0,1.0,1.0,0.0,-1.0,0.0,0.0,0.0,1.0,0.0,1.0
detour,historical:AlwaysDetour,440,220,e05,28c563172e6e13a0d3d84f1527243878c67a2140fa8c9a81ecb8b81ec9402dc8,noglass,fitting,False,1,1.0,1.0,0.0,0.0,0.0,0.0,0.0,0.0,1.0,1.0,1.0,0.0,0.0,0.0,0.0,0.0,0.0,1.0
detour,historical:AlwaysDetour,440,220,e06,69fa7e93588c6aea4b134efa44633d38556ce1656b46df276021920a664881a3,glass,fitting,False,1,0.0,0.0,0.0,1.0,0.0,-1.0,0.0,0.0,1.0,0.0,0.0,0.0,1.0,0.0,-1.0,0.0,0.0,1.0
detour,historical:AlwaysDetour,440,220,e07,69fa7e93588c6aea4b134efa44633d38556ce1656b46df276021920a664881a3,offpath,fitting,False,1,1.0,1.0,0.0,0.0,0.0,0.0,0.0,0.0,1.0,1.0,1.0,0.0,0.0,0.0,0.0,0.0,0.0,1.0
detour,historical:AlwaysDetour,440,220,e08,69fa7e93588c6aea4b134efa44633d38556ce1656b46df276021920a664881a3,noglass,fitting,False,1,1.0,1.0,0.0,0.0,0.0,0.0,0.0,0.0,1.0,1.0,1.0,0.0,0.0,0.0,0.0,0.0,0.0,1.0
detour,historical:AlwaysDetour,440,220,e09,76fe1d96587ab928f6fb5d7750ecd048fd712eb3d66aa60feb972a3d9d56c9d1,glass,fitting,False,1,0.5,0.0,-0.5,0.5,1.0,0.5,0.5,0.5,1.0,0.5,0.0,-0.5,0.0,1.0,1.0,0.5,1.0,1.0
detour,historical:AlwaysDetour,440,220,e10,76fe1d96587ab928f6fb5d7750ecd048fd712eb3d66aa60feb972a3d9d56c9d1,offpath,fitting,False,1,1.0,0.0,-1.0,0.0,0.0,0.0,1.0,0.0,1.0,1.0,0.0,-1.0,0.0,0.0,0.0,1.0,0.0,1.0
detour,historical:AlwaysDetour,440,220,e11,76fe1d96587ab928f6fb5d7750ecd048fd712eb3d66aa60feb972a3d9d56c9d1,noglass,fitting,False,1,1.0,1.0,0.0,0.0,0.0,0.0,0.0,0.0,1.0,1.0,1.0,0.0,0.0,0.0,0.0,0.0,0.0,1.0
detour,historical:AlwaysDetour,440,220,e12,821b498fc1fcb4e3c103635fa473d7577f718c4f633b273772954295c83ae585,glass,fitting,False,1,0.0,0.0,0.0,1.0,0.0,-1.0,0.0,0.0,1.0,0.0,0.0,0.0,1.0,0.0,-1.0,0.0,0.0,1.0
detour,historical:AlwaysDetour,440,220,e13,821b498fc1fcb4e3c103635fa473d7577f718c4f633b273772954295c83ae585,offpath,fitting,False,1,1.0,0.0,-1.0,0.0,0.0,0.0,1.0,0.0,1.0,1.0,0.0,-1.0,0.0,0.0,0.0,1.0,0.0,1.0
detour,historical:AlwaysDetour,440,220,e14,821b498fc1fcb4e3c103635fa473d7577f718c4f633b273772954295c83ae585,noglass,fitting,False,1,1.0,0.0,-1.0,0.0,0.0,0.0,1.0,0.0,1.0,1.0,0.0,-1.0,0.0,0.0,0.0,1.0,0.0,1.0
detour,historical:AlwaysDetour,440,220,e15,9176c2514b8a62105f4d2b8a22a8a0b0236c5b9feda58c18ef64cea917b98d9d,glass,fitting,False,1,0.5,1.0,0.5,0.5,0.0,-0.5,0.0,0.0,1.0,1.0,1.0,0.0,0.0,0.0,0.0,0.0,0.0,1.0
detour,historical:AlwaysDetour,440,220,e16,9176c2514b8a62105f4d2b8a22a8a0b0236c5b9feda58c18ef64cea917b98d9d,offpath,fitting,False,1,0.0,0.0,0.0,1.0,1.0,0.0,0.0,0.0,1.0,0.5,0.0,-0.5,0.5,1.0,0.5,0.5,0.5,1.0
detour,historical:AlwaysDetour,440,220,e17,9176c2514b8a62105f4d2b8a22a8a0b0236c5b9feda58c18ef64cea917b98d9d,noglass,fitting,False,1,1.0,1.0,0.0,0.0,0.0,0.0,0.0,0.0,1.0,0.5,1.0,0.5,0.0,0.0,0.0,0.0,0.0,1.0
detour,historical:AlwaysDetour,440,220,e18,986b3dff233a80cf0fd1c48f815600f49b95f83be0d9f898fee40d0a5c9dca63,glass,fitting,False,1,0.0,1.0,1.0,1.0,0.0,-1.0,0.0,0.0,1.0,0.0,1.0,1.0,1.0,0.0,-1.0,0.0,0.0,1.0
detour,historical:AlwaysDetour,440,220,e19,986b3dff233a80cf0fd1c48f815600f49b95f83be0d9f898fee40d0a5c9dca63,offpath,fitting,False,1,1.0,0.0,-1.0,0.0,0.0,0.0,1.0,0.0,1.0,1.0,0.0,-1.0,0.0,0.0,0.0,1.0,0.0,1.0
detour,historical:AlwaysDetour,440,220,e20,986b3dff233a80cf0fd1c48f815600f49b95f83be0d9f898fee40d0a5c9dca63,noglass,fitting,False,1,1.0,1.0,0.0,0.0,0.0,0.0,0.0,0.0,1.0,1.0,1.0,0.0,0.0,0.0,0.0,0.0,0.0,1.0
detour,historical:AlwaysDetour,440,220,e21,a3e1c487338ecfe4ce59e1e8f0be7a20d0442476ad923022ec430bdb5470ee56,glass,fitting,False,1,0.0,0.0,0.0,1.0,0.0,-1.0,0.0,0.0,1.0,0.0,0.0,0.0,1.0,0.0,-1.0,0.0,0.0,1.0
detour,historical:AlwaysDetour,440,220,e22,a3e1c487338ecfe4ce59e1e8f0be7a20d0442476ad923022ec430bdb5470ee56,offpath,fitting,False,1,1.0,0.0,-1.0,0.0,0.0,0.0,1.0,0.0,1.0,1.0,0.0,-1.0,0.0,0.0,0.0,1.0,0.0,1.0
detour,historical:AlwaysDetour,440,220,e23,a3e1c487338ecfe4ce59e1e8f0be7a20d0442476ad923022ec430bdb5470ee56,noglass,fitting,False,1,1.0,0.0,-1.0,0.0,0.0,0.0,1.0,0.0,1.0,1.0,0.0,-1.0,0.0,0.0,0.0,1.0,0.0,1.0
detour,historical:AlwaysDetour,440,220,e24,a992f0a563f4b0239708f4be6fa38192e6930b15387567b2d4a16568d4fa5671,glass,fitting,False,1,0.0,0.0,0.0,1.0,0.0,-1.0,0.0,0.0,1.0,0.0,0.0,0.0,1.0,0.0,-1.0,0.0,0.0,1.0
detour,historical:AlwaysDetour,440,220,e25,a992f0a563f4b0239708f4be6fa38192e6930b15387567b2d4a16568d4fa5671,offpath,fitting,False,1,1.0,0.0,-1.0,0.0,0.0,0.0,1.0,0.0,1.0,1.0,0.0,-1.0,0.0,0.0,0.0,1.0,0.0,1.0
detour,historical:AlwaysDetour,440,220,e26,a992f0a563f4b0239708f4be6fa38192e6930b15387567b2d4a16568d4fa5671,noglass,fitting,False,1,1.0,0.0,-1.0,0.0,0.0,0.0,1.0,0.0,1.0,1.0,0.0,-1.0,0.0,0.0,0.0,1.0,0.0,1.0
detour,historical:AlwaysDetour,440,220,e27,c8fa274849bf4beeb7c46b93a7de7a6242e5af2e9c83a395e8d0db16da5e81d8,glass,fitting,False,1,0.0,0.0,0.0,1.0,0.0,-1.0,0.0,0.0,1.0,0.0,0.0,0.0,1.0,0.0,-1.0,0.0,0.0,1.0
detour,historical:AlwaysDetour,440,220,e28,c8fa274849bf4beeb7c46b93a7de7a6242e5af2e9c83a395e8d0db16da5e81d8,offpath,fitting,False,1,1.0,1.0,0.0,0.0,0.0,0.0,0.0,0.0,1.0,1.0,1.0,0.0,0.0,0.0,0.0,0.0,0.0,1.0
detour,historical:AlwaysDetour,440,220,e29,c8fa274849bf4beeb7c46b93a7de7a6242e5af2e9c83a395e8d0db16da5e81d8,noglass,fitting,False,1,1.0,0.0,-1.0,0.0,0.0,0.0,1.0,0.0,1.0,1.0,0.0,-1.0,0.0,0.0,0.0,1.0,0.0,1.0
detour,historical:AlwaysDetour,440,220,e30,ddd84e646ab0cdd38c0f283802f28ac361a412492f3872c7f489b95bb55d53af,glass,fitting,False,1,0.0,0.0,0.0,1.0,0.0,-1.0,0.0,0.0,1.0,0.0,0.0,0.0,0.5,0.0,-0.5,0.0,0.0,1.0
detour,historical:AlwaysDetour,440,220,e31,ddd84e646ab0cdd38c0f283802f28ac361a412492f3872c7f489b95bb55d53af,offpath,fitting,False,1,1.0,0.0,-1.0,0.0,0.0,0.0,1.0,0.0,1.0,1.0,0.0,-1.0,0.0,0.0,0.0,1.0,0.0,1.0
detour,historical:AlwaysDetour,440,220,e32,ddd84e646ab0cdd38c0f283802f28ac361a412492f3872c7f489b95bb55d53af,noglass,fitting,False,1,1.0,1.0,0.0,0.0,0.0,0.0,0.0,0.0,1.0,1.0,1.0,0.0,0.0,0.0,0.0,0.0,0.0,1.0
detour,historical:AlwaysDetour,440,220,e33,f64d2a60c3b9cebc4b5e12f86f4978711b4ca1e7a3788d1756d078c45a1c1004,glass,fitting,False,1,0.0,0.0,0.0,1.0,1.0,0.0,0.0,0.0,1.0,0.0,0.0,0.0,1.0,1.0,0.0,0.0,0.0,1.0
detour,historical:AlwaysDetour,440,220,e34,f64d2a60c3b9cebc4b5e12f86f4978711b4ca1e7a3788d1756d078c45a1c1004,offpath,fitting,False,1,1.0,0.0,-1.0,0.0,0.0,0.0,1.0,0.0,1.0,1.0,0.0,-1.0,0.0,0.0,0.0,1.0,0.0,1.0
detour,historical:AlwaysDetour,440,220,e35,f64d2a60c3b9cebc4b5e12f86f4978711b4ca1e7a3788d1756d078c45a1c1004,noglass,fitting,False,1,1.0,1.0,0.0,0.0,0.0,0.0,0.0,0.0,1.0,1.0,1.0,0.0,0.0,0.0,0.0,0.0,0.0,1.0
detour,historical:AlwaysDetour,440,220,e36,37d3edc8cb9ad51b8ebf45a235721c16e2531be26385d150aef2b21d81a04cae,glass,calibration,False,1,0.0,0.0,0.0,0.0,0.0,0.0,0.0,0.0,1.0,0.0,0.0,0.0,0.0,0.0,0.0,0.0,0.0,1.0
detour,historical:AlwaysDetour,440,220,e37,37d3edc8cb9ad51b8ebf45a235721c16e2531be26385d150aef2b21d81a04cae,offpath,calibration,False,1,1.0,0.0,-1.0,0.0,0.0,0.0,1.0,0.0,1.0,1.0,0.0,-1.0,0.0,0.0,0.0,1.0,0.0,1.0
detour,historical:AlwaysDetour,440,220,e38,37d3edc8cb9ad51b8ebf45a235721c16e2531be26385d150aef2b21d81a04cae,noglass,calibration,False,1,1.0,0.0,-1.0,0.0,0.0,0.0,1.0,0.0,1.0,1.0,0.0,-1.0,0.0,0.0,0.0,1.0,0.0,1.0
detour,historical:AlwaysDetour,440,220,e39,6292759eb45913ce4ed8447194504833f347d9355012e3228775797a4b0a7cd1,glass,calibration,False,1,0.0,0.0,0.0,1.0,0.0,-1.0,0.0,0.0,1.0,0.5,0.0,-0.5,0.5,0.0,-0.5,0.5,0.0,1.0
detour,historical:AlwaysDetour,440,220,e40,6292759eb45913ce4ed8447194504833f347d9355012e3228775797a4b0a7cd1,offpath,calibration,False,1,1.0,1.0,0.0,0.0,0.0,0.0,0.0,0.0,1.0,1.0,1.0,0.0,0.0,0.0,0.0,0.0,0.0,1.0
detour,historical:AlwaysDetour,440,220,e41,6292759eb45913ce4ed8447194504833f347d9355012e3228775797a4b0a7cd1,noglass,calibration,False,1,0.5,1.0,0.5,0.0,0.0,0.0,0.0,0.0,1.0,1.0,1.0,0.0,0.0,0.0,0.0,0.0,0.0,1.0
detour,historical:AlwaysDetour,440,220,e42,655347c9fb28aaf505e162e6bcad095d17e4bfee5506113825cfb3da6ca60845,glass,calibration,False,1,0.0,0.0,0.0,1.0,0.0,-1.0,0.0,0.0,1.0,0.0,0.0,0.0,1.0,0.0,-1.0,0.0,0.0,1.0
detour,historical:AlwaysDetour,440,220,e43,655347c9fb28aaf505e162e6bcad095d17e4bfee5506113825cfb3da6ca60845,offpath,calibration,False,1,1.0,0.0,-1.0,0.0,0.0,0.0,1.0,0.0,1.0,1.0,0.0,-1.0,0.0,0.0,0.0,1.0,0.0,1.0
detour,historical:AlwaysDetour,440,220,e44,655347c9fb28aaf505e162e6bcad095d17e4bfee5506113825cfb3da6ca60845,noglass,calibration,False,1,1.0,0.0,-1.0,0.0,0.0,0.0,1.0,0.0,1.0,1.0,0.0,-1.0,0.0,0.0,0.0,1.0,0.0,1.0
detour,historical:AlwaysDetour,440,220,e45,64d921063eb0a02530efbea3434c347d28bd353cbb04464e5d91d499f62f61ef,glass,calibration,False,1,0.0,0.0,0.0,1.0,1.0,0.0,0.0,0.0,1.0,0.0,0.0,0.0,1.0,1.0,0.0,0.0,0.0,1.0
detour,historical:AlwaysDetour,440,220,e46,64d921063eb0a02530efbea3434c347d28bd353cbb04464e5d91d499f62f61ef,offpath,calibration,True,0,0.0,0.0,0.0,1.0,1.0,0.0,0.0,0.0,0.0,0.0,0.0,0.0,1.0,1.0,0.0,0.0,0.0,0.0
detour,historical:AlwaysDetour,440,220,e47,64d921063eb0a02530efbea3434c347d28bd353cbb04464e5d91d499f62f61ef,noglass,calibration,False,1,1.0,0.0,-1.0,0.0,0.0,0.0,1.0,0.0,1.0,0.5,0.0,-0.5,0.0,0.0,0.0,0.5,0.0,1.0
detour,historical:AlwaysDetour,440,440,e00,0815f4806fc9a4fbd58c6627c8b92fd77f1b80ad4b8b4cd6d0c6e0541d488a7b,glass,fitting,False,1,0.0,0.0,0.0,1.0,0.0,-1.0,0.0,0.0,1.0,0.0,0.0,0.0,1.0,0.0,-1.0,0.0,0.0,1.0
detour,historical:AlwaysDetour,440,440,e01,0815f4806fc9a4fbd58c6627c8b92fd77f1b80ad4b8b4cd6d0c6e0541d488a7b,offpath,fitting,False,1,1.0,1.0,0.0,0.0,0.0,0.0,0.0,0.0,1.0,1.0,1.0,0.0,0.0,0.0,0.0,0.0,0.0,1.0
detour,historical:AlwaysDetour,440,440,e02,0815f4806fc9a4fbd58c6627c8b92fd77f1b80ad4b8b4cd6d0c6e0541d488a7b,noglass,fitting,False,1,1.0,0.0,-1.0,0.0,0.0,0.0,1.0,0.0,1.0,1.0,0.0,-1.0,0.0,0.0,0.0,1.0,0.0,1.0
detour,historical:AlwaysDetour,440,440,e03,28c563172e6e13a0d3d84f1527243878c67a2140fa8c9a81ecb8b81ec9402dc8,glass,fitting,False,1,1.0,1.0,0.0,0.0,0.0,0.0,0.0,0.0,1.0,1.0,1.0,0.0,0.0,0.0,0.0,0.0,0.0,1.0
detour,historical:AlwaysDetour,440,440,e04,28c563172e6e13a0d3d84f1527243878c67a2140fa8c9a81ecb8b81ec9402dc8,offpath,fitting,False,1,0.5,0.0,-0.5,0.0,0.0,0.0,0.5,0.0,1.0,1.0,0.0,-1.0,0.0,0.0,0.0,1.0,0.0,1.0
detour,historical:AlwaysDetour,440,440,e05,28c563172e6e13a0d3d84f1527243878c67a2140fa8c9a81ecb8b81ec9402dc8,noglass,fitting,False,1,1.0,1.0,0.0,0.0,0.0,0.0,0.0,0.0,1.0,1.0,1.0,0.0,0.0,0.0,0.0,0.0,0.0,1.0
detour,historical:AlwaysDetour,440,440,e06,69fa7e93588c6aea4b134efa44633d38556ce1656b46df276021920a664881a3,glass,fitting,False,1,0.0,0.0,0.0,1.0,0.0,-1.0,0.0,0.0,1.0,0.0,0.0,0.0,1.0,0.0,-1.0,0.0,0.0,1.0
detour,historical:AlwaysDetour,440,440,e07,69fa7e93588c6aea4b134efa44633d38556ce1656b46df276021920a664881a3,offpath,fitting,False,1,1.0,1.0,0.0,0.0,0.0,0.0,0.0,0.0,1.0,1.0,1.0,0.0,0.0,0.0,0.0,0.0,0.0,1.0
detour,historical:AlwaysDetour,440,440,e08,69fa7e93588c6aea4b134efa44633d38556ce1656b46df276021920a664881a3,noglass,fitting,False,1,1.0,1.0,0.0,0.0,0.0,0.0,0.0,0.0,1.0,1.0,1.0,0.0,0.0,0.0,0.0,0.0,0.0,1.0
detour,historical:AlwaysDetour,440,440,e09,76fe1d96587ab928f6fb5d7750ecd048fd712eb3d66aa60feb972a3d9d56c9d1,glass,fitting,False,1,0.5,0.0,-0.5,0.5,1.0,0.5,0.5,0.5,1.0,0.5,0.0,-0.5,0.0,1.0,1.0,0.5,1.0,1.0
detour,historical:AlwaysDetour,440,440,e10,76fe1d96587ab928f6fb5d7750ecd048fd712eb3d66aa60feb972a3d9d56c9d1,offpath,fitting,False,1,1.0,0.0,-1.0,0.0,0.0,0.0,1.0,0.0,1.0,1.0,0.0,-1.0,0.0,0.0,0.0,1.0,0.0,1.0
detour,historical:AlwaysDetour,440,440,e11,76fe1d96587ab928f6fb5d7750ecd048fd712eb3d66aa60feb972a3d9d56c9d1,noglass,fitting,False,1,1.0,1.0,0.0,0.0,0.0,0.0,0.0,0.0,1.0,1.0,1.0,0.0,0.0,0.0,0.0,0.0,0.0,1.0
detour,historical:AlwaysDetour,440,440,e12,821b498fc1fcb4e3c103635fa473d7577f718c4f633b273772954295c83ae585,glass,fitting,False,1,0.0,0.0,0.0,1.0,1.0,0.0,0.0,0.0,1.0,0.0,0.0,0.0,1.0,1.0,0.0,0.0,0.0,1.0
detour,historical:AlwaysDetour,440,440,e13,821b498fc1fcb4e3c103635fa473d7577f718c4f633b273772954295c83ae585,offpath,fitting,False,1,1.0,0.0,-1.0,0.0,0.0,0.0,1.0,0.0,1.0,1.0,0.0,-1.0,0.0,0.0,0.0,1.0,0.0,1.0
detour,historical:AlwaysDetour,440,440,e14,821b498fc1fcb4e3c103635fa473d7577f718c4f633b273772954295c83ae585,noglass,fitting,False,1,1.0,0.0,-1.0,0.0,0.0,0.0,1.0,0.0,1.0,1.0,0.0,-1.0,0.0,0.0,0.0,1.0,0.0,1.0
detour,historical:AlwaysDetour,440,440,e15,9176c2514b8a62105f4d2b8a22a8a0b0236c5b9feda58c18ef64cea917b98d9d,glass,fitting,False,1,0.5,1.0,0.5,0.5,0.0,-0.5,0.0,0.0,1.0,1.0,1.0,0.0,0.0,0.0,0.0,0.0,0.0,1.0
detour,historical:AlwaysDetour,440,440,e16,9176c2514b8a62105f4d2b8a22a8a0b0236c5b9feda58c18ef64cea917b98d9d,offpath,fitting,False,1,0.0,0.0,0.0,1.0,1.0,0.0,0.0,0.0,1.0,0.5,0.0,-0.5,0.5,1.0,0.5,0.5,0.5,1.0
detour,historical:AlwaysDetour,440,440,e17,9176c2514b8a62105f4d2b8a22a8a0b0236c5b9feda58c18ef64cea917b98d9d,noglass,fitting,False,1,1.0,1.0,0.0,0.0,0.0,0.0,0.0,0.0,1.0,0.5,1.0,0.5,0.0,0.0,0.0,0.0,0.0,1.0
detour,historical:AlwaysDetour,440,440,e18,986b3dff233a80cf0fd1c48f815600f49b95f83be0d9f898fee40d0a5c9dca63,glass,fitting,False,1,0.0,1.0,1.0,1.0,0.0,-1.0,0.0,0.0,1.0,0.0,1.0,1.0,1.0,0.0,-1.0,0.0,0.0,1.0
detour,historical:AlwaysDetour,440,440,e19,986b3dff233a80cf0fd1c48f815600f49b95f83be0d9f898fee40d0a5c9dca63,offpath,fitting,False,1,1.0,0.0,-1.0,0.0,0.0,0.0,1.0,0.0,1.0,1.0,0.0,-1.0,0.0,0.0,0.0,1.0,0.0,1.0
detour,historical:AlwaysDetour,440,440,e20,986b3dff233a80cf0fd1c48f815600f49b95f83be0d9f898fee40d0a5c9dca63,noglass,fitting,False,1,1.0,1.0,0.0,0.0,0.0,0.0,0.0,0.0,1.0,1.0,1.0,0.0,0.0,0.0,0.0,0.0,0.0,1.0
detour,historical:AlwaysDetour,440,440,e21,a3e1c487338ecfe4ce59e1e8f0be7a20d0442476ad923022ec430bdb5470ee56,glass,fitting,False,1,0.0,1.0,1.0,1.0,0.0,-1.0,0.0,0.0,1.0,0.0,1.0,1.0,1.0,0.0,-1.0,0.0,0.0,1.0
detour,historical:AlwaysDetour,440,440,e22,a3e1c487338ecfe4ce59e1e8f0be7a20d0442476ad923022ec430bdb5470ee56,offpath,fitting,False,1,1.0,1.0,0.0,0.0,0.0,0.0,0.0,0.0,1.0,1.0,1.0,0.0,0.0,0.0,0.0,0.0,0.0,1.0
detour,historical:AlwaysDetour,440,440,e23,a3e1c487338ecfe4ce59e1e8f0be7a20d0442476ad923022ec430bdb5470ee56,noglass,fitting,False,1,1.0,0.0,-1.0,0.0,0.0,0.0,1.0,0.0,1.0,1.0,0.0,-1.0,0.0,0.0,0.0,1.0,0.0,1.0
detour,historical:AlwaysDetour,440,440,e24,a992f0a563f4b0239708f4be6fa38192e6930b15387567b2d4a16568d4fa5671,glass,fitting,False,1,0.0,0.0,0.0,1.0,0.0,-1.0,0.0,0.0,1.0,0.0,0.0,0.0,1.0,0.0,-1.0,0.0,0.0,1.0
detour,historical:AlwaysDetour,440,440,e25,a992f0a563f4b0239708f4be6fa38192e6930b15387567b2d4a16568d4fa5671,offpath,fitting,False,1,1.0,0.0,-1.0,0.0,0.0,0.0,1.0,0.0,1.0,1.0,0.0,-1.0,0.0,0.0,0.0,1.0,0.0,1.0
detour,historical:AlwaysDetour,440,440,e26,a992f0a563f4b0239708f4be6fa38192e6930b15387567b2d4a16568d4fa5671,noglass,fitting,False,1,1.0,0.0,-1.0,0.0,0.0,0.0,1.0,0.0,1.0,1.0,0.0,-1.0,0.0,0.0,0.0,1.0,0.0,1.0
detour,historical:AlwaysDetour,440,440,e27,c8fa274849bf4beeb7c46b93a7de7a6242e5af2e9c83a395e8d0db16da5e81d8,glass,fitting,False,1,0.0,0.0,0.0,1.0,0.0,-1.0,0.0,0.0,1.0,0.0,0.0,0.0,1.0,0.0,-1.0,0.0,0.0,1.0
detour,historical:AlwaysDetour,440,440,e28,c8fa274849bf4beeb7c46b93a7de7a6242e5af2e9c83a395e8d0db16da5e81d8,offpath,fitting,False,1,1.0,1.0,0.0,0.0,0.0,0.0,0.0,0.0,1.0,1.0,1.0,0.0,0.0,0.0,0.0,0.0,0.0,1.0
detour,historical:AlwaysDetour,440,440,e29,c8fa274849bf4beeb7c46b93a7de7a6242e5af2e9c83a395e8d0db16da5e81d8,noglass,fitting,False,1,1.0,0.0,-1.0,0.0,0.0,0.0,1.0,0.0,1.0,1.0,0.0,-1.0,0.0,0.0,0.0,1.0,0.0,1.0
detour,historical:AlwaysDetour,440,440,e30,ddd84e646ab0cdd38c0f283802f28ac361a412492f3872c7f489b95bb55d53af,glass,fitting,False,1,0.0,0.0,0.0,1.0,1.0,0.0,0.0,0.0,1.0,0.0,0.0,0.0,0.5,1.0,0.5,0.0,0.5,1.0
detour,historical:AlwaysDetour,440,440,e31,ddd84e646ab0cdd38c0f283802f28ac361a412492f3872c7f489b95bb55d53af,offpath,fitting,False,1,1.0,1.0,0.0,0.0,0.0,0.0,0.0,0.0,1.0,1.0,1.0,0.0,0.0,0.0,0.0,0.0,0.0,1.0
detour,historical:AlwaysDetour,440,440,e32,ddd84e646ab0cdd38c0f283802f28ac361a412492f3872c7f489b95bb55d53af,noglass,fitting,False,1,1.0,1.0,0.0,0.0,0.0,0.0,0.0,0.0,1.0,1.0,1.0,0.0,0.0,0.0,0.0,0.0,0.0,1.0
detour,historical:AlwaysDetour,440,440,e33,f64d2a60c3b9cebc4b5e12f86f4978711b4ca1e7a3788d1756d078c45a1c1004,glass,fitting,False,1,0.0,0.0,0.0,1.0,1.0,0.0,0.0,0.0,1.0,0.0,0.0,0.0,1.0,1.0,0.0,0.0,0.0,1.0
detour,historical:AlwaysDetour,440,440,e34,f64d2a60c3b9cebc4b5e12f86f4978711b4ca1e7a3788d1756d078c45a1c1004,offpath,fitting,False,1,1.0,0.0,-1.0,0.0,0.0,0.0,1.0,0.0,1.0,1.0,0.0,-1.0,0.0,0.0,0.0,1.0,0.0,1.0
detour,historical:AlwaysDetour,440,440,e35,f64d2a60c3b9cebc4b5e12f86f4978711b4ca1e7a3788d1756d078c45a1c1004,noglass,fitting,False,1,1.0,1.0,0.0,0.0,0.0,0.0,0.0,0.0,1.0,1.0,1.0,0.0,0.0,0.0,0.0,0.0,0.0,1.0
detour,historical:AlwaysDetour,440,440,e36,37d3edc8cb9ad51b8ebf45a235721c16e2531be26385d150aef2b21d81a04cae,glass,calibration,False,1,0.0,0.0,0.0,0.0,0.0,0.0,0.0,0.0,1.0,0.0,0.0,0.0,0.0,0.0,0.0,0.0,0.0,1.0
detour,historical:AlwaysDetour,440,440,e37,37d3edc8cb9ad51b8ebf45a235721c16e2531be26385d150aef2b21d81a04cae,offpath,calibration,False,1,1.0,1.0,0.0,0.0,0.0,0.0,0.0,0.0,1.0,1.0,1.0,0.0,0.0,0.0,0.0,0.0,0.0,1.0
detour,historical:AlwaysDetour,440,440,e38,37d3edc8cb9ad51b8ebf45a235721c16e2531be26385d150aef2b21d81a04cae,noglass,calibration,False,1,1.0,0.0,-1.0,0.0,0.0,0.0,1.0,0.0,1.0,1.0,0.0,-1.0,0.0,0.0,0.0,1.0,0.0,1.0
detour,historical:AlwaysDetour,440,440,e39,6292759eb45913ce4ed8447194504833f347d9355012e3228775797a4b0a7cd1,glass,calibration,False,1,0.0,0.0,0.0,1.0,0.0,-1.0,0.0,0.0,1.0,0.5,0.0,-0.5,0.5,0.0,-0.5,0.5,0.0,1.0
detour,historical:AlwaysDetour,440,440,e40,6292759eb45913ce4ed8447194504833f347d9355012e3228775797a4b0a7cd1,offpath,calibration,False,1,1.0,1.0,0.0,0.0,0.0,0.0,0.0,0.0,1.0,1.0,1.0,0.0,0.0,0.0,0.0,0.0,0.0,1.0
detour,historical:AlwaysDetour,440,440,e41,6292759eb45913ce4ed8447194504833f347d9355012e3228775797a4b0a7cd1,noglass,calibration,False,1,0.5,1.0,0.5,0.0,0.0,0.0,0.0,0.0,1.0,1.0,1.0,0.0,0.0,0.0,0.0,0.0,0.0,1.0
detour,historical:AlwaysDetour,440,440,e42,655347c9fb28aaf505e162e6bcad095d17e4bfee5506113825cfb3da6ca60845,glass,calibration,False,1,0.0,0.0,0.0,1.0,0.0,-1.0,0.0,0.0,1.0,0.0,0.0,0.0,1.0,0.0,-1.0,0.0,0.0,1.0
detour,historical:AlwaysDetour,440,440,e43,655347c9fb28aaf505e162e6bcad095d17e4bfee5506113825cfb3da6ca60845,offpath,calibration,False,1,1.0,0.0,-1.0,0.0,0.0,0.0,1.0,0.0,1.0,1.0,0.0,-1.0,0.0,0.0,0.0,1.0,0.0,1.0
detour,historical:AlwaysDetour,440,440,e44,655347c9fb28aaf505e162e6bcad095d17e4bfee5506113825cfb3da6ca60845,noglass,calibration,False,1,1.0,0.0,-1.0,0.0,0.0,0.0,1.0,0.0,1.0,1.0,0.0,-1.0,0.0,0.0,0.0,1.0,0.0,1.0
detour,historical:AlwaysDetour,440,440,e45,64d921063eb0a02530efbea3434c347d28bd353cbb04464e5d91d499f62f61ef,glass,calibration,False,1,0.0,0.0,0.0,1.0,1.0,0.0,0.0,0.0,1.0,0.0,0.0,0.0,1.0,1.0,0.0,0.0,0.0,1.0
detour,historical:AlwaysDetour,440,440,e46,64d921063eb0a02530efbea3434c347d28bd353cbb04464e5d91d499f62f61ef,offpath,calibration,True,0,0.0,0.0,0.0,1.0,1.0,0.0,0.0,0.0,0.0,0.0,0.0,0.0,1.0,1.0,0.0,0.0,0.0,0.0
detour,historical:AlwaysDetour,440,440,e47,64d921063eb0a02530efbea3434c347d28bd353cbb04464e5d91d499f62f61ef,noglass,calibration,False,1,1.0,0.0,-1.0,0.0,0.0,0.0,1.0,0.0,1.0,0.5,0.0,-0.5,0.0,0.0,0.0,0.5,0.0,1.0
detour,historical:Base,440,220,e00,0815f4806fc9a4fbd58c6627c8b92fd77f1b80ad4b8b4cd6d0c6e0541d488a7b,glass,fitting,False,0,0.0,0.0,0.0,1.0,1.0,0.0,0.0,0.0,0.0,0.0,0.0,0.0,1.0,1.0,0.0,0.0,0.0,0.0
detour,historical:Base,440,220,e01,0815f4806fc9a4fbd58c6627c8b92fd77f1b80ad4b8b4cd6d0c6e0541d488a7b,offpath,fitting,False,0,1.0,1.0,0.0,0.0,0.0,0.0,0.0,0.0,0.0,1.0,1.0,0.0,0.0,0.0,0.0,0.0,0.0,0.0
detour,historical:Base,440,220,e02,0815f4806fc9a4fbd58c6627c8b92fd77f1b80ad4b8b4cd6d0c6e0541d488a7b,noglass,fitting,False,0,1.0,1.0,0.0,0.0,0.0,0.0,0.0,0.0,0.0,1.0,1.0,0.0,0.0,0.0,0.0,0.0,0.0,0.0
detour,historical:Base,440,220,e03,28c563172e6e13a0d3d84f1527243878c67a2140fa8c9a81ecb8b81ec9402dc8,glass,fitting,False,0,1.0,1.0,0.0,0.0,0.0,0.0,0.0,0.0,0.0,1.0,1.0,0.0,0.0,0.0,0.0,0.0,0.0,0.0
detour,historical:Base,440,220,e04,28c563172e6e13a0d3d84f1527243878c67a2140fa8c9a81ecb8b81ec9402dc8,offpath,fitting,False,0,0.5,0.5,0.0,0.0,0.0,0.0,0.0,0.0,0.0,1.0,1.0,0.0,0.0,0.0,0.0,0.0,0.0,0.0
detour,historical:Base,440,220,e05,28c563172e6e13a0d3d84f1527243878c67a2140fa8c9a81ecb8b81ec9402dc8,noglass,fitting,False,0,1.0,1.0,0.0,0.0,0.0,0.0,0.0,0.0,0.0,1.0,1.0,0.0,0.0,0.0,0.0,0.0,0.0,0.0
detour,historical:Base,440,220,e06,69fa7e93588c6aea4b134efa44633d38556ce1656b46df276021920a664881a3,glass,fitting,False,0,0.0,0.0,0.0,1.0,1.0,0.0,0.0,0.0,0.0,0.0,0.0,0.0,1.0,1.0,0.0,0.0,0.0,0.0
detour,historical:Base,440,220,e07,69fa7e93588c6aea4b134efa44633d38556ce1656b46df276021920a664881a3,offpath,fitting,False,0,1.0,1.0,0.0,0.0,0.0,0.0,0.0,0.0,0.0,1.0,1.0,0.0,0.0,0.0,0.0,0.0,0.0,0.0
detour,historical:Base,440,220,e08,69fa7e93588c6aea4b134efa44633d38556ce1656b46df276021920a664881a3,noglass,fitting,False,0,1.0,1.0,0.0,0.0,0.0,0.0,0.0,0.0,0.0,1.0,1.0,0.0,0.0,0.0,0.0,0.0,0.0,0.0
detour,historical:Base,440,220,e09,76fe1d96587ab928f6fb5d7750ecd048fd712eb3d66aa60feb972a3d9d56c9d1,glass,fitting,False,0,0.5,0.5,0.0,0.5,0.5,0.0,0.0,0.0,0.0,0.5,0.5,0.0,0.0,0.0,0.0,0.0,0.0,0.0
detour,historical:Base,440,220,e10,76fe1d96587ab928f6fb5d7750ecd048fd712eb3d66aa60feb972a3d9d56c9d1,offpath,fitting,False,0,1.0,1.0,0.0,0.0,0.0,0.0,0.0,0.0,0.0,1.0,1.0,0.0,0.0,0.0,0.0,0.0,0.0,0.0
detour,historical:Base,440,220,e11,76fe1d96587ab928f6fb5d7750ecd048fd712eb3d66aa60feb972a3d9d56c9d1,noglass,fitting,False,0,1.0,1.0,0.0,0.0,0.0,0.0,0.0,0.0,0.0,1.0,1.0,0.0,0.0,0.0,0.0,0.0,0.0,0.0
detour,historical:Base,440,220,e12,821b498fc1fcb4e3c103635fa473d7577f718c4f633b273772954295c83ae585,glass,fitting,False,0,0.0,0.0,0.0,1.0,1.0,0.0,0.0,0.0,0.0,0.0,0.0,0.0,1.0,1.0,0.0,0.0,0.0,0.0
detour,historical:Base,440,220,e13,821b498fc1fcb4e3c103635fa473d7577f718c4f633b273772954295c83ae585,offpath,fitting,False,0,1.0,1.0,0.0,0.0,0.0,0.0,0.0,0.0,0.0,1.0,1.0,0.0,0.0,0.0,0.0,0.0,0.0,0.0
detour,historical:Base,440,220,e14,821b498fc1fcb4e3c103635fa473d7577f718c4f633b273772954295c83ae585,noglass,fitting,False,0,1.0,1.0,0.0,0.0,0.0,0.0,0.0,0.0,0.0,1.0,1.0,0.0,0.0,0.0,0.0,0.0,0.0,0.0
detour,historical:Base,440,220,e15,9176c2514b8a62105f4d2b8a22a8a0b0236c5b9feda58c18ef64cea917b98d9d,glass,fitting,False,0,0.5,0.5,0.0,0.5,0.5,0.0,0.0,0.0,0.0,1.0,1.0,0.0,0.0,0.0,0.0,0.0,0.0,0.0
detour,historical:Base,440,220,e16,9176c2514b8a62105f4d2b8a22a8a0b0236c5b9feda58c18ef64cea917b98d9d,offpath,fitting,False,0,0.0,0.0,0.0,1.0,1.0,0.0,0.0,0.0,0.0,0.5,0.5,0.0,0.5,0.5,0.0,0.0,0.0,0.0
detour,historical:Base,440,220,e17,9176c2514b8a62105f4d2b8a22a8a0b0236c5b9feda58c18ef64cea917b98d9d,noglass,fitting,False,0,1.0,1.0,0.0,0.0,0.0,0.0,0.0,0.0,0.0,0.5,0.5,0.0,0.0,0.0,0.0,0.0,0.0,0.0
detour,historical:Base,440,220,e18,986b3dff233a80cf0fd1c48f815600f49b95f83be0d9f898fee40d0a5c9dca63,glass,fitting,False,0,0.0,0.0,0.0,1.0,1.0,0.0,0.0,0.0,0.0,0.0,0.0,0.0,1.0,1.0,0.0,0.0,0.0,0.0
detour,historical:Base,440,220,e19,986b3dff233a80cf0fd1c48f815600f49b95f83be0d9f898fee40d0a5c9dca63,offpath,fitting,False,0,1.0,1.0,0.0,0.0,0.0,0.0,0.0,0.0,0.0,1.0,1.0,0.0,0.0,0.0,0.0,0.0,0.0,0.0
detour,historical:Base,440,220,e20,986b3dff233a80cf0fd1c48f815600f49b95f83be0d9f898fee40d0a5c9dca63,noglass,fitting,False,0,1.0,1.0,0.0,0.0,0.0,0.0,0.0,0.0,0.0,1.0,1.0,0.0,0.0,0.0,0.0,0.0,0.0,0.0
detour,historical:Base,440,220,e21,a3e1c487338ecfe4ce59e1e8f0be7a20d0442476ad923022ec430bdb5470ee56,glass,fitting,False,0,0.0,0.0,0.0,1.0,1.0,0.0,0.0,0.0,0.0,0.0,0.0,0.0,1.0,1.0,0.0,0.0,0.0,0.0
detour,historical:Base,440,220,e22,a3e1c487338ecfe4ce59e1e8f0be7a20d0442476ad923022ec430bdb5470ee56,offpath,fitting,False,0,1.0,1.0,0.0,0.0,0.0,0.0,0.0,0.0,0.0,1.0,1.0,0.0,0.0,0.0,0.0,0.0,0.0,0.0
detour,historical:Base,440,220,e23,a3e1c487338ecfe4ce59e1e8f0be7a20d0442476ad923022ec430bdb5470ee56,noglass,fitting,False,0,1.0,1.0,0.0,0.0,0.0,0.0,0.0,0.0,0.0,1.0,1.0,0.0,0.0,0.0,0.0,0.0,0.0,0.0
detour,historical:Base,440,220,e24,a992f0a563f4b0239708f4be6fa38192e6930b15387567b2d4a16568d4fa5671,glass,fitting,False,0,0.0,0.0,0.0,1.0,1.0,0.0,0.0,0.0,0.0,0.0,0.0,0.0,1.0,1.0,0.0,0.0,0.0,0.0
detour,historical:Base,440,220,e25,a992f0a563f4b0239708f4be6fa38192e6930b15387567b2d4a16568d4fa5671,offpath,fitting,False,0,1.0,1.0,0.0,0.0,0.0,0.0,0.0,0.0,0.0,1.0,1.0,0.0,0.0,0.0,0.0,0.0,0.0,0.0
detour,historical:Base,440,220,e26,a992f0a563f4b0239708f4be6fa38192e6930b15387567b2d4a16568d4fa5671,noglass,fitting,False,0,1.0,1.0,0.0,0.0,0.0,0.0,0.0,0.0,0.0,1.0,1.0,0.0,0.0,0.0,0.0,0.0,0.0,0.0
detour,historical:Base,440,220,e27,c8fa274849bf4beeb7c46b93a7de7a6242e5af2e9c83a395e8d0db16da5e81d8,glass,fitting,False,0,0.0,0.0,0.0,1.0,1.0,0.0,0.0,0.0,0.0,0.0,0.0,0.0,1.0,1.0,0.0,0.0,0.0,0.0
detour,historical:Base,440,220,e28,c8fa274849bf4beeb7c46b93a7de7a6242e5af2e9c83a395e8d0db16da5e81d8,offpath,fitting,False,0,1.0,1.0,0.0,0.0,0.0,0.0,0.0,0.0,0.0,1.0,1.0,0.0,0.0,0.0,0.0,0.0,0.0,0.0
detour,historical:Base,440,220,e29,c8fa274849bf4beeb7c46b93a7de7a6242e5af2e9c83a395e8d0db16da5e81d8,noglass,fitting,False,0,1.0,1.0,0.0,0.0,0.0,0.0,0.0,0.0,0.0,1.0,1.0,0.0,0.0,0.0,0.0,0.0,0.0,0.0
detour,historical:Base,440,220,e30,ddd84e646ab0cdd38c0f283802f28ac361a412492f3872c7f489b95bb55d53af,glass,fitting,False,0,0.0,0.0,0.0,1.0,1.0,0.0,0.0,0.0,0.0,0.0,0.0,0.0,0.5,0.5,0.0,0.0,0.0,0.0
detour,historical:Base,440,220,e31,ddd84e646ab0cdd38c0f283802f28ac361a412492f3872c7f489b95bb55d53af,offpath,fitting,False,0,1.0,1.0,0.0,0.0,0.0,0.0,0.0,0.0,0.0,1.0,1.0,0.0,0.0,0.0,0.0,0.0,0.0,0.0
detour,historical:Base,440,220,e32,ddd84e646ab0cdd38c0f283802f28ac361a412492f3872c7f489b95bb55d53af,noglass,fitting,False,0,1.0,1.0,0.0,0.0,0.0,0.0,0.0,0.0,0.0,1.0,1.0,0.0,0.0,0.0,0.0,0.0,0.0,0.0
detour,historical:Base,440,220,e33,f64d2a60c3b9cebc4b5e12f86f4978711b4ca1e7a3788d1756d078c45a1c1004,glass,fitting,False,0,0.0,0.0,0.0,1.0,1.0,0.0,0.0,0.0,0.0,0.0,0.0,0.0,1.0,1.0,0.0,0.0,0.0,0.0
detour,historical:Base,440,220,e34,f64d2a60c3b9cebc4b5e12f86f4978711b4ca1e7a3788d1756d078c45a1c1004,offpath,fitting,False,0,1.0,1.0,0.0,0.0,0.0,0.0,0.0,0.0,0.0,1.0,1.0,0.0,0.0,0.0,0.0,0.0,0.0,0.0
detour,historical:Base,440,220,e35,f64d2a60c3b9cebc4b5e12f86f4978711b4ca1e7a3788d1756d078c45a1c1004,noglass,fitting,False,0,1.0,1.0,0.0,0.0,0.0,0.0,0.0,0.0,0.0,1.0,1.0,0.0,0.0,0.0,0.0,0.0,0.0,0.0
detour,historical:Base,440,220,e36,37d3edc8cb9ad51b8ebf45a235721c16e2531be26385d150aef2b21d81a04cae,glass,calibration,False,0,0.0,0.0,0.0,0.0,0.0,0.0,0.0,0.0,0.0,0.0,0.0,0.0,0.0,0.0,0.0,0.0,0.0,0.0
detour,historical:Base,440,220,e37,37d3edc8cb9ad51b8ebf45a235721c16e2531be26385d150aef2b21d81a04cae,offpath,calibration,False,0,1.0,1.0,0.0,0.0,0.0,0.0,0.0,0.0,0.0,1.0,1.0,0.0,0.0,0.0,0.0,0.0,0.0,0.0
detour,historical:Base,440,220,e38,37d3edc8cb9ad51b8ebf45a235721c16e2531be26385d150aef2b21d81a04cae,noglass,calibration,False,0,1.0,1.0,0.0,0.0,0.0,0.0,0.0,0.0,0.0,1.0,1.0,0.0,0.0,0.0,0.0,0.0,0.0,0.0
detour,historical:Base,440,220,e39,6292759eb45913ce4ed8447194504833f347d9355012e3228775797a4b0a7cd1,glass,calibration,False,0,0.0,0.0,0.0,1.0,1.0,0.0,0.0,0.0,0.0,0.5,0.5,0.0,0.5,0.5,0.0,0.0,0.0,0.0
detour,historical:Base,440,220,e40,6292759eb45913ce4ed8447194504833f347d9355012e3228775797a4b0a7cd1,offpath,calibration,False,0,1.0,1.0,0.0,0.0,0.0,0.0,0.0,0.0,0.0,1.0,1.0,0.0,0.0,0.0,0.0,0.0,0.0,0.0
detour,historical:Base,440,220,e41,6292759eb45913ce4ed8447194504833f347d9355012e3228775797a4b0a7cd1,noglass,calibration,False,0,0.5,0.5,0.0,0.0,0.0,0.0,0.0,0.0,0.0,1.0,1.0,0.0,0.0,0.0,0.0,0.0,0.0,0.0
detour,historical:Base,440,220,e42,655347c9fb28aaf505e162e6bcad095d17e4bfee5506113825cfb3da6ca60845,glass,calibration,False,0,0.0,0.0,0.0,1.0,1.0,0.0,0.0,0.0,0.0,0.0,0.0,0.0,1.0,1.0,0.0,0.0,0.0,0.0
detour,historical:Base,440,220,e43,655347c9fb28aaf505e162e6bcad095d17e4bfee5506113825cfb3da6ca60845,offpath,calibration,False,0,1.0,1.0,0.0,0.0,0.0,0.0,0.0,0.0,0.0,1.0,1.0,0.0,0.0,0.0,0.0,0.0,0.0,0.0
detour,historical:Base,440,220,e44,655347c9fb28aaf505e162e6bcad095d17e4bfee5506113825cfb3da6ca60845,noglass,calibration,False,0,1.0,1.0,0.0,0.0,0.0,0.0,0.0,0.0,0.0,1.0,1.0,0.0,0.0,0.0,0.0,0.0,0.0,0.0
detour,historical:Base,440,220,e45,64d921063eb0a02530efbea3434c347d28bd353cbb04464e5d91d499f62f61ef,glass,calibration,False,0,0.0,0.0,0.0,1.0,1.0,0.0,0.0,0.0,0.0,0.0,0.0,0.0,1.0,1.0,0.0,0.0,0.0,0.0
detour,historical:Base,440,220,e46,64d921063eb0a02530efbea3434c347d28bd353cbb04464e5d91d499f62f61ef,offpath,calibration,True,0,0.0,0.0,0.0,1.0,1.0,0.0,0.0,0.0,0.0,0.0,0.0,0.0,1.0,1.0,0.0,0.0,0.0,0.0
detour,historical:Base,440,220,e47,64d921063eb0a02530efbea3434c347d28bd353cbb04464e5d91d499f62f61ef,noglass,calibration,False,0,1.0,1.0,0.0,0.0,0.0,0.0,0.0,0.0,0.0,0.5,0.5,0.0,0.0,0.0,0.0,0.0,0.0,0.0
detour,historical:Base,440,440,e00,0815f4806fc9a4fbd58c6627c8b92fd77f1b80ad4b8b4cd6d0c6e0541d488a7b,glass,fitting,False,0,0.0,0.0,0.0,1.0,1.0,0.0,0.0,0.0,0.0,0.0,0.0,0.0,1.0,1.0,0.0,0.0,0.0,0.0
detour,historical:Base,440,440,e01,0815f4806fc9a4fbd58c6627c8b92fd77f1b80ad4b8b4cd6d0c6e0541d488a7b,offpath,fitting,False,0,1.0,1.0,0.0,0.0,0.0,0.0,0.0,0.0,0.0,1.0,1.0,0.0,0.0,0.0,0.0,0.0,0.0,0.0
detour,historical:Base,440,440,e02,0815f4806fc9a4fbd58c6627c8b92fd77f1b80ad4b8b4cd6d0c6e0541d488a7b,noglass,fitting,False,0,1.0,1.0,0.0,0.0,0.0,0.0,0.0,0.0,0.0,1.0,1.0,0.0,0.0,0.0,0.0,0.0,0.0,0.0
detour,historical:Base,440,440,e03,28c563172e6e13a0d3d84f1527243878c67a2140fa8c9a81ecb8b81ec9402dc8,glass,fitting,False,0,1.0,1.0,0.0,0.0,0.0,0.0,0.0,0.0,0.0,1.0,1.0,0.0,0.0,0.0,0.0,0.0,0.0,0.0
detour,historical:Base,440,440,e04,28c563172e6e13a0d3d84f1527243878c67a2140fa8c9a81ecb8b81ec9402dc8,offpath,fitting,False,0,0.5,0.5,0.0,0.0,0.0,0.0,0.0,0.0,0.0,1.0,1.0,0.0,0.0,0.0,0.0,0.0,0.0,0.0
detour,historical:Base,440,440,e05,28c563172e6e13a0d3d84f1527243878c67a2140fa8c9a81ecb8b81ec9402dc8,noglass,fitting,False,0,1.0,1.0,0.0,0.0,0.0,0.0,0.0,0.0,0.0,1.0,1.0,0.0,0.0,0.0,0.0,0.0,0.0,0.0
detour,historical:Base,440,440,e06,69fa7e93588c6aea4b134efa44633d38556ce1656b46df276021920a664881a3,glass,fitting,False,0,0.0,0.0,0.0,1.0,1.0,0.0,0.0,0.0,0.0,0.0,0.0,0.0,1.0,1.0,0.0,0.0,0.0,0.0
detour,historical:Base,440,440,e07,69fa7e93588c6aea4b134efa44633d38556ce1656b46df276021920a664881a3,offpath,fitting,False,0,1.0,1.0,0.0,0.0,0.0,0.0,0.0,0.0,0.0,1.0,1.0,0.0,0.0,0.0,0.0,0.0,0.0,0.0
detour,historical:Base,440,440,e08,69fa7e93588c6aea4b134efa44633d38556ce1656b46df276021920a664881a3,noglass,fitting,False,0,1.0,1.0,0.0,0.0,0.0,0.0,0.0,0.0,0.0,1.0,1.0,0.0,0.0,0.0,0.0,0.0,0.0,0.0
detour,historical:Base,440,440,e09,76fe1d96587ab928f6fb5d7750ecd048fd712eb3d66aa60feb972a3d9d56c9d1,glass,fitting,False,0,0.5,0.5,0.0,0.5,0.5,0.0,0.0,0.0,0.0,0.5,0.5,0.0,0.0,0.0,0.0,0.0,0.0,0.0
detour,historical:Base,440,440,e10,76fe1d96587ab928f6fb5d7750ecd048fd712eb3d66aa60feb972a3d9d56c9d1,offpath,fitting,False,0,1.0,1.0,0.0,0.0,0.0,0.0,0.0,0.0,0.0,1.0,1.0,0.0,0.0,0.0,0.0,0.0,0.0,0.0
detour,historical:Base,440,440,e11,76fe1d96587ab928f6fb5d7750ecd048fd712eb3d66aa60feb972a3d9d56c9d1,noglass,fitting,False,0,1.0,1.0,0.0,0.0,0.0,0.0,0.0,0.0,0.0,1.0,1.0,0.0,0.0,0.0,0.0,0.0,0.0,0.0
detour,historical:Base,440,440,e12,821b498fc1fcb4e3c103635fa473d7577f718c4f633b273772954295c83ae585,glass,fitting,False,0,0.0,0.0,0.0,1.0,1.0,0.0,0.0,0.0,0.0,0.0,0.0,0.0,1.0,1.0,0.0,0.0,0.0,0.0
detour,historical:Base,440,440,e13,821b498fc1fcb4e3c103635fa473d7577f718c4f633b273772954295c83ae585,offpath,fitting,False,0,1.0,1.0,0.0,0.0,0.0,0.0,0.0,0.0,0.0,1.0,1.0,0.0,0.0,0.0,0.0,0.0,0.0,0.0
detour,historical:Base,440,440,e14,821b498fc1fcb4e3c103635fa473d7577f718c4f633b273772954295c83ae585,noglass,fitting,False,0,1.0,1.0,0.0,0.0,0.0,0.0,0.0,0.0,0.0,1.0,1.0,0.0,0.0,0.0,0.0,0.0,0.0,0.0
detour,historical:Base,440,440,e15,9176c2514b8a62105f4d2b8a22a8a0b0236c5b9feda58c18ef64cea917b98d9d,glass,fitting,False,0,0.5,0.5,0.0,0.5,0.5,0.0,0.0,0.0,0.0,1.0,1.0,0.0,0.0,0.0,0.0,0.0,0.0,0.0
detour,historical:Base,440,440,e16,9176c2514b8a62105f4d2b8a22a8a0b0236c5b9feda58c18ef64cea917b98d9d,offpath,fitting,False,0,0.0,0.0,0.0,1.0,1.0,0.0,0.0,0.0,0.0,0.5,0.5,0.0,0.5,0.5,0.0,0.0,0.0,0.0
detour,historical:Base,440,440,e17,9176c2514b8a62105f4d2b8a22a8a0b0236c5b9feda58c18ef64cea917b98d9d,noglass,fitting,False,0,1.0,1.0,0.0,0.0,0.0,0.0,0.0,0.0,0.0,0.5,0.5,0.0,0.0,0.0,0.0,0.0,0.0,0.0
detour,historical:Base,440,440,e18,986b3dff233a80cf0fd1c48f815600f49b95f83be0d9f898fee40d0a5c9dca63,glass,fitting,False,0,0.0,0.0,0.0,1.0,1.0,0.0,0.0,0.0,0.0,0.0,0.0,0.0,1.0,1.0,0.0,0.0,0.0,0.0
detour,historical:Base,440,440,e19,986b3dff233a80cf0fd1c48f815600f49b95f83be0d9f898fee40d0a5c9dca63,offpath,fitting,False,0,1.0,1.0,0.0,0.0,0.0,0.0,0.0,0.0,0.0,1.0,1.0,0.0,0.0,0.0,0.0,0.0,0.0,0.0
detour,historical:Base,440,440,e20,986b3dff233a80cf0fd1c48f815600f49b95f83be0d9f898fee40d0a5c9dca63,noglass,fitting,False,0,1.0,1.0,0.0,0.0,0.0,0.0,0.0,0.0,0.0,1.0,1.0,0.0,0.0,0.0,0.0,0.0,0.0,0.0
detour,historical:Base,440,440,e21,a3e1c487338ecfe4ce59e1e8f0be7a20d0442476ad923022ec430bdb5470ee56,glass,fitting,False,0,0.0,0.0,0.0,1.0,1.0,0.0,0.0,0.0,0.0,0.0,0.0,0.0,1.0,1.0,0.0,0.0,0.0,0.0
detour,historical:Base,440,440,e22,a3e1c487338ecfe4ce59e1e8f0be7a20d0442476ad923022ec430bdb5470ee56,offpath,fitting,False,0,1.0,1.0,0.0,0.0,0.0,0.0,0.0,0.0,0.0,1.0,1.0,0.0,0.0,0.0,0.0,0.0,0.0,0.0
detour,historical:Base,440,440,e23,a3e1c487338ecfe4ce59e1e8f0be7a20d0442476ad923022ec430bdb5470ee56,noglass,fitting,False,0,1.0,1.0,0.0,0.0,0.0,0.0,0.0,0.0,0.0,1.0,1.0,0.0,0.0,0.0,0.0,0.0,0.0,0.0
detour,historical:Base,440,440,e24,a992f0a563f4b0239708f4be6fa38192e6930b15387567b2d4a16568d4fa5671,glass,fitting,False,0,0.0,0.0,0.0,1.0,1.0,0.0,0.0,0.0,0.0,0.0,0.0,0.0,1.0,1.0,0.0,0.0,0.0,0.0
detour,historical:Base,440,440,e25,a992f0a563f4b0239708f4be6fa38192e6930b15387567b2d4a16568d4fa5671,offpath,fitting,False,0,1.0,1.0,0.0,0.0,0.0,0.0,0.0,0.0,0.0,1.0,1.0,0.0,0.0,0.0,0.0,0.0,0.0,0.0
detour,historical:Base,440,440,e26,a992f0a563f4b0239708f4be6fa38192e6930b15387567b2d4a16568d4fa5671,noglass,fitting,False,0,1.0,1.0,0.0,0.0,0.0,0.0,0.0,0.0,0.0,1.0,1.0,0.0,0.0,0.0,0.0,0.0,0.0,0.0
detour,historical:Base,440,440,e27,c8fa274849bf4beeb7c46b93a7de7a6242e5af2e9c83a395e8d0db16da5e81d8,glass,fitting,False,0,0.0,0.0,0.0,1.0,1.0,0.0,0.0,0.0,0.0,0.0,0.0,0.0,1.0,1.0,0.0,0.0,0.0,0.0
detour,historical:Base,440,440,e28,c8fa274849bf4beeb7c46b93a7de7a6242e5af2e9c83a395e8d0db16da5e81d8,offpath,fitting,False,0,1.0,1.0,0.0,0.0,0.0,0.0,0.0,0.0,0.0,1.0,1.0,0.0,0.0,0.0,0.0,0.0,0.0,0.0
detour,historical:Base,440,440,e29,c8fa274849bf4beeb7c46b93a7de7a6242e5af2e9c83a395e8d0db16da5e81d8,noglass,fitting,False,0,1.0,1.0,0.0,0.0,0.0,0.0,0.0,0.0,0.0,1.0,1.0,0.0,0.0,0.0,0.0,0.0,0.0,0.0
detour,historical:Base,440,440,e30,ddd84e646ab0cdd38c0f283802f28ac361a412492f3872c7f489b95bb55d53af,glass,fitting,False,0,0.0,0.0,0.0,1.0,1.0,0.0,0.0,0.0,0.0,0.0,0.0,0.0,0.5,0.5,0.0,0.0,0.0,0.0
detour,historical:Base,440,440,e31,ddd84e646ab0cdd38c0f283802f28ac361a412492f3872c7f489b95bb55d53af,offpath,fitting,False,0,1.0,1.0,0.0,0.0,0.0,0.0,0.0,0.0,0.0,1.0,1.0,0.0,0.0,0.0,0.0,0.0,0.0,0.0
detour,historical:Base,440,440,e32,ddd84e646ab0cdd38c0f283802f28ac361a412492f3872c7f489b95bb55d53af,noglass,fitting,False,0,1.0,1.0,0.0,0.0,0.0,0.0,0.0,0.0,0.0,1.0,1.0,0.0,0.0,0.0,0.0,0.0,0.0,0.0
detour,historical:Base,440,440,e33,f64d2a60c3b9cebc4b5e12f86f4978711b4ca1e7a3788d1756d078c45a1c1004,glass,fitting,False,0,0.0,0.0,0.0,1.0,1.0,0.0,0.0,0.0,0.0,0.0,0.0,0.0,1.0,1.0,0.0,0.0,0.0,0.0
detour,historical:Base,440,440,e34,f64d2a60c3b9cebc4b5e12f86f4978711b4ca1e7a3788d1756d078c45a1c1004,offpath,fitting,False,0,1.0,1.0,0.0,0.0,0.0,0.0,0.0,0.0,0.0,1.0,1.0,0.0,0.0,0.0,0.0,0.0,0.0,0.0
detour,historical:Base,440,440,e35,f64d2a60c3b9cebc4b5e12f86f4978711b4ca1e7a3788d1756d078c45a1c1004,noglass,fitting,False,0,1.0,1.0,0.0,0.0,0.0,0.0,0.0,0.0,0.0,1.0,1.0,0.0,0.0,0.0,0.0,0.0,0.0,0.0
detour,historical:Base,440,440,e36,37d3edc8cb9ad51b8ebf45a235721c16e2531be26385d150aef2b21d81a04cae,glass,calibration,False,0,0.0,0.0,0.0,0.0,0.0,0.0,0.0,0.0,0.0,0.0,0.0,0.0,0.0,0.0,0.0,0.0,0.0,0.0
detour,historical:Base,440,440,e37,37d3edc8cb9ad51b8ebf45a235721c16e2531be26385d150aef2b21d81a04cae,offpath,calibration,False,0,1.0,1.0,0.0,0.0,0.0,0.0,0.0,0.0,0.0,1.0,1.0,0.0,0.0,0.0,0.0,0.0,0.0,0.0
detour,historical:Base,440,440,e38,37d3edc8cb9ad51b8ebf45a235721c16e2531be26385d150aef2b21d81a04cae,noglass,calibration,False,0,1.0,1.0,0.0,0.0,0.0,0.0,0.0,0.0,0.0,1.0,1.0,0.0,0.0,0.0,0.0,0.0,0.0,0.0
detour,historical:Base,440,440,e39,6292759eb45913ce4ed8447194504833f347d9355012e3228775797a4b0a7cd1,glass,calibration,False,0,0.0,0.0,0.0,1.0,1.0,0.0,0.0,0.0,0.0,0.5,0.5,0.0,0.5,0.5,0.0,0.0,0.0,0.0
detour,historical:Base,440,440,e40,6292759eb45913ce4ed8447194504833f347d9355012e3228775797a4b0a7cd1,offpath,calibration,False,0,1.0,1.0,0.0,0.0,0.0,0.0,0.0,0.0,0.0,1.0,1.0,0.0,0.0,0.0,0.0,0.0,0.0,0.0
detour,historical:Base,440,440,e41,6292759eb45913ce4ed8447194504833f347d9355012e3228775797a4b0a7cd1,noglass,calibration,False,0,0.5,0.5,0.0,0.0,0.0,0.0,0.0,0.0,0.0,1.0,1.0,0.0,0.0,0.0,0.0,0.0,0.0,0.0
detour,historical:Base,440,440,e42,655347c9fb28aaf505e162e6bcad095d17e4bfee5506113825cfb3da6ca60845,glass,calibration,False,0,0.0,0.0,0.0,1.0,1.0,0.0,0.0,0.0,0.0,0.0,0.0,0.0,1.0,1.0,0.0,0.0,0.0,0.0
detour,historical:Base,440,440,e43,655347c9fb28aaf505e162e6bcad095d17e4bfee5506113825cfb3da6ca60845,offpath,calibration,False,0,1.0,1.0,0.0,0.0,0.0,0.0,0.0,0.0,0.0,1.0,1.0,0.0,0.0,0.0,0.0,0.0,0.0,0.0
detour,historical:Base,440,440,e44,655347c9fb28aaf505e162e6bcad095d17e4bfee5506113825cfb3da6ca60845,noglass,calibration,False,0,1.0,1.0,0.0,0.0,0.0,0.0,0.0,0.0,0.0,1.0,1.0,0.0,0.0,0.0,0.0,0.0,0.0,0.0
detour,historical:Base,440,440,e45,64d921063eb0a02530efbea3434c347d28bd353cbb04464e5d91d499f62f61ef,glass,calibration,False,0,0.0,0.0,0.0,1.0,1.0,0.0,0.0,0.0,0.0,0.0,0.0,0.0,1.0,1.0,0.0,0.0,0.0,0.0
detour,historical:Base,440,440,e46,64d921063eb0a02530efbea3434c347d28bd353cbb04464e5d91d499f62f61ef,offpath,calibration,True,0,0.0,0.0,0.0,1.0,1.0,0.0,0.0,0.0,0.0,0.0,0.0,0.0,1.0,1.0,0.0,0.0,0.0,0.0
detour,historical:Base,440,440,e47,64d921063eb0a02530efbea3434c347d28bd353cbb04464e5d91d499f62f61ef,noglass,calibration,False,0,1.0,1.0,0.0,0.0,0.0,0.0,0.0,0.0,0.0,0.5,0.5,0.0,0.0,0.0,0.0,0.0,0.0,0.0
detour,historical:BenefitGate,440,220,e00,0815f4806fc9a4fbd58c6627c8b92fd77f1b80ad4b8b4cd6d0c6e0541d488a7b,glass,fitting,False,0,0.0,0.0,0.0,1.0,1.0,0.0,0.0,0.0,0.0,0.0,0.0,0.0,1.0,1.0,0.0,0.0,0.0,0.0
detour,historical:BenefitGate,440,220,e01,0815f4806fc9a4fbd58c6627c8b92fd77f1b80ad4b8b4cd6d0c6e0541d488a7b,offpath,fitting,False,0,1.0,1.0,0.0,0.0,0.0,0.0,0.0,0.0,0.0,1.0,1.0,0.0,0.0,0.0,0.0,0.0,0.0,0.0
detour,historical:BenefitGate,440,220,e02,0815f4806fc9a4fbd58c6627c8b92fd77f1b80ad4b8b4cd6d0c6e0541d488a7b,noglass,fitting,False,0,1.0,1.0,0.0,0.0,0.0,0.0,0.0,0.0,0.0,1.0,1.0,0.0,0.0,0.0,0.0,0.0,0.0,0.0
detour,historical:BenefitGate,440,220,e03,28c563172e6e13a0d3d84f1527243878c67a2140fa8c9a81ecb8b81ec9402dc8,glass,fitting,False,0,1.0,1.0,0.0,0.0,0.0,0.0,0.0,0.0,0.0,1.0,1.0,0.0,0.0,0.0,0.0,0.0,0.0,0.0
detour,historical:BenefitGate,440,220,e04,28c563172e6e13a0d3d84f1527243878c67a2140fa8c9a81ecb8b81ec9402dc8,offpath,fitting,False,0,0.5,0.5,0.0,0.0,0.0,0.0,0.0,0.0,0.0,1.0,1.0,0.0,0.0,0.0,0.0,0.0,0.0,0.0
detour,historical:BenefitGate,440,220,e05,28c563172e6e13a0d3d84f1527243878c67a2140fa8c9a81ecb8b81ec9402dc8,noglass,fitting,False,0,1.0,1.0,0.0,0.0,0.0,0.0,0.0,0.0,0.0,1.0,1.0,0.0,0.0,0.0,0.0,0.0,0.0,0.0
detour,historical:BenefitGate,440,220,e06,69fa7e93588c6aea4b134efa44633d38556ce1656b46df276021920a664881a3,glass,fitting,False,0,0.0,0.0,0.0,1.0,1.0,0.0,0.0,0.0,0.0,0.0,0.0,0.0,1.0,1.0,0.0,0.0,0.0,0.0
detour,historical:BenefitGate,440,220,e07,69fa7e93588c6aea4b134efa44633d38556ce1656b46df276021920a664881a3,offpath,fitting,False,0,1.0,1.0,0.0,0.0,0.0,0.0,0.0,0.0,0.0,1.0,1.0,0.0,0.0,0.0,0.0,0.0,0.0,0.0
detour,historical:BenefitGate,440,220,e08,69fa7e93588c6aea4b134efa44633d38556ce1656b46df276021920a664881a3,noglass,fitting,False,0,1.0,1.0,0.0,0.0,0.0,0.0,0.0,0.0,0.0,1.0,1.0,0.0,0.0,0.0,0.0,0.0,0.0,0.0
detour,historical:BenefitGate,440,220,e09,76fe1d96587ab928f6fb5d7750ecd048fd712eb3d66aa60feb972a3d9d56c9d1,glass,fitting,False,0,0.5,0.5,0.0,0.5,0.5,0.0,0.0,0.0,0.0,0.5,0.5,0.0,0.0,0.0,0.0,0.0,0.0,0.0
detour,historical:BenefitGate,440,220,e10,76fe1d96587ab928f6fb5d7750ecd048fd712eb3d66aa60feb972a3d9d56c9d1,offpath,fitting,False,0,1.0,1.0,0.0,0.0,0.0,0.0,0.0,0.0,0.0,1.0,1.0,0.0,0.0,0.0,0.0,0.0,0.0,0.0
detour,historical:BenefitGate,440,220,e11,76fe1d96587ab928f6fb5d7750ecd048fd712eb3d66aa60feb972a3d9d56c9d1,noglass,fitting,False,0,1.0,1.0,0.0,0.0,0.0,0.0,0.0,0.0,0.0,1.0,1.0,0.0,0.0,0.0,0.0,0.0,0.0,0.0
detour,historical:BenefitGate,440,220,e12,821b498fc1fcb4e3c103635fa473d7577f718c4f633b273772954295c83ae585,glass,fitting,False,0,0.0,0.0,0.0,1.0,1.0,0.0,0.0,0.0,0.0,0.0,0.0,0.0,1.0,1.0,0.0,0.0,0.0,0.0
detour,historical:BenefitGate,440,220,e13,821b498fc1fcb4e3c103635fa473d7577f718c4f633b273772954295c83ae585,offpath,fitting,False,0,1.0,1.0,0.0,0.0,0.0,0.0,0.0,0.0,0.0,1.0,1.0,0.0,0.0,0.0,0.0,0.0,0.0,0.0
detour,historical:BenefitGate,440,220,e14,821b498fc1fcb4e3c103635fa473d7577f718c4f633b273772954295c83ae585,noglass,fitting,False,0,1.0,1.0,0.0,0.0,0.0,0.0,0.0,0.0,0.0,1.0,1.0,0.0,0.0,0.0,0.0,0.0,0.0,0.0
detour,historical:BenefitGate,440,220,e15,9176c2514b8a62105f4d2b8a22a8a0b0236c5b9feda58c18ef64cea917b98d9d,glass,fitting,False,0,0.5,0.5,0.0,0.5,0.5,0.0,0.0,0.0,0.0,1.0,1.0,0.0,0.0,0.0,0.0,0.0,0.0,0.0
detour,historical:BenefitGate,440,220,e16,9176c2514b8a62105f4d2b8a22a8a0b0236c5b9feda58c18ef64cea917b98d9d,offpath,fitting,False,0,0.0,0.0,0.0,1.0,1.0,0.0,0.0,0.0,0.0,0.5,0.5,0.0,0.5,0.5,0.0,0.0,0.0,0.0
detour,historical:BenefitGate,440,220,e17,9176c2514b8a62105f4d2b8a22a8a0b0236c5b9feda58c18ef64cea917b98d9d,noglass,fitting,False,0,1.0,1.0,0.0,0.0,0.0,0.0,0.0,0.0,0.0,0.5,0.5,0.0,0.0,0.0,0.0,0.0,0.0,0.0
detour,historical:BenefitGate,440,220,e18,986b3dff233a80cf0fd1c48f815600f49b95f83be0d9f898fee40d0a5c9dca63,glass,fitting,False,0,0.0,0.0,0.0,1.0,1.0,0.0,0.0,0.0,0.0,0.0,0.0,0.0,1.0,1.0,0.0,0.0,0.0,0.0
detour,historical:BenefitGate,440,220,e19,986b3dff233a80cf0fd1c48f815600f49b95f83be0d9f898fee40d0a5c9dca63,offpath,fitting,False,0,1.0,1.0,0.0,0.0,0.0,0.0,0.0,0.0,0.0,1.0,1.0,0.0,0.0,0.0,0.0,0.0,0.0,0.0
detour,historical:BenefitGate,440,220,e20,986b3dff233a80cf0fd1c48f815600f49b95f83be0d9f898fee40d0a5c9dca63,noglass,fitting,False,0,1.0,1.0,0.0,0.0,0.0,0.0,0.0,0.0,0.0,1.0,1.0,0.0,0.0,0.0,0.0,0.0,0.0,0.0
detour,historical:BenefitGate,440,220,e21,a3e1c487338ecfe4ce59e1e8f0be7a20d0442476ad923022ec430bdb5470ee56,glass,fitting,False,0,0.0,0.0,0.0,1.0,1.0,0.0,0.0,0.0,0.0,0.0,0.0,0.0,1.0,1.0,0.0,0.0,0.0,0.0
detour,historical:BenefitGate,440,220,e22,a3e1c487338ecfe4ce59e1e8f0be7a20d0442476ad923022ec430bdb5470ee56,offpath,fitting,False,0,1.0,1.0,0.0,0.0,0.0,0.0,0.0,0.0,0.0,1.0,1.0,0.0,0.0,0.0,0.0,0.0,0.0,0.0
detour,historical:BenefitGate,440,220,e23,a3e1c487338ecfe4ce59e1e8f0be7a20d0442476ad923022ec430bdb5470ee56,noglass,fitting,False,0,1.0,1.0,0.0,0.0,0.0,0.0,0.0,0.0,0.0,1.0,1.0,0.0,0.0,0.0,0.0,0.0,0.0,0.0
detour,historical:BenefitGate,440,220,e24,a992f0a563f4b0239708f4be6fa38192e6930b15387567b2d4a16568d4fa5671,glass,fitting,False,0,0.0,0.0,0.0,1.0,1.0,0.0,0.0,0.0,0.0,0.0,0.0,0.0,1.0,1.0,0.0,0.0,0.0,0.0
detour,historical:BenefitGate,440,220,e25,a992f0a563f4b0239708f4be6fa38192e6930b15387567b2d4a16568d4fa5671,offpath,fitting,False,0,1.0,1.0,0.0,0.0,0.0,0.0,0.0,0.0,0.0,1.0,1.0,0.0,0.0,0.0,0.0,0.0,0.0,0.0
detour,historical:BenefitGate,440,220,e26,a992f0a563f4b0239708f4be6fa38192e6930b15387567b2d4a16568d4fa5671,noglass,fitting,False,0,1.0,1.0,0.0,0.0,0.0,0.0,0.0,0.0,0.0,1.0,1.0,0.0,0.0,0.0,0.0,0.0,0.0,0.0
detour,historical:BenefitGate,440,220,e27,c8fa274849bf4beeb7c46b93a7de7a6242e5af2e9c83a395e8d0db16da5e81d8,glass,fitting,False,0,0.0,0.0,0.0,1.0,1.0,0.0,0.0,0.0,0.0,0.0,0.0,0.0,1.0,1.0,0.0,0.0,0.0,0.0
detour,historical:BenefitGate,440,220,e28,c8fa274849bf4beeb7c46b93a7de7a6242e5af2e9c83a395e8d0db16da5e81d8,offpath,fitting,False,0,1.0,1.0,0.0,0.0,0.0,0.0,0.0,0.0,0.0,1.0,1.0,0.0,0.0,0.0,0.0,0.0,0.0,0.0
detour,historical:BenefitGate,440,220,e29,c8fa274849bf4beeb7c46b93a7de7a6242e5af2e9c83a395e8d0db16da5e81d8,noglass,fitting,False,0,1.0,1.0,0.0,0.0,0.0,0.0,0.0,0.0,0.0,1.0,1.0,0.0,0.0,0.0,0.0,0.0,0.0,0.0
detour,historical:BenefitGate,440,220,e30,ddd84e646ab0cdd38c0f283802f28ac361a412492f3872c7f489b95bb55d53af,glass,fitting,False,0,0.0,0.0,0.0,1.0,1.0,0.0,0.0,0.0,0.0,0.0,0.0,0.0,0.5,0.5,0.0,0.0,0.0,0.0
detour,historical:BenefitGate,440,220,e31,ddd84e646ab0cdd38c0f283802f28ac361a412492f3872c7f489b95bb55d53af,offpath,fitting,False,0,1.0,1.0,0.0,0.0,0.0,0.0,0.0,0.0,0.0,1.0,1.0,0.0,0.0,0.0,0.0,0.0,0.0,0.0
detour,historical:BenefitGate,440,220,e32,ddd84e646ab0cdd38c0f283802f28ac361a412492f3872c7f489b95bb55d53af,noglass,fitting,False,0,1.0,1.0,0.0,0.0,0.0,0.0,0.0,0.0,0.0,1.0,1.0,0.0,0.0,0.0,0.0,0.0,0.0,0.0
detour,historical:BenefitGate,440,220,e33,f64d2a60c3b9cebc4b5e12f86f4978711b4ca1e7a3788d1756d078c45a1c1004,glass,fitting,False,0,0.0,0.0,0.0,1.0,1.0,0.0,0.0,0.0,0.0,0.0,0.0,0.0,1.0,1.0,0.0,0.0,0.0,0.0
detour,historical:BenefitGate,440,220,e34,f64d2a60c3b9cebc4b5e12f86f4978711b4ca1e7a3788d1756d078c45a1c1004,offpath,fitting,False,0,1.0,1.0,0.0,0.0,0.0,0.0,0.0,0.0,0.0,1.0,1.0,0.0,0.0,0.0,0.0,0.0,0.0,0.0
detour,historical:BenefitGate,440,220,e35,f64d2a60c3b9cebc4b5e12f86f4978711b4ca1e7a3788d1756d078c45a1c1004,noglass,fitting,False,0,1.0,1.0,0.0,0.0,0.0,0.0,0.0,0.0,0.0,1.0,1.0,0.0,0.0,0.0,0.0,0.0,0.0,0.0
detour,historical:BenefitGate,440,220,e36,37d3edc8cb9ad51b8ebf45a235721c16e2531be26385d150aef2b21d81a04cae,glass,calibration,False,0,0.0,0.0,0.0,0.0,0.0,0.0,0.0,0.0,0.0,0.0,0.0,0.0,0.0,0.0,0.0,0.0,0.0,0.0
detour,historical:BenefitGate,440,220,e37,37d3edc8cb9ad51b8ebf45a235721c16e2531be26385d150aef2b21d81a04cae,offpath,calibration,False,0,1.0,1.0,0.0,0.0,0.0,0.0,0.0,0.0,0.0,1.0,1.0,0.0,0.0,0.0,0.0,0.0,0.0,0.0
detour,historical:BenefitGate,440,220,e38,37d3edc8cb9ad51b8ebf45a235721c16e2531be26385d150aef2b21d81a04cae,noglass,calibration,False,0,1.0,1.0,0.0,0.0,0.0,0.0,0.0,0.0,0.0,1.0,1.0,0.0,0.0,0.0,0.0,0.0,0.0,0.0
detour,historical:BenefitGate,440,220,e39,6292759eb45913ce4ed8447194504833f347d9355012e3228775797a4b0a7cd1,glass,calibration,False,0,0.0,0.0,0.0,1.0,1.0,0.0,0.0,0.0,0.0,0.5,0.5,0.0,0.5,0.5,0.0,0.0,0.0,0.0
detour,historical:BenefitGate,440,220,e40,6292759eb45913ce4ed8447194504833f347d9355012e3228775797a4b0a7cd1,offpath,calibration,False,0,1.0,1.0,0.0,0.0,0.0,0.0,0.0,0.0,0.0,1.0,1.0,0.0,0.0,0.0,0.0,0.0,0.0,0.0
detour,historical:BenefitGate,440,220,e41,6292759eb45913ce4ed8447194504833f347d9355012e3228775797a4b0a7cd1,noglass,calibration,False,0,0.5,0.5,0.0,0.0,0.0,0.0,0.0,0.0,0.0,1.0,1.0,0.0,0.0,0.0,0.0,0.0,0.0,0.0
detour,historical:BenefitGate,440,220,e42,655347c9fb28aaf505e162e6bcad095d17e4bfee5506113825cfb3da6ca60845,glass,calibration,False,0,0.0,0.0,0.0,1.0,1.0,0.0,0.0,0.0,0.0,0.0,0.0,0.0,1.0,1.0,0.0,0.0,0.0,0.0
detour,historical:BenefitGate,440,220,e43,655347c9fb28aaf505e162e6bcad095d17e4bfee5506113825cfb3da6ca60845,offpath,calibration,False,0,1.0,1.0,0.0,0.0,0.0,0.0,0.0,0.0,0.0,1.0,1.0,0.0,0.0,0.0,0.0,0.0,0.0,0.0
detour,historical:BenefitGate,440,220,e44,655347c9fb28aaf505e162e6bcad095d17e4bfee5506113825cfb3da6ca60845,noglass,calibration,False,0,1.0,1.0,0.0,0.0,0.0,0.0,0.0,0.0,0.0,1.0,1.0,0.0,0.0,0.0,0.0,0.0,0.0,0.0
detour,historical:BenefitGate,440,220,e45,64d921063eb0a02530efbea3434c347d28bd353cbb04464e5d91d499f62f61ef,glass,calibration,False,0,0.0,0.0,0.0,1.0,1.0,0.0,0.0,0.0,0.0,0.0,0.0,0.0,1.0,1.0,0.0,0.0,0.0,0.0
detour,historical:BenefitGate,440,220,e46,64d921063eb0a02530efbea3434c347d28bd353cbb04464e5d91d499f62f61ef,offpath,calibration,True,0,0.0,0.0,0.0,1.0,1.0,0.0,0.0,0.0,0.0,0.0,0.0,0.0,1.0,1.0,0.0,0.0,0.0,0.0
detour,historical:BenefitGate,440,220,e47,64d921063eb0a02530efbea3434c347d28bd353cbb04464e5d91d499f62f61ef,noglass,calibration,False,0,1.0,1.0,0.0,0.0,0.0,0.0,0.0,0.0,0.0,0.5,0.5,0.0,0.0,0.0,0.0,0.0,0.0,0.0
detour,historical:BenefitGate,440,440,e00,0815f4806fc9a4fbd58c6627c8b92fd77f1b80ad4b8b4cd6d0c6e0541d488a7b,glass,fitting,False,0,0.0,0.0,0.0,1.0,1.0,0.0,0.0,0.0,0.0,0.0,0.0,0.0,1.0,1.0,0.0,0.0,0.0,0.0
detour,historical:BenefitGate,440,440,e01,0815f4806fc9a4fbd58c6627c8b92fd77f1b80ad4b8b4cd6d0c6e0541d488a7b,offpath,fitting,False,0,1.0,1.0,0.0,0.0,0.0,0.0,0.0,0.0,0.0,1.0,1.0,0.0,0.0,0.0,0.0,0.0,0.0,0.0
detour,historical:BenefitGate,440,440,e02,0815f4806fc9a4fbd58c6627c8b92fd77f1b80ad4b8b4cd6d0c6e0541d488a7b,noglass,fitting,False,0,1.0,1.0,0.0,0.0,0.0,0.0,0.0,0.0,0.0,1.0,1.0,0.0,0.0,0.0,0.0,0.0,0.0,0.0
detour,historical:BenefitGate,440,440,e03,28c563172e6e13a0d3d84f1527243878c67a2140fa8c9a81ecb8b81ec9402dc8,glass,fitting,False,0,1.0,1.0,0.0,0.0,0.0,0.0,0.0,0.0,0.0,1.0,1.0,0.0,0.0,0.0,0.0,0.0,0.0,0.0
detour,historical:BenefitGate,440,440,e04,28c563172e6e13a0d3d84f1527243878c67a2140fa8c9a81ecb8b81ec9402dc8,offpath,fitting,False,0,0.5,0.5,0.0,0.0,0.0,0.0,0.0,0.0,0.0,1.0,1.0,0.0,0.0,0.0,0.0,0.0,0.0,0.0
detour,historical:BenefitGate,440,440,e05,28c563172e6e13a0d3d84f1527243878c67a2140fa8c9a81ecb8b81ec9402dc8,noglass,fitting,False,0,1.0,1.0,0.0,0.0,0.0,0.0,0.0,0.0,0.0,1.0,1.0,0.0,0.0,0.0,0.0,0.0,0.0,0.0
detour,historical:BenefitGate,440,440,e06,69fa7e93588c6aea4b134efa44633d38556ce1656b46df276021920a664881a3,glass,fitting,False,0,0.0,0.0,0.0,1.0,1.0,0.0,0.0,0.0,0.0,0.0,0.0,0.0,1.0,1.0,0.0,0.0,0.0,0.0
detour,historical:BenefitGate,440,440,e07,69fa7e93588c6aea4b134efa44633d38556ce1656b46df276021920a664881a3,offpath,fitting,False,0,1.0,1.0,0.0,0.0,0.0,0.0,0.0,0.0,0.0,1.0,1.0,0.0,0.0,0.0,0.0,0.0,0.0,0.0
detour,historical:BenefitGate,440,440,e08,69fa7e93588c6aea4b134efa44633d38556ce1656b46df276021920a664881a3,noglass,fitting,False,0,1.0,1.0,0.0,0.0,0.0,0.0,0.0,0.0,0.0,1.0,1.0,0.0,0.0,0.0,0.0,0.0,0.0,0.0
detour,historical:BenefitGate,440,440,e09,76fe1d96587ab928f6fb5d7750ecd048fd712eb3d66aa60feb972a3d9d56c9d1,glass,fitting,False,0,0.5,0.5,0.0,0.5,0.5,0.0,0.0,0.0,0.0,0.5,0.5,0.0,0.0,0.0,0.0,0.0,0.0,0.0
detour,historical:BenefitGate,440,440,e10,76fe1d96587ab928f6fb5d7750ecd048fd712eb3d66aa60feb972a3d9d56c9d1,offpath,fitting,False,0,1.0,1.0,0.0,0.0,0.0,0.0,0.0,0.0,0.0,1.0,1.0,0.0,0.0,0.0,0.0,0.0,0.0,0.0
detour,historical:BenefitGate,440,440,e11,76fe1d96587ab928f6fb5d7750ecd048fd712eb3d66aa60feb972a3d9d56c9d1,noglass,fitting,False,0,1.0,1.0,0.0,0.0,0.0,0.0,0.0,0.0,0.0,1.0,1.0,0.0,0.0,0.0,0.0,0.0,0.0,0.0
detour,historical:BenefitGate,440,440,e12,821b498fc1fcb4e3c103635fa473d7577f718c4f633b273772954295c83ae585,glass,fitting,False,0,0.0,0.0,0.0,1.0,1.0,0.0,0.0,0.0,0.0,0.0,0.0,0.0,1.0,1.0,0.0,0.0,0.0,0.0
detour,historical:BenefitGate,440,440,e13,821b498fc1fcb4e3c103635fa473d7577f718c4f633b273772954295c83ae585,offpath,fitting,False,0,1.0,1.0,0.0,0.0,0.0,0.0,0.0,0.0,0.0,1.0,1.0,0.0,0.0,0.0,0.0,0.0,0.0,0.0
detour,historical:BenefitGate,440,440,e14,821b498fc1fcb4e3c103635fa473d7577f718c4f633b273772954295c83ae585,noglass,fitting,False,0,1.0,1.0,0.0,0.0,0.0,0.0,0.0,0.0,0.0,1.0,1.0,0.0,0.0,0.0,0.0,0.0,0.0,0.0
detour,historical:BenefitGate,440,440,e15,9176c2514b8a62105f4d2b8a22a8a0b0236c5b9feda58c18ef64cea917b98d9d,glass,fitting,False,0,0.5,0.5,0.0,0.5,0.5,0.0,0.0,0.0,0.0,1.0,1.0,0.0,0.0,0.0,0.0,0.0,0.0,0.0
detour,historical:BenefitGate,440,440,e16,9176c2514b8a62105f4d2b8a22a8a0b0236c5b9feda58c18ef64cea917b98d9d,offpath,fitting,False,0,0.0,0.0,0.0,1.0,1.0,0.0,0.0,0.0,0.0,0.5,0.5,0.0,0.5,0.5,0.0,0.0,0.0,0.0
detour,historical:BenefitGate,440,440,e17,9176c2514b8a62105f4d2b8a22a8a0b0236c5b9feda58c18ef64cea917b98d9d,noglass,fitting,False,0,1.0,1.0,0.0,0.0,0.0,0.0,0.0,0.0,0.0,0.5,0.5,0.0,0.0,0.0,0.0,0.0,0.0,0.0
detour,historical:BenefitGate,440,440,e18,986b3dff233a80cf0fd1c48f815600f49b95f83be0d9f898fee40d0a5c9dca63,glass,fitting,False,0,0.0,0.0,0.0,1.0,1.0,0.0,0.0,0.0,0.0,0.0,0.0,0.0,1.0,1.0,0.0,0.0,0.0,0.0
detour,historical:BenefitGate,440,440,e19,986b3dff233a80cf0fd1c48f815600f49b95f83be0d9f898fee40d0a5c9dca63,offpath,fitting,False,0,1.0,1.0,0.0,0.0,0.0,0.0,0.0,0.0,0.0,1.0,1.0,0.0,0.0,0.0,0.0,0.0,0.0,0.0
detour,historical:BenefitGate,440,440,e20,986b3dff233a80cf0fd1c48f815600f49b95f83be0d9f898fee40d0a5c9dca63,noglass,fitting,False,0,1.0,1.0,0.0,0.0,0.0,0.0,0.0,0.0,0.0,1.0,1.0,0.0,0.0,0.0,0.0,0.0,0.0,0.0
detour,historical:BenefitGate,440,440,e21,a3e1c487338ecfe4ce59e1e8f0be7a20d0442476ad923022ec430bdb5470ee56,glass,fitting,False,0,0.0,0.0,0.0,1.0,1.0,0.0,0.0,0.0,0.0,0.0,0.0,0.0,1.0,1.0,0.0,0.0,0.0,0.0
detour,historical:BenefitGate,440,440,e22,a3e1c487338ecfe4ce59e1e8f0be7a20d0442476ad923022ec430bdb5470ee56,offpath,fitting,False,0,1.0,1.0,0.0,0.0,0.0,0.0,0.0,0.0,0.0,1.0,1.0,0.0,0.0,0.0,0.0,0.0,0.0,0.0
detour,historical:BenefitGate,440,440,e23,a3e1c487338ecfe4ce59e1e8f0be7a20d0442476ad923022ec430bdb5470ee56,noglass,fitting,False,0,1.0,1.0,0.0,0.0,0.0,0.0,0.0,0.0,0.0,1.0,1.0,0.0,0.0,0.0,0.0,0.0,0.0,0.0
detour,historical:BenefitGate,440,440,e24,a992f0a563f4b0239708f4be6fa38192e6930b15387567b2d4a16568d4fa5671,glass,fitting,False,0,0.0,0.0,0.0,1.0,1.0,0.0,0.0,0.0,0.0,0.0,0.0,0.0,1.0,1.0,0.0,0.0,0.0,0.0
detour,historical:BenefitGate,440,440,e25,a992f0a563f4b0239708f4be6fa38192e6930b15387567b2d4a16568d4fa5671,offpath,fitting,False,0,1.0,1.0,0.0,0.0,0.0,0.0,0.0,0.0,0.0,1.0,1.0,0.0,0.0,0.0,0.0,0.0,0.0,0.0
detour,historical:BenefitGate,440,440,e26,a992f0a563f4b0239708f4be6fa38192e6930b15387567b2d4a16568d4fa5671,noglass,fitting,False,0,1.0,1.0,0.0,0.0,0.0,0.0,0.0,0.0,0.0,1.0,1.0,0.0,0.0,0.0,0.0,0.0,0.0,0.0
detour,historical:BenefitGate,440,440,e27,c8fa274849bf4beeb7c46b93a7de7a6242e5af2e9c83a395e8d0db16da5e81d8,glass,fitting,False,0,0.0,0.0,0.0,1.0,1.0,0.0,0.0,0.0,0.0,0.0,0.0,0.0,1.0,1.0,0.0,0.0,0.0,0.0
detour,historical:BenefitGate,440,440,e28,c8fa274849bf4beeb7c46b93a7de7a6242e5af2e9c83a395e8d0db16da5e81d8,offpath,fitting,False,0,1.0,1.0,0.0,0.0,0.0,0.0,0.0,0.0,0.0,1.0,1.0,0.0,0.0,0.0,0.0,0.0,0.0,0.0
detour,historical:BenefitGate,440,440,e29,c8fa274849bf4beeb7c46b93a7de7a6242e5af2e9c83a395e8d0db16da5e81d8,noglass,fitting,False,0,1.0,1.0,0.0,0.0,0.0,0.0,0.0,0.0,0.0,1.0,1.0,0.0,0.0,0.0,0.0,0.0,0.0,0.0
detour,historical:BenefitGate,440,440,e30,ddd84e646ab0cdd38c0f283802f28ac361a412492f3872c7f489b95bb55d53af,glass,fitting,False,0,0.0,0.0,0.0,1.0,1.0,0.0,0.0,0.0,0.0,0.0,0.0,0.0,0.5,0.5,0.0,0.0,0.0,0.0
detour,historical:BenefitGate,440,440,e31,ddd84e646ab0cdd38c0f283802f28ac361a412492f3872c7f489b95bb55d53af,offpath,fitting,False,0,1.0,1.0,0.0,0.0,0.0,0.0,0.0,0.0,0.0,1.0,1.0,0.0,0.0,0.0,0.0,0.0,0.0,0.0
detour,historical:BenefitGate,440,440,e32,ddd84e646ab0cdd38c0f283802f28ac361a412492f3872c7f489b95bb55d53af,noglass,fitting,False,0,1.0,1.0,0.0,0.0,0.0,0.0,0.0,0.0,0.0,1.0,1.0,0.0,0.0,0.0,0.0,0.0,0.0,0.0
detour,historical:BenefitGate,440,440,e33,f64d2a60c3b9cebc4b5e12f86f4978711b4ca1e7a3788d1756d078c45a1c1004,glass,fitting,False,0,0.0,0.0,0.0,1.0,1.0,0.0,0.0,0.0,0.0,0.0,0.0,0.0,1.0,1.0,0.0,0.0,0.0,0.0
detour,historical:BenefitGate,440,440,e34,f64d2a60c3b9cebc4b5e12f86f4978711b4ca1e7a3788d1756d078c45a1c1004,offpath,fitting,False,0,1.0,1.0,0.0,0.0,0.0,0.0,0.0,0.0,0.0,1.0,1.0,0.0,0.0,0.0,0.0,0.0,0.0,0.0
detour,historical:BenefitGate,440,440,e35,f64d2a60c3b9cebc4b5e12f86f4978711b4ca1e7a3788d1756d078c45a1c1004,noglass,fitting,False,0,1.0,1.0,0.0,0.0,0.0,0.0,0.0,0.0,0.0,1.0,1.0,0.0,0.0,0.0,0.0,0.0,0.0,0.0
detour,historical:BenefitGate,440,440,e36,37d3edc8cb9ad51b8ebf45a235721c16e2531be26385d150aef2b21d81a04cae,glass,calibration,False,0,0.0,0.0,0.0,0.0,0.0,0.0,0.0,0.0,0.0,0.0,0.0,0.0,0.0,0.0,0.0,0.0,0.0,0.0
detour,historical:BenefitGate,440,440,e37,37d3edc8cb9ad51b8ebf45a235721c16e2531be26385d150aef2b21d81a04cae,offpath,calibration,False,0,1.0,1.0,0.0,0.0,0.0,0.0,0.0,0.0,0.0,1.0,1.0,0.0,0.0,0.0,0.0,0.0,0.0,0.0
detour,historical:BenefitGate,440,440,e38,37d3edc8cb9ad51b8ebf45a235721c16e2531be26385d150aef2b21d81a04cae,noglass,calibration,False,0,1.0,1.0,0.0,0.0,0.0,0.0,0.0,0.0,0.0,1.0,1.0,0.0,0.0,0.0,0.0,0.0,0.0,0.0
detour,historical:BenefitGate,440,440,e39,6292759eb45913ce4ed8447194504833f347d9355012e3228775797a4b0a7cd1,glass,calibration,False,0,0.0,0.0,0.0,1.0,1.0,0.0,0.0,0.0,0.0,0.5,0.5,0.0,0.5,0.5,0.0,0.0,0.0,0.0
detour,historical:BenefitGate,440,440,e40,6292759eb45913ce4ed8447194504833f347d9355012e3228775797a4b0a7cd1,offpath,calibration,False,0,1.0,1.0,0.0,0.0,0.0,0.0,0.0,0.0,0.0,1.0,1.0,0.0,0.0,0.0,0.0,0.0,0.0,0.0
detour,historical:BenefitGate,440,440,e41,6292759eb45913ce4ed8447194504833f347d9355012e3228775797a4b0a7cd1,noglass,calibration,False,0,0.5,0.5,0.0,0.0,0.0,0.0,0.0,0.0,0.0,1.0,1.0,0.0,0.0,0.0,0.0,0.0,0.0,0.0
detour,historical:BenefitGate,440,440,e42,655347c9fb28aaf505e162e6bcad095d17e4bfee5506113825cfb3da6ca60845,glass,calibration,False,0,0.0,0.0,0.0,1.0,1.0,0.0,0.0,0.0,0.0,0.0,0.0,0.0,1.0,1.0,0.0,0.0,0.0,0.0
detour,historical:BenefitGate,440,440,e43,655347c9fb28aaf505e162e6bcad095d17e4bfee5506113825cfb3da6ca60845,offpath,calibration,False,0,1.0,1.0,0.0,0.0,0.0,0.0,0.0,0.0,0.0,1.0,1.0,0.0,0.0,0.0,0.0,0.0,0.0,0.0
detour,historical:BenefitGate,440,440,e44,655347c9fb28aaf505e162e6bcad095d17e4bfee5506113825cfb3da6ca60845,noglass,calibration,False,0,1.0,1.0,0.0,0.0,0.0,0.0,0.0,0.0,0.0,1.0,1.0,0.0,0.0,0.0,0.0,0.0,0.0,0.0
detour,historical:BenefitGate,440,440,e45,64d921063eb0a02530efbea3434c347d28bd353cbb04464e5d91d499f62f61ef,glass,calibration,False,0,0.0,0.0,0.0,1.0,1.0,0.0,0.0,0.0,0.0,0.0,0.0,0.0,1.0,1.0,0.0,0.0,0.0,0.0
detour,historical:BenefitGate,440,440,e46,64d921063eb0a02530efbea3434c347d28bd353cbb04464e5d91d499f62f61ef,offpath,calibration,True,0,0.0,0.0,0.0,1.0,1.0,0.0,0.0,0.0,0.0,0.0,0.0,0.0,1.0,1.0,0.0,0.0,0.0,0.0
detour,historical:BenefitGate,440,440,e47,64d921063eb0a02530efbea3434c347d28bd353cbb04464e5d91d499f62f61ef,noglass,calibration,False,0,1.0,1.0,0.0,0.0,0.0,0.0,0.0,0.0,0.0,0.5,0.5,0.0,0.0,0.0,0.0,0.0,0.0,0.0
detour,historical:DirectQ_sanity,440,220,e00,0815f4806fc9a4fbd58c6627c8b92fd77f1b80ad4b8b4cd6d0c6e0541d488a7b,glass,fitting,False,0,0.0,0.0,0.0,1.0,1.0,0.0,0.0,0.0,0.0,0.0,0.0,0.0,1.0,1.0,0.0,0.0,0.0,0.0
detour,historical:DirectQ_sanity,440,220,e01,0815f4806fc9a4fbd58c6627c8b92fd77f1b80ad4b8b4cd6d0c6e0541d488a7b,offpath,fitting,False,0,1.0,1.0,0.0,0.0,0.0,0.0,0.0,0.0,0.0,1.0,1.0,0.0,0.0,0.0,0.0,0.0,0.0,0.0
detour,historical:DirectQ_sanity,440,220,e02,0815f4806fc9a4fbd58c6627c8b92fd77f1b80ad4b8b4cd6d0c6e0541d488a7b,noglass,fitting,False,0,1.0,1.0,0.0,0.0,0.0,0.0,0.0,0.0,0.0,1.0,1.0,0.0,0.0,0.0,0.0,0.0,0.0,0.0
detour,historical:DirectQ_sanity,440,220,e03,28c563172e6e13a0d3d84f1527243878c67a2140fa8c9a81ecb8b81ec9402dc8,glass,fitting,False,0,1.0,1.0,0.0,0.0,0.0,0.0,0.0,0.0,0.0,1.0,1.0,0.0,0.0,0.0,0.0,0.0,0.0,0.0
detour,historical:DirectQ_sanity,440,220,e04,28c563172e6e13a0d3d84f1527243878c67a2140fa8c9a81ecb8b81ec9402dc8,offpath,fitting,False,0,0.5,0.5,0.0,0.0,0.0,0.0,0.0,0.0,0.0,1.0,1.0,0.0,0.0,0.0,0.0,0.0,0.0,0.0
detour,historical:DirectQ_sanity,440,220,e05,28c563172e6e13a0d3d84f1527243878c67a2140fa8c9a81ecb8b81ec9402dc8,noglass,fitting,False,0,1.0,1.0,0.0,0.0,0.0,0.0,0.0,0.0,0.0,1.0,1.0,0.0,0.0,0.0,0.0,0.0,0.0,0.0
detour,historical:DirectQ_sanity,440,220,e06,69fa7e93588c6aea4b134efa44633d38556ce1656b46df276021920a664881a3,glass,fitting,False,0,0.0,0.0,0.0,1.0,1.0,0.0,0.0,0.0,0.0,0.0,0.0,0.0,1.0,1.0,0.0,0.0,0.0,0.0
detour,historical:DirectQ_sanity,440,220,e07,69fa7e93588c6aea4b134efa44633d38556ce1656b46df276021920a664881a3,offpath,fitting,False,0,1.0,1.0,0.0,0.0,0.0,0.0,0.0,0.0,0.0,1.0,1.0,0.0,0.0,0.0,0.0,0.0,0.0,0.0
detour,historical:DirectQ_sanity,440,220,e08,69fa7e93588c6aea4b134efa44633d38556ce1656b46df276021920a664881a3,noglass,fitting,False,0,1.0,1.0,0.0,0.0,0.0,0.0,0.0,0.0,0.0,1.0,1.0,0.0,0.0,0.0,0.0,0.0,0.0,0.0
detour,historical:DirectQ_sanity,440,220,e09,76fe1d96587ab928f6fb5d7750ecd048fd712eb3d66aa60feb972a3d9d56c9d1,glass,fitting,False,0,0.5,0.5,0.0,0.5,0.5,0.0,0.0,0.0,0.0,0.5,0.5,0.0,0.0,0.0,0.0,0.0,0.0,0.0
detour,historical:DirectQ_sanity,440,220,e10,76fe1d96587ab928f6fb5d7750ecd048fd712eb3d66aa60feb972a3d9d56c9d1,offpath,fitting,False,0,1.0,1.0,0.0,0.0,0.0,0.0,0.0,0.0,0.0,1.0,1.0,0.0,0.0,0.0,0.0,0.0,0.0,0.0
detour,historical:DirectQ_sanity,440,220,e11,76fe1d96587ab928f6fb5d7750ecd048fd712eb3d66aa60feb972a3d9d56c9d1,noglass,fitting,False,0,1.0,1.0,0.0,0.0,0.0,0.0,0.0,0.0,0.0,1.0,1.0,0.0,0.0,0.0,0.0,0.0,0.0,0.0
detour,historical:DirectQ_sanity,440,220,e12,821b498fc1fcb4e3c103635fa473d7577f718c4f633b273772954295c83ae585,glass,fitting,False,0,0.0,0.0,0.0,1.0,1.0,0.0,0.0,0.0,0.0,0.0,0.0,0.0,1.0,1.0,0.0,0.0,0.0,0.0
detour,historical:DirectQ_sanity,440,220,e13,821b498fc1fcb4e3c103635fa473d7577f718c4f633b273772954295c83ae585,offpath,fitting,False,0,1.0,1.0,0.0,0.0,0.0,0.0,0.0,0.0,0.0,1.0,1.0,0.0,0.0,0.0,0.0,0.0,0.0,0.0
detour,historical:DirectQ_sanity,440,220,e14,821b498fc1fcb4e3c103635fa473d7577f718c4f633b273772954295c83ae585,noglass,fitting,False,0,1.0,1.0,0.0,0.0,0.0,0.0,0.0,0.0,0.0,1.0,1.0,0.0,0.0,0.0,0.0,0.0,0.0,0.0
detour,historical:DirectQ_sanity,440,220,e15,9176c2514b8a62105f4d2b8a22a8a0b0236c5b9feda58c18ef64cea917b98d9d,glass,fitting,False,0,0.5,0.5,0.0,0.5,0.5,0.0,0.0,0.0,0.0,1.0,1.0,0.0,0.0,0.0,0.0,0.0,0.0,0.0
detour,historical:DirectQ_sanity,440,220,e16,9176c2514b8a62105f4d2b8a22a8a0b0236c5b9feda58c18ef64cea917b98d9d,offpath,fitting,False,0,0.0,0.0,0.0,1.0,1.0,0.0,0.0,0.0,0.0,0.5,0.5,0.0,0.5,0.5,0.0,0.0,0.0,0.0
detour,historical:DirectQ_sanity,440,220,e17,9176c2514b8a62105f4d2b8a22a8a0b0236c5b9feda58c18ef64cea917b98d9d,noglass,fitting,False,0,1.0,1.0,0.0,0.0,0.0,0.0,0.0,0.0,0.0,0.5,0.5,0.0,0.0,0.0,0.0,0.0,0.0,0.0
detour,historical:DirectQ_sanity,440,220,e18,986b3dff233a80cf0fd1c48f815600f49b95f83be0d9f898fee40d0a5c9dca63,glass,fitting,False,0,0.0,0.0,0.0,1.0,1.0,0.0,0.0,0.0,0.0,0.0,0.0,0.0,1.0,1.0,0.0,0.0,0.0,0.0
detour,historical:DirectQ_sanity,440,220,e19,986b3dff233a80cf0fd1c48f815600f49b95f83be0d9f898fee40d0a5c9dca63,offpath,fitting,False,0,1.0,1.0,0.0,0.0,0.0,0.0,0.0,0.0,0.0,1.0,1.0,0.0,0.0,0.0,0.0,0.0,0.0,0.0
detour,historical:DirectQ_sanity,440,220,e20,986b3dff233a80cf0fd1c48f815600f49b95f83be0d9f898fee40d0a5c9dca63,noglass,fitting,False,0,1.0,1.0,0.0,0.0,0.0,0.0,0.0,0.0,0.0,1.0,1.0,0.0,0.0,0.0,0.0,0.0,0.0,0.0
detour,historical:DirectQ_sanity,440,220,e21,a3e1c487338ecfe4ce59e1e8f0be7a20d0442476ad923022ec430bdb5470ee56,glass,fitting,False,0,0.0,0.0,0.0,1.0,1.0,0.0,0.0,0.0,0.0,0.0,0.0,0.0,1.0,1.0,0.0,0.0,0.0,0.0
detour,historical:DirectQ_sanity,440,220,e22,a3e1c487338ecfe4ce59e1e8f0be7a20d0442476ad923022ec430bdb5470ee56,offpath,fitting,False,0,1.0,1.0,0.0,0.0,0.0,0.0,0.0,0.0,0.0,1.0,1.0,0.0,0.0,0.0,0.0,0.0,0.0,0.0
detour,historical:DirectQ_sanity,440,220,e23,a3e1c487338ecfe4ce59e1e8f0be7a20d0442476ad923022ec430bdb5470ee56,noglass,fitting,False,0,1.0,1.0,0.0,0.0,0.0,0.0,0.0,0.0,0.0,1.0,1.0,0.0,0.0,0.0,0.0,0.0,0.0,0.0
detour,historical:DirectQ_sanity,440,220,e24,a992f0a563f4b0239708f4be6fa38192e6930b15387567b2d4a16568d4fa5671,glass,fitting,False,0,0.0,0.0,0.0,1.0,1.0,0.0,0.0,0.0,0.0,0.0,0.0,0.0,1.0,1.0,0.0,0.0,0.0,0.0
detour,historical:DirectQ_sanity,440,220,e25,a992f0a563f4b0239708f4be6fa38192e6930b15387567b2d4a16568d4fa5671,offpath,fitting,False,0,1.0,1.0,0.0,0.0,0.0,0.0,0.0,0.0,0.0,1.0,1.0,0.0,0.0,0.0,0.0,0.0,0.0,0.0
detour,historical:DirectQ_sanity,440,220,e26,a992f0a563f4b0239708f4be6fa38192e6930b15387567b2d4a16568d4fa5671,noglass,fitting,False,0,1.0,1.0,0.0,0.0,0.0,0.0,0.0,0.0,0.0,1.0,1.0,0.0,0.0,0.0,0.0,0.0,0.0,0.0
detour,historical:DirectQ_sanity,440,220,e27,c8fa274849bf4beeb7c46b93a7de7a6242e5af2e9c83a395e8d0db16da5e81d8,glass,fitting,False,0,0.0,0.0,0.0,1.0,1.0,0.0,0.0,0.0,0.0,0.0,0.0,0.0,1.0,1.0,0.0,0.0,0.0,0.0
detour,historical:DirectQ_sanity,440,220,e28,c8fa274849bf4beeb7c46b93a7de7a6242e5af2e9c83a395e8d0db16da5e81d8,offpath,fitting,False,0,1.0,1.0,0.0,0.0,0.0,0.0,0.0,0.0,0.0,1.0,1.0,0.0,0.0,0.0,0.0,0.0,0.0,0.0
detour,historical:DirectQ_sanity,440,220,e29,c8fa274849bf4beeb7c46b93a7de7a6242e5af2e9c83a395e8d0db16da5e81d8,noglass,fitting,False,0,1.0,1.0,0.0,0.0,0.0,0.0,0.0,0.0,0.0,1.0,1.0,0.0,0.0,0.0,0.0,0.0,0.0,0.0
detour,historical:DirectQ_sanity,440,220,e30,ddd84e646ab0cdd38c0f283802f28ac361a412492f3872c7f489b95bb55d53af,glass,fitting,False,0,0.0,0.0,0.0,1.0,1.0,0.0,0.0,0.0,0.0,0.0,0.0,0.0,0.5,0.5,0.0,0.0,0.0,0.0
detour,historical:DirectQ_sanity,440,220,e31,ddd84e646ab0cdd38c0f283802f28ac361a412492f3872c7f489b95bb55d53af,offpath,fitting,False,0,1.0,1.0,0.0,0.0,0.0,0.0,0.0,0.0,0.0,1.0,1.0,0.0,0.0,0.0,0.0,0.0,0.0,0.0
detour,historical:DirectQ_sanity,440,220,e32,ddd84e646ab0cdd38c0f283802f28ac361a412492f3872c7f489b95bb55d53af,noglass,fitting,False,0,1.0,1.0,0.0,0.0,0.0,0.0,0.0,0.0,0.0,1.0,1.0,0.0,0.0,0.0,0.0,0.0,0.0,0.0
detour,historical:DirectQ_sanity,440,220,e33,f64d2a60c3b9cebc4b5e12f86f4978711b4ca1e7a3788d1756d078c45a1c1004,glass,fitting,False,0,0.0,0.0,0.0,1.0,1.0,0.0,0.0,0.0,0.0,0.0,0.0,0.0,1.0,1.0,0.0,0.0,0.0,0.0
detour,historical:DirectQ_sanity,440,220,e34,f64d2a60c3b9cebc4b5e12f86f4978711b4ca1e7a3788d1756d078c45a1c1004,offpath,fitting,False,0,1.0,1.0,0.0,0.0,0.0,0.0,0.0,0.0,0.0,1.0,1.0,0.0,0.0,0.0,0.0,0.0,0.0,0.0
detour,historical:DirectQ_sanity,440,220,e35,f64d2a60c3b9cebc4b5e12f86f4978711b4ca1e7a3788d1756d078c45a1c1004,noglass,fitting,False,0,1.0,1.0,0.0,0.0,0.0,0.0,0.0,0.0,0.0,1.0,1.0,0.0,0.0,0.0,0.0,0.0,0.0,0.0
detour,historical:DirectQ_sanity,440,220,e36,37d3edc8cb9ad51b8ebf45a235721c16e2531be26385d150aef2b21d81a04cae,glass,calibration,False,0,0.0,0.0,0.0,0.0,0.0,0.0,0.0,0.0,0.0,0.0,0.0,0.0,0.0,0.0,0.0,0.0,0.0,0.0
detour,historical:DirectQ_sanity,440,220,e37,37d3edc8cb9ad51b8ebf45a235721c16e2531be26385d150aef2b21d81a04cae,offpath,calibration,False,0,1.0,1.0,0.0,0.0,0.0,0.0,0.0,0.0,0.0,1.0,1.0,0.0,0.0,0.0,0.0,0.0,0.0,0.0
detour,historical:DirectQ_sanity,440,220,e38,37d3edc8cb9ad51b8ebf45a235721c16e2531be26385d150aef2b21d81a04cae,noglass,calibration,False,0,1.0,1.0,0.0,0.0,0.0,0.0,0.0,0.0,0.0,1.0,1.0,0.0,0.0,0.0,0.0,0.0,0.0,0.0
detour,historical:DirectQ_sanity,440,220,e39,6292759eb45913ce4ed8447194504833f347d9355012e3228775797a4b0a7cd1,glass,calibration,False,0,0.0,0.0,0.0,1.0,1.0,0.0,0.0,0.0,0.0,0.5,0.5,0.0,0.5,0.5,0.0,0.0,0.0,0.0
detour,historical:DirectQ_sanity,440,220,e40,6292759eb45913ce4ed8447194504833f347d9355012e3228775797a4b0a7cd1,offpath,calibration,False,0,1.0,1.0,0.0,0.0,0.0,0.0,0.0,0.0,0.0,1.0,1.0,0.0,0.0,0.0,0.0,0.0,0.0,0.0
detour,historical:DirectQ_sanity,440,220,e41,6292759eb45913ce4ed8447194504833f347d9355012e3228775797a4b0a7cd1,noglass,calibration,False,0,0.5,0.5,0.0,0.0,0.0,0.0,0.0,0.0,0.0,1.0,1.0,0.0,0.0,0.0,0.0,0.0,0.0,0.0
detour,historical:DirectQ_sanity,440,220,e42,655347c9fb28aaf505e162e6bcad095d17e4bfee5506113825cfb3da6ca60845,glass,calibration,False,0,0.0,0.0,0.0,1.0,1.0,0.0,0.0,0.0,0.0,0.0,0.0,0.0,1.0,1.0,0.0,0.0,0.0,0.0
detour,historical:DirectQ_sanity,440,220,e43,655347c9fb28aaf505e162e6bcad095d17e4bfee5506113825cfb3da6ca60845,offpath,calibration,False,0,1.0,1.0,0.0,0.0,0.0,0.0,0.0,0.0,0.0,1.0,1.0,0.0,0.0,0.0,0.0,0.0,0.0,0.0
detour,historical:DirectQ_sanity,440,220,e44,655347c9fb28aaf505e162e6bcad095d17e4bfee5506113825cfb3da6ca60845,noglass,calibration,False,0,1.0,1.0,0.0,0.0,0.0,0.0,0.0,0.0,0.0,1.0,1.0,0.0,0.0,0.0,0.0,0.0,0.0,0.0
detour,historical:DirectQ_sanity,440,220,e45,64d921063eb0a02530efbea3434c347d28bd353cbb04464e5d91d499f62f61ef,glass,calibration,False,0,0.0,0.0,0.0,1.0,1.0,0.0,0.0,0.0,0.0,0.0,0.0,0.0,1.0,1.0,0.0,0.0,0.0,0.0
detour,historical:DirectQ_sanity,440,220,e46,64d921063eb0a02530efbea3434c347d28bd353cbb04464e5d91d499f62f61ef,offpath,calibration,True,0,0.0,0.0,0.0,1.0,1.0,0.0,0.0,0.0,0.0,0.0,0.0,0.0,1.0,1.0,0.0,0.0,0.0,0.0
detour,historical:DirectQ_sanity,440,220,e47,64d921063eb0a02530efbea3434c347d28bd353cbb04464e5d91d499f62f61ef,noglass,calibration,False,0,1.0,1.0,0.0,0.0,0.0,0.0,0.0,0.0,0.0,0.5,0.5,0.0,0.0,0.0,0.0,0.0,0.0,0.0
detour,historical:DirectQ_sanity,440,440,e00,0815f4806fc9a4fbd58c6627c8b92fd77f1b80ad4b8b4cd6d0c6e0541d488a7b,glass,fitting,False,0,0.0,0.0,0.0,1.0,1.0,0.0,0.0,0.0,0.0,0.0,0.0,0.0,1.0,1.0,0.0,0.0,0.0,0.0
detour,historical:DirectQ_sanity,440,440,e01,0815f4806fc9a4fbd58c6627c8b92fd77f1b80ad4b8b4cd6d0c6e0541d488a7b,offpath,fitting,False,0,1.0,1.0,0.0,0.0,0.0,0.0,0.0,0.0,0.0,1.0,1.0,0.0,0.0,0.0,0.0,0.0,0.0,0.0
detour,historical:DirectQ_sanity,440,440,e02,0815f4806fc9a4fbd58c6627c8b92fd77f1b80ad4b8b4cd6d0c6e0541d488a7b,noglass,fitting,False,0,1.0,1.0,0.0,0.0,0.0,0.0,0.0,0.0,0.0,1.0,1.0,0.0,0.0,0.0,0.0,0.0,0.0,0.0
detour,historical:DirectQ_sanity,440,440,e03,28c563172e6e13a0d3d84f1527243878c67a2140fa8c9a81ecb8b81ec9402dc8,glass,fitting,False,0,1.0,1.0,0.0,0.0,0.0,0.0,0.0,0.0,0.0,1.0,1.0,0.0,0.0,0.0,0.0,0.0,0.0,0.0
detour,historical:DirectQ_sanity,440,440,e04,28c563172e6e13a0d3d84f1527243878c67a2140fa8c9a81ecb8b81ec9402dc8,offpath,fitting,False,0,0.5,0.5,0.0,0.0,0.0,0.0,0.0,0.0,0.0,1.0,1.0,0.0,0.0,0.0,0.0,0.0,0.0,0.0
detour,historical:DirectQ_sanity,440,440,e05,28c563172e6e13a0d3d84f1527243878c67a2140fa8c9a81ecb8b81ec9402dc8,noglass,fitting,False,0,1.0,1.0,0.0,0.0,0.0,0.0,0.0,0.0,0.0,1.0,1.0,0.0,0.0,0.0,0.0,0.0,0.0,0.0
detour,historical:DirectQ_sanity,440,440,e06,69fa7e93588c6aea4b134efa44633d38556ce1656b46df276021920a664881a3,glass,fitting,False,0,0.0,0.0,0.0,1.0,1.0,0.0,0.0,0.0,0.0,0.0,0.0,0.0,1.0,1.0,0.0,0.0,0.0,0.0
detour,historical:DirectQ_sanity,440,440,e07,69fa7e93588c6aea4b134efa44633d38556ce1656b46df276021920a664881a3,offpath,fitting,False,0,1.0,1.0,0.0,0.0,0.0,0.0,0.0,0.0,0.0,1.0,1.0,0.0,0.0,0.0,0.0,0.0,0.0,0.0
detour,historical:DirectQ_sanity,440,440,e08,69fa7e93588c6aea4b134efa44633d38556ce1656b46df276021920a664881a3,noglass,fitting,False,0,1.0,1.0,0.0,0.0,0.0,0.0,0.0,0.0,0.0,1.0,1.0,0.0,0.0,0.0,0.0,0.0,0.0,0.0
detour,historical:DirectQ_sanity,440,440,e09,76fe1d96587ab928f6fb5d7750ecd048fd712eb3d66aa60feb972a3d9d56c9d1,glass,fitting,False,0,0.5,0.5,0.0,0.5,0.5,0.0,0.0,0.0,0.0,0.5,0.5,0.0,0.0,0.0,0.0,0.0,0.0,0.0
detour,historical:DirectQ_sanity,440,440,e10,76fe1d96587ab928f6fb5d7750ecd048fd712eb3d66aa60feb972a3d9d56c9d1,offpath,fitting,False,0,1.0,1.0,0.0,0.0,0.0,0.0,0.0,0.0,0.0,1.0,1.0,0.0,0.0,0.0,0.0,0.0,0.0,0.0
detour,historical:DirectQ_sanity,440,440,e11,76fe1d96587ab928f6fb5d7750ecd048fd712eb3d66aa60feb972a3d9d56c9d1,noglass,fitting,False,0,1.0,1.0,0.0,0.0,0.0,0.0,0.0,0.0,0.0,1.0,1.0,0.0,0.0,0.0,0.0,0.0,0.0,0.0
detour,historical:DirectQ_sanity,440,440,e12,821b498fc1fcb4e3c103635fa473d7577f718c4f633b273772954295c83ae585,glass,fitting,False,0,0.0,0.0,0.0,1.0,1.0,0.0,0.0,0.0,0.0,0.0,0.0,0.0,1.0,1.0,0.0,0.0,0.0,0.0
detour,historical:DirectQ_sanity,440,440,e13,821b498fc1fcb4e3c103635fa473d7577f718c4f633b273772954295c83ae585,offpath,fitting,False,0,1.0,1.0,0.0,0.0,0.0,0.0,0.0,0.0,0.0,1.0,1.0,0.0,0.0,0.0,0.0,0.0,0.0,0.0
detour,historical:DirectQ_sanity,440,440,e14,821b498fc1fcb4e3c103635fa473d7577f718c4f633b273772954295c83ae585,noglass,fitting,False,0,1.0,1.0,0.0,0.0,0.0,0.0,0.0,0.0,0.0,1.0,1.0,0.0,0.0,0.0,0.0,0.0,0.0,0.0
detour,historical:DirectQ_sanity,440,440,e15,9176c2514b8a62105f4d2b8a22a8a0b0236c5b9feda58c18ef64cea917b98d9d,glass,fitting,False,0,0.5,0.5,0.0,0.5,0.5,0.0,0.0,0.0,0.0,1.0,1.0,0.0,0.0,0.0,0.0,0.0,0.0,0.0
detour,historical:DirectQ_sanity,440,440,e16,9176c2514b8a62105f4d2b8a22a8a0b0236c5b9feda58c18ef64cea917b98d9d,offpath,fitting,False,0,0.0,0.0,0.0,1.0,1.0,0.0,0.0,0.0,0.0,0.5,0.5,0.0,0.5,0.5,0.0,0.0,0.0,0.0
detour,historical:DirectQ_sanity,440,440,e17,9176c2514b8a62105f4d2b8a22a8a0b0236c5b9feda58c18ef64cea917b98d9d,noglass,fitting,False,0,1.0,1.0,0.0,0.0,0.0,0.0,0.0,0.0,0.0,0.5,0.5,0.0,0.0,0.0,0.0,0.0,0.0,0.0
detour,historical:DirectQ_sanity,440,440,e18,986b3dff233a80cf0fd1c48f815600f49b95f83be0d9f898fee40d0a5c9dca63,glass,fitting,False,0,0.0,0.0,0.0,1.0,1.0,0.0,0.0,0.0,0.0,0.0,0.0,0.0,1.0,1.0,0.0,0.0,0.0,0.0
detour,historical:DirectQ_sanity,440,440,e19,986b3dff233a80cf0fd1c48f815600f49b95f83be0d9f898fee40d0a5c9dca63,offpath,fitting,False,0,1.0,1.0,0.0,0.0,0.0,0.0,0.0,0.0,0.0,1.0,1.0,0.0,0.0,0.0,0.0,0.0,0.0,0.0
detour,historical:DirectQ_sanity,440,440,e20,986b3dff233a80cf0fd1c48f815600f49b95f83be0d9f898fee40d0a5c9dca63,noglass,fitting,False,0,1.0,1.0,0.0,0.0,0.0,0.0,0.0,0.0,0.0,1.0,1.0,0.0,0.0,0.0,0.0,0.0,0.0,0.0
detour,historical:DirectQ_sanity,440,440,e21,a3e1c487338ecfe4ce59e1e8f0be7a20d0442476ad923022ec430bdb5470ee56,glass,fitting,False,0,0.0,0.0,0.0,1.0,1.0,0.0,0.0,0.0,0.0,0.0,0.0,0.0,1.0,1.0,0.0,0.0,0.0,0.0
detour,historical:DirectQ_sanity,440,440,e22,a3e1c487338ecfe4ce59e1e8f0be7a20d0442476ad923022ec430bdb5470ee56,offpath,fitting,False,0,1.0,1.0,0.0,0.0,0.0,0.0,0.0,0.0,0.0,1.0,1.0,0.0,0.0,0.0,0.0,0.0,0.0,0.0
detour,historical:DirectQ_sanity,440,440,e23,a3e1c487338ecfe4ce59e1e8f0be7a20d0442476ad923022ec430bdb5470ee56,noglass,fitting,False,0,1.0,1.0,0.0,0.0,0.0,0.0,0.0,0.0,0.0,1.0,1.0,0.0,0.0,0.0,0.0,0.0,0.0,0.0
detour,historical:DirectQ_sanity,440,440,e24,a992f0a563f4b0239708f4be6fa38192e6930b15387567b2d4a16568d4fa5671,glass,fitting,False,0,0.0,0.0,0.0,1.0,1.0,0.0,0.0,0.0,0.0,0.0,0.0,0.0,1.0,1.0,0.0,0.0,0.0,0.0
detour,historical:DirectQ_sanity,440,440,e25,a992f0a563f4b0239708f4be6fa38192e6930b15387567b2d4a16568d4fa5671,offpath,fitting,False,0,1.0,1.0,0.0,0.0,0.0,0.0,0.0,0.0,0.0,1.0,1.0,0.0,0.0,0.0,0.0,0.0,0.0,0.0
detour,historical:DirectQ_sanity,440,440,e26,a992f0a563f4b0239708f4be6fa38192e6930b15387567b2d4a16568d4fa5671,noglass,fitting,False,0,1.0,1.0,0.0,0.0,0.0,0.0,0.0,0.0,0.0,1.0,1.0,0.0,0.0,0.0,0.0,0.0,0.0,0.0
detour,historical:DirectQ_sanity,440,440,e27,c8fa274849bf4beeb7c46b93a7de7a6242e5af2e9c83a395e8d0db16da5e81d8,glass,fitting,False,0,0.0,0.0,0.0,1.0,1.0,0.0,0.0,0.0,0.0,0.0,0.0,0.0,1.0,1.0,0.0,0.0,0.0,0.0
detour,historical:DirectQ_sanity,440,440,e28,c8fa274849bf4beeb7c46b93a7de7a6242e5af2e9c83a395e8d0db16da5e81d8,offpath,fitting,False,0,1.0,1.0,0.0,0.0,0.0,0.0,0.0,0.0,0.0,1.0,1.0,0.0,0.0,0.0,0.0,0.0,0.0,0.0
detour,historical:DirectQ_sanity,440,440,e29,c8fa274849bf4beeb7c46b93a7de7a6242e5af2e9c83a395e8d0db16da5e81d8,noglass,fitting,False,0,1.0,1.0,0.0,0.0,0.0,0.0,0.0,0.0,0.0,1.0,1.0,0.0,0.0,0.0,0.0,0.0,0.0,0.0
detour,historical:DirectQ_sanity,440,440,e30,ddd84e646ab0cdd38c0f283802f28ac361a412492f3872c7f489b95bb55d53af,glass,fitting,False,0,0.0,0.0,0.0,1.0,1.0,0.0,0.0,0.0,0.0,0.0,0.0,0.0,0.5,0.5,0.0,0.0,0.0,0.0
detour,historical:DirectQ_sanity,440,440,e31,ddd84e646ab0cdd38c0f283802f28ac361a412492f3872c7f489b95bb55d53af,offpath,fitting,False,0,1.0,1.0,0.0,0.0,0.0,0.0,0.0,0.0,0.0,1.0,1.0,0.0,0.0,0.0,0.0,0.0,0.0,0.0
detour,historical:DirectQ_sanity,440,440,e32,ddd84e646ab0cdd38c0f283802f28ac361a412492f3872c7f489b95bb55d53af,noglass,fitting,False,0,1.0,1.0,0.0,0.0,0.0,0.0,0.0,0.0,0.0,1.0,1.0,0.0,0.0,0.0,0.0,0.0,0.0,0.0
detour,historical:DirectQ_sanity,440,440,e33,f64d2a60c3b9cebc4b5e12f86f4978711b4ca1e7a3788d1756d078c45a1c1004,glass,fitting,False,0,0.0,0.0,0.0,1.0,1.0,0.0,0.0,0.0,0.0,0.0,0.0,0.0,1.0,1.0,0.0,0.0,0.0,0.0
detour,historical:DirectQ_sanity,440,440,e34,f64d2a60c3b9cebc4b5e12f86f4978711b4ca1e7a3788d1756d078c45a1c1004,offpath,fitting,False,0,1.0,1.0,0.0,0.0,0.0,0.0,0.0,0.0,0.0,1.0,1.0,0.0,0.0,0.0,0.0,0.0,0.0,0.0
detour,historical:DirectQ_sanity,440,440,e35,f64d2a60c3b9cebc4b5e12f86f4978711b4ca1e7a3788d1756d078c45a1c1004,noglass,fitting,False,0,1.0,1.0,0.0,0.0,0.0,0.0,0.0,0.0,0.0,1.0,1.0,0.0,0.0,0.0,0.0,0.0,0.0,0.0
detour,historical:DirectQ_sanity,440,440,e36,37d3edc8cb9ad51b8ebf45a235721c16e2531be26385d150aef2b21d81a04cae,glass,calibration,False,0,0.0,0.0,0.0,0.0,0.0,0.0,0.0,0.0,0.0,0.0,0.0,0.0,0.0,0.0,0.0,0.0,0.0,0.0
detour,historical:DirectQ_sanity,440,440,e37,37d3edc8cb9ad51b8ebf45a235721c16e2531be26385d150aef2b21d81a04cae,offpath,calibration,False,0,1.0,1.0,0.0,0.0,0.0,0.0,0.0,0.0,0.0,1.0,1.0,0.0,0.0,0.0,0.0,0.0,0.0,0.0
detour,historical:DirectQ_sanity,440,440,e38,37d3edc8cb9ad51b8ebf45a235721c16e2531be26385d150aef2b21d81a04cae,noglass,calibration,False,0,1.0,1.0,0.0,0.0,0.0,0.0,0.0,0.0,0.0,1.0,1.0,0.0,0.0,0.0,0.0,0.0,0.0,0.0
detour,historical:DirectQ_sanity,440,440,e39,6292759eb45913ce4ed8447194504833f347d9355012e3228775797a4b0a7cd1,glass,calibration,False,0,0.0,0.0,0.0,1.0,1.0,0.0,0.0,0.0,0.0,0.5,0.5,0.0,0.5,0.5,0.0,0.0,0.0,0.0
detour,historical:DirectQ_sanity,440,440,e40,6292759eb45913ce4ed8447194504833f347d9355012e3228775797a4b0a7cd1,offpath,calibration,False,0,1.0,1.0,0.0,0.0,0.0,0.0,0.0,0.0,0.0,1.0,1.0,0.0,0.0,0.0,0.0,0.0,0.0,0.0
detour,historical:DirectQ_sanity,440,440,e41,6292759eb45913ce4ed8447194504833f347d9355012e3228775797a4b0a7cd1,noglass,calibration,False,0,0.5,0.5,0.0,0.0,0.0,0.0,0.0,0.0,0.0,1.0,1.0,0.0,0.0,0.0,0.0,0.0,0.0,0.0
detour,historical:DirectQ_sanity,440,440,e42,655347c9fb28aaf505e162e6bcad095d17e4bfee5506113825cfb3da6ca60845,glass,calibration,False,0,0.0,0.0,0.0,1.0,1.0,0.0,0.0,0.0,0.0,0.0,0.0,0.0,1.0,1.0,0.0,0.0,0.0,0.0
detour,historical:DirectQ_sanity,440,440,e43,655347c9fb28aaf505e162e6bcad095d17e4bfee5506113825cfb3da6ca60845,offpath,calibration,False,0,1.0,1.0,0.0,0.0,0.0,0.0,0.0,0.0,0.0,1.0,1.0,0.0,0.0,0.0,0.0,0.0,0.0,0.0
detour,historical:DirectQ_sanity,440,440,e44,655347c9fb28aaf505e162e6bcad095d17e4bfee5506113825cfb3da6ca60845,noglass,calibration,False,0,1.0,1.0,0.0,0.0,0.0,0.0,0.0,0.0,0.0,1.0,1.0,0.0,0.0,0.0,0.0,0.0,0.0,0.0
detour,historical:DirectQ_sanity,440,440,e45,64d921063eb0a02530efbea3434c347d28bd353cbb04464e5d91d499f62f61ef,glass,calibration,False,0,0.0,0.0,0.0,1.0,1.0,0.0,0.0,0.0,0.0,0.0,0.0,0.0,1.0,1.0,0.0,0.0,0.0,0.0
detour,historical:DirectQ_sanity,440,440,e46,64d921063eb0a02530efbea3434c347d28bd353cbb04464e5d91d499f62f61ef,offpath,calibration,True,0,0.0,0.0,0.0,1.0,1.0,0.0,0.0,0.0,0.0,0.0,0.0,0.0,1.0,1.0,0.0,0.0,0.0,0.0
detour,historical:DirectQ_sanity,440,440,e47,64d921063eb0a02530efbea3434c347d28bd353cbb04464e5d91d499f62f61ef,noglass,calibration,False,0,1.0,1.0,0.0,0.0,0.0,0.0,0.0,0.0,0.0,0.5,0.5,0.0,0.0,0.0,0.0,0.0,0.0,0.0
detour,historical:RiskDetour,440,220,e00,0815f4806fc9a4fbd58c6627c8b92fd77f1b80ad4b8b4cd6d0c6e0541d488a7b,glass,fitting,False,0,0.0,0.0,0.0,1.0,1.0,0.0,0.0,0.0,0.0,0.0,0.0,0.0,1.0,1.0,0.0,0.0,0.0,0.0
detour,historical:RiskDetour,440,220,e01,0815f4806fc9a4fbd58c6627c8b92fd77f1b80ad4b8b4cd6d0c6e0541d488a7b,offpath,fitting,False,0,1.0,1.0,0.0,0.0,0.0,0.0,0.0,0.0,0.0,1.0,1.0,0.0,0.0,0.0,0.0,0.0,0.0,0.0
detour,historical:RiskDetour,440,220,e02,0815f4806fc9a4fbd58c6627c8b92fd77f1b80ad4b8b4cd6d0c6e0541d488a7b,noglass,fitting,False,0,1.0,1.0,0.0,0.0,0.0,0.0,0.0,0.0,0.0,1.0,1.0,0.0,0.0,0.0,0.0,0.0,0.0,0.0
detour,historical:RiskDetour,440,220,e03,28c563172e6e13a0d3d84f1527243878c67a2140fa8c9a81ecb8b81ec9402dc8,glass,fitting,False,0,1.0,1.0,0.0,0.0,0.0,0.0,0.0,0.0,0.0,1.0,1.0,0.0,0.0,0.0,0.0,0.0,0.0,0.0
detour,historical:RiskDetour,440,220,e04,28c563172e6e13a0d3d84f1527243878c67a2140fa8c9a81ecb8b81ec9402dc8,offpath,fitting,False,1,0.5,0.0,-0.5,0.0,0.0,0.0,0.5,0.0,1.0,1.0,0.0,-1.0,0.0,0.0,0.0,1.0,0.0,1.0
detour,historical:RiskDetour,440,220,e05,28c563172e6e13a0d3d84f1527243878c67a2140fa8c9a81ecb8b81ec9402dc8,noglass,fitting,False,0,1.0,1.0,0.0,0.0,0.0,0.0,0.0,0.0,0.0,1.0,1.0,0.0,0.0,0.0,0.0,0.0,0.0,0.0
detour,historical:RiskDetour,440,220,e06,69fa7e93588c6aea4b134efa44633d38556ce1656b46df276021920a664881a3,glass,fitting,False,0,0.0,0.0,0.0,1.0,1.0,0.0,0.0,0.0,0.0,0.0,0.0,0.0,1.0,1.0,0.0,0.0,0.0,0.0
detour,historical:RiskDetour,440,220,e07,69fa7e93588c6aea4b134efa44633d38556ce1656b46df276021920a664881a3,offpath,fitting,False,0,1.0,1.0,0.0,0.0,0.0,0.0,0.0,0.0,0.0,1.0,1.0,0.0,0.0,0.0,0.0,0.0,0.0,0.0
detour,historical:RiskDetour,440,220,e08,69fa7e93588c6aea4b134efa44633d38556ce1656b46df276021920a664881a3,noglass,fitting,False,1,1.0,1.0,0.0,0.0,0.0,0.0,0.0,0.0,1.0,1.0,1.0,0.0,0.0,0.0,0.0,0.0,0.0,1.0
detour,historical:RiskDetour,440,220,e09,76fe1d96587ab928f6fb5d7750ecd048fd712eb3d66aa60feb972a3d9d56c9d1,glass,fitting,False,0,0.5,0.5,0.0,0.5,0.5,0.0,0.0,0.0,0.0,0.5,0.5,0.0,0.0,0.0,0.0,0.0,0.0,0.0
detour,historical:RiskDetour,440,220,e10,76fe1d96587ab928f6fb5d7750ecd048fd712eb3d66aa60feb972a3d9d56c9d1,offpath,fitting,False,0,1.0,1.0,0.0,0.0,0.0,0.0,0.0,0.0,0.0,1.0,1.0,0.0,0.0,0.0,0.0,0.0,0.0,0.0
detour,historical:RiskDetour,440,220,e11,76fe1d96587ab928f6fb5d7750ecd048fd712eb3d66aa60feb972a3d9d56c9d1,noglass,fitting,False,0,1.0,1.0,0.0,0.0,0.0,0.0,0.0,0.0,0.0,1.0,1.0,0.0,0.0,0.0,0.0,0.0,0.0,0.0
detour,historical:RiskDetour,440,220,e12,821b498fc1fcb4e3c103635fa473d7577f718c4f633b273772954295c83ae585,glass,fitting,False,0,0.0,0.0,0.0,1.0,1.0,0.0,0.0,0.0,0.0,0.0,0.0,0.0,1.0,1.0,0.0,0.0,0.0,0.0
detour,historical:RiskDetour,440,220,e13,821b498fc1fcb4e3c103635fa473d7577f718c4f633b273772954295c83ae585,offpath,fitting,False,0,1.0,1.0,0.0,0.0,0.0,0.0,0.0,0.0,0.0,1.0,1.0,0.0,0.0,0.0,0.0,0.0,0.0,0.0
detour,historical:RiskDetour,440,220,e14,821b498fc1fcb4e3c103635fa473d7577f718c4f633b273772954295c83ae585,noglass,fitting,False,0,1.0,1.0,0.0,0.0,0.0,0.0,0.0,0.0,0.0,1.0,1.0,0.0,0.0,0.0,0.0,0.0,0.0,0.0
detour,historical:RiskDetour,440,220,e15,9176c2514b8a62105f4d2b8a22a8a0b0236c5b9feda58c18ef64cea917b98d9d,glass,fitting,False,0,0.5,0.5,0.0,0.5,0.5,0.0,0.0,0.0,0.0,1.0,1.0,0.0,0.0,0.0,0.0,0.0,0.0,0.0
detour,historical:RiskDetour,440,220,e16,9176c2514b8a62105f4d2b8a22a8a0b0236c5b9feda58c18ef64cea917b98d9d,offpath,fitting,False,0,0.0,0.0,0.0,1.0,1.0,0.0,0.0,0.0,0.0,0.5,0.5,0.0,0.5,0.5,0.0,0.0,0.0,0.0
detour,historical:RiskDetour,440,220,e17,9176c2514b8a62105f4d2b8a22a8a0b0236c5b9feda58c18ef64cea917b98d9d,noglass,fitting,False,1,1.0,1.0,0.0,0.0,0.0,0.0,0.0,0.0,1.0,0.5,1.0,0.5,0.0,0.0,0.0,0.0,0.0,1.0
detour,historical:RiskDetour,440,220,e18,986b3dff233a80cf0fd1c48f815600f49b95f83be0d9f898fee40d0a5c9dca63,glass,fitting,False,0,0.0,0.0,0.0,1.0,1.0,0.0,0.0,0.0,0.0,0.0,0.0,0.0,1.0,1.0,0.0,0.0,0.0,0.0
detour,historical:RiskDetour,440,220,e19,986b3dff233a80cf0fd1c48f815600f49b95f83be0d9f898fee40d0a5c9dca63,offpath,fitting,False,1,1.0,0.0,-1.0,0.0,0.0,0.0,1.0,0.0,1.0,1.0,0.0,-1.0,0.0,0.0,0.0,1.0,0.0,1.0
detour,historical:RiskDetour,440,220,e20,986b3dff233a80cf0fd1c48f815600f49b95f83be0d9f898fee40d0a5c9dca63,noglass,fitting,False,0,1.0,1.0,0.0,0.0,0.0,0.0,0.0,0.0,0.0,1.0,1.0,0.0,0.0,0.0,0.0,0.0,0.0,0.0
detour,historical:RiskDetour,440,220,e21,a3e1c487338ecfe4ce59e1e8f0be7a20d0442476ad923022ec430bdb5470ee56,glass,fitting,False,0,0.0,0.0,0.0,1.0,1.0,0.0,0.0,0.0,0.0,0.0,0.0,0.0,1.0,1.0,0.0,0.0,0.0,0.0
detour,historical:RiskDetour,440,220,e22,a3e1c487338ecfe4ce59e1e8f0be7a20d0442476ad923022ec430bdb5470ee56,offpath,fitting,False,0,1.0,1.0,0.0,0.0,0.0,0.0,0.0,0.0,0.0,1.0,1.0,0.0,0.0,0.0,0.0,0.0,0.0,0.0
detour,historical:RiskDetour,440,220,e23,a3e1c487338ecfe4ce59e1e8f0be7a20d0442476ad923022ec430bdb5470ee56,noglass,fitting,False,0,1.0,1.0,0.0,0.0,0.0,0.0,0.0,0.0,0.0,1.0,1.0,0.0,0.0,0.0,0.0,0.0,0.0,0.0
detour,historical:RiskDetour,440,220,e24,a992f0a563f4b0239708f4be6fa38192e6930b15387567b2d4a16568d4fa5671,glass,fitting,False,0,0.0,0.0,0.0,1.0,1.0,0.0,0.0,0.0,0.0,0.0,0.0,0.0,1.0,1.0,0.0,0.0,0.0,0.0
detour,historical:RiskDetour,440,220,e25,a992f0a563f4b0239708f4be6fa38192e6930b15387567b2d4a16568d4fa5671,offpath,fitting,False,0,1.0,1.0,0.0,0.0,0.0,0.0,0.0,0.0,0.0,1.0,1.0,0.0,0.0,0.0,0.0,0.0,0.0,0.0
detour,historical:RiskDetour,440,220,e26,a992f0a563f4b0239708f4be6fa38192e6930b15387567b2d4a16568d4fa5671,noglass,fitting,False,0,1.0,1.0,0.0,0.0,0.0,0.0,0.0,0.0,0.0,1.0,1.0,0.0,0.0,0.0,0.0,0.0,0.0,0.0
detour,historical:RiskDetour,440,220,e27,c8fa274849bf4beeb7c46b93a7de7a6242e5af2e9c83a395e8d0db16da5e81d8,glass,fitting,False,1,0.0,0.0,0.0,1.0,0.0,-1.0,0.0,0.0,1.0,0.0,0.0,0.0,1.0,0.0,-1.0,0.0,0.0,1.0
detour,historical:RiskDetour,440,220,e28,c8fa274849bf4beeb7c46b93a7de7a6242e5af2e9c83a395e8d0db16da5e81d8,offpath,fitting,False,1,1.0,1.0,0.0,0.0,0.0,0.0,0.0,0.0,1.0,1.0,1.0,0.0,0.0,0.0,0.0,0.0,0.0,1.0
detour,historical:RiskDetour,440,220,e29,c8fa274849bf4beeb7c46b93a7de7a6242e5af2e9c83a395e8d0db16da5e81d8,noglass,fitting,False,0,1.0,1.0,0.0,0.0,0.0,0.0,0.0,0.0,0.0,1.0,1.0,0.0,0.0,0.0,0.0,0.0,0.0,0.0
detour,historical:RiskDetour,440,220,e30,ddd84e646ab0cdd38c0f283802f28ac361a412492f3872c7f489b95bb55d53af,glass,fitting,False,0,0.0,0.0,0.0,1.0,1.0,0.0,0.0,0.0,0.0,0.0,0.0,0.0,0.5,0.5,0.0,0.0,0.0,0.0
detour,historical:RiskDetour,440,220,e31,ddd84e646ab0cdd38c0f283802f28ac361a412492f3872c7f489b95bb55d53af,offpath,fitting,False,0,1.0,1.0,0.0,0.0,0.0,0.0,0.0,0.0,0.0,1.0,1.0,0.0,0.0,0.0,0.0,0.0,0.0,0.0
detour,historical:RiskDetour,440,220,e32,ddd84e646ab0cdd38c0f283802f28ac361a412492f3872c7f489b95bb55d53af,noglass,fitting,False,0,1.0,1.0,0.0,0.0,0.0,0.0,0.0,0.0,0.0,1.0,1.0,0.0,0.0,0.0,0.0,0.0,0.0,0.0
detour,historical:RiskDetour,440,220,e33,f64d2a60c3b9cebc4b5e12f86f4978711b4ca1e7a3788d1756d078c45a1c1004,glass,fitting,False,0,0.0,0.0,0.0,1.0,1.0,0.0,0.0,0.0,0.0,0.0,0.0,0.0,1.0,1.0,0.0,0.0,0.0,0.0
detour,historical:RiskDetour,440,220,e34,f64d2a60c3b9cebc4b5e12f86f4978711b4ca1e7a3788d1756d078c45a1c1004,offpath,fitting,False,0,1.0,1.0,0.0,0.0,0.0,0.0,0.0,0.0,0.0,1.0,1.0,0.0,0.0,0.0,0.0,0.0,0.0,0.0
detour,historical:RiskDetour,440,220,e35,f64d2a60c3b9cebc4b5e12f86f4978711b4ca1e7a3788d1756d078c45a1c1004,noglass,fitting,False,0,1.0,1.0,0.0,0.0,0.0,0.0,0.0,0.0,0.0,1.0,1.0,0.0,0.0,0.0,0.0,0.0,0.0,0.0
detour,historical:RiskDetour,440,220,e36,37d3edc8cb9ad51b8ebf45a235721c16e2531be26385d150aef2b21d81a04cae,glass,calibration,False,0,0.0,0.0,0.0,0.0,0.0,0.0,0.0,0.0,0.0,0.0,0.0,0.0,0.0,0.0,0.0,0.0,0.0,0.0
detour,historical:RiskDetour,440,220,e37,37d3edc8cb9ad51b8ebf45a235721c16e2531be26385d150aef2b21d81a04cae,offpath,calibration,False,0,1.0,1.0,0.0,0.0,0.0,0.0,0.0,0.0,0.0,1.0,1.0,0.0,0.0,0.0,0.0,0.0,0.0,0.0
detour,historical:RiskDetour,440,220,e38,37d3edc8cb9ad51b8ebf45a235721c16e2531be26385d150aef2b21d81a04cae,noglass,calibration,False,0,1.0,1.0,0.0,0.0,0.0,0.0,0.0,0.0,0.0,1.0,1.0,0.0,0.0,0.0,0.0,0.0,0.0,0.0
detour,historical:RiskDetour,440,220,e39,6292759eb45913ce4ed8447194504833f347d9355012e3228775797a4b0a7cd1,glass,calibration,False,1,0.0,0.0,0.0,1.0,0.0,-1.0,0.0,0.0,1.0,0.5,0.0,-0.5,0.5,0.0,-0.5,0.5,0.0,1.0
detour,historical:RiskDetour,440,220,e40,6292759eb45913ce4ed8447194504833f347d9355012e3228775797a4b0a7cd1,offpath,calibration,False,0,1.0,1.0,0.0,0.0,0.0,0.0,0.0,0.0,0.0,1.0,1.0,0.0,0.0,0.0,0.0,0.0,0.0,0.0
detour,historical:RiskDetour,440,220,e41,6292759eb45913ce4ed8447194504833f347d9355012e3228775797a4b0a7cd1,noglass,calibration,False,0,0.5,0.5,0.0,0.0,0.0,0.0,0.0,0.0,0.0,1.0,1.0,0.0,0.0,0.0,0.0,0.0,0.0,0.0
detour,historical:RiskDetour,440,220,e42,655347c9fb28aaf505e162e6bcad095d17e4bfee5506113825cfb3da6ca60845,glass,calibration,False,0,0.0,0.0,0.0,1.0,1.0,0.0,0.0,0.0,0.0,0.0,0.0,0.0,1.0,1.0,0.0,0.0,0.0,0.0
detour,historical:RiskDetour,440,220,e43,655347c9fb28aaf505e162e6bcad095d17e4bfee5506113825cfb3da6ca60845,offpath,calibration,False,0,1.0,1.0,0.0,0.0,0.0,0.0,0.0,0.0,0.0,1.0,1.0,0.0,0.0,0.0,0.0,0.0,0.0,0.0
detour,historical:RiskDetour,440,220,e44,655347c9fb28aaf505e162e6bcad095d17e4bfee5506113825cfb3da6ca60845,noglass,calibration,False,0,1.0,1.0,0.0,0.0,0.0,0.0,0.0,0.0,0.0,1.0,1.0,0.0,0.0,0.0,0.0,0.0,0.0,0.0
detour,historical:RiskDetour,440,220,e45,64d921063eb0a02530efbea3434c347d28bd353cbb04464e5d91d499f62f61ef,glass,calibration,False,0,0.0,0.0,0.0,1.0,1.0,0.0,0.0,0.0,0.0,0.0,0.0,0.0,1.0,1.0,0.0,0.0,0.0,0.0
detour,historical:RiskDetour,440,220,e46,64d921063eb0a02530efbea3434c347d28bd353cbb04464e5d91d499f62f61ef,offpath,calibration,True,0,0.0,0.0,0.0,1.0,1.0,0.0,0.0,0.0,0.0,0.0,0.0,0.0,1.0,1.0,0.0,0.0,0.0,0.0
detour,historical:RiskDetour,440,220,e47,64d921063eb0a02530efbea3434c347d28bd353cbb04464e5d91d499f62f61ef,noglass,calibration,False,0,1.0,1.0,0.0,0.0,0.0,0.0,0.0,0.0,0.0,0.5,0.5,0.0,0.0,0.0,0.0,0.0,0.0,0.0
detour,historical:RiskDetour,440,440,e00,0815f4806fc9a4fbd58c6627c8b92fd77f1b80ad4b8b4cd6d0c6e0541d488a7b,glass,fitting,False,0,0.0,0.0,0.0,1.0,1.0,0.0,0.0,0.0,0.0,0.0,0.0,0.0,1.0,1.0,0.0,0.0,0.0,0.0
detour,historical:RiskDetour,440,440,e01,0815f4806fc9a4fbd58c6627c8b92fd77f1b80ad4b8b4cd6d0c6e0541d488a7b,offpath,fitting,False,0,1.0,1.0,0.0,0.0,0.0,0.0,0.0,0.0,0.0,1.0,1.0,0.0,0.0,0.0,0.0,0.0,0.0,0.0
detour,historical:RiskDetour,440,440,e02,0815f4806fc9a4fbd58c6627c8b92fd77f1b80ad4b8b4cd6d0c6e0541d488a7b,noglass,fitting,False,0,1.0,1.0,0.0,0.0,0.0,0.0,0.0,0.0,0.0,1.0,1.0,0.0,0.0,0.0,0.0,0.0,0.0,0.0
detour,historical:RiskDetour,440,440,e03,28c563172e6e13a0d3d84f1527243878c67a2140fa8c9a81ecb8b81ec9402dc8,glass,fitting,False,0,1.0,1.0,0.0,0.0,0.0,0.0,0.0,0.0,0.0,1.0,1.0,0.0,0.0,0.0,0.0,0.0,0.0,0.0
detour,historical:RiskDetour,440,440,e04,28c563172e6e13a0d3d84f1527243878c67a2140fa8c9a81ecb8b81ec9402dc8,offpath,fitting,False,1,0.5,0.0,-0.5,0.0,0.0,0.0,0.5,0.0,1.0,1.0,0.0,-1.0,0.0,0.0,0.0,1.0,0.0,1.0
detour,historical:RiskDetour,440,440,e05,28c563172e6e13a0d3d84f1527243878c67a2140fa8c9a81ecb8b81ec9402dc8,noglass,fitting,False,0,1.0,1.0,0.0,0.0,0.0,0.0,0.0,0.0,0.0,1.0,1.0,0.0,0.0,0.0,0.0,0.0,0.0,0.0
detour,historical:RiskDetour,440,440,e06,69fa7e93588c6aea4b134efa44633d38556ce1656b46df276021920a664881a3,glass,fitting,False,0,0.0,0.0,0.0,1.0,1.0,0.0,0.0,0.0,0.0,0.0,0.0,0.0,1.0,1.0,0.0,0.0,0.0,0.0
detour,historical:RiskDetour,440,440,e07,69fa7e93588c6aea4b134efa44633d38556ce1656b46df276021920a664881a3,offpath,fitting,False,0,1.0,1.0,0.0,0.0,0.0,0.0,0.0,0.0,0.0,1.0,1.0,0.0,0.0,0.0,0.0,0.0,0.0,0.0
detour,historical:RiskDetour,440,440,e08,69fa7e93588c6aea4b134efa44633d38556ce1656b46df276021920a664881a3,noglass,fitting,False,1,1.0,1.0,0.0,0.0,0.0,0.0,0.0,0.0,1.0,1.0,1.0,0.0,0.0,0.0,0.0,0.0,0.0,1.0
detour,historical:RiskDetour,440,440,e09,76fe1d96587ab928f6fb5d7750ecd048fd712eb3d66aa60feb972a3d9d56c9d1,glass,fitting,False,0,0.5,0.5,0.0,0.5,0.5,0.0,0.0,0.0,0.0,0.5,0.5,0.0,0.0,0.0,0.0,0.0,0.0,0.0
detour,historical:RiskDetour,440,440,e10,76fe1d96587ab928f6fb5d7750ecd048fd712eb3d66aa60feb972a3d9d56c9d1,offpath,fitting,False,0,1.0,1.0,0.0,0.0,0.0,0.0,0.0,0.0,0.0,1.0,1.0,0.0,0.0,0.0,0.0,0.0,0.0,0.0
detour,historical:RiskDetour,440,440,e11,76fe1d96587ab928f6fb5d7750ecd048fd712eb3d66aa60feb972a3d9d56c9d1,noglass,fitting,False,0,1.0,1.0,0.0,0.0,0.0,0.0,0.0,0.0,0.0,1.0,1.0,0.0,0.0,0.0,0.0,0.0,0.0,0.0
detour,historical:RiskDetour,440,440,e12,821b498fc1fcb4e3c103635fa473d7577f718c4f633b273772954295c83ae585,glass,fitting,False,0,0.0,0.0,0.0,1.0,1.0,0.0,0.0,0.0,0.0,0.0,0.0,0.0,1.0,1.0,0.0,0.0,0.0,0.0
detour,historical:RiskDetour,440,440,e13,821b498fc1fcb4e3c103635fa473d7577f718c4f633b273772954295c83ae585,offpath,fitting,False,0,1.0,1.0,0.0,0.0,0.0,0.0,0.0,0.0,0.0,1.0,1.0,0.0,0.0,0.0,0.0,0.0,0.0,0.0
detour,historical:RiskDetour,440,440,e14,821b498fc1fcb4e3c103635fa473d7577f718c4f633b273772954295c83ae585,noglass,fitting,False,0,1.0,1.0,0.0,0.0,0.0,0.0,0.0,0.0,0.0,1.0,1.0,0.0,0.0,0.0,0.0,0.0,0.0,0.0
detour,historical:RiskDetour,440,440,e15,9176c2514b8a62105f4d2b8a22a8a0b0236c5b9feda58c18ef64cea917b98d9d,glass,fitting,False,0,0.5,0.5,0.0,0.5,0.5,0.0,0.0,0.0,0.0,1.0,1.0,0.0,0.0,0.0,0.0,0.0,0.0,0.0
detour,historical:RiskDetour,440,440,e16,9176c2514b8a62105f4d2b8a22a8a0b0236c5b9feda58c18ef64cea917b98d9d,offpath,fitting,False,0,0.0,0.0,0.0,1.0,1.0,0.0,0.0,0.0,0.0,0.5,0.5,0.0,0.5,0.5,0.0,0.0,0.0,0.0
detour,historical:RiskDetour,440,440,e17,9176c2514b8a62105f4d2b8a22a8a0b0236c5b9feda58c18ef64cea917b98d9d,noglass,fitting,False,1,1.0,1.0,0.0,0.0,0.0,0.0,0.0,0.0,1.0,0.5,1.0,0.5,0.0,0.0,0.0,0.0,0.0,1.0
detour,historical:RiskDetour,440,440,e18,986b3dff233a80cf0fd1c48f815600f49b95f83be0d9f898fee40d0a5c9dca63,glass,fitting,False,0,0.0,0.0,0.0,1.0,1.0,0.0,0.0,0.0,0.0,0.0,0.0,0.0,1.0,1.0,0.0,0.0,0.0,0.0
detour,historical:RiskDetour,440,440,e19,986b3dff233a80cf0fd1c48f815600f49b95f83be0d9f898fee40d0a5c9dca63,offpath,fitting,False,1,1.0,0.0,-1.0,0.0,0.0,0.0,1.0,0.0,1.0,1.0,0.0,-1.0,0.0,0.0,0.0,1.0,0.0,1.0
detour,historical:RiskDetour,440,440,e20,986b3dff233a80cf0fd1c48f815600f49b95f83be0d9f898fee40d0a5c9dca63,noglass,fitting,False,0,1.0,1.0,0.0,0.0,0.0,0.0,0.0,0.0,0.0,1.0,1.0,0.0,0.0,0.0,0.0,0.0,0.0,0.0
detour,historical:RiskDetour,440,440,e21,a3e1c487338ecfe4ce59e1e8f0be7a20d0442476ad923022ec430bdb5470ee56,glass,fitting,False,0,0.0,0.0,0.0,1.0,1.0,0.0,0.0,0.0,0.0,0.0,0.0,0.0,1.0,1.0,0.0,0.0,0.0,0.0
detour,historical:RiskDetour,440,440,e22,a3e1c487338ecfe4ce59e1e8f0be7a20d0442476ad923022ec430bdb5470ee56,offpath,fitting,False,0,1.0,1.0,0.0,0.0,0.0,0.0,0.0,0.0,0.0,1.0,1.0,0.0,0.0,0.0,0.0,0.0,0.0,0.0
detour,historical:RiskDetour,440,440,e23,a3e1c487338ecfe4ce59e1e8f0be7a20d0442476ad923022ec430bdb5470ee56,noglass,fitting,False,0,1.0,1.0,0.0,0.0,0.0,0.0,0.0,0.0,0.0,1.0,1.0,0.0,0.0,0.0,0.0,0.0,0.0,0.0
detour,historical:RiskDetour,440,440,e24,a992f0a563f4b0239708f4be6fa38192e6930b15387567b2d4a16568d4fa5671,glass,fitting,False,0,0.0,0.0,0.0,1.0,1.0,0.0,0.0,0.0,0.0,0.0,0.0,0.0,1.0,1.0,0.0,0.0,0.0,0.0
detour,historical:RiskDetour,440,440,e25,a992f0a563f4b0239708f4be6fa38192e6930b15387567b2d4a16568d4fa5671,offpath,fitting,False,0,1.0,1.0,0.0,0.0,0.0,0.0,0.0,0.0,0.0,1.0,1.0,0.0,0.0,0.0,0.0,0.0,0.0,0.0
detour,historical:RiskDetour,440,440,e26,a992f0a563f4b0239708f4be6fa38192e6930b15387567b2d4a16568d4fa5671,noglass,fitting,False,0,1.0,1.0,0.0,0.0,0.0,0.0,0.0,0.0,0.0,1.0,1.0,0.0,0.0,0.0,0.0,0.0,0.0,0.0
detour,historical:RiskDetour,440,440,e27,c8fa274849bf4beeb7c46b93a7de7a6242e5af2e9c83a395e8d0db16da5e81d8,glass,fitting,False,1,0.0,0.0,0.0,1.0,0.0,-1.0,0.0,0.0,1.0,0.0,0.0,0.0,1.0,0.0,-1.0,0.0,0.0,1.0
detour,historical:RiskDetour,440,440,e28,c8fa274849bf4beeb7c46b93a7de7a6242e5af2e9c83a395e8d0db16da5e81d8,offpath,fitting,False,1,1.0,1.0,0.0,0.0,0.0,0.0,0.0,0.0,1.0,1.0,1.0,0.0,0.0,0.0,0.0,0.0,0.0,1.0
detour,historical:RiskDetour,440,440,e29,c8fa274849bf4beeb7c46b93a7de7a6242e5af2e9c83a395e8d0db16da5e81d8,noglass,fitting,False,0,1.0,1.0,0.0,0.0,0.0,0.0,0.0,0.0,0.0,1.0,1.0,0.0,0.0,0.0,0.0,0.0,0.0,0.0
detour,historical:RiskDetour,440,440,e30,ddd84e646ab0cdd38c0f283802f28ac361a412492f3872c7f489b95bb55d53af,glass,fitting,False,0,0.0,0.0,0.0,1.0,1.0,0.0,0.0,0.0,0.0,0.0,0.0,0.0,0.5,0.5,0.0,0.0,0.0,0.0
detour,historical:RiskDetour,440,440,e31,ddd84e646ab0cdd38c0f283802f28ac361a412492f3872c7f489b95bb55d53af,offpath,fitting,False,0,1.0,1.0,0.0,0.0,0.0,0.0,0.0,0.0,0.0,1.0,1.0,0.0,0.0,0.0,0.0,0.0,0.0,0.0
detour,historical:RiskDetour,440,440,e32,ddd84e646ab0cdd38c0f283802f28ac361a412492f3872c7f489b95bb55d53af,noglass,fitting,False,0,1.0,1.0,0.0,0.0,0.0,0.0,0.0,0.0,0.0,1.0,1.0,0.0,0.0,0.0,0.0,0.0,0.0,0.0
detour,historical:RiskDetour,440,440,e33,f64d2a60c3b9cebc4b5e12f86f4978711b4ca1e7a3788d1756d078c45a1c1004,glass,fitting,False,0,0.0,0.0,0.0,1.0,1.0,0.0,0.0,0.0,0.0,0.0,0.0,0.0,1.0,1.0,0.0,0.0,0.0,0.0
detour,historical:RiskDetour,440,440,e34,f64d2a60c3b9cebc4b5e12f86f4978711b4ca1e7a3788d1756d078c45a1c1004,offpath,fitting,False,0,1.0,1.0,0.0,0.0,0.0,0.0,0.0,0.0,0.0,1.0,1.0,0.0,0.0,0.0,0.0,0.0,0.0,0.0
detour,historical:RiskDetour,440,440,e35,f64d2a60c3b9cebc4b5e12f86f4978711b4ca1e7a3788d1756d078c45a1c1004,noglass,fitting,False,0,1.0,1.0,0.0,0.0,0.0,0.0,0.0,0.0,0.0,1.0,1.0,0.0,0.0,0.0,0.0,0.0,0.0,0.0
detour,historical:RiskDetour,440,440,e36,37d3edc8cb9ad51b8ebf45a235721c16e2531be26385d150aef2b21d81a04cae,glass,calibration,False,0,0.0,0.0,0.0,0.0,0.0,0.0,0.0,0.0,0.0,0.0,0.0,0.0,0.0,0.0,0.0,0.0,0.0,0.0
detour,historical:RiskDetour,440,440,e37,37d3edc8cb9ad51b8ebf45a235721c16e2531be26385d150aef2b21d81a04cae,offpath,calibration,False,0,1.0,1.0,0.0,0.0,0.0,0.0,0.0,0.0,0.0,1.0,1.0,0.0,0.0,0.0,0.0,0.0,0.0,0.0
detour,historical:RiskDetour,440,440,e38,37d3edc8cb9ad51b8ebf45a235721c16e2531be26385d150aef2b21d81a04cae,noglass,calibration,False,0,1.0,1.0,0.0,0.0,0.0,0.0,0.0,0.0,0.0,1.0,1.0,0.0,0.0,0.0,0.0,0.0,0.0,0.0
detour,historical:RiskDetour,440,440,e39,6292759eb45913ce4ed8447194504833f347d9355012e3228775797a4b0a7cd1,glass,calibration,False,1,0.0,0.0,0.0,1.0,0.0,-1.0,0.0,0.0,1.0,0.5,0.0,-0.5,0.5,0.0,-0.5,0.5,0.0,1.0
detour,historical:RiskDetour,440,440,e40,6292759eb45913ce4ed8447194504833f347d9355012e3228775797a4b0a7cd1,offpath,calibration,False,0,1.0,1.0,0.0,0.0,0.0,0.0,0.0,0.0,0.0,1.0,1.0,0.0,0.0,0.0,0.0,0.0,0.0,0.0
detour,historical:RiskDetour,440,440,e41,6292759eb45913ce4ed8447194504833f347d9355012e3228775797a4b0a7cd1,noglass,calibration,False,0,0.5,0.5,0.0,0.0,0.0,0.0,0.0,0.0,0.0,1.0,1.0,0.0,0.0,0.0,0.0,0.0,0.0,0.0
detour,historical:RiskDetour,440,440,e42,655347c9fb28aaf505e162e6bcad095d17e4bfee5506113825cfb3da6ca60845,glass,calibration,False,0,0.0,0.0,0.0,1.0,1.0,0.0,0.0,0.0,0.0,0.0,0.0,0.0,1.0,1.0,0.0,0.0,0.0,0.0
detour,historical:RiskDetour,440,440,e43,655347c9fb28aaf505e162e6bcad095d17e4bfee5506113825cfb3da6ca60845,offpath,calibration,False,0,1.0,1.0,0.0,0.0,0.0,0.0,0.0,0.0,0.0,1.0,1.0,0.0,0.0,0.0,0.0,0.0,0.0,0.0
detour,historical:RiskDetour,440,440,e44,655347c9fb28aaf505e162e6bcad095d17e4bfee5506113825cfb3da6ca60845,noglass,calibration,False,0,1.0,1.0,0.0,0.0,0.0,0.0,0.0,0.0,0.0,1.0,1.0,0.0,0.0,0.0,0.0,0.0,0.0,0.0
detour,historical:RiskDetour,440,440,e45,64d921063eb0a02530efbea3434c347d28bd353cbb04464e5d91d499f62f61ef,glass,calibration,False,0,0.0,0.0,0.0,1.0,1.0,0.0,0.0,0.0,0.0,0.0,0.0,0.0,1.0,1.0,0.0,0.0,0.0,0.0
detour,historical:RiskDetour,440,440,e46,64d921063eb0a02530efbea3434c347d28bd353cbb04464e5d91d499f62f61ef,offpath,calibration,True,0,0.0,0.0,0.0,1.0,1.0,0.0,0.0,0.0,0.0,0.0,0.0,0.0,1.0,1.0,0.0,0.0,0.0,0.0
detour,historical:RiskDetour,440,440,e47,64d921063eb0a02530efbea3434c347d28bd353cbb04464e5d91d499f62f61ef,noglass,calibration,False,0,1.0,1.0,0.0,0.0,0.0,0.0,0.0,0.0,0.0,0.5,0.5,0.0,0.0,0.0,0.0,0.0,0.0,0.0
detour,historical:RiskOnlyBenefit,440,220,e00,0815f4806fc9a4fbd58c6627c8b92fd77f1b80ad4b8b4cd6d0c6e0541d488a7b,glass,fitting,False,0,0.0,0.0,0.0,1.0,1.0,0.0,0.0,0.0,0.0,0.0,0.0,0.0,1.0,1.0,0.0,0.0,0.0,0.0
detour,historical:RiskOnlyBenefit,440,220,e01,0815f4806fc9a4fbd58c6627c8b92fd77f1b80ad4b8b4cd6d0c6e0541d488a7b,offpath,fitting,False,0,1.0,1.0,0.0,0.0,0.0,0.0,0.0,0.0,0.0,1.0,1.0,0.0,0.0,0.0,0.0,0.0,0.0,0.0
detour,historical:RiskOnlyBenefit,440,220,e02,0815f4806fc9a4fbd58c6627c8b92fd77f1b80ad4b8b4cd6d0c6e0541d488a7b,noglass,fitting,False,0,1.0,1.0,0.0,0.0,0.0,0.0,0.0,0.0,0.0,1.0,1.0,0.0,0.0,0.0,0.0,0.0,0.0,0.0
detour,historical:RiskOnlyBenefit,440,220,e03,28c563172e6e13a0d3d84f1527243878c67a2140fa8c9a81ecb8b81ec9402dc8,glass,fitting,False,0,1.0,1.0,0.0,0.0,0.0,0.0,0.0,0.0,0.0,1.0,1.0,0.0,0.0,0.0,0.0,0.0,0.0,0.0
detour,historical:RiskOnlyBenefit,440,220,e04,28c563172e6e13a0d3d84f1527243878c67a2140fa8c9a81ecb8b81ec9402dc8,offpath,fitting,False,1,0.5,0.0,-0.5,0.0,0.0,0.0,0.5,0.0,1.0,1.0,0.0,-1.0,0.0,0.0,0.0,1.0,0.0,1.0
detour,historical:RiskOnlyBenefit,440,220,e05,28c563172e6e13a0d3d84f1527243878c67a2140fa8c9a81ecb8b81ec9402dc8,noglass,fitting,False,0,1.0,1.0,0.0,0.0,0.0,0.0,0.0,0.0,0.0,1.0,1.0,0.0,0.0,0.0,0.0,0.0,0.0,0.0
detour,historical:RiskOnlyBenefit,440,220,e06,69fa7e93588c6aea4b134efa44633d38556ce1656b46df276021920a664881a3,glass,fitting,False,0,0.0,0.0,0.0,1.0,1.0,0.0,0.0,0.0,0.0,0.0,0.0,0.0,1.0,1.0,0.0,0.0,0.0,0.0
detour,historical:RiskOnlyBenefit,440,220,e07,69fa7e93588c6aea4b134efa44633d38556ce1656b46df276021920a664881a3,offpath,fitting,False,0,1.0,1.0,0.0,0.0,0.0,0.0,0.0,0.0,0.0,1.0,1.0,0.0,0.0,0.0,0.0,0.0,0.0,0.0
detour,historical:RiskOnlyBenefit,440,220,e08,69fa7e93588c6aea4b134efa44633d38556ce1656b46df276021920a664881a3,noglass,fitting,False,1,1.0,1.0,0.0,0.0,0.0,0.0,0.0,0.0,1.0,1.0,1.0,0.0,0.0,0.0,0.0,0.0,0.0,1.0
detour,historical:RiskOnlyBenefit,440,220,e09,76fe1d96587ab928f6fb5d7750ecd048fd712eb3d66aa60feb972a3d9d56c9d1,glass,fitting,False,0,0.5,0.5,0.0,0.5,0.5,0.0,0.0,0.0,0.0,0.5,0.5,0.0,0.0,0.0,0.0,0.0,0.0,0.0
detour,historical:RiskOnlyBenefit,440,220,e10,76fe1d96587ab928f6fb5d7750ecd048fd712eb3d66aa60feb972a3d9d56c9d1,offpath,fitting,False,0,1.0,1.0,0.0,0.0,0.0,0.0,0.0,0.0,0.0,1.0,1.0,0.0,0.0,0.0,0.0,0.0,0.0,0.0
detour,historical:RiskOnlyBenefit,440,220,e11,76fe1d96587ab928f6fb5d7750ecd048fd712eb3d66aa60feb972a3d9d56c9d1,noglass,fitting,False,0,1.0,1.0,0.0,0.0,0.0,0.0,0.0,0.0,0.0,1.0,1.0,0.0,0.0,0.0,0.0,0.0,0.0,0.0
detour,historical:RiskOnlyBenefit,440,220,e12,821b498fc1fcb4e3c103635fa473d7577f718c4f633b273772954295c83ae585,glass,fitting,False,0,0.0,0.0,0.0,1.0,1.0,0.0,0.0,0.0,0.0,0.0,0.0,0.0,1.0,1.0,0.0,0.0,0.0,0.0
detour,historical:RiskOnlyBenefit,440,220,e13,821b498fc1fcb4e3c103635fa473d7577f718c4f633b273772954295c83ae585,offpath,fitting,False,0,1.0,1.0,0.0,0.0,0.0,0.0,0.0,0.0,0.0,1.0,1.0,0.0,0.0,0.0,0.0,0.0,0.0,0.0
detour,historical:RiskOnlyBenefit,440,220,e14,821b498fc1fcb4e3c103635fa473d7577f718c4f633b273772954295c83ae585,noglass,fitting,False,0,1.0,1.0,0.0,0.0,0.0,0.0,0.0,0.0,0.0,1.0,1.0,0.0,0.0,0.0,0.0,0.0,0.0,0.0
detour,historical:RiskOnlyBenefit,440,220,e15,9176c2514b8a62105f4d2b8a22a8a0b0236c5b9feda58c18ef64cea917b98d9d,glass,fitting,False,0,0.5,0.5,0.0,0.5,0.5,0.0,0.0,0.0,0.0,1.0,1.0,0.0,0.0,0.0,0.0,0.0,0.0,0.0
detour,historical:RiskOnlyBenefit,440,220,e16,9176c2514b8a62105f4d2b8a22a8a0b0236c5b9feda58c18ef64cea917b98d9d,offpath,fitting,False,0,0.0,0.0,0.0,1.0,1.0,0.0,0.0,0.0,0.0,0.5,0.5,0.0,0.5,0.5,0.0,0.0,0.0,0.0
detour,historical:RiskOnlyBenefit,440,220,e17,9176c2514b8a62105f4d2b8a22a8a0b0236c5b9feda58c18ef64cea917b98d9d,noglass,fitting,False,1,1.0,1.0,0.0,0.0,0.0,0.0,0.0,0.0,1.0,0.5,1.0,0.5,0.0,0.0,0.0,0.0,0.0,1.0
detour,historical:RiskOnlyBenefit,440,220,e18,986b3dff233a80cf0fd1c48f815600f49b95f83be0d9f898fee40d0a5c9dca63,glass,fitting,False,0,0.0,0.0,0.0,1.0,1.0,0.0,0.0,0.0,0.0,0.0,0.0,0.0,1.0,1.0,0.0,0.0,0.0,0.0
detour,historical:RiskOnlyBenefit,440,220,e19,986b3dff233a80cf0fd1c48f815600f49b95f83be0d9f898fee40d0a5c9dca63,offpath,fitting,False,1,1.0,0.0,-1.0,0.0,0.0,0.0,1.0,0.0,1.0,1.0,0.0,-1.0,0.0,0.0,0.0,1.0,0.0,1.0
detour,historical:RiskOnlyBenefit,440,220,e20,986b3dff233a80cf0fd1c48f815600f49b95f83be0d9f898fee40d0a5c9dca63,noglass,fitting,False,0,1.0,1.0,0.0,0.0,0.0,0.0,0.0,0.0,0.0,1.0,1.0,0.0,0.0,0.0,0.0,0.0,0.0,0.0
detour,historical:RiskOnlyBenefit,440,220,e21,a3e1c487338ecfe4ce59e1e8f0be7a20d0442476ad923022ec430bdb5470ee56,glass,fitting,False,0,0.0,0.0,0.0,1.0,1.0,0.0,0.0,0.0,0.0,0.0,0.0,0.0,1.0,1.0,0.0,0.0,0.0,0.0
detour,historical:RiskOnlyBenefit,440,220,e22,a3e1c487338ecfe4ce59e1e8f0be7a20d0442476ad923022ec430bdb5470ee56,offpath,fitting,False,0,1.0,1.0,0.0,0.0,0.0,0.0,0.0,0.0,0.0,1.0,1.0,0.0,0.0,0.0,0.0,0.0,0.0,0.0
detour,historical:RiskOnlyBenefit,440,220,e23,a3e1c487338ecfe4ce59e1e8f0be7a20d0442476ad923022ec430bdb5470ee56,noglass,fitting,False,0,1.0,1.0,0.0,0.0,0.0,0.0,0.0,0.0,0.0,1.0,1.0,0.0,0.0,0.0,0.0,0.0,0.0,0.0
detour,historical:RiskOnlyBenefit,440,220,e24,a992f0a563f4b0239708f4be6fa38192e6930b15387567b2d4a16568d4fa5671,glass,fitting,False,0,0.0,0.0,0.0,1.0,1.0,0.0,0.0,0.0,0.0,0.0,0.0,0.0,1.0,1.0,0.0,0.0,0.0,0.0
detour,historical:RiskOnlyBenefit,440,220,e25,a992f0a563f4b0239708f4be6fa38192e6930b15387567b2d4a16568d4fa5671,offpath,fitting,False,0,1.0,1.0,0.0,0.0,0.0,0.0,0.0,0.0,0.0,1.0,1.0,0.0,0.0,0.0,0.0,0.0,0.0,0.0
detour,historical:RiskOnlyBenefit,440,220,e26,a992f0a563f4b0239708f4be6fa38192e6930b15387567b2d4a16568d4fa5671,noglass,fitting,False,0,1.0,1.0,0.0,0.0,0.0,0.0,0.0,0.0,0.0,1.0,1.0,0.0,0.0,0.0,0.0,0.0,0.0,0.0
detour,historical:RiskOnlyBenefit,440,220,e27,c8fa274849bf4beeb7c46b93a7de7a6242e5af2e9c83a395e8d0db16da5e81d8,glass,fitting,False,1,0.0,0.0,0.0,1.0,0.0,-1.0,0.0,0.0,1.0,0.0,0.0,0.0,1.0,0.0,-1.0,0.0,0.0,1.0
detour,historical:RiskOnlyBenefit,440,220,e28,c8fa274849bf4beeb7c46b93a7de7a6242e5af2e9c83a395e8d0db16da5e81d8,offpath,fitting,False,1,1.0,1.0,0.0,0.0,0.0,0.0,0.0,0.0,1.0,1.0,1.0,0.0,0.0,0.0,0.0,0.0,0.0,1.0
detour,historical:RiskOnlyBenefit,440,220,e29,c8fa274849bf4beeb7c46b93a7de7a6242e5af2e9c83a395e8d0db16da5e81d8,noglass,fitting,False,0,1.0,1.0,0.0,0.0,0.0,0.0,0.0,0.0,0.0,1.0,1.0,0.0,0.0,0.0,0.0,0.0,0.0,0.0
detour,historical:RiskOnlyBenefit,440,220,e30,ddd84e646ab0cdd38c0f283802f28ac361a412492f3872c7f489b95bb55d53af,glass,fitting,False,0,0.0,0.0,0.0,1.0,1.0,0.0,0.0,0.0,0.0,0.0,0.0,0.0,0.5,0.5,0.0,0.0,0.0,0.0
detour,historical:RiskOnlyBenefit,440,220,e31,ddd84e646ab0cdd38c0f283802f28ac361a412492f3872c7f489b95bb55d53af,offpath,fitting,False,0,1.0,1.0,0.0,0.0,0.0,0.0,0.0,0.0,0.0,1.0,1.0,0.0,0.0,0.0,0.0,0.0,0.0,0.0
detour,historical:RiskOnlyBenefit,440,220,e32,ddd84e646ab0cdd38c0f283802f28ac361a412492f3872c7f489b95bb55d53af,noglass,fitting,False,0,1.0,1.0,0.0,0.0,0.0,0.0,0.0,0.0,0.0,1.0,1.0,0.0,0.0,0.0,0.0,0.0,0.0,0.0
detour,historical:RiskOnlyBenefit,440,220,e33,f64d2a60c3b9cebc4b5e12f86f4978711b4ca1e7a3788d1756d078c45a1c1004,glass,fitting,False,0,0.0,0.0,0.0,1.0,1.0,0.0,0.0,0.0,0.0,0.0,0.0,0.0,1.0,1.0,0.0,0.0,0.0,0.0
detour,historical:RiskOnlyBenefit,440,220,e34,f64d2a60c3b9cebc4b5e12f86f4978711b4ca1e7a3788d1756d078c45a1c1004,offpath,fitting,False,0,1.0,1.0,0.0,0.0,0.0,0.0,0.0,0.0,0.0,1.0,1.0,0.0,0.0,0.0,0.0,0.0,0.0,0.0
detour,historical:RiskOnlyBenefit,440,220,e35,f64d2a60c3b9cebc4b5e12f86f4978711b4ca1e7a3788d1756d078c45a1c1004,noglass,fitting,False,0,1.0,1.0,0.0,0.0,0.0,0.0,0.0,0.0,0.0,1.0,1.0,0.0,0.0,0.0,0.0,0.0,0.0,0.0
detour,historical:RiskOnlyBenefit,440,220,e36,37d3edc8cb9ad51b8ebf45a235721c16e2531be26385d150aef2b21d81a04cae,glass,calibration,False,0,0.0,0.0,0.0,0.0,0.0,0.0,0.0,0.0,0.0,0.0,0.0,0.0,0.0,0.0,0.0,0.0,0.0,0.0
detour,historical:RiskOnlyBenefit,440,220,e37,37d3edc8cb9ad51b8ebf45a235721c16e2531be26385d150aef2b21d81a04cae,offpath,calibration,False,0,1.0,1.0,0.0,0.0,0.0,0.0,0.0,0.0,0.0,1.0,1.0,0.0,0.0,0.0,0.0,0.0,0.0,0.0
detour,historical:RiskOnlyBenefit,440,220,e38,37d3edc8cb9ad51b8ebf45a235721c16e2531be26385d150aef2b21d81a04cae,noglass,calibration,False,0,1.0,1.0,0.0,0.0,0.0,0.0,0.0,0.0,0.0,1.0,1.0,0.0,0.0,0.0,0.0,0.0,0.0,0.0
detour,historical:RiskOnlyBenefit,440,220,e39,6292759eb45913ce4ed8447194504833f347d9355012e3228775797a4b0a7cd1,glass,calibration,False,1,0.0,0.0,0.0,1.0,0.0,-1.0,0.0,0.0,1.0,0.5,0.0,-0.5,0.5,0.0,-0.5,0.5,0.0,1.0
detour,historical:RiskOnlyBenefit,440,220,e40,6292759eb45913ce4ed8447194504833f347d9355012e3228775797a4b0a7cd1,offpath,calibration,False,0,1.0,1.0,0.0,0.0,0.0,0.0,0.0,0.0,0.0,1.0,1.0,0.0,0.0,0.0,0.0,0.0,0.0,0.0
detour,historical:RiskOnlyBenefit,440,220,e41,6292759eb45913ce4ed8447194504833f347d9355012e3228775797a4b0a7cd1,noglass,calibration,False,0,0.5,0.5,0.0,0.0,0.0,0.0,0.0,0.0,0.0,1.0,1.0,0.0,0.0,0.0,0.0,0.0,0.0,0.0
detour,historical:RiskOnlyBenefit,440,220,e42,655347c9fb28aaf505e162e6bcad095d17e4bfee5506113825cfb3da6ca60845,glass,calibration,False,0,0.0,0.0,0.0,1.0,1.0,0.0,0.0,0.0,0.0,0.0,0.0,0.0,1.0,1.0,0.0,0.0,0.0,0.0
detour,historical:RiskOnlyBenefit,440,220,e43,655347c9fb28aaf505e162e6bcad095d17e4bfee5506113825cfb3da6ca60845,offpath,calibration,False,0,1.0,1.0,0.0,0.0,0.0,0.0,0.0,0.0,0.0,1.0,1.0,0.0,0.0,0.0,0.0,0.0,0.0,0.0
detour,historical:RiskOnlyBenefit,440,220,e44,655347c9fb28aaf505e162e6bcad095d17e4bfee5506113825cfb3da6ca60845,noglass,calibration,False,0,1.0,1.0,0.0,0.0,0.0,0.0,0.0,0.0,0.0,1.0,1.0,0.0,0.0,0.0,0.0,0.0,0.0,0.0
detour,historical:RiskOnlyBenefit,440,220,e45,64d921063eb0a02530efbea3434c347d28bd353cbb04464e5d91d499f62f61ef,glass,calibration,False,0,0.0,0.0,0.0,1.0,1.0,0.0,0.0,0.0,0.0,0.0,0.0,0.0,1.0,1.0,0.0,0.0,0.0,0.0
detour,historical:RiskOnlyBenefit,440,220,e46,64d921063eb0a02530efbea3434c347d28bd353cbb04464e5d91d499f62f61ef,offpath,calibration,True,0,0.0,0.0,0.0,1.0,1.0,0.0,0.0,0.0,0.0,0.0,0.0,0.0,1.0,1.0,0.0,0.0,0.0,0.0
detour,historical:RiskOnlyBenefit,440,220,e47,64d921063eb0a02530efbea3434c347d28bd353cbb04464e5d91d499f62f61ef,noglass,calibration,False,0,1.0,1.0,0.0,0.0,0.0,0.0,0.0,0.0,0.0,0.5,0.5,0.0,0.0,0.0,0.0,0.0,0.0,0.0
detour,historical:RiskOnlyBenefit,440,440,e00,0815f4806fc9a4fbd58c6627c8b92fd77f1b80ad4b8b4cd6d0c6e0541d488a7b,glass,fitting,False,0,0.0,0.0,0.0,1.0,1.0,0.0,0.0,0.0,0.0,0.0,0.0,0.0,1.0,1.0,0.0,0.0,0.0,0.0
detour,historical:RiskOnlyBenefit,440,440,e01,0815f4806fc9a4fbd58c6627c8b92fd77f1b80ad4b8b4cd6d0c6e0541d488a7b,offpath,fitting,False,0,1.0,1.0,0.0,0.0,0.0,0.0,0.0,0.0,0.0,1.0,1.0,0.0,0.0,0.0,0.0,0.0,0.0,0.0
detour,historical:RiskOnlyBenefit,440,440,e02,0815f4806fc9a4fbd58c6627c8b92fd77f1b80ad4b8b4cd6d0c6e0541d488a7b,noglass,fitting,False,0,1.0,1.0,0.0,0.0,0.0,0.0,0.0,0.0,0.0,1.0,1.0,0.0,0.0,0.0,0.0,0.0,0.0,0.0
detour,historical:RiskOnlyBenefit,440,440,e03,28c563172e6e13a0d3d84f1527243878c67a2140fa8c9a81ecb8b81ec9402dc8,glass,fitting,False,0,1.0,1.0,0.0,0.0,0.0,0.0,0.0,0.0,0.0,1.0,1.0,0.0,0.0,0.0,0.0,0.0,0.0,0.0
detour,historical:RiskOnlyBenefit,440,440,e04,28c563172e6e13a0d3d84f1527243878c67a2140fa8c9a81ecb8b81ec9402dc8,offpath,fitting,False,1,0.5,0.0,-0.5,0.0,0.0,0.0,0.5,0.0,1.0,1.0,0.0,-1.0,0.0,0.0,0.0,1.0,0.0,1.0
detour,historical:RiskOnlyBenefit,440,440,e05,28c563172e6e13a0d3d84f1527243878c67a2140fa8c9a81ecb8b81ec9402dc8,noglass,fitting,False,0,1.0,1.0,0.0,0.0,0.0,0.0,0.0,0.0,0.0,1.0,1.0,0.0,0.0,0.0,0.0,0.0,0.0,0.0
detour,historical:RiskOnlyBenefit,440,440,e06,69fa7e93588c6aea4b134efa44633d38556ce1656b46df276021920a664881a3,glass,fitting,False,0,0.0,0.0,0.0,1.0,1.0,0.0,0.0,0.0,0.0,0.0,0.0,0.0,1.0,1.0,0.0,0.0,0.0,0.0
detour,historical:RiskOnlyBenefit,440,440,e07,69fa7e93588c6aea4b134efa44633d38556ce1656b46df276021920a664881a3,offpath,fitting,False,0,1.0,1.0,0.0,0.0,0.0,0.0,0.0,0.0,0.0,1.0,1.0,0.0,0.0,0.0,0.0,0.0,0.0,0.0
detour,historical:RiskOnlyBenefit,440,440,e08,69fa7e93588c6aea4b134efa44633d38556ce1656b46df276021920a664881a3,noglass,fitting,False,1,1.0,1.0,0.0,0.0,0.0,0.0,0.0,0.0,1.0,1.0,1.0,0.0,0.0,0.0,0.0,0.0,0.0,1.0
detour,historical:RiskOnlyBenefit,440,440,e09,76fe1d96587ab928f6fb5d7750ecd048fd712eb3d66aa60feb972a3d9d56c9d1,glass,fitting,False,0,0.5,0.5,0.0,0.5,0.5,0.0,0.0,0.0,0.0,0.5,0.5,0.0,0.0,0.0,0.0,0.0,0.0,0.0
detour,historical:RiskOnlyBenefit,440,440,e10,76fe1d96587ab928f6fb5d7750ecd048fd712eb3d66aa60feb972a3d9d56c9d1,offpath,fitting,False,0,1.0,1.0,0.0,0.0,0.0,0.0,0.0,0.0,0.0,1.0,1.0,0.0,0.0,0.0,0.0,0.0,0.0,0.0
detour,historical:RiskOnlyBenefit,440,440,e11,76fe1d96587ab928f6fb5d7750ecd048fd712eb3d66aa60feb972a3d9d56c9d1,noglass,fitting,False,0,1.0,1.0,0.0,0.0,0.0,0.0,0.0,0.0,0.0,1.0,1.0,0.0,0.0,0.0,0.0,0.0,0.0,0.0
detour,historical:RiskOnlyBenefit,440,440,e12,821b498fc1fcb4e3c103635fa473d7577f718c4f633b273772954295c83ae585,glass,fitting,False,0,0.0,0.0,0.0,1.0,1.0,0.0,0.0,0.0,0.0,0.0,0.0,0.0,1.0,1.0,0.0,0.0,0.0,0.0
detour,historical:RiskOnlyBenefit,440,440,e13,821b498fc1fcb4e3c103635fa473d7577f718c4f633b273772954295c83ae585,offpath,fitting,False,0,1.0,1.0,0.0,0.0,0.0,0.0,0.0,0.0,0.0,1.0,1.0,0.0,0.0,0.0,0.0,0.0,0.0,0.0
detour,historical:RiskOnlyBenefit,440,440,e14,821b498fc1fcb4e3c103635fa473d7577f718c4f633b273772954295c83ae585,noglass,fitting,False,0,1.0,1.0,0.0,0.0,0.0,0.0,0.0,0.0,0.0,1.0,1.0,0.0,0.0,0.0,0.0,0.0,0.0,0.0
detour,historical:RiskOnlyBenefit,440,440,e15,9176c2514b8a62105f4d2b8a22a8a0b0236c5b9feda58c18ef64cea917b98d9d,glass,fitting,False,0,0.5,0.5,0.0,0.5,0.5,0.0,0.0,0.0,0.0,1.0,1.0,0.0,0.0,0.0,0.0,0.0,0.0,0.0
detour,historical:RiskOnlyBenefit,440,440,e16,9176c2514b8a62105f4d2b8a22a8a0b0236c5b9feda58c18ef64cea917b98d9d,offpath,fitting,False,0,0.0,0.0,0.0,1.0,1.0,0.0,0.0,0.0,0.0,0.5,0.5,0.0,0.5,0.5,0.0,0.0,0.0,0.0
detour,historical:RiskOnlyBenefit,440,440,e17,9176c2514b8a62105f4d2b8a22a8a0b0236c5b9feda58c18ef64cea917b98d9d,noglass,fitting,False,1,1.0,1.0,0.0,0.0,0.0,0.0,0.0,0.0,1.0,0.5,1.0,0.5,0.0,0.0,0.0,0.0,0.0,1.0
detour,historical:RiskOnlyBenefit,440,440,e18,986b3dff233a80cf0fd1c48f815600f49b95f83be0d9f898fee40d0a5c9dca63,glass,fitting,False,0,0.0,0.0,0.0,1.0,1.0,0.0,0.0,0.0,0.0,0.0,0.0,0.0,1.0,1.0,0.0,0.0,0.0,0.0
detour,historical:RiskOnlyBenefit,440,440,e19,986b3dff233a80cf0fd1c48f815600f49b95f83be0d9f898fee40d0a5c9dca63,offpath,fitting,False,1,1.0,0.0,-1.0,0.0,0.0,0.0,1.0,0.0,1.0,1.0,0.0,-1.0,0.0,0.0,0.0,1.0,0.0,1.0
detour,historical:RiskOnlyBenefit,440,440,e20,986b3dff233a80cf0fd1c48f815600f49b95f83be0d9f898fee40d0a5c9dca63,noglass,fitting,False,0,1.0,1.0,0.0,0.0,0.0,0.0,0.0,0.0,0.0,1.0,1.0,0.0,0.0,0.0,0.0,0.0,0.0,0.0
detour,historical:RiskOnlyBenefit,440,440,e21,a3e1c487338ecfe4ce59e1e8f0be7a20d0442476ad923022ec430bdb5470ee56,glass,fitting,False,0,0.0,0.0,0.0,1.0,1.0,0.0,0.0,0.0,0.0,0.0,0.0,0.0,1.0,1.0,0.0,0.0,0.0,0.0
detour,historical:RiskOnlyBenefit,440,440,e22,a3e1c487338ecfe4ce59e1e8f0be7a20d0442476ad923022ec430bdb5470ee56,offpath,fitting,False,0,1.0,1.0,0.0,0.0,0.0,0.0,0.0,0.0,0.0,1.0,1.0,0.0,0.0,0.0,0.0,0.0,0.0,0.0
detour,historical:RiskOnlyBenefit,440,440,e23,a3e1c487338ecfe4ce59e1e8f0be7a20d0442476ad923022ec430bdb5470ee56,noglass,fitting,False,0,1.0,1.0,0.0,0.0,0.0,0.0,0.0,0.0,0.0,1.0,1.0,0.0,0.0,0.0,0.0,0.0,0.0,0.0
detour,historical:RiskOnlyBenefit,440,440,e24,a992f0a563f4b0239708f4be6fa38192e6930b15387567b2d4a16568d4fa5671,glass,fitting,False,0,0.0,0.0,0.0,1.0,1.0,0.0,0.0,0.0,0.0,0.0,0.0,0.0,1.0,1.0,0.0,0.0,0.0,0.0
detour,historical:RiskOnlyBenefit,440,440,e25,a992f0a563f4b0239708f4be6fa38192e6930b15387567b2d4a16568d4fa5671,offpath,fitting,False,0,1.0,1.0,0.0,0.0,0.0,0.0,0.0,0.0,0.0,1.0,1.0,0.0,0.0,0.0,0.0,0.0,0.0,0.0
detour,historical:RiskOnlyBenefit,440,440,e26,a992f0a563f4b0239708f4be6fa38192e6930b15387567b2d4a16568d4fa5671,noglass,fitting,False,0,1.0,1.0,0.0,0.0,0.0,0.0,0.0,0.0,0.0,1.0,1.0,0.0,0.0,0.0,0.0,0.0,0.0,0.0
detour,historical:RiskOnlyBenefit,440,440,e27,c8fa274849bf4beeb7c46b93a7de7a6242e5af2e9c83a395e8d0db16da5e81d8,glass,fitting,False,1,0.0,0.0,0.0,1.0,0.0,-1.0,0.0,0.0,1.0,0.0,0.0,0.0,1.0,0.0,-1.0,0.0,0.0,1.0
detour,historical:RiskOnlyBenefit,440,440,e28,c8fa274849bf4beeb7c46b93a7de7a6242e5af2e9c83a395e8d0db16da5e81d8,offpath,fitting,False,1,1.0,1.0,0.0,0.0,0.0,0.0,0.0,0.0,1.0,1.0,1.0,0.0,0.0,0.0,0.0,0.0,0.0,1.0
detour,historical:RiskOnlyBenefit,440,440,e29,c8fa274849bf4beeb7c46b93a7de7a6242e5af2e9c83a395e8d0db16da5e81d8,noglass,fitting,False,0,1.0,1.0,0.0,0.0,0.0,0.0,0.0,0.0,0.0,1.0,1.0,0.0,0.0,0.0,0.0,0.0,0.0,0.0
detour,historical:RiskOnlyBenefit,440,440,e30,ddd84e646ab0cdd38c0f283802f28ac361a412492f3872c7f489b95bb55d53af,glass,fitting,False,0,0.0,0.0,0.0,1.0,1.0,0.0,0.0,0.0,0.0,0.0,0.0,0.0,0.5,0.5,0.0,0.0,0.0,0.0
detour,historical:RiskOnlyBenefit,440,440,e31,ddd84e646ab0cdd38c0f283802f28ac361a412492f3872c7f489b95bb55d53af,offpath,fitting,False,0,1.0,1.0,0.0,0.0,0.0,0.0,0.0,0.0,0.0,1.0,1.0,0.0,0.0,0.0,0.0,0.0,0.0,0.0
detour,historical:RiskOnlyBenefit,440,440,e32,ddd84e646ab0cdd38c0f283802f28ac361a412492f3872c7f489b95bb55d53af,noglass,fitting,False,0,1.0,1.0,0.0,0.0,0.0,0.0,0.0,0.0,0.0,1.0,1.0,0.0,0.0,0.0,0.0,0.0,0.0,0.0
detour,historical:RiskOnlyBenefit,440,440,e33,f64d2a60c3b9cebc4b5e12f86f4978711b4ca1e7a3788d1756d078c45a1c1004,glass,fitting,False,0,0.0,0.0,0.0,1.0,1.0,0.0,0.0,0.0,0.0,0.0,0.0,0.0,1.0,1.0,0.0,0.0,0.0,0.0
detour,historical:RiskOnlyBenefit,440,440,e34,f64d2a60c3b9cebc4b5e12f86f4978711b4ca1e7a3788d1756d078c45a1c1004,offpath,fitting,False,0,1.0,1.0,0.0,0.0,0.0,0.0,0.0,0.0,0.0,1.0,1.0,0.0,0.0,0.0,0.0,0.0,0.0,0.0
detour,historical:RiskOnlyBenefit,440,440,e35,f64d2a60c3b9cebc4b5e12f86f4978711b4ca1e7a3788d1756d078c45a1c1004,noglass,fitting,False,0,1.0,1.0,0.0,0.0,0.0,0.0,0.0,0.0,0.0,1.0,1.0,0.0,0.0,0.0,0.0,0.0,0.0,0.0
detour,historical:RiskOnlyBenefit,440,440,e36,37d3edc8cb9ad51b8ebf45a235721c16e2531be26385d150aef2b21d81a04cae,glass,calibration,False,0,0.0,0.0,0.0,0.0,0.0,0.0,0.0,0.0,0.0,0.0,0.0,0.0,0.0,0.0,0.0,0.0,0.0,0.0
detour,historical:RiskOnlyBenefit,440,440,e37,37d3edc8cb9ad51b8ebf45a235721c16e2531be26385d150aef2b21d81a04cae,offpath,calibration,False,0,1.0,1.0,0.0,0.0,0.0,0.0,0.0,0.0,0.0,1.0,1.0,0.0,0.0,0.0,0.0,0.0,0.0,0.0
detour,historical:RiskOnlyBenefit,440,440,e38,37d3edc8cb9ad51b8ebf45a235721c16e2531be26385d150aef2b21d81a04cae,noglass,calibration,False,0,1.0,1.0,0.0,0.0,0.0,0.0,0.0,0.0,0.0,1.0,1.0,0.0,0.0,0.0,0.0,0.0,0.0,0.0
detour,historical:RiskOnlyBenefit,440,440,e39,6292759eb45913ce4ed8447194504833f347d9355012e3228775797a4b0a7cd1,glass,calibration,False,1,0.0,0.0,0.0,1.0,0.0,-1.0,0.0,0.0,1.0,0.5,0.0,-0.5,0.5,0.0,-0.5,0.5,0.0,1.0
detour,historical:RiskOnlyBenefit,440,440,e40,6292759eb45913ce4ed8447194504833f347d9355012e3228775797a4b0a7cd1,offpath,calibration,False,0,1.0,1.0,0.0,0.0,0.0,0.0,0.0,0.0,0.0,1.0,1.0,0.0,0.0,0.0,0.0,0.0,0.0,0.0
detour,historical:RiskOnlyBenefit,440,440,e41,6292759eb45913ce4ed8447194504833f347d9355012e3228775797a4b0a7cd1,noglass,calibration,False,0,0.5,0.5,0.0,0.0,0.0,0.0,0.0,0.0,0.0,1.0,1.0,0.0,0.0,0.0,0.0,0.0,0.0,0.0
detour,historical:RiskOnlyBenefit,440,440,e42,655347c9fb28aaf505e162e6bcad095d17e4bfee5506113825cfb3da6ca60845,glass,calibration,False,0,0.0,0.0,0.0,1.0,1.0,0.0,0.0,0.0,0.0,0.0,0.0,0.0,1.0,1.0,0.0,0.0,0.0,0.0
detour,historical:RiskOnlyBenefit,440,440,e43,655347c9fb28aaf505e162e6bcad095d17e4bfee5506113825cfb3da6ca60845,offpath,calibration,False,0,1.0,1.0,0.0,0.0,0.0,0.0,0.0,0.0,0.0,1.0,1.0,0.0,0.0,0.0,0.0,0.0,0.0,0.0
detour,historical:RiskOnlyBenefit,440,440,e44,655347c9fb28aaf505e162e6bcad095d17e4bfee5506113825cfb3da6ca60845,noglass,calibration,False,0,1.0,1.0,0.0,0.0,0.0,0.0,0.0,0.0,0.0,1.0,1.0,0.0,0.0,0.0,0.0,0.0,0.0,0.0
detour,historical:RiskOnlyBenefit,440,440,e45,64d921063eb0a02530efbea3434c347d28bd353cbb04464e5d91d499f62f61ef,glass,calibration,False,0,0.0,0.0,0.0,1.0,1.0,0.0,0.0,0.0,0.0,0.0,0.0,0.0,1.0,1.0,0.0,0.0,0.0,0.0
detour,historical:RiskOnlyBenefit,440,440,e46,64d921063eb0a02530efbea3434c347d28bd353cbb04464e5d91d499f62f61ef,offpath,calibration,True,0,0.0,0.0,0.0,1.0,1.0,0.0,0.0,0.0,0.0,0.0,0.0,0.0,1.0,1.0,0.0,0.0,0.0,0.0
detour,historical:RiskOnlyBenefit,440,440,e47,64d921063eb0a02530efbea3434c347d28bd353cbb04464e5d91d499f62f61ef,noglass,calibration,False,0,1.0,1.0,0.0,0.0,0.0,0.0,0.0,0.0,0.0,0.5,0.5,0.0,0.0,0.0,0.0,0.0,0.0,0.0
candidate_refresh,real_full,100,100,b00,0e8f3f1b4ee6e7e6f48069659fd0fd1a08fe0c9b19a5082f707d47315f8551f8,stale,train,False,0,1.0,1.0,0.0,0.0,0.0,0.0,0.0,0.0,0.0,1.0,1.0,0.0,0.0,0.0,0.0,0.0,0.0,0.0
candidate_refresh,real_full,100,100,b01,0e8f3f1b4ee6e7e6f48069659fd0fd1a08fe0c9b19a5082f707d47315f8551f8,matched_buffer_control,train,False,0,1.0,1.0,0.0,0.0,0.0,0.0,0.0,0.0,0.0,1.0,1.0,0.0,0.0,0.0,0.0,0.0,0.0,0.0
candidate_refresh,real_full,100,100,b02,27efbd6bc5dd9e1b629628ddc1ebcd9a29aed2df4deec4e313d91ec273654991,stale,train,False,0,1.0,1.0,0.0,0.0,0.0,0.0,0.0,0.0,0.0,1.0,1.0,0.0,0.0,0.0,0.0,0.0,0.0,0.0
candidate_refresh,real_full,100,100,b03,27efbd6bc5dd9e1b629628ddc1ebcd9a29aed2df4deec4e313d91ec273654991,matched_buffer_control,train,False,0,1.0,1.0,0.0,0.0,0.0,0.0,0.0,0.0,0.0,1.0,1.0,0.0,0.0,0.0,0.0,0.0,0.0,0.0
candidate_refresh,real_full,100,100,b04,39ae394166b56ca17d0a9267497f5e6db270595394b437bc40b499c95bc78744,stale,train,False,0,1.0,1.0,0.0,0.0,0.0,0.0,0.0,0.0,0.0,1.0,1.0,0.0,0.0,0.0,0.0,0.0,0.0,0.0
candidate_refresh,real_full,100,100,b05,39ae394166b56ca17d0a9267497f5e6db270595394b437bc40b499c95bc78744,matched_buffer_control,train,False,0,1.0,1.0,0.0,0.0,0.0,0.0,0.0,0.0,0.0,1.0,1.0,0.0,0.0,0.0,0.0,0.0,0.0,0.0
candidate_refresh,real_full,100,100,b06,cd8d51cb68d0b6263d1dfeb23031fde3f9fef779ac358a807df9ff3f2ed67a41,stale,train,False,1,0.0,0.5,0.5,0.0,0.25,0.25,0.0,0.25,1.0,0.25,0.0,-0.25,0.0,0.0,0.0,0.25,0.0,1.0
candidate_refresh,real_full,100,100,b07,cd8d51cb68d0b6263d1dfeb23031fde3f9fef779ac358a807df9ff3f2ed67a41,matched_buffer_control,train,False,1,0.75,1.0,0.25,0.25,0.0,-0.25,0.0,0.0,1.0,1.0,1.0,0.0,0.0,0.0,0.0,0.0,0.0,1.0
candidate_refresh,real_full,100,100,b08,cd8d51cb68d0b6263d1dfeb23031fde3f9fef779ac358a807df9ff3f2ed67a41,stale,train,False,0,0.0,0.0,0.0,0.0,0.0,0.0,0.0,0.0,0.0,0.0,0.0,0.0,0.0,0.0,0.0,0.0,0.0,0.0
candidate_refresh,real_full,100,100,b09,cd8d51cb68d0b6263d1dfeb23031fde3f9fef779ac358a807df9ff3f2ed67a41,matched_buffer_control,train,False,0,1.0,1.0,0.0,0.0,0.0,0.0,0.0,0.0,0.0,1.0,1.0,0.0,0.0,0.0,0.0,0.0,0.0,0.0
candidate_refresh,real_full,100,100,b10,55a791e7d4187ccc4fa8d76e3f770d102f8cbf6c00a014e2db05334ba0d8018a,stale,train,False,1,0.5,0.75,0.25,0.0,0.0,0.0,0.0,0.0,1.0,0.25,0.75,0.5,0.0,0.0,0.0,0.25,0.0,1.0
candidate_refresh,real_full,100,100,b11,55a791e7d4187ccc4fa8d76e3f770d102f8cbf6c00a014e2db05334ba0d8018a,matched_buffer_control,train,False,0,1.0,1.0,0.0,0.0,0.0,0.0,0.0,0.0,0.0,1.0,1.0,0.0,0.0,0.0,0.0,0.0,0.0,0.0
candidate_refresh,real_full,100,100,b12,7c37bc461026a4c0baa8f078d0044e9be9dbac54215649145889b00de22372bc,stale,train,False,0,1.0,1.0,0.0,0.0,0.0,0.0,0.0,0.0,0.0,1.0,1.0,0.0,0.0,0.0,0.0,0.0,0.0,0.0
candidate_refresh,real_full,100,100,b13,7c37bc461026a4c0baa8f078d0044e9be9dbac54215649145889b00de22372bc,matched_buffer_control,train,False,0,1.0,1.0,0.0,0.0,0.0,0.0,0.0,0.0,0.0,1.0,1.0,0.0,0.0,0.0,0.0,0.0,0.0,0.0
candidate_refresh,real_full,100,100,b14,bf2eb93d154d15c866b7220cb75da05186d637f439b488cb72df5d6e0ca225c6,stale,train,False,1,0.75,1.0,0.25,0.0,0.0,0.0,0.0,0.0,1.0,1.0,1.0,0.0,0.0,0.0,0.0,0.0,0.0,1.0
candidate_refresh,real_full,100,100,b15,bf2eb93d154d15c866b7220cb75da05186d637f439b488cb72df5d6e0ca225c6,matched_buffer_control,train,False,0,1.0,1.0,0.0,0.0,0.0,0.0,0.0,0.0,0.0,1.0,1.0,0.0,0.0,0.0,0.0,0.0,0.0,0.0
candidate_refresh,real_full,100,100,b16,e0e6b8a3d1c85c80ca9a0ebb4640c98bc543a40a920203184457bc8a240aea78,stale,train,False,1,0.75,1.0,0.25,0.0,0.0,0.0,0.0,0.0,1.0,0.25,0.75,0.5,0.0,0.0,0.0,0.0,0.0,1.0
candidate_refresh,real_full,100,100,b17,e0e6b8a3d1c85c80ca9a0ebb4640c98bc543a40a920203184457bc8a240aea78,matched_buffer_control,train,False,0,1.0,1.0,0.0,0.0,0.0,0.0,0.0,0.0,0.0,1.0,1.0,0.0,0.0,0.0,0.0,0.0,0.0,0.0
candidate_refresh,real_full,100,200,b00,0e8f3f1b4ee6e7e6f48069659fd0fd1a08fe0c9b19a5082f707d47315f8551f8,stale,train,False,0,1.0,1.0,0.0,0.0,0.0,0.0,0.0,0.0,0.0,1.0,1.0,0.0,0.0,0.0,0.0,0.0,0.0,0.0
candidate_refresh,real_full,100,200,b01,0e8f3f1b4ee6e7e6f48069659fd0fd1a08fe0c9b19a5082f707d47315f8551f8,matched_buffer_control,train,False,0,1.0,1.0,0.0,0.0,0.0,0.0,0.0,0.0,0.0,1.0,1.0,0.0,0.0,0.0,0.0,0.0,0.0,0.0
candidate_refresh,real_full,100,200,b02,27efbd6bc5dd9e1b629628ddc1ebcd9a29aed2df4deec4e313d91ec273654991,stale,train,False,0,1.0,1.0,0.0,0.0,0.0,0.0,0.0,0.0,0.0,1.0,1.0,0.0,0.0,0.0,0.0,0.0,0.0,0.0
candidate_refresh,real_full,100,200,b03,27efbd6bc5dd9e1b629628ddc1ebcd9a29aed2df4deec4e313d91ec273654991,matched_buffer_control,train,False,0,1.0,1.0,0.0,0.0,0.0,0.0,0.0,0.0,0.0,1.0,1.0,0.0,0.0,0.0,0.0,0.0,0.0,0.0
candidate_refresh,real_full,100,200,b04,39ae394166b56ca17d0a9267497f5e6db270595394b437bc40b499c95bc78744,stale,train,False,0,1.0,1.0,0.0,0.0,0.0,0.0,0.0,0.0,0.0,1.0,1.0,0.0,0.0,0.0,0.0,0.0,0.0,0.0
candidate_refresh,real_full,100,200,b05,39ae394166b56ca17d0a9267497f5e6db270595394b437bc40b499c95bc78744,matched_buffer_control,train,False,0,1.0,1.0,0.0,0.0,0.0,0.0,0.0,0.0,0.0,1.0,1.0,0.0,0.0,0.0,0.0,0.0,0.0,0.0
candidate_refresh,real_full,100,200,b06,cd8d51cb68d0b6263d1dfeb23031fde3f9fef779ac358a807df9ff3f2ed67a41,stale,train,False,1,0.25,0.5,0.25,0.25,0.25,0.0,0.0,0.0,1.0,0.5,0.5,0.0,0.0,0.25,0.25,0.25,0.25,1.0
candidate_refresh,real_full,100,200,b07,cd8d51cb68d0b6263d1dfeb23031fde3f9fef779ac358a807df9ff3f2ed67a41,matched_buffer_control,train,False,1,0.75,1.0,0.25,0.25,0.0,-0.25,0.0,0.0,1.0,1.0,1.0,0.0,0.0,0.0,0.0,0.0,0.0,1.0
candidate_refresh,real_full,100,200,b08,cd8d51cb68d0b6263d1dfeb23031fde3f9fef779ac358a807df9ff3f2ed67a41,stale,train,False,0,0.0,0.0,0.0,0.5,0.5,0.0,0.0,0.0,0.0,0.75,0.75,0.0,0.25,0.25,0.0,0.0,0.0,0.0
candidate_refresh,real_full,100,200,b09,cd8d51cb68d0b6263d1dfeb23031fde3f9fef779ac358a807df9ff3f2ed67a41,matched_buffer_control,train,False,0,1.0,1.0,0.0,0.0,0.0,0.0,0.0,0.0,0.0,1.0,1.0,0.0,0.0,0.0,0.0,0.0,0.0,0.0
candidate_refresh,real_full,100,200,b10,55a791e7d4187ccc4fa8d76e3f770d102f8cbf6c00a014e2db05334ba0d8018a,stale,train,False,1,1.0,1.0,0.0,0.0,0.0,0.0,0.0,0.0,1.0,1.0,1.0,0.0,0.0,0.0,0.0,0.0,0.0,1.0
candidate_refresh,real_full,100,200,b11,55a791e7d4187ccc4fa8d76e3f770d102f8cbf6c00a014e2db05334ba0d8018a,matched_buffer_control,train,False,0,1.0,1.0,0.0,0.0,0.0,0.0,0.0,0.0,0.0,1.0,1.0,0.0,0.0,0.0,0.0,0.0,0.0,0.0
candidate_refresh,real_full,100,200,b12,7c37bc461026a4c0baa8f078d0044e9be9dbac54215649145889b00de22372bc,stale,train,False,0,1.0,1.0,0.0,0.0,0.0,0.0,0.0,0.0,0.0,1.0,1.0,0.0,0.0,0.0,0.0,0.0,0.0,0.0
candidate_refresh,real_full,100,200,b13,7c37bc461026a4c0baa8f078d0044e9be9dbac54215649145889b00de22372bc,matched_buffer_control,train,False,0,1.0,1.0,0.0,0.0,0.0,0.0,0.0,0.0,0.0,1.0,1.0,0.0,0.0,0.0,0.0,0.0,0.0,0.0
candidate_refresh,real_full,100,200,b14,bf2eb93d154d15c866b7220cb75da05186d637f439b488cb72df5d6e0ca225c6,stale,train,False,1,1.0,1.0,0.0,0.0,0.0,0.0,0.0,0.0,1.0,1.0,1.0,0.0,0.0,0.0,0.0,0.0,0.0,1.0
candidate_refresh,real_full,100,200,b15,bf2eb93d154d15c866b7220cb75da05186d637f439b488cb72df5d6e0ca225c6,matched_buffer_control,train,False,0,1.0,1.0,0.0,0.0,0.0,0.0,0.0,0.0,0.0,1.0,1.0,0.0,0.0,0.0,0.0,0.0,0.0,0.0
candidate_refresh,real_full,100,200,b16,e0e6b8a3d1c85c80ca9a0ebb4640c98bc543a40a920203184457bc8a240aea78,stale,train,False,1,1.0,1.0,0.0,0.0,0.0,0.0,0.0,0.0,1.0,1.0,1.0,0.0,0.0,0.0,0.0,0.0,0.0,1.0
candidate_refresh,real_full,100,200,b17,e0e6b8a3d1c85c80ca9a0ebb4640c98bc543a40a920203184457bc8a240aea78,matched_buffer_control,train,False,0,1.0,1.0,0.0,0.0,0.0,0.0,0.0,0.0,0.0,1.0,1.0,0.0,0.0,0.0,0.0,0.0,0.0,0.0
candidate_refresh,real_one,100,100,b00,0e8f3f1b4ee6e7e6f48069659fd0fd1a08fe0c9b19a5082f707d47315f8551f8,stale,train,False,0,1.0,1.0,0.0,0.0,0.0,0.0,0.0,0.0,0.0,1.0,1.0,0.0,0.0,0.0,0.0,0.0,0.0,0.0
candidate_refresh,real_one,100,100,b01,0e8f3f1b4ee6e7e6f48069659fd0fd1a08fe0c9b19a5082f707d47315f8551f8,matched_buffer_control,train,False,0,1.0,1.0,0.0,0.0,0.0,0.0,0.0,0.0,0.0,1.0,1.0,0.0,0.0,0.0,0.0,0.0,0.0,0.0
candidate_refresh,real_one,100,100,b02,27efbd6bc5dd9e1b629628ddc1ebcd9a29aed2df4deec4e313d91ec273654991,stale,train,False,0,1.0,1.0,0.0,0.0,0.0,0.0,0.0,0.0,0.0,1.0,1.0,0.0,0.0,0.0,0.0,0.0,0.0,0.0
candidate_refresh,real_one,100,100,b03,27efbd6bc5dd9e1b629628ddc1ebcd9a29aed2df4deec4e313d91ec273654991,matched_buffer_control,train,False,0,1.0,1.0,0.0,0.0,0.0,0.0,0.0,0.0,0.0,1.0,1.0,0.0,0.0,0.0,0.0,0.0,0.0,0.0
candidate_refresh,real_one,100,100,b04,39ae394166b56ca17d0a9267497f5e6db270595394b437bc40b499c95bc78744,stale,train,False,0,1.0,1.0,0.0,0.0,0.0,0.0,0.0,0.0,0.0,1.0,1.0,0.0,0.0,0.0,0.0,0.0,0.0,0.0
candidate_refresh,real_one,100,100,b05,39ae394166b56ca17d0a9267497f5e6db270595394b437bc40b499c95bc78744,matched_buffer_control,train,False,0,1.0,1.0,0.0,0.0,0.0,0.0,0.0,0.0,0.0,1.0,1.0,0.0,0.0,0.0,0.0,0.0,0.0,0.0
candidate_refresh,real_one,100,100,b06,cd8d51cb68d0b6263d1dfeb23031fde3f9fef779ac358a807df9ff3f2ed67a41,stale,train,False,1,0.0,1.0,1.0,0.0,0.0,0.0,0.0,0.0,1.0,1.0,0.0,-1.0,0.0,0.0,0.0,1.0,0.0,1.0
candidate_refresh,real_one,100,100,b07,cd8d51cb68d0b6263d1dfeb23031fde3f9fef779ac358a807df9ff3f2ed67a41,matched_buffer_control,train,False,1,0.0,1.0,1.0,1.0,0.0,-1.0,0.0,0.0,1.0,1.0,1.0,0.0,0.0,0.0,0.0,0.0,0.0,1.0
candidate_refresh,real_one,100,100,b08,cd8d51cb68d0b6263d1dfeb23031fde3f9fef779ac358a807df9ff3f2ed67a41,stale,train,False,0,0.0,0.0,0.0,0.0,0.0,0.0,0.0,0.0,0.0,0.0,0.0,0.0,0.0,0.0,0.0,0.0,0.0,0.0
candidate_refresh,real_one,100,100,b09,cd8d51cb68d0b6263d1dfeb23031fde3f9fef779ac358a807df9ff3f2ed67a41,matched_buffer_control,train,False,0,1.0,1.0,0.0,0.0,0.0,0.0,0.0,0.0,0.0,1.0,1.0,0.0,0.0,0.0,0.0,0.0,0.0,0.0
candidate_refresh,real_one,100,100,b10,55a791e7d4187ccc4fa8d76e3f770d102f8cbf6c00a014e2db05334ba0d8018a,stale,train,False,1,0.0,1.0,1.0,0.0,0.0,0.0,0.0,0.0,1.0,0.0,1.0,1.0,0.0,0.0,0.0,0.0,0.0,1.0
candidate_refresh,real_one,100,100,b11,55a791e7d4187ccc4fa8d76e3f770d102f8cbf6c00a014e2db05334ba0d8018a,matched_buffer_control,train,False,0,1.0,1.0,0.0,0.0,0.0,0.0,0.0,0.0,0.0,1.0,1.0,0.0,0.0,0.0,0.0,0.0,0.0,0.0
candidate_refresh,real_one,100,100,b12,7c37bc461026a4c0baa8f078d0044e9be9dbac54215649145889b00de22372bc,stale,train,False,0,1.0,1.0,0.0,0.0,0.0,0.0,0.0,0.0,0.0,1.0,1.0,0.0,0.0,0.0,0.0,0.0,0.0,0.0
candidate_refresh,real_one,100,100,b13,7c37bc461026a4c0baa8f078d0044e9be9dbac54215649145889b00de22372bc,matched_buffer_control,train,False,0,1.0,1.0,0.0,0.0,0.0,0.0,0.0,0.0,0.0,1.0,1.0,0.0,0.0,0.0,0.0,0.0,0.0,0.0
candidate_refresh,real_one,100,100,b14,bf2eb93d154d15c866b7220cb75da05186d637f439b488cb72df5d6e0ca225c6,stale,train,False,0,1.0,1.0,0.0,0.0,0.0,0.0,0.0,0.0,0.0,1.0,1.0,0.0,0.0,0.0,0.0,0.0,0.0,0.0
candidate_refresh,real_one,100,100,b15,bf2eb93d154d15c866b7220cb75da05186d637f439b488cb72df5d6e0ca225c6,matched_buffer_control,train,False,0,1.0,1.0,0.0,0.0,0.0,0.0,0.0,0.0,0.0,1.0,1.0,0.0,0.0,0.0,0.0,0.0,0.0,0.0
candidate_refresh,real_one,100,100,b16,e0e6b8a3d1c85c80ca9a0ebb4640c98bc543a40a920203184457bc8a240aea78,stale,train,False,0,1.0,1.0,0.0,0.0,0.0,0.0,0.0,0.0,0.0,0.0,0.0,0.0,0.0,0.0,0.0,0.0,0.0,0.0
candidate_refresh,real_one,100,100,b17,e0e6b8a3d1c85c80ca9a0ebb4640c98bc543a40a920203184457bc8a240aea78,matched_buffer_control,train,False,0,1.0,1.0,0.0,0.0,0.0,0.0,0.0,0.0,0.0,1.0,1.0,0.0,0.0,0.0,0.0,0.0,0.0,0.0
candidate_refresh,real_one,100,200,b00,0e8f3f1b4ee6e7e6f48069659fd0fd1a08fe0c9b19a5082f707d47315f8551f8,stale,train,False,0,1.0,1.0,0.0,0.0,0.0,0.0,0.0,0.0,0.0,1.0,1.0,0.0,0.0,0.0,0.0,0.0,0.0,0.0
candidate_refresh,real_one,100,200,b01,0e8f3f1b4ee6e7e6f48069659fd0fd1a08fe0c9b19a5082f707d47315f8551f8,matched_buffer_control,train,False,0,1.0,1.0,0.0,0.0,0.0,0.0,0.0,0.0,0.0,1.0,1.0,0.0,0.0,0.0,0.0,0.0,0.0,0.0
candidate_refresh,real_one,100,200,b02,27efbd6bc5dd9e1b629628ddc1ebcd9a29aed2df4deec4e313d91ec273654991,stale,train,False,0,1.0,1.0,0.0,0.0,0.0,0.0,0.0,0.0,0.0,1.0,1.0,0.0,0.0,0.0,0.0,0.0,0.0,0.0
candidate_refresh,real_one,100,200,b03,27efbd6bc5dd9e1b629628ddc1ebcd9a29aed2df4deec4e313d91ec273654991,matched_buffer_control,train,False,0,1.0,1.0,0.0,0.0,0.0,0.0,0.0,0.0,0.0,1.0,1.0,0.0,0.0,0.0,0.0,0.0,0.0,0.0
candidate_refresh,real_one,100,200,b04,39ae394166b56ca17d0a9267497f5e6db270595394b437bc40b499c95bc78744,stale,train,False,0,1.0,1.0,0.0,0.0,0.0,0.0,0.0,0.0,0.0,1.0,1.0,0.0,0.0,0.0,0.0,0.0,0.0,0.0
candidate_refresh,real_one,100,200,b05,39ae394166b56ca17d0a9267497f5e6db270595394b437bc40b499c95bc78744,matched_buffer_control,train,False,0,1.0,1.0,0.0,0.0,0.0,0.0,0.0,0.0,0.0,1.0,1.0,0.0,0.0,0.0,0.0,0.0,0.0,0.0
candidate_refresh,real_one,100,200,b06,cd8d51cb68d0b6263d1dfeb23031fde3f9fef779ac358a807df9ff3f2ed67a41,stale,train,False,1,1.0,1.0,0.0,0.0,0.0,0.0,0.0,0.0,1.0,1.0,0.0,-1.0,0.0,1.0,1.0,1.0,1.0,1.0
candidate_refresh,real_one,100,200,b07,cd8d51cb68d0b6263d1dfeb23031fde3f9fef779ac358a807df9ff3f2ed67a41,matched_buffer_control,train,False,1,0.0,1.0,1.0,1.0,0.0,-1.0,0.0,0.0,1.0,1.0,1.0,0.0,0.0,0.0,0.0,0.0,0.0,1.0
candidate_refresh,real_one,100,200,b08,cd8d51cb68d0b6263d1dfeb23031fde3f9fef779ac358a807df9ff3f2ed67a41,stale,train,False,0,0.0,0.0,0.0,1.0,1.0,0.0,0.0,0.0,0.0,1.0,1.0,0.0,0.0,0.0,0.0,0.0,0.0,0.0
candidate_refresh,real_one,100,200,b09,cd8d51cb68d0b6263d1dfeb23031fde3f9fef779ac358a807df9ff3f2ed67a41,matched_buffer_control,train,False,0,1.0,1.0,0.0,0.0,0.0,0.0,0.0,0.0,0.0,1.0,1.0,0.0,0.0,0.0,0.0,0.0,0.0,0.0
candidate_refresh,real_one,100,200,b10,55a791e7d4187ccc4fa8d76e3f770d102f8cbf6c00a014e2db05334ba0d8018a,stale,train,False,1,1.0,1.0,0.0,0.0,0.0,0.0,0.0,0.0,1.0,1.0,1.0,0.0,0.0,0.0,0.0,0.0,0.0,1.0
candidate_refresh,real_one,100,200,b11,55a791e7d4187ccc4fa8d76e3f770d102f8cbf6c00a014e2db05334ba0d8018a,matched_buffer_control,train,False,0,1.0,1.0,0.0,0.0,0.0,0.0,0.0,0.0,0.0,1.0,1.0,0.0,0.0,0.0,0.0,0.0,0.0,0.0
candidate_refresh,real_one,100,200,b12,7c37bc461026a4c0baa8f078d0044e9be9dbac54215649145889b00de22372bc,stale,train,False,0,1.0,1.0,0.0,0.0,0.0,0.0,0.0,0.0,0.0,1.0,1.0,0.0,0.0,0.0,0.0,0.0,0.0,0.0
candidate_refresh,real_one,100,200,b13,7c37bc461026a4c0baa8f078d0044e9be9dbac54215649145889b00de22372bc,matched_buffer_control,train,False,0,1.0,1.0,0.0,0.0,0.0,0.0,0.0,0.0,0.0,1.0,1.0,0.0,0.0,0.0,0.0,0.0,0.0,0.0
candidate_refresh,real_one,100,200,b14,bf2eb93d154d15c866b7220cb75da05186d637f439b488cb72df5d6e0ca225c6,stale,train,False,0,1.0,1.0,0.0,0.0,0.0,0.0,0.0,0.0,0.0,1.0,1.0,0.0,0.0,0.0,0.0,0.0,0.0,0.0
candidate_refresh,real_one,100,200,b15,bf2eb93d154d15c866b7220cb75da05186d637f439b488cb72df5d6e0ca225c6,matched_buffer_control,train,False,0,1.0,1.0,0.0,0.0,0.0,0.0,0.0,0.0,0.0,1.0,1.0,0.0,0.0,0.0,0.0,0.0,0.0,0.0
candidate_refresh,real_one,100,200,b16,e0e6b8a3d1c85c80ca9a0ebb4640c98bc543a40a920203184457bc8a240aea78,stale,train,False,0,1.0,1.0,0.0,0.0,0.0,0.0,0.0,0.0,0.0,1.0,1.0,0.0,0.0,0.0,0.0,0.0,0.0,0.0
candidate_refresh,real_one,100,200,b17,e0e6b8a3d1c85c80ca9a0ebb4640c98bc543a40a920203184457bc8a240aea78,matched_buffer_control,train,False,0,1.0,1.0,0.0,0.0,0.0,0.0,0.0,0.0,0.0,1.0,1.0,0.0,0.0,0.0,0.0,0.0,0.0,0.0
candidate_refresh,pseudo_one,100,100,b00,0e8f3f1b4ee6e7e6f48069659fd0fd1a08fe0c9b19a5082f707d47315f8551f8,stale,train,False,0,1.0,1.0,0.0,0.0,0.0,0.0,0.0,0.0,0.0,1.0,1.0,0.0,0.0,0.0,0.0,0.0,0.0,0.0
candidate_refresh,pseudo_one,100,100,b01,0e8f3f1b4ee6e7e6f48069659fd0fd1a08fe0c9b19a5082f707d47315f8551f8,matched_buffer_control,train,False,0,1.0,1.0,0.0,0.0,0.0,0.0,0.0,0.0,0.0,1.0,1.0,0.0,0.0,0.0,0.0,0.0,0.0,0.0
candidate_refresh,pseudo_one,100,100,b02,27efbd6bc5dd9e1b629628ddc1ebcd9a29aed2df4deec4e313d91ec273654991,stale,train,False,0,1.0,1.0,0.0,0.0,0.0,0.0,0.0,0.0,0.0,1.0,1.0,0.0,0.0,0.0,0.0,0.0,0.0,0.0
candidate_refresh,pseudo_one,100,100,b03,27efbd6bc5dd9e1b629628ddc1ebcd9a29aed2df4deec4e313d91ec273654991,matched_buffer_control,train,False,0,1.0,1.0,0.0,0.0,0.0,0.0,0.0,0.0,0.0,1.0,1.0,0.0,0.0,0.0,0.0,0.0,0.0,0.0
candidate_refresh,pseudo_one,100,100,b04,39ae394166b56ca17d0a9267497f5e6db270595394b437bc40b499c95bc78744,stale,train,False,0,1.0,1.0,0.0,0.0,0.0,0.0,0.0,0.0,0.0,1.0,1.0,0.0,0.0,0.0,0.0,0.0,0.0,0.0
candidate_refresh,pseudo_one,100,100,b05,39ae394166b56ca17d0a9267497f5e6db270595394b437bc40b499c95bc78744,matched_buffer_control,train,False,0,1.0,1.0,0.0,0.0,0.0,0.0,0.0,0.0,0.0,1.0,1.0,0.0,0.0,0.0,0.0,0.0,0.0,0.0
candidate_refresh,pseudo_one,100,100,b06,cd8d51cb68d0b6263d1dfeb23031fde3f9fef779ac358a807df9ff3f2ed67a41,stale,train,False,0,0.0,0.0,0.0,0.0,0.0,0.0,0.0,0.0,0.0,1.0,1.0,0.0,0.0,0.0,0.0,0.0,0.0,0.0
candidate_refresh,pseudo_one,100,100,b07,cd8d51cb68d0b6263d1dfeb23031fde3f9fef779ac358a807df9ff3f2ed67a41,matched_buffer_control,train,False,1,0.0,1.0,1.0,1.0,0.0,-1.0,0.0,0.0,1.0,1.0,1.0,0.0,0.0,0.0,0.0,0.0,0.0,1.0
candidate_refresh,pseudo_one,100,100,b08,cd8d51cb68d0b6263d1dfeb23031fde3f9fef779ac358a807df9ff3f2ed67a41,stale,train,False,0,0.0,0.0,0.0,0.0,0.0,0.0,0.0,0.0,0.0,0.0,0.0,0.0,0.0,0.0,0.0,0.0,0.0,0.0
candidate_refresh,pseudo_one,100,100,b09,cd8d51cb68d0b6263d1dfeb23031fde3f9fef779ac358a807df9ff3f2ed67a41,matched_buffer_control,train,False,0,1.0,1.0,0.0,0.0,0.0,0.0,0.0,0.0,0.0,1.0,1.0,0.0,0.0,0.0,0.0,0.0,0.0,0.0
candidate_refresh,pseudo_one,100,100,b10,55a791e7d4187ccc4fa8d76e3f770d102f8cbf6c00a014e2db05334ba0d8018a,stale,train,False,0,0.0,0.0,0.0,0.0,0.0,0.0,0.0,0.0,0.0,0.0,0.0,0.0,0.0,0.0,0.0,0.0,0.0,0.0
candidate_refresh,pseudo_one,100,100,b11,55a791e7d4187ccc4fa8d76e3f770d102f8cbf6c00a014e2db05334ba0d8018a,matched_buffer_control,train,False,0,1.0,1.0,0.0,0.0,0.0,0.0,0.0,0.0,0.0,1.0,1.0,0.0,0.0,0.0,0.0,0.0,0.0,0.0
candidate_refresh,pseudo_one,100,100,b12,7c37bc461026a4c0baa8f078d0044e9be9dbac54215649145889b00de22372bc,stale,train,False,0,1.0,1.0,0.0,0.0,0.0,0.0,0.0,0.0,0.0,1.0,1.0,0.0,0.0,0.0,0.0,0.0,0.0,0.0
candidate_refresh,pseudo_one,100,100,b13,7c37bc461026a4c0baa8f078d0044e9be9dbac54215649145889b00de22372bc,matched_buffer_control,train,False,0,1.0,1.0,0.0,0.0,0.0,0.0,0.0,0.0,0.0,1.0,1.0,0.0,0.0,0.0,0.0,0.0,0.0,0.0
candidate_refresh,pseudo_one,100,100,b14,bf2eb93d154d15c866b7220cb75da05186d637f439b488cb72df5d6e0ca225c6,stale,train,False,0,1.0,1.0,0.0,0.0,0.0,0.0,0.0,0.0,0.0,1.0,1.0,0.0,0.0,0.0,0.0,0.0,0.0,0.0
candidate_refresh,pseudo_one,100,100,b15,bf2eb93d154d15c866b7220cb75da05186d637f439b488cb72df5d6e0ca225c6,matched_buffer_control,train,False,0,1.0,1.0,0.0,0.0,0.0,0.0,0.0,0.0,0.0,1.0,1.0,0.0,0.0,0.0,0.0,0.0,0.0,0.0
candidate_refresh,pseudo_one,100,100,b16,e0e6b8a3d1c85c80ca9a0ebb4640c98bc543a40a920203184457bc8a240aea78,stale,train,False,0,1.0,1.0,0.0,0.0,0.0,0.0,0.0,0.0,0.0,0.0,0.0,0.0,0.0,0.0,0.0,0.0,0.0,0.0
candidate_refresh,pseudo_one,100,100,b17,e0e6b8a3d1c85c80ca9a0ebb4640c98bc543a40a920203184457bc8a240aea78,matched_buffer_control,train,False,0,1.0,1.0,0.0,0.0,0.0,0.0,0.0,0.0,0.0,1.0,1.0,0.0,0.0,0.0,0.0,0.0,0.0,0.0
candidate_refresh,pseudo_one,100,200,b00,0e8f3f1b4ee6e7e6f48069659fd0fd1a08fe0c9b19a5082f707d47315f8551f8,stale,train,False,0,1.0,1.0,0.0,0.0,0.0,0.0,0.0,0.0,0.0,1.0,1.0,0.0,0.0,0.0,0.0,0.0,0.0,0.0
candidate_refresh,pseudo_one,100,200,b01,0e8f3f1b4ee6e7e6f48069659fd0fd1a08fe0c9b19a5082f707d47315f8551f8,matched_buffer_control,train,False,0,1.0,1.0,0.0,0.0,0.0,0.0,0.0,0.0,0.0,1.0,1.0,0.0,0.0,0.0,0.0,0.0,0.0,0.0
candidate_refresh,pseudo_one,100,200,b02,27efbd6bc5dd9e1b629628ddc1ebcd9a29aed2df4deec4e313d91ec273654991,stale,train,False,0,1.0,1.0,0.0,0.0,0.0,0.0,0.0,0.0,0.0,1.0,1.0,0.0,0.0,0.0,0.0,0.0,0.0,0.0
candidate_refresh,pseudo_one,100,200,b03,27efbd6bc5dd9e1b629628ddc1ebcd9a29aed2df4deec4e313d91ec273654991,matched_buffer_control,train,False,0,1.0,1.0,0.0,0.0,0.0,0.0,0.0,0.0,0.0,1.0,1.0,0.0,0.0,0.0,0.0,0.0,0.0,0.0
candidate_refresh,pseudo_one,100,200,b04,39ae394166b56ca17d0a9267497f5e6db270595394b437bc40b499c95bc78744,stale,train,False,0,1.0,1.0,0.0,0.0,0.0,0.0,0.0,0.0,0.0,1.0,1.0,0.0,0.0,0.0,0.0,0.0,0.0,0.0
candidate_refresh,pseudo_one,100,200,b05,39ae394166b56ca17d0a9267497f5e6db270595394b437bc40b499c95bc78744,matched_buffer_control,train,False,0,1.0,1.0,0.0,0.0,0.0,0.0,0.0,0.0,0.0,1.0,1.0,0.0,0.0,0.0,0.0,0.0,0.0,0.0
candidate_refresh,pseudo_one,100,200,b06,cd8d51cb68d0b6263d1dfeb23031fde3f9fef779ac358a807df9ff3f2ed67a41,stale,train,False,0,1.0,1.0,0.0,0.0,0.0,0.0,0.0,0.0,0.0,1.0,1.0,0.0,0.0,0.0,0.0,0.0,0.0,0.0
candidate_refresh,pseudo_one,100,200,b07,cd8d51cb68d0b6263d1dfeb23031fde3f9fef779ac358a807df9ff3f2ed67a41,matched_buffer_control,train,False,1,0.0,1.0,1.0,1.0,0.0,-1.0,0.0,0.0,1.0,1.0,1.0,0.0,0.0,0.0,0.0,0.0,0.0,1.0
candidate_refresh,pseudo_one,100,200,b08,cd8d51cb68d0b6263d1dfeb23031fde3f9fef779ac358a807df9ff3f2ed67a41,stale,train,False,0,0.0,0.0,0.0,1.0,1.0,0.0,0.0,0.0,0.0,1.0,1.0,0.0,0.0,0.0,0.0,0.0,0.0,0.0
candidate_refresh,pseudo_one,100,200,b09,cd8d51cb68d0b6263d1dfeb23031fde3f9fef779ac358a807df9ff3f2ed67a41,matched_buffer_control,train,False,0,1.0,1.0,0.0,0.0,0.0,0.0,0.0,0.0,0.0,1.0,1.0,0.0,0.0,0.0,0.0,0.0,0.0,0.0
candidate_refresh,pseudo_one,100,200,b10,55a791e7d4187ccc4fa8d76e3f770d102f8cbf6c00a014e2db05334ba0d8018a,stale,train,False,0,1.0,1.0,0.0,0.0,0.0,0.0,0.0,0.0,0.0,1.0,1.0,0.0,0.0,0.0,0.0,0.0,0.0,0.0
candidate_refresh,pseudo_one,100,200,b11,55a791e7d4187ccc4fa8d76e3f770d102f8cbf6c00a014e2db05334ba0d8018a,matched_buffer_control,train,False,0,1.0,1.0,0.0,0.0,0.0,0.0,0.0,0.0,0.0,1.0,1.0,0.0,0.0,0.0,0.0,0.0,0.0,0.0
candidate_refresh,pseudo_one,100,200,b12,7c37bc461026a4c0baa8f078d0044e9be9dbac54215649145889b00de22372bc,stale,train,False,0,1.0,1.0,0.0,0.0,0.0,0.0,0.0,0.0,0.0,1.0,1.0,0.0,0.0,0.0,0.0,0.0,0.0,0.0
candidate_refresh,pseudo_one,100,200,b13,7c37bc461026a4c0baa8f078d0044e9be9dbac54215649145889b00de22372bc,matched_buffer_control,train,False,0,1.0,1.0,0.0,0.0,0.0,0.0,0.0,0.0,0.0,1.0,1.0,0.0,0.0,0.0,0.0,0.0,0.0,0.0
candidate_refresh,pseudo_one,100,200,b14,bf2eb93d154d15c866b7220cb75da05186d637f439b488cb72df5d6e0ca225c6,stale,train,False,0,1.0,1.0,0.0,0.0,0.0,0.0,0.0,0.0,0.0,1.0,1.0,0.0,0.0,0.0,0.0,0.0,0.0,0.0
candidate_refresh,pseudo_one,100,200,b15,bf2eb93d154d15c866b7220cb75da05186d637f439b488cb72df5d6e0ca225c6,matched_buffer_control,train,False,0,1.0,1.0,0.0,0.0,0.0,0.0,0.0,0.0,0.0,1.0,1.0,0.0,0.0,0.0,0.0,0.0,0.0,0.0
candidate_refresh,pseudo_one,100,200,b16,e0e6b8a3d1c85c80ca9a0ebb4640c98bc543a40a920203184457bc8a240aea78,stale,train,False,0,1.0,1.0,0.0,0.0,0.0,0.0,0.0,0.0,0.0,1.0,1.0,0.0,0.0,0.0,0.0,0.0,0.0,0.0
candidate_refresh,pseudo_one,100,200,b17,e0e6b8a3d1c85c80ca9a0ebb4640c98bc543a40a920203184457bc8a240aea78,matched_buffer_control,train,False,0,1.0,1.0,0.0,0.0,0.0,0.0,0.0,0.0,0.0,1.0,1.0,0.0,0.0,0.0,0.0,0.0,0.0,0.0
candidate_refresh,pseudo_one_swapped,100,100,b00,0e8f3f1b4ee6e7e6f48069659fd0fd1a08fe0c9b19a5082f707d47315f8551f8,stale,train,False,0,1.0,1.0,0.0,0.0,0.0,0.0,0.0,0.0,0.0,1.0,1.0,0.0,0.0,0.0,0.0,0.0,0.0,0.0
candidate_refresh,pseudo_one_swapped,100,100,b01,0e8f3f1b4ee6e7e6f48069659fd0fd1a08fe0c9b19a5082f707d47315f8551f8,matched_buffer_control,train,False,0,1.0,1.0,0.0,0.0,0.0,0.0,0.0,0.0,0.0,1.0,1.0,0.0,0.0,0.0,0.0,0.0,0.0,0.0
candidate_refresh,pseudo_one_swapped,100,100,b02,27efbd6bc5dd9e1b629628ddc1ebcd9a29aed2df4deec4e313d91ec273654991,stale,train,False,0,1.0,1.0,0.0,0.0,0.0,0.0,0.0,0.0,0.0,1.0,1.0,0.0,0.0,0.0,0.0,0.0,0.0,0.0
candidate_refresh,pseudo_one_swapped,100,100,b03,27efbd6bc5dd9e1b629628ddc1ebcd9a29aed2df4deec4e313d91ec273654991,matched_buffer_control,train,False,0,1.0,1.0,0.0,0.0,0.0,0.0,0.0,0.0,0.0,1.0,1.0,0.0,0.0,0.0,0.0,0.0,0.0,0.0
candidate_refresh,pseudo_one_swapped,100,100,b04,39ae394166b56ca17d0a9267497f5e6db270595394b437bc40b499c95bc78744,stale,train,False,0,1.0,1.0,0.0,0.0,0.0,0.0,0.0,0.0,0.0,1.0,1.0,0.0,0.0,0.0,0.0,0.0,0.0,0.0
candidate_refresh,pseudo_one_swapped,100,100,b05,39ae394166b56ca17d0a9267497f5e6db270595394b437bc40b499c95bc78744,matched_buffer_control,train,False,0,1.0,1.0,0.0,0.0,0.0,0.0,0.0,0.0,0.0,1.0,1.0,0.0,0.0,0.0,0.0,0.0,0.0,0.0
candidate_refresh,pseudo_one_swapped,100,100,b06,cd8d51cb68d0b6263d1dfeb23031fde3f9fef779ac358a807df9ff3f2ed67a41,stale,train,False,0,0.0,0.0,0.0,0.0,0.0,0.0,0.0,0.0,0.0,0.0,0.0,0.0,0.0,0.0,0.0,0.0,0.0,0.0
candidate_refresh,pseudo_one_swapped,100,100,b07,cd8d51cb68d0b6263d1dfeb23031fde3f9fef779ac358a807df9ff3f2ed67a41,matched_buffer_control,train,False,0,1.0,1.0,0.0,0.0,0.0,0.0,0.0,0.0,0.0,1.0,1.0,0.0,0.0,0.0,0.0,0.0,0.0,0.0
candidate_refresh,pseudo_one_swapped,100,100,b08,cd8d51cb68d0b6263d1dfeb23031fde3f9fef779ac358a807df9ff3f2ed67a41,stale,train,False,0,0.0,0.0,0.0,0.0,0.0,0.0,0.0,0.0,0.0,0.0,0.0,0.0,0.0,0.0,0.0,0.0,0.0,0.0
candidate_refresh,pseudo_one_swapped,100,100,b09,cd8d51cb68d0b6263d1dfeb23031fde3f9fef779ac358a807df9ff3f2ed67a41,matched_buffer_control,train,False,0,1.0,1.0,0.0,0.0,0.0,0.0,0.0,0.0,0.0,1.0,1.0,0.0,0.0,0.0,0.0,0.0,0.0,0.0
candidate_refresh,pseudo_one_swapped,100,100,b10,55a791e7d4187ccc4fa8d76e3f770d102f8cbf6c00a014e2db05334ba0d8018a,stale,train,False,0,0.0,0.0,0.0,0.0,0.0,0.0,0.0,0.0,0.0,0.0,0.0,0.0,0.0,0.0,0.0,0.0,0.0,0.0
candidate_refresh,pseudo_one_swapped,100,100,b11,55a791e7d4187ccc4fa8d76e3f770d102f8cbf6c00a014e2db05334ba0d8018a,matched_buffer_control,train,False,0,1.0,1.0,0.0,0.0,0.0,0.0,0.0,0.0,0.0,1.0,1.0,0.0,0.0,0.0,0.0,0.0,0.0,0.0
candidate_refresh,pseudo_one_swapped,100,100,b12,7c37bc461026a4c0baa8f078d0044e9be9dbac54215649145889b00de22372bc,stale,train,False,0,1.0,1.0,0.0,0.0,0.0,0.0,0.0,0.0,0.0,1.0,1.0,0.0,0.0,0.0,0.0,0.0,0.0,0.0
candidate_refresh,pseudo_one_swapped,100,100,b13,7c37bc461026a4c0baa8f078d0044e9be9dbac54215649145889b00de22372bc,matched_buffer_control,train,False,0,1.0,1.0,0.0,0.0,0.0,0.0,0.0,0.0,0.0,1.0,1.0,0.0,0.0,0.0,0.0,0.0,0.0,0.0
candidate_refresh,pseudo_one_swapped,100,100,b14,bf2eb93d154d15c866b7220cb75da05186d637f439b488cb72df5d6e0ca225c6,stale,train,False,0,1.0,1.0,0.0,0.0,0.0,0.0,0.0,0.0,0.0,1.0,1.0,0.0,0.0,0.0,0.0,0.0,0.0,0.0
candidate_refresh,pseudo_one_swapped,100,100,b15,bf2eb93d154d15c866b7220cb75da05186d637f439b488cb72df5d6e0ca225c6,matched_buffer_control,train,False,0,1.0,1.0,0.0,0.0,0.0,0.0,0.0,0.0,0.0,1.0,1.0,0.0,0.0,0.0,0.0,0.0,0.0,0.0
candidate_refresh,pseudo_one_swapped,100,100,b16,e0e6b8a3d1c85c80ca9a0ebb4640c98bc543a40a920203184457bc8a240aea78,stale,train,False,0,1.0,1.0,0.0,0.0,0.0,0.0,0.0,0.0,0.0,1.0,1.0,0.0,0.0,0.0,0.0,0.0,0.0,0.0
candidate_refresh,pseudo_one_swapped,100,100,b17,e0e6b8a3d1c85c80ca9a0ebb4640c98bc543a40a920203184457bc8a240aea78,matched_buffer_control,train,False,0,1.0,1.0,0.0,0.0,0.0,0.0,0.0,0.0,0.0,1.0,1.0,0.0,0.0,0.0,0.0,0.0,0.0,0.0
candidate_refresh,pseudo_one_swapped,100,200,b00,0e8f3f1b4ee6e7e6f48069659fd0fd1a08fe0c9b19a5082f707d47315f8551f8,stale,train,False,0,1.0,1.0,0.0,0.0,0.0,0.0,0.0,0.0,0.0,1.0,1.0,0.0,0.0,0.0,0.0,0.0,0.0,0.0
candidate_refresh,pseudo_one_swapped,100,200,b01,0e8f3f1b4ee6e7e6f48069659fd0fd1a08fe0c9b19a5082f707d47315f8551f8,matched_buffer_control,train,False,0,1.0,1.0,0.0,0.0,0.0,0.0,0.0,0.0,0.0,1.0,1.0,0.0,0.0,0.0,0.0,0.0,0.0,0.0
candidate_refresh,pseudo_one_swapped,100,200,b02,27efbd6bc5dd9e1b629628ddc1ebcd9a29aed2df4deec4e313d91ec273654991,stale,train,False,0,1.0,1.0,0.0,0.0,0.0,0.0,0.0,0.0,0.0,1.0,1.0,0.0,0.0,0.0,0.0,0.0,0.0,0.0
candidate_refresh,pseudo_one_swapped,100,200,b03,27efbd6bc5dd9e1b629628ddc1ebcd9a29aed2df4deec4e313d91ec273654991,matched_buffer_control,train,False,0,1.0,1.0,0.0,0.0,0.0,0.0,0.0,0.0,0.0,1.0,1.0,0.0,0.0,0.0,0.0,0.0,0.0,0.0
candidate_refresh,pseudo_one_swapped,100,200,b04,39ae394166b56ca17d0a9267497f5e6db270595394b437bc40b499c95bc78744,stale,train,False,0,1.0,1.0,0.0,0.0,0.0,0.0,0.0,0.0,0.0,1.0,1.0,0.0,0.0,0.0,0.0,0.0,0.0,0.0
candidate_refresh,pseudo_one_swapped,100,200,b05,39ae394166b56ca17d0a9267497f5e6db270595394b437bc40b499c95bc78744,matched_buffer_control,train,False,0,1.0,1.0,0.0,0.0,0.0,0.0,0.0,0.0,0.0,1.0,1.0,0.0,0.0,0.0,0.0,0.0,0.0,0.0
candidate_refresh,pseudo_one_swapped,100,200,b06,cd8d51cb68d0b6263d1dfeb23031fde3f9fef779ac358a807df9ff3f2ed67a41,stale,train,False,0,0.0,0.0,0.0,0.0,0.0,0.0,0.0,0.0,0.0,0.0,0.0,0.0,0.0,0.0,0.0,0.0,0.0,0.0
candidate_refresh,pseudo_one_swapped,100,200,b07,cd8d51cb68d0b6263d1dfeb23031fde3f9fef779ac358a807df9ff3f2ed67a41,matched_buffer_control,train,False,0,1.0,1.0,0.0,0.0,0.0,0.0,0.0,0.0,0.0,1.0,1.0,0.0,0.0,0.0,0.0,0.0,0.0,0.0
candidate_refresh,pseudo_one_swapped,100,200,b08,cd8d51cb68d0b6263d1dfeb23031fde3f9fef779ac358a807df9ff3f2ed67a41,stale,train,False,0,0.0,0.0,0.0,0.0,0.0,0.0,0.0,0.0,0.0,0.0,0.0,0.0,1.0,1.0,0.0,0.0,0.0,0.0
candidate_refresh,pseudo_one_swapped,100,200,b09,cd8d51cb68d0b6263d1dfeb23031fde3f9fef779ac358a807df9ff3f2ed67a41,matched_buffer_control,train,False,0,1.0,1.0,0.0,0.0,0.0,0.0,0.0,0.0,0.0,1.0,1.0,0.0,0.0,0.0,0.0,0.0,0.0,0.0
candidate_refresh,pseudo_one_swapped,100,200,b10,55a791e7d4187ccc4fa8d76e3f770d102f8cbf6c00a014e2db05334ba0d8018a,stale,train,False,0,1.0,1.0,0.0,0.0,0.0,0.0,0.0,0.0,0.0,1.0,1.0,0.0,0.0,0.0,0.0,0.0,0.0,0.0
candidate_refresh,pseudo_one_swapped,100,200,b11,55a791e7d4187ccc4fa8d76e3f770d102f8cbf6c00a014e2db05334ba0d8018a,matched_buffer_control,train,False,0,1.0,1.0,0.0,0.0,0.0,0.0,0.0,0.0,0.0,1.0,1.0,0.0,0.0,0.0,0.0,0.0,0.0,0.0
candidate_refresh,pseudo_one_swapped,100,200,b12,7c37bc461026a4c0baa8f078d0044e9be9dbac54215649145889b00de22372bc,stale,train,False,0,1.0,1.0,0.0,0.0,0.0,0.0,0.0,0.0,0.0,1.0,1.0,0.0,0.0,0.0,0.0,0.0,0.0,0.0
candidate_refresh,pseudo_one_swapped,100,200,b13,7c37bc461026a4c0baa8f078d0044e9be9dbac54215649145889b00de22372bc,matched_buffer_control,train,False,0,1.0,1.0,0.0,0.0,0.0,0.0,0.0,0.0,0.0,1.0,1.0,0.0,0.0,0.0,0.0,0.0,0.0,0.0
candidate_refresh,pseudo_one_swapped,100,200,b14,bf2eb93d154d15c866b7220cb75da05186d637f439b488cb72df5d6e0ca225c6,stale,train,False,0,1.0,1.0,0.0,0.0,0.0,0.0,0.0,0.0,0.0,1.0,1.0,0.0,0.0,0.0,0.0,0.0,0.0,0.0
candidate_refresh,pseudo_one_swapped,100,200,b15,bf2eb93d154d15c866b7220cb75da05186d637f439b488cb72df5d6e0ca225c6,matched_buffer_control,train,False,0,1.0,1.0,0.0,0.0,0.0,0.0,0.0,0.0,0.0,1.0,1.0,0.0,0.0,0.0,0.0,0.0,0.0,0.0
candidate_refresh,pseudo_one_swapped,100,200,b16,e0e6b8a3d1c85c80ca9a0ebb4640c98bc543a40a920203184457bc8a240aea78,stale,train,False,0,1.0,1.0,0.0,0.0,0.0,0.0,0.0,0.0,0.0,1.0,1.0,0.0,0.0,0.0,0.0,0.0,0.0,0.0
candidate_refresh,pseudo_one_swapped,100,200,b17,e0e6b8a3d1c85c80ca9a0ebb4640c98bc543a40a920203184457bc8a240aea78,matched_buffer_control,train,False,0,1.0,1.0,0.0,0.0,0.0,0.0,0.0,0.0,0.0,1.0,1.0,0.0,0.0,0.0,0.0,0.0,0.0,0.0
candidate_refresh,real_two,100,100,b00,0e8f3f1b4ee6e7e6f48069659fd0fd1a08fe0c9b19a5082f707d47315f8551f8,stale,train,False,0,1.0,1.0,0.0,0.0,0.0,0.0,0.0,0.0,0.0,1.0,1.0,0.0,0.0,0.0,0.0,0.0,0.0,0.0
candidate_refresh,real_two,100,100,b01,0e8f3f1b4ee6e7e6f48069659fd0fd1a08fe0c9b19a5082f707d47315f8551f8,matched_buffer_control,train,False,0,1.0,1.0,0.0,0.0,0.0,0.0,0.0,0.0,0.0,1.0,1.0,0.0,0.0,0.0,0.0,0.0,0.0,0.0
candidate_refresh,real_two,100,100,b02,27efbd6bc5dd9e1b629628ddc1ebcd9a29aed2df4deec4e313d91ec273654991,stale,train,False,0,1.0,1.0,0.0,0.0,0.0,0.0,0.0,0.0,0.0,1.0,1.0,0.0,0.0,0.0,0.0,0.0,0.0,0.0
candidate_refresh,real_two,100,100,b03,27efbd6bc5dd9e1b629628ddc1ebcd9a29aed2df4deec4e313d91ec273654991,matched_buffer_control,train,False,0,1.0,1.0,0.0,0.0,0.0,0.0,0.0,0.0,0.0,1.0,1.0,0.0,0.0,0.0,0.0,0.0,0.0,0.0
candidate_refresh,real_two,100,100,b04,39ae394166b56ca17d0a9267497f5e6db270595394b437bc40b499c95bc78744,stale,train,False,0,1.0,1.0,0.0,0.0,0.0,0.0,0.0,0.0,0.0,1.0,1.0,0.0,0.0,0.0,0.0,0.0,0.0,0.0
candidate_refresh,real_two,100,100,b05,39ae394166b56ca17d0a9267497f5e6db270595394b437bc40b499c95bc78744,matched_buffer_control,train,False,0,1.0,1.0,0.0,0.0,0.0,0.0,0.0,0.0,0.0,1.0,1.0,0.0,0.0,0.0,0.0,0.0,0.0,0.0
candidate_refresh,real_two,100,100,b06,cd8d51cb68d0b6263d1dfeb23031fde3f9fef779ac358a807df9ff3f2ed67a41,stale,train,False,1,0.0,0.5,0.5,0.0,0.0,0.0,0.0,0.0,1.0,0.5,0.0,-0.5,0.0,0.0,0.0,0.5,0.0,1.0
candidate_refresh,real_two,100,100,b07,cd8d51cb68d0b6263d1dfeb23031fde3f9fef779ac358a807df9ff3f2ed67a41,matched_buffer_control,train,False,1,0.5,1.0,0.5,0.5,0.0,-0.5,0.0,0.0,1.0,1.0,1.0,0.0,0.0,0.0,0.0,0.0,0.0,1.0
candidate_refresh,real_two,100,100,b08,cd8d51cb68d0b6263d1dfeb23031fde3f9fef779ac358a807df9ff3f2ed67a41,stale,train,False,0,0.0,0.0,0.0,0.0,0.0,0.0,0.0,0.0,0.0,0.0,0.0,0.0,0.0,0.0,0.0,0.0,0.0,0.0
candidate_refresh,real_two,100,100,b09,cd8d51cb68d0b6263d1dfeb23031fde3f9fef779ac358a807df9ff3f2ed67a41,matched_buffer_control,train,False,0,1.0,1.0,0.0,0.0,0.0,0.0,0.0,0.0,0.0,1.0,1.0,0.0,0.0,0.0,0.0,0.0,0.0,0.0
candidate_refresh,real_two,100,100,b10,55a791e7d4187ccc4fa8d76e3f770d102f8cbf6c00a014e2db05334ba0d8018a,stale,train,False,1,0.0,0.5,0.5,0.0,0.0,0.0,0.0,0.0,1.0,0.0,1.0,1.0,0.0,0.0,0.0,0.0,0.0,1.0
candidate_refresh,real_two,100,100,b11,55a791e7d4187ccc4fa8d76e3f770d102f8cbf6c00a014e2db05334ba0d8018a,matched_buffer_control,train,False,0,1.0,1.0,0.0,0.0,0.0,0.0,0.0,0.0,0.0,1.0,1.0,0.0,0.0,0.0,0.0,0.0,0.0,0.0
candidate_refresh,real_two,100,100,b12,7c37bc461026a4c0baa8f078d0044e9be9dbac54215649145889b00de22372bc,stale,train,False,0,1.0,1.0,0.0,0.0,0.0,0.0,0.0,0.0,0.0,1.0,1.0,0.0,0.0,0.0,0.0,0.0,0.0,0.0
candidate_refresh,real_two,100,100,b13,7c37bc461026a4c0baa8f078d0044e9be9dbac54215649145889b00de22372bc,matched_buffer_control,train,False,0,1.0,1.0,0.0,0.0,0.0,0.0,0.0,0.0,0.0,1.0,1.0,0.0,0.0,0.0,0.0,0.0,0.0,0.0
candidate_refresh,real_two,100,100,b14,bf2eb93d154d15c866b7220cb75da05186d637f439b488cb72df5d6e0ca225c6,stale,train,False,0,1.0,1.0,0.0,0.0,0.0,0.0,0.0,0.0,0.0,1.0,1.0,0.0,0.0,0.0,0.0,0.0,0.0,0.0
candidate_refresh,real_two,100,100,b15,bf2eb93d154d15c866b7220cb75da05186d637f439b488cb72df5d6e0ca225c6,matched_buffer_control,train,False,0,1.0,1.0,0.0,0.0,0.0,0.0,0.0,0.0,0.0,1.0,1.0,0.0,0.0,0.0,0.0,0.0,0.0,0.0
candidate_refresh,real_two,100,100,b16,e0e6b8a3d1c85c80ca9a0ebb4640c98bc543a40a920203184457bc8a240aea78,stale,train,False,0,1.0,1.0,0.0,0.0,0.0,0.0,0.0,0.0,0.0,0.5,0.5,0.0,0.0,0.0,0.0,0.0,0.0,0.0
candidate_refresh,real_two,100,100,b17,e0e6b8a3d1c85c80ca9a0ebb4640c98bc543a40a920203184457bc8a240aea78,matched_buffer_control,train,False,0,1.0,1.0,0.0,0.0,0.0,0.0,0.0,0.0,0.0,1.0,1.0,0.0,0.0,0.0,0.0,0.0,0.0,0.0
candidate_refresh,real_two,100,200,b00,0e8f3f1b4ee6e7e6f48069659fd0fd1a08fe0c9b19a5082f707d47315f8551f8,stale,train,False,0,1.0,1.0,0.0,0.0,0.0,0.0,0.0,0.0,0.0,1.0,1.0,0.0,0.0,0.0,0.0,0.0,0.0,0.0
candidate_refresh,real_two,100,200,b01,0e8f3f1b4ee6e7e6f48069659fd0fd1a08fe0c9b19a5082f707d47315f8551f8,matched_buffer_control,train,False,0,1.0,1.0,0.0,0.0,0.0,0.0,0.0,0.0,0.0,1.0,1.0,0.0,0.0,0.0,0.0,0.0,0.0,0.0
candidate_refresh,real_two,100,200,b02,27efbd6bc5dd9e1b629628ddc1ebcd9a29aed2df4deec4e313d91ec273654991,stale,train,False,0,1.0,1.0,0.0,0.0,0.0,0.0,0.0,0.0,0.0,1.0,1.0,0.0,0.0,0.0,0.0,0.0,0.0,0.0
candidate_refresh,real_two,100,200,b03,27efbd6bc5dd9e1b629628ddc1ebcd9a29aed2df4deec4e313d91ec273654991,matched_buffer_control,train,False,0,1.0,1.0,0.0,0.0,0.0,0.0,0.0,0.0,0.0,1.0,1.0,0.0,0.0,0.0,0.0,0.0,0.0,0.0
candidate_refresh,real_two,100,200,b04,39ae394166b56ca17d0a9267497f5e6db270595394b437bc40b499c95bc78744,stale,train,False,0,1.0,1.0,0.0,0.0,0.0,0.0,0.0,0.0,0.0,1.0,1.0,0.0,0.0,0.0,0.0,0.0,0.0,0.0
candidate_refresh,real_two,100,200,b05,39ae394166b56ca17d0a9267497f5e6db270595394b437bc40b499c95bc78744,matched_buffer_control,train,False,0,1.0,1.0,0.0,0.0,0.0,0.0,0.0,0.0,0.0,1.0,1.0,0.0,0.0,0.0,0.0,0.0,0.0,0.0
candidate_refresh,real_two,100,200,b06,cd8d51cb68d0b6263d1dfeb23031fde3f9fef779ac358a807df9ff3f2ed67a41,stale,train,False,1,0.5,0.5,0.0,0.0,0.0,0.0,0.0,0.0,1.0,0.5,0.5,0.0,0.0,0.5,0.5,0.5,0.5,1.0
candidate_refresh,real_two,100,200,b07,cd8d51cb68d0b6263d1dfeb23031fde3f9fef779ac358a807df9ff3f2ed67a41,matched_buffer_control,train,False,1,0.5,1.0,0.5,0.5,0.0,-0.5,0.0,0.0,1.0,1.0,1.0,0.0,0.0,0.0,0.0,0.0,0.0,1.0
candidate_refresh,real_two,100,200,b08,cd8d51cb68d0b6263d1dfeb23031fde3f9fef779ac358a807df9ff3f2ed67a41,stale,train,False,0,0.0,0.0,0.0,0.5,0.5,0.0,0.0,0.0,0.0,0.5,0.5,0.0,0.5,0.5,0.0,0.0,0.0,0.0
candidate_refresh,real_two,100,200,b09,cd8d51cb68d0b6263d1dfeb23031fde3f9fef779ac358a807df9ff3f2ed67a41,matched_buffer_control,train,False,0,1.0,1.0,0.0,0.0,0.0,0.0,0.0,0.0,0.0,1.0,1.0,0.0,0.0,0.0,0.0,0.0,0.0,0.0
candidate_refresh,real_two,100,200,b10,55a791e7d4187ccc4fa8d76e3f770d102f8cbf6c00a014e2db05334ba0d8018a,stale,train,False,1,1.0,1.0,0.0,0.0,0.0,0.0,0.0,0.0,1.0,1.0,1.0,0.0,0.0,0.0,0.0,0.0,0.0,1.0
candidate_refresh,real_two,100,200,b11,55a791e7d4187ccc4fa8d76e3f770d102f8cbf6c00a014e2db05334ba0d8018a,matched_buffer_control,train,False,0,1.0,1.0,0.0,0.0,0.0,0.0,0.0,0.0,0.0,1.0,1.0,0.0,0.0,0.0,0.0,0.0,0.0,0.0
candidate_refresh,real_two,100,200,b12,7c37bc461026a4c0baa8f078d0044e9be9dbac54215649145889b00de22372bc,stale,train,False,0,1.0,1.0,0.0,0.0,0.0,0.0,0.0,0.0,0.0,1.0,1.0,0.0,0.0,0.0,0.0,0.0,0.0,0.0
candidate_refresh,real_two,100,200,b13,7c37bc461026a4c0baa8f078d0044e9be9dbac54215649145889b00de22372bc,matched_buffer_control,train,False,0,1.0,1.0,0.0,0.0,0.0,0.0,0.0,0.0,0.0,1.0,1.0,0.0,0.0,0.0,0.0,0.0,0.0,0.0
candidate_refresh,real_two,100,200,b14,bf2eb93d154d15c866b7220cb75da05186d637f439b488cb72df5d6e0ca225c6,stale,train,False,0,1.0,1.0,0.0,0.0,0.0,0.0,0.0,0.0,0.0,1.0,1.0,0.0,0.0,0.0,0.0,0.0,0.0,0.0
candidate_refresh,real_two,100,200,b15,bf2eb93d154d15c866b7220cb75da05186d637f439b488cb72df5d6e0ca225c6,matched_buffer_control,train,False,0,1.0,1.0,0.0,0.0,0.0,0.0,0.0,0.0,0.0,1.0,1.0,0.0,0.0,0.0,0.0,0.0,0.0,0.0
candidate_refresh,real_two,100,200,b16,e0e6b8a3d1c85c80ca9a0ebb4640c98bc543a40a920203184457bc8a240aea78,stale,train,False,0,1.0,1.0,0.0,0.0,0.0,0.0,0.0,0.0,0.0,1.0,1.0,0.0,0.0,0.0,0.0,0.0,0.0,0.0
candidate_refresh,real_two,100,200,b17,e0e6b8a3d1c85c80ca9a0ebb4640c98bc543a40a920203184457bc8a240aea78,matched_buffer_control,train,False,0,1.0,1.0,0.0,0.0,0.0,0.0,0.0,0.0,0.0,1.0,1.0,0.0,0.0,0.0,0.0,0.0,0.0,0.0
candidate_refresh,pseudo_two,100,100,b00,0e8f3f1b4ee6e7e6f48069659fd0fd1a08fe0c9b19a5082f707d47315f8551f8,stale,train,False,0,1.0,1.0,0.0,0.0,0.0,0.0,0.0,0.0,0.0,1.0,1.0,0.0,0.0,0.0,0.0,0.0,0.0,0.0
candidate_refresh,pseudo_two,100,100,b01,0e8f3f1b4ee6e7e6f48069659fd0fd1a08fe0c9b19a5082f707d47315f8551f8,matched_buffer_control,train,False,0,1.0,1.0,0.0,0.0,0.0,0.0,0.0,0.0,0.0,1.0,1.0,0.0,0.0,0.0,0.0,0.0,0.0,0.0
candidate_refresh,pseudo_two,100,100,b02,27efbd6bc5dd9e1b629628ddc1ebcd9a29aed2df4deec4e313d91ec273654991,stale,train,False,0,1.0,1.0,0.0,0.0,0.0,0.0,0.0,0.0,0.0,1.0,1.0,0.0,0.0,0.0,0.0,0.0,0.0,0.0
candidate_refresh,pseudo_two,100,100,b03,27efbd6bc5dd9e1b629628ddc1ebcd9a29aed2df4deec4e313d91ec273654991,matched_buffer_control,train,False,0,1.0,1.0,0.0,0.0,0.0,0.0,0.0,0.0,0.0,1.0,1.0,0.0,0.0,0.0,0.0,0.0,0.0,0.0
candidate_refresh,pseudo_two,100,100,b04,39ae394166b56ca17d0a9267497f5e6db270595394b437bc40b499c95bc78744,stale,train,False,0,1.0,1.0,0.0,0.0,0.0,0.0,0.0,0.0,0.0,1.0,1.0,0.0,0.0,0.0,0.0,0.0,0.0,0.0
candidate_refresh,pseudo_two,100,100,b05,39ae394166b56ca17d0a9267497f5e6db270595394b437bc40b499c95bc78744,matched_buffer_control,train,False,0,1.0,1.0,0.0,0.0,0.0,0.0,0.0,0.0,0.0,1.0,1.0,0.0,0.0,0.0,0.0,0.0,0.0,0.0
candidate_refresh,pseudo_two,100,100,b06,cd8d51cb68d0b6263d1dfeb23031fde3f9fef779ac358a807df9ff3f2ed67a41,stale,train,False,0,0.0,0.0,0.0,0.0,0.0,0.0,0.0,0.0,0.0,0.5,0.5,0.0,0.0,0.0,0.0,0.0,0.0,0.0
candidate_refresh,pseudo_two,100,100,b07,cd8d51cb68d0b6263d1dfeb23031fde3f9fef779ac358a807df9ff3f2ed67a41,matched_buffer_control,train,False,1,0.5,1.0,0.5,0.5,0.0,-0.5,0.0,0.0,1.0,1.0,1.0,0.0,0.0,0.0,0.0,0.0,0.0,1.0
candidate_refresh,pseudo_two,100,100,b08,cd8d51cb68d0b6263d1dfeb23031fde3f9fef779ac358a807df9ff3f2ed67a41,stale,train,False,0,0.0,0.0,0.0,0.0,0.0,0.0,0.0,0.0,0.0,0.0,0.0,0.0,0.0,0.0,0.0,0.0,0.0,0.0
candidate_refresh,pseudo_two,100,100,b09,cd8d51cb68d0b6263d1dfeb23031fde3f9fef779ac358a807df9ff3f2ed67a41,matched_buffer_control,train,False,0,1.0,1.0,0.0,0.0,0.0,0.0,0.0,0.0,0.0,1.0,1.0,0.0,0.0,0.0,0.0,0.0,0.0,0.0
candidate_refresh,pseudo_two,100,100,b10,55a791e7d4187ccc4fa8d76e3f770d102f8cbf6c00a014e2db05334ba0d8018a,stale,train,False,1,0.0,1.0,1.0,0.0,0.0,0.0,0.0,0.0,1.0,0.0,0.5,0.5,0.0,0.0,0.0,0.0,0.0,1.0
candidate_refresh,pseudo_two,100,100,b11,55a791e7d4187ccc4fa8d76e3f770d102f8cbf6c00a014e2db05334ba0d8018a,matched_buffer_control,train,False,0,1.0,1.0,0.0,0.0,0.0,0.0,0.0,0.0,0.0,1.0,1.0,0.0,0.0,0.0,0.0,0.0,0.0,0.0
candidate_refresh,pseudo_two,100,100,b12,7c37bc461026a4c0baa8f078d0044e9be9dbac54215649145889b00de22372bc,stale,train,False,0,1.0,1.0,0.0,0.0,0.0,0.0,0.0,0.0,0.0,1.0,1.0,0.0,0.0,0.0,0.0,0.0,0.0,0.0
candidate_refresh,pseudo_two,100,100,b13,7c37bc461026a4c0baa8f078d0044e9be9dbac54215649145889b00de22372bc,matched_buffer_control,train,False,0,1.0,1.0,0.0,0.0,0.0,0.0,0.0,0.0,0.0,1.0,1.0,0.0,0.0,0.0,0.0,0.0,0.0,0.0
candidate_refresh,pseudo_two,100,100,b14,bf2eb93d154d15c866b7220cb75da05186d637f439b488cb72df5d6e0ca225c6,stale,train,False,0,1.0,1.0,0.0,0.0,0.0,0.0,0.0,0.0,0.0,1.0,1.0,0.0,0.0,0.0,0.0,0.0,0.0,0.0
candidate_refresh,pseudo_two,100,100,b15,bf2eb93d154d15c866b7220cb75da05186d637f439b488cb72df5d6e0ca225c6,matched_buffer_control,train,False,0,1.0,1.0,0.0,0.0,0.0,0.0,0.0,0.0,0.0,1.0,1.0,0.0,0.0,0.0,0.0,0.0,0.0,0.0
candidate_refresh,pseudo_two,100,100,b16,e0e6b8a3d1c85c80ca9a0ebb4640c98bc543a40a920203184457bc8a240aea78,stale,train,False,0,1.0,1.0,0.0,0.0,0.0,0.0,0.0,0.0,0.0,0.5,0.5,0.0,0.0,0.0,0.0,0.0,0.0,0.0
candidate_refresh,pseudo_two,100,100,b17,e0e6b8a3d1c85c80ca9a0ebb4640c98bc543a40a920203184457bc8a240aea78,matched_buffer_control,train,False,0,1.0,1.0,0.0,0.0,0.0,0.0,0.0,0.0,0.0,1.0,1.0,0.0,0.0,0.0,0.0,0.0,0.0,0.0
candidate_refresh,pseudo_two,100,200,b00,0e8f3f1b4ee6e7e6f48069659fd0fd1a08fe0c9b19a5082f707d47315f8551f8,stale,train,False,0,1.0,1.0,0.0,0.0,0.0,0.0,0.0,0.0,0.0,1.0,1.0,0.0,0.0,0.0,0.0,0.0,0.0,0.0
candidate_refresh,pseudo_two,100,200,b01,0e8f3f1b4ee6e7e6f48069659fd0fd1a08fe0c9b19a5082f707d47315f8551f8,matched_buffer_control,train,False,0,1.0,1.0,0.0,0.0,0.0,0.0,0.0,0.0,0.0,1.0,1.0,0.0,0.0,0.0,0.0,0.0,0.0,0.0
candidate_refresh,pseudo_two,100,200,b02,27efbd6bc5dd9e1b629628ddc1ebcd9a29aed2df4deec4e313d91ec273654991,stale,train,False,0,1.0,1.0,0.0,0.0,0.0,0.0,0.0,0.0,0.0,1.0,1.0,0.0,0.0,0.0,0.0,0.0,0.0,0.0
candidate_refresh,pseudo_two,100,200,b03,27efbd6bc5dd9e1b629628ddc1ebcd9a29aed2df4deec4e313d91ec273654991,matched_buffer_control,train,False,0,1.0,1.0,0.0,0.0,0.0,0.0,0.0,0.0,0.0,1.0,1.0,0.0,0.0,0.0,0.0,0.0,0.0,0.0
candidate_refresh,pseudo_two,100,200,b04,39ae394166b56ca17d0a9267497f5e6db270595394b437bc40b499c95bc78744,stale,train,False,0,1.0,1.0,0.0,0.0,0.0,0.0,0.0,0.0,0.0,1.0,1.0,0.0,0.0,0.0,0.0,0.0,0.0,0.0
candidate_refresh,pseudo_two,100,200,b05,39ae394166b56ca17d0a9267497f5e6db270595394b437bc40b499c95bc78744,matched_buffer_control,train,False,0,1.0,1.0,0.0,0.0,0.0,0.0,0.0,0.0,0.0,1.0,1.0,0.0,0.0,0.0,0.0,0.0,0.0,0.0
candidate_refresh,pseudo_two,100,200,b06,cd8d51cb68d0b6263d1dfeb23031fde3f9fef779ac358a807df9ff3f2ed67a41,stale,train,False,0,0.5,0.5,0.0,0.0,0.0,0.0,0.0,0.0,0.0,0.5,0.5,0.0,0.0,0.0,0.0,0.0,0.0,0.0
candidate_refresh,pseudo_two,100,200,b07,cd8d51cb68d0b6263d1dfeb23031fde3f9fef779ac358a807df9ff3f2ed67a41,matched_buffer_control,train,False,1,0.5,1.0,0.5,0.5,0.0,-0.5,0.0,0.0,1.0,1.0,1.0,0.0,0.0,0.0,0.0,0.0,0.0,1.0
candidate_refresh,pseudo_two,100,200,b08,cd8d51cb68d0b6263d1dfeb23031fde3f9fef779ac358a807df9ff3f2ed67a41,stale,train,False,0,0.0,0.0,0.0,0.5,0.5,0.0,0.0,0.0,0.0,0.5,0.5,0.0,0.5,0.5,0.0,0.0,0.0,0.0
candidate_refresh,pseudo_two,100,200,b09,cd8d51cb68d0b6263d1dfeb23031fde3f9fef779ac358a807df9ff3f2ed67a41,matched_buffer_control,train,False,0,1.0,1.0,0.0,0.0,0.0,0.0,0.0,0.0,0.0,1.0,1.0,0.0,0.0,0.0,0.0,0.0,0.0,0.0
candidate_refresh,pseudo_two,100,200,b10,55a791e7d4187ccc4fa8d76e3f770d102f8cbf6c00a014e2db05334ba0d8018a,stale,train,False,1,1.0,1.0,0.0,0.0,0.0,0.0,0.0,0.0,1.0,1.0,1.0,0.0,0.0,0.0,0.0,0.0,0.0,1.0
candidate_refresh,pseudo_two,100,200,b11,55a791e7d4187ccc4fa8d76e3f770d102f8cbf6c00a014e2db05334ba0d8018a,matched_buffer_control,train,False,0,1.0,1.0,0.0,0.0,0.0,0.0,0.0,0.0,0.0,1.0,1.0,0.0,0.0,0.0,0.0,0.0,0.0,0.0
candidate_refresh,pseudo_two,100,200,b12,7c37bc461026a4c0baa8f078d0044e9be9dbac54215649145889b00de22372bc,stale,train,False,0,1.0,1.0,0.0,0.0,0.0,0.0,0.0,0.0,0.0,1.0,1.0,0.0,0.0,0.0,0.0,0.0,0.0,0.0
candidate_refresh,pseudo_two,100,200,b13,7c37bc461026a4c0baa8f078d0044e9be9dbac54215649145889b00de22372bc,matched_buffer_control,train,False,0,1.0,1.0,0.0,0.0,0.0,0.0,0.0,0.0,0.0,1.0,1.0,0.0,0.0,0.0,0.0,0.0,0.0,0.0
candidate_refresh,pseudo_two,100,200,b14,bf2eb93d154d15c866b7220cb75da05186d637f439b488cb72df5d6e0ca225c6,stale,train,False,0,1.0,1.0,0.0,0.0,0.0,0.0,0.0,0.0,0.0,1.0,1.0,0.0,0.0,0.0,0.0,0.0,0.0,0.0
candidate_refresh,pseudo_two,100,200,b15,bf2eb93d154d15c866b7220cb75da05186d637f439b488cb72df5d6e0ca225c6,matched_buffer_control,train,False,0,1.0,1.0,0.0,0.0,0.0,0.0,0.0,0.0,0.0,1.0,1.0,0.0,0.0,0.0,0.0,0.0,0.0,0.0
candidate_refresh,pseudo_two,100,200,b16,e0e6b8a3d1c85c80ca9a0ebb4640c98bc543a40a920203184457bc8a240aea78,stale,train,False,0,1.0,1.0,0.0,0.0,0.0,0.0,0.0,0.0,0.0,1.0,1.0,0.0,0.0,0.0,0.0,0.0,0.0,0.0
candidate_refresh,pseudo_two,100,200,b17,e0e6b8a3d1c85c80ca9a0ebb4640c98bc543a40a920203184457bc8a240aea78,matched_buffer_control,train,False,0,1.0,1.0,0.0,0.0,0.0,0.0,0.0,0.0,0.0,1.0,1.0,0.0,0.0,0.0,0.0,0.0,0.0,0.0
candidate_refresh,historical:AlwaysRefresh,100,100,b00,0e8f3f1b4ee6e7e6f48069659fd0fd1a08fe0c9b19a5082f707d47315f8551f8,stale,train,False,1,1.0,1.0,0.0,0.0,0.0,0.0,0.0,0.0,1.0,1.0,1.0,0.0,0.0,0.0,0.0,0.0,0.0,1.0
candidate_refresh,historical:AlwaysRefresh,100,100,b01,0e8f3f1b4ee6e7e6f48069659fd0fd1a08fe0c9b19a5082f707d47315f8551f8,matched_buffer_control,train,False,1,1.0,1.0,0.0,0.0,0.0,0.0,0.0,0.0,1.0,1.0,1.0,0.0,0.0,0.0,0.0,0.0,0.0,1.0
candidate_refresh,historical:AlwaysRefresh,100,100,b02,27efbd6bc5dd9e1b629628ddc1ebcd9a29aed2df4deec4e313d91ec273654991,stale,train,False,1,1.0,1.0,0.0,0.0,0.0,0.0,0.0,0.0,1.0,1.0,1.0,0.0,0.0,0.0,0.0,0.0,0.0,1.0
candidate_refresh,historical:AlwaysRefresh,100,100,b03,27efbd6bc5dd9e1b629628ddc1ebcd9a29aed2df4deec4e313d91ec273654991,matched_buffer_control,train,False,1,1.0,1.0,0.0,0.0,0.0,0.0,0.0,0.0,1.0,1.0,1.0,0.0,0.0,0.0,0.0,0.0,0.0,1.0
candidate_refresh,historical:AlwaysRefresh,100,100,b04,39ae394166b56ca17d0a9267497f5e6db270595394b437bc40b499c95bc78744,stale,train,False,1,1.0,1.0,0.0,0.0,0.0,0.0,0.0,0.0,1.0,1.0,1.0,0.0,0.0,0.0,0.0,0.0,0.0,1.0
candidate_refresh,historical:AlwaysRefresh,100,100,b05,39ae394166b56ca17d0a9267497f5e6db270595394b437bc40b499c95bc78744,matched_buffer_control,train,False,1,1.0,1.0,0.0,0.0,0.0,0.0,0.0,0.0,1.0,1.0,1.0,0.0,0.0,0.0,0.0,0.0,0.0,1.0
candidate_refresh,historical:AlwaysRefresh,100,100,b06,cd8d51cb68d0b6263d1dfeb23031fde3f9fef779ac358a807df9ff3f2ed67a41,stale,train,False,1,0.0,0.5,0.5,0.0,0.25,0.25,0.0,0.25,1.0,0.25,0.0,-0.25,0.0,0.0,0.0,0.25,0.0,1.0
candidate_refresh,historical:AlwaysRefresh,100,100,b07,cd8d51cb68d0b6263d1dfeb23031fde3f9fef779ac358a807df9ff3f2ed67a41,matched_buffer_control,train,False,1,0.75,1.0,0.25,0.25,0.0,-0.25,0.0,0.0,1.0,1.0,1.0,0.0,0.0,0.0,0.0,0.0,0.0,1.0
candidate_refresh,historical:AlwaysRefresh,100,100,b08,cd8d51cb68d0b6263d1dfeb23031fde3f9fef779ac358a807df9ff3f2ed67a41,stale,train,False,1,0.0,0.0,0.0,0.0,0.0,0.0,0.0,0.0,1.0,0.0,0.0,0.0,0.0,0.0,0.0,0.0,0.0,1.0
candidate_refresh,historical:AlwaysRefresh,100,100,b09,cd8d51cb68d0b6263d1dfeb23031fde3f9fef779ac358a807df9ff3f2ed67a41,matched_buffer_control,train,False,1,1.0,1.0,0.0,0.0,0.0,0.0,0.0,0.0,1.0,1.0,1.0,0.0,0.0,0.0,0.0,0.0,0.0,1.0
candidate_refresh,historical:AlwaysRefresh,100,100,b10,55a791e7d4187ccc4fa8d76e3f770d102f8cbf6c00a014e2db05334ba0d8018a,stale,train,False,1,0.5,0.75,0.25,0.0,0.0,0.0,0.0,0.0,1.0,0.25,0.75,0.5,0.0,0.0,0.0,0.25,0.0,1.0
candidate_refresh,historical:AlwaysRefresh,100,100,b11,55a791e7d4187ccc4fa8d76e3f770d102f8cbf6c00a014e2db05334ba0d8018a,matched_buffer_control,train,False,1,1.0,1.0,0.0,0.0,0.0,0.0,0.0,0.0,1.0,1.0,1.0,0.0,0.0,0.0,0.0,0.0,0.0,1.0
candidate_refresh,historical:AlwaysRefresh,100,100,b12,7c37bc461026a4c0baa8f078d0044e9be9dbac54215649145889b00de22372bc,stale,train,False,1,1.0,1.0,0.0,0.0,0.0,0.0,0.0,0.0,1.0,1.0,1.0,0.0,0.0,0.0,0.0,0.0,0.0,1.0
candidate_refresh,historical:AlwaysRefresh,100,100,b13,7c37bc461026a4c0baa8f078d0044e9be9dbac54215649145889b00de22372bc,matched_buffer_control,train,False,1,1.0,1.0,0.0,0.0,0.0,0.0,0.0,0.0,1.0,1.0,1.0,0.0,0.0,0.0,0.0,0.0,0.0,1.0
candidate_refresh,historical:AlwaysRefresh,100,100,b14,bf2eb93d154d15c866b7220cb75da05186d637f439b488cb72df5d6e0ca225c6,stale,train,False,1,0.75,1.0,0.25,0.0,0.0,0.0,0.0,0.0,1.0,1.0,1.0,0.0,0.0,0.0,0.0,0.0,0.0,1.0
candidate_refresh,historical:AlwaysRefresh,100,100,b15,bf2eb93d154d15c866b7220cb75da05186d637f439b488cb72df5d6e0ca225c6,matched_buffer_control,train,False,1,1.0,1.0,0.0,0.0,0.0,0.0,0.0,0.0,1.0,1.0,1.0,0.0,0.0,0.0,0.0,0.0,0.0,1.0
candidate_refresh,historical:AlwaysRefresh,100,100,b16,e0e6b8a3d1c85c80ca9a0ebb4640c98bc543a40a920203184457bc8a240aea78,stale,train,False,1,0.75,1.0,0.25,0.0,0.0,0.0,0.0,0.0,1.0,0.25,0.75,0.5,0.0,0.0,0.0,0.0,0.0,1.0
candidate_refresh,historical:AlwaysRefresh,100,100,b17,e0e6b8a3d1c85c80ca9a0ebb4640c98bc543a40a920203184457bc8a240aea78,matched_buffer_control,train,False,1,1.0,1.0,0.0,0.0,0.0,0.0,0.0,0.0,1.0,1.0,1.0,0.0,0.0,0.0,0.0,0.0,0.0,1.0
candidate_refresh,historical:AlwaysRefresh,100,200,b00,0e8f3f1b4ee6e7e6f48069659fd0fd1a08fe0c9b19a5082f707d47315f8551f8,stale,train,False,1,1.0,1.0,0.0,0.0,0.0,0.0,0.0,0.0,1.0,1.0,1.0,0.0,0.0,0.0,0.0,0.0,0.0,1.0
candidate_refresh,historical:AlwaysRefresh,100,200,b01,0e8f3f1b4ee6e7e6f48069659fd0fd1a08fe0c9b19a5082f707d47315f8551f8,matched_buffer_control,train,False,1,1.0,1.0,0.0,0.0,0.0,0.0,0.0,0.0,1.0,1.0,1.0,0.0,0.0,0.0,0.0,0.0,0.0,1.0
candidate_refresh,historical:AlwaysRefresh,100,200,b02,27efbd6bc5dd9e1b629628ddc1ebcd9a29aed2df4deec4e313d91ec273654991,stale,train,False,1,1.0,1.0,0.0,0.0,0.0,0.0,0.0,0.0,1.0,1.0,1.0,0.0,0.0,0.0,0.0,0.0,0.0,1.0
candidate_refresh,historical:AlwaysRefresh,100,200,b03,27efbd6bc5dd9e1b629628ddc1ebcd9a29aed2df4deec4e313d91ec273654991,matched_buffer_control,train,False,1,1.0,1.0,0.0,0.0,0.0,0.0,0.0,0.0,1.0,1.0,1.0,0.0,0.0,0.0,0.0,0.0,0.0,1.0
candidate_refresh,historical:AlwaysRefresh,100,200,b04,39ae394166b56ca17d0a9267497f5e6db270595394b437bc40b499c95bc78744,stale,train,False,1,1.0,1.0,0.0,0.0,0.0,0.0,0.0,0.0,1.0,1.0,1.0,0.0,0.0,0.0,0.0,0.0,0.0,1.0
candidate_refresh,historical:AlwaysRefresh,100,200,b05,39ae394166b56ca17d0a9267497f5e6db270595394b437bc40b499c95bc78744,matched_buffer_control,train,False,1,1.0,1.0,0.0,0.0,0.0,0.0,0.0,0.0,1.0,1.0,1.0,0.0,0.0,0.0,0.0,0.0,0.0,1.0
candidate_refresh,historical:AlwaysRefresh,100,200,b06,cd8d51cb68d0b6263d1dfeb23031fde3f9fef779ac358a807df9ff3f2ed67a41,stale,train,False,1,0.25,0.5,0.25,0.25,0.25,0.0,0.0,0.0,1.0,0.5,0.5,0.0,0.0,0.25,0.25,0.25,0.25,1.0
candidate_refresh,historical:AlwaysRefresh,100,200,b07,cd8d51cb68d0b6263d1dfeb23031fde3f9fef779ac358a807df9ff3f2ed67a41,matched_buffer_control,train,False,1,0.75,1.0,0.25,0.25,0.0,-0.25,0.0,0.0,1.0,1.0,1.0,0.0,0.0,0.0,0.0,0.0,0.0,1.0
candidate_refresh,historical:AlwaysRefresh,100,200,b08,cd8d51cb68d0b6263d1dfeb23031fde3f9fef779ac358a807df9ff3f2ed67a41,stale,train,False,1,0.0,0.0,0.0,0.5,0.5,0.0,0.0,0.5,1.0,0.75,0.25,-0.5,0.25,0.0,-0.25,0.5,0.0,1.0
candidate_refresh,historical:AlwaysRefresh,100,200,b09,cd8d51cb68d0b6263d1dfeb23031fde3f9fef779ac358a807df9ff3f2ed67a41,matched_buffer_control,train,False,1,1.0,1.0,0.0,0.0,0.0,0.0,0.0,0.0,1.0,1.0,1.0,0.0,0.0,0.0,0.0,0.0,0.0,1.0
candidate_refresh,historical:AlwaysRefresh,100,200,b10,55a791e7d4187ccc4fa8d76e3f770d102f8cbf6c00a014e2db05334ba0d8018a,stale,train,False,1,1.0,1.0,0.0,0.0,0.0,0.0,0.0,0.0,1.0,1.0,1.0,0.0,0.0,0.0,0.0,0.0,0.0,1.0
candidate_refresh,historical:AlwaysRefresh,100,200,b11,55a791e7d4187ccc4fa8d76e3f770d102f8cbf6c00a014e2db05334ba0d8018a,matched_buffer_control,train,False,1,1.0,1.0,0.0,0.0,0.0,0.0,0.0,0.0,1.0,1.0,1.0,0.0,0.0,0.0,0.0,0.0,0.0,1.0
candidate_refresh,historical:AlwaysRefresh,100,200,b12,7c37bc461026a4c0baa8f078d0044e9be9dbac54215649145889b00de22372bc,stale,train,False,1,1.0,1.0,0.0,0.0,0.0,0.0,0.0,0.0,1.0,1.0,1.0,0.0,0.0,0.0,0.0,0.0,0.0,1.0
candidate_refresh,historical:AlwaysRefresh,100,200,b13,7c37bc461026a4c0baa8f078d0044e9be9dbac54215649145889b00de22372bc,matched_buffer_control,train,False,1,1.0,1.0,0.0,0.0,0.0,0.0,0.0,0.0,1.0,1.0,1.0,0.0,0.0,0.0,0.0,0.0,0.0,1.0
candidate_refresh,historical:AlwaysRefresh,100,200,b14,bf2eb93d154d15c866b7220cb75da05186d637f439b488cb72df5d6e0ca225c6,stale,train,False,1,1.0,1.0,0.0,0.0,0.0,0.0,0.0,0.0,1.0,1.0,1.0,0.0,0.0,0.0,0.0,0.0,0.0,1.0
candidate_refresh,historical:AlwaysRefresh,100,200,b15,bf2eb93d154d15c866b7220cb75da05186d637f439b488cb72df5d6e0ca225c6,matched_buffer_control,train,False,1,1.0,1.0,0.0,0.0,0.0,0.0,0.0,0.0,1.0,1.0,1.0,0.0,0.0,0.0,0.0,0.0,0.0,1.0
candidate_refresh,historical:AlwaysRefresh,100,200,b16,e0e6b8a3d1c85c80ca9a0ebb4640c98bc543a40a920203184457bc8a240aea78,stale,train,False,1,1.0,1.0,0.0,0.0,0.0,0.0,0.0,0.0,1.0,1.0,1.0,0.0,0.0,0.0,0.0,0.0,0.0,1.0
candidate_refresh,historical:AlwaysRefresh,100,200,b17,e0e6b8a3d1c85c80ca9a0ebb4640c98bc543a40a920203184457bc8a240aea78,matched_buffer_control,train,False,1,1.0,1.0,0.0,0.0,0.0,0.0,0.0,0.0,1.0,1.0,1.0,0.0,0.0,0.0,0.0,0.0,0.0,1.0
candidate_refresh,historical:Base,100,100,b00,0e8f3f1b4ee6e7e6f48069659fd0fd1a08fe0c9b19a5082f707d47315f8551f8,stale,train,False,0,1.0,1.0,0.0,0.0,0.0,0.0,0.0,0.0,0.0,1.0,1.0,0.0,0.0,0.0,0.0,0.0,0.0,0.0
candidate_refresh,historical:Base,100,100,b01,0e8f3f1b4ee6e7e6f48069659fd0fd1a08fe0c9b19a5082f707d47315f8551f8,matched_buffer_control,train,False,0,1.0,1.0,0.0,0.0,0.0,0.0,0.0,0.0,0.0,1.0,1.0,0.0,0.0,0.0,0.0,0.0,0.0,0.0
candidate_refresh,historical:Base,100,100,b02,27efbd6bc5dd9e1b629628ddc1ebcd9a29aed2df4deec4e313d91ec273654991,stale,train,False,0,1.0,1.0,0.0,0.0,0.0,0.0,0.0,0.0,0.0,1.0,1.0,0.0,0.0,0.0,0.0,0.0,0.0,0.0
candidate_refresh,historical:Base,100,100,b03,27efbd6bc5dd9e1b629628ddc1ebcd9a29aed2df4deec4e313d91ec273654991,matched_buffer_control,train,False,0,1.0,1.0,0.0,0.0,0.0,0.0,0.0,0.0,0.0,1.0,1.0,0.0,0.0,0.0,0.0,0.0,0.0,0.0
candidate_refresh,historical:Base,100,100,b04,39ae394166b56ca17d0a9267497f5e6db270595394b437bc40b499c95bc78744,stale,train,False,0,1.0,1.0,0.0,0.0,0.0,0.0,0.0,0.0,0.0,1.0,1.0,0.0,0.0,0.0,0.0,0.0,0.0,0.0
candidate_refresh,historical:Base,100,100,b05,39ae394166b56ca17d0a9267497f5e6db270595394b437bc40b499c95bc78744,matched_buffer_control,train,False,0,1.0,1.0,0.0,0.0,0.0,0.0,0.0,0.0,0.0,1.0,1.0,0.0,0.0,0.0,0.0,0.0,0.0,0.0
candidate_refresh,historical:Base,100,100,b06,cd8d51cb68d0b6263d1dfeb23031fde3f9fef779ac358a807df9ff3f2ed67a41,stale,train,False,0,0.0,0.0,0.0,0.0,0.0,0.0,0.0,0.0,0.0,0.25,0.25,0.0,0.0,0.0,0.0,0.0,0.0,0.0
candidate_refresh,historical:Base,100,100,b07,cd8d51cb68d0b6263d1dfeb23031fde3f9fef779ac358a807df9ff3f2ed67a41,matched_buffer_control,train,False,0,0.75,0.75,0.0,0.25,0.25,0.0,0.0,0.0,0.0,1.0,1.0,0.0,0.0,0.0,0.0,0.0,0.0,0.0
candidate_refresh,historical:Base,100,100,b08,cd8d51cb68d0b6263d1dfeb23031fde3f9fef779ac358a807df9ff3f2ed67a41,stale,train,False,0,0.0,0.0,0.0,0.0,0.0,0.0,0.0,0.0,0.0,0.0,0.0,0.0,0.0,0.0,0.0,0.0,0.0,0.0
candidate_refresh,historical:Base,100,100,b09,cd8d51cb68d0b6263d1dfeb23031fde3f9fef779ac358a807df9ff3f2ed67a41,matched_buffer_control,train,False,0,1.0,1.0,0.0,0.0,0.0,0.0,0.0,0.0,0.0,1.0,1.0,0.0,0.0,0.0,0.0,0.0,0.0,0.0
candidate_refresh,historical:Base,100,100,b10,55a791e7d4187ccc4fa8d76e3f770d102f8cbf6c00a014e2db05334ba0d8018a,stale,train,False,0,0.5,0.5,0.0,0.0,0.0,0.0,0.0,0.0,0.0,0.25,0.25,0.0,0.0,0.0,0.0,0.0,0.0,0.0
candidate_refresh,historical:Base,100,100,b11,55a791e7d4187ccc4fa8d76e3f770d102f8cbf6c00a014e2db05334ba0d8018a,matched_buffer_control,train,False,0,1.0,1.0,0.0,0.0,0.0,0.0,0.0,0.0,0.0,1.0,1.0,0.0,0.0,0.0,0.0,0.0,0.0,0.0
candidate_refresh,historical:Base,100,100,b12,7c37bc461026a4c0baa8f078d0044e9be9dbac54215649145889b00de22372bc,stale,train,False,0,1.0,1.0,0.0,0.0,0.0,0.0,0.0,0.0,0.0,1.0,1.0,0.0,0.0,0.0,0.0,0.0,0.0,0.0
candidate_refresh,historical:Base,100,100,b13,7c37bc461026a4c0baa8f078d0044e9be9dbac54215649145889b00de22372bc,matched_buffer_control,train,False,0,1.0,1.0,0.0,0.0,0.0,0.0,0.0,0.0,0.0,1.0,1.0,0.0,0.0,0.0,0.0,0.0,0.0,0.0
candidate_refresh,historical:Base,100,100,b14,bf2eb93d154d15c866b7220cb75da05186d637f439b488cb72df5d6e0ca225c6,stale,train,False,0,0.75,0.75,0.0,0.0,0.0,0.0,0.0,0.0,0.0,1.0,1.0,0.0,0.0,0.0,0.0,0.0,0.0,0.0
candidate_refresh,historical:Base,100,100,b15,bf2eb93d154d15c866b7220cb75da05186d637f439b488cb72df5d6e0ca225c6,matched_buffer_control,train,False,0,1.0,1.0,0.0,0.0,0.0,0.0,0.0,0.0,0.0,1.0,1.0,0.0,0.0,0.0,0.0,0.0,0.0,0.0
candidate_refresh,historical:Base,100,100,b16,e0e6b8a3d1c85c80ca9a0ebb4640c98bc543a40a920203184457bc8a240aea78,stale,train,False,0,0.75,0.75,0.0,0.0,0.0,0.0,0.0,0.0,0.0,0.25,0.25,0.0,0.0,0.0,0.0,0.0,0.0,0.0
candidate_refresh,historical:Base,100,100,b17,e0e6b8a3d1c85c80ca9a0ebb4640c98bc543a40a920203184457bc8a240aea78,matched_buffer_control,train,False,0,1.0,1.0,0.0,0.0,0.0,0.0,0.0,0.0,0.0,1.0,1.0,0.0,0.0,0.0,0.0,0.0,0.0,0.0
candidate_refresh,historical:Base,100,200,b00,0e8f3f1b4ee6e7e6f48069659fd0fd1a08fe0c9b19a5082f707d47315f8551f8,stale,train,False,0,1.0,1.0,0.0,0.0,0.0,0.0,0.0,0.0,0.0,1.0,1.0,0.0,0.0,0.0,0.0,0.0,0.0,0.0
candidate_refresh,historical:Base,100,200,b01,0e8f3f1b4ee6e7e6f48069659fd0fd1a08fe0c9b19a5082f707d47315f8551f8,matched_buffer_control,train,False,0,1.0,1.0,0.0,0.0,0.0,0.0,0.0,0.0,0.0,1.0,1.0,0.0,0.0,0.0,0.0,0.0,0.0,0.0
candidate_refresh,historical:Base,100,200,b02,27efbd6bc5dd9e1b629628ddc1ebcd9a29aed2df4deec4e313d91ec273654991,stale,train,False,0,1.0,1.0,0.0,0.0,0.0,0.0,0.0,0.0,0.0,1.0,1.0,0.0,0.0,0.0,0.0,0.0,0.0,0.0
candidate_refresh,historical:Base,100,200,b03,27efbd6bc5dd9e1b629628ddc1ebcd9a29aed2df4deec4e313d91ec273654991,matched_buffer_control,train,False,0,1.0,1.0,0.0,0.0,0.0,0.0,0.0,0.0,0.0,1.0,1.0,0.0,0.0,0.0,0.0,0.0,0.0,0.0
candidate_refresh,historical:Base,100,200,b04,39ae394166b56ca17d0a9267497f5e6db270595394b437bc40b499c95bc78744,stale,train,False,0,1.0,1.0,0.0,0.0,0.0,0.0,0.0,0.0,0.0,1.0,1.0,0.0,0.0,0.0,0.0,0.0,0.0,0.0
candidate_refresh,historical:Base,100,200,b05,39ae394166b56ca17d0a9267497f5e6db270595394b437bc40b499c95bc78744,matched_buffer_control,train,False,0,1.0,1.0,0.0,0.0,0.0,0.0,0.0,0.0,0.0,1.0,1.0,0.0,0.0,0.0,0.0,0.0,0.0,0.0
candidate_refresh,historical:Base,100,200,b06,cd8d51cb68d0b6263d1dfeb23031fde3f9fef779ac358a807df9ff3f2ed67a41,stale,train,False,0,0.25,0.25,0.0,0.25,0.25,0.0,0.0,0.0,0.0,0.5,0.5,0.0,0.0,0.0,0.0,0.0,0.0,0.0
candidate_refresh,historical:Base,100,200,b07,cd8d51cb68d0b6263d1dfeb23031fde3f9fef779ac358a807df9ff3f2ed67a41,matched_buffer_control,train,False,0,0.75,0.75,0.0,0.25,0.25,0.0,0.0,0.0,0.0,1.0,1.0,0.0,0.0,0.0,0.0,0.0,0.0,0.0
candidate_refresh,historical:Base,100,200,b08,cd8d51cb68d0b6263d1dfeb23031fde3f9fef779ac358a807df9ff3f2ed67a41,stale,train,False,0,0.0,0.0,0.0,0.5,0.5,0.0,0.0,0.0,0.0,0.75,0.75,0.0,0.25,0.25,0.0,0.0,0.0,0.0
candidate_refresh,historical:Base,100,200,b09,cd8d51cb68d0b6263d1dfeb23031fde3f9fef779ac358a807df9ff3f2ed67a41,matched_buffer_control,train,False,0,1.0,1.0,0.0,0.0,0.0,0.0,0.0,0.0,0.0,1.0,1.0,0.0,0.0,0.0,0.0,0.0,0.0,0.0
candidate_refresh,historical:Base,100,200,b10,55a791e7d4187ccc4fa8d76e3f770d102f8cbf6c00a014e2db05334ba0d8018a,stale,train,False,0,1.0,1.0,0.0,0.0,0.0,0.0,0.0,0.0,0.0,1.0,1.0,0.0,0.0,0.0,0.0,0.0,0.0,0.0
candidate_refresh,historical:Base,100,200,b11,55a791e7d4187ccc4fa8d76e3f770d102f8cbf6c00a014e2db05334ba0d8018a,matched_buffer_control,train,False,0,1.0,1.0,0.0,0.0,0.0,0.0,0.0,0.0,0.0,1.0,1.0,0.0,0.0,0.0,0.0,0.0,0.0,0.0
candidate_refresh,historical:Base,100,200,b12,7c37bc461026a4c0baa8f078d0044e9be9dbac54215649145889b00de22372bc,stale,train,False,0,1.0,1.0,0.0,0.0,0.0,0.0,0.0,0.0,0.0,1.0,1.0,0.0,0.0,0.0,0.0,0.0,0.0,0.0
candidate_refresh,historical:Base,100,200,b13,7c37bc461026a4c0baa8f078d0044e9be9dbac54215649145889b00de22372bc,matched_buffer_control,train,False,0,1.0,1.0,0.0,0.0,0.0,0.0,0.0,0.0,0.0,1.0,1.0,0.0,0.0,0.0,0.0,0.0,0.0,0.0
candidate_refresh,historical:Base,100,200,b14,bf2eb93d154d15c866b7220cb75da05186d637f439b488cb72df5d6e0ca225c6,stale,train,False,0,1.0,1.0,0.0,0.0,0.0,0.0,0.0,0.0,0.0,1.0,1.0,0.0,0.0,0.0,0.0,0.0,0.0,0.0
candidate_refresh,historical:Base,100,200,b15,bf2eb93d154d15c866b7220cb75da05186d637f439b488cb72df5d6e0ca225c6,matched_buffer_control,train,False,0,1.0,1.0,0.0,0.0,0.0,0.0,0.0,0.0,0.0,1.0,1.0,0.0,0.0,0.0,0.0,0.0,0.0,0.0
candidate_refresh,historical:Base,100,200,b16,e0e6b8a3d1c85c80ca9a0ebb4640c98bc543a40a920203184457bc8a240aea78,stale,train,False,0,1.0,1.0,0.0,0.0,0.0,0.0,0.0,0.0,0.0,1.0,1.0,0.0,0.0,0.0,0.0,0.0,0.0,0.0
candidate_refresh,historical:Base,100,200,b17,e0e6b8a3d1c85c80ca9a0ebb4640c98bc543a40a920203184457bc8a240aea78,matched_buffer_control,train,False,0,1.0,1.0,0.0,0.0,0.0,0.0,0.0,0.0,0.0,1.0,1.0,0.0,0.0,0.0,0.0,0.0,0.0,0.0
candidate_refresh,historical:age1,100,100,b00,0e8f3f1b4ee6e7e6f48069659fd0fd1a08fe0c9b19a5082f707d47315f8551f8,stale,train,False,1,1.0,1.0,0.0,0.0,0.0,0.0,0.0,0.0,1.0,1.0,1.0,0.0,0.0,0.0,0.0,0.0,0.0,1.0
candidate_refresh,historical:age1,100,100,b01,0e8f3f1b4ee6e7e6f48069659fd0fd1a08fe0c9b19a5082f707d47315f8551f8,matched_buffer_control,train,False,0,1.0,1.0,0.0,0.0,0.0,0.0,0.0,0.0,0.0,1.0,1.0,0.0,0.0,0.0,0.0,0.0,0.0,0.0
candidate_refresh,historical:age1,100,100,b02,27efbd6bc5dd9e1b629628ddc1ebcd9a29aed2df4deec4e313d91ec273654991,stale,train,False,1,1.0,1.0,0.0,0.0,0.0,0.0,0.0,0.0,1.0,1.0,1.0,0.0,0.0,0.0,0.0,0.0,0.0,1.0
candidate_refresh,historical:age1,100,100,b03,27efbd6bc5dd9e1b629628ddc1ebcd9a29aed2df4deec4e313d91ec273654991,matched_buffer_control,train,False,0,1.0,1.0,0.0,0.0,0.0,0.0,0.0,0.0,0.0,1.0,1.0,0.0,0.0,0.0,0.0,0.0,0.0,0.0
candidate_refresh,historical:age1,100,100,b04,39ae394166b56ca17d0a9267497f5e6db270595394b437bc40b499c95bc78744,stale,train,False,1,1.0,1.0,0.0,0.0,0.0,0.0,0.0,0.0,1.0,1.0,1.0,0.0,0.0,0.0,0.0,0.0,0.0,1.0
candidate_refresh,historical:age1,100,100,b05,39ae394166b56ca17d0a9267497f5e6db270595394b437bc40b499c95bc78744,matched_buffer_control,train,False,0,1.0,1.0,0.0,0.0,0.0,0.0,0.0,0.0,0.0,1.0,1.0,0.0,0.0,0.0,0.0,0.0,0.0,0.0
candidate_refresh,historical:age1,100,100,b06,cd8d51cb68d0b6263d1dfeb23031fde3f9fef779ac358a807df9ff3f2ed67a41,stale,train,False,1,0.0,0.5,0.5,0.0,0.25,0.25,0.0,0.25,1.0,0.25,0.0,-0.25,0.0,0.0,0.0,0.25,0.0,1.0
candidate_refresh,historical:age1,100,100,b07,cd8d51cb68d0b6263d1dfeb23031fde3f9fef779ac358a807df9ff3f2ed67a41,matched_buffer_control,train,False,0,0.75,0.75,0.0,0.25,0.25,0.0,0.0,0.0,0.0,1.0,1.0,0.0,0.0,0.0,0.0,0.0,0.0,0.0
candidate_refresh,historical:age1,100,100,b08,cd8d51cb68d0b6263d1dfeb23031fde3f9fef779ac358a807df9ff3f2ed67a41,stale,train,False,1,0.0,0.0,0.0,0.0,0.0,0.0,0.0,0.0,1.0,0.0,0.0,0.0,0.0,0.0,0.0,0.0,0.0,1.0
candidate_refresh,historical:age1,100,100,b09,cd8d51cb68d0b6263d1dfeb23031fde3f9fef779ac358a807df9ff3f2ed67a41,matched_buffer_control,train,False,0,1.0,1.0,0.0,0.0,0.0,0.0,0.0,0.0,0.0,1.0,1.0,0.0,0.0,0.0,0.0,0.0,0.0,0.0
candidate_refresh,historical:age1,100,100,b10,55a791e7d4187ccc4fa8d76e3f770d102f8cbf6c00a014e2db05334ba0d8018a,stale,train,False,1,0.5,0.75,0.25,0.0,0.0,0.0,0.0,0.0,1.0,0.25,0.75,0.5,0.0,0.0,0.0,0.25,0.0,1.0
candidate_refresh,historical:age1,100,100,b11,55a791e7d4187ccc4fa8d76e3f770d102f8cbf6c00a014e2db05334ba0d8018a,matched_buffer_control,train,False,0,1.0,1.0,0.0,0.0,0.0,0.0,0.0,0.0,0.0,1.0,1.0,0.0,0.0,0.0,0.0,0.0,0.0,0.0
candidate_refresh,historical:age1,100,100,b12,7c37bc461026a4c0baa8f078d0044e9be9dbac54215649145889b00de22372bc,stale,train,False,1,1.0,1.0,0.0,0.0,0.0,0.0,0.0,0.0,1.0,1.0,1.0,0.0,0.0,0.0,0.0,0.0,0.0,1.0
candidate_refresh,historical:age1,100,100,b13,7c37bc461026a4c0baa8f078d0044e9be9dbac54215649145889b00de22372bc,matched_buffer_control,train,False,0,1.0,1.0,0.0,0.0,0.0,0.0,0.0,0.0,0.0,1.0,1.0,0.0,0.0,0.0,0.0,0.0,0.0,0.0
candidate_refresh,historical:age1,100,100,b14,bf2eb93d154d15c866b7220cb75da05186d637f439b488cb72df5d6e0ca225c6,stale,train,False,1,0.75,1.0,0.25,0.0,0.0,0.0,0.0,0.0,1.0,1.0,1.0,0.0,0.0,0.0,0.0,0.0,0.0,1.0
candidate_refresh,historical:age1,100,100,b15,bf2eb93d154d15c866b7220cb75da05186d637f439b488cb72df5d6e0ca225c6,matched_buffer_control,train,False,0,1.0,1.0,0.0,0.0,0.0,0.0,0.0,0.0,0.0,1.0,1.0,0.0,0.0,0.0,0.0,0.0,0.0,0.0
candidate_refresh,historical:age1,100,100,b16,e0e6b8a3d1c85c80ca9a0ebb4640c98bc543a40a920203184457bc8a240aea78,stale,train,False,1,0.75,1.0,0.25,0.0,0.0,0.0,0.0,0.0,1.0,0.25,0.75,0.5,0.0,0.0,0.0,0.0,0.0,1.0
candidate_refresh,historical:age1,100,100,b17,e0e6b8a3d1c85c80ca9a0ebb4640c98bc543a40a920203184457bc8a240aea78,matched_buffer_control,train,False,0,1.0,1.0,0.0,0.0,0.0,0.0,0.0,0.0,0.0,1.0,1.0,0.0,0.0,0.0,0.0,0.0,0.0,0.0
candidate_refresh,historical:age1,100,200,b00,0e8f3f1b4ee6e7e6f48069659fd0fd1a08fe0c9b19a5082f707d47315f8551f8,stale,train,False,1,1.0,1.0,0.0,0.0,0.0,0.0,0.0,0.0,1.0,1.0,1.0,0.0,0.0,0.0,0.0,0.0,0.0,1.0
candidate_refresh,historical:age1,100,200,b01,0e8f3f1b4ee6e7e6f48069659fd0fd1a08fe0c9b19a5082f707d47315f8551f8,matched_buffer_control,train,False,0,1.0,1.0,0.0,0.0,0.0,0.0,0.0,0.0,0.0,1.0,1.0,0.0,0.0,0.0,0.0,0.0,0.0,0.0
candidate_refresh,historical:age1,100,200,b02,27efbd6bc5dd9e1b629628ddc1ebcd9a29aed2df4deec4e313d91ec273654991,stale,train,False,1,1.0,1.0,0.0,0.0,0.0,0.0,0.0,0.0,1.0,1.0,1.0,0.0,0.0,0.0,0.0,0.0,0.0,1.0
candidate_refresh,historical:age1,100,200,b03,27efbd6bc5dd9e1b629628ddc1ebcd9a29aed2df4deec4e313d91ec273654991,matched_buffer_control,train,False,0,1.0,1.0,0.0,0.0,0.0,0.0,0.0,0.0,0.0,1.0,1.0,0.0,0.0,0.0,0.0,0.0,0.0,0.0
candidate_refresh,historical:age1,100,200,b04,39ae394166b56ca17d0a9267497f5e6db270595394b437bc40b499c95bc78744,stale,train,False,1,1.0,1.0,0.0,0.0,0.0,0.0,0.0,0.0,1.0,1.0,1.0,0.0,0.0,0.0,0.0,0.0,0.0,1.0
candidate_refresh,historical:age1,100,200,b05,39ae394166b56ca17d0a9267497f5e6db270595394b437bc40b499c95bc78744,matched_buffer_control,train,False,0,1.0,1.0,0.0,0.0,0.0,0.0,0.0,0.0,0.0,1.0,1.0,0.0,0.0,0.0,0.0,0.0,0.0,0.0
candidate_refresh,historical:age1,100,200,b06,cd8d51cb68d0b6263d1dfeb23031fde3f9fef779ac358a807df9ff3f2ed67a41,stale,train,False,1,0.25,0.5,0.25,0.25,0.25,0.0,0.0,0.0,1.0,0.5,0.5,0.0,0.0,0.25,0.25,0.25,0.25,1.0
candidate_refresh,historical:age1,100,200,b07,cd8d51cb68d0b6263d1dfeb23031fde3f9fef779ac358a807df9ff3f2ed67a41,matched_buffer_control,train,False,0,0.75,0.75,0.0,0.25,0.25,0.0,0.0,0.0,0.0,1.0,1.0,0.0,0.0,0.0,0.0,0.0,0.0,0.0
candidate_refresh,historical:age1,100,200,b08,cd8d51cb68d0b6263d1dfeb23031fde3f9fef779ac358a807df9ff3f2ed67a41,stale,train,False,1,0.0,0.0,0.0,0.5,0.5,0.0,0.0,0.5,1.0,0.75,0.25,-0.5,0.25,0.0,-0.25,0.5,0.0,1.0
candidate_refresh,historical:age1,100,200,b09,cd8d51cb68d0b6263d1dfeb23031fde3f9fef779ac358a807df9ff3f2ed67a41,matched_buffer_control,train,False,0,1.0,1.0,0.0,0.0,0.0,0.0,0.0,0.0,0.0,1.0,1.0,0.0,0.0,0.0,0.0,0.0,0.0,0.0
candidate_refresh,historical:age1,100,200,b10,55a791e7d4187ccc4fa8d76e3f770d102f8cbf6c00a014e2db05334ba0d8018a,stale,train,False,1,1.0,1.0,0.0,0.0,0.0,0.0,0.0,0.0,1.0,1.0,1.0,0.0,0.0,0.0,0.0,0.0,0.0,1.0
candidate_refresh,historical:age1,100,200,b11,55a791e7d4187ccc4fa8d76e3f770d102f8cbf6c00a014e2db05334ba0d8018a,matched_buffer_control,train,False,0,1.0,1.0,0.0,0.0,0.0,0.0,0.0,0.0,0.0,1.0,1.0,0.0,0.0,0.0,0.0,0.0,0.0,0.0
candidate_refresh,historical:age1,100,200,b12,7c37bc461026a4c0baa8f078d0044e9be9dbac54215649145889b00de22372bc,stale,train,False,1,1.0,1.0,0.0,0.0,0.0,0.0,0.0,0.0,1.0,1.0,1.0,0.0,0.0,0.0,0.0,0.0,0.0,1.0
candidate_refresh,historical:age1,100,200,b13,7c37bc461026a4c0baa8f078d0044e9be9dbac54215649145889b00de22372bc,matched_buffer_control,train,False,0,1.0,1.0,0.0,0.0,0.0,0.0,0.0,0.0,0.0,1.0,1.0,0.0,0.0,0.0,0.0,0.0,0.0,0.0
candidate_refresh,historical:age1,100,200,b14,bf2eb93d154d15c866b7220cb75da05186d637f439b488cb72df5d6e0ca225c6,stale,train,False,1,1.0,1.0,0.0,0.0,0.0,0.0,0.0,0.0,1.0,1.0,1.0,0.0,0.0,0.0,0.0,0.0,0.0,1.0
candidate_refresh,historical:age1,100,200,b15,bf2eb93d154d15c866b7220cb75da05186d637f439b488cb72df5d6e0ca225c6,matched_buffer_control,train,False,0,1.0,1.0,0.0,0.0,0.0,0.0,0.0,0.0,0.0,1.0,1.0,0.0,0.0,0.0,0.0,0.0,0.0,0.0
candidate_refresh,historical:age1,100,200,b16,e0e6b8a3d1c85c80ca9a0ebb4640c98bc543a40a920203184457bc8a240aea78,stale,train,False,1,1.0,1.0,0.0,0.0,0.0,0.0,0.0,0.0,1.0,1.0,1.0,0.0,0.0,0.0,0.0,0.0,0.0,1.0
candidate_refresh,historical:age1,100,200,b17,e0e6b8a3d1c85c80ca9a0ebb4640c98bc543a40a920203184457bc8a240aea78,matched_buffer_control,train,False,0,1.0,1.0,0.0,0.0,0.0,0.0,0.0,0.0,0.0,1.0,1.0,0.0,0.0,0.0,0.0,0.0,0.0,0.0
candidate_refresh,historical:age3,100,100,b00,0e8f3f1b4ee6e7e6f48069659fd0fd1a08fe0c9b19a5082f707d47315f8551f8,stale,train,False,0,1.0,1.0,0.0,0.0,0.0,0.0,0.0,0.0,0.0,1.0,1.0,0.0,0.0,0.0,0.0,0.0,0.0,0.0
candidate_refresh,historical:age3,100,100,b01,0e8f3f1b4ee6e7e6f48069659fd0fd1a08fe0c9b19a5082f707d47315f8551f8,matched_buffer_control,train,False,0,1.0,1.0,0.0,0.0,0.0,0.0,0.0,0.0,0.0,1.0,1.0,0.0,0.0,0.0,0.0,0.0,0.0,0.0
candidate_refresh,historical:age3,100,100,b02,27efbd6bc5dd9e1b629628ddc1ebcd9a29aed2df4deec4e313d91ec273654991,stale,train,False,0,1.0,1.0,0.0,0.0,0.0,0.0,0.0,0.0,0.0,1.0,1.0,0.0,0.0,0.0,0.0,0.0,0.0,0.0
candidate_refresh,historical:age3,100,100,b03,27efbd6bc5dd9e1b629628ddc1ebcd9a29aed2df4deec4e313d91ec273654991,matched_buffer_control,train,False,0,1.0,1.0,0.0,0.0,0.0,0.0,0.0,0.0,0.0,1.0,1.0,0.0,0.0,0.0,0.0,0.0,0.0,0.0
candidate_refresh,historical:age3,100,100,b04,39ae394166b56ca17d0a9267497f5e6db270595394b437bc40b499c95bc78744,stale,train,False,0,1.0,1.0,0.0,0.0,0.0,0.0,0.0,0.0,0.0,1.0,1.0,0.0,0.0,0.0,0.0,0.0,0.0,0.0
candidate_refresh,historical:age3,100,100,b05,39ae394166b56ca17d0a9267497f5e6db270595394b437bc40b499c95bc78744,matched_buffer_control,train,False,0,1.0,1.0,0.0,0.0,0.0,0.0,0.0,0.0,0.0,1.0,1.0,0.0,0.0,0.0,0.0,0.0,0.0,0.0
candidate_refresh,historical:age3,100,100,b06,cd8d51cb68d0b6263d1dfeb23031fde3f9fef779ac358a807df9ff3f2ed67a41,stale,train,False,1,0.0,0.5,0.5,0.0,0.25,0.25,0.0,0.25,1.0,0.25,0.0,-0.25,0.0,0.0,0.0,0.25,0.0,1.0
candidate_refresh,historical:age3,100,100,b07,cd8d51cb68d0b6263d1dfeb23031fde3f9fef779ac358a807df9ff3f2ed67a41,matched_buffer_control,train,False,0,0.75,0.75,0.0,0.25,0.25,0.0,0.0,0.0,0.0,1.0,1.0,0.0,0.0,0.0,0.0,0.0,0.0,0.0
candidate_refresh,historical:age3,100,100,b08,cd8d51cb68d0b6263d1dfeb23031fde3f9fef779ac358a807df9ff3f2ed67a41,stale,train,False,1,0.0,0.0,0.0,0.0,0.0,0.0,0.0,0.0,1.0,0.0,0.0,0.0,0.0,0.0,0.0,0.0,0.0,1.0
candidate_refresh,historical:age3,100,100,b09,cd8d51cb68d0b6263d1dfeb23031fde3f9fef779ac358a807df9ff3f2ed67a41,matched_buffer_control,train,False,0,1.0,1.0,0.0,0.0,0.0,0.0,0.0,0.0,0.0,1.0,1.0,0.0,0.0,0.0,0.0,0.0,0.0,0.0
candidate_refresh,historical:age3,100,100,b10,55a791e7d4187ccc4fa8d76e3f770d102f8cbf6c00a014e2db05334ba0d8018a,stale,train,False,0,0.5,0.5,0.0,0.0,0.0,0.0,0.0,0.0,0.0,0.25,0.25,0.0,0.0,0.0,0.0,0.0,0.0,0.0
candidate_refresh,historical:age3,100,100,b11,55a791e7d4187ccc4fa8d76e3f770d102f8cbf6c00a014e2db05334ba0d8018a,matched_buffer_control,train,False,0,1.0,1.0,0.0,0.0,0.0,0.0,0.0,0.0,0.0,1.0,1.0,0.0,0.0,0.0,0.0,0.0,0.0,0.0
candidate_refresh,historical:age3,100,100,b12,7c37bc461026a4c0baa8f078d0044e9be9dbac54215649145889b00de22372bc,stale,train,False,0,1.0,1.0,0.0,0.0,0.0,0.0,0.0,0.0,0.0,1.0,1.0,0.0,0.0,0.0,0.0,0.0,0.0,0.0
candidate_refresh,historical:age3,100,100,b13,7c37bc461026a4c0baa8f078d0044e9be9dbac54215649145889b00de22372bc,matched_buffer_control,train,False,0,1.0,1.0,0.0,0.0,0.0,0.0,0.0,0.0,0.0,1.0,1.0,0.0,0.0,0.0,0.0,0.0,0.0,0.0
candidate_refresh,historical:age3,100,100,b14,bf2eb93d154d15c866b7220cb75da05186d637f439b488cb72df5d6e0ca225c6,stale,train,False,0,0.75,0.75,0.0,0.0,0.0,0.0,0.0,0.0,0.0,1.0,1.0,0.0,0.0,0.0,0.0,0.0,0.0,0.0
candidate_refresh,historical:age3,100,100,b15,bf2eb93d154d15c866b7220cb75da05186d637f439b488cb72df5d6e0ca225c6,matched_buffer_control,train,False,0,1.0,1.0,0.0,0.0,0.0,0.0,0.0,0.0,0.0,1.0,1.0,0.0,0.0,0.0,0.0,0.0,0.0,0.0
candidate_refresh,historical:age3,100,100,b16,e0e6b8a3d1c85c80ca9a0ebb4640c98bc543a40a920203184457bc8a240aea78,stale,train,False,0,0.75,0.75,0.0,0.0,0.0,0.0,0.0,0.0,0.0,0.25,0.25,0.0,0.0,0.0,0.0,0.0,0.0,0.0
candidate_refresh,historical:age3,100,100,b17,e0e6b8a3d1c85c80ca9a0ebb4640c98bc543a40a920203184457bc8a240aea78,matched_buffer_control,train,False,0,1.0,1.0,0.0,0.0,0.0,0.0,0.0,0.0,0.0,1.0,1.0,0.0,0.0,0.0,0.0,0.0,0.0,0.0
candidate_refresh,historical:age3,100,200,b00,0e8f3f1b4ee6e7e6f48069659fd0fd1a08fe0c9b19a5082f707d47315f8551f8,stale,train,False,0,1.0,1.0,0.0,0.0,0.0,0.0,0.0,0.0,0.0,1.0,1.0,0.0,0.0,0.0,0.0,0.0,0.0,0.0
candidate_refresh,historical:age3,100,200,b01,0e8f3f1b4ee6e7e6f48069659fd0fd1a08fe0c9b19a5082f707d47315f8551f8,matched_buffer_control,train,False,0,1.0,1.0,0.0,0.0,0.0,0.0,0.0,0.0,0.0,1.0,1.0,0.0,0.0,0.0,0.0,0.0,0.0,0.0
candidate_refresh,historical:age3,100,200,b02,27efbd6bc5dd9e1b629628ddc1ebcd9a29aed2df4deec4e313d91ec273654991,stale,train,False,0,1.0,1.0,0.0,0.0,0.0,0.0,0.0,0.0,0.0,1.0,1.0,0.0,0.0,0.0,0.0,0.0,0.0,0.0
candidate_refresh,historical:age3,100,200,b03,27efbd6bc5dd9e1b629628ddc1ebcd9a29aed2df4deec4e313d91ec273654991,matched_buffer_control,train,False,0,1.0,1.0,0.0,0.0,0.0,0.0,0.0,0.0,0.0,1.0,1.0,0.0,0.0,0.0,0.0,0.0,0.0,0.0
candidate_refresh,historical:age3,100,200,b04,39ae394166b56ca17d0a9267497f5e6db270595394b437bc40b499c95bc78744,stale,train,False,0,1.0,1.0,0.0,0.0,0.0,0.0,0.0,0.0,0.0,1.0,1.0,0.0,0.0,0.0,0.0,0.0,0.0,0.0
candidate_refresh,historical:age3,100,200,b05,39ae394166b56ca17d0a9267497f5e6db270595394b437bc40b499c95bc78744,matched_buffer_control,train,False,0,1.0,1.0,0.0,0.0,0.0,0.0,0.0,0.0,0.0,1.0,1.0,0.0,0.0,0.0,0.0,0.0,0.0,0.0
candidate_refresh,historical:age3,100,200,b06,cd8d51cb68d0b6263d1dfeb23031fde3f9fef779ac358a807df9ff3f2ed67a41,stale,train,False,1,0.25,0.5,0.25,0.25,0.25,0.0,0.0,0.0,1.0,0.5,0.5,0.0,0.0,0.25,0.25,0.25,0.25,1.0
candidate_refresh,historical:age3,100,200,b07,cd8d51cb68d0b6263d1dfeb23031fde3f9fef779ac358a807df9ff3f2ed67a41,matched_buffer_control,train,False,0,0.75,0.75,0.0,0.25,0.25,0.0,0.0,0.0,0.0,1.0,1.0,0.0,0.0,0.0,0.0,0.0,0.0,0.0
candidate_refresh,historical:age3,100,200,b08,cd8d51cb68d0b6263d1dfeb23031fde3f9fef779ac358a807df9ff3f2ed67a41,stale,train,False,1,0.0,0.0,0.0,0.5,0.5,0.0,0.0,0.5,1.0,0.75,0.25,-0.5,0.25,0.0,-0.25,0.5,0.0,1.0
candidate_refresh,historical:age3,100,200,b09,cd8d51cb68d0b6263d1dfeb23031fde3f9fef779ac358a807df9ff3f2ed67a41,matched_buffer_control,train,False,0,1.0,1.0,0.0,0.0,0.0,0.0,0.0,0.0,0.0,1.0,1.0,0.0,0.0,0.0,0.0,0.0,0.0,0.0
candidate_refresh,historical:age3,100,200,b10,55a791e7d4187ccc4fa8d76e3f770d102f8cbf6c00a014e2db05334ba0d8018a,stale,train,False,0,1.0,1.0,0.0,0.0,0.0,0.0,0.0,0.0,0.0,1.0,1.0,0.0,0.0,0.0,0.0,0.0,0.0,0.0
candidate_refresh,historical:age3,100,200,b11,55a791e7d4187ccc4fa8d76e3f770d102f8cbf6c00a014e2db05334ba0d8018a,matched_buffer_control,train,False,0,1.0,1.0,0.0,0.0,0.0,0.0,0.0,0.0,0.0,1.0,1.0,0.0,0.0,0.0,0.0,0.0,0.0,0.0
candidate_refresh,historical:age3,100,200,b12,7c37bc461026a4c0baa8f078d0044e9be9dbac54215649145889b00de22372bc,stale,train,False,0,1.0,1.0,0.0,0.0,0.0,0.0,0.0,0.0,0.0,1.0,1.0,0.0,0.0,0.0,0.0,0.0,0.0,0.0
candidate_refresh,historical:age3,100,200,b13,7c37bc461026a4c0baa8f078d0044e9be9dbac54215649145889b00de22372bc,matched_buffer_control,train,False,0,1.0,1.0,0.0,0.0,0.0,0.0,0.0,0.0,0.0,1.0,1.0,0.0,0.0,0.0,0.0,0.0,0.0,0.0
candidate_refresh,historical:age3,100,200,b14,bf2eb93d154d15c866b7220cb75da05186d637f439b488cb72df5d6e0ca225c6,stale,train,False,0,1.0,1.0,0.0,0.0,0.0,0.0,0.0,0.0,0.0,1.0,1.0,0.0,0.0,0.0,0.0,0.0,0.0,0.0
candidate_refresh,historical:age3,100,200,b15,bf2eb93d154d15c866b7220cb75da05186d637f439b488cb72df5d6e0ca225c6,matched_buffer_control,train,False,0,1.0,1.0,0.0,0.0,0.0,0.0,0.0,0.0,0.0,1.0,1.0,0.0,0.0,0.0,0.0,0.0,0.0,0.0
candidate_refresh,historical:age3,100,200,b16,e0e6b8a3d1c85c80ca9a0ebb4640c98bc543a40a920203184457bc8a240aea78,stale,train,False,0,1.0,1.0,0.0,0.0,0.0,0.0,0.0,0.0,0.0,1.0,1.0,0.0,0.0,0.0,0.0,0.0,0.0,0.0
candidate_refresh,historical:age3,100,200,b17,e0e6b8a3d1c85c80ca9a0ebb4640c98bc543a40a920203184457bc8a240aea78,matched_buffer_control,train,False,0,1.0,1.0,0.0,0.0,0.0,0.0,0.0,0.0,0.0,1.0,1.0,0.0,0.0,0.0,0.0,0.0,0.0,0.0
candidate_refresh,historical:age5,100,100,b00,0e8f3f1b4ee6e7e6f48069659fd0fd1a08fe0c9b19a5082f707d47315f8551f8,stale,train,False,0,1.0,1.0,0.0,0.0,0.0,0.0,0.0,0.0,0.0,1.0,1.0,0.0,0.0,0.0,0.0,0.0,0.0,0.0
candidate_refresh,historical:age5,100,100,b01,0e8f3f1b4ee6e7e6f48069659fd0fd1a08fe0c9b19a5082f707d47315f8551f8,matched_buffer_control,train,False,0,1.0,1.0,0.0,0.0,0.0,0.0,0.0,0.0,0.0,1.0,1.0,0.0,0.0,0.0,0.0,0.0,0.0,0.0
candidate_refresh,historical:age5,100,100,b02,27efbd6bc5dd9e1b629628ddc1ebcd9a29aed2df4deec4e313d91ec273654991,stale,train,False,0,1.0,1.0,0.0,0.0,0.0,0.0,0.0,0.0,0.0,1.0,1.0,0.0,0.0,0.0,0.0,0.0,0.0,0.0
candidate_refresh,historical:age5,100,100,b03,27efbd6bc5dd9e1b629628ddc1ebcd9a29aed2df4deec4e313d91ec273654991,matched_buffer_control,train,False,0,1.0,1.0,0.0,0.0,0.0,0.0,0.0,0.0,0.0,1.0,1.0,0.0,0.0,0.0,0.0,0.0,0.0,0.0
candidate_refresh,historical:age5,100,100,b04,39ae394166b56ca17d0a9267497f5e6db270595394b437bc40b499c95bc78744,stale,train,False,0,1.0,1.0,0.0,0.0,0.0,0.0,0.0,0.0,0.0,1.0,1.0,0.0,0.0,0.0,0.0,0.0,0.0,0.0
candidate_refresh,historical:age5,100,100,b05,39ae394166b56ca17d0a9267497f5e6db270595394b437bc40b499c95bc78744,matched_buffer_control,train,False,0,1.0,1.0,0.0,0.0,0.0,0.0,0.0,0.0,0.0,1.0,1.0,0.0,0.0,0.0,0.0,0.0,0.0,0.0
candidate_refresh,historical:age5,100,100,b06,cd8d51cb68d0b6263d1dfeb23031fde3f9fef779ac358a807df9ff3f2ed67a41,stale,train,False,0,0.0,0.0,0.0,0.0,0.0,0.0,0.0,0.0,0.0,0.25,0.25,0.0,0.0,0.0,0.0,0.0,0.0,0.0
candidate_refresh,historical:age5,100,100,b07,cd8d51cb68d0b6263d1dfeb23031fde3f9fef779ac358a807df9ff3f2ed67a41,matched_buffer_control,train,False,0,0.75,0.75,0.0,0.25,0.25,0.0,0.0,0.0,0.0,1.0,1.0,0.0,0.0,0.0,0.0,0.0,0.0,0.0
candidate_refresh,historical:age5,100,100,b08,cd8d51cb68d0b6263d1dfeb23031fde3f9fef779ac358a807df9ff3f2ed67a41,stale,train,False,0,0.0,0.0,0.0,0.0,0.0,0.0,0.0,0.0,0.0,0.0,0.0,0.0,0.0,0.0,0.0,0.0,0.0,0.0
candidate_refresh,historical:age5,100,100,b09,cd8d51cb68d0b6263d1dfeb23031fde3f9fef779ac358a807df9ff3f2ed67a41,matched_buffer_control,train,False,0,1.0,1.0,0.0,0.0,0.0,0.0,0.0,0.0,0.0,1.0,1.0,0.0,0.0,0.0,0.0,0.0,0.0,0.0
candidate_refresh,historical:age5,100,100,b10,55a791e7d4187ccc4fa8d76e3f770d102f8cbf6c00a014e2db05334ba0d8018a,stale,train,False,0,0.5,0.5,0.0,0.0,0.0,0.0,0.0,0.0,0.0,0.25,0.25,0.0,0.0,0.0,0.0,0.0,0.0,0.0
candidate_refresh,historical:age5,100,100,b11,55a791e7d4187ccc4fa8d76e3f770d102f8cbf6c00a014e2db05334ba0d8018a,matched_buffer_control,train,False,0,1.0,1.0,0.0,0.0,0.0,0.0,0.0,0.0,0.0,1.0,1.0,0.0,0.0,0.0,0.0,0.0,0.0,0.0
candidate_refresh,historical:age5,100,100,b12,7c37bc461026a4c0baa8f078d0044e9be9dbac54215649145889b00de22372bc,stale,train,False,0,1.0,1.0,0.0,0.0,0.0,0.0,0.0,0.0,0.0,1.0,1.0,0.0,0.0,0.0,0.0,0.0,0.0,0.0
candidate_refresh,historical:age5,100,100,b13,7c37bc461026a4c0baa8f078d0044e9be9dbac54215649145889b00de22372bc,matched_buffer_control,train,False,0,1.0,1.0,0.0,0.0,0.0,0.0,0.0,0.0,0.0,1.0,1.0,0.0,0.0,0.0,0.0,0.0,0.0,0.0
candidate_refresh,historical:age5,100,100,b14,bf2eb93d154d15c866b7220cb75da05186d637f439b488cb72df5d6e0ca225c6,stale,train,False,0,0.75,0.75,0.0,0.0,0.0,0.0,0.0,0.0,0.0,1.0,1.0,0.0,0.0,0.0,0.0,0.0,0.0,0.0
candidate_refresh,historical:age5,100,100,b15,bf2eb93d154d15c866b7220cb75da05186d637f439b488cb72df5d6e0ca225c6,matched_buffer_control,train,False,0,1.0,1.0,0.0,0.0,0.0,0.0,0.0,0.0,0.0,1.0,1.0,0.0,0.0,0.0,0.0,0.0,0.0,0.0
candidate_refresh,historical:age5,100,100,b16,e0e6b8a3d1c85c80ca9a0ebb4640c98bc543a40a920203184457bc8a240aea78,stale,train,False,0,0.75,0.75,0.0,0.0,0.0,0.0,0.0,0.0,0.0,0.25,0.25,0.0,0.0,0.0,0.0,0.0,0.0,0.0
candidate_refresh,historical:age5,100,100,b17,e0e6b8a3d1c85c80ca9a0ebb4640c98bc543a40a920203184457bc8a240aea78,matched_buffer_control,train,False,0,1.0,1.0,0.0,0.0,0.0,0.0,0.0,0.0,0.0,1.0,1.0,0.0,0.0,0.0,0.0,0.0,0.0,0.0
candidate_refresh,historical:age5,100,200,b00,0e8f3f1b4ee6e7e6f48069659fd0fd1a08fe0c9b19a5082f707d47315f8551f8,stale,train,False,0,1.0,1.0,0.0,0.0,0.0,0.0,0.0,0.0,0.0,1.0,1.0,0.0,0.0,0.0,0.0,0.0,0.0,0.0
candidate_refresh,historical:age5,100,200,b01,0e8f3f1b4ee6e7e6f48069659fd0fd1a08fe0c9b19a5082f707d47315f8551f8,matched_buffer_control,train,False,0,1.0,1.0,0.0,0.0,0.0,0.0,0.0,0.0,0.0,1.0,1.0,0.0,0.0,0.0,0.0,0.0,0.0,0.0
candidate_refresh,historical:age5,100,200,b02,27efbd6bc5dd9e1b629628ddc1ebcd9a29aed2df4deec4e313d91ec273654991,stale,train,False,0,1.0,1.0,0.0,0.0,0.0,0.0,0.0,0.0,0.0,1.0,1.0,0.0,0.0,0.0,0.0,0.0,0.0,0.0
candidate_refresh,historical:age5,100,200,b03,27efbd6bc5dd9e1b629628ddc1ebcd9a29aed2df4deec4e313d91ec273654991,matched_buffer_control,train,False,0,1.0,1.0,0.0,0.0,0.0,0.0,0.0,0.0,0.0,1.0,1.0,0.0,0.0,0.0,0.0,0.0,0.0,0.0
candidate_refresh,historical:age5,100,200,b04,39ae394166b56ca17d0a9267497f5e6db270595394b437bc40b499c95bc78744,stale,train,False,0,1.0,1.0,0.0,0.0,0.0,0.0,0.0,0.0,0.0,1.0,1.0,0.0,0.0,0.0,0.0,0.0,0.0,0.0
candidate_refresh,historical:age5,100,200,b05,39ae394166b56ca17d0a9267497f5e6db270595394b437bc40b499c95bc78744,matched_buffer_control,train,False,0,1.0,1.0,0.0,0.0,0.0,0.0,0.0,0.0,0.0,1.0,1.0,0.0,0.0,0.0,0.0,0.0,0.0,0.0
candidate_refresh,historical:age5,100,200,b06,cd8d51cb68d0b6263d1dfeb23031fde3f9fef779ac358a807df9ff3f2ed67a41,stale,train,False,0,0.25,0.25,0.0,0.25,0.25,0.0,0.0,0.0,0.0,0.5,0.5,0.0,0.0,0.0,0.0,0.0,0.0,0.0
candidate_refresh,historical:age5,100,200,b07,cd8d51cb68d0b6263d1dfeb23031fde3f9fef779ac358a807df9ff3f2ed67a41,matched_buffer_control,train,False,0,0.75,0.75,0.0,0.25,0.25,0.0,0.0,0.0,0.0,1.0,1.0,0.0,0.0,0.0,0.0,0.0,0.0,0.0
candidate_refresh,historical:age5,100,200,b08,cd8d51cb68d0b6263d1dfeb23031fde3f9fef779ac358a807df9ff3f2ed67a41,stale,train,False,0,0.0,0.0,0.0,0.5,0.5,0.0,0.0,0.0,0.0,0.75,0.75,0.0,0.25,0.25,0.0,0.0,0.0,0.0
candidate_refresh,historical:age5,100,200,b09,cd8d51cb68d0b6263d1dfeb23031fde3f9fef779ac358a807df9ff3f2ed67a41,matched_buffer_control,train,False,0,1.0,1.0,0.0,0.0,0.0,0.0,0.0,0.0,0.0,1.0,1.0,0.0,0.0,0.0,0.0,0.0,0.0,0.0
candidate_refresh,historical:age5,100,200,b10,55a791e7d4187ccc4fa8d76e3f770d102f8cbf6c00a014e2db05334ba0d8018a,stale,train,False,0,1.0,1.0,0.0,0.0,0.0,0.0,0.0,0.0,0.0,1.0,1.0,0.0,0.0,0.0,0.0,0.0,0.0,0.0
candidate_refresh,historical:age5,100,200,b11,55a791e7d4187ccc4fa8d76e3f770d102f8cbf6c00a014e2db05334ba0d8018a,matched_buffer_control,train,False,0,1.0,1.0,0.0,0.0,0.0,0.0,0.0,0.0,0.0,1.0,1.0,0.0,0.0,0.0,0.0,0.0,0.0,0.0
candidate_refresh,historical:age5,100,200,b12,7c37bc461026a4c0baa8f078d0044e9be9dbac54215649145889b00de22372bc,stale,train,False,0,1.0,1.0,0.0,0.0,0.0,0.0,0.0,0.0,0.0,1.0,1.0,0.0,0.0,0.0,0.0,0.0,0.0,0.0
candidate_refresh,historical:age5,100,200,b13,7c37bc461026a4c0baa8f078d0044e9be9dbac54215649145889b00de22372bc,matched_buffer_control,train,False,0,1.0,1.0,0.0,0.0,0.0,0.0,0.0,0.0,0.0,1.0,1.0,0.0,0.0,0.0,0.0,0.0,0.0,0.0
candidate_refresh,historical:age5,100,200,b14,bf2eb93d154d15c866b7220cb75da05186d637f439b488cb72df5d6e0ca225c6,stale,train,False,0,1.0,1.0,0.0,0.0,0.0,0.0,0.0,0.0,0.0,1.0,1.0,0.0,0.0,0.0,0.0,0.0,0.0,0.0
candidate_refresh,historical:age5,100,200,b15,bf2eb93d154d15c866b7220cb75da05186d637f439b488cb72df5d6e0ca225c6,matched_buffer_control,train,False,0,1.0,1.0,0.0,0.0,0.0,0.0,0.0,0.0,0.0,1.0,1.0,0.0,0.0,0.0,0.0,0.0,0.0,0.0
candidate_refresh,historical:age5,100,200,b16,e0e6b8a3d1c85c80ca9a0ebb4640c98bc543a40a920203184457bc8a240aea78,stale,train,False,0,1.0,1.0,0.0,0.0,0.0,0.0,0.0,0.0,0.0,1.0,1.0,0.0,0.0,0.0,0.0,0.0,0.0,0.0
candidate_refresh,historical:age5,100,200,b17,e0e6b8a3d1c85c80ca9a0ebb4640c98bc543a40a920203184457bc8a240aea78,matched_buffer_control,train,False,0,1.0,1.0,0.0,0.0,0.0,0.0,0.0,0.0,0.0,1.0,1.0,0.0,0.0,0.0,0.0,0.0,0.0,0.0
candidate_refresh,historical:period10,100,100,b00,0e8f3f1b4ee6e7e6f48069659fd0fd1a08fe0c9b19a5082f707d47315f8551f8,stale,train,False,0,1.0,1.0,0.0,0.0,0.0,0.0,0.0,0.0,0.0,1.0,1.0,0.0,0.0,0.0,0.0,0.0,0.0,0.0
candidate_refresh,historical:period10,100,100,b01,0e8f3f1b4ee6e7e6f48069659fd0fd1a08fe0c9b19a5082f707d47315f8551f8,matched_buffer_control,train,False,0,1.0,1.0,0.0,0.0,0.0,0.0,0.0,0.0,0.0,1.0,1.0,0.0,0.0,0.0,0.0,0.0,0.0,0.0
candidate_refresh,historical:period10,100,100,b02,27efbd6bc5dd9e1b629628ddc1ebcd9a29aed2df4deec4e313d91ec273654991,stale,train,False,0,1.0,1.0,0.0,0.0,0.0,0.0,0.0,0.0,0.0,1.0,1.0,0.0,0.0,0.0,0.0,0.0,0.0,0.0
candidate_refresh,historical:period10,100,100,b03,27efbd6bc5dd9e1b629628ddc1ebcd9a29aed2df4deec4e313d91ec273654991,matched_buffer_control,train,False,0,1.0,1.0,0.0,0.0,0.0,0.0,0.0,0.0,0.0,1.0,1.0,0.0,0.0,0.0,0.0,0.0,0.0,0.0
candidate_refresh,historical:period10,100,100,b04,39ae394166b56ca17d0a9267497f5e6db270595394b437bc40b499c95bc78744,stale,train,False,0,1.0,1.0,0.0,0.0,0.0,0.0,0.0,0.0,0.0,1.0,1.0,0.0,0.0,0.0,0.0,0.0,0.0,0.0
candidate_refresh,historical:period10,100,100,b05,39ae394166b56ca17d0a9267497f5e6db270595394b437bc40b499c95bc78744,matched_buffer_control,train,False,0,1.0,1.0,0.0,0.0,0.0,0.0,0.0,0.0,0.0,1.0,1.0,0.0,0.0,0.0,0.0,0.0,0.0,0.0
candidate_refresh,historical:period10,100,100,b06,cd8d51cb68d0b6263d1dfeb23031fde3f9fef779ac358a807df9ff3f2ed67a41,stale,train,False,0,0.0,0.0,0.0,0.0,0.0,0.0,0.0,0.0,0.0,0.25,0.25,0.0,0.0,0.0,0.0,0.0,0.0,0.0
candidate_refresh,historical:period10,100,100,b07,cd8d51cb68d0b6263d1dfeb23031fde3f9fef779ac358a807df9ff3f2ed67a41,matched_buffer_control,train,False,0,0.75,0.75,0.0,0.25,0.25,0.0,0.0,0.0,0.0,1.0,1.0,0.0,0.0,0.0,0.0,0.0,0.0,0.0
candidate_refresh,historical:period10,100,100,b08,cd8d51cb68d0b6263d1dfeb23031fde3f9fef779ac358a807df9ff3f2ed67a41,stale,train,False,0,0.0,0.0,0.0,0.0,0.0,0.0,0.0,0.0,0.0,0.0,0.0,0.0,0.0,0.0,0.0,0.0,0.0,0.0
candidate_refresh,historical:period10,100,100,b09,cd8d51cb68d0b6263d1dfeb23031fde3f9fef779ac358a807df9ff3f2ed67a41,matched_buffer_control,train,False,0,1.0,1.0,0.0,0.0,0.0,0.0,0.0,0.0,0.0,1.0,1.0,0.0,0.0,0.0,0.0,0.0,0.0,0.0
candidate_refresh,historical:period10,100,100,b10,55a791e7d4187ccc4fa8d76e3f770d102f8cbf6c00a014e2db05334ba0d8018a,stale,train,False,0,0.5,0.5,0.0,0.0,0.0,0.0,0.0,0.0,0.0,0.25,0.25,0.0,0.0,0.0,0.0,0.0,0.0,0.0
candidate_refresh,historical:period10,100,100,b11,55a791e7d4187ccc4fa8d76e3f770d102f8cbf6c00a014e2db05334ba0d8018a,matched_buffer_control,train,False,0,1.0,1.0,0.0,0.0,0.0,0.0,0.0,0.0,0.0,1.0,1.0,0.0,0.0,0.0,0.0,0.0,0.0,0.0
candidate_refresh,historical:period10,100,100,b12,7c37bc461026a4c0baa8f078d0044e9be9dbac54215649145889b00de22372bc,stale,train,False,0,1.0,1.0,0.0,0.0,0.0,0.0,0.0,0.0,0.0,1.0,1.0,0.0,0.0,0.0,0.0,0.0,0.0,0.0
candidate_refresh,historical:period10,100,100,b13,7c37bc461026a4c0baa8f078d0044e9be9dbac54215649145889b00de22372bc,matched_buffer_control,train,False,0,1.0,1.0,0.0,0.0,0.0,0.0,0.0,0.0,0.0,1.0,1.0,0.0,0.0,0.0,0.0,0.0,0.0,0.0
candidate_refresh,historical:period10,100,100,b14,bf2eb93d154d15c866b7220cb75da05186d637f439b488cb72df5d6e0ca225c6,stale,train,False,1,0.75,1.0,0.25,0.0,0.0,0.0,0.0,0.0,1.0,1.0,1.0,0.0,0.0,0.0,0.0,0.0,0.0,1.0
candidate_refresh,historical:period10,100,100,b15,bf2eb93d154d15c866b7220cb75da05186d637f439b488cb72df5d6e0ca225c6,matched_buffer_control,train,False,1,1.0,1.0,0.0,0.0,0.0,0.0,0.0,0.0,1.0,1.0,1.0,0.0,0.0,0.0,0.0,0.0,0.0,1.0
candidate_refresh,historical:period10,100,100,b16,e0e6b8a3d1c85c80ca9a0ebb4640c98bc543a40a920203184457bc8a240aea78,stale,train,False,0,0.75,0.75,0.0,0.0,0.0,0.0,0.0,0.0,0.0,0.25,0.25,0.0,0.0,0.0,0.0,0.0,0.0,0.0
candidate_refresh,historical:period10,100,100,b17,e0e6b8a3d1c85c80ca9a0ebb4640c98bc543a40a920203184457bc8a240aea78,matched_buffer_control,train,False,0,1.0,1.0,0.0,0.0,0.0,0.0,0.0,0.0,0.0,1.0,1.0,0.0,0.0,0.0,0.0,0.0,0.0,0.0
candidate_refresh,historical:period10,100,200,b00,0e8f3f1b4ee6e7e6f48069659fd0fd1a08fe0c9b19a5082f707d47315f8551f8,stale,train,False,0,1.0,1.0,0.0,0.0,0.0,0.0,0.0,0.0,0.0,1.0,1.0,0.0,0.0,0.0,0.0,0.0,0.0,0.0
candidate_refresh,historical:period10,100,200,b01,0e8f3f1b4ee6e7e6f48069659fd0fd1a08fe0c9b19a5082f707d47315f8551f8,matched_buffer_control,train,False,0,1.0,1.0,0.0,0.0,0.0,0.0,0.0,0.0,0.0,1.0,1.0,0.0,0.0,0.0,0.0,0.0,0.0,0.0
candidate_refresh,historical:period10,100,200,b02,27efbd6bc5dd9e1b629628ddc1ebcd9a29aed2df4deec4e313d91ec273654991,stale,train,False,0,1.0,1.0,0.0,0.0,0.0,0.0,0.0,0.0,0.0,1.0,1.0,0.0,0.0,0.0,0.0,0.0,0.0,0.0
candidate_refresh,historical:period10,100,200,b03,27efbd6bc5dd9e1b629628ddc1ebcd9a29aed2df4deec4e313d91ec273654991,matched_buffer_control,train,False,0,1.0,1.0,0.0,0.0,0.0,0.0,0.0,0.0,0.0,1.0,1.0,0.0,0.0,0.0,0.0,0.0,0.0,0.0
candidate_refresh,historical:period10,100,200,b04,39ae394166b56ca17d0a9267497f5e6db270595394b437bc40b499c95bc78744,stale,train,False,0,1.0,1.0,0.0,0.0,0.0,0.0,0.0,0.0,0.0,1.0,1.0,0.0,0.0,0.0,0.0,0.0,0.0,0.0
candidate_refresh,historical:period10,100,200,b05,39ae394166b56ca17d0a9267497f5e6db270595394b437bc40b499c95bc78744,matched_buffer_control,train,False,0,1.0,1.0,0.0,0.0,0.0,0.0,0.0,0.0,0.0,1.0,1.0,0.0,0.0,0.0,0.0,0.0,0.0,0.0
candidate_refresh,historical:period10,100,200,b06,cd8d51cb68d0b6263d1dfeb23031fde3f9fef779ac358a807df9ff3f2ed67a41,stale,train,False,0,0.25,0.25,0.0,0.25,0.25,0.0,0.0,0.0,0.0,0.5,0.5,0.0,0.0,0.0,0.0,0.0,0.0,0.0
candidate_refresh,historical:period10,100,200,b07,cd8d51cb68d0b6263d1dfeb23031fde3f9fef779ac358a807df9ff3f2ed67a41,matched_buffer_control,train,False,0,0.75,0.75,0.0,0.25,0.25,0.0,0.0,0.0,0.0,1.0,1.0,0.0,0.0,0.0,0.0,0.0,0.0,0.0
candidate_refresh,historical:period10,100,200,b08,cd8d51cb68d0b6263d1dfeb23031fde3f9fef779ac358a807df9ff3f2ed67a41,stale,train,False,0,0.0,0.0,0.0,0.5,0.5,0.0,0.0,0.0,0.0,0.75,0.75,0.0,0.25,0.25,0.0,0.0,0.0,0.0
candidate_refresh,historical:period10,100,200,b09,cd8d51cb68d0b6263d1dfeb23031fde3f9fef779ac358a807df9ff3f2ed67a41,matched_buffer_control,train,False,0,1.0,1.0,0.0,0.0,0.0,0.0,0.0,0.0,0.0,1.0,1.0,0.0,0.0,0.0,0.0,0.0,0.0,0.0
candidate_refresh,historical:period10,100,200,b10,55a791e7d4187ccc4fa8d76e3f770d102f8cbf6c00a014e2db05334ba0d8018a,stale,train,False,0,1.0,1.0,0.0,0.0,0.0,0.0,0.0,0.0,0.0,1.0,1.0,0.0,0.0,0.0,0.0,0.0,0.0,0.0
candidate_refresh,historical:period10,100,200,b11,55a791e7d4187ccc4fa8d76e3f770d102f8cbf6c00a014e2db05334ba0d8018a,matched_buffer_control,train,False,0,1.0,1.0,0.0,0.0,0.0,0.0,0.0,0.0,0.0,1.0,1.0,0.0,0.0,0.0,0.0,0.0,0.0,0.0
candidate_refresh,historical:period10,100,200,b12,7c37bc461026a4c0baa8f078d0044e9be9dbac54215649145889b00de22372bc,stale,train,False,0,1.0,1.0,0.0,0.0,0.0,0.0,0.0,0.0,0.0,1.0,1.0,0.0,0.0,0.0,0.0,0.0,0.0,0.0
candidate_refresh,historical:period10,100,200,b13,7c37bc461026a4c0baa8f078d0044e9be9dbac54215649145889b00de22372bc,matched_buffer_control,train,False,0,1.0,1.0,0.0,0.0,0.0,0.0,0.0,0.0,0.0,1.0,1.0,0.0,0.0,0.0,0.0,0.0,0.0,0.0
candidate_refresh,historical:period10,100,200,b14,bf2eb93d154d15c866b7220cb75da05186d637f439b488cb72df5d6e0ca225c6,stale,train,False,1,1.0,1.0,0.0,0.0,0.0,0.0,0.0,0.0,1.0,1.0,1.0,0.0,0.0,0.0,0.0,0.0,0.0,1.0
candidate_refresh,historical:period10,100,200,b15,bf2eb93d154d15c866b7220cb75da05186d637f439b488cb72df5d6e0ca225c6,matched_buffer_control,train,False,1,1.0,1.0,0.0,0.0,0.0,0.0,0.0,0.0,1.0,1.0,1.0,0.0,0.0,0.0,0.0,0.0,0.0,1.0
candidate_refresh,historical:period10,100,200,b16,e0e6b8a3d1c85c80ca9a0ebb4640c98bc543a40a920203184457bc8a240aea78,stale,train,False,0,1.0,1.0,0.0,0.0,0.0,0.0,0.0,0.0,0.0,1.0,1.0,0.0,0.0,0.0,0.0,0.0,0.0,0.0
candidate_refresh,historical:period10,100,200,b17,e0e6b8a3d1c85c80ca9a0ebb4640c98bc543a40a920203184457bc8a240aea78,matched_buffer_control,train,False,0,1.0,1.0,0.0,0.0,0.0,0.0,0.0,0.0,0.0,1.0,1.0,0.0,0.0,0.0,0.0,0.0,0.0,0.0
candidate_refresh,historical:A_reference,100,100,b00,0e8f3f1b4ee6e7e6f48069659fd0fd1a08fe0c9b19a5082f707d47315f8551f8,stale,train,False,0,1.0,1.0,0.0,0.0,0.0,0.0,0.0,0.0,0.0,1.0,1.0,0.0,0.0,0.0,0.0,0.0,0.0,0.0
candidate_refresh,historical:A_reference,100,100,b01,0e8f3f1b4ee6e7e6f48069659fd0fd1a08fe0c9b19a5082f707d47315f8551f8,matched_buffer_control,train,False,0,1.0,1.0,0.0,0.0,0.0,0.0,0.0,0.0,0.0,1.0,1.0,0.0,0.0,0.0,0.0,0.0,0.0,0.0
candidate_refresh,historical:A_reference,100,100,b02,27efbd6bc5dd9e1b629628ddc1ebcd9a29aed2df4deec4e313d91ec273654991,stale,train,False,0,1.0,1.0,0.0,0.0,0.0,0.0,0.0,0.0,0.0,1.0,1.0,0.0,0.0,0.0,0.0,0.0,0.0,0.0
candidate_refresh,historical:A_reference,100,100,b03,27efbd6bc5dd9e1b629628ddc1ebcd9a29aed2df4deec4e313d91ec273654991,matched_buffer_control,train,False,0,1.0,1.0,0.0,0.0,0.0,0.0,0.0,0.0,0.0,1.0,1.0,0.0,0.0,0.0,0.0,0.0,0.0,0.0
candidate_refresh,historical:A_reference,100,100,b04,39ae394166b56ca17d0a9267497f5e6db270595394b437bc40b499c95bc78744,stale,train,False,0,1.0,1.0,0.0,0.0,0.0,0.0,0.0,0.0,0.0,1.0,1.0,0.0,0.0,0.0,0.0,0.0,0.0,0.0
candidate_refresh,historical:A_reference,100,100,b05,39ae394166b56ca17d0a9267497f5e6db270595394b437bc40b499c95bc78744,matched_buffer_control,train,False,0,1.0,1.0,0.0,0.0,0.0,0.0,0.0,0.0,0.0,1.0,1.0,0.0,0.0,0.0,0.0,0.0,0.0,0.0
candidate_refresh,historical:A_reference,100,100,b06,cd8d51cb68d0b6263d1dfeb23031fde3f9fef779ac358a807df9ff3f2ed67a41,stale,train,False,1,0.0,0.5,0.5,0.0,0.25,0.25,0.0,0.25,1.0,0.25,0.0,-0.25,0.0,0.0,0.0,0.25,0.0,1.0
candidate_refresh,historical:A_reference,100,100,b07,cd8d51cb68d0b6263d1dfeb23031fde3f9fef779ac358a807df9ff3f2ed67a41,matched_buffer_control,train,False,1,0.75,1.0,0.25,0.25,0.0,-0.25,0.0,0.0,1.0,1.0,1.0,0.0,0.0,0.0,0.0,0.0,0.0,1.0
candidate_refresh,historical:A_reference,100,100,b08,cd8d51cb68d0b6263d1dfeb23031fde3f9fef779ac358a807df9ff3f2ed67a41,stale,train,False,0,0.0,0.0,0.0,0.0,0.0,0.0,0.0,0.0,0.0,0.0,0.0,0.0,0.0,0.0,0.0,0.0,0.0,0.0
candidate_refresh,historical:A_reference,100,100,b09,cd8d51cb68d0b6263d1dfeb23031fde3f9fef779ac358a807df9ff3f2ed67a41,matched_buffer_control,train,False,0,1.0,1.0,0.0,0.0,0.0,0.0,0.0,0.0,0.0,1.0,1.0,0.0,0.0,0.0,0.0,0.0,0.0,0.0
candidate_refresh,historical:A_reference,100,100,b10,55a791e7d4187ccc4fa8d76e3f770d102f8cbf6c00a014e2db05334ba0d8018a,stale,train,False,1,0.5,0.75,0.25,0.0,0.0,0.0,0.0,0.0,1.0,0.25,0.75,0.5,0.0,0.0,0.0,0.25,0.0,1.0
candidate_refresh,historical:A_reference,100,100,b11,55a791e7d4187ccc4fa8d76e3f770d102f8cbf6c00a014e2db05334ba0d8018a,matched_buffer_control,train,False,0,1.0,1.0,0.0,0.0,0.0,0.0,0.0,0.0,0.0,1.0,1.0,0.0,0.0,0.0,0.0,0.0,0.0,0.0
candidate_refresh,historical:A_reference,100,100,b12,7c37bc461026a4c0baa8f078d0044e9be9dbac54215649145889b00de22372bc,stale,train,False,0,1.0,1.0,0.0,0.0,0.0,0.0,0.0,0.0,0.0,1.0,1.0,0.0,0.0,0.0,0.0,0.0,0.0,0.0
candidate_refresh,historical:A_reference,100,100,b13,7c37bc461026a4c0baa8f078d0044e9be9dbac54215649145889b00de22372bc,matched_buffer_control,train,False,0,1.0,1.0,0.0,0.0,0.0,0.0,0.0,0.0,0.0,1.0,1.0,0.0,0.0,0.0,0.0,0.0,0.0,0.0
candidate_refresh,historical:A_reference,100,100,b14,bf2eb93d154d15c866b7220cb75da05186d637f439b488cb72df5d6e0ca225c6,stale,train,False,1,0.75,1.0,0.25,0.0,0.0,0.0,0.0,0.0,1.0,1.0,1.0,0.0,0.0,0.0,0.0,0.0,0.0,1.0
candidate_refresh,historical:A_reference,100,100,b15,bf2eb93d154d15c866b7220cb75da05186d637f439b488cb72df5d6e0ca225c6,matched_buffer_control,train,False,0,1.0,1.0,0.0,0.0,0.0,0.0,0.0,0.0,0.0,1.0,1.0,0.0,0.0,0.0,0.0,0.0,0.0,0.0
candidate_refresh,historical:A_reference,100,100,b16,e0e6b8a3d1c85c80ca9a0ebb4640c98bc543a40a920203184457bc8a240aea78,stale,train,False,1,0.75,1.0,0.25,0.0,0.0,0.0,0.0,0.0,1.0,0.25,0.75,0.5,0.0,0.0,0.0,0.0,0.0,1.0
candidate_refresh,historical:A_reference,100,100,b17,e0e6b8a3d1c85c80ca9a0ebb4640c98bc543a40a920203184457bc8a240aea78,matched_buffer_control,train,False,0,1.0,1.0,0.0,0.0,0.0,0.0,0.0,0.0,0.0,1.0,1.0,0.0,0.0,0.0,0.0,0.0,0.0,0.0
candidate_refresh,historical:A_reference,100,200,b00,0e8f3f1b4ee6e7e6f48069659fd0fd1a08fe0c9b19a5082f707d47315f8551f8,stale,train,False,0,1.0,1.0,0.0,0.0,0.0,0.0,0.0,0.0,0.0,1.0,1.0,0.0,0.0,0.0,0.0,0.0,0.0,0.0
candidate_refresh,historical:A_reference,100,200,b01,0e8f3f1b4ee6e7e6f48069659fd0fd1a08fe0c9b19a5082f707d47315f8551f8,matched_buffer_control,train,False,0,1.0,1.0,0.0,0.0,0.0,0.0,0.0,0.0,0.0,1.0,1.0,0.0,0.0,0.0,0.0,0.0,0.0,0.0
candidate_refresh,historical:A_reference,100,200,b02,27efbd6bc5dd9e1b629628ddc1ebcd9a29aed2df4deec4e313d91ec273654991,stale,train,False,0,1.0,1.0,0.0,0.0,0.0,0.0,0.0,0.0,0.0,1.0,1.0,0.0,0.0,0.0,0.0,0.0,0.0,0.0
candidate_refresh,historical:A_reference,100,200,b03,27efbd6bc5dd9e1b629628ddc1ebcd9a29aed2df4deec4e313d91ec273654991,matched_buffer_control,train,False,0,1.0,1.0,0.0,0.0,0.0,0.0,0.0,0.0,0.0,1.0,1.0,0.0,0.0,0.0,0.0,0.0,0.0,0.0
candidate_refresh,historical:A_reference,100,200,b04,39ae394166b56ca17d0a9267497f5e6db270595394b437bc40b499c95bc78744,stale,train,False,0,1.0,1.0,0.0,0.0,0.0,0.0,0.0,0.0,0.0,1.0,1.0,0.0,0.0,0.0,0.0,0.0,0.0,0.0
candidate_refresh,historical:A_reference,100,200,b05,39ae394166b56ca17d0a9267497f5e6db270595394b437bc40b499c95bc78744,matched_buffer_control,train,False,0,1.0,1.0,0.0,0.0,0.0,0.0,0.0,0.0,0.0,1.0,1.0,0.0,0.0,0.0,0.0,0.0,0.0,0.0
candidate_refresh,historical:A_reference,100,200,b06,cd8d51cb68d0b6263d1dfeb23031fde3f9fef779ac358a807df9ff3f2ed67a41,stale,train,False,1,0.25,0.5,0.25,0.25,0.25,0.0,0.0,0.0,1.0,0.5,0.5,0.0,0.0,0.25,0.25,0.25,0.25,1.0
candidate_refresh,historical:A_reference,100,200,b07,cd8d51cb68d0b6263d1dfeb23031fde3f9fef779ac358a807df9ff3f2ed67a41,matched_buffer_control,train,False,1,0.75,1.0,0.25,0.25,0.0,-0.25,0.0,0.0,1.0,1.0,1.0,0.0,0.0,0.0,0.0,0.0,0.0,1.0
candidate_refresh,historical:A_reference,100,200,b08,cd8d51cb68d0b6263d1dfeb23031fde3f9fef779ac358a807df9ff3f2ed67a41,stale,train,False,0,0.0,0.0,0.0,0.5,0.5,0.0,0.0,0.0,0.0,0.75,0.75,0.0,0.25,0.25,0.0,0.0,0.0,0.0
candidate_refresh,historical:A_reference,100,200,b09,cd8d51cb68d0b6263d1dfeb23031fde3f9fef779ac358a807df9ff3f2ed67a41,matched_buffer_control,train,False,0,1.0,1.0,0.0,0.0,0.0,0.0,0.0,0.0,0.0,1.0,1.0,0.0,0.0,0.0,0.0,0.0,0.0,0.0
candidate_refresh,historical:A_reference,100,200,b10,55a791e7d4187ccc4fa8d76e3f770d102f8cbf6c00a014e2db05334ba0d8018a,stale,train,False,1,1.0,1.0,0.0,0.0,0.0,0.0,0.0,0.0,1.0,1.0,1.0,0.0,0.0,0.0,0.0,0.0,0.0,1.0
candidate_refresh,historical:A_reference,100,200,b11,55a791e7d4187ccc4fa8d76e3f770d102f8cbf6c00a014e2db05334ba0d8018a,matched_buffer_control,train,False,0,1.0,1.0,0.0,0.0,0.0,0.0,0.0,0.0,0.0,1.0,1.0,0.0,0.0,0.0,0.0,0.0,0.0,0.0
candidate_refresh,historical:A_reference,100,200,b12,7c37bc461026a4c0baa8f078d0044e9be9dbac54215649145889b00de22372bc,stale,train,False,0,1.0,1.0,0.0,0.0,0.0,0.0,0.0,0.0,0.0,1.0,1.0,0.0,0.0,0.0,0.0,0.0,0.0,0.0
candidate_refresh,historical:A_reference,100,200,b13,7c37bc461026a4c0baa8f078d0044e9be9dbac54215649145889b00de22372bc,matched_buffer_control,train,False,0,1.0,1.0,0.0,0.0,0.0,0.0,0.0,0.0,0.0,1.0,1.0,0.0,0.0,0.0,0.0,0.0,0.0,0.0
candidate_refresh,historical:A_reference,100,200,b14,bf2eb93d154d15c866b7220cb75da05186d637f439b488cb72df5d6e0ca225c6,stale,train,False,1,1.0,1.0,0.0,0.0,0.0,0.0,0.0,0.0,1.0,1.0,1.0,0.0,0.0,0.0,0.0,0.0,0.0,1.0
candidate_refresh,historical:A_reference,100,200,b15,bf2eb93d154d15c866b7220cb75da05186d637f439b488cb72df5d6e0ca225c6,matched_buffer_control,train,False,0,1.0,1.0,0.0,0.0,0.0,0.0,0.0,0.0,0.0,1.0,1.0,0.0,0.0,0.0,0.0,0.0,0.0,0.0
candidate_refresh,historical:A_reference,100,200,b16,e0e6b8a3d1c85c80ca9a0ebb4640c98bc543a40a920203184457bc8a240aea78,stale,train,False,1,1.0,1.0,0.0,0.0,0.0,0.0,0.0,0.0,1.0,1.0,1.0,0.0,0.0,0.0,0.0,0.0,0.0,1.0
candidate_refresh,historical:A_reference,100,200,b17,e0e6b8a3d1c85c80ca9a0ebb4640c98bc543a40a920203184457bc8a240aea78,matched_buffer_control,train,False,0,1.0,1.0,0.0,0.0,0.0,0.0,0.0,0.0,0.0,1.0,1.0,0.0,0.0,0.0,0.0,0.0,0.0,0.0
candidate_refresh,real_full,200,100,b00,0e8f3f1b4ee6e7e6f48069659fd0fd1a08fe0c9b19a5082f707d47315f8551f8,stale,train,False,0,1.0,1.0,0.0,0.0,0.0,0.0,0.0,0.0,0.0,1.0,1.0,0.0,0.0,0.0,0.0,0.0,0.0,0.0
candidate_refresh,real_full,200,100,b01,0e8f3f1b4ee6e7e6f48069659fd0fd1a08fe0c9b19a5082f707d47315f8551f8,matched_buffer_control,train,False,0,1.0,1.0,0.0,0.0,0.0,0.0,0.0,0.0,0.0,1.0,1.0,0.0,0.0,0.0,0.0,0.0,0.0,0.0
candidate_refresh,real_full,200,100,b02,27efbd6bc5dd9e1b629628ddc1ebcd9a29aed2df4deec4e313d91ec273654991,stale,train,False,0,1.0,1.0,0.0,0.0,0.0,0.0,0.0,0.0,0.0,1.0,1.0,0.0,0.0,0.0,0.0,0.0,0.0,0.0
candidate_refresh,real_full,200,100,b03,27efbd6bc5dd9e1b629628ddc1ebcd9a29aed2df4deec4e313d91ec273654991,matched_buffer_control,train,False,0,1.0,1.0,0.0,0.0,0.0,0.0,0.0,0.0,0.0,1.0,1.0,0.0,0.0,0.0,0.0,0.0,0.0,0.0
candidate_refresh,real_full,200,100,b04,39ae394166b56ca17d0a9267497f5e6db270595394b437bc40b499c95bc78744,stale,train,False,0,1.0,1.0,0.0,0.0,0.0,0.0,0.0,0.0,0.0,1.0,1.0,0.0,0.0,0.0,0.0,0.0,0.0,0.0
candidate_refresh,real_full,200,100,b05,39ae394166b56ca17d0a9267497f5e6db270595394b437bc40b499c95bc78744,matched_buffer_control,train,False,0,1.0,1.0,0.0,0.0,0.0,0.0,0.0,0.0,0.0,1.0,1.0,0.0,0.0,0.0,0.0,0.0,0.0,0.0
candidate_refresh,real_full,200,100,b06,cd8d51cb68d0b6263d1dfeb23031fde3f9fef779ac358a807df9ff3f2ed67a41,stale,train,False,1,0.0,0.5,0.5,0.0,0.25,0.25,0.0,0.25,1.0,0.25,0.0,-0.25,0.0,0.0,0.0,0.25,0.0,1.0
candidate_refresh,real_full,200,100,b07,cd8d51cb68d0b6263d1dfeb23031fde3f9fef779ac358a807df9ff3f2ed67a41,matched_buffer_control,train,False,1,0.75,1.0,0.25,0.25,0.0,-0.25,0.0,0.0,1.0,1.0,1.0,0.0,0.0,0.0,0.0,0.0,0.0,1.0
candidate_refresh,real_full,200,100,b08,cd8d51cb68d0b6263d1dfeb23031fde3f9fef779ac358a807df9ff3f2ed67a41,stale,train,False,0,0.0,0.0,0.0,0.0,0.0,0.0,0.0,0.0,0.0,0.0,0.0,0.0,0.0,0.0,0.0,0.0,0.0,0.0
candidate_refresh,real_full,200,100,b09,cd8d51cb68d0b6263d1dfeb23031fde3f9fef779ac358a807df9ff3f2ed67a41,matched_buffer_control,train,False,0,1.0,1.0,0.0,0.0,0.0,0.0,0.0,0.0,0.0,1.0,1.0,0.0,0.0,0.0,0.0,0.0,0.0,0.0
candidate_refresh,real_full,200,100,b10,55a791e7d4187ccc4fa8d76e3f770d102f8cbf6c00a014e2db05334ba0d8018a,stale,train,False,0,0.5,0.5,0.0,0.0,0.0,0.0,0.0,0.0,0.0,0.25,0.25,0.0,0.0,0.0,0.0,0.0,0.0,0.0
candidate_refresh,real_full,200,100,b11,55a791e7d4187ccc4fa8d76e3f770d102f8cbf6c00a014e2db05334ba0d8018a,matched_buffer_control,train,False,0,1.0,1.0,0.0,0.0,0.0,0.0,0.0,0.0,0.0,1.0,1.0,0.0,0.0,0.0,0.0,0.0,0.0,0.0
candidate_refresh,real_full,200,100,b12,7c37bc461026a4c0baa8f078d0044e9be9dbac54215649145889b00de22372bc,stale,train,False,0,1.0,1.0,0.0,0.0,0.0,0.0,0.0,0.0,0.0,1.0,1.0,0.0,0.0,0.0,0.0,0.0,0.0,0.0
candidate_refresh,real_full,200,100,b13,7c37bc461026a4c0baa8f078d0044e9be9dbac54215649145889b00de22372bc,matched_buffer_control,train,False,0,1.0,1.0,0.0,0.0,0.0,0.0,0.0,0.0,0.0,1.0,1.0,0.0,0.0,0.0,0.0,0.0,0.0,0.0
candidate_refresh,real_full,200,100,b14,bf2eb93d154d15c866b7220cb75da05186d637f439b488cb72df5d6e0ca225c6,stale,train,False,0,0.75,0.75,0.0,0.0,0.0,0.0,0.0,0.0,0.0,1.0,1.0,0.0,0.0,0.0,0.0,0.0,0.0,0.0
candidate_refresh,real_full,200,100,b15,bf2eb93d154d15c866b7220cb75da05186d637f439b488cb72df5d6e0ca225c6,matched_buffer_control,train,False,0,1.0,1.0,0.0,0.0,0.0,0.0,0.0,0.0,0.0,1.0,1.0,0.0,0.0,0.0,0.0,0.0,0.0,0.0
candidate_refresh,real_full,200,100,b16,e0e6b8a3d1c85c80ca9a0ebb4640c98bc543a40a920203184457bc8a240aea78,stale,train,False,0,0.75,0.75,0.0,0.0,0.0,0.0,0.0,0.0,0.0,0.25,0.25,0.0,0.0,0.0,0.0,0.0,0.0,0.0
candidate_refresh,real_full,200,100,b17,e0e6b8a3d1c85c80ca9a0ebb4640c98bc543a40a920203184457bc8a240aea78,matched_buffer_control,train,False,0,1.0,1.0,0.0,0.0,0.0,0.0,0.0,0.0,0.0,1.0,1.0,0.0,0.0,0.0,0.0,0.0,0.0,0.0
candidate_refresh,real_full,200,200,b00,0e8f3f1b4ee6e7e6f48069659fd0fd1a08fe0c9b19a5082f707d47315f8551f8,stale,train,False,0,1.0,1.0,0.0,0.0,0.0,0.0,0.0,0.0,0.0,1.0,1.0,0.0,0.0,0.0,0.0,0.0,0.0,0.0
candidate_refresh,real_full,200,200,b01,0e8f3f1b4ee6e7e6f48069659fd0fd1a08fe0c9b19a5082f707d47315f8551f8,matched_buffer_control,train,False,0,1.0,1.0,0.0,0.0,0.0,0.0,0.0,0.0,0.0,1.0,1.0,0.0,0.0,0.0,0.0,0.0,0.0,0.0
candidate_refresh,real_full,200,200,b02,27efbd6bc5dd9e1b629628ddc1ebcd9a29aed2df4deec4e313d91ec273654991,stale,train,False,0,1.0,1.0,0.0,0.0,0.0,0.0,0.0,0.0,0.0,1.0,1.0,0.0,0.0,0.0,0.0,0.0,0.0,0.0
candidate_refresh,real_full,200,200,b03,27efbd6bc5dd9e1b629628ddc1ebcd9a29aed2df4deec4e313d91ec273654991,matched_buffer_control,train,False,0,1.0,1.0,0.0,0.0,0.0,0.0,0.0,0.0,0.0,1.0,1.0,0.0,0.0,0.0,0.0,0.0,0.0,0.0
candidate_refresh,real_full,200,200,b04,39ae394166b56ca17d0a9267497f5e6db270595394b437bc40b499c95bc78744,stale,train,False,0,1.0,1.0,0.0,0.0,0.0,0.0,0.0,0.0,0.0,1.0,1.0,0.0,0.0,0.0,0.0,0.0,0.0,0.0
candidate_refresh,real_full,200,200,b05,39ae394166b56ca17d0a9267497f5e6db270595394b437bc40b499c95bc78744,matched_buffer_control,train,False,0,1.0,1.0,0.0,0.0,0.0,0.0,0.0,0.0,0.0,1.0,1.0,0.0,0.0,0.0,0.0,0.0,0.0,0.0
candidate_refresh,real_full,200,200,b06,cd8d51cb68d0b6263d1dfeb23031fde3f9fef779ac358a807df9ff3f2ed67a41,stale,train,False,1,0.25,0.5,0.25,0.25,0.25,0.0,0.0,0.0,1.0,0.5,0.5,0.0,0.0,0.25,0.25,0.25,0.25,1.0
candidate_refresh,real_full,200,200,b07,cd8d51cb68d0b6263d1dfeb23031fde3f9fef779ac358a807df9ff3f2ed67a41,matched_buffer_control,train,False,1,0.75,1.0,0.25,0.25,0.0,-0.25,0.0,0.0,1.0,1.0,1.0,0.0,0.0,0.0,0.0,0.0,0.0,1.0
candidate_refresh,real_full,200,200,b08,cd8d51cb68d0b6263d1dfeb23031fde3f9fef779ac358a807df9ff3f2ed67a41,stale,train,False,0,0.0,0.0,0.0,0.5,0.5,0.0,0.0,0.0,0.0,0.75,0.75,0.0,0.25,0.25,0.0,0.0,0.0,0.0
candidate_refresh,real_full,200,200,b09,cd8d51cb68d0b6263d1dfeb23031fde3f9fef779ac358a807df9ff3f2ed67a41,matched_buffer_control,train,False,0,1.0,1.0,0.0,0.0,0.0,0.0,0.0,0.0,0.0,1.0,1.0,0.0,0.0,0.0,0.0,0.0,0.0,0.0
candidate_refresh,real_full,200,200,b10,55a791e7d4187ccc4fa8d76e3f770d102f8cbf6c00a014e2db05334ba0d8018a,stale,train,False,0,1.0,1.0,0.0,0.0,0.0,0.0,0.0,0.0,0.0,1.0,1.0,0.0,0.0,0.0,0.0,0.0,0.0,0.0
candidate_refresh,real_full,200,200,b11,55a791e7d4187ccc4fa8d76e3f770d102f8cbf6c00a014e2db05334ba0d8018a,matched_buffer_control,train,False,0,1.0,1.0,0.0,0.0,0.0,0.0,0.0,0.0,0.0,1.0,1.0,0.0,0.0,0.0,0.0,0.0,0.0,0.0
candidate_refresh,real_full,200,200,b12,7c37bc461026a4c0baa8f078d0044e9be9dbac54215649145889b00de22372bc,stale,train,False,0,1.0,1.0,0.0,0.0,0.0,0.0,0.0,0.0,0.0,1.0,1.0,0.0,0.0,0.0,0.0,0.0,0.0,0.0
candidate_refresh,real_full,200,200,b13,7c37bc461026a4c0baa8f078d0044e9be9dbac54215649145889b00de22372bc,matched_buffer_control,train,False,0,1.0,1.0,0.0,0.0,0.0,0.0,0.0,0.0,0.0,1.0,1.0,0.0,0.0,0.0,0.0,0.0,0.0,0.0
candidate_refresh,real_full,200,200,b14,bf2eb93d154d15c866b7220cb75da05186d637f439b488cb72df5d6e0ca225c6,stale,train,False,0,1.0,1.0,0.0,0.0,0.0,0.0,0.0,0.0,0.0,1.0,1.0,0.0,0.0,0.0,0.0,0.0,0.0,0.0
candidate_refresh,real_full,200,200,b15,bf2eb93d154d15c866b7220cb75da05186d637f439b488cb72df5d6e0ca225c6,matched_buffer_control,train,False,0,1.0,1.0,0.0,0.0,0.0,0.0,0.0,0.0,0.0,1.0,1.0,0.0,0.0,0.0,0.0,0.0,0.0,0.0
candidate_refresh,real_full,200,200,b16,e0e6b8a3d1c85c80ca9a0ebb4640c98bc543a40a920203184457bc8a240aea78,stale,train,False,0,1.0,1.0,0.0,0.0,0.0,0.0,0.0,0.0,0.0,1.0,1.0,0.0,0.0,0.0,0.0,0.0,0.0,0.0
candidate_refresh,real_full,200,200,b17,e0e6b8a3d1c85c80ca9a0ebb4640c98bc543a40a920203184457bc8a240aea78,matched_buffer_control,train,False,0,1.0,1.0,0.0,0.0,0.0,0.0,0.0,0.0,0.0,1.0,1.0,0.0,0.0,0.0,0.0,0.0,0.0,0.0
candidate_refresh,real_one,200,100,b00,0e8f3f1b4ee6e7e6f48069659fd0fd1a08fe0c9b19a5082f707d47315f8551f8,stale,train,False,0,1.0,1.0,0.0,0.0,0.0,0.0,0.0,0.0,0.0,1.0,1.0,0.0,0.0,0.0,0.0,0.0,0.0,0.0
candidate_refresh,real_one,200,100,b01,0e8f3f1b4ee6e7e6f48069659fd0fd1a08fe0c9b19a5082f707d47315f8551f8,matched_buffer_control,train,False,0,1.0,1.0,0.0,0.0,0.0,0.0,0.0,0.0,0.0,1.0,1.0,0.0,0.0,0.0,0.0,0.0,0.0,0.0
candidate_refresh,real_one,200,100,b02,27efbd6bc5dd9e1b629628ddc1ebcd9a29aed2df4deec4e313d91ec273654991,stale,train,False,0,1.0,1.0,0.0,0.0,0.0,0.0,0.0,0.0,0.0,1.0,1.0,0.0,0.0,0.0,0.0,0.0,0.0,0.0
candidate_refresh,real_one,200,100,b03,27efbd6bc5dd9e1b629628ddc1ebcd9a29aed2df4deec4e313d91ec273654991,matched_buffer_control,train,False,0,1.0,1.0,0.0,0.0,0.0,0.0,0.0,0.0,0.0,1.0,1.0,0.0,0.0,0.0,0.0,0.0,0.0,0.0
candidate_refresh,real_one,200,100,b04,39ae394166b56ca17d0a9267497f5e6db270595394b437bc40b499c95bc78744,stale,train,False,0,1.0,1.0,0.0,0.0,0.0,0.0,0.0,0.0,0.0,1.0,1.0,0.0,0.0,0.0,0.0,0.0,0.0,0.0
candidate_refresh,real_one,200,100,b05,39ae394166b56ca17d0a9267497f5e6db270595394b437bc40b499c95bc78744,matched_buffer_control,train,False,0,1.0,1.0,0.0,0.0,0.0,0.0,0.0,0.0,0.0,1.0,1.0,0.0,0.0,0.0,0.0,0.0,0.0,0.0
candidate_refresh,real_one,200,100,b06,cd8d51cb68d0b6263d1dfeb23031fde3f9fef779ac358a807df9ff3f2ed67a41,stale,train,False,0,0.0,0.0,0.0,0.0,0.0,0.0,0.0,0.0,0.0,1.0,1.0,0.0,0.0,0.0,0.0,0.0,0.0,0.0
candidate_refresh,real_one,200,100,b07,cd8d51cb68d0b6263d1dfeb23031fde3f9fef779ac358a807df9ff3f2ed67a41,matched_buffer_control,train,False,1,0.0,1.0,1.0,1.0,0.0,-1.0,0.0,0.0,1.0,1.0,1.0,0.0,0.0,0.0,0.0,0.0,0.0,1.0
candidate_refresh,real_one,200,100,b08,cd8d51cb68d0b6263d1dfeb23031fde3f9fef779ac358a807df9ff3f2ed67a41,stale,train,False,0,0.0,0.0,0.0,0.0,0.0,0.0,0.0,0.0,0.0,0.0,0.0,0.0,0.0,0.0,0.0,0.0,0.0,0.0
candidate_refresh,real_one,200,100,b09,cd8d51cb68d0b6263d1dfeb23031fde3f9fef779ac358a807df9ff3f2ed67a41,matched_buffer_control,train,False,0,1.0,1.0,0.0,0.0,0.0,0.0,0.0,0.0,0.0,1.0,1.0,0.0,0.0,0.0,0.0,0.0,0.0,0.0
candidate_refresh,real_one,200,100,b10,55a791e7d4187ccc4fa8d76e3f770d102f8cbf6c00a014e2db05334ba0d8018a,stale,train,False,0,0.0,0.0,0.0,0.0,0.0,0.0,0.0,0.0,0.0,0.0,0.0,0.0,0.0,0.0,0.0,0.0,0.0,0.0
candidate_refresh,real_one,200,100,b11,55a791e7d4187ccc4fa8d76e3f770d102f8cbf6c00a014e2db05334ba0d8018a,matched_buffer_control,train,False,0,1.0,1.0,0.0,0.0,0.0,0.0,0.0,0.0,0.0,1.0,1.0,0.0,0.0,0.0,0.0,0.0,0.0,0.0
candidate_refresh,real_one,200,100,b12,7c37bc461026a4c0baa8f078d0044e9be9dbac54215649145889b00de22372bc,stale,train,False,0,1.0,1.0,0.0,0.0,0.0,0.0,0.0,0.0,0.0,1.0,1.0,0.0,0.0,0.0,0.0,0.0,0.0,0.0
candidate_refresh,real_one,200,100,b13,7c37bc461026a4c0baa8f078d0044e9be9dbac54215649145889b00de22372bc,matched_buffer_control,train,False,0,1.0,1.0,0.0,0.0,0.0,0.0,0.0,0.0,0.0,1.0,1.0,0.0,0.0,0.0,0.0,0.0,0.0,0.0
candidate_refresh,real_one,200,100,b14,bf2eb93d154d15c866b7220cb75da05186d637f439b488cb72df5d6e0ca225c6,stale,train,False,0,1.0,1.0,0.0,0.0,0.0,0.0,0.0,0.0,0.0,1.0,1.0,0.0,0.0,0.0,0.0,0.0,0.0,0.0
candidate_refresh,real_one,200,100,b15,bf2eb93d154d15c866b7220cb75da05186d637f439b488cb72df5d6e0ca225c6,matched_buffer_control,train,False,0,1.0,1.0,0.0,0.0,0.0,0.0,0.0,0.0,0.0,1.0,1.0,0.0,0.0,0.0,0.0,0.0,0.0,0.0
candidate_refresh,real_one,200,100,b16,e0e6b8a3d1c85c80ca9a0ebb4640c98bc543a40a920203184457bc8a240aea78,stale,train,False,0,1.0,1.0,0.0,0.0,0.0,0.0,0.0,0.0,0.0,0.0,0.0,0.0,0.0,0.0,0.0,0.0,0.0,0.0
candidate_refresh,real_one,200,100,b17,e0e6b8a3d1c85c80ca9a0ebb4640c98bc543a40a920203184457bc8a240aea78,matched_buffer_control,train,False,0,1.0,1.0,0.0,0.0,0.0,0.0,0.0,0.0,0.0,1.0,1.0,0.0,0.0,0.0,0.0,0.0,0.0,0.0
candidate_refresh,real_one,200,200,b00,0e8f3f1b4ee6e7e6f48069659fd0fd1a08fe0c9b19a5082f707d47315f8551f8,stale,train,False,0,1.0,1.0,0.0,0.0,0.0,0.0,0.0,0.0,0.0,1.0,1.0,0.0,0.0,0.0,0.0,0.0,0.0,0.0
candidate_refresh,real_one,200,200,b01,0e8f3f1b4ee6e7e6f48069659fd0fd1a08fe0c9b19a5082f707d47315f8551f8,matched_buffer_control,train,False,0,1.0,1.0,0.0,0.0,0.0,0.0,0.0,0.0,0.0,1.0,1.0,0.0,0.0,0.0,0.0,0.0,0.0,0.0
candidate_refresh,real_one,200,200,b02,27efbd6bc5dd9e1b629628ddc1ebcd9a29aed2df4deec4e313d91ec273654991,stale,train,False,0,1.0,1.0,0.0,0.0,0.0,0.0,0.0,0.0,0.0,1.0,1.0,0.0,0.0,0.0,0.0,0.0,0.0,0.0
candidate_refresh,real_one,200,200,b03,27efbd6bc5dd9e1b629628ddc1ebcd9a29aed2df4deec4e313d91ec273654991,matched_buffer_control,train,False,0,1.0,1.0,0.0,0.0,0.0,0.0,0.0,0.0,0.0,1.0,1.0,0.0,0.0,0.0,0.0,0.0,0.0,0.0
candidate_refresh,real_one,200,200,b04,39ae394166b56ca17d0a9267497f5e6db270595394b437bc40b499c95bc78744,stale,train,False,0,1.0,1.0,0.0,0.0,0.0,0.0,0.0,0.0,0.0,1.0,1.0,0.0,0.0,0.0,0.0,0.0,0.0,0.0
candidate_refresh,real_one,200,200,b05,39ae394166b56ca17d0a9267497f5e6db270595394b437bc40b499c95bc78744,matched_buffer_control,train,False,0,1.0,1.0,0.0,0.0,0.0,0.0,0.0,0.0,0.0,1.0,1.0,0.0,0.0,0.0,0.0,0.0,0.0,0.0
candidate_refresh,real_one,200,200,b06,cd8d51cb68d0b6263d1dfeb23031fde3f9fef779ac358a807df9ff3f2ed67a41,stale,train,False,0,1.0,1.0,0.0,0.0,0.0,0.0,0.0,0.0,0.0,1.0,1.0,0.0,0.0,0.0,0.0,0.0,0.0,0.0
candidate_refresh,real_one,200,200,b07,cd8d51cb68d0b6263d1dfeb23031fde3f9fef779ac358a807df9ff3f2ed67a41,matched_buffer_control,train,False,1,0.0,1.0,1.0,1.0,0.0,-1.0,0.0,0.0,1.0,1.0,1.0,0.0,0.0,0.0,0.0,0.0,0.0,1.0
candidate_refresh,real_one,200,200,b08,cd8d51cb68d0b6263d1dfeb23031fde3f9fef779ac358a807df9ff3f2ed67a41,stale,train,False,0,0.0,0.0,0.0,1.0,1.0,0.0,0.0,0.0,0.0,1.0,1.0,0.0,0.0,0.0,0.0,0.0,0.0,0.0
candidate_refresh,real_one,200,200,b09,cd8d51cb68d0b6263d1dfeb23031fde3f9fef779ac358a807df9ff3f2ed67a41,matched_buffer_control,train,False,0,1.0,1.0,0.0,0.0,0.0,0.0,0.0,0.0,0.0,1.0,1.0,0.0,0.0,0.0,0.0,0.0,0.0,0.0
candidate_refresh,real_one,200,200,b10,55a791e7d4187ccc4fa8d76e3f770d102f8cbf6c00a014e2db05334ba0d8018a,stale,train,False,0,1.0,1.0,0.0,0.0,0.0,0.0,0.0,0.0,0.0,1.0,1.0,0.0,0.0,0.0,0.0,0.0,0.0,0.0
candidate_refresh,real_one,200,200,b11,55a791e7d4187ccc4fa8d76e3f770d102f8cbf6c00a014e2db05334ba0d8018a,matched_buffer_control,train,False,0,1.0,1.0,0.0,0.0,0.0,0.0,0.0,0.0,0.0,1.0,1.0,0.0,0.0,0.0,0.0,0.0,0.0,0.0
candidate_refresh,real_one,200,200,b12,7c37bc461026a4c0baa8f078d0044e9be9dbac54215649145889b00de22372bc,stale,train,False,0,1.0,1.0,0.0,0.0,0.0,0.0,0.0,0.0,0.0,1.0,1.0,0.0,0.0,0.0,0.0,0.0,0.0,0.0
candidate_refresh,real_one,200,200,b13,7c37bc461026a4c0baa8f078d0044e9be9dbac54215649145889b00de22372bc,matched_buffer_control,train,False,0,1.0,1.0,0.0,0.0,0.0,0.0,0.0,0.0,0.0,1.0,1.0,0.0,0.0,0.0,0.0,0.0,0.0,0.0
candidate_refresh,real_one,200,200,b14,bf2eb93d154d15c866b7220cb75da05186d637f439b488cb72df5d6e0ca225c6,stale,train,False,0,1.0,1.0,0.0,0.0,0.0,0.0,0.0,0.0,0.0,1.0,1.0,0.0,0.0,0.0,0.0,0.0,0.0,0.0
candidate_refresh,real_one,200,200,b15,bf2eb93d154d15c866b7220cb75da05186d637f439b488cb72df5d6e0ca225c6,matched_buffer_control,train,False,0,1.0,1.0,0.0,0.0,0.0,0.0,0.0,0.0,0.0,1.0,1.0,0.0,0.0,0.0,0.0,0.0,0.0,0.0
candidate_refresh,real_one,200,200,b16,e0e6b8a3d1c85c80ca9a0ebb4640c98bc543a40a920203184457bc8a240aea78,stale,train,False,0,1.0,1.0,0.0,0.0,0.0,0.0,0.0,0.0,0.0,1.0,1.0,0.0,0.0,0.0,0.0,0.0,0.0,0.0
candidate_refresh,real_one,200,200,b17,e0e6b8a3d1c85c80ca9a0ebb4640c98bc543a40a920203184457bc8a240aea78,matched_buffer_control,train,False,0,1.0,1.0,0.0,0.0,0.0,0.0,0.0,0.0,0.0,1.0,1.0,0.0,0.0,0.0,0.0,0.0,0.0,0.0
candidate_refresh,pseudo_one,200,100,b00,0e8f3f1b4ee6e7e6f48069659fd0fd1a08fe0c9b19a5082f707d47315f8551f8,stale,train,False,0,1.0,1.0,0.0,0.0,0.0,0.0,0.0,0.0,0.0,1.0,1.0,0.0,0.0,0.0,0.0,0.0,0.0,0.0
candidate_refresh,pseudo_one,200,100,b01,0e8f3f1b4ee6e7e6f48069659fd0fd1a08fe0c9b19a5082f707d47315f8551f8,matched_buffer_control,train,False,0,1.0,1.0,0.0,0.0,0.0,0.0,0.0,0.0,0.0,1.0,1.0,0.0,0.0,0.0,0.0,0.0,0.0,0.0
candidate_refresh,pseudo_one,200,100,b02,27efbd6bc5dd9e1b629628ddc1ebcd9a29aed2df4deec4e313d91ec273654991,stale,train,False,0,1.0,1.0,0.0,0.0,0.0,0.0,0.0,0.0,0.0,1.0,1.0,0.0,0.0,0.0,0.0,0.0,0.0,0.0
candidate_refresh,pseudo_one,200,100,b03,27efbd6bc5dd9e1b629628ddc1ebcd9a29aed2df4deec4e313d91ec273654991,matched_buffer_control,train,False,0,1.0,1.0,0.0,0.0,0.0,0.0,0.0,0.0,0.0,1.0,1.0,0.0,0.0,0.0,0.0,0.0,0.0,0.0
candidate_refresh,pseudo_one,200,100,b04,39ae394166b56ca17d0a9267497f5e6db270595394b437bc40b499c95bc78744,stale,train,False,0,1.0,1.0,0.0,0.0,0.0,0.0,0.0,0.0,0.0,1.0,1.0,0.0,0.0,0.0,0.0,0.0,0.0,0.0
candidate_refresh,pseudo_one,200,100,b05,39ae394166b56ca17d0a9267497f5e6db270595394b437bc40b499c95bc78744,matched_buffer_control,train,False,0,1.0,1.0,0.0,0.0,0.0,0.0,0.0,0.0,0.0,1.0,1.0,0.0,0.0,0.0,0.0,0.0,0.0,0.0
candidate_refresh,pseudo_one,200,100,b06,cd8d51cb68d0b6263d1dfeb23031fde3f9fef779ac358a807df9ff3f2ed67a41,stale,train,False,0,0.0,0.0,0.0,0.0,0.0,0.0,0.0,0.0,0.0,1.0,1.0,0.0,0.0,0.0,0.0,0.0,0.0,0.0
candidate_refresh,pseudo_one,200,100,b07,cd8d51cb68d0b6263d1dfeb23031fde3f9fef779ac358a807df9ff3f2ed67a41,matched_buffer_control,train,False,1,0.0,1.0,1.0,1.0,0.0,-1.0,0.0,0.0,1.0,1.0,1.0,0.0,0.0,0.0,0.0,0.0,0.0,1.0
candidate_refresh,pseudo_one,200,100,b08,cd8d51cb68d0b6263d1dfeb23031fde3f9fef779ac358a807df9ff3f2ed67a41,stale,train,False,0,0.0,0.0,0.0,0.0,0.0,0.0,0.0,0.0,0.0,0.0,0.0,0.0,0.0,0.0,0.0,0.0,0.0,0.0
candidate_refresh,pseudo_one,200,100,b09,cd8d51cb68d0b6263d1dfeb23031fde3f9fef779ac358a807df9ff3f2ed67a41,matched_buffer_control,train,False,0,1.0,1.0,0.0,0.0,0.0,0.0,0.0,0.0,0.0,1.0,1.0,0.0,0.0,0.0,0.0,0.0,0.0,0.0
candidate_refresh,pseudo_one,200,100,b10,55a791e7d4187ccc4fa8d76e3f770d102f8cbf6c00a014e2db05334ba0d8018a,stale,train,False,0,0.0,0.0,0.0,0.0,0.0,0.0,0.0,0.0,0.0,0.0,0.0,0.0,0.0,0.0,0.0,0.0,0.0,0.0
candidate_refresh,pseudo_one,200,100,b11,55a791e7d4187ccc4fa8d76e3f770d102f8cbf6c00a014e2db05334ba0d8018a,matched_buffer_control,train,False,0,1.0,1.0,0.0,0.0,0.0,0.0,0.0,0.0,0.0,1.0,1.0,0.0,0.0,0.0,0.0,0.0,0.0,0.0
candidate_refresh,pseudo_one,200,100,b12,7c37bc461026a4c0baa8f078d0044e9be9dbac54215649145889b00de22372bc,stale,train,False,0,1.0,1.0,0.0,0.0,0.0,0.0,0.0,0.0,0.0,1.0,1.0,0.0,0.0,0.0,0.0,0.0,0.0,0.0
candidate_refresh,pseudo_one,200,100,b13,7c37bc461026a4c0baa8f078d0044e9be9dbac54215649145889b00de22372bc,matched_buffer_control,train,False,0,1.0,1.0,0.0,0.0,0.0,0.0,0.0,0.0,0.0,1.0,1.0,0.0,0.0,0.0,0.0,0.0,0.0,0.0
candidate_refresh,pseudo_one,200,100,b14,bf2eb93d154d15c866b7220cb75da05186d637f439b488cb72df5d6e0ca225c6,stale,train,False,0,1.0,1.0,0.0,0.0,0.0,0.0,0.0,0.0,0.0,1.0,1.0,0.0,0.0,0.0,0.0,0.0,0.0,0.0
candidate_refresh,pseudo_one,200,100,b15,bf2eb93d154d15c866b7220cb75da05186d637f439b488cb72df5d6e0ca225c6,matched_buffer_control,train,False,0,1.0,1.0,0.0,0.0,0.0,0.0,0.0,0.0,0.0,1.0,1.0,0.0,0.0,0.0,0.0,0.0,0.0,0.0
candidate_refresh,pseudo_one,200,100,b16,e0e6b8a3d1c85c80ca9a0ebb4640c98bc543a40a920203184457bc8a240aea78,stale,train,False,0,1.0,1.0,0.0,0.0,0.0,0.0,0.0,0.0,0.0,0.0,0.0,0.0,0.0,0.0,0.0,0.0,0.0,0.0
candidate_refresh,pseudo_one,200,100,b17,e0e6b8a3d1c85c80ca9a0ebb4640c98bc543a40a920203184457bc8a240aea78,matched_buffer_control,train,False,0,1.0,1.0,0.0,0.0,0.0,0.0,0.0,0.0,0.0,1.0,1.0,0.0,0.0,0.0,0.0,0.0,0.0,0.0
candidate_refresh,pseudo_one,200,200,b00,0e8f3f1b4ee6e7e6f48069659fd0fd1a08fe0c9b19a5082f707d47315f8551f8,stale,train,False,0,1.0,1.0,0.0,0.0,0.0,0.0,0.0,0.0,0.0,1.0,1.0,0.0,0.0,0.0,0.0,0.0,0.0,0.0
candidate_refresh,pseudo_one,200,200,b01,0e8f3f1b4ee6e7e6f48069659fd0fd1a08fe0c9b19a5082f707d47315f8551f8,matched_buffer_control,train,False,0,1.0,1.0,0.0,0.0,0.0,0.0,0.0,0.0,0.0,1.0,1.0,0.0,0.0,0.0,0.0,0.0,0.0,0.0
candidate_refresh,pseudo_one,200,200,b02,27efbd6bc5dd9e1b629628ddc1ebcd9a29aed2df4deec4e313d91ec273654991,stale,train,False,0,1.0,1.0,0.0,0.0,0.0,0.0,0.0,0.0,0.0,1.0,1.0,0.0,0.0,0.0,0.0,0.0,0.0,0.0
candidate_refresh,pseudo_one,200,200,b03,27efbd6bc5dd9e1b629628ddc1ebcd9a29aed2df4deec4e313d91ec273654991,matched_buffer_control,train,False,0,1.0,1.0,0.0,0.0,0.0,0.0,0.0,0.0,0.0,1.0,1.0,0.0,0.0,0.0,0.0,0.0,0.0,0.0
candidate_refresh,pseudo_one,200,200,b04,39ae394166b56ca17d0a9267497f5e6db270595394b437bc40b499c95bc78744,stale,train,False,0,1.0,1.0,0.0,0.0,0.0,0.0,0.0,0.0,0.0,1.0,1.0,0.0,0.0,0.0,0.0,0.0,0.0,0.0
candidate_refresh,pseudo_one,200,200,b05,39ae394166b56ca17d0a9267497f5e6db270595394b437bc40b499c95bc78744,matched_buffer_control,train,False,0,1.0,1.0,0.0,0.0,0.0,0.0,0.0,0.0,0.0,1.0,1.0,0.0,0.0,0.0,0.0,0.0,0.0,0.0
candidate_refresh,pseudo_one,200,200,b06,cd8d51cb68d0b6263d1dfeb23031fde3f9fef779ac358a807df9ff3f2ed67a41,stale,train,False,0,1.0,1.0,0.0,0.0,0.0,0.0,0.0,0.0,0.0,1.0,1.0,0.0,0.0,0.0,0.0,0.0,0.0,0.0
candidate_refresh,pseudo_one,200,200,b07,cd8d51cb68d0b6263d1dfeb23031fde3f9fef779ac358a807df9ff3f2ed67a41,matched_buffer_control,train,False,1,0.0,1.0,1.0,1.0,0.0,-1.0,0.0,0.0,1.0,1.0,1.0,0.0,0.0,0.0,0.0,0.0,0.0,1.0
candidate_refresh,pseudo_one,200,200,b08,cd8d51cb68d0b6263d1dfeb23031fde3f9fef779ac358a807df9ff3f2ed67a41,stale,train,False,0,0.0,0.0,0.0,1.0,1.0,0.0,0.0,0.0,0.0,1.0,1.0,0.0,0.0,0.0,0.0,0.0,0.0,0.0
candidate_refresh,pseudo_one,200,200,b09,cd8d51cb68d0b6263d1dfeb23031fde3f9fef779ac358a807df9ff3f2ed67a41,matched_buffer_control,train,False,0,1.0,1.0,0.0,0.0,0.0,0.0,0.0,0.0,0.0,1.0,1.0,0.0,0.0,0.0,0.0,0.0,0.0,0.0
candidate_refresh,pseudo_one,200,200,b10,55a791e7d4187ccc4fa8d76e3f770d102f8cbf6c00a014e2db05334ba0d8018a,stale,train,False,0,1.0,1.0,0.0,0.0,0.0,0.0,0.0,0.0,0.0,1.0,1.0,0.0,0.0,0.0,0.0,0.0,0.0,0.0
candidate_refresh,pseudo_one,200,200,b11,55a791e7d4187ccc4fa8d76e3f770d102f8cbf6c00a014e2db05334ba0d8018a,matched_buffer_control,train,False,0,1.0,1.0,0.0,0.0,0.0,0.0,0.0,0.0,0.0,1.0,1.0,0.0,0.0,0.0,0.0,0.0,0.0,0.0
candidate_refresh,pseudo_one,200,200,b12,7c37bc461026a4c0baa8f078d0044e9be9dbac54215649145889b00de22372bc,stale,train,False,0,1.0,1.0,0.0,0.0,0.0,0.0,0.0,0.0,0.0,1.0,1.0,0.0,0.0,0.0,0.0,0.0,0.0,0.0
candidate_refresh,pseudo_one,200,200,b13,7c37bc461026a4c0baa8f078d0044e9be9dbac54215649145889b00de22372bc,matched_buffer_control,train,False,0,1.0,1.0,0.0,0.0,0.0,0.0,0.0,0.0,0.0,1.0,1.0,0.0,0.0,0.0,0.0,0.0,0.0,0.0
candidate_refresh,pseudo_one,200,200,b14,bf2eb93d154d15c866b7220cb75da05186d637f439b488cb72df5d6e0ca225c6,stale,train,False,0,1.0,1.0,0.0,0.0,0.0,0.0,0.0,0.0,0.0,1.0,1.0,0.0,0.0,0.0,0.0,0.0,0.0,0.0
candidate_refresh,pseudo_one,200,200,b15,bf2eb93d154d15c866b7220cb75da05186d637f439b488cb72df5d6e0ca225c6,matched_buffer_control,train,False,0,1.0,1.0,0.0,0.0,0.0,0.0,0.0,0.0,0.0,1.0,1.0,0.0,0.0,0.0,0.0,0.0,0.0,0.0
candidate_refresh,pseudo_one,200,200,b16,e0e6b8a3d1c85c80ca9a0ebb4640c98bc543a40a920203184457bc8a240aea78,stale,train,False,0,1.0,1.0,0.0,0.0,0.0,0.0,0.0,0.0,0.0,1.0,1.0,0.0,0.0,0.0,0.0,0.0,0.0,0.0
candidate_refresh,pseudo_one,200,200,b17,e0e6b8a3d1c85c80ca9a0ebb4640c98bc543a40a920203184457bc8a240aea78,matched_buffer_control,train,False,0,1.0,1.0,0.0,0.0,0.0,0.0,0.0,0.0,0.0,1.0,1.0,0.0,0.0,0.0,0.0,0.0,0.0,0.0
candidate_refresh,pseudo_one_swapped,200,100,b00,0e8f3f1b4ee6e7e6f48069659fd0fd1a08fe0c9b19a5082f707d47315f8551f8,stale,train,False,0,1.0,1.0,0.0,0.0,0.0,0.0,0.0,0.0,0.0,1.0,1.0,0.0,0.0,0.0,0.0,0.0,0.0,0.0
candidate_refresh,pseudo_one_swapped,200,100,b01,0e8f3f1b4ee6e7e6f48069659fd0fd1a08fe0c9b19a5082f707d47315f8551f8,matched_buffer_control,train,False,0,1.0,1.0,0.0,0.0,0.0,0.0,0.0,0.0,0.0,1.0,1.0,0.0,0.0,0.0,0.0,0.0,0.0,0.0
candidate_refresh,pseudo_one_swapped,200,100,b02,27efbd6bc5dd9e1b629628ddc1ebcd9a29aed2df4deec4e313d91ec273654991,stale,train,False,0,1.0,1.0,0.0,0.0,0.0,0.0,0.0,0.0,0.0,1.0,1.0,0.0,0.0,0.0,0.0,0.0,0.0,0.0
candidate_refresh,pseudo_one_swapped,200,100,b03,27efbd6bc5dd9e1b629628ddc1ebcd9a29aed2df4deec4e313d91ec273654991,matched_buffer_control,train,False,0,1.0,1.0,0.0,0.0,0.0,0.0,0.0,0.0,0.0,1.0,1.0,0.0,0.0,0.0,0.0,0.0,0.0,0.0
candidate_refresh,pseudo_one_swapped,200,100,b04,39ae394166b56ca17d0a9267497f5e6db270595394b437bc40b499c95bc78744,stale,train,False,0,1.0,1.0,0.0,0.0,0.0,0.0,0.0,0.0,0.0,1.0,1.0,0.0,0.0,0.0,0.0,0.0,0.0,0.0
candidate_refresh,pseudo_one_swapped,200,100,b05,39ae394166b56ca17d0a9267497f5e6db270595394b437bc40b499c95bc78744,matched_buffer_control,train,False,0,1.0,1.0,0.0,0.0,0.0,0.0,0.0,0.0,0.0,1.0,1.0,0.0,0.0,0.0,0.0,0.0,0.0,0.0
candidate_refresh,pseudo_one_swapped,200,100,b06,cd8d51cb68d0b6263d1dfeb23031fde3f9fef779ac358a807df9ff3f2ed67a41,stale,train,False,1,0.0,0.0,0.0,0.0,0.0,0.0,0.0,0.0,1.0,0.0,1.0,1.0,0.0,0.0,0.0,0.0,0.0,1.0
candidate_refresh,pseudo_one_swapped,200,100,b07,cd8d51cb68d0b6263d1dfeb23031fde3f9fef779ac358a807df9ff3f2ed67a41,matched_buffer_control,train,False,0,1.0,1.0,0.0,0.0,0.0,0.0,0.0,0.0,0.0,1.0,1.0,0.0,0.0,0.0,0.0,0.0,0.0,0.0
candidate_refresh,pseudo_one_swapped,200,100,b08,cd8d51cb68d0b6263d1dfeb23031fde3f9fef779ac358a807df9ff3f2ed67a41,stale,train,False,0,0.0,0.0,0.0,0.0,0.0,0.0,0.0,0.0,0.0,0.0,0.0,0.0,0.0,0.0,0.0,0.0,0.0,0.0
candidate_refresh,pseudo_one_swapped,200,100,b09,cd8d51cb68d0b6263d1dfeb23031fde3f9fef779ac358a807df9ff3f2ed67a41,matched_buffer_control,train,False,0,1.0,1.0,0.0,0.0,0.0,0.0,0.0,0.0,0.0,1.0,1.0,0.0,0.0,0.0,0.0,0.0,0.0,0.0
candidate_refresh,pseudo_one_swapped,200,100,b10,55a791e7d4187ccc4fa8d76e3f770d102f8cbf6c00a014e2db05334ba0d8018a,stale,train,False,0,0.0,0.0,0.0,0.0,0.0,0.0,0.0,0.0,0.0,0.0,0.0,0.0,0.0,0.0,0.0,0.0,0.0,0.0
candidate_refresh,pseudo_one_swapped,200,100,b11,55a791e7d4187ccc4fa8d76e3f770d102f8cbf6c00a014e2db05334ba0d8018a,matched_buffer_control,train,False,0,1.0,1.0,0.0,0.0,0.0,0.0,0.0,0.0,0.0,1.0,1.0,0.0,0.0,0.0,0.0,0.0,0.0,0.0
candidate_refresh,pseudo_one_swapped,200,100,b12,7c37bc461026a4c0baa8f078d0044e9be9dbac54215649145889b00de22372bc,stale,train,False,0,1.0,1.0,0.0,0.0,0.0,0.0,0.0,0.0,0.0,1.0,1.0,0.0,0.0,0.0,0.0,0.0,0.0,0.0
candidate_refresh,pseudo_one_swapped,200,100,b13,7c37bc461026a4c0baa8f078d0044e9be9dbac54215649145889b00de22372bc,matched_buffer_control,train,False,0,1.0,1.0,0.0,0.0,0.0,0.0,0.0,0.0,0.0,1.0,1.0,0.0,0.0,0.0,0.0,0.0,0.0,0.0
candidate_refresh,pseudo_one_swapped,200,100,b14,bf2eb93d154d15c866b7220cb75da05186d637f439b488cb72df5d6e0ca225c6,stale,train,False,0,1.0,1.0,0.0,0.0,0.0,0.0,0.0,0.0,0.0,1.0,1.0,0.0,0.0,0.0,0.0,0.0,0.0,0.0
candidate_refresh,pseudo_one_swapped,200,100,b15,bf2eb93d154d15c866b7220cb75da05186d637f439b488cb72df5d6e0ca225c6,matched_buffer_control,train,False,0,1.0,1.0,0.0,0.0,0.0,0.0,0.0,0.0,0.0,1.0,1.0,0.0,0.0,0.0,0.0,0.0,0.0,0.0
candidate_refresh,pseudo_one_swapped,200,100,b16,e0e6b8a3d1c85c80ca9a0ebb4640c98bc543a40a920203184457bc8a240aea78,stale,train,False,0,1.0,1.0,0.0,0.0,0.0,0.0,0.0,0.0,0.0,1.0,1.0,0.0,0.0,0.0,0.0,0.0,0.0,0.0
candidate_refresh,pseudo_one_swapped,200,100,b17,e0e6b8a3d1c85c80ca9a0ebb4640c98bc543a40a920203184457bc8a240aea78,matched_buffer_control,train,False,0,1.0,1.0,0.0,0.0,0.0,0.0,0.0,0.0,0.0,1.0,1.0,0.0,0.0,0.0,0.0,0.0,0.0,0.0
candidate_refresh,pseudo_one_swapped,200,200,b00,0e8f3f1b4ee6e7e6f48069659fd0fd1a08fe0c9b19a5082f707d47315f8551f8,stale,train,False,0,1.0,1.0,0.0,0.0,0.0,0.0,0.0,0.0,0.0,1.0,1.0,0.0,0.0,0.0,0.0,0.0,0.0,0.0
candidate_refresh,pseudo_one_swapped,200,200,b01,0e8f3f1b4ee6e7e6f48069659fd0fd1a08fe0c9b19a5082f707d47315f8551f8,matched_buffer_control,train,False,0,1.0,1.0,0.0,0.0,0.0,0.0,0.0,0.0,0.0,1.0,1.0,0.0,0.0,0.0,0.0,0.0,0.0,0.0
candidate_refresh,pseudo_one_swapped,200,200,b02,27efbd6bc5dd9e1b629628ddc1ebcd9a29aed2df4deec4e313d91ec273654991,stale,train,False,0,1.0,1.0,0.0,0.0,0.0,0.0,0.0,0.0,0.0,1.0,1.0,0.0,0.0,0.0,0.0,0.0,0.0,0.0
candidate_refresh,pseudo_one_swapped,200,200,b03,27efbd6bc5dd9e1b629628ddc1ebcd9a29aed2df4deec4e313d91ec273654991,matched_buffer_control,train,False,0,1.0,1.0,0.0,0.0,0.0,0.0,0.0,0.0,0.0,1.0,1.0,0.0,0.0,0.0,0.0,0.0,0.0,0.0
candidate_refresh,pseudo_one_swapped,200,200,b04,39ae394166b56ca17d0a9267497f5e6db270595394b437bc40b499c95bc78744,stale,train,False,0,1.0,1.0,0.0,0.0,0.0,0.0,0.0,0.0,0.0,1.0,1.0,0.0,0.0,0.0,0.0,0.0,0.0,0.0
candidate_refresh,pseudo_one_swapped,200,200,b05,39ae394166b56ca17d0a9267497f5e6db270595394b437bc40b499c95bc78744,matched_buffer_control,train,False,0,1.0,1.0,0.0,0.0,0.0,0.0,0.0,0.0,0.0,1.0,1.0,0.0,0.0,0.0,0.0,0.0,0.0,0.0
candidate_refresh,pseudo_one_swapped,200,200,b06,cd8d51cb68d0b6263d1dfeb23031fde3f9fef779ac358a807df9ff3f2ed67a41,stale,train,False,1,0.0,1.0,1.0,0.0,0.0,0.0,0.0,0.0,1.0,0.0,1.0,1.0,0.0,0.0,0.0,0.0,0.0,1.0
candidate_refresh,pseudo_one_swapped,200,200,b07,cd8d51cb68d0b6263d1dfeb23031fde3f9fef779ac358a807df9ff3f2ed67a41,matched_buffer_control,train,False,0,1.0,1.0,0.0,0.0,0.0,0.0,0.0,0.0,0.0,1.0,1.0,0.0,0.0,0.0,0.0,0.0,0.0,0.0
candidate_refresh,pseudo_one_swapped,200,200,b08,cd8d51cb68d0b6263d1dfeb23031fde3f9fef779ac358a807df9ff3f2ed67a41,stale,train,False,0,0.0,0.0,0.0,0.0,0.0,0.0,0.0,0.0,0.0,0.0,0.0,0.0,1.0,1.0,0.0,0.0,0.0,0.0
candidate_refresh,pseudo_one_swapped,200,200,b09,cd8d51cb68d0b6263d1dfeb23031fde3f9fef779ac358a807df9ff3f2ed67a41,matched_buffer_control,train,False,0,1.0,1.0,0.0,0.0,0.0,0.0,0.0,0.0,0.0,1.0,1.0,0.0,0.0,0.0,0.0,0.0,0.0,0.0
candidate_refresh,pseudo_one_swapped,200,200,b10,55a791e7d4187ccc4fa8d76e3f770d102f8cbf6c00a014e2db05334ba0d8018a,stale,train,False,0,1.0,1.0,0.0,0.0,0.0,0.0,0.0,0.0,0.0,1.0,1.0,0.0,0.0,0.0,0.0,0.0,0.0,0.0
candidate_refresh,pseudo_one_swapped,200,200,b11,55a791e7d4187ccc4fa8d76e3f770d102f8cbf6c00a014e2db05334ba0d8018a,matched_buffer_control,train,False,0,1.0,1.0,0.0,0.0,0.0,0.0,0.0,0.0,0.0,1.0,1.0,0.0,0.0,0.0,0.0,0.0,0.0,0.0
candidate_refresh,pseudo_one_swapped,200,200,b12,7c37bc461026a4c0baa8f078d0044e9be9dbac54215649145889b00de22372bc,stale,train,False,0,1.0,1.0,0.0,0.0,0.0,0.0,0.0,0.0,0.0,1.0,1.0,0.0,0.0,0.0,0.0,0.0,0.0,0.0
candidate_refresh,pseudo_one_swapped,200,200,b13,7c37bc461026a4c0baa8f078d0044e9be9dbac54215649145889b00de22372bc,matched_buffer_control,train,False,0,1.0,1.0,0.0,0.0,0.0,0.0,0.0,0.0,0.0,1.0,1.0,0.0,0.0,0.0,0.0,0.0,0.0,0.0
candidate_refresh,pseudo_one_swapped,200,200,b14,bf2eb93d154d15c866b7220cb75da05186d637f439b488cb72df5d6e0ca225c6,stale,train,False,0,1.0,1.0,0.0,0.0,0.0,0.0,0.0,0.0,0.0,1.0,1.0,0.0,0.0,0.0,0.0,0.0,0.0,0.0
candidate_refresh,pseudo_one_swapped,200,200,b15,bf2eb93d154d15c866b7220cb75da05186d637f439b488cb72df5d6e0ca225c6,matched_buffer_control,train,False,0,1.0,1.0,0.0,0.0,0.0,0.0,0.0,0.0,0.0,1.0,1.0,0.0,0.0,0.0,0.0,0.0,0.0,0.0
candidate_refresh,pseudo_one_swapped,200,200,b16,e0e6b8a3d1c85c80ca9a0ebb4640c98bc543a40a920203184457bc8a240aea78,stale,train,False,0,1.0,1.0,0.0,0.0,0.0,0.0,0.0,0.0,0.0,1.0,1.0,0.0,0.0,0.0,0.0,0.0,0.0,0.0
candidate_refresh,pseudo_one_swapped,200,200,b17,e0e6b8a3d1c85c80ca9a0ebb4640c98bc543a40a920203184457bc8a240aea78,matched_buffer_control,train,False,0,1.0,1.0,0.0,0.0,0.0,0.0,0.0,0.0,0.0,1.0,1.0,0.0,0.0,0.0,0.0,0.0,0.0,0.0
candidate_refresh,real_two,200,100,b00,0e8f3f1b4ee6e7e6f48069659fd0fd1a08fe0c9b19a5082f707d47315f8551f8,stale,train,False,0,1.0,1.0,0.0,0.0,0.0,0.0,0.0,0.0,0.0,1.0,1.0,0.0,0.0,0.0,0.0,0.0,0.0,0.0
candidate_refresh,real_two,200,100,b01,0e8f3f1b4ee6e7e6f48069659fd0fd1a08fe0c9b19a5082f707d47315f8551f8,matched_buffer_control,train,False,0,1.0,1.0,0.0,0.0,0.0,0.0,0.0,0.0,0.0,1.0,1.0,0.0,0.0,0.0,0.0,0.0,0.0,0.0
candidate_refresh,real_two,200,100,b02,27efbd6bc5dd9e1b629628ddc1ebcd9a29aed2df4deec4e313d91ec273654991,stale,train,False,0,1.0,1.0,0.0,0.0,0.0,0.0,0.0,0.0,0.0,1.0,1.0,0.0,0.0,0.0,0.0,0.0,0.0,0.0
candidate_refresh,real_two,200,100,b03,27efbd6bc5dd9e1b629628ddc1ebcd9a29aed2df4deec4e313d91ec273654991,matched_buffer_control,train,False,0,1.0,1.0,0.0,0.0,0.0,0.0,0.0,0.0,0.0,1.0,1.0,0.0,0.0,0.0,0.0,0.0,0.0,0.0
candidate_refresh,real_two,200,100,b04,39ae394166b56ca17d0a9267497f5e6db270595394b437bc40b499c95bc78744,stale,train,False,0,1.0,1.0,0.0,0.0,0.0,0.0,0.0,0.0,0.0,1.0,1.0,0.0,0.0,0.0,0.0,0.0,0.0,0.0
candidate_refresh,real_two,200,100,b05,39ae394166b56ca17d0a9267497f5e6db270595394b437bc40b499c95bc78744,matched_buffer_control,train,False,0,1.0,1.0,0.0,0.0,0.0,0.0,0.0,0.0,0.0,1.0,1.0,0.0,0.0,0.0,0.0,0.0,0.0,0.0
candidate_refresh,real_two,200,100,b06,cd8d51cb68d0b6263d1dfeb23031fde3f9fef779ac358a807df9ff3f2ed67a41,stale,train,False,0,0.0,0.0,0.0,0.0,0.0,0.0,0.0,0.0,0.0,0.5,0.5,0.0,0.0,0.0,0.0,0.0,0.0,0.0
candidate_refresh,real_two,200,100,b07,cd8d51cb68d0b6263d1dfeb23031fde3f9fef779ac358a807df9ff3f2ed67a41,matched_buffer_control,train,False,1,0.5,1.0,0.5,0.5,0.0,-0.5,0.0,0.0,1.0,1.0,1.0,0.0,0.0,0.0,0.0,0.0,0.0,1.0
candidate_refresh,real_two,200,100,b08,cd8d51cb68d0b6263d1dfeb23031fde3f9fef779ac358a807df9ff3f2ed67a41,stale,train,False,0,0.0,0.0,0.0,0.0,0.0,0.0,0.0,0.0,0.0,0.0,0.0,0.0,0.0,0.0,0.0,0.0,0.0,0.0
candidate_refresh,real_two,200,100,b09,cd8d51cb68d0b6263d1dfeb23031fde3f9fef779ac358a807df9ff3f2ed67a41,matched_buffer_control,train,False,0,1.0,1.0,0.0,0.0,0.0,0.0,0.0,0.0,0.0,1.0,1.0,0.0,0.0,0.0,0.0,0.0,0.0,0.0
candidate_refresh,real_two,200,100,b10,55a791e7d4187ccc4fa8d76e3f770d102f8cbf6c00a014e2db05334ba0d8018a,stale,train,False,0,0.0,0.0,0.0,0.0,0.0,0.0,0.0,0.0,0.0,0.0,0.0,0.0,0.0,0.0,0.0,0.0,0.0,0.0
candidate_refresh,real_two,200,100,b11,55a791e7d4187ccc4fa8d76e3f770d102f8cbf6c00a014e2db05334ba0d8018a,matched_buffer_control,train,False,0,1.0,1.0,0.0,0.0,0.0,0.0,0.0,0.0,0.0,1.0,1.0,0.0,0.0,0.0,0.0,0.0,0.0,0.0
candidate_refresh,real_two,200,100,b12,7c37bc461026a4c0baa8f078d0044e9be9dbac54215649145889b00de22372bc,stale,train,False,0,1.0,1.0,0.0,0.0,0.0,0.0,0.0,0.0,0.0,1.0,1.0,0.0,0.0,0.0,0.0,0.0,0.0,0.0
candidate_refresh,real_two,200,100,b13,7c37bc461026a4c0baa8f078d0044e9be9dbac54215649145889b00de22372bc,matched_buffer_control,train,False,0,1.0,1.0,0.0,0.0,0.0,0.0,0.0,0.0,0.0,1.0,1.0,0.0,0.0,0.0,0.0,0.0,0.0,0.0
candidate_refresh,real_two,200,100,b14,bf2eb93d154d15c866b7220cb75da05186d637f439b488cb72df5d6e0ca225c6,stale,train,False,0,1.0,1.0,0.0,0.0,0.0,0.0,0.0,0.0,0.0,1.0,1.0,0.0,0.0,0.0,0.0,0.0,0.0,0.0
candidate_refresh,real_two,200,100,b15,bf2eb93d154d15c866b7220cb75da05186d637f439b488cb72df5d6e0ca225c6,matched_buffer_control,train,False,0,1.0,1.0,0.0,0.0,0.0,0.0,0.0,0.0,0.0,1.0,1.0,0.0,0.0,0.0,0.0,0.0,0.0,0.0
candidate_refresh,real_two,200,100,b16,e0e6b8a3d1c85c80ca9a0ebb4640c98bc543a40a920203184457bc8a240aea78,stale,train,False,0,1.0,1.0,0.0,0.0,0.0,0.0,0.0,0.0,0.0,0.5,0.5,0.0,0.0,0.0,0.0,0.0,0.0,0.0
candidate_refresh,real_two,200,100,b17,e0e6b8a3d1c85c80ca9a0ebb4640c98bc543a40a920203184457bc8a240aea78,matched_buffer_control,train,False,0,1.0,1.0,0.0,0.0,0.0,0.0,0.0,0.0,0.0,1.0,1.0,0.0,0.0,0.0,0.0,0.0,0.0,0.0
candidate_refresh,real_two,200,200,b00,0e8f3f1b4ee6e7e6f48069659fd0fd1a08fe0c9b19a5082f707d47315f8551f8,stale,train,False,0,1.0,1.0,0.0,0.0,0.0,0.0,0.0,0.0,0.0,1.0,1.0,0.0,0.0,0.0,0.0,0.0,0.0,0.0
candidate_refresh,real_two,200,200,b01,0e8f3f1b4ee6e7e6f48069659fd0fd1a08fe0c9b19a5082f707d47315f8551f8,matched_buffer_control,train,False,0,1.0,1.0,0.0,0.0,0.0,0.0,0.0,0.0,0.0,1.0,1.0,0.0,0.0,0.0,0.0,0.0,0.0,0.0
candidate_refresh,real_two,200,200,b02,27efbd6bc5dd9e1b629628ddc1ebcd9a29aed2df4deec4e313d91ec273654991,stale,train,False,0,1.0,1.0,0.0,0.0,0.0,0.0,0.0,0.0,0.0,1.0,1.0,0.0,0.0,0.0,0.0,0.0,0.0,0.0
candidate_refresh,real_two,200,200,b03,27efbd6bc5dd9e1b629628ddc1ebcd9a29aed2df4deec4e313d91ec273654991,matched_buffer_control,train,False,0,1.0,1.0,0.0,0.0,0.0,0.0,0.0,0.0,0.0,1.0,1.0,0.0,0.0,0.0,0.0,0.0,0.0,0.0
candidate_refresh,real_two,200,200,b04,39ae394166b56ca17d0a9267497f5e6db270595394b437bc40b499c95bc78744,stale,train,False,0,1.0,1.0,0.0,0.0,0.0,0.0,0.0,0.0,0.0,1.0,1.0,0.0,0.0,0.0,0.0,0.0,0.0,0.0
candidate_refresh,real_two,200,200,b05,39ae394166b56ca17d0a9267497f5e6db270595394b437bc40b499c95bc78744,matched_buffer_control,train,False,0,1.0,1.0,0.0,0.0,0.0,0.0,0.0,0.0,0.0,1.0,1.0,0.0,0.0,0.0,0.0,0.0,0.0,0.0
candidate_refresh,real_two,200,200,b06,cd8d51cb68d0b6263d1dfeb23031fde3f9fef779ac358a807df9ff3f2ed67a41,stale,train,False,0,0.5,0.5,0.0,0.0,0.0,0.0,0.0,0.0,0.0,0.5,0.5,0.0,0.0,0.0,0.0,0.0,0.0,0.0
candidate_refresh,real_two,200,200,b07,cd8d51cb68d0b6263d1dfeb23031fde3f9fef779ac358a807df9ff3f2ed67a41,matched_buffer_control,train,False,1,0.5,1.0,0.5,0.5,0.0,-0.5,0.0,0.0,1.0,1.0,1.0,0.0,0.0,0.0,0.0,0.0,0.0,1.0
candidate_refresh,real_two,200,200,b08,cd8d51cb68d0b6263d1dfeb23031fde3f9fef779ac358a807df9ff3f2ed67a41,stale,train,False,0,0.0,0.0,0.0,0.5,0.5,0.0,0.0,0.0,0.0,0.5,0.5,0.0,0.5,0.5,0.0,0.0,0.0,0.0
candidate_refresh,real_two,200,200,b09,cd8d51cb68d0b6263d1dfeb23031fde3f9fef779ac358a807df9ff3f2ed67a41,matched_buffer_control,train,False,0,1.0,1.0,0.0,0.0,0.0,0.0,0.0,0.0,0.0,1.0,1.0,0.0,0.0,0.0,0.0,0.0,0.0,0.0
candidate_refresh,real_two,200,200,b10,55a791e7d4187ccc4fa8d76e3f770d102f8cbf6c00a014e2db05334ba0d8018a,stale,train,False,0,1.0,1.0,0.0,0.0,0.0,0.0,0.0,0.0,0.0,1.0,1.0,0.0,0.0,0.0,0.0,0.0,0.0,0.0
candidate_refresh,real_two,200,200,b11,55a791e7d4187ccc4fa8d76e3f770d102f8cbf6c00a014e2db05334ba0d8018a,matched_buffer_control,train,False,0,1.0,1.0,0.0,0.0,0.0,0.0,0.0,0.0,0.0,1.0,1.0,0.0,0.0,0.0,0.0,0.0,0.0,0.0
candidate_refresh,real_two,200,200,b12,7c37bc461026a4c0baa8f078d0044e9be9dbac54215649145889b00de22372bc,stale,train,False,0,1.0,1.0,0.0,0.0,0.0,0.0,0.0,0.0,0.0,1.0,1.0,0.0,0.0,0.0,0.0,0.0,0.0,0.0
candidate_refresh,real_two,200,200,b13,7c37bc461026a4c0baa8f078d0044e9be9dbac54215649145889b00de22372bc,matched_buffer_control,train,False,0,1.0,1.0,0.0,0.0,0.0,0.0,0.0,0.0,0.0,1.0,1.0,0.0,0.0,0.0,0.0,0.0,0.0,0.0
candidate_refresh,real_two,200,200,b14,bf2eb93d154d15c866b7220cb75da05186d637f439b488cb72df5d6e0ca225c6,stale,train,False,0,1.0,1.0,0.0,0.0,0.0,0.0,0.0,0.0,0.0,1.0,1.0,0.0,0.0,0.0,0.0,0.0,0.0,0.0
candidate_refresh,real_two,200,200,b15,bf2eb93d154d15c866b7220cb75da05186d637f439b488cb72df5d6e0ca225c6,matched_buffer_control,train,False,0,1.0,1.0,0.0,0.0,0.0,0.0,0.0,0.0,0.0,1.0,1.0,0.0,0.0,0.0,0.0,0.0,0.0,0.0
candidate_refresh,real_two,200,200,b16,e0e6b8a3d1c85c80ca9a0ebb4640c98bc543a40a920203184457bc8a240aea78,stale,train,False,0,1.0,1.0,0.0,0.0,0.0,0.0,0.0,0.0,0.0,1.0,1.0,0.0,0.0,0.0,0.0,0.0,0.0,0.0
candidate_refresh,real_two,200,200,b17,e0e6b8a3d1c85c80ca9a0ebb4640c98bc543a40a920203184457bc8a240aea78,matched_buffer_control,train,False,0,1.0,1.0,0.0,0.0,0.0,0.0,0.0,0.0,0.0,1.0,1.0,0.0,0.0,0.0,0.0,0.0,0.0,0.0
candidate_refresh,pseudo_two,200,100,b00,0e8f3f1b4ee6e7e6f48069659fd0fd1a08fe0c9b19a5082f707d47315f8551f8,stale,train,False,0,1.0,1.0,0.0,0.0,0.0,0.0,0.0,0.0,0.0,1.0,1.0,0.0,0.0,0.0,0.0,0.0,0.0,0.0
candidate_refresh,pseudo_two,200,100,b01,0e8f3f1b4ee6e7e6f48069659fd0fd1a08fe0c9b19a5082f707d47315f8551f8,matched_buffer_control,train,False,0,1.0,1.0,0.0,0.0,0.0,0.0,0.0,0.0,0.0,1.0,1.0,0.0,0.0,0.0,0.0,0.0,0.0,0.0
candidate_refresh,pseudo_two,200,100,b02,27efbd6bc5dd9e1b629628ddc1ebcd9a29aed2df4deec4e313d91ec273654991,stale,train,False,0,1.0,1.0,0.0,0.0,0.0,0.0,0.0,0.0,0.0,1.0,1.0,0.0,0.0,0.0,0.0,0.0,0.0,0.0
candidate_refresh,pseudo_two,200,100,b03,27efbd6bc5dd9e1b629628ddc1ebcd9a29aed2df4deec4e313d91ec273654991,matched_buffer_control,train,False,0,1.0,1.0,0.0,0.0,0.0,0.0,0.0,0.0,0.0,1.0,1.0,0.0,0.0,0.0,0.0,0.0,0.0,0.0
candidate_refresh,pseudo_two,200,100,b04,39ae394166b56ca17d0a9267497f5e6db270595394b437bc40b499c95bc78744,stale,train,False,0,1.0,1.0,0.0,0.0,0.0,0.0,0.0,0.0,0.0,1.0,1.0,0.0,0.0,0.0,0.0,0.0,0.0,0.0
candidate_refresh,pseudo_two,200,100,b05,39ae394166b56ca17d0a9267497f5e6db270595394b437bc40b499c95bc78744,matched_buffer_control,train,False,0,1.0,1.0,0.0,0.0,0.0,0.0,0.0,0.0,0.0,1.0,1.0,0.0,0.0,0.0,0.0,0.0,0.0,0.0
candidate_refresh,pseudo_two,200,100,b06,cd8d51cb68d0b6263d1dfeb23031fde3f9fef779ac358a807df9ff3f2ed67a41,stale,train,False,0,0.0,0.0,0.0,0.0,0.0,0.0,0.0,0.0,0.0,0.5,0.5,0.0,0.0,0.0,0.0,0.0,0.0,0.0
candidate_refresh,pseudo_two,200,100,b07,cd8d51cb68d0b6263d1dfeb23031fde3f9fef779ac358a807df9ff3f2ed67a41,matched_buffer_control,train,False,1,0.5,1.0,0.5,0.5,0.0,-0.5,0.0,0.0,1.0,1.0,1.0,0.0,0.0,0.0,0.0,0.0,0.0,1.0
candidate_refresh,pseudo_two,200,100,b08,cd8d51cb68d0b6263d1dfeb23031fde3f9fef779ac358a807df9ff3f2ed67a41,stale,train,False,0,0.0,0.0,0.0,0.0,0.0,0.0,0.0,0.0,0.0,0.0,0.0,0.0,0.0,0.0,0.0,0.0,0.0,0.0
candidate_refresh,pseudo_two,200,100,b09,cd8d51cb68d0b6263d1dfeb23031fde3f9fef779ac358a807df9ff3f2ed67a41,matched_buffer_control,train,False,0,1.0,1.0,0.0,0.0,0.0,0.0,0.0,0.0,0.0,1.0,1.0,0.0,0.0,0.0,0.0,0.0,0.0,0.0
candidate_refresh,pseudo_two,200,100,b10,55a791e7d4187ccc4fa8d76e3f770d102f8cbf6c00a014e2db05334ba0d8018a,stale,train,False,0,0.0,0.0,0.0,0.0,0.0,0.0,0.0,0.0,0.0,0.0,0.0,0.0,0.0,0.0,0.0,0.0,0.0,0.0
candidate_refresh,pseudo_two,200,100,b11,55a791e7d4187ccc4fa8d76e3f770d102f8cbf6c00a014e2db05334ba0d8018a,matched_buffer_control,train,False,0,1.0,1.0,0.0,0.0,0.0,0.0,0.0,0.0,0.0,1.0,1.0,0.0,0.0,0.0,0.0,0.0,0.0,0.0
candidate_refresh,pseudo_two,200,100,b12,7c37bc461026a4c0baa8f078d0044e9be9dbac54215649145889b00de22372bc,stale,train,False,0,1.0,1.0,0.0,0.0,0.0,0.0,0.0,0.0,0.0,1.0,1.0,0.0,0.0,0.0,0.0,0.0,0.0,0.0
candidate_refresh,pseudo_two,200,100,b13,7c37bc461026a4c0baa8f078d0044e9be9dbac54215649145889b00de22372bc,matched_buffer_control,train,False,0,1.0,1.0,0.0,0.0,0.0,0.0,0.0,0.0,0.0,1.0,1.0,0.0,0.0,0.0,0.0,0.0,0.0,0.0
candidate_refresh,pseudo_two,200,100,b14,bf2eb93d154d15c866b7220cb75da05186d637f439b488cb72df5d6e0ca225c6,stale,train,False,0,1.0,1.0,0.0,0.0,0.0,0.0,0.0,0.0,0.0,1.0,1.0,0.0,0.0,0.0,0.0,0.0,0.0,0.0
candidate_refresh,pseudo_two,200,100,b15,bf2eb93d154d15c866b7220cb75da05186d637f439b488cb72df5d6e0ca225c6,matched_buffer_control,train,False,0,1.0,1.0,0.0,0.0,0.0,0.0,0.0,0.0,0.0,1.0,1.0,0.0,0.0,0.0,0.0,0.0,0.0,0.0
candidate_refresh,pseudo_two,200,100,b16,e0e6b8a3d1c85c80ca9a0ebb4640c98bc543a40a920203184457bc8a240aea78,stale,train,False,0,1.0,1.0,0.0,0.0,0.0,0.0,0.0,0.0,0.0,0.5,0.5,0.0,0.0,0.0,0.0,0.0,0.0,0.0
candidate_refresh,pseudo_two,200,100,b17,e0e6b8a3d1c85c80ca9a0ebb4640c98bc543a40a920203184457bc8a240aea78,matched_buffer_control,train,False,0,1.0,1.0,0.0,0.0,0.0,0.0,0.0,0.0,0.0,1.0,1.0,0.0,0.0,0.0,0.0,0.0,0.0,0.0
candidate_refresh,pseudo_two,200,200,b00,0e8f3f1b4ee6e7e6f48069659fd0fd1a08fe0c9b19a5082f707d47315f8551f8,stale,train,False,0,1.0,1.0,0.0,0.0,0.0,0.0,0.0,0.0,0.0,1.0,1.0,0.0,0.0,0.0,0.0,0.0,0.0,0.0
candidate_refresh,pseudo_two,200,200,b01,0e8f3f1b4ee6e7e6f48069659fd0fd1a08fe0c9b19a5082f707d47315f8551f8,matched_buffer_control,train,False,0,1.0,1.0,0.0,0.0,0.0,0.0,0.0,0.0,0.0,1.0,1.0,0.0,0.0,0.0,0.0,0.0,0.0,0.0
candidate_refresh,pseudo_two,200,200,b02,27efbd6bc5dd9e1b629628ddc1ebcd9a29aed2df4deec4e313d91ec273654991,stale,train,False,0,1.0,1.0,0.0,0.0,0.0,0.0,0.0,0.0,0.0,1.0,1.0,0.0,0.0,0.0,0.0,0.0,0.0,0.0
candidate_refresh,pseudo_two,200,200,b03,27efbd6bc5dd9e1b629628ddc1ebcd9a29aed2df4deec4e313d91ec273654991,matched_buffer_control,train,False,0,1.0,1.0,0.0,0.0,0.0,0.0,0.0,0.0,0.0,1.0,1.0,0.0,0.0,0.0,0.0,0.0,0.0,0.0
candidate_refresh,pseudo_two,200,200,b04,39ae394166b56ca17d0a9267497f5e6db270595394b437bc40b499c95bc78744,stale,train,False,0,1.0,1.0,0.0,0.0,0.0,0.0,0.0,0.0,0.0,1.0,1.0,0.0,0.0,0.0,0.0,0.0,0.0,0.0
candidate_refresh,pseudo_two,200,200,b05,39ae394166b56ca17d0a9267497f5e6db270595394b437bc40b499c95bc78744,matched_buffer_control,train,False,0,1.0,1.0,0.0,0.0,0.0,0.0,0.0,0.0,0.0,1.0,1.0,0.0,0.0,0.0,0.0,0.0,0.0,0.0
candidate_refresh,pseudo_two,200,200,b06,cd8d51cb68d0b6263d1dfeb23031fde3f9fef779ac358a807df9ff3f2ed67a41,stale,train,False,0,0.5,0.5,0.0,0.0,0.0,0.0,0.0,0.0,0.0,0.5,0.5,0.0,0.0,0.0,0.0,0.0,0.0,0.0
candidate_refresh,pseudo_two,200,200,b07,cd8d51cb68d0b6263d1dfeb23031fde3f9fef779ac358a807df9ff3f2ed67a41,matched_buffer_control,train,False,1,0.5,1.0,0.5,0.5,0.0,-0.5,0.0,0.0,1.0,1.0,1.0,0.0,0.0,0.0,0.0,0.0,0.0,1.0
candidate_refresh,pseudo_two,200,200,b08,cd8d51cb68d0b6263d1dfeb23031fde3f9fef779ac358a807df9ff3f2ed67a41,stale,train,False,0,0.0,0.0,0.0,0.5,0.5,0.0,0.0,0.0,0.0,0.5,0.5,0.0,0.5,0.5,0.0,0.0,0.0,0.0
candidate_refresh,pseudo_two,200,200,b09,cd8d51cb68d0b6263d1dfeb23031fde3f9fef779ac358a807df9ff3f2ed67a41,matched_buffer_control,train,False,0,1.0,1.0,0.0,0.0,0.0,0.0,0.0,0.0,0.0,1.0,1.0,0.0,0.0,0.0,0.0,0.0,0.0,0.0
candidate_refresh,pseudo_two,200,200,b10,55a791e7d4187ccc4fa8d76e3f770d102f8cbf6c00a014e2db05334ba0d8018a,stale,train,False,0,1.0,1.0,0.0,0.0,0.0,0.0,0.0,0.0,0.0,1.0,1.0,0.0,0.0,0.0,0.0,0.0,0.0,0.0
candidate_refresh,pseudo_two,200,200,b11,55a791e7d4187ccc4fa8d76e3f770d102f8cbf6c00a014e2db05334ba0d8018a,matched_buffer_control,train,False,0,1.0,1.0,0.0,0.0,0.0,0.0,0.0,0.0,0.0,1.0,1.0,0.0,0.0,0.0,0.0,0.0,0.0,0.0
candidate_refresh,pseudo_two,200,200,b12,7c37bc461026a4c0baa8f078d0044e9be9dbac54215649145889b00de22372bc,stale,train,False,0,1.0,1.0,0.0,0.0,0.0,0.0,0.0,0.0,0.0,1.0,1.0,0.0,0.0,0.0,0.0,0.0,0.0,0.0
candidate_refresh,pseudo_two,200,200,b13,7c37bc461026a4c0baa8f078d0044e9be9dbac54215649145889b00de22372bc,matched_buffer_control,train,False,0,1.0,1.0,0.0,0.0,0.0,0.0,0.0,0.0,0.0,1.0,1.0,0.0,0.0,0.0,0.0,0.0,0.0,0.0
candidate_refresh,pseudo_two,200,200,b14,bf2eb93d154d15c866b7220cb75da05186d637f439b488cb72df5d6e0ca225c6,stale,train,False,0,1.0,1.0,0.0,0.0,0.0,0.0,0.0,0.0,0.0,1.0,1.0,0.0,0.0,0.0,0.0,0.0,0.0,0.0
candidate_refresh,pseudo_two,200,200,b15,bf2eb93d154d15c866b7220cb75da05186d637f439b488cb72df5d6e0ca225c6,matched_buffer_control,train,False,0,1.0,1.0,0.0,0.0,0.0,0.0,0.0,0.0,0.0,1.0,1.0,0.0,0.0,0.0,0.0,0.0,0.0,0.0
candidate_refresh,pseudo_two,200,200,b16,e0e6b8a3d1c85c80ca9a0ebb4640c98bc543a40a920203184457bc8a240aea78,stale,train,False,0,1.0,1.0,0.0,0.0,0.0,0.0,0.0,0.0,0.0,1.0,1.0,0.0,0.0,0.0,0.0,0.0,0.0,0.0
candidate_refresh,pseudo_two,200,200,b17,e0e6b8a3d1c85c80ca9a0ebb4640c98bc543a40a920203184457bc8a240aea78,matched_buffer_control,train,False,0,1.0,1.0,0.0,0.0,0.0,0.0,0.0,0.0,0.0,1.0,1.0,0.0,0.0,0.0,0.0,0.0,0.0,0.0
candidate_refresh,historical:AlwaysRefresh,200,100,b00,0e8f3f1b4ee6e7e6f48069659fd0fd1a08fe0c9b19a5082f707d47315f8551f8,stale,train,False,1,1.0,1.0,0.0,0.0,0.0,0.0,0.0,0.0,1.0,1.0,1.0,0.0,0.0,0.0,0.0,0.0,0.0,1.0
candidate_refresh,historical:AlwaysRefresh,200,100,b01,0e8f3f1b4ee6e7e6f48069659fd0fd1a08fe0c9b19a5082f707d47315f8551f8,matched_buffer_control,train,False,1,1.0,1.0,0.0,0.0,0.0,0.0,0.0,0.0,1.0,1.0,1.0,0.0,0.0,0.0,0.0,0.0,0.0,1.0
candidate_refresh,historical:AlwaysRefresh,200,100,b02,27efbd6bc5dd9e1b629628ddc1ebcd9a29aed2df4deec4e313d91ec273654991,stale,train,False,1,1.0,1.0,0.0,0.0,0.0,0.0,0.0,0.0,1.0,1.0,1.0,0.0,0.0,0.0,0.0,0.0,0.0,1.0
candidate_refresh,historical:AlwaysRefresh,200,100,b03,27efbd6bc5dd9e1b629628ddc1ebcd9a29aed2df4deec4e313d91ec273654991,matched_buffer_control,train,False,1,1.0,1.0,0.0,0.0,0.0,0.0,0.0,0.0,1.0,1.0,1.0,0.0,0.0,0.0,0.0,0.0,0.0,1.0
candidate_refresh,historical:AlwaysRefresh,200,100,b04,39ae394166b56ca17d0a9267497f5e6db270595394b437bc40b499c95bc78744,stale,train,False,1,1.0,1.0,0.0,0.0,0.0,0.0,0.0,0.0,1.0,1.0,1.0,0.0,0.0,0.0,0.0,0.0,0.0,1.0
candidate_refresh,historical:AlwaysRefresh,200,100,b05,39ae394166b56ca17d0a9267497f5e6db270595394b437bc40b499c95bc78744,matched_buffer_control,train,False,1,1.0,1.0,0.0,0.0,0.0,0.0,0.0,0.0,1.0,1.0,1.0,0.0,0.0,0.0,0.0,0.0,0.0,1.0
candidate_refresh,historical:AlwaysRefresh,200,100,b06,cd8d51cb68d0b6263d1dfeb23031fde3f9fef779ac358a807df9ff3f2ed67a41,stale,train,False,1,0.0,0.5,0.5,0.0,0.25,0.25,0.0,0.25,1.0,0.25,0.0,-0.25,0.0,0.0,0.0,0.25,0.0,1.0
candidate_refresh,historical:AlwaysRefresh,200,100,b07,cd8d51cb68d0b6263d1dfeb23031fde3f9fef779ac358a807df9ff3f2ed67a41,matched_buffer_control,train,False,1,0.75,1.0,0.25,0.25,0.0,-0.25,0.0,0.0,1.0,1.0,1.0,0.0,0.0,0.0,0.0,0.0,0.0,1.0
candidate_refresh,historical:AlwaysRefresh,200,100,b08,cd8d51cb68d0b6263d1dfeb23031fde3f9fef779ac358a807df9ff3f2ed67a41,stale,train,False,1,0.0,0.0,0.0,0.0,0.0,0.0,0.0,0.0,1.0,0.0,0.0,0.0,0.0,0.0,0.0,0.0,0.0,1.0
candidate_refresh,historical:AlwaysRefresh,200,100,b09,cd8d51cb68d0b6263d1dfeb23031fde3f9fef779ac358a807df9ff3f2ed67a41,matched_buffer_control,train,False,1,1.0,1.0,0.0,0.0,0.0,0.0,0.0,0.0,1.0,1.0,1.0,0.0,0.0,0.0,0.0,0.0,0.0,1.0
candidate_refresh,historical:AlwaysRefresh,200,100,b10,55a791e7d4187ccc4fa8d76e3f770d102f8cbf6c00a014e2db05334ba0d8018a,stale,train,False,1,0.5,0.75,0.25,0.0,0.0,0.0,0.0,0.0,1.0,0.25,0.75,0.5,0.0,0.0,0.0,0.25,0.0,1.0
candidate_refresh,historical:AlwaysRefresh,200,100,b11,55a791e7d4187ccc4fa8d76e3f770d102f8cbf6c00a014e2db05334ba0d8018a,matched_buffer_control,train,False,1,1.0,1.0,0.0,0.0,0.0,0.0,0.0,0.0,1.0,1.0,1.0,0.0,0.0,0.0,0.0,0.0,0.0,1.0
candidate_refresh,historical:AlwaysRefresh,200,100,b12,7c37bc461026a4c0baa8f078d0044e9be9dbac54215649145889b00de22372bc,stale,train,False,1,1.0,1.0,0.0,0.0,0.0,0.0,0.0,0.0,1.0,1.0,1.0,0.0,0.0,0.0,0.0,0.0,0.0,1.0
candidate_refresh,historical:AlwaysRefresh,200,100,b13,7c37bc461026a4c0baa8f078d0044e9be9dbac54215649145889b00de22372bc,matched_buffer_control,train,False,1,1.0,1.0,0.0,0.0,0.0,0.0,0.0,0.0,1.0,1.0,1.0,0.0,0.0,0.0,0.0,0.0,0.0,1.0
candidate_refresh,historical:AlwaysRefresh,200,100,b14,bf2eb93d154d15c866b7220cb75da05186d637f439b488cb72df5d6e0ca225c6,stale,train,False,1,0.75,1.0,0.25,0.0,0.0,0.0,0.0,0.0,1.0,1.0,1.0,0.0,0.0,0.0,0.0,0.0,0.0,1.0
candidate_refresh,historical:AlwaysRefresh,200,100,b15,bf2eb93d154d15c866b7220cb75da05186d637f439b488cb72df5d6e0ca225c6,matched_buffer_control,train,False,1,1.0,1.0,0.0,0.0,0.0,0.0,0.0,0.0,1.0,1.0,1.0,0.0,0.0,0.0,0.0,0.0,0.0,1.0
candidate_refresh,historical:AlwaysRefresh,200,100,b16,e0e6b8a3d1c85c80ca9a0ebb4640c98bc543a40a920203184457bc8a240aea78,stale,train,False,1,0.75,1.0,0.25,0.0,0.0,0.0,0.0,0.0,1.0,0.25,0.75,0.5,0.0,0.0,0.0,0.0,0.0,1.0
candidate_refresh,historical:AlwaysRefresh,200,100,b17,e0e6b8a3d1c85c80ca9a0ebb4640c98bc543a40a920203184457bc8a240aea78,matched_buffer_control,train,False,1,1.0,1.0,0.0,0.0,0.0,0.0,0.0,0.0,1.0,1.0,1.0,0.0,0.0,0.0,0.0,0.0,0.0,1.0
candidate_refresh,historical:AlwaysRefresh,200,200,b00,0e8f3f1b4ee6e7e6f48069659fd0fd1a08fe0c9b19a5082f707d47315f8551f8,stale,train,False,1,1.0,1.0,0.0,0.0,0.0,0.0,0.0,0.0,1.0,1.0,1.0,0.0,0.0,0.0,0.0,0.0,0.0,1.0
candidate_refresh,historical:AlwaysRefresh,200,200,b01,0e8f3f1b4ee6e7e6f48069659fd0fd1a08fe0c9b19a5082f707d47315f8551f8,matched_buffer_control,train,False,1,1.0,1.0,0.0,0.0,0.0,0.0,0.0,0.0,1.0,1.0,1.0,0.0,0.0,0.0,0.0,0.0,0.0,1.0
candidate_refresh,historical:AlwaysRefresh,200,200,b02,27efbd6bc5dd9e1b629628ddc1ebcd9a29aed2df4deec4e313d91ec273654991,stale,train,False,1,1.0,1.0,0.0,0.0,0.0,0.0,0.0,0.0,1.0,1.0,1.0,0.0,0.0,0.0,0.0,0.0,0.0,1.0
candidate_refresh,historical:AlwaysRefresh,200,200,b03,27efbd6bc5dd9e1b629628ddc1ebcd9a29aed2df4deec4e313d91ec273654991,matched_buffer_control,train,False,1,1.0,1.0,0.0,0.0,0.0,0.0,0.0,0.0,1.0,1.0,1.0,0.0,0.0,0.0,0.0,0.0,0.0,1.0
candidate_refresh,historical:AlwaysRefresh,200,200,b04,39ae394166b56ca17d0a9267497f5e6db270595394b437bc40b499c95bc78744,stale,train,False,1,1.0,1.0,0.0,0.0,0.0,0.0,0.0,0.0,1.0,1.0,1.0,0.0,0.0,0.0,0.0,0.0,0.0,1.0
candidate_refresh,historical:AlwaysRefresh,200,200,b05,39ae394166b56ca17d0a9267497f5e6db270595394b437bc40b499c95bc78744,matched_buffer_control,train,False,1,1.0,1.0,0.0,0.0,0.0,0.0,0.0,0.0,1.0,1.0,1.0,0.0,0.0,0.0,0.0,0.0,0.0,1.0
candidate_refresh,historical:AlwaysRefresh,200,200,b06,cd8d51cb68d0b6263d1dfeb23031fde3f9fef779ac358a807df9ff3f2ed67a41,stale,train,False,1,0.25,0.5,0.25,0.25,0.25,0.0,0.0,0.0,1.0,0.5,0.5,0.0,0.0,0.25,0.25,0.25,0.25,1.0
candidate_refresh,historical:AlwaysRefresh,200,200,b07,cd8d51cb68d0b6263d1dfeb23031fde3f9fef779ac358a807df9ff3f2ed67a41,matched_buffer_control,train,False,1,0.75,1.0,0.25,0.25,0.0,-0.25,0.0,0.0,1.0,1.0,1.0,0.0,0.0,0.0,0.0,0.0,0.0,1.0
candidate_refresh,historical:AlwaysRefresh,200,200,b08,cd8d51cb68d0b6263d1dfeb23031fde3f9fef779ac358a807df9ff3f2ed67a41,stale,train,False,1,0.0,0.0,0.0,0.5,0.5,0.0,0.0,0.5,1.0,0.75,0.25,-0.5,0.25,0.0,-0.25,0.5,0.0,1.0
candidate_refresh,historical:AlwaysRefresh,200,200,b09,cd8d51cb68d0b6263d1dfeb23031fde3f9fef779ac358a807df9ff3f2ed67a41,matched_buffer_control,train,False,1,1.0,1.0,0.0,0.0,0.0,0.0,0.0,0.0,1.0,1.0,1.0,0.0,0.0,0.0,0.0,0.0,0.0,1.0
candidate_refresh,historical:AlwaysRefresh,200,200,b10,55a791e7d4187ccc4fa8d76e3f770d102f8cbf6c00a014e2db05334ba0d8018a,stale,train,False,1,1.0,1.0,0.0,0.0,0.0,0.0,0.0,0.0,1.0,1.0,1.0,0.0,0.0,0.0,0.0,0.0,0.0,1.0
candidate_refresh,historical:AlwaysRefresh,200,200,b11,55a791e7d4187ccc4fa8d76e3f770d102f8cbf6c00a014e2db05334ba0d8018a,matched_buffer_control,train,False,1,1.0,1.0,0.0,0.0,0.0,0.0,0.0,0.0,1.0,1.0,1.0,0.0,0.0,0.0,0.0,0.0,0.0,1.0
candidate_refresh,historical:AlwaysRefresh,200,200,b12,7c37bc461026a4c0baa8f078d0044e9be9dbac54215649145889b00de22372bc,stale,train,False,1,1.0,1.0,0.0,0.0,0.0,0.0,0.0,0.0,1.0,1.0,1.0,0.0,0.0,0.0,0.0,0.0,0.0,1.0
candidate_refresh,historical:AlwaysRefresh,200,200,b13,7c37bc461026a4c0baa8f078d0044e9be9dbac54215649145889b00de22372bc,matched_buffer_control,train,False,1,1.0,1.0,0.0,0.0,0.0,0.0,0.0,0.0,1.0,1.0,1.0,0.0,0.0,0.0,0.0,0.0,0.0,1.0
candidate_refresh,historical:AlwaysRefresh,200,200,b14,bf2eb93d154d15c866b7220cb75da05186d637f439b488cb72df5d6e0ca225c6,stale,train,False,1,1.0,1.0,0.0,0.0,0.0,0.0,0.0,0.0,1.0,1.0,1.0,0.0,0.0,0.0,0.0,0.0,0.0,1.0
candidate_refresh,historical:AlwaysRefresh,200,200,b15,bf2eb93d154d15c866b7220cb75da05186d637f439b488cb72df5d6e0ca225c6,matched_buffer_control,train,False,1,1.0,1.0,0.0,0.0,0.0,0.0,0.0,0.0,1.0,1.0,1.0,0.0,0.0,0.0,0.0,0.0,0.0,1.0
candidate_refresh,historical:AlwaysRefresh,200,200,b16,e0e6b8a3d1c85c80ca9a0ebb4640c98bc543a40a920203184457bc8a240aea78,stale,train,False,1,1.0,1.0,0.0,0.0,0.0,0.0,0.0,0.0,1.0,1.0,1.0,0.0,0.0,0.0,0.0,0.0,0.0,1.0
candidate_refresh,historical:AlwaysRefresh,200,200,b17,e0e6b8a3d1c85c80ca9a0ebb4640c98bc543a40a920203184457bc8a240aea78,matched_buffer_control,train,False,1,1.0,1.0,0.0,0.0,0.0,0.0,0.0,0.0,1.0,1.0,1.0,0.0,0.0,0.0,0.0,0.0,0.0,1.0
candidate_refresh,historical:Base,200,100,b00,0e8f3f1b4ee6e7e6f48069659fd0fd1a08fe0c9b19a5082f707d47315f8551f8,stale,train,False,0,1.0,1.0,0.0,0.0,0.0,0.0,0.0,0.0,0.0,1.0,1.0,0.0,0.0,0.0,0.0,0.0,0.0,0.0
candidate_refresh,historical:Base,200,100,b01,0e8f3f1b4ee6e7e6f48069659fd0fd1a08fe0c9b19a5082f707d47315f8551f8,matched_buffer_control,train,False,0,1.0,1.0,0.0,0.0,0.0,0.0,0.0,0.0,0.0,1.0,1.0,0.0,0.0,0.0,0.0,0.0,0.0,0.0
candidate_refresh,historical:Base,200,100,b02,27efbd6bc5dd9e1b629628ddc1ebcd9a29aed2df4deec4e313d91ec273654991,stale,train,False,0,1.0,1.0,0.0,0.0,0.0,0.0,0.0,0.0,0.0,1.0,1.0,0.0,0.0,0.0,0.0,0.0,0.0,0.0
candidate_refresh,historical:Base,200,100,b03,27efbd6bc5dd9e1b629628ddc1ebcd9a29aed2df4deec4e313d91ec273654991,matched_buffer_control,train,False,0,1.0,1.0,0.0,0.0,0.0,0.0,0.0,0.0,0.0,1.0,1.0,0.0,0.0,0.0,0.0,0.0,0.0,0.0
candidate_refresh,historical:Base,200,100,b04,39ae394166b56ca17d0a9267497f5e6db270595394b437bc40b499c95bc78744,stale,train,False,0,1.0,1.0,0.0,0.0,0.0,0.0,0.0,0.0,0.0,1.0,1.0,0.0,0.0,0.0,0.0,0.0,0.0,0.0
candidate_refresh,historical:Base,200,100,b05,39ae394166b56ca17d0a9267497f5e6db270595394b437bc40b499c95bc78744,matched_buffer_control,train,False,0,1.0,1.0,0.0,0.0,0.0,0.0,0.0,0.0,0.0,1.0,1.0,0.0,0.0,0.0,0.0,0.0,0.0,0.0
candidate_refresh,historical:Base,200,100,b06,cd8d51cb68d0b6263d1dfeb23031fde3f9fef779ac358a807df9ff3f2ed67a41,stale,train,False,0,0.0,0.0,0.0,0.0,0.0,0.0,0.0,0.0,0.0,0.25,0.25,0.0,0.0,0.0,0.0,0.0,0.0,0.0
candidate_refresh,historical:Base,200,100,b07,cd8d51cb68d0b6263d1dfeb23031fde3f9fef779ac358a807df9ff3f2ed67a41,matched_buffer_control,train,False,0,0.75,0.75,0.0,0.25,0.25,0.0,0.0,0.0,0.0,1.0,1.0,0.0,0.0,0.0,0.0,0.0,0.0,0.0
candidate_refresh,historical:Base,200,100,b08,cd8d51cb68d0b6263d1dfeb23031fde3f9fef779ac358a807df9ff3f2ed67a41,stale,train,False,0,0.0,0.0,0.0,0.0,0.0,0.0,0.0,0.0,0.0,0.0,0.0,0.0,0.0,0.0,0.0,0.0,0.0,0.0
candidate_refresh,historical:Base,200,100,b09,cd8d51cb68d0b6263d1dfeb23031fde3f9fef779ac358a807df9ff3f2ed67a41,matched_buffer_control,train,False,0,1.0,1.0,0.0,0.0,0.0,0.0,0.0,0.0,0.0,1.0,1.0,0.0,0.0,0.0,0.0,0.0,0.0,0.0
candidate_refresh,historical:Base,200,100,b10,55a791e7d4187ccc4fa8d76e3f770d102f8cbf6c00a014e2db05334ba0d8018a,stale,train,False,0,0.5,0.5,0.0,0.0,0.0,0.0,0.0,0.0,0.0,0.25,0.25,0.0,0.0,0.0,0.0,0.0,0.0,0.0
candidate_refresh,historical:Base,200,100,b11,55a791e7d4187ccc4fa8d76e3f770d102f8cbf6c00a014e2db05334ba0d8018a,matched_buffer_control,train,False,0,1.0,1.0,0.0,0.0,0.0,0.0,0.0,0.0,0.0,1.0,1.0,0.0,0.0,0.0,0.0,0.0,0.0,0.0
candidate_refresh,historical:Base,200,100,b12,7c37bc461026a4c0baa8f078d0044e9be9dbac54215649145889b00de22372bc,stale,train,False,0,1.0,1.0,0.0,0.0,0.0,0.0,0.0,0.0,0.0,1.0,1.0,0.0,0.0,0.0,0.0,0.0,0.0,0.0
candidate_refresh,historical:Base,200,100,b13,7c37bc461026a4c0baa8f078d0044e9be9dbac54215649145889b00de22372bc,matched_buffer_control,train,False,0,1.0,1.0,0.0,0.0,0.0,0.0,0.0,0.0,0.0,1.0,1.0,0.0,0.0,0.0,0.0,0.0,0.0,0.0
candidate_refresh,historical:Base,200,100,b14,bf2eb93d154d15c866b7220cb75da05186d637f439b488cb72df5d6e0ca225c6,stale,train,False,0,0.75,0.75,0.0,0.0,0.0,0.0,0.0,0.0,0.0,1.0,1.0,0.0,0.0,0.0,0.0,0.0,0.0,0.0
candidate_refresh,historical:Base,200,100,b15,bf2eb93d154d15c866b7220cb75da05186d637f439b488cb72df5d6e0ca225c6,matched_buffer_control,train,False,0,1.0,1.0,0.0,0.0,0.0,0.0,0.0,0.0,0.0,1.0,1.0,0.0,0.0,0.0,0.0,0.0,0.0,0.0
candidate_refresh,historical:Base,200,100,b16,e0e6b8a3d1c85c80ca9a0ebb4640c98bc543a40a920203184457bc8a240aea78,stale,train,False,0,0.75,0.75,0.0,0.0,0.0,0.0,0.0,0.0,0.0,0.25,0.25,0.0,0.0,0.0,0.0,0.0,0.0,0.0
candidate_refresh,historical:Base,200,100,b17,e0e6b8a3d1c85c80ca9a0ebb4640c98bc543a40a920203184457bc8a240aea78,matched_buffer_control,train,False,0,1.0,1.0,0.0,0.0,0.0,0.0,0.0,0.0,0.0,1.0,1.0,0.0,0.0,0.0,0.0,0.0,0.0,0.0
candidate_refresh,historical:Base,200,200,b00,0e8f3f1b4ee6e7e6f48069659fd0fd1a08fe0c9b19a5082f707d47315f8551f8,stale,train,False,0,1.0,1.0,0.0,0.0,0.0,0.0,0.0,0.0,0.0,1.0,1.0,0.0,0.0,0.0,0.0,0.0,0.0,0.0
candidate_refresh,historical:Base,200,200,b01,0e8f3f1b4ee6e7e6f48069659fd0fd1a08fe0c9b19a5082f707d47315f8551f8,matched_buffer_control,train,False,0,1.0,1.0,0.0,0.0,0.0,0.0,0.0,0.0,0.0,1.0,1.0,0.0,0.0,0.0,0.0,0.0,0.0,0.0
candidate_refresh,historical:Base,200,200,b02,27efbd6bc5dd9e1b629628ddc1ebcd9a29aed2df4deec4e313d91ec273654991,stale,train,False,0,1.0,1.0,0.0,0.0,0.0,0.0,0.0,0.0,0.0,1.0,1.0,0.0,0.0,0.0,0.0,0.0,0.0,0.0
candidate_refresh,historical:Base,200,200,b03,27efbd6bc5dd9e1b629628ddc1ebcd9a29aed2df4deec4e313d91ec273654991,matched_buffer_control,train,False,0,1.0,1.0,0.0,0.0,0.0,0.0,0.0,0.0,0.0,1.0,1.0,0.0,0.0,0.0,0.0,0.0,0.0,0.0
candidate_refresh,historical:Base,200,200,b04,39ae394166b56ca17d0a9267497f5e6db270595394b437bc40b499c95bc78744,stale,train,False,0,1.0,1.0,0.0,0.0,0.0,0.0,0.0,0.0,0.0,1.0,1.0,0.0,0.0,0.0,0.0,0.0,0.0,0.0
candidate_refresh,historical:Base,200,200,b05,39ae394166b56ca17d0a9267497f5e6db270595394b437bc40b499c95bc78744,matched_buffer_control,train,False,0,1.0,1.0,0.0,0.0,0.0,0.0,0.0,0.0,0.0,1.0,1.0,0.0,0.0,0.0,0.0,0.0,0.0,0.0
candidate_refresh,historical:Base,200,200,b06,cd8d51cb68d0b6263d1dfeb23031fde3f9fef779ac358a807df9ff3f2ed67a41,stale,train,False,0,0.25,0.25,0.0,0.25,0.25,0.0,0.0,0.0,0.0,0.5,0.5,0.0,0.0,0.0,0.0,0.0,0.0,0.0
candidate_refresh,historical:Base,200,200,b07,cd8d51cb68d0b6263d1dfeb23031fde3f9fef779ac358a807df9ff3f2ed67a41,matched_buffer_control,train,False,0,0.75,0.75,0.0,0.25,0.25,0.0,0.0,0.0,0.0,1.0,1.0,0.0,0.0,0.0,0.0,0.0,0.0,0.0
candidate_refresh,historical:Base,200,200,b08,cd8d51cb68d0b6263d1dfeb23031fde3f9fef779ac358a807df9ff3f2ed67a41,stale,train,False,0,0.0,0.0,0.0,0.5,0.5,0.0,0.0,0.0,0.0,0.75,0.75,0.0,0.25,0.25,0.0,0.0,0.0,0.0
candidate_refresh,historical:Base,200,200,b09,cd8d51cb68d0b6263d1dfeb23031fde3f9fef779ac358a807df9ff3f2ed67a41,matched_buffer_control,train,False,0,1.0,1.0,0.0,0.0,0.0,0.0,0.0,0.0,0.0,1.0,1.0,0.0,0.0,0.0,0.0,0.0,0.0,0.0
candidate_refresh,historical:Base,200,200,b10,55a791e7d4187ccc4fa8d76e3f770d102f8cbf6c00a014e2db05334ba0d8018a,stale,train,False,0,1.0,1.0,0.0,0.0,0.0,0.0,0.0,0.0,0.0,1.0,1.0,0.0,0.0,0.0,0.0,0.0,0.0,0.0
candidate_refresh,historical:Base,200,200,b11,55a791e7d4187ccc4fa8d76e3f770d102f8cbf6c00a014e2db05334ba0d8018a,matched_buffer_control,train,False,0,1.0,1.0,0.0,0.0,0.0,0.0,0.0,0.0,0.0,1.0,1.0,0.0,0.0,0.0,0.0,0.0,0.0,0.0
candidate_refresh,historical:Base,200,200,b12,7c37bc461026a4c0baa8f078d0044e9be9dbac54215649145889b00de22372bc,stale,train,False,0,1.0,1.0,0.0,0.0,0.0,0.0,0.0,0.0,0.0,1.0,1.0,0.0,0.0,0.0,0.0,0.0,0.0,0.0
candidate_refresh,historical:Base,200,200,b13,7c37bc461026a4c0baa8f078d0044e9be9dbac54215649145889b00de22372bc,matched_buffer_control,train,False,0,1.0,1.0,0.0,0.0,0.0,0.0,0.0,0.0,0.0,1.0,1.0,0.0,0.0,0.0,0.0,0.0,0.0,0.0
candidate_refresh,historical:Base,200,200,b14,bf2eb93d154d15c866b7220cb75da05186d637f439b488cb72df5d6e0ca225c6,stale,train,False,0,1.0,1.0,0.0,0.0,0.0,0.0,0.0,0.0,0.0,1.0,1.0,0.0,0.0,0.0,0.0,0.0,0.0,0.0
candidate_refresh,historical:Base,200,200,b15,bf2eb93d154d15c866b7220cb75da05186d637f439b488cb72df5d6e0ca225c6,matched_buffer_control,train,False,0,1.0,1.0,0.0,0.0,0.0,0.0,0.0,0.0,0.0,1.0,1.0,0.0,0.0,0.0,0.0,0.0,0.0,0.0
candidate_refresh,historical:Base,200,200,b16,e0e6b8a3d1c85c80ca9a0ebb4640c98bc543a40a920203184457bc8a240aea78,stale,train,False,0,1.0,1.0,0.0,0.0,0.0,0.0,0.0,0.0,0.0,1.0,1.0,0.0,0.0,0.0,0.0,0.0,0.0,0.0
candidate_refresh,historical:Base,200,200,b17,e0e6b8a3d1c85c80ca9a0ebb4640c98bc543a40a920203184457bc8a240aea78,matched_buffer_control,train,False,0,1.0,1.0,0.0,0.0,0.0,0.0,0.0,0.0,0.0,1.0,1.0,0.0,0.0,0.0,0.0,0.0,0.0,0.0
candidate_refresh,historical:age1,200,100,b00,0e8f3f1b4ee6e7e6f48069659fd0fd1a08fe0c9b19a5082f707d47315f8551f8,stale,train,False,1,1.0,1.0,0.0,0.0,0.0,0.0,0.0,0.0,1.0,1.0,1.0,0.0,0.0,0.0,0.0,0.0,0.0,1.0
candidate_refresh,historical:age1,200,100,b01,0e8f3f1b4ee6e7e6f48069659fd0fd1a08fe0c9b19a5082f707d47315f8551f8,matched_buffer_control,train,False,0,1.0,1.0,0.0,0.0,0.0,0.0,0.0,0.0,0.0,1.0,1.0,0.0,0.0,0.0,0.0,0.0,0.0,0.0
candidate_refresh,historical:age1,200,100,b02,27efbd6bc5dd9e1b629628ddc1ebcd9a29aed2df4deec4e313d91ec273654991,stale,train,False,1,1.0,1.0,0.0,0.0,0.0,0.0,0.0,0.0,1.0,1.0,1.0,0.0,0.0,0.0,0.0,0.0,0.0,1.0
candidate_refresh,historical:age1,200,100,b03,27efbd6bc5dd9e1b629628ddc1ebcd9a29aed2df4deec4e313d91ec273654991,matched_buffer_control,train,False,0,1.0,1.0,0.0,0.0,0.0,0.0,0.0,0.0,0.0,1.0,1.0,0.0,0.0,0.0,0.0,0.0,0.0,0.0
candidate_refresh,historical:age1,200,100,b04,39ae394166b56ca17d0a9267497f5e6db270595394b437bc40b499c95bc78744,stale,train,False,1,1.0,1.0,0.0,0.0,0.0,0.0,0.0,0.0,1.0,1.0,1.0,0.0,0.0,0.0,0.0,0.0,0.0,1.0
candidate_refresh,historical:age1,200,100,b05,39ae394166b56ca17d0a9267497f5e6db270595394b437bc40b499c95bc78744,matched_buffer_control,train,False,0,1.0,1.0,0.0,0.0,0.0,0.0,0.0,0.0,0.0,1.0,1.0,0.0,0.0,0.0,0.0,0.0,0.0,0.0
candidate_refresh,historical:age1,200,100,b06,cd8d51cb68d0b6263d1dfeb23031fde3f9fef779ac358a807df9ff3f2ed67a41,stale,train,False,1,0.0,0.5,0.5,0.0,0.25,0.25,0.0,0.25,1.0,0.25,0.0,-0.25,0.0,0.0,0.0,0.25,0.0,1.0
candidate_refresh,historical:age1,200,100,b07,cd8d51cb68d0b6263d1dfeb23031fde3f9fef779ac358a807df9ff3f2ed67a41,matched_buffer_control,train,False,0,0.75,0.75,0.0,0.25,0.25,0.0,0.0,0.0,0.0,1.0,1.0,0.0,0.0,0.0,0.0,0.0,0.0,0.0
candidate_refresh,historical:age1,200,100,b08,cd8d51cb68d0b6263d1dfeb23031fde3f9fef779ac358a807df9ff3f2ed67a41,stale,train,False,1,0.0,0.0,0.0,0.0,0.0,0.0,0.0,0.0,1.0,0.0,0.0,0.0,0.0,0.0,0.0,0.0,0.0,1.0
candidate_refresh,historical:age1,200,100,b09,cd8d51cb68d0b6263d1dfeb23031fde3f9fef779ac358a807df9ff3f2ed67a41,matched_buffer_control,train,False,0,1.0,1.0,0.0,0.0,0.0,0.0,0.0,0.0,0.0,1.0,1.0,0.0,0.0,0.0,0.0,0.0,0.0,0.0
candidate_refresh,historical:age1,200,100,b10,55a791e7d4187ccc4fa8d76e3f770d102f8cbf6c00a014e2db05334ba0d8018a,stale,train,False,1,0.5,0.75,0.25,0.0,0.0,0.0,0.0,0.0,1.0,0.25,0.75,0.5,0.0,0.0,0.0,0.25,0.0,1.0
candidate_refresh,historical:age1,200,100,b11,55a791e7d4187ccc4fa8d76e3f770d102f8cbf6c00a014e2db05334ba0d8018a,matched_buffer_control,train,False,0,1.0,1.0,0.0,0.0,0.0,0.0,0.0,0.0,0.0,1.0,1.0,0.0,0.0,0.0,0.0,0.0,0.0,0.0
candidate_refresh,historical:age1,200,100,b12,7c37bc461026a4c0baa8f078d0044e9be9dbac54215649145889b00de22372bc,stale,train,False,1,1.0,1.0,0.0,0.0,0.0,0.0,0.0,0.0,1.0,1.0,1.0,0.0,0.0,0.0,0.0,0.0,0.0,1.0
candidate_refresh,historical:age1,200,100,b13,7c37bc461026a4c0baa8f078d0044e9be9dbac54215649145889b00de22372bc,matched_buffer_control,train,False,0,1.0,1.0,0.0,0.0,0.0,0.0,0.0,0.0,0.0,1.0,1.0,0.0,0.0,0.0,0.0,0.0,0.0,0.0
candidate_refresh,historical:age1,200,100,b14,bf2eb93d154d15c866b7220cb75da05186d637f439b488cb72df5d6e0ca225c6,stale,train,False,1,0.75,1.0,0.25,0.0,0.0,0.0,0.0,0.0,1.0,1.0,1.0,0.0,0.0,0.0,0.0,0.0,0.0,1.0
candidate_refresh,historical:age1,200,100,b15,bf2eb93d154d15c866b7220cb75da05186d637f439b488cb72df5d6e0ca225c6,matched_buffer_control,train,False,0,1.0,1.0,0.0,0.0,0.0,0.0,0.0,0.0,0.0,1.0,1.0,0.0,0.0,0.0,0.0,0.0,0.0,0.0
candidate_refresh,historical:age1,200,100,b16,e0e6b8a3d1c85c80ca9a0ebb4640c98bc543a40a920203184457bc8a240aea78,stale,train,False,1,0.75,1.0,0.25,0.0,0.0,0.0,0.0,0.0,1.0,0.25,0.75,0.5,0.0,0.0,0.0,0.0,0.0,1.0
candidate_refresh,historical:age1,200,100,b17,e0e6b8a3d1c85c80ca9a0ebb4640c98bc543a40a920203184457bc8a240aea78,matched_buffer_control,train,False,0,1.0,1.0,0.0,0.0,0.0,0.0,0.0,0.0,0.0,1.0,1.0,0.0,0.0,0.0,0.0,0.0,0.0,0.0
candidate_refresh,historical:age1,200,200,b00,0e8f3f1b4ee6e7e6f48069659fd0fd1a08fe0c9b19a5082f707d47315f8551f8,stale,train,False,1,1.0,1.0,0.0,0.0,0.0,0.0,0.0,0.0,1.0,1.0,1.0,0.0,0.0,0.0,0.0,0.0,0.0,1.0
candidate_refresh,historical:age1,200,200,b01,0e8f3f1b4ee6e7e6f48069659fd0fd1a08fe0c9b19a5082f707d47315f8551f8,matched_buffer_control,train,False,0,1.0,1.0,0.0,0.0,0.0,0.0,0.0,0.0,0.0,1.0,1.0,0.0,0.0,0.0,0.0,0.0,0.0,0.0
candidate_refresh,historical:age1,200,200,b02,27efbd6bc5dd9e1b629628ddc1ebcd9a29aed2df4deec4e313d91ec273654991,stale,train,False,1,1.0,1.0,0.0,0.0,0.0,0.0,0.0,0.0,1.0,1.0,1.0,0.0,0.0,0.0,0.0,0.0,0.0,1.0
candidate_refresh,historical:age1,200,200,b03,27efbd6bc5dd9e1b629628ddc1ebcd9a29aed2df4deec4e313d91ec273654991,matched_buffer_control,train,False,0,1.0,1.0,0.0,0.0,0.0,0.0,0.0,0.0,0.0,1.0,1.0,0.0,0.0,0.0,0.0,0.0,0.0,0.0
candidate_refresh,historical:age1,200,200,b04,39ae394166b56ca17d0a9267497f5e6db270595394b437bc40b499c95bc78744,stale,train,False,1,1.0,1.0,0.0,0.0,0.0,0.0,0.0,0.0,1.0,1.0,1.0,0.0,0.0,0.0,0.0,0.0,0.0,1.0
candidate_refresh,historical:age1,200,200,b05,39ae394166b56ca17d0a9267497f5e6db270595394b437bc40b499c95bc78744,matched_buffer_control,train,False,0,1.0,1.0,0.0,0.0,0.0,0.0,0.0,0.0,0.0,1.0,1.0,0.0,0.0,0.0,0.0,0.0,0.0,0.0
candidate_refresh,historical:age1,200,200,b06,cd8d51cb68d0b6263d1dfeb23031fde3f9fef779ac358a807df9ff3f2ed67a41,stale,train,False,1,0.25,0.5,0.25,0.25,0.25,0.0,0.0,0.0,1.0,0.5,0.5,0.0,0.0,0.25,0.25,0.25,0.25,1.0
candidate_refresh,historical:age1,200,200,b07,cd8d51cb68d0b6263d1dfeb23031fde3f9fef779ac358a807df9ff3f2ed67a41,matched_buffer_control,train,False,0,0.75,0.75,0.0,0.25,0.25,0.0,0.0,0.0,0.0,1.0,1.0,0.0,0.0,0.0,0.0,0.0,0.0,0.0
candidate_refresh,historical:age1,200,200,b08,cd8d51cb68d0b6263d1dfeb23031fde3f9fef779ac358a807df9ff3f2ed67a41,stale,train,False,1,0.0,0.0,0.0,0.5,0.5,0.0,0.0,0.5,1.0,0.75,0.25,-0.5,0.25,0.0,-0.25,0.5,0.0,1.0
candidate_refresh,historical:age1,200,200,b09,cd8d51cb68d0b6263d1dfeb23031fde3f9fef779ac358a807df9ff3f2ed67a41,matched_buffer_control,train,False,0,1.0,1.0,0.0,0.0,0.0,0.0,0.0,0.0,0.0,1.0,1.0,0.0,0.0,0.0,0.0,0.0,0.0,0.0
candidate_refresh,historical:age1,200,200,b10,55a791e7d4187ccc4fa8d76e3f770d102f8cbf6c00a014e2db05334ba0d8018a,stale,train,False,1,1.0,1.0,0.0,0.0,0.0,0.0,0.0,0.0,1.0,1.0,1.0,0.0,0.0,0.0,0.0,0.0,0.0,1.0
candidate_refresh,historical:age1,200,200,b11,55a791e7d4187ccc4fa8d76e3f770d102f8cbf6c00a014e2db05334ba0d8018a,matched_buffer_control,train,False,0,1.0,1.0,0.0,0.0,0.0,0.0,0.0,0.0,0.0,1.0,1.0,0.0,0.0,0.0,0.0,0.0,0.0,0.0
candidate_refresh,historical:age1,200,200,b12,7c37bc461026a4c0baa8f078d0044e9be9dbac54215649145889b00de22372bc,stale,train,False,1,1.0,1.0,0.0,0.0,0.0,0.0,0.0,0.0,1.0,1.0,1.0,0.0,0.0,0.0,0.0,0.0,0.0,1.0
candidate_refresh,historical:age1,200,200,b13,7c37bc461026a4c0baa8f078d0044e9be9dbac54215649145889b00de22372bc,matched_buffer_control,train,False,0,1.0,1.0,0.0,0.0,0.0,0.0,0.0,0.0,0.0,1.0,1.0,0.0,0.0,0.0,0.0,0.0,0.0,0.0
candidate_refresh,historical:age1,200,200,b14,bf2eb93d154d15c866b7220cb75da05186d637f439b488cb72df5d6e0ca225c6,stale,train,False,1,1.0,1.0,0.0,0.0,0.0,0.0,0.0,0.0,1.0,1.0,1.0,0.0,0.0,0.0,0.0,0.0,0.0,1.0
candidate_refresh,historical:age1,200,200,b15,bf2eb93d154d15c866b7220cb75da05186d637f439b488cb72df5d6e0ca225c6,matched_buffer_control,train,False,0,1.0,1.0,0.0,0.0,0.0,0.0,0.0,0.0,0.0,1.0,1.0,0.0,0.0,0.0,0.0,0.0,0.0,0.0
candidate_refresh,historical:age1,200,200,b16,e0e6b8a3d1c85c80ca9a0ebb4640c98bc543a40a920203184457bc8a240aea78,stale,train,False,1,1.0,1.0,0.0,0.0,0.0,0.0,0.0,0.0,1.0,1.0,1.0,0.0,0.0,0.0,0.0,0.0,0.0,1.0
candidate_refresh,historical:age1,200,200,b17,e0e6b8a3d1c85c80ca9a0ebb4640c98bc543a40a920203184457bc8a240aea78,matched_buffer_control,train,False,0,1.0,1.0,0.0,0.0,0.0,0.0,0.0,0.0,0.0,1.0,1.0,0.0,0.0,0.0,0.0,0.0,0.0,0.0
candidate_refresh,historical:age3,200,100,b00,0e8f3f1b4ee6e7e6f48069659fd0fd1a08fe0c9b19a5082f707d47315f8551f8,stale,train,False,0,1.0,1.0,0.0,0.0,0.0,0.0,0.0,0.0,0.0,1.0,1.0,0.0,0.0,0.0,0.0,0.0,0.0,0.0
candidate_refresh,historical:age3,200,100,b01,0e8f3f1b4ee6e7e6f48069659fd0fd1a08fe0c9b19a5082f707d47315f8551f8,matched_buffer_control,train,False,0,1.0,1.0,0.0,0.0,0.0,0.0,0.0,0.0,0.0,1.0,1.0,0.0,0.0,0.0,0.0,0.0,0.0,0.0
candidate_refresh,historical:age3,200,100,b02,27efbd6bc5dd9e1b629628ddc1ebcd9a29aed2df4deec4e313d91ec273654991,stale,train,False,0,1.0,1.0,0.0,0.0,0.0,0.0,0.0,0.0,0.0,1.0,1.0,0.0,0.0,0.0,0.0,0.0,0.0,0.0
candidate_refresh,historical:age3,200,100,b03,27efbd6bc5dd9e1b629628ddc1ebcd9a29aed2df4deec4e313d91ec273654991,matched_buffer_control,train,False,0,1.0,1.0,0.0,0.0,0.0,0.0,0.0,0.0,0.0,1.0,1.0,0.0,0.0,0.0,0.0,0.0,0.0,0.0
candidate_refresh,historical:age3,200,100,b04,39ae394166b56ca17d0a9267497f5e6db270595394b437bc40b499c95bc78744,stale,train,False,0,1.0,1.0,0.0,0.0,0.0,0.0,0.0,0.0,0.0,1.0,1.0,0.0,0.0,0.0,0.0,0.0,0.0,0.0
candidate_refresh,historical:age3,200,100,b05,39ae394166b56ca17d0a9267497f5e6db270595394b437bc40b499c95bc78744,matched_buffer_control,train,False,0,1.0,1.0,0.0,0.0,0.0,0.0,0.0,0.0,0.0,1.0,1.0,0.0,0.0,0.0,0.0,0.0,0.0,0.0
candidate_refresh,historical:age3,200,100,b06,cd8d51cb68d0b6263d1dfeb23031fde3f9fef779ac358a807df9ff3f2ed67a41,stale,train,False,1,0.0,0.5,0.5,0.0,0.25,0.25,0.0,0.25,1.0,0.25,0.0,-0.25,0.0,0.0,0.0,0.25,0.0,1.0
candidate_refresh,historical:age3,200,100,b07,cd8d51cb68d0b6263d1dfeb23031fde3f9fef779ac358a807df9ff3f2ed67a41,matched_buffer_control,train,False,0,0.75,0.75,0.0,0.25,0.25,0.0,0.0,0.0,0.0,1.0,1.0,0.0,0.0,0.0,0.0,0.0,0.0,0.0
candidate_refresh,historical:age3,200,100,b08,cd8d51cb68d0b6263d1dfeb23031fde3f9fef779ac358a807df9ff3f2ed67a41,stale,train,False,1,0.0,0.0,0.0,0.0,0.0,0.0,0.0,0.0,1.0,0.0,0.0,0.0,0.0,0.0,0.0,0.0,0.0,1.0
candidate_refresh,historical:age3,200,100,b09,cd8d51cb68d0b6263d1dfeb23031fde3f9fef779ac358a807df9ff3f2ed67a41,matched_buffer_control,train,False,0,1.0,1.0,0.0,0.0,0.0,0.0,0.0,0.0,0.0,1.0,1.0,0.0,0.0,0.0,0.0,0.0,0.0,0.0
candidate_refresh,historical:age3,200,100,b10,55a791e7d4187ccc4fa8d76e3f770d102f8cbf6c00a014e2db05334ba0d8018a,stale,train,False,0,0.5,0.5,0.0,0.0,0.0,0.0,0.0,0.0,0.0,0.25,0.25,0.0,0.0,0.0,0.0,0.0,0.0,0.0
candidate_refresh,historical:age3,200,100,b11,55a791e7d4187ccc4fa8d76e3f770d102f8cbf6c00a014e2db05334ba0d8018a,matched_buffer_control,train,False,0,1.0,1.0,0.0,0.0,0.0,0.0,0.0,0.0,0.0,1.0,1.0,0.0,0.0,0.0,0.0,0.0,0.0,0.0
candidate_refresh,historical:age3,200,100,b12,7c37bc461026a4c0baa8f078d0044e9be9dbac54215649145889b00de22372bc,stale,train,False,0,1.0,1.0,0.0,0.0,0.0,0.0,0.0,0.0,0.0,1.0,1.0,0.0,0.0,0.0,0.0,0.0,0.0,0.0
candidate_refresh,historical:age3,200,100,b13,7c37bc461026a4c0baa8f078d0044e9be9dbac54215649145889b00de22372bc,matched_buffer_control,train,False,0,1.0,1.0,0.0,0.0,0.0,0.0,0.0,0.0,0.0,1.0,1.0,0.0,0.0,0.0,0.0,0.0,0.0,0.0
candidate_refresh,historical:age3,200,100,b14,bf2eb93d154d15c866b7220cb75da05186d637f439b488cb72df5d6e0ca225c6,stale,train,False,0,0.75,0.75,0.0,0.0,0.0,0.0,0.0,0.0,0.0,1.0,1.0,0.0,0.0,0.0,0.0,0.0,0.0,0.0
candidate_refresh,historical:age3,200,100,b15,bf2eb93d154d15c866b7220cb75da05186d637f439b488cb72df5d6e0ca225c6,matched_buffer_control,train,False,0,1.0,1.0,0.0,0.0,0.0,0.0,0.0,0.0,0.0,1.0,1.0,0.0,0.0,0.0,0.0,0.0,0.0,0.0
candidate_refresh,historical:age3,200,100,b16,e0e6b8a3d1c85c80ca9a0ebb4640c98bc543a40a920203184457bc8a240aea78,stale,train,False,0,0.75,0.75,0.0,0.0,0.0,0.0,0.0,0.0,0.0,0.25,0.25,0.0,0.0,0.0,0.0,0.0,0.0,0.0
candidate_refresh,historical:age3,200,100,b17,e0e6b8a3d1c85c80ca9a0ebb4640c98bc543a40a920203184457bc8a240aea78,matched_buffer_control,train,False,0,1.0,1.0,0.0,0.0,0.0,0.0,0.0,0.0,0.0,1.0,1.0,0.0,0.0,0.0,0.0,0.0,0.0,0.0
candidate_refresh,historical:age3,200,200,b00,0e8f3f1b4ee6e7e6f48069659fd0fd1a08fe0c9b19a5082f707d47315f8551f8,stale,train,False,0,1.0,1.0,0.0,0.0,0.0,0.0,0.0,0.0,0.0,1.0,1.0,0.0,0.0,0.0,0.0,0.0,0.0,0.0
candidate_refresh,historical:age3,200,200,b01,0e8f3f1b4ee6e7e6f48069659fd0fd1a08fe0c9b19a5082f707d47315f8551f8,matched_buffer_control,train,False,0,1.0,1.0,0.0,0.0,0.0,0.0,0.0,0.0,0.0,1.0,1.0,0.0,0.0,0.0,0.0,0.0,0.0,0.0
candidate_refresh,historical:age3,200,200,b02,27efbd6bc5dd9e1b629628ddc1ebcd9a29aed2df4deec4e313d91ec273654991,stale,train,False,0,1.0,1.0,0.0,0.0,0.0,0.0,0.0,0.0,0.0,1.0,1.0,0.0,0.0,0.0,0.0,0.0,0.0,0.0
candidate_refresh,historical:age3,200,200,b03,27efbd6bc5dd9e1b629628ddc1ebcd9a29aed2df4deec4e313d91ec273654991,matched_buffer_control,train,False,0,1.0,1.0,0.0,0.0,0.0,0.0,0.0,0.0,0.0,1.0,1.0,0.0,0.0,0.0,0.0,0.0,0.0,0.0
candidate_refresh,historical:age3,200,200,b04,39ae394166b56ca17d0a9267497f5e6db270595394b437bc40b499c95bc78744,stale,train,False,0,1.0,1.0,0.0,0.0,0.0,0.0,0.0,0.0,0.0,1.0,1.0,0.0,0.0,0.0,0.0,0.0,0.0,0.0
candidate_refresh,historical:age3,200,200,b05,39ae394166b56ca17d0a9267497f5e6db270595394b437bc40b499c95bc78744,matched_buffer_control,train,False,0,1.0,1.0,0.0,0.0,0.0,0.0,0.0,0.0,0.0,1.0,1.0,0.0,0.0,0.0,0.0,0.0,0.0,0.0
candidate_refresh,historical:age3,200,200,b06,cd8d51cb68d0b6263d1dfeb23031fde3f9fef779ac358a807df9ff3f2ed67a41,stale,train,False,1,0.25,0.5,0.25,0.25,0.25,0.0,0.0,0.0,1.0,0.5,0.5,0.0,0.0,0.25,0.25,0.25,0.25,1.0
candidate_refresh,historical:age3,200,200,b07,cd8d51cb68d0b6263d1dfeb23031fde3f9fef779ac358a807df9ff3f2ed67a41,matched_buffer_control,train,False,0,0.75,0.75,0.0,0.25,0.25,0.0,0.0,0.0,0.0,1.0,1.0,0.0,0.0,0.0,0.0,0.0,0.0,0.0
candidate_refresh,historical:age3,200,200,b08,cd8d51cb68d0b6263d1dfeb23031fde3f9fef779ac358a807df9ff3f2ed67a41,stale,train,False,1,0.0,0.0,0.0,0.5,0.5,0.0,0.0,0.5,1.0,0.75,0.25,-0.5,0.25,0.0,-0.25,0.5,0.0,1.0
candidate_refresh,historical:age3,200,200,b09,cd8d51cb68d0b6263d1dfeb23031fde3f9fef779ac358a807df9ff3f2ed67a41,matched_buffer_control,train,False,0,1.0,1.0,0.0,0.0,0.0,0.0,0.0,0.0,0.0,1.0,1.0,0.0,0.0,0.0,0.0,0.0,0.0,0.0
candidate_refresh,historical:age3,200,200,b10,55a791e7d4187ccc4fa8d76e3f770d102f8cbf6c00a014e2db05334ba0d8018a,stale,train,False,0,1.0,1.0,0.0,0.0,0.0,0.0,0.0,0.0,0.0,1.0,1.0,0.0,0.0,0.0,0.0,0.0,0.0,0.0
candidate_refresh,historical:age3,200,200,b11,55a791e7d4187ccc4fa8d76e3f770d102f8cbf6c00a014e2db05334ba0d8018a,matched_buffer_control,train,False,0,1.0,1.0,0.0,0.0,0.0,0.0,0.0,0.0,0.0,1.0,1.0,0.0,0.0,0.0,0.0,0.0,0.0,0.0
candidate_refresh,historical:age3,200,200,b12,7c37bc461026a4c0baa8f078d0044e9be9dbac54215649145889b00de22372bc,stale,train,False,0,1.0,1.0,0.0,0.0,0.0,0.0,0.0,0.0,0.0,1.0,1.0,0.0,0.0,0.0,0.0,0.0,0.0,0.0
candidate_refresh,historical:age3,200,200,b13,7c37bc461026a4c0baa8f078d0044e9be9dbac54215649145889b00de22372bc,matched_buffer_control,train,False,0,1.0,1.0,0.0,0.0,0.0,0.0,0.0,0.0,0.0,1.0,1.0,0.0,0.0,0.0,0.0,0.0,0.0,0.0
candidate_refresh,historical:age3,200,200,b14,bf2eb93d154d15c866b7220cb75da05186d637f439b488cb72df5d6e0ca225c6,stale,train,False,0,1.0,1.0,0.0,0.0,0.0,0.0,0.0,0.0,0.0,1.0,1.0,0.0,0.0,0.0,0.0,0.0,0.0,0.0
candidate_refresh,historical:age3,200,200,b15,bf2eb93d154d15c866b7220cb75da05186d637f439b488cb72df5d6e0ca225c6,matched_buffer_control,train,False,0,1.0,1.0,0.0,0.0,0.0,0.0,0.0,0.0,0.0,1.0,1.0,0.0,0.0,0.0,0.0,0.0,0.0,0.0
candidate_refresh,historical:age3,200,200,b16,e0e6b8a3d1c85c80ca9a0ebb4640c98bc543a40a920203184457bc8a240aea78,stale,train,False,0,1.0,1.0,0.0,0.0,0.0,0.0,0.0,0.0,0.0,1.0,1.0,0.0,0.0,0.0,0.0,0.0,0.0,0.0
candidate_refresh,historical:age3,200,200,b17,e0e6b8a3d1c85c80ca9a0ebb4640c98bc543a40a920203184457bc8a240aea78,matched_buffer_control,train,False,0,1.0,1.0,0.0,0.0,0.0,0.0,0.0,0.0,0.0,1.0,1.0,0.0,0.0,0.0,0.0,0.0,0.0,0.0
candidate_refresh,historical:age5,200,100,b00,0e8f3f1b4ee6e7e6f48069659fd0fd1a08fe0c9b19a5082f707d47315f8551f8,stale,train,False,0,1.0,1.0,0.0,0.0,0.0,0.0,0.0,0.0,0.0,1.0,1.0,0.0,0.0,0.0,0.0,0.0,0.0,0.0
candidate_refresh,historical:age5,200,100,b01,0e8f3f1b4ee6e7e6f48069659fd0fd1a08fe0c9b19a5082f707d47315f8551f8,matched_buffer_control,train,False,0,1.0,1.0,0.0,0.0,0.0,0.0,0.0,0.0,0.0,1.0,1.0,0.0,0.0,0.0,0.0,0.0,0.0,0.0
candidate_refresh,historical:age5,200,100,b02,27efbd6bc5dd9e1b629628ddc1ebcd9a29aed2df4deec4e313d91ec273654991,stale,train,False,0,1.0,1.0,0.0,0.0,0.0,0.0,0.0,0.0,0.0,1.0,1.0,0.0,0.0,0.0,0.0,0.0,0.0,0.0
candidate_refresh,historical:age5,200,100,b03,27efbd6bc5dd9e1b629628ddc1ebcd9a29aed2df4deec4e313d91ec273654991,matched_buffer_control,train,False,0,1.0,1.0,0.0,0.0,0.0,0.0,0.0,0.0,0.0,1.0,1.0,0.0,0.0,0.0,0.0,0.0,0.0,0.0
candidate_refresh,historical:age5,200,100,b04,39ae394166b56ca17d0a9267497f5e6db270595394b437bc40b499c95bc78744,stale,train,False,0,1.0,1.0,0.0,0.0,0.0,0.0,0.0,0.0,0.0,1.0,1.0,0.0,0.0,0.0,0.0,0.0,0.0,0.0
candidate_refresh,historical:age5,200,100,b05,39ae394166b56ca17d0a9267497f5e6db270595394b437bc40b499c95bc78744,matched_buffer_control,train,False,0,1.0,1.0,0.0,0.0,0.0,0.0,0.0,0.0,0.0,1.0,1.0,0.0,0.0,0.0,0.0,0.0,0.0,0.0
candidate_refresh,historical:age5,200,100,b06,cd8d51cb68d0b6263d1dfeb23031fde3f9fef779ac358a807df9ff3f2ed67a41,stale,train,False,0,0.0,0.0,0.0,0.0,0.0,0.0,0.0,0.0,0.0,0.25,0.25,0.0,0.0,0.0,0.0,0.0,0.0,0.0
candidate_refresh,historical:age5,200,100,b07,cd8d51cb68d0b6263d1dfeb23031fde3f9fef779ac358a807df9ff3f2ed67a41,matched_buffer_control,train,False,0,0.75,0.75,0.0,0.25,0.25,0.0,0.0,0.0,0.0,1.0,1.0,0.0,0.0,0.0,0.0,0.0,0.0,0.0
candidate_refresh,historical:age5,200,100,b08,cd8d51cb68d0b6263d1dfeb23031fde3f9fef779ac358a807df9ff3f2ed67a41,stale,train,False,0,0.0,0.0,0.0,0.0,0.0,0.0,0.0,0.0,0.0,0.0,0.0,0.0,0.0,0.0,0.0,0.0,0.0,0.0
candidate_refresh,historical:age5,200,100,b09,cd8d51cb68d0b6263d1dfeb23031fde3f9fef779ac358a807df9ff3f2ed67a41,matched_buffer_control,train,False,0,1.0,1.0,0.0,0.0,0.0,0.0,0.0,0.0,0.0,1.0,1.0,0.0,0.0,0.0,0.0,0.0,0.0,0.0
candidate_refresh,historical:age5,200,100,b10,55a791e7d4187ccc4fa8d76e3f770d102f8cbf6c00a014e2db05334ba0d8018a,stale,train,False,0,0.5,0.5,0.0,0.0,0.0,0.0,0.0,0.0,0.0,0.25,0.25,0.0,0.0,0.0,0.0,0.0,0.0,0.0
candidate_refresh,historical:age5,200,100,b11,55a791e7d4187ccc4fa8d76e3f770d102f8cbf6c00a014e2db05334ba0d8018a,matched_buffer_control,train,False,0,1.0,1.0,0.0,0.0,0.0,0.0,0.0,0.0,0.0,1.0,1.0,0.0,0.0,0.0,0.0,0.0,0.0,0.0
candidate_refresh,historical:age5,200,100,b12,7c37bc461026a4c0baa8f078d0044e9be9dbac54215649145889b00de22372bc,stale,train,False,0,1.0,1.0,0.0,0.0,0.0,0.0,0.0,0.0,0.0,1.0,1.0,0.0,0.0,0.0,0.0,0.0,0.0,0.0
candidate_refresh,historical:age5,200,100,b13,7c37bc461026a4c0baa8f078d0044e9be9dbac54215649145889b00de22372bc,matched_buffer_control,train,False,0,1.0,1.0,0.0,0.0,0.0,0.0,0.0,0.0,0.0,1.0,1.0,0.0,0.0,0.0,0.0,0.0,0.0,0.0
candidate_refresh,historical:age5,200,100,b14,bf2eb93d154d15c866b7220cb75da05186d637f439b488cb72df5d6e0ca225c6,stale,train,False,0,0.75,0.75,0.0,0.0,0.0,0.0,0.0,0.0,0.0,1.0,1.0,0.0,0.0,0.0,0.0,0.0,0.0,0.0
candidate_refresh,historical:age5,200,100,b15,bf2eb93d154d15c866b7220cb75da05186d637f439b488cb72df5d6e0ca225c6,matched_buffer_control,train,False,0,1.0,1.0,0.0,0.0,0.0,0.0,0.0,0.0,0.0,1.0,1.0,0.0,0.0,0.0,0.0,0.0,0.0,0.0
candidate_refresh,historical:age5,200,100,b16,e0e6b8a3d1c85c80ca9a0ebb4640c98bc543a40a920203184457bc8a240aea78,stale,train,False,0,0.75,0.75,0.0,0.0,0.0,0.0,0.0,0.0,0.0,0.25,0.25,0.0,0.0,0.0,0.0,0.0,0.0,0.0
candidate_refresh,historical:age5,200,100,b17,e0e6b8a3d1c85c80ca9a0ebb4640c98bc543a40a920203184457bc8a240aea78,matched_buffer_control,train,False,0,1.0,1.0,0.0,0.0,0.0,0.0,0.0,0.0,0.0,1.0,1.0,0.0,0.0,0.0,0.0,0.0,0.0,0.0
candidate_refresh,historical:age5,200,200,b00,0e8f3f1b4ee6e7e6f48069659fd0fd1a08fe0c9b19a5082f707d47315f8551f8,stale,train,False,0,1.0,1.0,0.0,0.0,0.0,0.0,0.0,0.0,0.0,1.0,1.0,0.0,0.0,0.0,0.0,0.0,0.0,0.0
candidate_refresh,historical:age5,200,200,b01,0e8f3f1b4ee6e7e6f48069659fd0fd1a08fe0c9b19a5082f707d47315f8551f8,matched_buffer_control,train,False,0,1.0,1.0,0.0,0.0,0.0,0.0,0.0,0.0,0.0,1.0,1.0,0.0,0.0,0.0,0.0,0.0,0.0,0.0
candidate_refresh,historical:age5,200,200,b02,27efbd6bc5dd9e1b629628ddc1ebcd9a29aed2df4deec4e313d91ec273654991,stale,train,False,0,1.0,1.0,0.0,0.0,0.0,0.0,0.0,0.0,0.0,1.0,1.0,0.0,0.0,0.0,0.0,0.0,0.0,0.0
candidate_refresh,historical:age5,200,200,b03,27efbd6bc5dd9e1b629628ddc1ebcd9a29aed2df4deec4e313d91ec273654991,matched_buffer_control,train,False,0,1.0,1.0,0.0,0.0,0.0,0.0,0.0,0.0,0.0,1.0,1.0,0.0,0.0,0.0,0.0,0.0,0.0,0.0
candidate_refresh,historical:age5,200,200,b04,39ae394166b56ca17d0a9267497f5e6db270595394b437bc40b499c95bc78744,stale,train,False,0,1.0,1.0,0.0,0.0,0.0,0.0,0.0,0.0,0.0,1.0,1.0,0.0,0.0,0.0,0.0,0.0,0.0,0.0
candidate_refresh,historical:age5,200,200,b05,39ae394166b56ca17d0a9267497f5e6db270595394b437bc40b499c95bc78744,matched_buffer_control,train,False,0,1.0,1.0,0.0,0.0,0.0,0.0,0.0,0.0,0.0,1.0,1.0,0.0,0.0,0.0,0.0,0.0,0.0,0.0
candidate_refresh,historical:age5,200,200,b06,cd8d51cb68d0b6263d1dfeb23031fde3f9fef779ac358a807df9ff3f2ed67a41,stale,train,False,0,0.25,0.25,0.0,0.25,0.25,0.0,0.0,0.0,0.0,0.5,0.5,0.0,0.0,0.0,0.0,0.0,0.0,0.0
candidate_refresh,historical:age5,200,200,b07,cd8d51cb68d0b6263d1dfeb23031fde3f9fef779ac358a807df9ff3f2ed67a41,matched_buffer_control,train,False,0,0.75,0.75,0.0,0.25,0.25,0.0,0.0,0.0,0.0,1.0,1.0,0.0,0.0,0.0,0.0,0.0,0.0,0.0
candidate_refresh,historical:age5,200,200,b08,cd8d51cb68d0b6263d1dfeb23031fde3f9fef779ac358a807df9ff3f2ed67a41,stale,train,False,0,0.0,0.0,0.0,0.5,0.5,0.0,0.0,0.0,0.0,0.75,0.75,0.0,0.25,0.25,0.0,0.0,0.0,0.0
candidate_refresh,historical:age5,200,200,b09,cd8d51cb68d0b6263d1dfeb23031fde3f9fef779ac358a807df9ff3f2ed67a41,matched_buffer_control,train,False,0,1.0,1.0,0.0,0.0,0.0,0.0,0.0,0.0,0.0,1.0,1.0,0.0,0.0,0.0,0.0,0.0,0.0,0.0
candidate_refresh,historical:age5,200,200,b10,55a791e7d4187ccc4fa8d76e3f770d102f8cbf6c00a014e2db05334ba0d8018a,stale,train,False,0,1.0,1.0,0.0,0.0,0.0,0.0,0.0,0.0,0.0,1.0,1.0,0.0,0.0,0.0,0.0,0.0,0.0,0.0
candidate_refresh,historical:age5,200,200,b11,55a791e7d4187ccc4fa8d76e3f770d102f8cbf6c00a014e2db05334ba0d8018a,matched_buffer_control,train,False,0,1.0,1.0,0.0,0.0,0.0,0.0,0.0,0.0,0.0,1.0,1.0,0.0,0.0,0.0,0.0,0.0,0.0,0.0
candidate_refresh,historical:age5,200,200,b12,7c37bc461026a4c0baa8f078d0044e9be9dbac54215649145889b00de22372bc,stale,train,False,0,1.0,1.0,0.0,0.0,0.0,0.0,0.0,0.0,0.0,1.0,1.0,0.0,0.0,0.0,0.0,0.0,0.0,0.0
candidate_refresh,historical:age5,200,200,b13,7c37bc461026a4c0baa8f078d0044e9be9dbac54215649145889b00de22372bc,matched_buffer_control,train,False,0,1.0,1.0,0.0,0.0,0.0,0.0,0.0,0.0,0.0,1.0,1.0,0.0,0.0,0.0,0.0,0.0,0.0,0.0
candidate_refresh,historical:age5,200,200,b14,bf2eb93d154d15c866b7220cb75da05186d637f439b488cb72df5d6e0ca225c6,stale,train,False,0,1.0,1.0,0.0,0.0,0.0,0.0,0.0,0.0,0.0,1.0,1.0,0.0,0.0,0.0,0.0,0.0,0.0,0.0
candidate_refresh,historical:age5,200,200,b15,bf2eb93d154d15c866b7220cb75da05186d637f439b488cb72df5d6e0ca225c6,matched_buffer_control,train,False,0,1.0,1.0,0.0,0.0,0.0,0.0,0.0,0.0,0.0,1.0,1.0,0.0,0.0,0.0,0.0,0.0,0.0,0.0
candidate_refresh,historical:age5,200,200,b16,e0e6b8a3d1c85c80ca9a0ebb4640c98bc543a40a920203184457bc8a240aea78,stale,train,False,0,1.0,1.0,0.0,0.0,0.0,0.0,0.0,0.0,0.0,1.0,1.0,0.0,0.0,0.0,0.0,0.0,0.0,0.0
candidate_refresh,historical:age5,200,200,b17,e0e6b8a3d1c85c80ca9a0ebb4640c98bc543a40a920203184457bc8a240aea78,matched_buffer_control,train,False,0,1.0,1.0,0.0,0.0,0.0,0.0,0.0,0.0,0.0,1.0,1.0,0.0,0.0,0.0,0.0,0.0,0.0,0.0
candidate_refresh,historical:period10,200,100,b00,0e8f3f1b4ee6e7e6f48069659fd0fd1a08fe0c9b19a5082f707d47315f8551f8,stale,train,False,0,1.0,1.0,0.0,0.0,0.0,0.0,0.0,0.0,0.0,1.0,1.0,0.0,0.0,0.0,0.0,0.0,0.0,0.0
candidate_refresh,historical:period10,200,100,b01,0e8f3f1b4ee6e7e6f48069659fd0fd1a08fe0c9b19a5082f707d47315f8551f8,matched_buffer_control,train,False,0,1.0,1.0,0.0,0.0,0.0,0.0,0.0,0.0,0.0,1.0,1.0,0.0,0.0,0.0,0.0,0.0,0.0,0.0
candidate_refresh,historical:period10,200,100,b02,27efbd6bc5dd9e1b629628ddc1ebcd9a29aed2df4deec4e313d91ec273654991,stale,train,False,0,1.0,1.0,0.0,0.0,0.0,0.0,0.0,0.0,0.0,1.0,1.0,0.0,0.0,0.0,0.0,0.0,0.0,0.0
candidate_refresh,historical:period10,200,100,b03,27efbd6bc5dd9e1b629628ddc1ebcd9a29aed2df4deec4e313d91ec273654991,matched_buffer_control,train,False,0,1.0,1.0,0.0,0.0,0.0,0.0,0.0,0.0,0.0,1.0,1.0,0.0,0.0,0.0,0.0,0.0,0.0,0.0
candidate_refresh,historical:period10,200,100,b04,39ae394166b56ca17d0a9267497f5e6db270595394b437bc40b499c95bc78744,stale,train,False,0,1.0,1.0,0.0,0.0,0.0,0.0,0.0,0.0,0.0,1.0,1.0,0.0,0.0,0.0,0.0,0.0,0.0,0.0
candidate_refresh,historical:period10,200,100,b05,39ae394166b56ca17d0a9267497f5e6db270595394b437bc40b499c95bc78744,matched_buffer_control,train,False,0,1.0,1.0,0.0,0.0,0.0,0.0,0.0,0.0,0.0,1.0,1.0,0.0,0.0,0.0,0.0,0.0,0.0,0.0
candidate_refresh,historical:period10,200,100,b06,cd8d51cb68d0b6263d1dfeb23031fde3f9fef779ac358a807df9ff3f2ed67a41,stale,train,False,0,0.0,0.0,0.0,0.0,0.0,0.0,0.0,0.0,0.0,0.25,0.25,0.0,0.0,0.0,0.0,0.0,0.0,0.0
candidate_refresh,historical:period10,200,100,b07,cd8d51cb68d0b6263d1dfeb23031fde3f9fef779ac358a807df9ff3f2ed67a41,matched_buffer_control,train,False,0,0.75,0.75,0.0,0.25,0.25,0.0,0.0,0.0,0.0,1.0,1.0,0.0,0.0,0.0,0.0,0.0,0.0,0.0
candidate_refresh,historical:period10,200,100,b08,cd8d51cb68d0b6263d1dfeb23031fde3f9fef779ac358a807df9ff3f2ed67a41,stale,train,False,0,0.0,0.0,0.0,0.0,0.0,0.0,0.0,0.0,0.0,0.0,0.0,0.0,0.0,0.0,0.0,0.0,0.0,0.0
candidate_refresh,historical:period10,200,100,b09,cd8d51cb68d0b6263d1dfeb23031fde3f9fef779ac358a807df9ff3f2ed67a41,matched_buffer_control,train,False,0,1.0,1.0,0.0,0.0,0.0,0.0,0.0,0.0,0.0,1.0,1.0,0.0,0.0,0.0,0.0,0.0,0.0,0.0
candidate_refresh,historical:period10,200,100,b10,55a791e7d4187ccc4fa8d76e3f770d102f8cbf6c00a014e2db05334ba0d8018a,stale,train,False,0,0.5,0.5,0.0,0.0,0.0,0.0,0.0,0.0,0.0,0.25,0.25,0.0,0.0,0.0,0.0,0.0,0.0,0.0
candidate_refresh,historical:period10,200,100,b11,55a791e7d4187ccc4fa8d76e3f770d102f8cbf6c00a014e2db05334ba0d8018a,matched_buffer_control,train,False,0,1.0,1.0,0.0,0.0,0.0,0.0,0.0,0.0,0.0,1.0,1.0,0.0,0.0,0.0,0.0,0.0,0.0,0.0
candidate_refresh,historical:period10,200,100,b12,7c37bc461026a4c0baa8f078d0044e9be9dbac54215649145889b00de22372bc,stale,train,False,0,1.0,1.0,0.0,0.0,0.0,0.0,0.0,0.0,0.0,1.0,1.0,0.0,0.0,0.0,0.0,0.0,0.0,0.0
candidate_refresh,historical:period10,200,100,b13,7c37bc461026a4c0baa8f078d0044e9be9dbac54215649145889b00de22372bc,matched_buffer_control,train,False,0,1.0,1.0,0.0,0.0,0.0,0.0,0.0,0.0,0.0,1.0,1.0,0.0,0.0,0.0,0.0,0.0,0.0,0.0
candidate_refresh,historical:period10,200,100,b14,bf2eb93d154d15c866b7220cb75da05186d637f439b488cb72df5d6e0ca225c6,stale,train,False,1,0.75,1.0,0.25,0.0,0.0,0.0,0.0,0.0,1.0,1.0,1.0,0.0,0.0,0.0,0.0,0.0,0.0,1.0
candidate_refresh,historical:period10,200,100,b15,bf2eb93d154d15c866b7220cb75da05186d637f439b488cb72df5d6e0ca225c6,matched_buffer_control,train,False,1,1.0,1.0,0.0,0.0,0.0,0.0,0.0,0.0,1.0,1.0,1.0,0.0,0.0,0.0,0.0,0.0,0.0,1.0
candidate_refresh,historical:period10,200,100,b16,e0e6b8a3d1c85c80ca9a0ebb4640c98bc543a40a920203184457bc8a240aea78,stale,train,False,0,0.75,0.75,0.0,0.0,0.0,0.0,0.0,0.0,0.0,0.25,0.25,0.0,0.0,0.0,0.0,0.0,0.0,0.0
candidate_refresh,historical:period10,200,100,b17,e0e6b8a3d1c85c80ca9a0ebb4640c98bc543a40a920203184457bc8a240aea78,matched_buffer_control,train,False,0,1.0,1.0,0.0,0.0,0.0,0.0,0.0,0.0,0.0,1.0,1.0,0.0,0.0,0.0,0.0,0.0,0.0,0.0
candidate_refresh,historical:period10,200,200,b00,0e8f3f1b4ee6e7e6f48069659fd0fd1a08fe0c9b19a5082f707d47315f8551f8,stale,train,False,0,1.0,1.0,0.0,0.0,0.0,0.0,0.0,0.0,0.0,1.0,1.0,0.0,0.0,0.0,0.0,0.0,0.0,0.0
candidate_refresh,historical:period10,200,200,b01,0e8f3f1b4ee6e7e6f48069659fd0fd1a08fe0c9b19a5082f707d47315f8551f8,matched_buffer_control,train,False,0,1.0,1.0,0.0,0.0,0.0,0.0,0.0,0.0,0.0,1.0,1.0,0.0,0.0,0.0,0.0,0.0,0.0,0.0
candidate_refresh,historical:period10,200,200,b02,27efbd6bc5dd9e1b629628ddc1ebcd9a29aed2df4deec4e313d91ec273654991,stale,train,False,0,1.0,1.0,0.0,0.0,0.0,0.0,0.0,0.0,0.0,1.0,1.0,0.0,0.0,0.0,0.0,0.0,0.0,0.0
candidate_refresh,historical:period10,200,200,b03,27efbd6bc5dd9e1b629628ddc1ebcd9a29aed2df4deec4e313d91ec273654991,matched_buffer_control,train,False,0,1.0,1.0,0.0,0.0,0.0,0.0,0.0,0.0,0.0,1.0,1.0,0.0,0.0,0.0,0.0,0.0,0.0,0.0
candidate_refresh,historical:period10,200,200,b04,39ae394166b56ca17d0a9267497f5e6db270595394b437bc40b499c95bc78744,stale,train,False,0,1.0,1.0,0.0,0.0,0.0,0.0,0.0,0.0,0.0,1.0,1.0,0.0,0.0,0.0,0.0,0.0,0.0,0.0
candidate_refresh,historical:period10,200,200,b05,39ae394166b56ca17d0a9267497f5e6db270595394b437bc40b499c95bc78744,matched_buffer_control,train,False,0,1.0,1.0,0.0,0.0,0.0,0.0,0.0,0.0,0.0,1.0,1.0,0.0,0.0,0.0,0.0,0.0,0.0,0.0
candidate_refresh,historical:period10,200,200,b06,cd8d51cb68d0b6263d1dfeb23031fde3f9fef779ac358a807df9ff3f2ed67a41,stale,train,False,0,0.25,0.25,0.0,0.25,0.25,0.0,0.0,0.0,0.0,0.5,0.5,0.0,0.0,0.0,0.0,0.0,0.0,0.0
candidate_refresh,historical:period10,200,200,b07,cd8d51cb68d0b6263d1dfeb23031fde3f9fef779ac358a807df9ff3f2ed67a41,matched_buffer_control,train,False,0,0.75,0.75,0.0,0.25,0.25,0.0,0.0,0.0,0.0,1.0,1.0,0.0,0.0,0.0,0.0,0.0,0.0,0.0
candidate_refresh,historical:period10,200,200,b08,cd8d51cb68d0b6263d1dfeb23031fde3f9fef779ac358a807df9ff3f2ed67a41,stale,train,False,0,0.0,0.0,0.0,0.5,0.5,0.0,0.0,0.0,0.0,0.75,0.75,0.0,0.25,0.25,0.0,0.0,0.0,0.0
candidate_refresh,historical:period10,200,200,b09,cd8d51cb68d0b6263d1dfeb23031fde3f9fef779ac358a807df9ff3f2ed67a41,matched_buffer_control,train,False,0,1.0,1.0,0.0,0.0,0.0,0.0,0.0,0.0,0.0,1.0,1.0,0.0,0.0,0.0,0.0,0.0,0.0,0.0
candidate_refresh,historical:period10,200,200,b10,55a791e7d4187ccc4fa8d76e3f770d102f8cbf6c00a014e2db05334ba0d8018a,stale,train,False,0,1.0,1.0,0.0,0.0,0.0,0.0,0.0,0.0,0.0,1.0,1.0,0.0,0.0,0.0,0.0,0.0,0.0,0.0
candidate_refresh,historical:period10,200,200,b11,55a791e7d4187ccc4fa8d76e3f770d102f8cbf6c00a014e2db05334ba0d8018a,matched_buffer_control,train,False,0,1.0,1.0,0.0,0.0,0.0,0.0,0.0,0.0,0.0,1.0,1.0,0.0,0.0,0.0,0.0,0.0,0.0,0.0
candidate_refresh,historical:period10,200,200,b12,7c37bc461026a4c0baa8f078d0044e9be9dbac54215649145889b00de22372bc,stale,train,False,0,1.0,1.0,0.0,0.0,0.0,0.0,0.0,0.0,0.0,1.0,1.0,0.0,0.0,0.0,0.0,0.0,0.0,0.0
candidate_refresh,historical:period10,200,200,b13,7c37bc461026a4c0baa8f078d0044e9be9dbac54215649145889b00de22372bc,matched_buffer_control,train,False,0,1.0,1.0,0.0,0.0,0.0,0.0,0.0,0.0,0.0,1.0,1.0,0.0,0.0,0.0,0.0,0.0,0.0,0.0
candidate_refresh,historical:period10,200,200,b14,bf2eb93d154d15c866b7220cb75da05186d637f439b488cb72df5d6e0ca225c6,stale,train,False,1,1.0,1.0,0.0,0.0,0.0,0.0,0.0,0.0,1.0,1.0,1.0,0.0,0.0,0.0,0.0,0.0,0.0,1.0
candidate_refresh,historical:period10,200,200,b15,bf2eb93d154d15c866b7220cb75da05186d637f439b488cb72df5d6e0ca225c6,matched_buffer_control,train,False,1,1.0,1.0,0.0,0.0,0.0,0.0,0.0,0.0,1.0,1.0,1.0,0.0,0.0,0.0,0.0,0.0,0.0,1.0
candidate_refresh,historical:period10,200,200,b16,e0e6b8a3d1c85c80ca9a0ebb4640c98bc543a40a920203184457bc8a240aea78,stale,train,False,0,1.0,1.0,0.0,0.0,0.0,0.0,0.0,0.0,0.0,1.0,1.0,0.0,0.0,0.0,0.0,0.0,0.0,0.0
candidate_refresh,historical:period10,200,200,b17,e0e6b8a3d1c85c80ca9a0ebb4640c98bc543a40a920203184457bc8a240aea78,matched_buffer_control,train,False,0,1.0,1.0,0.0,0.0,0.0,0.0,0.0,0.0,0.0,1.0,1.0,0.0,0.0,0.0,0.0,0.0,0.0,0.0
candidate_refresh,historical:A_reference,200,100,b00,0e8f3f1b4ee6e7e6f48069659fd0fd1a08fe0c9b19a5082f707d47315f8551f8,stale,train,False,0,1.0,1.0,0.0,0.0,0.0,0.0,0.0,0.0,0.0,1.0,1.0,0.0,0.0,0.0,0.0,0.0,0.0,0.0
candidate_refresh,historical:A_reference,200,100,b01,0e8f3f1b4ee6e7e6f48069659fd0fd1a08fe0c9b19a5082f707d47315f8551f8,matched_buffer_control,train,False,0,1.0,1.0,0.0,0.0,0.0,0.0,0.0,0.0,0.0,1.0,1.0,0.0,0.0,0.0,0.0,0.0,0.0,0.0
candidate_refresh,historical:A_reference,200,100,b02,27efbd6bc5dd9e1b629628ddc1ebcd9a29aed2df4deec4e313d91ec273654991,stale,train,False,0,1.0,1.0,0.0,0.0,0.0,0.0,0.0,0.0,0.0,1.0,1.0,0.0,0.0,0.0,0.0,0.0,0.0,0.0
candidate_refresh,historical:A_reference,200,100,b03,27efbd6bc5dd9e1b629628ddc1ebcd9a29aed2df4deec4e313d91ec273654991,matched_buffer_control,train,False,0,1.0,1.0,0.0,0.0,0.0,0.0,0.0,0.0,0.0,1.0,1.0,0.0,0.0,0.0,0.0,0.0,0.0,0.0
candidate_refresh,historical:A_reference,200,100,b04,39ae394166b56ca17d0a9267497f5e6db270595394b437bc40b499c95bc78744,stale,train,False,0,1.0,1.0,0.0,0.0,0.0,0.0,0.0,0.0,0.0,1.0,1.0,0.0,0.0,0.0,0.0,0.0,0.0,0.0
candidate_refresh,historical:A_reference,200,100,b05,39ae394166b56ca17d0a9267497f5e6db270595394b437bc40b499c95bc78744,matched_buffer_control,train,False,0,1.0,1.0,0.0,0.0,0.0,0.0,0.0,0.0,0.0,1.0,1.0,0.0,0.0,0.0,0.0,0.0,0.0,0.0
candidate_refresh,historical:A_reference,200,100,b06,cd8d51cb68d0b6263d1dfeb23031fde3f9fef779ac358a807df9ff3f2ed67a41,stale,train,False,1,0.0,0.5,0.5,0.0,0.25,0.25,0.0,0.25,1.0,0.25,0.0,-0.25,0.0,0.0,0.0,0.25,0.0,1.0
candidate_refresh,historical:A_reference,200,100,b07,cd8d51cb68d0b6263d1dfeb23031fde3f9fef779ac358a807df9ff3f2ed67a41,matched_buffer_control,train,False,1,0.75,1.0,0.25,0.25,0.0,-0.25,0.0,0.0,1.0,1.0,1.0,0.0,0.0,0.0,0.0,0.0,0.0,1.0
candidate_refresh,historical:A_reference,200,100,b08,cd8d51cb68d0b6263d1dfeb23031fde3f9fef779ac358a807df9ff3f2ed67a41,stale,train,False,0,0.0,0.0,0.0,0.0,0.0,0.0,0.0,0.0,0.0,0.0,0.0,0.0,0.0,0.0,0.0,0.0,0.0,0.0
candidate_refresh,historical:A_reference,200,100,b09,cd8d51cb68d0b6263d1dfeb23031fde3f9fef779ac358a807df9ff3f2ed67a41,matched_buffer_control,train,False,0,1.0,1.0,0.0,0.0,0.0,0.0,0.0,0.0,0.0,1.0,1.0,0.0,0.0,0.0,0.0,0.0,0.0,0.0
candidate_refresh,historical:A_reference,200,100,b10,55a791e7d4187ccc4fa8d76e3f770d102f8cbf6c00a014e2db05334ba0d8018a,stale,train,False,0,0.5,0.5,0.0,0.0,0.0,0.0,0.0,0.0,0.0,0.25,0.25,0.0,0.0,0.0,0.0,0.0,0.0,0.0
candidate_refresh,historical:A_reference,200,100,b11,55a791e7d4187ccc4fa8d76e3f770d102f8cbf6c00a014e2db05334ba0d8018a,matched_buffer_control,train,False,0,1.0,1.0,0.0,0.0,0.0,0.0,0.0,0.0,0.0,1.0,1.0,0.0,0.0,0.0,0.0,0.0,0.0,0.0
candidate_refresh,historical:A_reference,200,100,b12,7c37bc461026a4c0baa8f078d0044e9be9dbac54215649145889b00de22372bc,stale,train,False,0,1.0,1.0,0.0,0.0,0.0,0.0,0.0,0.0,0.0,1.0,1.0,0.0,0.0,0.0,0.0,0.0,0.0,0.0
candidate_refresh,historical:A_reference,200,100,b13,7c37bc461026a4c0baa8f078d0044e9be9dbac54215649145889b00de22372bc,matched_buffer_control,train,False,0,1.0,1.0,0.0,0.0,0.0,0.0,0.0,0.0,0.0,1.0,1.0,0.0,0.0,0.0,0.0,0.0,0.0,0.0
candidate_refresh,historical:A_reference,200,100,b14,bf2eb93d154d15c866b7220cb75da05186d637f439b488cb72df5d6e0ca225c6,stale,train,False,0,0.75,0.75,0.0,0.0,0.0,0.0,0.0,0.0,0.0,1.0,1.0,0.0,0.0,0.0,0.0,0.0,0.0,0.0
candidate_refresh,historical:A_reference,200,100,b15,bf2eb93d154d15c866b7220cb75da05186d637f439b488cb72df5d6e0ca225c6,matched_buffer_control,train,False,0,1.0,1.0,0.0,0.0,0.0,0.0,0.0,0.0,0.0,1.0,1.0,0.0,0.0,0.0,0.0,0.0,0.0,0.0
candidate_refresh,historical:A_reference,200,100,b16,e0e6b8a3d1c85c80ca9a0ebb4640c98bc543a40a920203184457bc8a240aea78,stale,train,False,0,0.75,0.75,0.0,0.0,0.0,0.0,0.0,0.0,0.0,0.25,0.25,0.0,0.0,0.0,0.0,0.0,0.0,0.0
candidate_refresh,historical:A_reference,200,100,b17,e0e6b8a3d1c85c80ca9a0ebb4640c98bc543a40a920203184457bc8a240aea78,matched_buffer_control,train,False,0,1.0,1.0,0.0,0.0,0.0,0.0,0.0,0.0,0.0,1.0,1.0,0.0,0.0,0.0,0.0,0.0,0.0,0.0
candidate_refresh,historical:A_reference,200,200,b00,0e8f3f1b4ee6e7e6f48069659fd0fd1a08fe0c9b19a5082f707d47315f8551f8,stale,train,False,0,1.0,1.0,0.0,0.0,0.0,0.0,0.0,0.0,0.0,1.0,1.0,0.0,0.0,0.0,0.0,0.0,0.0,0.0
candidate_refresh,historical:A_reference,200,200,b01,0e8f3f1b4ee6e7e6f48069659fd0fd1a08fe0c9b19a5082f707d47315f8551f8,matched_buffer_control,train,False,0,1.0,1.0,0.0,0.0,0.0,0.0,0.0,0.0,0.0,1.0,1.0,0.0,0.0,0.0,0.0,0.0,0.0,0.0
candidate_refresh,historical:A_reference,200,200,b02,27efbd6bc5dd9e1b629628ddc1ebcd9a29aed2df4deec4e313d91ec273654991,stale,train,False,0,1.0,1.0,0.0,0.0,0.0,0.0,0.0,0.0,0.0,1.0,1.0,0.0,0.0,0.0,0.0,0.0,0.0,0.0
candidate_refresh,historical:A_reference,200,200,b03,27efbd6bc5dd9e1b629628ddc1ebcd9a29aed2df4deec4e313d91ec273654991,matched_buffer_control,train,False,0,1.0,1.0,0.0,0.0,0.0,0.0,0.0,0.0,0.0,1.0,1.0,0.0,0.0,0.0,0.0,0.0,0.0,0.0
candidate_refresh,historical:A_reference,200,200,b04,39ae394166b56ca17d0a9267497f5e6db270595394b437bc40b499c95bc78744,stale,train,False,0,1.0,1.0,0.0,0.0,0.0,0.0,0.0,0.0,0.0,1.0,1.0,0.0,0.0,0.0,0.0,0.0,0.0,0.0
candidate_refresh,historical:A_reference,200,200,b05,39ae394166b56ca17d0a9267497f5e6db270595394b437bc40b499c95bc78744,matched_buffer_control,train,False,0,1.0,1.0,0.0,0.0,0.0,0.0,0.0,0.0,0.0,1.0,1.0,0.0,0.0,0.0,0.0,0.0,0.0,0.0
candidate_refresh,historical:A_reference,200,200,b06,cd8d51cb68d0b6263d1dfeb23031fde3f9fef779ac358a807df9ff3f2ed67a41,stale,train,False,1,0.25,0.5,0.25,0.25,0.25,0.0,0.0,0.0,1.0,0.5,0.5,0.0,0.0,0.25,0.25,0.25,0.25,1.0
candidate_refresh,historical:A_reference,200,200,b07,cd8d51cb68d0b6263d1dfeb23031fde3f9fef779ac358a807df9ff3f2ed67a41,matched_buffer_control,train,False,1,0.75,1.0,0.25,0.25,0.0,-0.25,0.0,0.0,1.0,1.0,1.0,0.0,0.0,0.0,0.0,0.0,0.0,1.0
candidate_refresh,historical:A_reference,200,200,b08,cd8d51cb68d0b6263d1dfeb23031fde3f9fef779ac358a807df9ff3f2ed67a41,stale,train,False,0,0.0,0.0,0.0,0.5,0.5,0.0,0.0,0.0,0.0,0.75,0.75,0.0,0.25,0.25,0.0,0.0,0.0,0.0
candidate_refresh,historical:A_reference,200,200,b09,cd8d51cb68d0b6263d1dfeb23031fde3f9fef779ac358a807df9ff3f2ed67a41,matched_buffer_control,train,False,0,1.0,1.0,0.0,0.0,0.0,0.0,0.0,0.0,0.0,1.0,1.0,0.0,0.0,0.0,0.0,0.0,0.0,0.0
candidate_refresh,historical:A_reference,200,200,b10,55a791e7d4187ccc4fa8d76e3f770d102f8cbf6c00a014e2db05334ba0d8018a,stale,train,False,0,1.0,1.0,0.0,0.0,0.0,0.0,0.0,0.0,0.0,1.0,1.0,0.0,0.0,0.0,0.0,0.0,0.0,0.0
candidate_refresh,historical:A_reference,200,200,b11,55a791e7d4187ccc4fa8d76e3f770d102f8cbf6c00a014e2db05334ba0d8018a,matched_buffer_control,train,False,0,1.0,1.0,0.0,0.0,0.0,0.0,0.0,0.0,0.0,1.0,1.0,0.0,0.0,0.0,0.0,0.0,0.0,0.0
candidate_refresh,historical:A_reference,200,200,b12,7c37bc461026a4c0baa8f078d0044e9be9dbac54215649145889b00de22372bc,stale,train,False,0,1.0,1.0,0.0,0.0,0.0,0.0,0.0,0.0,0.0,1.0,1.0,0.0,0.0,0.0,0.0,0.0,0.0,0.0
candidate_refresh,historical:A_reference,200,200,b13,7c37bc461026a4c0baa8f078d0044e9be9dbac54215649145889b00de22372bc,matched_buffer_control,train,False,0,1.0,1.0,0.0,0.0,0.0,0.0,0.0,0.0,0.0,1.0,1.0,0.0,0.0,0.0,0.0,0.0,0.0,0.0
candidate_refresh,historical:A_reference,200,200,b14,bf2eb93d154d15c866b7220cb75da05186d637f439b488cb72df5d6e0ca225c6,stale,train,False,0,1.0,1.0,0.0,0.0,0.0,0.0,0.0,0.0,0.0,1.0,1.0,0.0,0.0,0.0,0.0,0.0,0.0,0.0
candidate_refresh,historical:A_reference,200,200,b15,bf2eb93d154d15c866b7220cb75da05186d637f439b488cb72df5d6e0ca225c6,matched_buffer_control,train,False,0,1.0,1.0,0.0,0.0,0.0,0.0,0.0,0.0,0.0,1.0,1.0,0.0,0.0,0.0,0.0,0.0,0.0,0.0
candidate_refresh,historical:A_reference,200,200,b16,e0e6b8a3d1c85c80ca9a0ebb4640c98bc543a40a920203184457bc8a240aea78,stale,train,False,0,1.0,1.0,0.0,0.0,0.0,0.0,0.0,0.0,0.0,1.0,1.0,0.0,0.0,0.0,0.0,0.0,0.0,0.0
candidate_refresh,historical:A_reference,200,200,b17,e0e6b8a3d1c85c80ca9a0ebb4640c98bc543a40a920203184457bc8a240aea78,matched_buffer_control,train,False,0,1.0,1.0,0.0,0.0,0.0,0.0,0.0,0.0,0.0,1.0,1.0,0.0,0.0,0.0,0.0,0.0,0.0,0.0
selection_retest,real_full,100,100,b00,0ce2dff152007dd84575b20b26dce4153773129f76343fa64d9313b00f84c39d,stale,train,False,0,1.0,1.0,0.0,0.0,0.0,0.0,0.0,0.0,0.0,1.0,1.0,0.0,0.0,0.0,0.0,0.0,0.0,0.0
selection_retest,real_full,100,100,b01,0ce2dff152007dd84575b20b26dce4153773129f76343fa64d9313b00f84c39d,matched_buffer_control,train,False,0,1.0,1.0,0.0,0.0,0.0,0.0,0.0,0.0,0.0,1.0,1.0,0.0,0.0,0.0,0.0,0.0,0.0,0.0
selection_retest,real_full,100,100,b02,0e8f3f1b4ee6e7e6f48069659fd0fd1a08fe0c9b19a5082f707d47315f8551f8,stale,train,False,0,0.0,0.0,0.0,1.0,1.0,0.0,0.0,0.0,0.0,0.0,0.0,0.0,1.0,1.0,0.0,0.0,0.0,0.0
selection_retest,real_full,100,100,b03,0e8f3f1b4ee6e7e6f48069659fd0fd1a08fe0c9b19a5082f707d47315f8551f8,matched_buffer_control,train,False,0,1.0,1.0,0.0,0.0,0.0,0.0,0.0,0.0,0.0,1.0,1.0,0.0,0.0,0.0,0.0,0.0,0.0,0.0
selection_retest,real_full,100,100,b04,27efbd6bc5dd9e1b629628ddc1ebcd9a29aed2df4deec4e313d91ec273654991,stale,train,False,0,0.0,0.0,0.0,1.0,1.0,0.0,0.0,0.0,0.0,0.0,0.0,0.0,1.0,1.0,0.0,0.0,0.0,0.0
selection_retest,real_full,100,100,b05,27efbd6bc5dd9e1b629628ddc1ebcd9a29aed2df4deec4e313d91ec273654991,matched_buffer_control,train,False,0,1.0,1.0,0.0,0.0,0.0,0.0,0.0,0.0,0.0,1.0,1.0,0.0,0.0,0.0,0.0,0.0,0.0,0.0
selection_retest,real_full,100,100,b06,39ae394166b56ca17d0a9267497f5e6db270595394b437bc40b499c95bc78744,stale,train,False,0,0.0,0.0,0.0,0.0,0.0,0.0,0.0,0.0,0.0,0.0,0.0,0.0,0.0,0.0,0.0,0.0,0.0,0.0
selection_retest,real_full,100,100,b07,39ae394166b56ca17d0a9267497f5e6db270595394b437bc40b499c95bc78744,matched_buffer_control,train,False,0,1.0,1.0,0.0,0.0,0.0,0.0,0.0,0.0,0.0,1.0,1.0,0.0,0.0,0.0,0.0,0.0,0.0,0.0
selection_retest,real_full,100,100,b08,41989ab7c42dd1f5a1560c6d68eb3e10f4dc95658f9e6996a1fd971d7b68523f,stale,train,False,0,0.0,0.0,0.0,0.0,0.0,0.0,0.0,0.0,0.0,0.0,0.0,0.0,0.0,0.0,0.0,0.0,0.0,0.0
selection_retest,real_full,100,100,b09,41989ab7c42dd1f5a1560c6d68eb3e10f4dc95658f9e6996a1fd971d7b68523f,matched_buffer_control,train,False,0,1.0,1.0,0.0,0.0,0.0,0.0,0.0,0.0,0.0,1.0,1.0,0.0,0.0,0.0,0.0,0.0,0.0,0.0
selection_retest,real_full,100,100,b10,4a518b7b91be76bb81c43ac29c9d0e2ee35355fd5871e30c532f8857c02e61a3,stale,train,False,0,1.0,1.0,0.0,0.0,0.0,0.0,0.0,0.0,0.0,1.0,1.0,0.0,0.0,0.0,0.0,0.0,0.0,0.0
selection_retest,real_full,100,100,b11,4a518b7b91be76bb81c43ac29c9d0e2ee35355fd5871e30c532f8857c02e61a3,matched_buffer_control,train,False,0,1.0,1.0,0.0,0.0,0.0,0.0,0.0,0.0,0.0,1.0,1.0,0.0,0.0,0.0,0.0,0.0,0.0,0.0
selection_retest,real_full,100,100,b12,0f67f98671271145b7573e71f168456a1ca92b9de145b82fe1475ae3f450a85d,stale,train,False,0,1.0,1.0,0.0,0.0,0.0,0.0,0.0,0.0,0.0,1.0,1.0,0.0,0.0,0.0,0.0,0.0,0.0,0.0
selection_retest,real_full,100,100,b13,0f67f98671271145b7573e71f168456a1ca92b9de145b82fe1475ae3f450a85d,matched_buffer_control,train,False,0,1.0,1.0,0.0,0.0,0.0,0.0,0.0,0.0,0.0,1.0,1.0,0.0,0.0,0.0,0.0,0.0,0.0,0.0
selection_retest,real_full,100,100,b14,50ab01eec73dc30b12da994b8ffb685df81ab1380168746c6a27690e5eff1087,stale,train,False,0,0.0,0.0,0.0,0.0,0.0,0.0,0.0,0.0,0.0,0.0,0.0,0.0,0.0,0.0,0.0,0.0,0.0,0.0
selection_retest,real_full,100,100,b15,50ab01eec73dc30b12da994b8ffb685df81ab1380168746c6a27690e5eff1087,matched_buffer_control,train,False,0,1.0,1.0,0.0,0.0,0.0,0.0,0.0,0.0,0.0,1.0,1.0,0.0,0.0,0.0,0.0,0.0,0.0,0.0
selection_retest,real_full,100,100,b16,5202cf46c6a3a259c3c924c628697cec8c3a284d0853d152f57cfdd905baca45,stale,train,False,0,0.0,0.0,0.0,0.0,0.0,0.0,0.0,0.0,0.0,0.0,0.0,0.0,0.0,0.0,0.0,0.0,0.0,0.0
selection_retest,real_full,100,100,b17,5202cf46c6a3a259c3c924c628697cec8c3a284d0853d152f57cfdd905baca45,matched_buffer_control,train,False,0,1.0,1.0,0.0,0.0,0.0,0.0,0.0,0.0,0.0,1.0,1.0,0.0,0.0,0.0,0.0,0.0,0.0,0.0
selection_retest,real_full,100,100,b18,55a791e7d4187ccc4fa8d76e3f770d102f8cbf6c00a014e2db05334ba0d8018a,stale,train,False,0,0.0,0.0,0.0,0.0,0.0,0.0,0.0,0.0,0.0,0.0,0.0,0.0,0.0,0.0,0.0,0.0,0.0,0.0
selection_retest,real_full,100,100,b19,55a791e7d4187ccc4fa8d76e3f770d102f8cbf6c00a014e2db05334ba0d8018a,matched_buffer_control,train,False,0,1.0,1.0,0.0,0.0,0.0,0.0,0.0,0.0,0.0,1.0,1.0,0.0,0.0,0.0,0.0,0.0,0.0,0.0
selection_retest,real_full,100,100,b20,6f712d8424dbc8e18b823f0b0e77a498645f8ea3df63adf1b5ec916dcd7ba14c,stale,train,False,0,0.0,0.0,0.0,1.0,1.0,0.0,0.0,0.0,0.0,0.0,0.0,0.0,1.0,1.0,0.0,0.0,0.0,0.0
selection_retest,real_full,100,100,b21,6f712d8424dbc8e18b823f0b0e77a498645f8ea3df63adf1b5ec916dcd7ba14c,matched_buffer_control,train,False,0,1.0,1.0,0.0,0.0,0.0,0.0,0.0,0.0,0.0,1.0,1.0,0.0,0.0,0.0,0.0,0.0,0.0,0.0
selection_retest,real_full,100,100,b22,7c37bc461026a4c0baa8f078d0044e9be9dbac54215649145889b00de22372bc,stale,train,False,0,1.0,1.0,0.0,0.0,0.0,0.0,0.0,0.0,0.0,1.0,1.0,0.0,0.0,0.0,0.0,0.0,0.0,0.0
selection_retest,real_full,100,100,b23,7c37bc461026a4c0baa8f078d0044e9be9dbac54215649145889b00de22372bc,matched_buffer_control,train,False,0,1.0,1.0,0.0,0.0,0.0,0.0,0.0,0.0,0.0,1.0,1.0,0.0,0.0,0.0,0.0,0.0,0.0,0.0
selection_retest,real_one,100,100,b00,0ce2dff152007dd84575b20b26dce4153773129f76343fa64d9313b00f84c39d,stale,train,False,0,1.0,1.0,0.0,0.0,0.0,0.0,0.0,0.0,0.0,1.0,1.0,0.0,0.0,0.0,0.0,0.0,0.0,0.0
selection_retest,real_one,100,100,b01,0ce2dff152007dd84575b20b26dce4153773129f76343fa64d9313b00f84c39d,matched_buffer_control,train,False,0,1.0,1.0,0.0,0.0,0.0,0.0,0.0,0.0,0.0,1.0,1.0,0.0,0.0,0.0,0.0,0.0,0.0,0.0
selection_retest,real_one,100,100,b02,0e8f3f1b4ee6e7e6f48069659fd0fd1a08fe0c9b19a5082f707d47315f8551f8,stale,train,False,0,0.0,0.0,0.0,1.0,1.0,0.0,0.0,0.0,0.0,0.0,0.0,0.0,1.0,1.0,0.0,0.0,0.0,0.0
selection_retest,real_one,100,100,b03,0e8f3f1b4ee6e7e6f48069659fd0fd1a08fe0c9b19a5082f707d47315f8551f8,matched_buffer_control,train,False,0,1.0,1.0,0.0,0.0,0.0,0.0,0.0,0.0,0.0,1.0,1.0,0.0,0.0,0.0,0.0,0.0,0.0,0.0
selection_retest,real_one,100,100,b04,27efbd6bc5dd9e1b629628ddc1ebcd9a29aed2df4deec4e313d91ec273654991,stale,train,False,0,0.0,0.0,0.0,1.0,1.0,0.0,0.0,0.0,0.0,0.0,0.0,0.0,1.0,1.0,0.0,0.0,0.0,0.0
selection_retest,real_one,100,100,b05,27efbd6bc5dd9e1b629628ddc1ebcd9a29aed2df4deec4e313d91ec273654991,matched_buffer_control,train,False,0,1.0,1.0,0.0,0.0,0.0,0.0,0.0,0.0,0.0,1.0,1.0,0.0,0.0,0.0,0.0,0.0,0.0,0.0
selection_retest,real_one,100,100,b06,39ae394166b56ca17d0a9267497f5e6db270595394b437bc40b499c95bc78744,stale,train,False,0,0.0,0.0,0.0,0.0,0.0,0.0,0.0,0.0,0.0,0.0,0.0,0.0,0.0,0.0,0.0,0.0,0.0,0.0
selection_retest,real_one,100,100,b07,39ae394166b56ca17d0a9267497f5e6db270595394b437bc40b499c95bc78744,matched_buffer_control,train,False,0,1.0,1.0,0.0,0.0,0.0,0.0,0.0,0.0,0.0,1.0,1.0,0.0,0.0,0.0,0.0,0.0,0.0,0.0
selection_retest,real_one,100,100,b08,41989ab7c42dd1f5a1560c6d68eb3e10f4dc95658f9e6996a1fd971d7b68523f,stale,train,False,0,0.0,0.0,0.0,0.0,0.0,0.0,0.0,0.0,0.0,0.0,0.0,0.0,0.0,0.0,0.0,0.0,0.0,0.0
selection_retest,real_one,100,100,b09,41989ab7c42dd1f5a1560c6d68eb3e10f4dc95658f9e6996a1fd971d7b68523f,matched_buffer_control,train,False,0,1.0,1.0,0.0,0.0,0.0,0.0,0.0,0.0,0.0,1.0,1.0,0.0,0.0,0.0,0.0,0.0,0.0,0.0
selection_retest,real_one,100,100,b10,4a518b7b91be76bb81c43ac29c9d0e2ee35355fd5871e30c532f8857c02e61a3,stale,train,False,0,1.0,1.0,0.0,0.0,0.0,0.0,0.0,0.0,0.0,1.0,1.0,0.0,0.0,0.0,0.0,0.0,0.0,0.0
selection_retest,real_one,100,100,b11,4a518b7b91be76bb81c43ac29c9d0e2ee35355fd5871e30c532f8857c02e61a3,matched_buffer_control,train,False,0,1.0,1.0,0.0,0.0,0.0,0.0,0.0,0.0,0.0,1.0,1.0,0.0,0.0,0.0,0.0,0.0,0.0,0.0
selection_retest,real_one,100,100,b12,0f67f98671271145b7573e71f168456a1ca92b9de145b82fe1475ae3f450a85d,stale,train,False,0,1.0,1.0,0.0,0.0,0.0,0.0,0.0,0.0,0.0,1.0,1.0,0.0,0.0,0.0,0.0,0.0,0.0,0.0
selection_retest,real_one,100,100,b13,0f67f98671271145b7573e71f168456a1ca92b9de145b82fe1475ae3f450a85d,matched_buffer_control,train,False,0,1.0,1.0,0.0,0.0,0.0,0.0,0.0,0.0,0.0,1.0,1.0,0.0,0.0,0.0,0.0,0.0,0.0,0.0
selection_retest,real_one,100,100,b14,50ab01eec73dc30b12da994b8ffb685df81ab1380168746c6a27690e5eff1087,stale,train,False,0,0.0,0.0,0.0,0.0,0.0,0.0,0.0,0.0,0.0,0.0,0.0,0.0,0.0,0.0,0.0,0.0,0.0,0.0
selection_retest,real_one,100,100,b15,50ab01eec73dc30b12da994b8ffb685df81ab1380168746c6a27690e5eff1087,matched_buffer_control,train,False,0,1.0,1.0,0.0,0.0,0.0,0.0,0.0,0.0,0.0,1.0,1.0,0.0,0.0,0.0,0.0,0.0,0.0,0.0
selection_retest,real_one,100,100,b16,5202cf46c6a3a259c3c924c628697cec8c3a284d0853d152f57cfdd905baca45,stale,train,False,0,0.0,0.0,0.0,0.0,0.0,0.0,0.0,0.0,0.0,0.0,0.0,0.0,0.0,0.0,0.0,0.0,0.0,0.0
selection_retest,real_one,100,100,b17,5202cf46c6a3a259c3c924c628697cec8c3a284d0853d152f57cfdd905baca45,matched_buffer_control,train,False,0,1.0,1.0,0.0,0.0,0.0,0.0,0.0,0.0,0.0,1.0,1.0,0.0,0.0,0.0,0.0,0.0,0.0,0.0
selection_retest,real_one,100,100,b18,55a791e7d4187ccc4fa8d76e3f770d102f8cbf6c00a014e2db05334ba0d8018a,stale,train,False,0,0.0,0.0,0.0,0.0,0.0,0.0,0.0,0.0,0.0,0.0,0.0,0.0,0.0,0.0,0.0,0.0,0.0,0.0
selection_retest,real_one,100,100,b19,55a791e7d4187ccc4fa8d76e3f770d102f8cbf6c00a014e2db05334ba0d8018a,matched_buffer_control,train,False,0,1.0,1.0,0.0,0.0,0.0,0.0,0.0,0.0,0.0,1.0,1.0,0.0,0.0,0.0,0.0,0.0,0.0,0.0
selection_retest,real_one,100,100,b20,6f712d8424dbc8e18b823f0b0e77a498645f8ea3df63adf1b5ec916dcd7ba14c,stale,train,False,0,0.0,0.0,0.0,1.0,1.0,0.0,0.0,0.0,0.0,0.0,0.0,0.0,1.0,1.0,0.0,0.0,0.0,0.0
selection_retest,real_one,100,100,b21,6f712d8424dbc8e18b823f0b0e77a498645f8ea3df63adf1b5ec916dcd7ba14c,matched_buffer_control,train,False,0,1.0,1.0,0.0,0.0,0.0,0.0,0.0,0.0,0.0,1.0,1.0,0.0,0.0,0.0,0.0,0.0,0.0,0.0
selection_retest,real_one,100,100,b22,7c37bc461026a4c0baa8f078d0044e9be9dbac54215649145889b00de22372bc,stale,train,False,0,1.0,1.0,0.0,0.0,0.0,0.0,0.0,0.0,0.0,1.0,1.0,0.0,0.0,0.0,0.0,0.0,0.0,0.0
selection_retest,real_one,100,100,b23,7c37bc461026a4c0baa8f078d0044e9be9dbac54215649145889b00de22372bc,matched_buffer_control,train,False,0,1.0,1.0,0.0,0.0,0.0,0.0,0.0,0.0,0.0,1.0,1.0,0.0,0.0,0.0,0.0,0.0,0.0,0.0
selection_retest,pseudo_one,100,100,b00,0ce2dff152007dd84575b20b26dce4153773129f76343fa64d9313b00f84c39d,stale,train,False,0,1.0,1.0,0.0,0.0,0.0,0.0,0.0,0.0,0.0,1.0,1.0,0.0,0.0,0.0,0.0,0.0,0.0,0.0
selection_retest,pseudo_one,100,100,b01,0ce2dff152007dd84575b20b26dce4153773129f76343fa64d9313b00f84c39d,matched_buffer_control,train,False,0,1.0,1.0,0.0,0.0,0.0,0.0,0.0,0.0,0.0,1.0,1.0,0.0,0.0,0.0,0.0,0.0,0.0,0.0
selection_retest,pseudo_one,100,100,b02,0e8f3f1b4ee6e7e6f48069659fd0fd1a08fe0c9b19a5082f707d47315f8551f8,stale,train,False,0,0.0,0.0,0.0,1.0,1.0,0.0,0.0,0.0,0.0,0.0,0.0,0.0,1.0,1.0,0.0,0.0,0.0,0.0
selection_retest,pseudo_one,100,100,b03,0e8f3f1b4ee6e7e6f48069659fd0fd1a08fe0c9b19a5082f707d47315f8551f8,matched_buffer_control,train,False,0,1.0,1.0,0.0,0.0,0.0,0.0,0.0,0.0,0.0,1.0,1.0,0.0,0.0,0.0,0.0,0.0,0.0,0.0
selection_retest,pseudo_one,100,100,b04,27efbd6bc5dd9e1b629628ddc1ebcd9a29aed2df4deec4e313d91ec273654991,stale,train,False,0,0.0,0.0,0.0,1.0,1.0,0.0,0.0,0.0,0.0,0.0,0.0,0.0,1.0,1.0,0.0,0.0,0.0,0.0
selection_retest,pseudo_one,100,100,b05,27efbd6bc5dd9e1b629628ddc1ebcd9a29aed2df4deec4e313d91ec273654991,matched_buffer_control,train,False,0,1.0,1.0,0.0,0.0,0.0,0.0,0.0,0.0,0.0,1.0,1.0,0.0,0.0,0.0,0.0,0.0,0.0,0.0
selection_retest,pseudo_one,100,100,b06,39ae394166b56ca17d0a9267497f5e6db270595394b437bc40b499c95bc78744,stale,train,False,0,0.0,0.0,0.0,0.0,0.0,0.0,0.0,0.0,0.0,0.0,0.0,0.0,0.0,0.0,0.0,0.0,0.0,0.0
selection_retest,pseudo_one,100,100,b07,39ae394166b56ca17d0a9267497f5e6db270595394b437bc40b499c95bc78744,matched_buffer_control,train,False,0,1.0,1.0,0.0,0.0,0.0,0.0,0.0,0.0,0.0,1.0,1.0,0.0,0.0,0.0,0.0,0.0,0.0,0.0
selection_retest,pseudo_one,100,100,b08,41989ab7c42dd1f5a1560c6d68eb3e10f4dc95658f9e6996a1fd971d7b68523f,stale,train,False,0,0.0,0.0,0.0,0.0,0.0,0.0,0.0,0.0,0.0,0.0,0.0,0.0,0.0,0.0,0.0,0.0,0.0,0.0
selection_retest,pseudo_one,100,100,b09,41989ab7c42dd1f5a1560c6d68eb3e10f4dc95658f9e6996a1fd971d7b68523f,matched_buffer_control,train,False,0,1.0,1.0,0.0,0.0,0.0,0.0,0.0,0.0,0.0,1.0,1.0,0.0,0.0,0.0,0.0,0.0,0.0,0.0
selection_retest,pseudo_one,100,100,b10,4a518b7b91be76bb81c43ac29c9d0e2ee35355fd5871e30c532f8857c02e61a3,stale,train,False,0,1.0,1.0,0.0,0.0,0.0,0.0,0.0,0.0,0.0,1.0,1.0,0.0,0.0,0.0,0.0,0.0,0.0,0.0
selection_retest,pseudo_one,100,100,b11,4a518b7b91be76bb81c43ac29c9d0e2ee35355fd5871e30c532f8857c02e61a3,matched_buffer_control,train,False,0,1.0,1.0,0.0,0.0,0.0,0.0,0.0,0.0,0.0,1.0,1.0,0.0,0.0,0.0,0.0,0.0,0.0,0.0
selection_retest,pseudo_one,100,100,b12,0f67f98671271145b7573e71f168456a1ca92b9de145b82fe1475ae3f450a85d,stale,train,False,0,1.0,1.0,0.0,0.0,0.0,0.0,0.0,0.0,0.0,1.0,1.0,0.0,0.0,0.0,0.0,0.0,0.0,0.0
selection_retest,pseudo_one,100,100,b13,0f67f98671271145b7573e71f168456a1ca92b9de145b82fe1475ae3f450a85d,matched_buffer_control,train,False,0,1.0,1.0,0.0,0.0,0.0,0.0,0.0,0.0,0.0,1.0,1.0,0.0,0.0,0.0,0.0,0.0,0.0,0.0
selection_retest,pseudo_one,100,100,b14,50ab01eec73dc30b12da994b8ffb685df81ab1380168746c6a27690e5eff1087,stale,train,False,0,0.0,0.0,0.0,0.0,0.0,0.0,0.0,0.0,0.0,0.0,0.0,0.0,0.0,0.0,0.0,0.0,0.0,0.0
selection_retest,pseudo_one,100,100,b15,50ab01eec73dc30b12da994b8ffb685df81ab1380168746c6a27690e5eff1087,matched_buffer_control,train,False,0,1.0,1.0,0.0,0.0,0.0,0.0,0.0,0.0,0.0,1.0,1.0,0.0,0.0,0.0,0.0,0.0,0.0,0.0
selection_retest,pseudo_one,100,100,b16,5202cf46c6a3a259c3c924c628697cec8c3a284d0853d152f57cfdd905baca45,stale,train,False,0,0.0,0.0,0.0,0.0,0.0,0.0,0.0,0.0,0.0,0.0,0.0,0.0,0.0,0.0,0.0,0.0,0.0,0.0
selection_retest,pseudo_one,100,100,b17,5202cf46c6a3a259c3c924c628697cec8c3a284d0853d152f57cfdd905baca45,matched_buffer_control,train,False,0,1.0,1.0,0.0,0.0,0.0,0.0,0.0,0.0,0.0,1.0,1.0,0.0,0.0,0.0,0.0,0.0,0.0,0.0
selection_retest,pseudo_one,100,100,b18,55a791e7d4187ccc4fa8d76e3f770d102f8cbf6c00a014e2db05334ba0d8018a,stale,train,False,0,0.0,0.0,0.0,0.0,0.0,0.0,0.0,0.0,0.0,0.0,0.0,0.0,0.0,0.0,0.0,0.0,0.0,0.0
selection_retest,pseudo_one,100,100,b19,55a791e7d4187ccc4fa8d76e3f770d102f8cbf6c00a014e2db05334ba0d8018a,matched_buffer_control,train,False,0,1.0,1.0,0.0,0.0,0.0,0.0,0.0,0.0,0.0,1.0,1.0,0.0,0.0,0.0,0.0,0.0,0.0,0.0
selection_retest,pseudo_one,100,100,b20,6f712d8424dbc8e18b823f0b0e77a498645f8ea3df63adf1b5ec916dcd7ba14c,stale,train,False,0,0.0,0.0,0.0,1.0,1.0,0.0,0.0,0.0,0.0,0.0,0.0,0.0,1.0,1.0,0.0,0.0,0.0,0.0
selection_retest,pseudo_one,100,100,b21,6f712d8424dbc8e18b823f0b0e77a498645f8ea3df63adf1b5ec916dcd7ba14c,matched_buffer_control,train,False,0,1.0,1.0,0.0,0.0,0.0,0.0,0.0,0.0,0.0,1.0,1.0,0.0,0.0,0.0,0.0,0.0,0.0,0.0
selection_retest,pseudo_one,100,100,b22,7c37bc461026a4c0baa8f078d0044e9be9dbac54215649145889b00de22372bc,stale,train,False,0,1.0,1.0,0.0,0.0,0.0,0.0,0.0,0.0,0.0,1.0,1.0,0.0,0.0,0.0,0.0,0.0,0.0,0.0
selection_retest,pseudo_one,100,100,b23,7c37bc461026a4c0baa8f078d0044e9be9dbac54215649145889b00de22372bc,matched_buffer_control,train,False,0,1.0,1.0,0.0,0.0,0.0,0.0,0.0,0.0,0.0,1.0,1.0,0.0,0.0,0.0,0.0,0.0,0.0,0.0
selection_retest,pseudo_one_swapped,100,100,b00,0ce2dff152007dd84575b20b26dce4153773129f76343fa64d9313b00f84c39d,stale,train,False,0,1.0,1.0,0.0,0.0,0.0,0.0,0.0,0.0,0.0,1.0,1.0,0.0,0.0,0.0,0.0,0.0,0.0,0.0
selection_retest,pseudo_one_swapped,100,100,b01,0ce2dff152007dd84575b20b26dce4153773129f76343fa64d9313b00f84c39d,matched_buffer_control,train,False,0,1.0,1.0,0.0,0.0,0.0,0.0,0.0,0.0,0.0,1.0,1.0,0.0,0.0,0.0,0.0,0.0,0.0,0.0
selection_retest,pseudo_one_swapped,100,100,b02,0e8f3f1b4ee6e7e6f48069659fd0fd1a08fe0c9b19a5082f707d47315f8551f8,stale,train,False,0,0.0,0.0,0.0,1.0,1.0,0.0,0.0,0.0,0.0,0.0,0.0,0.0,1.0,1.0,0.0,0.0,0.0,0.0
selection_retest,pseudo_one_swapped,100,100,b03,0e8f3f1b4ee6e7e6f48069659fd0fd1a08fe0c9b19a5082f707d47315f8551f8,matched_buffer_control,train,False,0,1.0,1.0,0.0,0.0,0.0,0.0,0.0,0.0,0.0,1.0,1.0,0.0,0.0,0.0,0.0,0.0,0.0,0.0
selection_retest,pseudo_one_swapped,100,100,b04,27efbd6bc5dd9e1b629628ddc1ebcd9a29aed2df4deec4e313d91ec273654991,stale,train,False,0,0.0,0.0,0.0,1.0,1.0,0.0,0.0,0.0,0.0,0.0,0.0,0.0,1.0,1.0,0.0,0.0,0.0,0.0
selection_retest,pseudo_one_swapped,100,100,b05,27efbd6bc5dd9e1b629628ddc1ebcd9a29aed2df4deec4e313d91ec273654991,matched_buffer_control,train,False,0,1.0,1.0,0.0,0.0,0.0,0.0,0.0,0.0,0.0,1.0,1.0,0.0,0.0,0.0,0.0,0.0,0.0,0.0
selection_retest,pseudo_one_swapped,100,100,b06,39ae394166b56ca17d0a9267497f5e6db270595394b437bc40b499c95bc78744,stale,train,False,0,0.0,0.0,0.0,0.0,0.0,0.0,0.0,0.0,0.0,0.0,0.0,0.0,0.0,0.0,0.0,0.0,0.0,0.0
selection_retest,pseudo_one_swapped,100,100,b07,39ae394166b56ca17d0a9267497f5e6db270595394b437bc40b499c95bc78744,matched_buffer_control,train,False,0,1.0,1.0,0.0,0.0,0.0,0.0,0.0,0.0,0.0,1.0,1.0,0.0,0.0,0.0,0.0,0.0,0.0,0.0
selection_retest,pseudo_one_swapped,100,100,b08,41989ab7c42dd1f5a1560c6d68eb3e10f4dc95658f9e6996a1fd971d7b68523f,stale,train,False,0,0.0,0.0,0.0,0.0,0.0,0.0,0.0,0.0,0.0,0.0,0.0,0.0,0.0,0.0,0.0,0.0,0.0,0.0
selection_retest,pseudo_one_swapped,100,100,b09,41989ab7c42dd1f5a1560c6d68eb3e10f4dc95658f9e6996a1fd971d7b68523f,matched_buffer_control,train,False,0,1.0,1.0,0.0,0.0,0.0,0.0,0.0,0.0,0.0,1.0,1.0,0.0,0.0,0.0,0.0,0.0,0.0,0.0
selection_retest,pseudo_one_swapped,100,100,b10,4a518b7b91be76bb81c43ac29c9d0e2ee35355fd5871e30c532f8857c02e61a3,stale,train,False,0,1.0,1.0,0.0,0.0,0.0,0.0,0.0,0.0,0.0,1.0,1.0,0.0,0.0,0.0,0.0,0.0,0.0,0.0
selection_retest,pseudo_one_swapped,100,100,b11,4a518b7b91be76bb81c43ac29c9d0e2ee35355fd5871e30c532f8857c02e61a3,matched_buffer_control,train,False,0,1.0,1.0,0.0,0.0,0.0,0.0,0.0,0.0,0.0,1.0,1.0,0.0,0.0,0.0,0.0,0.0,0.0,0.0
selection_retest,pseudo_one_swapped,100,100,b12,0f67f98671271145b7573e71f168456a1ca92b9de145b82fe1475ae3f450a85d,stale,train,False,0,1.0,1.0,0.0,0.0,0.0,0.0,0.0,0.0,0.0,1.0,1.0,0.0,0.0,0.0,0.0,0.0,0.0,0.0
selection_retest,pseudo_one_swapped,100,100,b13,0f67f98671271145b7573e71f168456a1ca92b9de145b82fe1475ae3f450a85d,matched_buffer_control,train,False,0,1.0,1.0,0.0,0.0,0.0,0.0,0.0,0.0,0.0,1.0,1.0,0.0,0.0,0.0,0.0,0.0,0.0,0.0
selection_retest,pseudo_one_swapped,100,100,b14,50ab01eec73dc30b12da994b8ffb685df81ab1380168746c6a27690e5eff1087,stale,train,False,0,0.0,0.0,0.0,0.0,0.0,0.0,0.0,0.0,0.0,0.0,0.0,0.0,0.0,0.0,0.0,0.0,0.0,0.0
selection_retest,pseudo_one_swapped,100,100,b15,50ab01eec73dc30b12da994b8ffb685df81ab1380168746c6a27690e5eff1087,matched_buffer_control,train,False,0,1.0,1.0,0.0,0.0,0.0,0.0,0.0,0.0,0.0,1.0,1.0,0.0,0.0,0.0,0.0,0.0,0.0,0.0
selection_retest,pseudo_one_swapped,100,100,b16,5202cf46c6a3a259c3c924c628697cec8c3a284d0853d152f57cfdd905baca45,stale,train,False,0,0.0,0.0,0.0,0.0,0.0,0.0,0.0,0.0,0.0,0.0,0.0,0.0,0.0,0.0,0.0,0.0,0.0,0.0
selection_retest,pseudo_one_swapped,100,100,b17,5202cf46c6a3a259c3c924c628697cec8c3a284d0853d152f57cfdd905baca45,matched_buffer_control,train,False,0,1.0,1.0,0.0,0.0,0.0,0.0,0.0,0.0,0.0,1.0,1.0,0.0,0.0,0.0,0.0,0.0,0.0,0.0
selection_retest,pseudo_one_swapped,100,100,b18,55a791e7d4187ccc4fa8d76e3f770d102f8cbf6c00a014e2db05334ba0d8018a,stale,train,False,0,0.0,0.0,0.0,0.0,0.0,0.0,0.0,0.0,0.0,0.0,0.0,0.0,0.0,0.0,0.0,0.0,0.0,0.0
selection_retest,pseudo_one_swapped,100,100,b19,55a791e7d4187ccc4fa8d76e3f770d102f8cbf6c00a014e2db05334ba0d8018a,matched_buffer_control,train,False,0,1.0,1.0,0.0,0.0,0.0,0.0,0.0,0.0,0.0,1.0,1.0,0.0,0.0,0.0,0.0,0.0,0.0,0.0
selection_retest,pseudo_one_swapped,100,100,b20,6f712d8424dbc8e18b823f0b0e77a498645f8ea3df63adf1b5ec916dcd7ba14c,stale,train,False,0,0.0,0.0,0.0,1.0,1.0,0.0,0.0,0.0,0.0,0.0,0.0,0.0,1.0,1.0,0.0,0.0,0.0,0.0
selection_retest,pseudo_one_swapped,100,100,b21,6f712d8424dbc8e18b823f0b0e77a498645f8ea3df63adf1b5ec916dcd7ba14c,matched_buffer_control,train,False,0,1.0,1.0,0.0,0.0,0.0,0.0,0.0,0.0,0.0,1.0,1.0,0.0,0.0,0.0,0.0,0.0,0.0,0.0
selection_retest,pseudo_one_swapped,100,100,b22,7c37bc461026a4c0baa8f078d0044e9be9dbac54215649145889b00de22372bc,stale,train,False,0,1.0,1.0,0.0,0.0,0.0,0.0,0.0,0.0,0.0,1.0,1.0,0.0,0.0,0.0,0.0,0.0,0.0,0.0
selection_retest,pseudo_one_swapped,100,100,b23,7c37bc461026a4c0baa8f078d0044e9be9dbac54215649145889b00de22372bc,matched_buffer_control,train,False,0,1.0,1.0,0.0,0.0,0.0,0.0,0.0,0.0,0.0,1.0,1.0,0.0,0.0,0.0,0.0,0.0,0.0,0.0
selection_retest,real_two,100,100,b00,0ce2dff152007dd84575b20b26dce4153773129f76343fa64d9313b00f84c39d,stale,train,False,0,1.0,1.0,0.0,0.0,0.0,0.0,0.0,0.0,0.0,1.0,1.0,0.0,0.0,0.0,0.0,0.0,0.0,0.0
selection_retest,real_two,100,100,b01,0ce2dff152007dd84575b20b26dce4153773129f76343fa64d9313b00f84c39d,matched_buffer_control,train,False,0,1.0,1.0,0.0,0.0,0.0,0.0,0.0,0.0,0.0,1.0,1.0,0.0,0.0,0.0,0.0,0.0,0.0,0.0
selection_retest,real_two,100,100,b02,0e8f3f1b4ee6e7e6f48069659fd0fd1a08fe0c9b19a5082f707d47315f8551f8,stale,train,False,0,0.0,0.0,0.0,1.0,1.0,0.0,0.0,0.0,0.0,0.0,0.0,0.0,1.0,1.0,0.0,0.0,0.0,0.0
selection_retest,real_two,100,100,b03,0e8f3f1b4ee6e7e6f48069659fd0fd1a08fe0c9b19a5082f707d47315f8551f8,matched_buffer_control,train,False,0,1.0,1.0,0.0,0.0,0.0,0.0,0.0,0.0,0.0,1.0,1.0,0.0,0.0,0.0,0.0,0.0,0.0,0.0
selection_retest,real_two,100,100,b04,27efbd6bc5dd9e1b629628ddc1ebcd9a29aed2df4deec4e313d91ec273654991,stale,train,False,0,0.0,0.0,0.0,1.0,1.0,0.0,0.0,0.0,0.0,0.0,0.0,0.0,1.0,1.0,0.0,0.0,0.0,0.0
selection_retest,real_two,100,100,b05,27efbd6bc5dd9e1b629628ddc1ebcd9a29aed2df4deec4e313d91ec273654991,matched_buffer_control,train,False,0,1.0,1.0,0.0,0.0,0.0,0.0,0.0,0.0,0.0,1.0,1.0,0.0,0.0,0.0,0.0,0.0,0.0,0.0
selection_retest,real_two,100,100,b06,39ae394166b56ca17d0a9267497f5e6db270595394b437bc40b499c95bc78744,stale,train,False,0,0.0,0.0,0.0,0.0,0.0,0.0,0.0,0.0,0.0,0.0,0.0,0.0,0.0,0.0,0.0,0.0,0.0,0.0
selection_retest,real_two,100,100,b07,39ae394166b56ca17d0a9267497f5e6db270595394b437bc40b499c95bc78744,matched_buffer_control,train,False,0,1.0,1.0,0.0,0.0,0.0,0.0,0.0,0.0,0.0,1.0,1.0,0.0,0.0,0.0,0.0,0.0,0.0,0.0
selection_retest,real_two,100,100,b08,41989ab7c42dd1f5a1560c6d68eb3e10f4dc95658f9e6996a1fd971d7b68523f,stale,train,False,0,0.0,0.0,0.0,0.0,0.0,0.0,0.0,0.0,0.0,0.0,0.0,0.0,0.0,0.0,0.0,0.0,0.0,0.0
selection_retest,real_two,100,100,b09,41989ab7c42dd1f5a1560c6d68eb3e10f4dc95658f9e6996a1fd971d7b68523f,matched_buffer_control,train,False,0,1.0,1.0,0.0,0.0,0.0,0.0,0.0,0.0,0.0,1.0,1.0,0.0,0.0,0.0,0.0,0.0,0.0,0.0
selection_retest,real_two,100,100,b10,4a518b7b91be76bb81c43ac29c9d0e2ee35355fd5871e30c532f8857c02e61a3,stale,train,False,0,1.0,1.0,0.0,0.0,0.0,0.0,0.0,0.0,0.0,1.0,1.0,0.0,0.0,0.0,0.0,0.0,0.0,0.0
selection_retest,real_two,100,100,b11,4a518b7b91be76bb81c43ac29c9d0e2ee35355fd5871e30c532f8857c02e61a3,matched_buffer_control,train,False,0,1.0,1.0,0.0,0.0,0.0,0.0,0.0,0.0,0.0,1.0,1.0,0.0,0.0,0.0,0.0,0.0,0.0,0.0
selection_retest,real_two,100,100,b12,0f67f98671271145b7573e71f168456a1ca92b9de145b82fe1475ae3f450a85d,stale,train,False,0,1.0,1.0,0.0,0.0,0.0,0.0,0.0,0.0,0.0,1.0,1.0,0.0,0.0,0.0,0.0,0.0,0.0,0.0
selection_retest,real_two,100,100,b13,0f67f98671271145b7573e71f168456a1ca92b9de145b82fe1475ae3f450a85d,matched_buffer_control,train,False,0,1.0,1.0,0.0,0.0,0.0,0.0,0.0,0.0,0.0,1.0,1.0,0.0,0.0,0.0,0.0,0.0,0.0,0.0
selection_retest,real_two,100,100,b14,50ab01eec73dc30b12da994b8ffb685df81ab1380168746c6a27690e5eff1087,stale,train,False,0,0.0,0.0,0.0,0.0,0.0,0.0,0.0,0.0,0.0,0.0,0.0,0.0,0.0,0.0,0.0,0.0,0.0,0.0
selection_retest,real_two,100,100,b15,50ab01eec73dc30b12da994b8ffb685df81ab1380168746c6a27690e5eff1087,matched_buffer_control,train,False,0,1.0,1.0,0.0,0.0,0.0,0.0,0.0,0.0,0.0,1.0,1.0,0.0,0.0,0.0,0.0,0.0,0.0,0.0
selection_retest,real_two,100,100,b16,5202cf46c6a3a259c3c924c628697cec8c3a284d0853d152f57cfdd905baca45,stale,train,False,0,0.0,0.0,0.0,0.0,0.0,0.0,0.0,0.0,0.0,0.0,0.0,0.0,0.0,0.0,0.0,0.0,0.0,0.0
selection_retest,real_two,100,100,b17,5202cf46c6a3a259c3c924c628697cec8c3a284d0853d152f57cfdd905baca45,matched_buffer_control,train,False,0,1.0,1.0,0.0,0.0,0.0,0.0,0.0,0.0,0.0,1.0,1.0,0.0,0.0,0.0,0.0,0.0,0.0,0.0
selection_retest,real_two,100,100,b18,55a791e7d4187ccc4fa8d76e3f770d102f8cbf6c00a014e2db05334ba0d8018a,stale,train,False,0,0.0,0.0,0.0,0.0,0.0,0.0,0.0,0.0,0.0,0.0,0.0,0.0,0.0,0.0,0.0,0.0,0.0,0.0
selection_retest,real_two,100,100,b19,55a791e7d4187ccc4fa8d76e3f770d102f8cbf6c00a014e2db05334ba0d8018a,matched_buffer_control,train,False,0,1.0,1.0,0.0,0.0,0.0,0.0,0.0,0.0,0.0,1.0,1.0,0.0,0.0,0.0,0.0,0.0,0.0,0.0
selection_retest,real_two,100,100,b20,6f712d8424dbc8e18b823f0b0e77a498645f8ea3df63adf1b5ec916dcd7ba14c,stale,train,False,0,0.0,0.0,0.0,1.0,1.0,0.0,0.0,0.0,0.0,0.0,0.0,0.0,1.0,1.0,0.0,0.0,0.0,0.0
selection_retest,real_two,100,100,b21,6f712d8424dbc8e18b823f0b0e77a498645f8ea3df63adf1b5ec916dcd7ba14c,matched_buffer_control,train,False,0,1.0,1.0,0.0,0.0,0.0,0.0,0.0,0.0,0.0,1.0,1.0,0.0,0.0,0.0,0.0,0.0,0.0,0.0
selection_retest,real_two,100,100,b22,7c37bc461026a4c0baa8f078d0044e9be9dbac54215649145889b00de22372bc,stale,train,False,0,1.0,1.0,0.0,0.0,0.0,0.0,0.0,0.0,0.0,1.0,1.0,0.0,0.0,0.0,0.0,0.0,0.0,0.0
selection_retest,real_two,100,100,b23,7c37bc461026a4c0baa8f078d0044e9be9dbac54215649145889b00de22372bc,matched_buffer_control,train,False,0,1.0,1.0,0.0,0.0,0.0,0.0,0.0,0.0,0.0,1.0,1.0,0.0,0.0,0.0,0.0,0.0,0.0,0.0
selection_retest,pseudo_two,100,100,b00,0ce2dff152007dd84575b20b26dce4153773129f76343fa64d9313b00f84c39d,stale,train,False,0,1.0,1.0,0.0,0.0,0.0,0.0,0.0,0.0,0.0,1.0,1.0,0.0,0.0,0.0,0.0,0.0,0.0,0.0
selection_retest,pseudo_two,100,100,b01,0ce2dff152007dd84575b20b26dce4153773129f76343fa64d9313b00f84c39d,matched_buffer_control,train,False,0,1.0,1.0,0.0,0.0,0.0,0.0,0.0,0.0,0.0,1.0,1.0,0.0,0.0,0.0,0.0,0.0,0.0,0.0
selection_retest,pseudo_two,100,100,b02,0e8f3f1b4ee6e7e6f48069659fd0fd1a08fe0c9b19a5082f707d47315f8551f8,stale,train,False,0,0.0,0.0,0.0,1.0,1.0,0.0,0.0,0.0,0.0,0.0,0.0,0.0,1.0,1.0,0.0,0.0,0.0,0.0
selection_retest,pseudo_two,100,100,b03,0e8f3f1b4ee6e7e6f48069659fd0fd1a08fe0c9b19a5082f707d47315f8551f8,matched_buffer_control,train,False,0,1.0,1.0,0.0,0.0,0.0,0.0,0.0,0.0,0.0,1.0,1.0,0.0,0.0,0.0,0.0,0.0,0.0,0.0
selection_retest,pseudo_two,100,100,b04,27efbd6bc5dd9e1b629628ddc1ebcd9a29aed2df4deec4e313d91ec273654991,stale,train,False,0,0.0,0.0,0.0,1.0,1.0,0.0,0.0,0.0,0.0,0.0,0.0,0.0,1.0,1.0,0.0,0.0,0.0,0.0
selection_retest,pseudo_two,100,100,b05,27efbd6bc5dd9e1b629628ddc1ebcd9a29aed2df4deec4e313d91ec273654991,matched_buffer_control,train,False,0,1.0,1.0,0.0,0.0,0.0,0.0,0.0,0.0,0.0,1.0,1.0,0.0,0.0,0.0,0.0,0.0,0.0,0.0
selection_retest,pseudo_two,100,100,b06,39ae394166b56ca17d0a9267497f5e6db270595394b437bc40b499c95bc78744,stale,train,False,0,0.0,0.0,0.0,0.0,0.0,0.0,0.0,0.0,0.0,0.0,0.0,0.0,0.0,0.0,0.0,0.0,0.0,0.0
selection_retest,pseudo_two,100,100,b07,39ae394166b56ca17d0a9267497f5e6db270595394b437bc40b499c95bc78744,matched_buffer_control,train,False,0,1.0,1.0,0.0,0.0,0.0,0.0,0.0,0.0,0.0,1.0,1.0,0.0,0.0,0.0,0.0,0.0,0.0,0.0
selection_retest,pseudo_two,100,100,b08,41989ab7c42dd1f5a1560c6d68eb3e10f4dc95658f9e6996a1fd971d7b68523f,stale,train,False,0,0.0,0.0,0.0,0.0,0.0,0.0,0.0,0.0,0.0,0.0,0.0,0.0,0.0,0.0,0.0,0.0,0.0,0.0
selection_retest,pseudo_two,100,100,b09,41989ab7c42dd1f5a1560c6d68eb3e10f4dc95658f9e6996a1fd971d7b68523f,matched_buffer_control,train,False,0,1.0,1.0,0.0,0.0,0.0,0.0,0.0,0.0,0.0,1.0,1.0,0.0,0.0,0.0,0.0,0.0,0.0,0.0
selection_retest,pseudo_two,100,100,b10,4a518b7b91be76bb81c43ac29c9d0e2ee35355fd5871e30c532f8857c02e61a3,stale,train,False,0,1.0,1.0,0.0,0.0,0.0,0.0,0.0,0.0,0.0,1.0,1.0,0.0,0.0,0.0,0.0,0.0,0.0,0.0
selection_retest,pseudo_two,100,100,b11,4a518b7b91be76bb81c43ac29c9d0e2ee35355fd5871e30c532f8857c02e61a3,matched_buffer_control,train,False,0,1.0,1.0,0.0,0.0,0.0,0.0,0.0,0.0,0.0,1.0,1.0,0.0,0.0,0.0,0.0,0.0,0.0,0.0
selection_retest,pseudo_two,100,100,b12,0f67f98671271145b7573e71f168456a1ca92b9de145b82fe1475ae3f450a85d,stale,train,False,0,1.0,1.0,0.0,0.0,0.0,0.0,0.0,0.0,0.0,1.0,1.0,0.0,0.0,0.0,0.0,0.0,0.0,0.0
selection_retest,pseudo_two,100,100,b13,0f67f98671271145b7573e71f168456a1ca92b9de145b82fe1475ae3f450a85d,matched_buffer_control,train,False,0,1.0,1.0,0.0,0.0,0.0,0.0,0.0,0.0,0.0,1.0,1.0,0.0,0.0,0.0,0.0,0.0,0.0,0.0
selection_retest,pseudo_two,100,100,b14,50ab01eec73dc30b12da994b8ffb685df81ab1380168746c6a27690e5eff1087,stale,train,False,0,0.0,0.0,0.0,0.0,0.0,0.0,0.0,0.0,0.0,0.0,0.0,0.0,0.0,0.0,0.0,0.0,0.0,0.0
selection_retest,pseudo_two,100,100,b15,50ab01eec73dc30b12da994b8ffb685df81ab1380168746c6a27690e5eff1087,matched_buffer_control,train,False,0,1.0,1.0,0.0,0.0,0.0,0.0,0.0,0.0,0.0,1.0,1.0,0.0,0.0,0.0,0.0,0.0,0.0,0.0
selection_retest,pseudo_two,100,100,b16,5202cf46c6a3a259c3c924c628697cec8c3a284d0853d152f57cfdd905baca45,stale,train,False,0,0.0,0.0,0.0,0.0,0.0,0.0,0.0,0.0,0.0,0.0,0.0,0.0,0.0,0.0,0.0,0.0,0.0,0.0
selection_retest,pseudo_two,100,100,b17,5202cf46c6a3a259c3c924c628697cec8c3a284d0853d152f57cfdd905baca45,matched_buffer_control,train,False,0,1.0,1.0,0.0,0.0,0.0,0.0,0.0,0.0,0.0,1.0,1.0,0.0,0.0,0.0,0.0,0.0,0.0,0.0
selection_retest,pseudo_two,100,100,b18,55a791e7d4187ccc4fa8d76e3f770d102f8cbf6c00a014e2db05334ba0d8018a,stale,train,False,0,0.0,0.0,0.0,0.0,0.0,0.0,0.0,0.0,0.0,0.0,0.0,0.0,0.0,0.0,0.0,0.0,0.0,0.0
selection_retest,pseudo_two,100,100,b19,55a791e7d4187ccc4fa8d76e3f770d102f8cbf6c00a014e2db05334ba0d8018a,matched_buffer_control,train,False,0,1.0,1.0,0.0,0.0,0.0,0.0,0.0,0.0,0.0,1.0,1.0,0.0,0.0,0.0,0.0,0.0,0.0,0.0
selection_retest,pseudo_two,100,100,b20,6f712d8424dbc8e18b823f0b0e77a498645f8ea3df63adf1b5ec916dcd7ba14c,stale,train,False,0,0.0,0.0,0.0,1.0,1.0,0.0,0.0,0.0,0.0,0.0,0.0,0.0,1.0,1.0,0.0,0.0,0.0,0.0
selection_retest,pseudo_two,100,100,b21,6f712d8424dbc8e18b823f0b0e77a498645f8ea3df63adf1b5ec916dcd7ba14c,matched_buffer_control,train,False,0,1.0,1.0,0.0,0.0,0.0,0.0,0.0,0.0,0.0,1.0,1.0,0.0,0.0,0.0,0.0,0.0,0.0,0.0
selection_retest,pseudo_two,100,100,b22,7c37bc461026a4c0baa8f078d0044e9be9dbac54215649145889b00de22372bc,stale,train,False,0,1.0,1.0,0.0,0.0,0.0,0.0,0.0,0.0,0.0,1.0,1.0,0.0,0.0,0.0,0.0,0.0,0.0,0.0
selection_retest,pseudo_two,100,100,b23,7c37bc461026a4c0baa8f078d0044e9be9dbac54215649145889b00de22372bc,matched_buffer_control,train,False,0,1.0,1.0,0.0,0.0,0.0,0.0,0.0,0.0,0.0,1.0,1.0,0.0,0.0,0.0,0.0,0.0,0.0,0.0
selection_retest,historical:AlwaysRefresh,100,100,b00,0ce2dff152007dd84575b20b26dce4153773129f76343fa64d9313b00f84c39d,stale,train,False,1,1.0,1.0,0.0,0.0,0.0,0.0,0.0,0.0,1.0,1.0,1.0,0.0,0.0,0.0,0.0,0.0,0.0,1.0
selection_retest,historical:AlwaysRefresh,100,100,b01,0ce2dff152007dd84575b20b26dce4153773129f76343fa64d9313b00f84c39d,matched_buffer_control,train,False,1,1.0,1.0,0.0,0.0,0.0,0.0,0.0,0.0,1.0,1.0,1.0,0.0,0.0,0.0,0.0,0.0,0.0,1.0
selection_retest,historical:AlwaysRefresh,100,100,b02,0e8f3f1b4ee6e7e6f48069659fd0fd1a08fe0c9b19a5082f707d47315f8551f8,stale,train,False,1,0.0,0.0,0.0,1.0,0.0,-1.0,0.0,0.0,1.0,0.0,0.0,0.0,1.0,0.0,-1.0,0.0,0.0,1.0
selection_retest,historical:AlwaysRefresh,100,100,b03,0e8f3f1b4ee6e7e6f48069659fd0fd1a08fe0c9b19a5082f707d47315f8551f8,matched_buffer_control,train,False,1,1.0,1.0,0.0,0.0,0.0,0.0,0.0,0.0,1.0,1.0,1.0,0.0,0.0,0.0,0.0,0.0,0.0,1.0
selection_retest,historical:AlwaysRefresh,100,100,b04,27efbd6bc5dd9e1b629628ddc1ebcd9a29aed2df4deec4e313d91ec273654991,stale,train,False,1,0.0,0.0,0.0,1.0,1.0,0.0,0.0,0.0,1.0,0.0,0.0,0.0,1.0,1.0,0.0,0.0,0.0,1.0
selection_retest,historical:AlwaysRefresh,100,100,b05,27efbd6bc5dd9e1b629628ddc1ebcd9a29aed2df4deec4e313d91ec273654991,matched_buffer_control,train,False,1,1.0,1.0,0.0,0.0,0.0,0.0,0.0,0.0,1.0,1.0,1.0,0.0,0.0,0.0,0.0,0.0,0.0,1.0
selection_retest,historical:AlwaysRefresh,100,100,b06,39ae394166b56ca17d0a9267497f5e6db270595394b437bc40b499c95bc78744,stale,train,False,1,0.0,0.0,0.0,0.0,0.25,0.25,0.0,0.25,1.0,0.0,0.0,0.0,0.0,0.0,0.0,0.0,0.0,1.0
selection_retest,historical:AlwaysRefresh,100,100,b07,39ae394166b56ca17d0a9267497f5e6db270595394b437bc40b499c95bc78744,matched_buffer_control,train,False,1,1.0,1.0,0.0,0.0,0.0,0.0,0.0,0.0,1.0,1.0,1.0,0.0,0.0,0.0,0.0,0.0,0.0,1.0
selection_retest,historical:AlwaysRefresh,100,100,b08,41989ab7c42dd1f5a1560c6d68eb3e10f4dc95658f9e6996a1fd971d7b68523f,stale,train,False,1,0.0,0.0,0.0,0.0,0.25,0.25,0.0,0.25,1.0,0.0,0.0,0.0,0.0,0.0,0.0,0.0,0.0,1.0
selection_retest,historical:AlwaysRefresh,100,100,b09,41989ab7c42dd1f5a1560c6d68eb3e10f4dc95658f9e6996a1fd971d7b68523f,matched_buffer_control,train,False,1,1.0,1.0,0.0,0.0,0.0,0.0,0.0,0.0,1.0,1.0,1.0,0.0,0.0,0.0,0.0,0.0,0.0,1.0
selection_retest,historical:AlwaysRefresh,100,100,b10,4a518b7b91be76bb81c43ac29c9d0e2ee35355fd5871e30c532f8857c02e61a3,stale,train,False,1,1.0,1.0,0.0,0.0,0.0,0.0,0.0,0.0,1.0,1.0,0.75,-0.25,0.0,0.25,0.25,0.25,0.25,1.0
selection_retest,historical:AlwaysRefresh,100,100,b11,4a518b7b91be76bb81c43ac29c9d0e2ee35355fd5871e30c532f8857c02e61a3,matched_buffer_control,train,False,1,1.0,1.0,0.0,0.0,0.0,0.0,0.0,0.0,1.0,1.0,0.75,-0.25,0.0,0.25,0.25,0.25,0.25,1.0
selection_retest,historical:AlwaysRefresh,100,100,b12,0f67f98671271145b7573e71f168456a1ca92b9de145b82fe1475ae3f450a85d,stale,train,False,1,1.0,1.0,0.0,0.0,0.0,0.0,0.0,0.0,1.0,1.0,0.75,-0.25,0.0,0.0,0.0,0.25,0.0,1.0
selection_retest,historical:AlwaysRefresh,100,100,b13,0f67f98671271145b7573e71f168456a1ca92b9de145b82fe1475ae3f450a85d,matched_buffer_control,train,False,1,1.0,1.0,0.0,0.0,0.0,0.0,0.0,0.0,1.0,1.0,1.0,0.0,0.0,0.0,0.0,0.0,0.0,1.0
selection_retest,historical:AlwaysRefresh,100,100,b14,50ab01eec73dc30b12da994b8ffb685df81ab1380168746c6a27690e5eff1087,stale,train,False,1,0.0,0.0,0.0,0.0,0.0,0.0,0.0,0.0,1.0,0.0,0.0,0.0,0.0,0.0,0.0,0.0,0.0,1.0
selection_retest,historical:AlwaysRefresh,100,100,b15,50ab01eec73dc30b12da994b8ffb685df81ab1380168746c6a27690e5eff1087,matched_buffer_control,train,False,1,1.0,1.0,0.0,0.0,0.0,0.0,0.0,0.0,1.0,1.0,1.0,0.0,0.0,0.0,0.0,0.0,0.0,1.0
selection_retest,historical:AlwaysRefresh,100,100,b16,5202cf46c6a3a259c3c924c628697cec8c3a284d0853d152f57cfdd905baca45,stale,train,False,1,0.0,0.0,0.0,0.0,0.0,0.0,0.0,0.0,1.0,0.0,0.0,0.0,0.0,0.0,0.0,0.0,0.0,1.0
selection_retest,historical:AlwaysRefresh,100,100,b17,5202cf46c6a3a259c3c924c628697cec8c3a284d0853d152f57cfdd905baca45,matched_buffer_control,train,False,1,1.0,1.0,0.0,0.0,0.0,0.0,0.0,0.0,1.0,1.0,1.0,0.0,0.0,0.0,0.0,0.0,0.0,1.0
selection_retest,historical:AlwaysRefresh,100,100,b18,55a791e7d4187ccc4fa8d76e3f770d102f8cbf6c00a014e2db05334ba0d8018a,stale,train,False,1,0.0,0.0,0.0,0.0,0.0,0.0,0.0,0.0,1.0,0.0,0.0,0.0,0.0,0.0,0.0,0.0,0.0,1.0
selection_retest,historical:AlwaysRefresh,100,100,b19,55a791e7d4187ccc4fa8d76e3f770d102f8cbf6c00a014e2db05334ba0d8018a,matched_buffer_control,train,False,1,1.0,1.0,0.0,0.0,0.0,0.0,0.0,0.0,1.0,1.0,1.0,0.0,0.0,0.0,0.0,0.0,0.0,1.0
selection_retest,historical:AlwaysRefresh,100,100,b20,6f712d8424dbc8e18b823f0b0e77a498645f8ea3df63adf1b5ec916dcd7ba14c,stale,train,False,1,0.0,0.0,0.0,1.0,1.0,0.0,0.0,0.0,1.0,0.0,0.0,0.0,1.0,1.0,0.0,0.0,0.0,1.0
selection_retest,historical:AlwaysRefresh,100,100,b21,6f712d8424dbc8e18b823f0b0e77a498645f8ea3df63adf1b5ec916dcd7ba14c,matched_buffer_control,train,False,1,1.0,1.0,0.0,0.0,0.0,0.0,0.0,0.0,1.0,1.0,1.0,0.0,0.0,0.0,0.0,0.0,0.0,1.0
selection_retest,historical:AlwaysRefresh,100,100,b22,7c37bc461026a4c0baa8f078d0044e9be9dbac54215649145889b00de22372bc,stale,train,False,1,1.0,1.0,0.0,0.0,0.0,0.0,0.0,0.0,1.0,1.0,1.0,0.0,0.0,0.0,0.0,0.0,0.0,1.0
selection_retest,historical:AlwaysRefresh,100,100,b23,7c37bc461026a4c0baa8f078d0044e9be9dbac54215649145889b00de22372bc,matched_buffer_control,train,False,1,1.0,1.0,0.0,0.0,0.0,0.0,0.0,0.0,1.0,1.0,1.0,0.0,0.0,0.0,0.0,0.0,0.0,1.0
selection_retest,historical:Base,100,100,b00,0ce2dff152007dd84575b20b26dce4153773129f76343fa64d9313b00f84c39d,stale,train,False,0,1.0,1.0,0.0,0.0,0.0,0.0,0.0,0.0,0.0,1.0,1.0,0.0,0.0,0.0,0.0,0.0,0.0,0.0
selection_retest,historical:Base,100,100,b01,0ce2dff152007dd84575b20b26dce4153773129f76343fa64d9313b00f84c39d,matched_buffer_control,train,False,0,1.0,1.0,0.0,0.0,0.0,0.0,0.0,0.0,0.0,1.0,1.0,0.0,0.0,0.0,0.0,0.0,0.0,0.0
selection_retest,historical:Base,100,100,b02,0e8f3f1b4ee6e7e6f48069659fd0fd1a08fe0c9b19a5082f707d47315f8551f8,stale,train,False,0,0.0,0.0,0.0,1.0,1.0,0.0,0.0,0.0,0.0,0.0,0.0,0.0,1.0,1.0,0.0,0.0,0.0,0.0
selection_retest,historical:Base,100,100,b03,0e8f3f1b4ee6e7e6f48069659fd0fd1a08fe0c9b19a5082f707d47315f8551f8,matched_buffer_control,train,False,0,1.0,1.0,0.0,0.0,0.0,0.0,0.0,0.0,0.0,1.0,1.0,0.0,0.0,0.0,0.0,0.0,0.0,0.0
selection_retest,historical:Base,100,100,b04,27efbd6bc5dd9e1b629628ddc1ebcd9a29aed2df4deec4e313d91ec273654991,stale,train,False,0,0.0,0.0,0.0,1.0,1.0,0.0,0.0,0.0,0.0,0.0,0.0,0.0,1.0,1.0,0.0,0.0,0.0,0.0
selection_retest,historical:Base,100,100,b05,27efbd6bc5dd9e1b629628ddc1ebcd9a29aed2df4deec4e313d91ec273654991,matched_buffer_control,train,False,0,1.0,1.0,0.0,0.0,0.0,0.0,0.0,0.0,0.0,1.0,1.0,0.0,0.0,0.0,0.0,0.0,0.0,0.0
selection_retest,historical:Base,100,100,b06,39ae394166b56ca17d0a9267497f5e6db270595394b437bc40b499c95bc78744,stale,train,False,0,0.0,0.0,0.0,0.0,0.0,0.0,0.0,0.0,0.0,0.0,0.0,0.0,0.0,0.0,0.0,0.0,0.0,0.0
selection_retest,historical:Base,100,100,b07,39ae394166b56ca17d0a9267497f5e6db270595394b437bc40b499c95bc78744,matched_buffer_control,train,False,0,1.0,1.0,0.0,0.0,0.0,0.0,0.0,0.0,0.0,1.0,1.0,0.0,0.0,0.0,0.0,0.0,0.0,0.0
selection_retest,historical:Base,100,100,b08,41989ab7c42dd1f5a1560c6d68eb3e10f4dc95658f9e6996a1fd971d7b68523f,stale,train,False,0,0.0,0.0,0.0,0.0,0.0,0.0,0.0,0.0,0.0,0.0,0.0,0.0,0.0,0.0,0.0,0.0,0.0,0.0
selection_retest,historical:Base,100,100,b09,41989ab7c42dd1f5a1560c6d68eb3e10f4dc95658f9e6996a1fd971d7b68523f,matched_buffer_control,train,False,0,1.0,1.0,0.0,0.0,0.0,0.0,0.0,0.0,0.0,1.0,1.0,0.0,0.0,0.0,0.0,0.0,0.0,0.0
selection_retest,historical:Base,100,100,b10,4a518b7b91be76bb81c43ac29c9d0e2ee35355fd5871e30c532f8857c02e61a3,stale,train,False,0,1.0,1.0,0.0,0.0,0.0,0.0,0.0,0.0,0.0,1.0,1.0,0.0,0.0,0.0,0.0,0.0,0.0,0.0
selection_retest,historical:Base,100,100,b11,4a518b7b91be76bb81c43ac29c9d0e2ee35355fd5871e30c532f8857c02e61a3,matched_buffer_control,train,False,0,1.0,1.0,0.0,0.0,0.0,0.0,0.0,0.0,0.0,1.0,1.0,0.0,0.0,0.0,0.0,0.0,0.0,0.0
selection_retest,historical:Base,100,100,b12,0f67f98671271145b7573e71f168456a1ca92b9de145b82fe1475ae3f450a85d,stale,train,False,0,1.0,1.0,0.0,0.0,0.0,0.0,0.0,0.0,0.0,1.0,1.0,0.0,0.0,0.0,0.0,0.0,0.0,0.0
selection_retest,historical:Base,100,100,b13,0f67f98671271145b7573e71f168456a1ca92b9de145b82fe1475ae3f450a85d,matched_buffer_control,train,False,0,1.0,1.0,0.0,0.0,0.0,0.0,0.0,0.0,0.0,1.0,1.0,0.0,0.0,0.0,0.0,0.0,0.0,0.0
selection_retest,historical:Base,100,100,b14,50ab01eec73dc30b12da994b8ffb685df81ab1380168746c6a27690e5eff1087,stale,train,False,0,0.0,0.0,0.0,0.0,0.0,0.0,0.0,0.0,0.0,0.0,0.0,0.0,0.0,0.0,0.0,0.0,0.0,0.0
selection_retest,historical:Base,100,100,b15,50ab01eec73dc30b12da994b8ffb685df81ab1380168746c6a27690e5eff1087,matched_buffer_control,train,False,0,1.0,1.0,0.0,0.0,0.0,0.0,0.0,0.0,0.0,1.0,1.0,0.0,0.0,0.0,0.0,0.0,0.0,0.0
selection_retest,historical:Base,100,100,b16,5202cf46c6a3a259c3c924c628697cec8c3a284d0853d152f57cfdd905baca45,stale,train,False,0,0.0,0.0,0.0,0.0,0.0,0.0,0.0,0.0,0.0,0.0,0.0,0.0,0.0,0.0,0.0,0.0,0.0,0.0
selection_retest,historical:Base,100,100,b17,5202cf46c6a3a259c3c924c628697cec8c3a284d0853d152f57cfdd905baca45,matched_buffer_control,train,False,0,1.0,1.0,0.0,0.0,0.0,0.0,0.0,0.0,0.0,1.0,1.0,0.0,0.0,0.0,0.0,0.0,0.0,0.0
selection_retest,historical:Base,100,100,b18,55a791e7d4187ccc4fa8d76e3f770d102f8cbf6c00a014e2db05334ba0d8018a,stale,train,False,0,0.0,0.0,0.0,0.0,0.0,0.0,0.0,0.0,0.0,0.0,0.0,0.0,0.0,0.0,0.0,0.0,0.0,0.0
selection_retest,historical:Base,100,100,b19,55a791e7d4187ccc4fa8d76e3f770d102f8cbf6c00a014e2db05334ba0d8018a,matched_buffer_control,train,False,0,1.0,1.0,0.0,0.0,0.0,0.0,0.0,0.0,0.0,1.0,1.0,0.0,0.0,0.0,0.0,0.0,0.0,0.0
selection_retest,historical:Base,100,100,b20,6f712d8424dbc8e18b823f0b0e77a498645f8ea3df63adf1b5ec916dcd7ba14c,stale,train,False,0,0.0,0.0,0.0,1.0,1.0,0.0,0.0,0.0,0.0,0.0,0.0,0.0,1.0,1.0,0.0,0.0,0.0,0.0
selection_retest,historical:Base,100,100,b21,6f712d8424dbc8e18b823f0b0e77a498645f8ea3df63adf1b5ec916dcd7ba14c,matched_buffer_control,train,False,0,1.0,1.0,0.0,0.0,0.0,0.0,0.0,0.0,0.0,1.0,1.0,0.0,0.0,0.0,0.0,0.0,0.0,0.0
selection_retest,historical:Base,100,100,b22,7c37bc461026a4c0baa8f078d0044e9be9dbac54215649145889b00de22372bc,stale,train,False,0,1.0,1.0,0.0,0.0,0.0,0.0,0.0,0.0,0.0,1.0,1.0,0.0,0.0,0.0,0.0,0.0,0.0,0.0
selection_retest,historical:Base,100,100,b23,7c37bc461026a4c0baa8f078d0044e9be9dbac54215649145889b00de22372bc,matched_buffer_control,train,False,0,1.0,1.0,0.0,0.0,0.0,0.0,0.0,0.0,0.0,1.0,1.0,0.0,0.0,0.0,0.0,0.0,0.0,0.0
selection_retest,historical:age1,100,100,b00,0ce2dff152007dd84575b20b26dce4153773129f76343fa64d9313b00f84c39d,stale,train,False,1,1.0,1.0,0.0,0.0,0.0,0.0,0.0,0.0,1.0,1.0,1.0,0.0,0.0,0.0,0.0,0.0,0.0,1.0
selection_retest,historical:age1,100,100,b01,0ce2dff152007dd84575b20b26dce4153773129f76343fa64d9313b00f84c39d,matched_buffer_control,train,False,0,1.0,1.0,0.0,0.0,0.0,0.0,0.0,0.0,0.0,1.0,1.0,0.0,0.0,0.0,0.0,0.0,0.0,0.0
selection_retest,historical:age1,100,100,b02,0e8f3f1b4ee6e7e6f48069659fd0fd1a08fe0c9b19a5082f707d47315f8551f8,stale,train,False,1,0.0,0.0,0.0,1.0,0.0,-1.0,0.0,0.0,1.0,0.0,0.0,0.0,1.0,0.0,-1.0,0.0,0.0,1.0
selection_retest,historical:age1,100,100,b03,0e8f3f1b4ee6e7e6f48069659fd0fd1a08fe0c9b19a5082f707d47315f8551f8,matched_buffer_control,train,False,0,1.0,1.0,0.0,0.0,0.0,0.0,0.0,0.0,0.0,1.0,1.0,0.0,0.0,0.0,0.0,0.0,0.0,0.0
selection_retest,historical:age1,100,100,b04,27efbd6bc5dd9e1b629628ddc1ebcd9a29aed2df4deec4e313d91ec273654991,stale,train,False,1,0.0,0.0,0.0,1.0,1.0,0.0,0.0,0.0,1.0,0.0,0.0,0.0,1.0,1.0,0.0,0.0,0.0,1.0
selection_retest,historical:age1,100,100,b05,27efbd6bc5dd9e1b629628ddc1ebcd9a29aed2df4deec4e313d91ec273654991,matched_buffer_control,train,False,0,1.0,1.0,0.0,0.0,0.0,0.0,0.0,0.0,0.0,1.0,1.0,0.0,0.0,0.0,0.0,0.0,0.0,0.0
selection_retest,historical:age1,100,100,b06,39ae394166b56ca17d0a9267497f5e6db270595394b437bc40b499c95bc78744,stale,train,False,1,0.0,0.0,0.0,0.0,0.25,0.25,0.0,0.25,1.0,0.0,0.0,0.0,0.0,0.0,0.0,0.0,0.0,1.0
selection_retest,historical:age1,100,100,b07,39ae394166b56ca17d0a9267497f5e6db270595394b437bc40b499c95bc78744,matched_buffer_control,train,False,0,1.0,1.0,0.0,0.0,0.0,0.0,0.0,0.0,0.0,1.0,1.0,0.0,0.0,0.0,0.0,0.0,0.0,0.0
selection_retest,historical:age1,100,100,b08,41989ab7c42dd1f5a1560c6d68eb3e10f4dc95658f9e6996a1fd971d7b68523f,stale,train,False,1,0.0,0.0,0.0,0.0,0.25,0.25,0.0,0.25,1.0,0.0,0.0,0.0,0.0,0.0,0.0,0.0,0.0,1.0
selection_retest,historical:age1,100,100,b09,41989ab7c42dd1f5a1560c6d68eb3e10f4dc95658f9e6996a1fd971d7b68523f,matched_buffer_control,train,False,0,1.0,1.0,0.0,0.0,0.0,0.0,0.0,0.0,0.0,1.0,1.0,0.0,0.0,0.0,0.0,0.0,0.0,0.0
selection_retest,historical:age1,100,100,b10,4a518b7b91be76bb81c43ac29c9d0e2ee35355fd5871e30c532f8857c02e61a3,stale,train,False,1,1.0,1.0,0.0,0.0,0.0,0.0,0.0,0.0,1.0,1.0,0.75,-0.25,0.0,0.25,0.25,0.25,0.25,1.0
selection_retest,historical:age1,100,100,b11,4a518b7b91be76bb81c43ac29c9d0e2ee35355fd5871e30c532f8857c02e61a3,matched_buffer_control,train,False,0,1.0,1.0,0.0,0.0,0.0,0.0,0.0,0.0,0.0,1.0,1.0,0.0,0.0,0.0,0.0,0.0,0.0,0.0
selection_retest,historical:age1,100,100,b12,0f67f98671271145b7573e71f168456a1ca92b9de145b82fe1475ae3f450a85d,stale,train,False,1,1.0,1.0,0.0,0.0,0.0,0.0,0.0,0.0,1.0,1.0,0.75,-0.25,0.0,0.0,0.0,0.25,0.0,1.0
selection_retest,historical:age1,100,100,b13,0f67f98671271145b7573e71f168456a1ca92b9de145b82fe1475ae3f450a85d,matched_buffer_control,train,False,0,1.0,1.0,0.0,0.0,0.0,0.0,0.0,0.0,0.0,1.0,1.0,0.0,0.0,0.0,0.0,0.0,0.0,0.0
selection_retest,historical:age1,100,100,b14,50ab01eec73dc30b12da994b8ffb685df81ab1380168746c6a27690e5eff1087,stale,train,False,1,0.0,0.0,0.0,0.0,0.0,0.0,0.0,0.0,1.0,0.0,0.0,0.0,0.0,0.0,0.0,0.0,0.0,1.0
selection_retest,historical:age1,100,100,b15,50ab01eec73dc30b12da994b8ffb685df81ab1380168746c6a27690e5eff1087,matched_buffer_control,train,False,0,1.0,1.0,0.0,0.0,0.0,0.0,0.0,0.0,0.0,1.0,1.0,0.0,0.0,0.0,0.0,0.0,0.0,0.0
selection_retest,historical:age1,100,100,b16,5202cf46c6a3a259c3c924c628697cec8c3a284d0853d152f57cfdd905baca45,stale,train,False,1,0.0,0.0,0.0,0.0,0.0,0.0,0.0,0.0,1.0,0.0,0.0,0.0,0.0,0.0,0.0,0.0,0.0,1.0
selection_retest,historical:age1,100,100,b17,5202cf46c6a3a259c3c924c628697cec8c3a284d0853d152f57cfdd905baca45,matched_buffer_control,train,False,0,1.0,1.0,0.0,0.0,0.0,0.0,0.0,0.0,0.0,1.0,1.0,0.0,0.0,0.0,0.0,0.0,0.0,0.0
selection_retest,historical:age1,100,100,b18,55a791e7d4187ccc4fa8d76e3f770d102f8cbf6c00a014e2db05334ba0d8018a,stale,train,False,1,0.0,0.0,0.0,0.0,0.0,0.0,0.0,0.0,1.0,0.0,0.0,0.0,0.0,0.0,0.0,0.0,0.0,1.0
selection_retest,historical:age1,100,100,b19,55a791e7d4187ccc4fa8d76e3f770d102f8cbf6c00a014e2db05334ba0d8018a,matched_buffer_control,train,False,0,1.0,1.0,0.0,0.0,0.0,0.0,0.0,0.0,0.0,1.0,1.0,0.0,0.0,0.0,0.0,0.0,0.0,0.0
selection_retest,historical:age1,100,100,b20,6f712d8424dbc8e18b823f0b0e77a498645f8ea3df63adf1b5ec916dcd7ba14c,stale,train,False,1,0.0,0.0,0.0,1.0,1.0,0.0,0.0,0.0,1.0,0.0,0.0,0.0,1.0,1.0,0.0,0.0,0.0,1.0
selection_retest,historical:age1,100,100,b21,6f712d8424dbc8e18b823f0b0e77a498645f8ea3df63adf1b5ec916dcd7ba14c,matched_buffer_control,train,False,0,1.0,1.0,0.0,0.0,0.0,0.0,0.0,0.0,0.0,1.0,1.0,0.0,0.0,0.0,0.0,0.0,0.0,0.0
selection_retest,historical:age1,100,100,b22,7c37bc461026a4c0baa8f078d0044e9be9dbac54215649145889b00de22372bc,stale,train,False,1,1.0,1.0,0.0,0.0,0.0,0.0,0.0,0.0,1.0,1.0,1.0,0.0,0.0,0.0,0.0,0.0,0.0,1.0
selection_retest,historical:age1,100,100,b23,7c37bc461026a4c0baa8f078d0044e9be9dbac54215649145889b00de22372bc,matched_buffer_control,train,False,0,1.0,1.0,0.0,0.0,0.0,0.0,0.0,0.0,0.0,1.0,1.0,0.0,0.0,0.0,0.0,0.0,0.0,0.0
selection_retest,historical:age3,100,100,b00,0ce2dff152007dd84575b20b26dce4153773129f76343fa64d9313b00f84c39d,stale,train,False,0,1.0,1.0,0.0,0.0,0.0,0.0,0.0,0.0,0.0,1.0,1.0,0.0,0.0,0.0,0.0,0.0,0.0,0.0
selection_retest,historical:age3,100,100,b01,0ce2dff152007dd84575b20b26dce4153773129f76343fa64d9313b00f84c39d,matched_buffer_control,train,False,0,1.0,1.0,0.0,0.0,0.0,0.0,0.0,0.0,0.0,1.0,1.0,0.0,0.0,0.0,0.0,0.0,0.0,0.0
selection_retest,historical:age3,100,100,b02,0e8f3f1b4ee6e7e6f48069659fd0fd1a08fe0c9b19a5082f707d47315f8551f8,stale,train,False,1,0.0,0.0,0.0,1.0,0.0,-1.0,0.0,0.0,1.0,0.0,0.0,0.0,1.0,0.0,-1.0,0.0,0.0,1.0
selection_retest,historical:age3,100,100,b03,0e8f3f1b4ee6e7e6f48069659fd0fd1a08fe0c9b19a5082f707d47315f8551f8,matched_buffer_control,train,False,0,1.0,1.0,0.0,0.0,0.0,0.0,0.0,0.0,0.0,1.0,1.0,0.0,0.0,0.0,0.0,0.0,0.0,0.0
selection_retest,historical:age3,100,100,b04,27efbd6bc5dd9e1b629628ddc1ebcd9a29aed2df4deec4e313d91ec273654991,stale,train,False,1,0.0,0.0,0.0,1.0,1.0,0.0,0.0,0.0,1.0,0.0,0.0,0.0,1.0,1.0,0.0,0.0,0.0,1.0
selection_retest,historical:age3,100,100,b05,27efbd6bc5dd9e1b629628ddc1ebcd9a29aed2df4deec4e313d91ec273654991,matched_buffer_control,train,False,0,1.0,1.0,0.0,0.0,0.0,0.0,0.0,0.0,0.0,1.0,1.0,0.0,0.0,0.0,0.0,0.0,0.0,0.0
selection_retest,historical:age3,100,100,b06,39ae394166b56ca17d0a9267497f5e6db270595394b437bc40b499c95bc78744,stale,train,False,1,0.0,0.0,0.0,0.0,0.25,0.25,0.0,0.25,1.0,0.0,0.0,0.0,0.0,0.0,0.0,0.0,0.0,1.0
selection_retest,historical:age3,100,100,b07,39ae394166b56ca17d0a9267497f5e6db270595394b437bc40b499c95bc78744,matched_buffer_control,train,False,0,1.0,1.0,0.0,0.0,0.0,0.0,0.0,0.0,0.0,1.0,1.0,0.0,0.0,0.0,0.0,0.0,0.0,0.0
selection_retest,historical:age3,100,100,b08,41989ab7c42dd1f5a1560c6d68eb3e10f4dc95658f9e6996a1fd971d7b68523f,stale,train,False,1,0.0,0.0,0.0,0.0,0.25,0.25,0.0,0.25,1.0,0.0,0.0,0.0,0.0,0.0,0.0,0.0,0.0,1.0
selection_retest,historical:age3,100,100,b09,41989ab7c42dd1f5a1560c6d68eb3e10f4dc95658f9e6996a1fd971d7b68523f,matched_buffer_control,train,False,0,1.0,1.0,0.0,0.0,0.0,0.0,0.0,0.0,0.0,1.0,1.0,0.0,0.0,0.0,0.0,0.0,0.0,0.0
selection_retest,historical:age3,100,100,b10,4a518b7b91be76bb81c43ac29c9d0e2ee35355fd5871e30c532f8857c02e61a3,stale,train,False,0,1.0,1.0,0.0,0.0,0.0,0.0,0.0,0.0,0.0,1.0,1.0,0.0,0.0,0.0,0.0,0.0,0.0,0.0
selection_retest,historical:age3,100,100,b11,4a518b7b91be76bb81c43ac29c9d0e2ee35355fd5871e30c532f8857c02e61a3,matched_buffer_control,train,False,0,1.0,1.0,0.0,0.0,0.0,0.0,0.0,0.0,0.0,1.0,1.0,0.0,0.0,0.0,0.0,0.0,0.0,0.0
selection_retest,historical:age3,100,100,b12,0f67f98671271145b7573e71f168456a1ca92b9de145b82fe1475ae3f450a85d,stale,train,False,0,1.0,1.0,0.0,0.0,0.0,0.0,0.0,0.0,0.0,1.0,1.0,0.0,0.0,0.0,0.0,0.0,0.0,0.0
selection_retest,historical:age3,100,100,b13,0f67f98671271145b7573e71f168456a1ca92b9de145b82fe1475ae3f450a85d,matched_buffer_control,train,False,0,1.0,1.0,0.0,0.0,0.0,0.0,0.0,0.0,0.0,1.0,1.0,0.0,0.0,0.0,0.0,0.0,0.0,0.0
selection_retest,historical:age3,100,100,b14,50ab01eec73dc30b12da994b8ffb685df81ab1380168746c6a27690e5eff1087,stale,train,False,1,0.0,0.0,0.0,0.0,0.0,0.0,0.0,0.0,1.0,0.0,0.0,0.0,0.0,0.0,0.0,0.0,0.0,1.0
selection_retest,historical:age3,100,100,b15,50ab01eec73dc30b12da994b8ffb685df81ab1380168746c6a27690e5eff1087,matched_buffer_control,train,False,0,1.0,1.0,0.0,0.0,0.0,0.0,0.0,0.0,0.0,1.0,1.0,0.0,0.0,0.0,0.0,0.0,0.0,0.0
selection_retest,historical:age3,100,100,b16,5202cf46c6a3a259c3c924c628697cec8c3a284d0853d152f57cfdd905baca45,stale,train,False,1,0.0,0.0,0.0,0.0,0.0,0.0,0.0,0.0,1.0,0.0,0.0,0.0,0.0,0.0,0.0,0.0,0.0,1.0
selection_retest,historical:age3,100,100,b17,5202cf46c6a3a259c3c924c628697cec8c3a284d0853d152f57cfdd905baca45,matched_buffer_control,train,False,0,1.0,1.0,0.0,0.0,0.0,0.0,0.0,0.0,0.0,1.0,1.0,0.0,0.0,0.0,0.0,0.0,0.0,0.0
selection_retest,historical:age3,100,100,b18,55a791e7d4187ccc4fa8d76e3f770d102f8cbf6c00a014e2db05334ba0d8018a,stale,train,False,1,0.0,0.0,0.0,0.0,0.0,0.0,0.0,0.0,1.0,0.0,0.0,0.0,0.0,0.0,0.0,0.0,0.0,1.0
selection_retest,historical:age3,100,100,b19,55a791e7d4187ccc4fa8d76e3f770d102f8cbf6c00a014e2db05334ba0d8018a,matched_buffer_control,train,False,0,1.0,1.0,0.0,0.0,0.0,0.0,0.0,0.0,0.0,1.0,1.0,0.0,0.0,0.0,0.0,0.0,0.0,0.0
selection_retest,historical:age3,100,100,b20,6f712d8424dbc8e18b823f0b0e77a498645f8ea3df63adf1b5ec916dcd7ba14c,stale,train,False,1,0.0,0.0,0.0,1.0,1.0,0.0,0.0,0.0,1.0,0.0,0.0,0.0,1.0,1.0,0.0,0.0,0.0,1.0
selection_retest,historical:age3,100,100,b21,6f712d8424dbc8e18b823f0b0e77a498645f8ea3df63adf1b5ec916dcd7ba14c,matched_buffer_control,train,False,0,1.0,1.0,0.0,0.0,0.0,0.0,0.0,0.0,0.0,1.0,1.0,0.0,0.0,0.0,0.0,0.0,0.0,0.0
selection_retest,historical:age3,100,100,b22,7c37bc461026a4c0baa8f078d0044e9be9dbac54215649145889b00de22372bc,stale,train,False,0,1.0,1.0,0.0,0.0,0.0,0.0,0.0,0.0,0.0,1.0,1.0,0.0,0.0,0.0,0.0,0.0,0.0,0.0
selection_retest,historical:age3,100,100,b23,7c37bc461026a4c0baa8f078d0044e9be9dbac54215649145889b00de22372bc,matched_buffer_control,train,False,0,1.0,1.0,0.0,0.0,0.0,0.0,0.0,0.0,0.0,1.0,1.0,0.0,0.0,0.0,0.0,0.0,0.0,0.0
selection_retest,historical:age5,100,100,b00,0ce2dff152007dd84575b20b26dce4153773129f76343fa64d9313b00f84c39d,stale,train,False,0,1.0,1.0,0.0,0.0,0.0,0.0,0.0,0.0,0.0,1.0,1.0,0.0,0.0,0.0,0.0,0.0,0.0,0.0
selection_retest,historical:age5,100,100,b01,0ce2dff152007dd84575b20b26dce4153773129f76343fa64d9313b00f84c39d,matched_buffer_control,train,False,0,1.0,1.0,0.0,0.0,0.0,0.0,0.0,0.0,0.0,1.0,1.0,0.0,0.0,0.0,0.0,0.0,0.0,0.0
selection_retest,historical:age5,100,100,b02,0e8f3f1b4ee6e7e6f48069659fd0fd1a08fe0c9b19a5082f707d47315f8551f8,stale,train,False,0,0.0,0.0,0.0,1.0,1.0,0.0,0.0,0.0,0.0,0.0,0.0,0.0,1.0,1.0,0.0,0.0,0.0,0.0
selection_retest,historical:age5,100,100,b03,0e8f3f1b4ee6e7e6f48069659fd0fd1a08fe0c9b19a5082f707d47315f8551f8,matched_buffer_control,train,False,0,1.0,1.0,0.0,0.0,0.0,0.0,0.0,0.0,0.0,1.0,1.0,0.0,0.0,0.0,0.0,0.0,0.0,0.0
selection_retest,historical:age5,100,100,b04,27efbd6bc5dd9e1b629628ddc1ebcd9a29aed2df4deec4e313d91ec273654991,stale,train,False,1,0.0,0.0,0.0,1.0,1.0,0.0,0.0,0.0,1.0,0.0,0.0,0.0,1.0,1.0,0.0,0.0,0.0,1.0
selection_retest,historical:age5,100,100,b05,27efbd6bc5dd9e1b629628ddc1ebcd9a29aed2df4deec4e313d91ec273654991,matched_buffer_control,train,False,0,1.0,1.0,0.0,0.0,0.0,0.0,0.0,0.0,0.0,1.0,1.0,0.0,0.0,0.0,0.0,0.0,0.0,0.0
selection_retest,historical:age5,100,100,b06,39ae394166b56ca17d0a9267497f5e6db270595394b437bc40b499c95bc78744,stale,train,False,0,0.0,0.0,0.0,0.0,0.0,0.0,0.0,0.0,0.0,0.0,0.0,0.0,0.0,0.0,0.0,0.0,0.0,0.0
selection_retest,historical:age5,100,100,b07,39ae394166b56ca17d0a9267497f5e6db270595394b437bc40b499c95bc78744,matched_buffer_control,train,False,0,1.0,1.0,0.0,0.0,0.0,0.0,0.0,0.0,0.0,1.0,1.0,0.0,0.0,0.0,0.0,0.0,0.0,0.0
selection_retest,historical:age5,100,100,b08,41989ab7c42dd1f5a1560c6d68eb3e10f4dc95658f9e6996a1fd971d7b68523f,stale,train,False,1,0.0,0.0,0.0,0.0,0.25,0.25,0.0,0.25,1.0,0.0,0.0,0.0,0.0,0.0,0.0,0.0,0.0,1.0
selection_retest,historical:age5,100,100,b09,41989ab7c42dd1f5a1560c6d68eb3e10f4dc95658f9e6996a1fd971d7b68523f,matched_buffer_control,train,False,0,1.0,1.0,0.0,0.0,0.0,0.0,0.0,0.0,0.0,1.0,1.0,0.0,0.0,0.0,0.0,0.0,0.0,0.0
selection_retest,historical:age5,100,100,b10,4a518b7b91be76bb81c43ac29c9d0e2ee35355fd5871e30c532f8857c02e61a3,stale,train,False,0,1.0,1.0,0.0,0.0,0.0,0.0,0.0,0.0,0.0,1.0,1.0,0.0,0.0,0.0,0.0,0.0,0.0,0.0
selection_retest,historical:age5,100,100,b11,4a518b7b91be76bb81c43ac29c9d0e2ee35355fd5871e30c532f8857c02e61a3,matched_buffer_control,train,False,0,1.0,1.0,0.0,0.0,0.0,0.0,0.0,0.0,0.0,1.0,1.0,0.0,0.0,0.0,0.0,0.0,0.0,0.0
selection_retest,historical:age5,100,100,b12,0f67f98671271145b7573e71f168456a1ca92b9de145b82fe1475ae3f450a85d,stale,train,False,0,1.0,1.0,0.0,0.0,0.0,0.0,0.0,0.0,0.0,1.0,1.0,0.0,0.0,0.0,0.0,0.0,0.0,0.0
selection_retest,historical:age5,100,100,b13,0f67f98671271145b7573e71f168456a1ca92b9de145b82fe1475ae3f450a85d,matched_buffer_control,train,False,0,1.0,1.0,0.0,0.0,0.0,0.0,0.0,0.0,0.0,1.0,1.0,0.0,0.0,0.0,0.0,0.0,0.0,0.0
selection_retest,historical:age5,100,100,b14,50ab01eec73dc30b12da994b8ffb685df81ab1380168746c6a27690e5eff1087,stale,train,False,0,0.0,0.0,0.0,0.0,0.0,0.0,0.0,0.0,0.0,0.0,0.0,0.0,0.0,0.0,0.0,0.0,0.0,0.0
selection_retest,historical:age5,100,100,b15,50ab01eec73dc30b12da994b8ffb685df81ab1380168746c6a27690e5eff1087,matched_buffer_control,train,False,0,1.0,1.0,0.0,0.0,0.0,0.0,0.0,0.0,0.0,1.0,1.0,0.0,0.0,0.0,0.0,0.0,0.0,0.0
selection_retest,historical:age5,100,100,b16,5202cf46c6a3a259c3c924c628697cec8c3a284d0853d152f57cfdd905baca45,stale,train,False,1,0.0,0.0,0.0,0.0,0.0,0.0,0.0,0.0,1.0,0.0,0.0,0.0,0.0,0.0,0.0,0.0,0.0,1.0
selection_retest,historical:age5,100,100,b17,5202cf46c6a3a259c3c924c628697cec8c3a284d0853d152f57cfdd905baca45,matched_buffer_control,train,False,0,1.0,1.0,0.0,0.0,0.0,0.0,0.0,0.0,0.0,1.0,1.0,0.0,0.0,0.0,0.0,0.0,0.0,0.0
selection_retest,historical:age5,100,100,b18,55a791e7d4187ccc4fa8d76e3f770d102f8cbf6c00a014e2db05334ba0d8018a,stale,train,False,0,0.0,0.0,0.0,0.0,0.0,0.0,0.0,0.0,0.0,0.0,0.0,0.0,0.0,0.0,0.0,0.0,0.0,0.0
selection_retest,historical:age5,100,100,b19,55a791e7d4187ccc4fa8d76e3f770d102f8cbf6c00a014e2db05334ba0d8018a,matched_buffer_control,train,False,0,1.0,1.0,0.0,0.0,0.0,0.0,0.0,0.0,0.0,1.0,1.0,0.0,0.0,0.0,0.0,0.0,0.0,0.0
selection_retest,historical:age5,100,100,b20,6f712d8424dbc8e18b823f0b0e77a498645f8ea3df63adf1b5ec916dcd7ba14c,stale,train,False,1,0.0,0.0,0.0,1.0,1.0,0.0,0.0,0.0,1.0,0.0,0.0,0.0,1.0,1.0,0.0,0.0,0.0,1.0
selection_retest,historical:age5,100,100,b21,6f712d8424dbc8e18b823f0b0e77a498645f8ea3df63adf1b5ec916dcd7ba14c,matched_buffer_control,train,False,0,1.0,1.0,0.0,0.0,0.0,0.0,0.0,0.0,0.0,1.0,1.0,0.0,0.0,0.0,0.0,0.0,0.0,0.0
selection_retest,historical:age5,100,100,b22,7c37bc461026a4c0baa8f078d0044e9be9dbac54215649145889b00de22372bc,stale,train,False,0,1.0,1.0,0.0,0.0,0.0,0.0,0.0,0.0,0.0,1.0,1.0,0.0,0.0,0.0,0.0,0.0,0.0,0.0
selection_retest,historical:age5,100,100,b23,7c37bc461026a4c0baa8f078d0044e9be9dbac54215649145889b00de22372bc,matched_buffer_control,train,False,0,1.0,1.0,0.0,0.0,0.0,0.0,0.0,0.0,0.0,1.0,1.0,0.0,0.0,0.0,0.0,0.0,0.0,0.0
selection_retest,historical:period10,100,100,b00,0ce2dff152007dd84575b20b26dce4153773129f76343fa64d9313b00f84c39d,stale,train,False,0,1.0,1.0,0.0,0.0,0.0,0.0,0.0,0.0,0.0,1.0,1.0,0.0,0.0,0.0,0.0,0.0,0.0,0.0
selection_retest,historical:period10,100,100,b01,0ce2dff152007dd84575b20b26dce4153773129f76343fa64d9313b00f84c39d,matched_buffer_control,train,False,0,1.0,1.0,0.0,0.0,0.0,0.0,0.0,0.0,0.0,1.0,1.0,0.0,0.0,0.0,0.0,0.0,0.0,0.0
selection_retest,historical:period10,100,100,b02,0e8f3f1b4ee6e7e6f48069659fd0fd1a08fe0c9b19a5082f707d47315f8551f8,stale,train,False,1,0.0,0.0,0.0,1.0,0.0,-1.0,0.0,0.0,1.0,0.0,0.0,0.0,1.0,0.0,-1.0,0.0,0.0,1.0
selection_retest,historical:period10,100,100,b03,0e8f3f1b4ee6e7e6f48069659fd0fd1a08fe0c9b19a5082f707d47315f8551f8,matched_buffer_control,train,False,1,1.0,1.0,0.0,0.0,0.0,0.0,0.0,0.0,1.0,1.0,1.0,0.0,0.0,0.0,0.0,0.0,0.0,1.0
selection_retest,historical:period10,100,100,b04,27efbd6bc5dd9e1b629628ddc1ebcd9a29aed2df4deec4e313d91ec273654991,stale,train,False,0,0.0,0.0,0.0,1.0,1.0,0.0,0.0,0.0,0.0,0.0,0.0,0.0,1.0,1.0,0.0,0.0,0.0,0.0
selection_retest,historical:period10,100,100,b05,27efbd6bc5dd9e1b629628ddc1ebcd9a29aed2df4deec4e313d91ec273654991,matched_buffer_control,train,False,0,1.0,1.0,0.0,0.0,0.0,0.0,0.0,0.0,0.0,1.0,1.0,0.0,0.0,0.0,0.0,0.0,0.0,0.0
selection_retest,historical:period10,100,100,b06,39ae394166b56ca17d0a9267497f5e6db270595394b437bc40b499c95bc78744,stale,train,False,0,0.0,0.0,0.0,0.0,0.0,0.0,0.0,0.0,0.0,0.0,0.0,0.0,0.0,0.0,0.0,0.0,0.0,0.0
selection_retest,historical:period10,100,100,b07,39ae394166b56ca17d0a9267497f5e6db270595394b437bc40b499c95bc78744,matched_buffer_control,train,False,0,1.0,1.0,0.0,0.0,0.0,0.0,0.0,0.0,0.0,1.0,1.0,0.0,0.0,0.0,0.0,0.0,0.0,0.0
selection_retest,historical:period10,100,100,b08,41989ab7c42dd1f5a1560c6d68eb3e10f4dc95658f9e6996a1fd971d7b68523f,stale,train,False,1,0.0,0.0,0.0,0.0,0.25,0.25,0.0,0.25,1.0,0.0,0.0,0.0,0.0,0.0,0.0,0.0,0.0,1.0
selection_retest,historical:period10,100,100,b09,41989ab7c42dd1f5a1560c6d68eb3e10f4dc95658f9e6996a1fd971d7b68523f,matched_buffer_control,train,False,1,1.0,1.0,0.0,0.0,0.0,0.0,0.0,0.0,1.0,1.0,1.0,0.0,0.0,0.0,0.0,0.0,0.0,1.0
selection_retest,historical:period10,100,100,b10,4a518b7b91be76bb81c43ac29c9d0e2ee35355fd5871e30c532f8857c02e61a3,stale,train,False,0,1.0,1.0,0.0,0.0,0.0,0.0,0.0,0.0,0.0,1.0,1.0,0.0,0.0,0.0,0.0,0.0,0.0,0.0
selection_retest,historical:period10,100,100,b11,4a518b7b91be76bb81c43ac29c9d0e2ee35355fd5871e30c532f8857c02e61a3,matched_buffer_control,train,False,0,1.0,1.0,0.0,0.0,0.0,0.0,0.0,0.0,0.0,1.0,1.0,0.0,0.0,0.0,0.0,0.0,0.0,0.0
selection_retest,historical:period10,100,100,b12,0f67f98671271145b7573e71f168456a1ca92b9de145b82fe1475ae3f450a85d,stale,train,False,0,1.0,1.0,0.0,0.0,0.0,0.0,0.0,0.0,0.0,1.0,1.0,0.0,0.0,0.0,0.0,0.0,0.0,0.0
selection_retest,historical:period10,100,100,b13,0f67f98671271145b7573e71f168456a1ca92b9de145b82fe1475ae3f450a85d,matched_buffer_control,train,False,0,1.0,1.0,0.0,0.0,0.0,0.0,0.0,0.0,0.0,1.0,1.0,0.0,0.0,0.0,0.0,0.0,0.0,0.0
selection_retest,historical:period10,100,100,b14,50ab01eec73dc30b12da994b8ffb685df81ab1380168746c6a27690e5eff1087,stale,train,False,1,0.0,0.0,0.0,0.0,0.0,0.0,0.0,0.0,1.0,0.0,0.0,0.0,0.0,0.0,0.0,0.0,0.0,1.0
selection_retest,historical:period10,100,100,b15,50ab01eec73dc30b12da994b8ffb685df81ab1380168746c6a27690e5eff1087,matched_buffer_control,train,False,1,1.0,1.0,0.0,0.0,0.0,0.0,0.0,0.0,1.0,1.0,1.0,0.0,0.0,0.0,0.0,0.0,0.0,1.0
selection_retest,historical:period10,100,100,b16,5202cf46c6a3a259c3c924c628697cec8c3a284d0853d152f57cfdd905baca45,stale,train,False,0,0.0,0.0,0.0,0.0,0.0,0.0,0.0,0.0,0.0,0.0,0.0,0.0,0.0,0.0,0.0,0.0,0.0,0.0
selection_retest,historical:period10,100,100,b17,5202cf46c6a3a259c3c924c628697cec8c3a284d0853d152f57cfdd905baca45,matched_buffer_control,train,False,0,1.0,1.0,0.0,0.0,0.0,0.0,0.0,0.0,0.0,1.0,1.0,0.0,0.0,0.0,0.0,0.0,0.0,0.0
selection_retest,historical:period10,100,100,b18,55a791e7d4187ccc4fa8d76e3f770d102f8cbf6c00a014e2db05334ba0d8018a,stale,train,False,0,0.0,0.0,0.0,0.0,0.0,0.0,0.0,0.0,0.0,0.0,0.0,0.0,0.0,0.0,0.0,0.0,0.0,0.0
selection_retest,historical:period10,100,100,b19,55a791e7d4187ccc4fa8d76e3f770d102f8cbf6c00a014e2db05334ba0d8018a,matched_buffer_control,train,False,0,1.0,1.0,0.0,0.0,0.0,0.0,0.0,0.0,0.0,1.0,1.0,0.0,0.0,0.0,0.0,0.0,0.0,0.0
selection_retest,historical:period10,100,100,b20,6f712d8424dbc8e18b823f0b0e77a498645f8ea3df63adf1b5ec916dcd7ba14c,stale,train,False,1,0.0,0.0,0.0,1.0,1.0,0.0,0.0,0.0,1.0,0.0,0.0,0.0,1.0,1.0,0.0,0.0,0.0,1.0
selection_retest,historical:period10,100,100,b21,6f712d8424dbc8e18b823f0b0e77a498645f8ea3df63adf1b5ec916dcd7ba14c,matched_buffer_control,train,False,1,1.0,1.0,0.0,0.0,0.0,0.0,0.0,0.0,1.0,1.0,1.0,0.0,0.0,0.0,0.0,0.0,0.0,1.0
selection_retest,historical:period10,100,100,b22,7c37bc461026a4c0baa8f078d0044e9be9dbac54215649145889b00de22372bc,stale,train,False,0,1.0,1.0,0.0,0.0,0.0,0.0,0.0,0.0,0.0,1.0,1.0,0.0,0.0,0.0,0.0,0.0,0.0,0.0
selection_retest,historical:period10,100,100,b23,7c37bc461026a4c0baa8f078d0044e9be9dbac54215649145889b00de22372bc,matched_buffer_control,train,False,0,1.0,1.0,0.0,0.0,0.0,0.0,0.0,0.0,0.0,1.0,1.0,0.0,0.0,0.0,0.0,0.0,0.0,0.0
selection_retest,historical:A_reference,100,100,b00,0ce2dff152007dd84575b20b26dce4153773129f76343fa64d9313b00f84c39d,stale,train,False,0,1.0,1.0,0.0,0.0,0.0,0.0,0.0,0.0,0.0,1.0,1.0,0.0,0.0,0.0,0.0,0.0,0.0,0.0
selection_retest,historical:A_reference,100,100,b01,0ce2dff152007dd84575b20b26dce4153773129f76343fa64d9313b00f84c39d,matched_buffer_control,train,False,0,1.0,1.0,0.0,0.0,0.0,0.0,0.0,0.0,0.0,1.0,1.0,0.0,0.0,0.0,0.0,0.0,0.0,0.0
selection_retest,historical:A_reference,100,100,b02,0e8f3f1b4ee6e7e6f48069659fd0fd1a08fe0c9b19a5082f707d47315f8551f8,stale,train,False,1,0.0,0.0,0.0,1.0,0.0,-1.0,0.0,0.0,1.0,0.0,0.0,0.0,1.0,0.0,-1.0,0.0,0.0,1.0
selection_retest,historical:A_reference,100,100,b03,0e8f3f1b4ee6e7e6f48069659fd0fd1a08fe0c9b19a5082f707d47315f8551f8,matched_buffer_control,train,False,0,1.0,1.0,0.0,0.0,0.0,0.0,0.0,0.0,0.0,1.0,1.0,0.0,0.0,0.0,0.0,0.0,0.0,0.0
selection_retest,historical:A_reference,100,100,b04,27efbd6bc5dd9e1b629628ddc1ebcd9a29aed2df4deec4e313d91ec273654991,stale,train,False,0,0.0,0.0,0.0,1.0,1.0,0.0,0.0,0.0,0.0,0.0,0.0,0.0,1.0,1.0,0.0,0.0,0.0,0.0
selection_retest,historical:A_reference,100,100,b05,27efbd6bc5dd9e1b629628ddc1ebcd9a29aed2df4deec4e313d91ec273654991,matched_buffer_control,train,False,0,1.0,1.0,0.0,0.0,0.0,0.0,0.0,0.0,0.0,1.0,1.0,0.0,0.0,0.0,0.0,0.0,0.0,0.0
selection_retest,historical:A_reference,100,100,b06,39ae394166b56ca17d0a9267497f5e6db270595394b437bc40b499c95bc78744,stale,train,False,0,0.0,0.0,0.0,0.0,0.0,0.0,0.0,0.0,0.0,0.0,0.0,0.0,0.0,0.0,0.0,0.0,0.0,0.0
selection_retest,historical:A_reference,100,100,b07,39ae394166b56ca17d0a9267497f5e6db270595394b437bc40b499c95bc78744,matched_buffer_control,train,False,0,1.0,1.0,0.0,0.0,0.0,0.0,0.0,0.0,0.0,1.0,1.0,0.0,0.0,0.0,0.0,0.0,0.0,0.0
selection_retest,historical:A_reference,100,100,b08,41989ab7c42dd1f5a1560c6d68eb3e10f4dc95658f9e6996a1fd971d7b68523f,stale,train,False,0,0.0,0.0,0.0,0.0,0.0,0.0,0.0,0.0,0.0,0.0,0.0,0.0,0.0,0.0,0.0,0.0,0.0,0.0
selection_retest,historical:A_reference,100,100,b09,41989ab7c42dd1f5a1560c6d68eb3e10f4dc95658f9e6996a1fd971d7b68523f,matched_buffer_control,train,False,0,1.0,1.0,0.0,0.0,0.0,0.0,0.0,0.0,0.0,1.0,1.0,0.0,0.0,0.0,0.0,0.0,0.0,0.0
selection_retest,historical:A_reference,100,100,b10,4a518b7b91be76bb81c43ac29c9d0e2ee35355fd5871e30c532f8857c02e61a3,stale,train,False,0,1.0,1.0,0.0,0.0,0.0,0.0,0.0,0.0,0.0,1.0,1.0,0.0,0.0,0.0,0.0,0.0,0.0,0.0
selection_retest,historical:A_reference,100,100,b11,4a518b7b91be76bb81c43ac29c9d0e2ee35355fd5871e30c532f8857c02e61a3,matched_buffer_control,train,False,0,1.0,1.0,0.0,0.0,0.0,0.0,0.0,0.0,0.0,1.0,1.0,0.0,0.0,0.0,0.0,0.0,0.0,0.0
selection_retest,historical:A_reference,100,100,b12,0f67f98671271145b7573e71f168456a1ca92b9de145b82fe1475ae3f450a85d,stale,train,False,0,1.0,1.0,0.0,0.0,0.0,0.0,0.0,0.0,0.0,1.0,1.0,0.0,0.0,0.0,0.0,0.0,0.0,0.0
selection_retest,historical:A_reference,100,100,b13,0f67f98671271145b7573e71f168456a1ca92b9de145b82fe1475ae3f450a85d,matched_buffer_control,train,False,0,1.0,1.0,0.0,0.0,0.0,0.0,0.0,0.0,0.0,1.0,1.0,0.0,0.0,0.0,0.0,0.0,0.0,0.0
selection_retest,historical:A_reference,100,100,b14,50ab01eec73dc30b12da994b8ffb685df81ab1380168746c6a27690e5eff1087,stale,train,False,0,0.0,0.0,0.0,0.0,0.0,0.0,0.0,0.0,0.0,0.0,0.0,0.0,0.0,0.0,0.0,0.0,0.0,0.0
selection_retest,historical:A_reference,100,100,b15,50ab01eec73dc30b12da994b8ffb685df81ab1380168746c6a27690e5eff1087,matched_buffer_control,train,False,0,1.0,1.0,0.0,0.0,0.0,0.0,0.0,0.0,0.0,1.0,1.0,0.0,0.0,0.0,0.0,0.0,0.0,0.0
selection_retest,historical:A_reference,100,100,b16,5202cf46c6a3a259c3c924c628697cec8c3a284d0853d152f57cfdd905baca45,stale,train,False,0,0.0,0.0,0.0,0.0,0.0,0.0,0.0,0.0,0.0,0.0,0.0,0.0,0.0,0.0,0.0,0.0,0.0,0.0
selection_retest,historical:A_reference,100,100,b17,5202cf46c6a3a259c3c924c628697cec8c3a284d0853d152f57cfdd905baca45,matched_buffer_control,train,False,0,1.0,1.0,0.0,0.0,0.0,0.0,0.0,0.0,0.0,1.0,1.0,0.0,0.0,0.0,0.0,0.0,0.0,0.0
selection_retest,historical:A_reference,100,100,b18,55a791e7d4187ccc4fa8d76e3f770d102f8cbf6c00a014e2db05334ba0d8018a,stale,train,False,0,0.0,0.0,0.0,0.0,0.0,0.0,0.0,0.0,0.0,0.0,0.0,0.0,0.0,0.0,0.0,0.0,0.0,0.0
selection_retest,historical:A_reference,100,100,b19,55a791e7d4187ccc4fa8d76e3f770d102f8cbf6c00a014e2db05334ba0d8018a,matched_buffer_control,train,False,0,1.0,1.0,0.0,0.0,0.0,0.0,0.0,0.0,0.0,1.0,1.0,0.0,0.0,0.0,0.0,0.0,0.0,0.0
selection_retest,historical:A_reference,100,100,b20,6f712d8424dbc8e18b823f0b0e77a498645f8ea3df63adf1b5ec916dcd7ba14c,stale,train,False,0,0.0,0.0,0.0,1.0,1.0,0.0,0.0,0.0,0.0,0.0,0.0,0.0,1.0,1.0,0.0,0.0,0.0,0.0
selection_retest,historical:A_reference,100,100,b21,6f712d8424dbc8e18b823f0b0e77a498645f8ea3df63adf1b5ec916dcd7ba14c,matched_buffer_control,train,False,0,1.0,1.0,0.0,0.0,0.0,0.0,0.0,0.0,0.0,1.0,1.0,0.0,0.0,0.0,0.0,0.0,0.0,0.0
selection_retest,historical:A_reference,100,100,b22,7c37bc461026a4c0baa8f078d0044e9be9dbac54215649145889b00de22372bc,stale,train,False,0,1.0,1.0,0.0,0.0,0.0,0.0,0.0,0.0,0.0,1.0,1.0,0.0,0.0,0.0,0.0,0.0,0.0,0.0
selection_retest,historical:A_reference,100,100,b23,7c37bc461026a4c0baa8f078d0044e9be9dbac54215649145889b00de22372bc,matched_buffer_control,train,False,0,1.0,1.0,0.0,0.0,0.0,0.0,0.0,0.0,0.0,1.0,1.0,0.0,0.0,0.0,0.0,0.0,0.0,0.0
