episode_id,source,condition,role,phase,repeat,option,bundle_id,bundle_sha256,policy_seed_override,controller_resume_base_step,horizon,accident,calls,completion_cost,controller_steps,reason,steps,success,success_step
e00,0815f4806fc9a4fbd58c6627c8b92fd77f1b80ad4b8b4cd6d0c6e0541d488a7b,glass,fitting,A,0,0,67f2d59d9d156c981ccd9d688583c23d6603f5d71b284bfad5ccdb9cd9bbe513,2c68fc588a4062889c788d8b38fbbef9388e8f1e0b74eaa2f59595db4c411e64,,,220,1,35,220,0,accident,35,0,
e00,0815f4806fc9a4fbd58c6627c8b92fd77f1b80ad4b8b4cd6d0c6e0541d488a7b,glass,fitting,A,0,0,67f2d59d9d156c981ccd9d688583c23d6603f5d71b284bfad5ccdb9cd9bbe513,2c68fc588a4062889c788d8b38fbbef9388e8f1e0b74eaa2f59595db4c411e64,,,440,1,35,440,0,accident,35,0,
e00,0815f4806fc9a4fbd58c6627c8b92fd77f1b80ad4b8b4cd6d0c6e0541d488a7b,glass,fitting,A,0,1,67f2d59d9d156c981ccd9d688583c23d6603f5d71b284bfad5ccdb9cd9bbe513,2c68fc588a4062889c788d8b38fbbef9388e8f1e0b74eaa2f59595db4c411e64,,,220,0,1,220,220,timeout,220,0,
e00,0815f4806fc9a4fbd58c6627c8b92fd77f1b80ad4b8b4cd6d0c6e0541d488a7b,glass,fitting,A,0,1,67f2d59d9d156c981ccd9d688583c23d6603f5d71b284bfad5ccdb9cd9bbe513,2c68fc588a4062889c788d8b38fbbef9388e8f1e0b74eaa2f59595db4c411e64,,,440,0,1,440,440,timeout,440,0,
e00,0815f4806fc9a4fbd58c6627c8b92fd77f1b80ad4b8b4cd6d0c6e0541d488a7b,glass,fitting,A,1,1,67f2d59d9d156c981ccd9d688583c23d6603f5d71b284bfad5ccdb9cd9bbe513,2c68fc588a4062889c788d8b38fbbef9388e8f1e0b74eaa2f59595db4c411e64,,,220,0,1,220,220,timeout,220,0,
e00,0815f4806fc9a4fbd58c6627c8b92fd77f1b80ad4b8b4cd6d0c6e0541d488a7b,glass,fitting,A,1,1,67f2d59d9d156c981ccd9d688583c23d6603f5d71b284bfad5ccdb9cd9bbe513,2c68fc588a4062889c788d8b38fbbef9388e8f1e0b74eaa2f59595db4c411e64,,,440,0,1,440,440,timeout,440,0,
e00,0815f4806fc9a4fbd58c6627c8b92fd77f1b80ad4b8b4cd6d0c6e0541d488a7b,glass,fitting,A,1,0,67f2d59d9d156c981ccd9d688583c23d6603f5d71b284bfad5ccdb9cd9bbe513,2c68fc588a4062889c788d8b38fbbef9388e8f1e0b74eaa2f59595db4c411e64,,,220,1,38,220,0,accident,38,0,
e00,0815f4806fc9a4fbd58c6627c8b92fd77f1b80ad4b8b4cd6d0c6e0541d488a7b,glass,fitting,A,1,0,67f2d59d9d156c981ccd9d688583c23d6603f5d71b284bfad5ccdb9cd9bbe513,2c68fc588a4062889c788d8b38fbbef9388e8f1e0b74eaa2f59595db4c411e64,,,440,1,38,440,0,accident,38,0,
e01,0815f4806fc9a4fbd58c6627c8b92fd77f1b80ad4b8b4cd6d0c6e0541d488a7b,offpath,fitting,A,0,1,c3632d24e345bf9aa66a0ab9f6485fbb73637cb6290e813c2ce5682261bdd717,052583fe9d1eabe99f5bdcff93fe7c3ff50f723bdf575011374440b6fc2500d0,,,220,0,3,217,215,success,217,1,217
e01,0815f4806fc9a4fbd58c6627c8b92fd77f1b80ad4b8b4cd6d0c6e0541d488a7b,offpath,fitting,A,0,1,c3632d24e345bf9aa66a0ab9f6485fbb73637cb6290e813c2ce5682261bdd717,052583fe9d1eabe99f5bdcff93fe7c3ff50f723bdf575011374440b6fc2500d0,,,440,0,3,217,215,success,217,1,217
e01,0815f4806fc9a4fbd58c6627c8b92fd77f1b80ad4b8b4cd6d0c6e0541d488a7b,offpath,fitting,A,0,0,c3632d24e345bf9aa66a0ab9f6485fbb73637cb6290e813c2ce5682261bdd717,052583fe9d1eabe99f5bdcff93fe7c3ff50f723bdf575011374440b6fc2500d0,,,220,0,99,99,0,success,99,1,99
e01,0815f4806fc9a4fbd58c6627c8b92fd77f1b80ad4b8b4cd6d0c6e0541d488a7b,offpath,fitting,A,0,0,c3632d24e345bf9aa66a0ab9f6485fbb73637cb6290e813c2ce5682261bdd717,052583fe9d1eabe99f5bdcff93fe7c3ff50f723bdf575011374440b6fc2500d0,,,440,0,99,99,0,success,99,1,99
e01,0815f4806fc9a4fbd58c6627c8b92fd77f1b80ad4b8b4cd6d0c6e0541d488a7b,offpath,fitting,A,1,0,c3632d24e345bf9aa66a0ab9f6485fbb73637cb6290e813c2ce5682261bdd717,052583fe9d1eabe99f5bdcff93fe7c3ff50f723bdf575011374440b6fc2500d0,,,220,0,82,82,0,success,82,1,82
e01,0815f4806fc9a4fbd58c6627c8b92fd77f1b80ad4b8b4cd6d0c6e0541d488a7b,offpath,fitting,A,1,0,c3632d24e345bf9aa66a0ab9f6485fbb73637cb6290e813c2ce5682261bdd717,052583fe9d1eabe99f5bdcff93fe7c3ff50f723bdf575011374440b6fc2500d0,,,440,0,82,82,0,success,82,1,82
e01,0815f4806fc9a4fbd58c6627c8b92fd77f1b80ad4b8b4cd6d0c6e0541d488a7b,offpath,fitting,A,1,1,c3632d24e345bf9aa66a0ab9f6485fbb73637cb6290e813c2ce5682261bdd717,052583fe9d1eabe99f5bdcff93fe7c3ff50f723bdf575011374440b6fc2500d0,,,220,0,3,217,215,success,217,1,217
e01,0815f4806fc9a4fbd58c6627c8b92fd77f1b80ad4b8b4cd6d0c6e0541d488a7b,offpath,fitting,A,1,1,c3632d24e345bf9aa66a0ab9f6485fbb73637cb6290e813c2ce5682261bdd717,052583fe9d1eabe99f5bdcff93fe7c3ff50f723bdf575011374440b6fc2500d0,,,440,0,3,217,215,success,217,1,217
e02,0815f4806fc9a4fbd58c6627c8b92fd77f1b80ad4b8b4cd6d0c6e0541d488a7b,noglass,fitting,A,0,0,30a7a37be808d48f902a3ead95880875cb59109e0d515930d6cd81b273d25a2a,eefd24cf9699a1ed3ba46ee9e2564e066842dcd017dce2d932ce906c2db5f463,,,220,0,103,103,0,success,103,1,103
e02,0815f4806fc9a4fbd58c6627c8b92fd77f1b80ad4b8b4cd6d0c6e0541d488a7b,noglass,fitting,A,0,0,30a7a37be808d48f902a3ead95880875cb59109e0d515930d6cd81b273d25a2a,eefd24cf9699a1ed3ba46ee9e2564e066842dcd017dce2d932ce906c2db5f463,,,440,0,103,103,0,success,103,1,103
e02,0815f4806fc9a4fbd58c6627c8b92fd77f1b80ad4b8b4cd6d0c6e0541d488a7b,noglass,fitting,A,0,1,30a7a37be808d48f902a3ead95880875cb59109e0d515930d6cd81b273d25a2a,eefd24cf9699a1ed3ba46ee9e2564e066842dcd017dce2d932ce906c2db5f463,,,220,0,2,220,219,timeout,220,0,
e02,0815f4806fc9a4fbd58c6627c8b92fd77f1b80ad4b8b4cd6d0c6e0541d488a7b,noglass,fitting,A,0,1,30a7a37be808d48f902a3ead95880875cb59109e0d515930d6cd81b273d25a2a,eefd24cf9699a1ed3ba46ee9e2564e066842dcd017dce2d932ce906c2db5f463,,,440,0,2,440,439,timeout,440,0,
e02,0815f4806fc9a4fbd58c6627c8b92fd77f1b80ad4b8b4cd6d0c6e0541d488a7b,noglass,fitting,A,1,1,30a7a37be808d48f902a3ead95880875cb59109e0d515930d6cd81b273d25a2a,eefd24cf9699a1ed3ba46ee9e2564e066842dcd017dce2d932ce906c2db5f463,,,220,0,2,220,219,timeout,220,0,
e02,0815f4806fc9a4fbd58c6627c8b92fd77f1b80ad4b8b4cd6d0c6e0541d488a7b,noglass,fitting,A,1,1,30a7a37be808d48f902a3ead95880875cb59109e0d515930d6cd81b273d25a2a,eefd24cf9699a1ed3ba46ee9e2564e066842dcd017dce2d932ce906c2db5f463,,,440,0,2,440,439,timeout,440,0,
e02,0815f4806fc9a4fbd58c6627c8b92fd77f1b80ad4b8b4cd6d0c6e0541d488a7b,noglass,fitting,A,1,0,30a7a37be808d48f902a3ead95880875cb59109e0d515930d6cd81b273d25a2a,eefd24cf9699a1ed3ba46ee9e2564e066842dcd017dce2d932ce906c2db5f463,,,220,0,101,101,0,success,101,1,101
e02,0815f4806fc9a4fbd58c6627c8b92fd77f1b80ad4b8b4cd6d0c6e0541d488a7b,noglass,fitting,A,1,0,30a7a37be808d48f902a3ead95880875cb59109e0d515930d6cd81b273d25a2a,eefd24cf9699a1ed3ba46ee9e2564e066842dcd017dce2d932ce906c2db5f463,,,440,0,101,101,0,success,101,1,101
e03,28c563172e6e13a0d3d84f1527243878c67a2140fa8c9a81ecb8b81ec9402dc8,glass,fitting,A,0,1,bef96ad3c888b699b65fd9eb29bf082f6faffd92deb02cabee5f3b0b1b98683b,5bc8a87cba47e5d206679c72227908533f916f0f83cbcd873c672e79161c870f,,,220,0,18,197,180,success,197,1,197
e03,28c563172e6e13a0d3d84f1527243878c67a2140fa8c9a81ecb8b81ec9402dc8,glass,fitting,A,0,1,bef96ad3c888b699b65fd9eb29bf082f6faffd92deb02cabee5f3b0b1b98683b,5bc8a87cba47e5d206679c72227908533f916f0f83cbcd873c672e79161c870f,,,440,0,18,197,180,success,197,1,197
e03,28c563172e6e13a0d3d84f1527243878c67a2140fa8c9a81ecb8b81ec9402dc8,glass,fitting,A,0,0,bef96ad3c888b699b65fd9eb29bf082f6faffd92deb02cabee5f3b0b1b98683b,5bc8a87cba47e5d206679c72227908533f916f0f83cbcd873c672e79161c870f,,,220,0,80,80,0,success,80,1,80
e03,28c563172e6e13a0d3d84f1527243878c67a2140fa8c9a81ecb8b81ec9402dc8,glass,fitting,A,0,0,bef96ad3c888b699b65fd9eb29bf082f6faffd92deb02cabee5f3b0b1b98683b,5bc8a87cba47e5d206679c72227908533f916f0f83cbcd873c672e79161c870f,,,440,0,80,80,0,success,80,1,80
e03,28c563172e6e13a0d3d84f1527243878c67a2140fa8c9a81ecb8b81ec9402dc8,glass,fitting,A,1,0,bef96ad3c888b699b65fd9eb29bf082f6faffd92deb02cabee5f3b0b1b98683b,5bc8a87cba47e5d206679c72227908533f916f0f83cbcd873c672e79161c870f,,,220,0,73,73,0,success,73,1,73
e03,28c563172e6e13a0d3d84f1527243878c67a2140fa8c9a81ecb8b81ec9402dc8,glass,fitting,A,1,0,bef96ad3c888b699b65fd9eb29bf082f6faffd92deb02cabee5f3b0b1b98683b,5bc8a87cba47e5d206679c72227908533f916f0f83cbcd873c672e79161c870f,,,440,0,73,73,0,success,73,1,73
e03,28c563172e6e13a0d3d84f1527243878c67a2140fa8c9a81ecb8b81ec9402dc8,glass,fitting,A,1,1,bef96ad3c888b699b65fd9eb29bf082f6faffd92deb02cabee5f3b0b1b98683b,5bc8a87cba47e5d206679c72227908533f916f0f83cbcd873c672e79161c870f,,,220,0,18,197,180,success,197,1,197
e03,28c563172e6e13a0d3d84f1527243878c67a2140fa8c9a81ecb8b81ec9402dc8,glass,fitting,A,1,1,bef96ad3c888b699b65fd9eb29bf082f6faffd92deb02cabee5f3b0b1b98683b,5bc8a87cba47e5d206679c72227908533f916f0f83cbcd873c672e79161c870f,,,440,0,18,197,180,success,197,1,197
e04,28c563172e6e13a0d3d84f1527243878c67a2140fa8c9a81ecb8b81ec9402dc8,offpath,fitting,A,0,0,3e381b80d03f71e4aa71ec283293af6769a6eb84061bc2da7db13bbecd4e8d28,de61e46a0f8a58da97db8e214539dd8ff6583e6b8e9bd9022eddfbabf5290da4,,,220,0,92,92,0,success,92,1,92
e04,28c563172e6e13a0d3d84f1527243878c67a2140fa8c9a81ecb8b81ec9402dc8,offpath,fitting,A,0,0,3e381b80d03f71e4aa71ec283293af6769a6eb84061bc2da7db13bbecd4e8d28,de61e46a0f8a58da97db8e214539dd8ff6583e6b8e9bd9022eddfbabf5290da4,,,440,0,92,92,0,success,92,1,92
e04,28c563172e6e13a0d3d84f1527243878c67a2140fa8c9a81ecb8b81ec9402dc8,offpath,fitting,A,0,1,3e381b80d03f71e4aa71ec283293af6769a6eb84061bc2da7db13bbecd4e8d28,de61e46a0f8a58da97db8e214539dd8ff6583e6b8e9bd9022eddfbabf5290da4,,,220,0,26,220,195,timeout,220,0,
e04,28c563172e6e13a0d3d84f1527243878c67a2140fa8c9a81ecb8b81ec9402dc8,offpath,fitting,A,0,1,3e381b80d03f71e4aa71ec283293af6769a6eb84061bc2da7db13bbecd4e8d28,de61e46a0f8a58da97db8e214539dd8ff6583e6b8e9bd9022eddfbabf5290da4,,,440,0,26,440,415,timeout,440,0,
e04,28c563172e6e13a0d3d84f1527243878c67a2140fa8c9a81ecb8b81ec9402dc8,offpath,fitting,A,1,1,3e381b80d03f71e4aa71ec283293af6769a6eb84061bc2da7db13bbecd4e8d28,de61e46a0f8a58da97db8e214539dd8ff6583e6b8e9bd9022eddfbabf5290da4,,,220,0,26,220,195,timeout,220,0,
e04,28c563172e6e13a0d3d84f1527243878c67a2140fa8c9a81ecb8b81ec9402dc8,offpath,fitting,A,1,1,3e381b80d03f71e4aa71ec283293af6769a6eb84061bc2da7db13bbecd4e8d28,de61e46a0f8a58da97db8e214539dd8ff6583e6b8e9bd9022eddfbabf5290da4,,,440,0,26,440,415,timeout,440,0,
e04,28c563172e6e13a0d3d84f1527243878c67a2140fa8c9a81ecb8b81ec9402dc8,offpath,fitting,A,1,0,3e381b80d03f71e4aa71ec283293af6769a6eb84061bc2da7db13bbecd4e8d28,de61e46a0f8a58da97db8e214539dd8ff6583e6b8e9bd9022eddfbabf5290da4,,,220,0,220,220,0,timeout,220,0,
e04,28c563172e6e13a0d3d84f1527243878c67a2140fa8c9a81ecb8b81ec9402dc8,offpath,fitting,A,1,0,3e381b80d03f71e4aa71ec283293af6769a6eb84061bc2da7db13bbecd4e8d28,de61e46a0f8a58da97db8e214539dd8ff6583e6b8e9bd9022eddfbabf5290da4,,,440,0,440,440,0,timeout,440,0,
e05,28c563172e6e13a0d3d84f1527243878c67a2140fa8c9a81ecb8b81ec9402dc8,noglass,fitting,A,0,1,df397e1af075048907ff3511b0b26aca88ff0854e35c7310d37a8df0386e24e6,fc9b943db260c7e6debdd82159a748fdd912f2387a5cf25832e9e23b67fbdf6c,,,220,0,20,220,201,success,220,1,220
e05,28c563172e6e13a0d3d84f1527243878c67a2140fa8c9a81ecb8b81ec9402dc8,noglass,fitting,A,0,1,df397e1af075048907ff3511b0b26aca88ff0854e35c7310d37a8df0386e24e6,fc9b943db260c7e6debdd82159a748fdd912f2387a5cf25832e9e23b67fbdf6c,,,440,0,20,220,201,success,220,1,220
e05,28c563172e6e13a0d3d84f1527243878c67a2140fa8c9a81ecb8b81ec9402dc8,noglass,fitting,A,0,0,df397e1af075048907ff3511b0b26aca88ff0854e35c7310d37a8df0386e24e6,fc9b943db260c7e6debdd82159a748fdd912f2387a5cf25832e9e23b67fbdf6c,,,220,0,90,90,0,success,90,1,90
e05,28c563172e6e13a0d3d84f1527243878c67a2140fa8c9a81ecb8b81ec9402dc8,noglass,fitting,A,0,0,df397e1af075048907ff3511b0b26aca88ff0854e35c7310d37a8df0386e24e6,fc9b943db260c7e6debdd82159a748fdd912f2387a5cf25832e9e23b67fbdf6c,,,440,0,90,90,0,success,90,1,90
e05,28c563172e6e13a0d3d84f1527243878c67a2140fa8c9a81ecb8b81ec9402dc8,noglass,fitting,A,1,0,df397e1af075048907ff3511b0b26aca88ff0854e35c7310d37a8df0386e24e6,fc9b943db260c7e6debdd82159a748fdd912f2387a5cf25832e9e23b67fbdf6c,,,220,0,86,86,0,success,86,1,86
e05,28c563172e6e13a0d3d84f1527243878c67a2140fa8c9a81ecb8b81ec9402dc8,noglass,fitting,A,1,0,df397e1af075048907ff3511b0b26aca88ff0854e35c7310d37a8df0386e24e6,fc9b943db260c7e6debdd82159a748fdd912f2387a5cf25832e9e23b67fbdf6c,,,440,0,86,86,0,success,86,1,86
e05,28c563172e6e13a0d3d84f1527243878c67a2140fa8c9a81ecb8b81ec9402dc8,noglass,fitting,A,1,1,df397e1af075048907ff3511b0b26aca88ff0854e35c7310d37a8df0386e24e6,fc9b943db260c7e6debdd82159a748fdd912f2387a5cf25832e9e23b67fbdf6c,,,220,0,20,220,201,success,220,1,220
e05,28c563172e6e13a0d3d84f1527243878c67a2140fa8c9a81ecb8b81ec9402dc8,noglass,fitting,A,1,1,df397e1af075048907ff3511b0b26aca88ff0854e35c7310d37a8df0386e24e6,fc9b943db260c7e6debdd82159a748fdd912f2387a5cf25832e9e23b67fbdf6c,,,440,0,20,220,201,success,220,1,220
e06,69fa7e93588c6aea4b134efa44633d38556ce1656b46df276021920a664881a3,glass,fitting,A,0,0,9cb24109890ea5615fd651c75ca04f3ea4f343ab216093d04db37b1772540739,f6b781cbd9cc1f49f003c1a1984f2bb000421cd029c7d998bbefa89c50ad4d5b,,,220,1,38,220,0,accident,38,0,
e06,69fa7e93588c6aea4b134efa44633d38556ce1656b46df276021920a664881a3,glass,fitting,A,0,0,9cb24109890ea5615fd651c75ca04f3ea4f343ab216093d04db37b1772540739,f6b781cbd9cc1f49f003c1a1984f2bb000421cd029c7d998bbefa89c50ad4d5b,,,440,1,38,440,0,accident,38,0,
e06,69fa7e93588c6aea4b134efa44633d38556ce1656b46df276021920a664881a3,glass,fitting,A,0,1,9cb24109890ea5615fd651c75ca04f3ea4f343ab216093d04db37b1772540739,f6b781cbd9cc1f49f003c1a1984f2bb000421cd029c7d998bbefa89c50ad4d5b,,,220,0,1,220,220,timeout,220,0,
e06,69fa7e93588c6aea4b134efa44633d38556ce1656b46df276021920a664881a3,glass,fitting,A,0,1,9cb24109890ea5615fd651c75ca04f3ea4f343ab216093d04db37b1772540739,f6b781cbd9cc1f49f003c1a1984f2bb000421cd029c7d998bbefa89c50ad4d5b,,,440,0,1,440,440,timeout,440,0,
e06,69fa7e93588c6aea4b134efa44633d38556ce1656b46df276021920a664881a3,glass,fitting,A,1,1,9cb24109890ea5615fd651c75ca04f3ea4f343ab216093d04db37b1772540739,f6b781cbd9cc1f49f003c1a1984f2bb000421cd029c7d998bbefa89c50ad4d5b,,,220,0,1,220,220,timeout,220,0,
e06,69fa7e93588c6aea4b134efa44633d38556ce1656b46df276021920a664881a3,glass,fitting,A,1,1,9cb24109890ea5615fd651c75ca04f3ea4f343ab216093d04db37b1772540739,f6b781cbd9cc1f49f003c1a1984f2bb000421cd029c7d998bbefa89c50ad4d5b,,,440,0,1,440,440,timeout,440,0,
e06,69fa7e93588c6aea4b134efa44633d38556ce1656b46df276021920a664881a3,glass,fitting,A,1,0,9cb24109890ea5615fd651c75ca04f3ea4f343ab216093d04db37b1772540739,f6b781cbd9cc1f49f003c1a1984f2bb000421cd029c7d998bbefa89c50ad4d5b,,,220,1,38,220,0,accident,38,0,
e06,69fa7e93588c6aea4b134efa44633d38556ce1656b46df276021920a664881a3,glass,fitting,A,1,0,9cb24109890ea5615fd651c75ca04f3ea4f343ab216093d04db37b1772540739,f6b781cbd9cc1f49f003c1a1984f2bb000421cd029c7d998bbefa89c50ad4d5b,,,440,1,38,440,0,accident,38,0,
e07,69fa7e93588c6aea4b134efa44633d38556ce1656b46df276021920a664881a3,offpath,fitting,A,0,1,ab82d9837ed36c7881495c71bf1f852c3f9ee78842c08e887e2afb3fcef9c4bd,cb294e40adce24574017fea3be5a01dce747dc4a5f09e2f9968a7c7f7ce8ff3b,,,220,0,1,199,199,success,199,1,199
e07,69fa7e93588c6aea4b134efa44633d38556ce1656b46df276021920a664881a3,offpath,fitting,A,0,1,ab82d9837ed36c7881495c71bf1f852c3f9ee78842c08e887e2afb3fcef9c4bd,cb294e40adce24574017fea3be5a01dce747dc4a5f09e2f9968a7c7f7ce8ff3b,,,440,0,1,199,199,success,199,1,199
e07,69fa7e93588c6aea4b134efa44633d38556ce1656b46df276021920a664881a3,offpath,fitting,A,0,0,ab82d9837ed36c7881495c71bf1f852c3f9ee78842c08e887e2afb3fcef9c4bd,cb294e40adce24574017fea3be5a01dce747dc4a5f09e2f9968a7c7f7ce8ff3b,,,220,0,85,85,0,success,85,1,85
e07,69fa7e93588c6aea4b134efa44633d38556ce1656b46df276021920a664881a3,offpath,fitting,A,0,0,ab82d9837ed36c7881495c71bf1f852c3f9ee78842c08e887e2afb3fcef9c4bd,cb294e40adce24574017fea3be5a01dce747dc4a5f09e2f9968a7c7f7ce8ff3b,,,440,0,85,85,0,success,85,1,85
e07,69fa7e93588c6aea4b134efa44633d38556ce1656b46df276021920a664881a3,offpath,fitting,A,1,0,ab82d9837ed36c7881495c71bf1f852c3f9ee78842c08e887e2afb3fcef9c4bd,cb294e40adce24574017fea3be5a01dce747dc4a5f09e2f9968a7c7f7ce8ff3b,,,220,0,84,84,0,success,84,1,84
e07,69fa7e93588c6aea4b134efa44633d38556ce1656b46df276021920a664881a3,offpath,fitting,A,1,0,ab82d9837ed36c7881495c71bf1f852c3f9ee78842c08e887e2afb3fcef9c4bd,cb294e40adce24574017fea3be5a01dce747dc4a5f09e2f9968a7c7f7ce8ff3b,,,440,0,84,84,0,success,84,1,84
e07,69fa7e93588c6aea4b134efa44633d38556ce1656b46df276021920a664881a3,offpath,fitting,A,1,1,ab82d9837ed36c7881495c71bf1f852c3f9ee78842c08e887e2afb3fcef9c4bd,cb294e40adce24574017fea3be5a01dce747dc4a5f09e2f9968a7c7f7ce8ff3b,,,220,0,1,199,199,success,199,1,199
e07,69fa7e93588c6aea4b134efa44633d38556ce1656b46df276021920a664881a3,offpath,fitting,A,1,1,ab82d9837ed36c7881495c71bf1f852c3f9ee78842c08e887e2afb3fcef9c4bd,cb294e40adce24574017fea3be5a01dce747dc4a5f09e2f9968a7c7f7ce8ff3b,,,440,0,1,199,199,success,199,1,199
e08,69fa7e93588c6aea4b134efa44633d38556ce1656b46df276021920a664881a3,noglass,fitting,A,0,0,55e46660296b13305b1602b7eb9cd5a6563dcdb07a99dfd7f339f76e7e5519a6,a035843ee36228270412b5a2d03322f88fa766fe96bc386c271100c48813ca3b,,,220,0,82,82,0,success,82,1,82
e08,69fa7e93588c6aea4b134efa44633d38556ce1656b46df276021920a664881a3,noglass,fitting,A,0,0,55e46660296b13305b1602b7eb9cd5a6563dcdb07a99dfd7f339f76e7e5519a6,a035843ee36228270412b5a2d03322f88fa766fe96bc386c271100c48813ca3b,,,440,0,82,82,0,success,82,1,82
e08,69fa7e93588c6aea4b134efa44633d38556ce1656b46df276021920a664881a3,noglass,fitting,A,0,1,55e46660296b13305b1602b7eb9cd5a6563dcdb07a99dfd7f339f76e7e5519a6,a035843ee36228270412b5a2d03322f88fa766fe96bc386c271100c48813ca3b,,,220,0,1,206,206,success,206,1,206
e08,69fa7e93588c6aea4b134efa44633d38556ce1656b46df276021920a664881a3,noglass,fitting,A,0,1,55e46660296b13305b1602b7eb9cd5a6563dcdb07a99dfd7f339f76e7e5519a6,a035843ee36228270412b5a2d03322f88fa766fe96bc386c271100c48813ca3b,,,440,0,1,206,206,success,206,1,206
e08,69fa7e93588c6aea4b134efa44633d38556ce1656b46df276021920a664881a3,noglass,fitting,A,1,1,55e46660296b13305b1602b7eb9cd5a6563dcdb07a99dfd7f339f76e7e5519a6,a035843ee36228270412b5a2d03322f88fa766fe96bc386c271100c48813ca3b,,,220,0,1,206,206,success,206,1,206
e08,69fa7e93588c6aea4b134efa44633d38556ce1656b46df276021920a664881a3,noglass,fitting,A,1,1,55e46660296b13305b1602b7eb9cd5a6563dcdb07a99dfd7f339f76e7e5519a6,a035843ee36228270412b5a2d03322f88fa766fe96bc386c271100c48813ca3b,,,440,0,1,206,206,success,206,1,206
e08,69fa7e93588c6aea4b134efa44633d38556ce1656b46df276021920a664881a3,noglass,fitting,A,1,0,55e46660296b13305b1602b7eb9cd5a6563dcdb07a99dfd7f339f76e7e5519a6,a035843ee36228270412b5a2d03322f88fa766fe96bc386c271100c48813ca3b,,,220,0,87,87,0,success,87,1,87
e08,69fa7e93588c6aea4b134efa44633d38556ce1656b46df276021920a664881a3,noglass,fitting,A,1,0,55e46660296b13305b1602b7eb9cd5a6563dcdb07a99dfd7f339f76e7e5519a6,a035843ee36228270412b5a2d03322f88fa766fe96bc386c271100c48813ca3b,,,440,0,87,87,0,success,87,1,87
e09,76fe1d96587ab928f6fb5d7750ecd048fd712eb3d66aa60feb972a3d9d56c9d1,glass,fitting,A,0,1,6069e87e72cf7ab17fd7f3e3b3de74336cd41d99beb37f45ffdb65f62eb66715,341657e7602b67fa5f605fa1be9376a8185b0017ae521d06fffea000312c5529,,,220,1,19,220,76,accident,94,0,
e09,76fe1d96587ab928f6fb5d7750ecd048fd712eb3d66aa60feb972a3d9d56c9d1,glass,fitting,A,0,1,6069e87e72cf7ab17fd7f3e3b3de74336cd41d99beb37f45ffdb65f62eb66715,341657e7602b67fa5f605fa1be9376a8185b0017ae521d06fffea000312c5529,,,440,1,19,440,76,accident,94,0,
e09,76fe1d96587ab928f6fb5d7750ecd048fd712eb3d66aa60feb972a3d9d56c9d1,glass,fitting,A,0,0,6069e87e72cf7ab17fd7f3e3b3de74336cd41d99beb37f45ffdb65f62eb66715,341657e7602b67fa5f605fa1be9376a8185b0017ae521d06fffea000312c5529,,,220,0,81,81,0,success,81,1,81
e09,76fe1d96587ab928f6fb5d7750ecd048fd712eb3d66aa60feb972a3d9d56c9d1,glass,fitting,A,0,0,6069e87e72cf7ab17fd7f3e3b3de74336cd41d99beb37f45ffdb65f62eb66715,341657e7602b67fa5f605fa1be9376a8185b0017ae521d06fffea000312c5529,,,440,0,81,81,0,success,81,1,81
e09,76fe1d96587ab928f6fb5d7750ecd048fd712eb3d66aa60feb972a3d9d56c9d1,glass,fitting,A,1,0,6069e87e72cf7ab17fd7f3e3b3de74336cd41d99beb37f45ffdb65f62eb66715,341657e7602b67fa5f605fa1be9376a8185b0017ae521d06fffea000312c5529,,,220,1,34,220,0,accident,34,0,
e09,76fe1d96587ab928f6fb5d7750ecd048fd712eb3d66aa60feb972a3d9d56c9d1,glass,fitting,A,1,0,6069e87e72cf7ab17fd7f3e3b3de74336cd41d99beb37f45ffdb65f62eb66715,341657e7602b67fa5f605fa1be9376a8185b0017ae521d06fffea000312c5529,,,440,1,34,440,0,accident,34,0,
e09,76fe1d96587ab928f6fb5d7750ecd048fd712eb3d66aa60feb972a3d9d56c9d1,glass,fitting,A,1,1,6069e87e72cf7ab17fd7f3e3b3de74336cd41d99beb37f45ffdb65f62eb66715,341657e7602b67fa5f605fa1be9376a8185b0017ae521d06fffea000312c5529,,,220,1,19,220,76,accident,94,0,
e09,76fe1d96587ab928f6fb5d7750ecd048fd712eb3d66aa60feb972a3d9d56c9d1,glass,fitting,A,1,1,6069e87e72cf7ab17fd7f3e3b3de74336cd41d99beb37f45ffdb65f62eb66715,341657e7602b67fa5f605fa1be9376a8185b0017ae521d06fffea000312c5529,,,440,1,19,440,76,accident,94,0,
e10,76fe1d96587ab928f6fb5d7750ecd048fd712eb3d66aa60feb972a3d9d56c9d1,offpath,fitting,A,0,0,278472a534dedc53dd3b7698bb5ff6025b6464ba2c78b78cc2e145a3cf0d0905,fcabd9a989b2968cae6f6292f64336b813bd21cff78aa7760f5ee90dd3c837d6,,,220,0,81,81,0,success,81,1,81
e10,76fe1d96587ab928f6fb5d7750ecd048fd712eb3d66aa60feb972a3d9d56c9d1,offpath,fitting,A,0,0,278472a534dedc53dd3b7698bb5ff6025b6464ba2c78b78cc2e145a3cf0d0905,fcabd9a989b2968cae6f6292f64336b813bd21cff78aa7760f5ee90dd3c837d6,,,440,0,81,81,0,success,81,1,81
e10,76fe1d96587ab928f6fb5d7750ecd048fd712eb3d66aa60feb972a3d9d56c9d1,offpath,fitting,A,0,1,278472a534dedc53dd3b7698bb5ff6025b6464ba2c78b78cc2e145a3cf0d0905,fcabd9a989b2968cae6f6292f64336b813bd21cff78aa7760f5ee90dd3c837d6,,,220,0,14,220,207,timeout,220,0,
e10,76fe1d96587ab928f6fb5d7750ecd048fd712eb3d66aa60feb972a3d9d56c9d1,offpath,fitting,A,0,1,278472a534dedc53dd3b7698bb5ff6025b6464ba2c78b78cc2e145a3cf0d0905,fcabd9a989b2968cae6f6292f64336b813bd21cff78aa7760f5ee90dd3c837d6,,,440,0,14,440,427,timeout,440,0,
e10,76fe1d96587ab928f6fb5d7750ecd048fd712eb3d66aa60feb972a3d9d56c9d1,offpath,fitting,A,1,1,278472a534dedc53dd3b7698bb5ff6025b6464ba2c78b78cc2e145a3cf0d0905,fcabd9a989b2968cae6f6292f64336b813bd21cff78aa7760f5ee90dd3c837d6,,,220,0,14,220,207,timeout,220,0,
e10,76fe1d96587ab928f6fb5d7750ecd048fd712eb3d66aa60feb972a3d9d56c9d1,offpath,fitting,A,1,1,278472a534dedc53dd3b7698bb5ff6025b6464ba2c78b78cc2e145a3cf0d0905,fcabd9a989b2968cae6f6292f64336b813bd21cff78aa7760f5ee90dd3c837d6,,,440,0,14,440,427,timeout,440,0,
e10,76fe1d96587ab928f6fb5d7750ecd048fd712eb3d66aa60feb972a3d9d56c9d1,offpath,fitting,A,1,0,278472a534dedc53dd3b7698bb5ff6025b6464ba2c78b78cc2e145a3cf0d0905,fcabd9a989b2968cae6f6292f64336b813bd21cff78aa7760f5ee90dd3c837d6,,,220,0,78,78,0,success,78,1,78
e10,76fe1d96587ab928f6fb5d7750ecd048fd712eb3d66aa60feb972a3d9d56c9d1,offpath,fitting,A,1,0,278472a534dedc53dd3b7698bb5ff6025b6464ba2c78b78cc2e145a3cf0d0905,fcabd9a989b2968cae6f6292f64336b813bd21cff78aa7760f5ee90dd3c837d6,,,440,0,78,78,0,success,78,1,78
e11,76fe1d96587ab928f6fb5d7750ecd048fd712eb3d66aa60feb972a3d9d56c9d1,noglass,fitting,A,0,1,21f0a33ffc91b9cd2f9813e9f8b5c52d11aaf451981acf5693509217ebb96b40,7e7735c4aace356a3ddb0506c39c3e2d5f05dc4e6a907aa7800aa8bdd7a75c7d,,,220,0,13,210,198,success,210,1,210
e11,76fe1d96587ab928f6fb5d7750ecd048fd712eb3d66aa60feb972a3d9d56c9d1,noglass,fitting,A,0,1,21f0a33ffc91b9cd2f9813e9f8b5c52d11aaf451981acf5693509217ebb96b40,7e7735c4aace356a3ddb0506c39c3e2d5f05dc4e6a907aa7800aa8bdd7a75c7d,,,440,0,13,210,198,success,210,1,210
e11,76fe1d96587ab928f6fb5d7750ecd048fd712eb3d66aa60feb972a3d9d56c9d1,noglass,fitting,A,0,0,21f0a33ffc91b9cd2f9813e9f8b5c52d11aaf451981acf5693509217ebb96b40,7e7735c4aace356a3ddb0506c39c3e2d5f05dc4e6a907aa7800aa8bdd7a75c7d,,,220,0,72,72,0,success,72,1,72
e11,76fe1d96587ab928f6fb5d7750ecd048fd712eb3d66aa60feb972a3d9d56c9d1,noglass,fitting,A,0,0,21f0a33ffc91b9cd2f9813e9f8b5c52d11aaf451981acf5693509217ebb96b40,7e7735c4aace356a3ddb0506c39c3e2d5f05dc4e6a907aa7800aa8bdd7a75c7d,,,440,0,72,72,0,success,72,1,72
e11,76fe1d96587ab928f6fb5d7750ecd048fd712eb3d66aa60feb972a3d9d56c9d1,noglass,fitting,A,1,0,21f0a33ffc91b9cd2f9813e9f8b5c52d11aaf451981acf5693509217ebb96b40,7e7735c4aace356a3ddb0506c39c3e2d5f05dc4e6a907aa7800aa8bdd7a75c7d,,,220,0,74,74,0,success,74,1,74
e11,76fe1d96587ab928f6fb5d7750ecd048fd712eb3d66aa60feb972a3d9d56c9d1,noglass,fitting,A,1,0,21f0a33ffc91b9cd2f9813e9f8b5c52d11aaf451981acf5693509217ebb96b40,7e7735c4aace356a3ddb0506c39c3e2d5f05dc4e6a907aa7800aa8bdd7a75c7d,,,440,0,74,74,0,success,74,1,74
e11,76fe1d96587ab928f6fb5d7750ecd048fd712eb3d66aa60feb972a3d9d56c9d1,noglass,fitting,A,1,1,21f0a33ffc91b9cd2f9813e9f8b5c52d11aaf451981acf5693509217ebb96b40,7e7735c4aace356a3ddb0506c39c3e2d5f05dc4e6a907aa7800aa8bdd7a75c7d,,,220,0,13,210,198,success,210,1,210
e11,76fe1d96587ab928f6fb5d7750ecd048fd712eb3d66aa60feb972a3d9d56c9d1,noglass,fitting,A,1,1,21f0a33ffc91b9cd2f9813e9f8b5c52d11aaf451981acf5693509217ebb96b40,7e7735c4aace356a3ddb0506c39c3e2d5f05dc4e6a907aa7800aa8bdd7a75c7d,,,440,0,13,210,198,success,210,1,210
e12,821b498fc1fcb4e3c103635fa473d7577f718c4f633b273772954295c83ae585,glass,fitting,A,0,0,a86500b70748d096406ceba734be447a975cca3cb51431c057d09434aae3ed60,009925e54e1e7fa2d67e08f5b1527035d3bb0427a75f3527413978639c3d0ebf,,,220,1,40,220,0,accident,40,0,
e12,821b498fc1fcb4e3c103635fa473d7577f718c4f633b273772954295c83ae585,glass,fitting,A,0,0,a86500b70748d096406ceba734be447a975cca3cb51431c057d09434aae3ed60,009925e54e1e7fa2d67e08f5b1527035d3bb0427a75f3527413978639c3d0ebf,,,440,1,40,440,0,accident,40,0,
e12,821b498fc1fcb4e3c103635fa473d7577f718c4f633b273772954295c83ae585,glass,fitting,A,0,1,a86500b70748d096406ceba734be447a975cca3cb51431c057d09434aae3ed60,009925e54e1e7fa2d67e08f5b1527035d3bb0427a75f3527413978639c3d0ebf,,,220,0,7,220,214,timeout,220,0,
e12,821b498fc1fcb4e3c103635fa473d7577f718c4f633b273772954295c83ae585,glass,fitting,A,0,1,a86500b70748d096406ceba734be447a975cca3cb51431c057d09434aae3ed60,009925e54e1e7fa2d67e08f5b1527035d3bb0427a75f3527413978639c3d0ebf,,,440,1,7,440,266,accident,272,0,
e12,821b498fc1fcb4e3c103635fa473d7577f718c4f633b273772954295c83ae585,glass,fitting,A,1,1,a86500b70748d096406ceba734be447a975cca3cb51431c057d09434aae3ed60,009925e54e1e7fa2d67e08f5b1527035d3bb0427a75f3527413978639c3d0ebf,,,220,0,7,220,214,timeout,220,0,
e12,821b498fc1fcb4e3c103635fa473d7577f718c4f633b273772954295c83ae585,glass,fitting,A,1,1,a86500b70748d096406ceba734be447a975cca3cb51431c057d09434aae3ed60,009925e54e1e7fa2d67e08f5b1527035d3bb0427a75f3527413978639c3d0ebf,,,440,1,7,440,266,accident,272,0,
e12,821b498fc1fcb4e3c103635fa473d7577f718c4f633b273772954295c83ae585,glass,fitting,A,1,0,a86500b70748d096406ceba734be447a975cca3cb51431c057d09434aae3ed60,009925e54e1e7fa2d67e08f5b1527035d3bb0427a75f3527413978639c3d0ebf,,,220,1,36,220,0,accident,36,0,
e12,821b498fc1fcb4e3c103635fa473d7577f718c4f633b273772954295c83ae585,glass,fitting,A,1,0,a86500b70748d096406ceba734be447a975cca3cb51431c057d09434aae3ed60,009925e54e1e7fa2d67e08f5b1527035d3bb0427a75f3527413978639c3d0ebf,,,440,1,36,440,0,accident,36,0,
e13,821b498fc1fcb4e3c103635fa473d7577f718c4f633b273772954295c83ae585,offpath,fitting,A,0,1,4c414f27dd2cf53c8a6f0eb228e9a20e1ae15ee276ae9005edb2a59fe9545b91,978543020497995f4fef9c8403d67bd5781522f27fbb47d8366cca1ac25216f9,,,220,0,2,220,219,timeout,220,0,
e13,821b498fc1fcb4e3c103635fa473d7577f718c4f633b273772954295c83ae585,offpath,fitting,A,0,1,4c414f27dd2cf53c8a6f0eb228e9a20e1ae15ee276ae9005edb2a59fe9545b91,978543020497995f4fef9c8403d67bd5781522f27fbb47d8366cca1ac25216f9,,,440,0,2,440,439,timeout,440,0,
e13,821b498fc1fcb4e3c103635fa473d7577f718c4f633b273772954295c83ae585,offpath,fitting,A,0,0,4c414f27dd2cf53c8a6f0eb228e9a20e1ae15ee276ae9005edb2a59fe9545b91,978543020497995f4fef9c8403d67bd5781522f27fbb47d8366cca1ac25216f9,,,220,0,102,102,0,success,102,1,102
e13,821b498fc1fcb4e3c103635fa473d7577f718c4f633b273772954295c83ae585,offpath,fitting,A,0,0,4c414f27dd2cf53c8a6f0eb228e9a20e1ae15ee276ae9005edb2a59fe9545b91,978543020497995f4fef9c8403d67bd5781522f27fbb47d8366cca1ac25216f9,,,440,0,102,102,0,success,102,1,102
e13,821b498fc1fcb4e3c103635fa473d7577f718c4f633b273772954295c83ae585,offpath,fitting,A,1,0,4c414f27dd2cf53c8a6f0eb228e9a20e1ae15ee276ae9005edb2a59fe9545b91,978543020497995f4fef9c8403d67bd5781522f27fbb47d8366cca1ac25216f9,,,220,0,83,83,0,success,83,1,83
e13,821b498fc1fcb4e3c103635fa473d7577f718c4f633b273772954295c83ae585,offpath,fitting,A,1,0,4c414f27dd2cf53c8a6f0eb228e9a20e1ae15ee276ae9005edb2a59fe9545b91,978543020497995f4fef9c8403d67bd5781522f27fbb47d8366cca1ac25216f9,,,440,0,83,83,0,success,83,1,83
e13,821b498fc1fcb4e3c103635fa473d7577f718c4f633b273772954295c83ae585,offpath,fitting,A,1,1,4c414f27dd2cf53c8a6f0eb228e9a20e1ae15ee276ae9005edb2a59fe9545b91,978543020497995f4fef9c8403d67bd5781522f27fbb47d8366cca1ac25216f9,,,220,0,2,220,219,timeout,220,0,
e13,821b498fc1fcb4e3c103635fa473d7577f718c4f633b273772954295c83ae585,offpath,fitting,A,1,1,4c414f27dd2cf53c8a6f0eb228e9a20e1ae15ee276ae9005edb2a59fe9545b91,978543020497995f4fef9c8403d67bd5781522f27fbb47d8366cca1ac25216f9,,,440,0,2,440,439,timeout,440,0,
e14,821b498fc1fcb4e3c103635fa473d7577f718c4f633b273772954295c83ae585,noglass,fitting,A,0,0,e2946f237c0edf00e5a241f2b9e910b10fb5c3ee203dce465a8711b6d676c709,39447530e70bd61808079a76067734871bd37e76695facb385b2787e721f891d,,,220,0,71,71,0,success,71,1,71
e14,821b498fc1fcb4e3c103635fa473d7577f718c4f633b273772954295c83ae585,noglass,fitting,A,0,0,e2946f237c0edf00e5a241f2b9e910b10fb5c3ee203dce465a8711b6d676c709,39447530e70bd61808079a76067734871bd37e76695facb385b2787e721f891d,,,440,0,71,71,0,success,71,1,71
e14,821b498fc1fcb4e3c103635fa473d7577f718c4f633b273772954295c83ae585,noglass,fitting,A,0,1,e2946f237c0edf00e5a241f2b9e910b10fb5c3ee203dce465a8711b6d676c709,39447530e70bd61808079a76067734871bd37e76695facb385b2787e721f891d,,,220,0,13,220,208,timeout,220,0,
e14,821b498fc1fcb4e3c103635fa473d7577f718c4f633b273772954295c83ae585,noglass,fitting,A,0,1,e2946f237c0edf00e5a241f2b9e910b10fb5c3ee203dce465a8711b6d676c709,39447530e70bd61808079a76067734871bd37e76695facb385b2787e721f891d,,,440,0,13,440,428,timeout,440,0,
e14,821b498fc1fcb4e3c103635fa473d7577f718c4f633b273772954295c83ae585,noglass,fitting,A,1,1,e2946f237c0edf00e5a241f2b9e910b10fb5c3ee203dce465a8711b6d676c709,39447530e70bd61808079a76067734871bd37e76695facb385b2787e721f891d,,,220,0,13,220,208,timeout,220,0,
e14,821b498fc1fcb4e3c103635fa473d7577f718c4f633b273772954295c83ae585,noglass,fitting,A,1,1,e2946f237c0edf00e5a241f2b9e910b10fb5c3ee203dce465a8711b6d676c709,39447530e70bd61808079a76067734871bd37e76695facb385b2787e721f891d,,,440,0,13,440,428,timeout,440,0,
e14,821b498fc1fcb4e3c103635fa473d7577f718c4f633b273772954295c83ae585,noglass,fitting,A,1,0,e2946f237c0edf00e5a241f2b9e910b10fb5c3ee203dce465a8711b6d676c709,39447530e70bd61808079a76067734871bd37e76695facb385b2787e721f891d,,,220,0,69,69,0,success,69,1,69
e14,821b498fc1fcb4e3c103635fa473d7577f718c4f633b273772954295c83ae585,noglass,fitting,A,1,0,e2946f237c0edf00e5a241f2b9e910b10fb5c3ee203dce465a8711b6d676c709,39447530e70bd61808079a76067734871bd37e76695facb385b2787e721f891d,,,440,0,69,69,0,success,69,1,69
e15,9176c2514b8a62105f4d2b8a22a8a0b0236c5b9feda58c18ef64cea917b98d9d,glass,fitting,A,0,1,048e23e6c5b615623767fd5ec7f7edd4591ca694c7280ed3a9dc55eddff3398c,6948dd2ae19fd894eb61225f3934d75686120f50b4fd121a4fcf4cb21672185d,,,220,0,1,209,209,success,209,1,209
e15,9176c2514b8a62105f4d2b8a22a8a0b0236c5b9feda58c18ef64cea917b98d9d,glass,fitting,A,0,1,048e23e6c5b615623767fd5ec7f7edd4591ca694c7280ed3a9dc55eddff3398c,6948dd2ae19fd894eb61225f3934d75686120f50b4fd121a4fcf4cb21672185d,,,440,0,1,209,209,success,209,1,209
e15,9176c2514b8a62105f4d2b8a22a8a0b0236c5b9feda58c18ef64cea917b98d9d,glass,fitting,A,0,0,048e23e6c5b615623767fd5ec7f7edd4591ca694c7280ed3a9dc55eddff3398c,6948dd2ae19fd894eb61225f3934d75686120f50b4fd121a4fcf4cb21672185d,,,220,1,38,220,0,accident,38,0,
e15,9176c2514b8a62105f4d2b8a22a8a0b0236c5b9feda58c18ef64cea917b98d9d,glass,fitting,A,0,0,048e23e6c5b615623767fd5ec7f7edd4591ca694c7280ed3a9dc55eddff3398c,6948dd2ae19fd894eb61225f3934d75686120f50b4fd121a4fcf4cb21672185d,,,440,1,38,440,0,accident,38,0,
e15,9176c2514b8a62105f4d2b8a22a8a0b0236c5b9feda58c18ef64cea917b98d9d,glass,fitting,A,1,0,048e23e6c5b615623767fd5ec7f7edd4591ca694c7280ed3a9dc55eddff3398c,6948dd2ae19fd894eb61225f3934d75686120f50b4fd121a4fcf4cb21672185d,,,220,0,69,69,0,success,69,1,69
e15,9176c2514b8a62105f4d2b8a22a8a0b0236c5b9feda58c18ef64cea917b98d9d,glass,fitting,A,1,0,048e23e6c5b615623767fd5ec7f7edd4591ca694c7280ed3a9dc55eddff3398c,6948dd2ae19fd894eb61225f3934d75686120f50b4fd121a4fcf4cb21672185d,,,440,0,69,69,0,success,69,1,69
e15,9176c2514b8a62105f4d2b8a22a8a0b0236c5b9feda58c18ef64cea917b98d9d,glass,fitting,A,1,1,048e23e6c5b615623767fd5ec7f7edd4591ca694c7280ed3a9dc55eddff3398c,6948dd2ae19fd894eb61225f3934d75686120f50b4fd121a4fcf4cb21672185d,,,220,0,1,209,209,success,209,1,209
e15,9176c2514b8a62105f4d2b8a22a8a0b0236c5b9feda58c18ef64cea917b98d9d,glass,fitting,A,1,1,048e23e6c5b615623767fd5ec7f7edd4591ca694c7280ed3a9dc55eddff3398c,6948dd2ae19fd894eb61225f3934d75686120f50b4fd121a4fcf4cb21672185d,,,440,0,1,209,209,success,209,1,209
e16,9176c2514b8a62105f4d2b8a22a8a0b0236c5b9feda58c18ef64cea917b98d9d,offpath,fitting,A,0,0,a3f22eb6a61ae198842ee879e79e2afaa2318033125faaa356126cb23d3237ca,28067721ac407335f491700239d6d4ba2f63cb5349373f947d3ac2eb00547727,,,220,1,76,220,0,accident,76,0,
e16,9176c2514b8a62105f4d2b8a22a8a0b0236c5b9feda58c18ef64cea917b98d9d,offpath,fitting,A,0,0,a3f22eb6a61ae198842ee879e79e2afaa2318033125faaa356126cb23d3237ca,28067721ac407335f491700239d6d4ba2f63cb5349373f947d3ac2eb00547727,,,440,1,76,440,0,accident,76,0,
e16,9176c2514b8a62105f4d2b8a22a8a0b0236c5b9feda58c18ef64cea917b98d9d,offpath,fitting,A,0,1,a3f22eb6a61ae198842ee879e79e2afaa2318033125faaa356126cb23d3237ca,28067721ac407335f491700239d6d4ba2f63cb5349373f947d3ac2eb00547727,,,220,1,14,220,63,accident,76,0,
e16,9176c2514b8a62105f4d2b8a22a8a0b0236c5b9feda58c18ef64cea917b98d9d,offpath,fitting,A,0,1,a3f22eb6a61ae198842ee879e79e2afaa2318033125faaa356126cb23d3237ca,28067721ac407335f491700239d6d4ba2f63cb5349373f947d3ac2eb00547727,,,440,1,14,440,63,accident,76,0,
e16,9176c2514b8a62105f4d2b8a22a8a0b0236c5b9feda58c18ef64cea917b98d9d,offpath,fitting,A,1,1,a3f22eb6a61ae198842ee879e79e2afaa2318033125faaa356126cb23d3237ca,28067721ac407335f491700239d6d4ba2f63cb5349373f947d3ac2eb00547727,,,220,1,14,220,63,accident,76,0,
e16,9176c2514b8a62105f4d2b8a22a8a0b0236c5b9feda58c18ef64cea917b98d9d,offpath,fitting,A,1,1,a3f22eb6a61ae198842ee879e79e2afaa2318033125faaa356126cb23d3237ca,28067721ac407335f491700239d6d4ba2f63cb5349373f947d3ac2eb00547727,,,440,1,14,440,63,accident,76,0,
e16,9176c2514b8a62105f4d2b8a22a8a0b0236c5b9feda58c18ef64cea917b98d9d,offpath,fitting,A,1,0,a3f22eb6a61ae198842ee879e79e2afaa2318033125faaa356126cb23d3237ca,28067721ac407335f491700239d6d4ba2f63cb5349373f947d3ac2eb00547727,,,220,1,74,220,0,accident,74,0,
e16,9176c2514b8a62105f4d2b8a22a8a0b0236c5b9feda58c18ef64cea917b98d9d,offpath,fitting,A,1,0,a3f22eb6a61ae198842ee879e79e2afaa2318033125faaa356126cb23d3237ca,28067721ac407335f491700239d6d4ba2f63cb5349373f947d3ac2eb00547727,,,440,1,74,440,0,accident,74,0,
e17,9176c2514b8a62105f4d2b8a22a8a0b0236c5b9feda58c18ef64cea917b98d9d,noglass,fitting,A,0,1,f01110a91a989bbaeb677e4d26ec5727dadef41cb2dba84bbdaf5c1364fbf7d4,efb3de1b3ee8341339869056147817bd98c46a3790f5a06182182ea89340be85,,,220,0,14,183,170,success,183,1,183
e17,9176c2514b8a62105f4d2b8a22a8a0b0236c5b9feda58c18ef64cea917b98d9d,noglass,fitting,A,0,1,f01110a91a989bbaeb677e4d26ec5727dadef41cb2dba84bbdaf5c1364fbf7d4,efb3de1b3ee8341339869056147817bd98c46a3790f5a06182182ea89340be85,,,440,0,14,183,170,success,183,1,183
e17,9176c2514b8a62105f4d2b8a22a8a0b0236c5b9feda58c18ef64cea917b98d9d,noglass,fitting,A,0,0,f01110a91a989bbaeb677e4d26ec5727dadef41cb2dba84bbdaf5c1364fbf7d4,efb3de1b3ee8341339869056147817bd98c46a3790f5a06182182ea89340be85,,,220,0,82,82,0,success,82,1,82
e17,9176c2514b8a62105f4d2b8a22a8a0b0236c5b9feda58c18ef64cea917b98d9d,noglass,fitting,A,0,0,f01110a91a989bbaeb677e4d26ec5727dadef41cb2dba84bbdaf5c1364fbf7d4,efb3de1b3ee8341339869056147817bd98c46a3790f5a06182182ea89340be85,,,440,0,82,82,0,success,82,1,82
e17,9176c2514b8a62105f4d2b8a22a8a0b0236c5b9feda58c18ef64cea917b98d9d,noglass,fitting,A,1,0,f01110a91a989bbaeb677e4d26ec5727dadef41cb2dba84bbdaf5c1364fbf7d4,efb3de1b3ee8341339869056147817bd98c46a3790f5a06182182ea89340be85,,,220,0,80,80,0,success,80,1,80
e17,9176c2514b8a62105f4d2b8a22a8a0b0236c5b9feda58c18ef64cea917b98d9d,noglass,fitting,A,1,0,f01110a91a989bbaeb677e4d26ec5727dadef41cb2dba84bbdaf5c1364fbf7d4,efb3de1b3ee8341339869056147817bd98c46a3790f5a06182182ea89340be85,,,440,0,80,80,0,success,80,1,80
e17,9176c2514b8a62105f4d2b8a22a8a0b0236c5b9feda58c18ef64cea917b98d9d,noglass,fitting,A,1,1,f01110a91a989bbaeb677e4d26ec5727dadef41cb2dba84bbdaf5c1364fbf7d4,efb3de1b3ee8341339869056147817bd98c46a3790f5a06182182ea89340be85,,,220,0,14,183,170,success,183,1,183
e17,9176c2514b8a62105f4d2b8a22a8a0b0236c5b9feda58c18ef64cea917b98d9d,noglass,fitting,A,1,1,f01110a91a989bbaeb677e4d26ec5727dadef41cb2dba84bbdaf5c1364fbf7d4,efb3de1b3ee8341339869056147817bd98c46a3790f5a06182182ea89340be85,,,440,0,14,183,170,success,183,1,183
e18,986b3dff233a80cf0fd1c48f815600f49b95f83be0d9f898fee40d0a5c9dca63,glass,fitting,A,0,0,bf9127d770c788c1df30d00a24c73763bdb9eab2cdcd4883bb79717a2248191a,b44b15cbead8332bce719c8a693a1a1573958e1814514f1e05b722ecd7229895,,,220,1,33,220,0,accident,33,0,
e18,986b3dff233a80cf0fd1c48f815600f49b95f83be0d9f898fee40d0a5c9dca63,glass,fitting,A,0,0,bf9127d770c788c1df30d00a24c73763bdb9eab2cdcd4883bb79717a2248191a,b44b15cbead8332bce719c8a693a1a1573958e1814514f1e05b722ecd7229895,,,440,1,33,440,0,accident,33,0,
e18,986b3dff233a80cf0fd1c48f815600f49b95f83be0d9f898fee40d0a5c9dca63,glass,fitting,A,0,1,bf9127d770c788c1df30d00a24c73763bdb9eab2cdcd4883bb79717a2248191a,b44b15cbead8332bce719c8a693a1a1573958e1814514f1e05b722ecd7229895,,,220,0,12,202,191,success,202,1,202
e18,986b3dff233a80cf0fd1c48f815600f49b95f83be0d9f898fee40d0a5c9dca63,glass,fitting,A,0,1,bf9127d770c788c1df30d00a24c73763bdb9eab2cdcd4883bb79717a2248191a,b44b15cbead8332bce719c8a693a1a1573958e1814514f1e05b722ecd7229895,,,440,0,12,202,191,success,202,1,202
e18,986b3dff233a80cf0fd1c48f815600f49b95f83be0d9f898fee40d0a5c9dca63,glass,fitting,A,1,1,bf9127d770c788c1df30d00a24c73763bdb9eab2cdcd4883bb79717a2248191a,b44b15cbead8332bce719c8a693a1a1573958e1814514f1e05b722ecd7229895,,,220,0,12,202,191,success,202,1,202
e18,986b3dff233a80cf0fd1c48f815600f49b95f83be0d9f898fee40d0a5c9dca63,glass,fitting,A,1,1,bf9127d770c788c1df30d00a24c73763bdb9eab2cdcd4883bb79717a2248191a,b44b15cbead8332bce719c8a693a1a1573958e1814514f1e05b722ecd7229895,,,440,0,12,202,191,success,202,1,202
e18,986b3dff233a80cf0fd1c48f815600f49b95f83be0d9f898fee40d0a5c9dca63,glass,fitting,A,1,0,bf9127d770c788c1df30d00a24c73763bdb9eab2cdcd4883bb79717a2248191a,b44b15cbead8332bce719c8a693a1a1573958e1814514f1e05b722ecd7229895,,,220,1,33,220,0,accident,33,0,
e18,986b3dff233a80cf0fd1c48f815600f49b95f83be0d9f898fee40d0a5c9dca63,glass,fitting,A,1,0,bf9127d770c788c1df30d00a24c73763bdb9eab2cdcd4883bb79717a2248191a,b44b15cbead8332bce719c8a693a1a1573958e1814514f1e05b722ecd7229895,,,440,1,33,440,0,accident,33,0,
e19,986b3dff233a80cf0fd1c48f815600f49b95f83be0d9f898fee40d0a5c9dca63,offpath,fitting,A,0,1,b7441289040d5f47507afe2c7fc824711d26f15aa2a50abd2e08b0a1a90c89d1,0e2df575e18b80df4dba7f0c29af314e21c1d886e39b70b4e6b27fc1bc20c836,,,220,0,28,220,193,timeout,220,0,
e19,986b3dff233a80cf0fd1c48f815600f49b95f83be0d9f898fee40d0a5c9dca63,offpath,fitting,A,0,1,b7441289040d5f47507afe2c7fc824711d26f15aa2a50abd2e08b0a1a90c89d1,0e2df575e18b80df4dba7f0c29af314e21c1d886e39b70b4e6b27fc1bc20c836,,,440,0,28,440,413,timeout,440,0,
e19,986b3dff233a80cf0fd1c48f815600f49b95f83be0d9f898fee40d0a5c9dca63,offpath,fitting,A,0,0,b7441289040d5f47507afe2c7fc824711d26f15aa2a50abd2e08b0a1a90c89d1,0e2df575e18b80df4dba7f0c29af314e21c1d886e39b70b4e6b27fc1bc20c836,,,220,0,114,114,0,success,114,1,114
e19,986b3dff233a80cf0fd1c48f815600f49b95f83be0d9f898fee40d0a5c9dca63,offpath,fitting,A,0,0,b7441289040d5f47507afe2c7fc824711d26f15aa2a50abd2e08b0a1a90c89d1,0e2df575e18b80df4dba7f0c29af314e21c1d886e39b70b4e6b27fc1bc20c836,,,440,0,114,114,0,success,114,1,114
e19,986b3dff233a80cf0fd1c48f815600f49b95f83be0d9f898fee40d0a5c9dca63,offpath,fitting,A,1,0,b7441289040d5f47507afe2c7fc824711d26f15aa2a50abd2e08b0a1a90c89d1,0e2df575e18b80df4dba7f0c29af314e21c1d886e39b70b4e6b27fc1bc20c836,,,220,0,156,156,0,success,156,1,156
e19,986b3dff233a80cf0fd1c48f815600f49b95f83be0d9f898fee40d0a5c9dca63,offpath,fitting,A,1,0,b7441289040d5f47507afe2c7fc824711d26f15aa2a50abd2e08b0a1a90c89d1,0e2df575e18b80df4dba7f0c29af314e21c1d886e39b70b4e6b27fc1bc20c836,,,440,0,156,156,0,success,156,1,156
e19,986b3dff233a80cf0fd1c48f815600f49b95f83be0d9f898fee40d0a5c9dca63,offpath,fitting,A,1,1,b7441289040d5f47507afe2c7fc824711d26f15aa2a50abd2e08b0a1a90c89d1,0e2df575e18b80df4dba7f0c29af314e21c1d886e39b70b4e6b27fc1bc20c836,,,220,0,28,220,193,timeout,220,0,
e19,986b3dff233a80cf0fd1c48f815600f49b95f83be0d9f898fee40d0a5c9dca63,offpath,fitting,A,1,1,b7441289040d5f47507afe2c7fc824711d26f15aa2a50abd2e08b0a1a90c89d1,0e2df575e18b80df4dba7f0c29af314e21c1d886e39b70b4e6b27fc1bc20c836,,,440,0,28,440,413,timeout,440,0,
e20,986b3dff233a80cf0fd1c48f815600f49b95f83be0d9f898fee40d0a5c9dca63,noglass,fitting,A,0,0,1ea89442cbdd40b6a2be6c52a51d4b1cf12f49a8f39732f1c938d5628796b3f6,e466572020ff4cba10233520baaff5b10f9a1c0173f2fd77e3b52e6258ad6184,,,220,0,72,72,0,success,72,1,72
e20,986b3dff233a80cf0fd1c48f815600f49b95f83be0d9f898fee40d0a5c9dca63,noglass,fitting,A,0,0,1ea89442cbdd40b6a2be6c52a51d4b1cf12f49a8f39732f1c938d5628796b3f6,e466572020ff4cba10233520baaff5b10f9a1c0173f2fd77e3b52e6258ad6184,,,440,0,72,72,0,success,72,1,72
e20,986b3dff233a80cf0fd1c48f815600f49b95f83be0d9f898fee40d0a5c9dca63,noglass,fitting,A,0,1,1ea89442cbdd40b6a2be6c52a51d4b1cf12f49a8f39732f1c938d5628796b3f6,e466572020ff4cba10233520baaff5b10f9a1c0173f2fd77e3b52e6258ad6184,,,220,0,14,202,189,success,202,1,202
e20,986b3dff233a80cf0fd1c48f815600f49b95f83be0d9f898fee40d0a5c9dca63,noglass,fitting,A,0,1,1ea89442cbdd40b6a2be6c52a51d4b1cf12f49a8f39732f1c938d5628796b3f6,e466572020ff4cba10233520baaff5b10f9a1c0173f2fd77e3b52e6258ad6184,,,440,0,14,202,189,success,202,1,202
e20,986b3dff233a80cf0fd1c48f815600f49b95f83be0d9f898fee40d0a5c9dca63,noglass,fitting,A,1,1,1ea89442cbdd40b6a2be6c52a51d4b1cf12f49a8f39732f1c938d5628796b3f6,e466572020ff4cba10233520baaff5b10f9a1c0173f2fd77e3b52e6258ad6184,,,220,0,14,202,189,success,202,1,202
e20,986b3dff233a80cf0fd1c48f815600f49b95f83be0d9f898fee40d0a5c9dca63,noglass,fitting,A,1,1,1ea89442cbdd40b6a2be6c52a51d4b1cf12f49a8f39732f1c938d5628796b3f6,e466572020ff4cba10233520baaff5b10f9a1c0173f2fd77e3b52e6258ad6184,,,440,0,14,202,189,success,202,1,202
e20,986b3dff233a80cf0fd1c48f815600f49b95f83be0d9f898fee40d0a5c9dca63,noglass,fitting,A,1,0,1ea89442cbdd40b6a2be6c52a51d4b1cf12f49a8f39732f1c938d5628796b3f6,e466572020ff4cba10233520baaff5b10f9a1c0173f2fd77e3b52e6258ad6184,,,220,0,63,63,0,success,63,1,63
e20,986b3dff233a80cf0fd1c48f815600f49b95f83be0d9f898fee40d0a5c9dca63,noglass,fitting,A,1,0,1ea89442cbdd40b6a2be6c52a51d4b1cf12f49a8f39732f1c938d5628796b3f6,e466572020ff4cba10233520baaff5b10f9a1c0173f2fd77e3b52e6258ad6184,,,440,0,63,63,0,success,63,1,63
e21,a3e1c487338ecfe4ce59e1e8f0be7a20d0442476ad923022ec430bdb5470ee56,glass,fitting,A,0,1,70a692e9f740f830deafad386963a88b06106812fbfa11ed05742ae755191247,97389587689f107f062494f94f7fb3ada30abd3e948c112b1e29c5ac1e8639ea,,,220,0,15,220,206,timeout,220,0,
e21,a3e1c487338ecfe4ce59e1e8f0be7a20d0442476ad923022ec430bdb5470ee56,glass,fitting,A,0,1,70a692e9f740f830deafad386963a88b06106812fbfa11ed05742ae755191247,97389587689f107f062494f94f7fb3ada30abd3e948c112b1e29c5ac1e8639ea,,,440,0,15,432,418,success,432,1,432
e21,a3e1c487338ecfe4ce59e1e8f0be7a20d0442476ad923022ec430bdb5470ee56,glass,fitting,A,0,0,70a692e9f740f830deafad386963a88b06106812fbfa11ed05742ae755191247,97389587689f107f062494f94f7fb3ada30abd3e948c112b1e29c5ac1e8639ea,,,220,1,37,220,0,accident,37,0,
e21,a3e1c487338ecfe4ce59e1e8f0be7a20d0442476ad923022ec430bdb5470ee56,glass,fitting,A,0,0,70a692e9f740f830deafad386963a88b06106812fbfa11ed05742ae755191247,97389587689f107f062494f94f7fb3ada30abd3e948c112b1e29c5ac1e8639ea,,,440,1,37,440,0,accident,37,0,
e21,a3e1c487338ecfe4ce59e1e8f0be7a20d0442476ad923022ec430bdb5470ee56,glass,fitting,A,1,0,70a692e9f740f830deafad386963a88b06106812fbfa11ed05742ae755191247,97389587689f107f062494f94f7fb3ada30abd3e948c112b1e29c5ac1e8639ea,,,220,1,82,220,0,accident,82,0,
e21,a3e1c487338ecfe4ce59e1e8f0be7a20d0442476ad923022ec430bdb5470ee56,glass,fitting,A,1,0,70a692e9f740f830deafad386963a88b06106812fbfa11ed05742ae755191247,97389587689f107f062494f94f7fb3ada30abd3e948c112b1e29c5ac1e8639ea,,,440,1,82,440,0,accident,82,0,
e21,a3e1c487338ecfe4ce59e1e8f0be7a20d0442476ad923022ec430bdb5470ee56,glass,fitting,A,1,1,70a692e9f740f830deafad386963a88b06106812fbfa11ed05742ae755191247,97389587689f107f062494f94f7fb3ada30abd3e948c112b1e29c5ac1e8639ea,,,220,0,15,220,206,timeout,220,0,
e21,a3e1c487338ecfe4ce59e1e8f0be7a20d0442476ad923022ec430bdb5470ee56,glass,fitting,A,1,1,70a692e9f740f830deafad386963a88b06106812fbfa11ed05742ae755191247,97389587689f107f062494f94f7fb3ada30abd3e948c112b1e29c5ac1e8639ea,,,440,0,15,432,418,success,432,1,432
e22,a3e1c487338ecfe4ce59e1e8f0be7a20d0442476ad923022ec430bdb5470ee56,offpath,fitting,A,0,0,a5fe40ce33877ac24f36c1bdca9206695a84d244ce68da9db88bf305ae2f08d8,13019c5762adabdd6211668d1cddad59e1cd0df1d7b29a0f0cd3b33308e74185,,,220,0,94,94,0,success,94,1,94
e22,a3e1c487338ecfe4ce59e1e8f0be7a20d0442476ad923022ec430bdb5470ee56,offpath,fitting,A,0,0,a5fe40ce33877ac24f36c1bdca9206695a84d244ce68da9db88bf305ae2f08d8,13019c5762adabdd6211668d1cddad59e1cd0df1d7b29a0f0cd3b33308e74185,,,440,0,94,94,0,success,94,1,94
e22,a3e1c487338ecfe4ce59e1e8f0be7a20d0442476ad923022ec430bdb5470ee56,offpath,fitting,A,0,1,a5fe40ce33877ac24f36c1bdca9206695a84d244ce68da9db88bf305ae2f08d8,13019c5762adabdd6211668d1cddad59e1cd0df1d7b29a0f0cd3b33308e74185,,,220,0,38,220,183,timeout,220,0,
e22,a3e1c487338ecfe4ce59e1e8f0be7a20d0442476ad923022ec430bdb5470ee56,offpath,fitting,A,0,1,a5fe40ce33877ac24f36c1bdca9206695a84d244ce68da9db88bf305ae2f08d8,13019c5762adabdd6211668d1cddad59e1cd0df1d7b29a0f0cd3b33308e74185,,,440,0,38,244,207,success,244,1,244
e22,a3e1c487338ecfe4ce59e1e8f0be7a20d0442476ad923022ec430bdb5470ee56,offpath,fitting,A,1,1,a5fe40ce33877ac24f36c1bdca9206695a84d244ce68da9db88bf305ae2f08d8,13019c5762adabdd6211668d1cddad59e1cd0df1d7b29a0f0cd3b33308e74185,,,220,0,38,220,183,timeout,220,0,
e22,a3e1c487338ecfe4ce59e1e8f0be7a20d0442476ad923022ec430bdb5470ee56,offpath,fitting,A,1,1,a5fe40ce33877ac24f36c1bdca9206695a84d244ce68da9db88bf305ae2f08d8,13019c5762adabdd6211668d1cddad59e1cd0df1d7b29a0f0cd3b33308e74185,,,440,0,38,244,207,success,244,1,244
e22,a3e1c487338ecfe4ce59e1e8f0be7a20d0442476ad923022ec430bdb5470ee56,offpath,fitting,A,1,0,a5fe40ce33877ac24f36c1bdca9206695a84d244ce68da9db88bf305ae2f08d8,13019c5762adabdd6211668d1cddad59e1cd0df1d7b29a0f0cd3b33308e74185,,,220,0,87,87,0,success,87,1,87
e22,a3e1c487338ecfe4ce59e1e8f0be7a20d0442476ad923022ec430bdb5470ee56,offpath,fitting,A,1,0,a5fe40ce33877ac24f36c1bdca9206695a84d244ce68da9db88bf305ae2f08d8,13019c5762adabdd6211668d1cddad59e1cd0df1d7b29a0f0cd3b33308e74185,,,440,0,87,87,0,success,87,1,87
e23,a3e1c487338ecfe4ce59e1e8f0be7a20d0442476ad923022ec430bdb5470ee56,noglass,fitting,A,0,1,3aa386fac1353e002c08d9f74d9e238add987fafbae27c229bd90532b430007b,db1265eea1da565f7e6c9f7608902ea617be465dde43503d321f0f897263982c,,,220,0,41,220,180,timeout,220,0,
e23,a3e1c487338ecfe4ce59e1e8f0be7a20d0442476ad923022ec430bdb5470ee56,noglass,fitting,A,0,1,3aa386fac1353e002c08d9f74d9e238add987fafbae27c229bd90532b430007b,db1265eea1da565f7e6c9f7608902ea617be465dde43503d321f0f897263982c,,,440,0,41,440,400,timeout,440,0,
e23,a3e1c487338ecfe4ce59e1e8f0be7a20d0442476ad923022ec430bdb5470ee56,noglass,fitting,A,0,0,3aa386fac1353e002c08d9f74d9e238add987fafbae27c229bd90532b430007b,db1265eea1da565f7e6c9f7608902ea617be465dde43503d321f0f897263982c,,,220,0,74,74,0,success,74,1,74
e23,a3e1c487338ecfe4ce59e1e8f0be7a20d0442476ad923022ec430bdb5470ee56,noglass,fitting,A,0,0,3aa386fac1353e002c08d9f74d9e238add987fafbae27c229bd90532b430007b,db1265eea1da565f7e6c9f7608902ea617be465dde43503d321f0f897263982c,,,440,0,74,74,0,success,74,1,74
e23,a3e1c487338ecfe4ce59e1e8f0be7a20d0442476ad923022ec430bdb5470ee56,noglass,fitting,A,1,0,3aa386fac1353e002c08d9f74d9e238add987fafbae27c229bd90532b430007b,db1265eea1da565f7e6c9f7608902ea617be465dde43503d321f0f897263982c,,,220,0,77,77,0,success,77,1,77
e23,a3e1c487338ecfe4ce59e1e8f0be7a20d0442476ad923022ec430bdb5470ee56,noglass,fitting,A,1,0,3aa386fac1353e002c08d9f74d9e238add987fafbae27c229bd90532b430007b,db1265eea1da565f7e6c9f7608902ea617be465dde43503d321f0f897263982c,,,440,0,77,77,0,success,77,1,77
e23,a3e1c487338ecfe4ce59e1e8f0be7a20d0442476ad923022ec430bdb5470ee56,noglass,fitting,A,1,1,3aa386fac1353e002c08d9f74d9e238add987fafbae27c229bd90532b430007b,db1265eea1da565f7e6c9f7608902ea617be465dde43503d321f0f897263982c,,,220,0,41,220,180,timeout,220,0,
e23,a3e1c487338ecfe4ce59e1e8f0be7a20d0442476ad923022ec430bdb5470ee56,noglass,fitting,A,1,1,3aa386fac1353e002c08d9f74d9e238add987fafbae27c229bd90532b430007b,db1265eea1da565f7e6c9f7608902ea617be465dde43503d321f0f897263982c,,,440,0,41,440,400,timeout,440,0,
e24,a992f0a563f4b0239708f4be6fa38192e6930b15387567b2d4a16568d4fa5671,glass,fitting,A,0,0,af74c7370759cff86549cda03ba36a7add416d378d531a0a02f74d44c650e6aa,5c7737078850047ba21063f7213fff66b52ef9b605bdc2d117203967f9afa168,,,220,1,36,220,0,accident,36,0,
e24,a992f0a563f4b0239708f4be6fa38192e6930b15387567b2d4a16568d4fa5671,glass,fitting,A,0,0,af74c7370759cff86549cda03ba36a7add416d378d531a0a02f74d44c650e6aa,5c7737078850047ba21063f7213fff66b52ef9b605bdc2d117203967f9afa168,,,440,1,36,440,0,accident,36,0,
e24,a992f0a563f4b0239708f4be6fa38192e6930b15387567b2d4a16568d4fa5671,glass,fitting,A,0,1,af74c7370759cff86549cda03ba36a7add416d378d531a0a02f74d44c650e6aa,5c7737078850047ba21063f7213fff66b52ef9b605bdc2d117203967f9afa168,,,220,0,2,220,219,timeout,220,0,
e24,a992f0a563f4b0239708f4be6fa38192e6930b15387567b2d4a16568d4fa5671,glass,fitting,A,0,1,af74c7370759cff86549cda03ba36a7add416d378d531a0a02f74d44c650e6aa,5c7737078850047ba21063f7213fff66b52ef9b605bdc2d117203967f9afa168,,,440,0,2,440,439,timeout,440,0,
e24,a992f0a563f4b0239708f4be6fa38192e6930b15387567b2d4a16568d4fa5671,glass,fitting,A,1,1,af74c7370759cff86549cda03ba36a7add416d378d531a0a02f74d44c650e6aa,5c7737078850047ba21063f7213fff66b52ef9b605bdc2d117203967f9afa168,,,220,0,2,220,219,timeout,220,0,
e24,a992f0a563f4b0239708f4be6fa38192e6930b15387567b2d4a16568d4fa5671,glass,fitting,A,1,1,af74c7370759cff86549cda03ba36a7add416d378d531a0a02f74d44c650e6aa,5c7737078850047ba21063f7213fff66b52ef9b605bdc2d117203967f9afa168,,,440,0,2,440,439,timeout,440,0,
e24,a992f0a563f4b0239708f4be6fa38192e6930b15387567b2d4a16568d4fa5671,glass,fitting,A,1,0,af74c7370759cff86549cda03ba36a7add416d378d531a0a02f74d44c650e6aa,5c7737078850047ba21063f7213fff66b52ef9b605bdc2d117203967f9afa168,,,220,1,37,220,0,accident,37,0,
e24,a992f0a563f4b0239708f4be6fa38192e6930b15387567b2d4a16568d4fa5671,glass,fitting,A,1,0,af74c7370759cff86549cda03ba36a7add416d378d531a0a02f74d44c650e6aa,5c7737078850047ba21063f7213fff66b52ef9b605bdc2d117203967f9afa168,,,440,1,37,440,0,accident,37,0,
e25,a992f0a563f4b0239708f4be6fa38192e6930b15387567b2d4a16568d4fa5671,offpath,fitting,A,0,1,b59e169b0561f588682b1bcc00f270fe3ebb752bd5b8f07c6e5165fe1e2dcd5f,a26be2ddf96d94c361556f10a0b9d7790fece1111aedc488488d167656e040c3,,,220,0,4,220,217,timeout,220,0,
e25,a992f0a563f4b0239708f4be6fa38192e6930b15387567b2d4a16568d4fa5671,offpath,fitting,A,0,1,b59e169b0561f588682b1bcc00f270fe3ebb752bd5b8f07c6e5165fe1e2dcd5f,a26be2ddf96d94c361556f10a0b9d7790fece1111aedc488488d167656e040c3,,,440,0,4,440,437,timeout,440,0,
e25,a992f0a563f4b0239708f4be6fa38192e6930b15387567b2d4a16568d4fa5671,offpath,fitting,A,0,0,b59e169b0561f588682b1bcc00f270fe3ebb752bd5b8f07c6e5165fe1e2dcd5f,a26be2ddf96d94c361556f10a0b9d7790fece1111aedc488488d167656e040c3,,,220,0,88,88,0,success,88,1,88
e25,a992f0a563f4b0239708f4be6fa38192e6930b15387567b2d4a16568d4fa5671,offpath,fitting,A,0,0,b59e169b0561f588682b1bcc00f270fe3ebb752bd5b8f07c6e5165fe1e2dcd5f,a26be2ddf96d94c361556f10a0b9d7790fece1111aedc488488d167656e040c3,,,440,0,88,88,0,success,88,1,88
e25,a992f0a563f4b0239708f4be6fa38192e6930b15387567b2d4a16568d4fa5671,offpath,fitting,A,1,0,b59e169b0561f588682b1bcc00f270fe3ebb752bd5b8f07c6e5165fe1e2dcd5f,a26be2ddf96d94c361556f10a0b9d7790fece1111aedc488488d167656e040c3,,,220,0,84,84,0,success,84,1,84
e25,a992f0a563f4b0239708f4be6fa38192e6930b15387567b2d4a16568d4fa5671,offpath,fitting,A,1,0,b59e169b0561f588682b1bcc00f270fe3ebb752bd5b8f07c6e5165fe1e2dcd5f,a26be2ddf96d94c361556f10a0b9d7790fece1111aedc488488d167656e040c3,,,440,0,84,84,0,success,84,1,84
e25,a992f0a563f4b0239708f4be6fa38192e6930b15387567b2d4a16568d4fa5671,offpath,fitting,A,1,1,b59e169b0561f588682b1bcc00f270fe3ebb752bd5b8f07c6e5165fe1e2dcd5f,a26be2ddf96d94c361556f10a0b9d7790fece1111aedc488488d167656e040c3,,,220,0,4,220,217,timeout,220,0,
e25,a992f0a563f4b0239708f4be6fa38192e6930b15387567b2d4a16568d4fa5671,offpath,fitting,A,1,1,b59e169b0561f588682b1bcc00f270fe3ebb752bd5b8f07c6e5165fe1e2dcd5f,a26be2ddf96d94c361556f10a0b9d7790fece1111aedc488488d167656e040c3,,,440,0,4,440,437,timeout,440,0,
e26,a992f0a563f4b0239708f4be6fa38192e6930b15387567b2d4a16568d4fa5671,noglass,fitting,A,0,0,c1deca13f0cde8ea2b03f34c1852d709a6d20859122803b674e8267a2035dbd3,4306731a557931ad3bd2a2f9a8c90f1b7441f10364aba016ac6386b9a00f0f18,,,220,0,84,84,0,success,84,1,84
e26,a992f0a563f4b0239708f4be6fa38192e6930b15387567b2d4a16568d4fa5671,noglass,fitting,A,0,0,c1deca13f0cde8ea2b03f34c1852d709a6d20859122803b674e8267a2035dbd3,4306731a557931ad3bd2a2f9a8c90f1b7441f10364aba016ac6386b9a00f0f18,,,440,0,84,84,0,success,84,1,84
e26,a992f0a563f4b0239708f4be6fa38192e6930b15387567b2d4a16568d4fa5671,noglass,fitting,A,0,1,c1deca13f0cde8ea2b03f34c1852d709a6d20859122803b674e8267a2035dbd3,4306731a557931ad3bd2a2f9a8c90f1b7441f10364aba016ac6386b9a00f0f18,,243,220,0,3,220,218,timeout,220,0,
e26,a992f0a563f4b0239708f4be6fa38192e6930b15387567b2d4a16568d4fa5671,noglass,fitting,A,0,1,c1deca13f0cde8ea2b03f34c1852d709a6d20859122803b674e8267a2035dbd3,4306731a557931ad3bd2a2f9a8c90f1b7441f10364aba016ac6386b9a00f0f18,,243,440,0,200,440,241,timeout,440,0,
e26,a992f0a563f4b0239708f4be6fa38192e6930b15387567b2d4a16568d4fa5671,noglass,fitting,A,1,1,c1deca13f0cde8ea2b03f34c1852d709a6d20859122803b674e8267a2035dbd3,4306731a557931ad3bd2a2f9a8c90f1b7441f10364aba016ac6386b9a00f0f18,,243,220,0,3,220,218,timeout,220,0,
e26,a992f0a563f4b0239708f4be6fa38192e6930b15387567b2d4a16568d4fa5671,noglass,fitting,A,1,1,c1deca13f0cde8ea2b03f34c1852d709a6d20859122803b674e8267a2035dbd3,4306731a557931ad3bd2a2f9a8c90f1b7441f10364aba016ac6386b9a00f0f18,,243,440,0,200,440,241,timeout,440,0,
e26,a992f0a563f4b0239708f4be6fa38192e6930b15387567b2d4a16568d4fa5671,noglass,fitting,A,1,0,c1deca13f0cde8ea2b03f34c1852d709a6d20859122803b674e8267a2035dbd3,4306731a557931ad3bd2a2f9a8c90f1b7441f10364aba016ac6386b9a00f0f18,,,220,0,85,85,0,success,85,1,85
e26,a992f0a563f4b0239708f4be6fa38192e6930b15387567b2d4a16568d4fa5671,noglass,fitting,A,1,0,c1deca13f0cde8ea2b03f34c1852d709a6d20859122803b674e8267a2035dbd3,4306731a557931ad3bd2a2f9a8c90f1b7441f10364aba016ac6386b9a00f0f18,,,440,0,85,85,0,success,85,1,85
e27,c8fa274849bf4beeb7c46b93a7de7a6242e5af2e9c83a395e8d0db16da5e81d8,glass,fitting,A,0,1,fb5106752aaa7ceb109f3baf79577024b39b8e695c0b571d029bfa6ff2c9ec4b,7157ffe8772f035d556322c207a0a257f82dcecb438cd968cb37bdbdf4ec77e9,,,220,0,59,220,162,timeout,220,0,
e27,c8fa274849bf4beeb7c46b93a7de7a6242e5af2e9c83a395e8d0db16da5e81d8,glass,fitting,A,0,1,fb5106752aaa7ceb109f3baf79577024b39b8e695c0b571d029bfa6ff2c9ec4b,7157ffe8772f035d556322c207a0a257f82dcecb438cd968cb37bdbdf4ec77e9,,,440,0,59,440,382,timeout,440,0,
e27,c8fa274849bf4beeb7c46b93a7de7a6242e5af2e9c83a395e8d0db16da5e81d8,glass,fitting,A,0,0,fb5106752aaa7ceb109f3baf79577024b39b8e695c0b571d029bfa6ff2c9ec4b,7157ffe8772f035d556322c207a0a257f82dcecb438cd968cb37bdbdf4ec77e9,,,220,1,85,220,0,accident,85,0,
e27,c8fa274849bf4beeb7c46b93a7de7a6242e5af2e9c83a395e8d0db16da5e81d8,glass,fitting,A,0,0,fb5106752aaa7ceb109f3baf79577024b39b8e695c0b571d029bfa6ff2c9ec4b,7157ffe8772f035d556322c207a0a257f82dcecb438cd968cb37bdbdf4ec77e9,,,440,1,85,440,0,accident,85,0,
e27,c8fa274849bf4beeb7c46b93a7de7a6242e5af2e9c83a395e8d0db16da5e81d8,glass,fitting,A,1,0,fb5106752aaa7ceb109f3baf79577024b39b8e695c0b571d029bfa6ff2c9ec4b,7157ffe8772f035d556322c207a0a257f82dcecb438cd968cb37bdbdf4ec77e9,,,220,1,92,220,0,accident,92,0,
e27,c8fa274849bf4beeb7c46b93a7de7a6242e5af2e9c83a395e8d0db16da5e81d8,glass,fitting,A,1,0,fb5106752aaa7ceb109f3baf79577024b39b8e695c0b571d029bfa6ff2c9ec4b,7157ffe8772f035d556322c207a0a257f82dcecb438cd968cb37bdbdf4ec77e9,,,440,1,92,440,0,accident,92,0,
e27,c8fa274849bf4beeb7c46b93a7de7a6242e5af2e9c83a395e8d0db16da5e81d8,glass,fitting,A,1,1,fb5106752aaa7ceb109f3baf79577024b39b8e695c0b571d029bfa6ff2c9ec4b,7157ffe8772f035d556322c207a0a257f82dcecb438cd968cb37bdbdf4ec77e9,,,220,0,59,220,162,timeout,220,0,
e27,c8fa274849bf4beeb7c46b93a7de7a6242e5af2e9c83a395e8d0db16da5e81d8,glass,fitting,A,1,1,fb5106752aaa7ceb109f3baf79577024b39b8e695c0b571d029bfa6ff2c9ec4b,7157ffe8772f035d556322c207a0a257f82dcecb438cd968cb37bdbdf4ec77e9,,,440,0,59,440,382,timeout,440,0,
e28,c8fa274849bf4beeb7c46b93a7de7a6242e5af2e9c83a395e8d0db16da5e81d8,offpath,fitting,A,0,0,382444d9ff50b09bab2cb1d82826c0a4954e02621ca2356dad2190f80669393c,9d4ae8af7b51bce21056bd542307b7c11072bc8c1c45c2d81c76dd6087eddbaa,,,220,0,88,88,0,success,88,1,88
e28,c8fa274849bf4beeb7c46b93a7de7a6242e5af2e9c83a395e8d0db16da5e81d8,offpath,fitting,A,0,0,382444d9ff50b09bab2cb1d82826c0a4954e02621ca2356dad2190f80669393c,9d4ae8af7b51bce21056bd542307b7c11072bc8c1c45c2d81c76dd6087eddbaa,,,440,0,88,88,0,success,88,1,88
e28,c8fa274849bf4beeb7c46b93a7de7a6242e5af2e9c83a395e8d0db16da5e81d8,offpath,fitting,A,0,1,382444d9ff50b09bab2cb1d82826c0a4954e02621ca2356dad2190f80669393c,9d4ae8af7b51bce21056bd542307b7c11072bc8c1c45c2d81c76dd6087eddbaa,,,220,0,20,198,179,success,198,1,198
e28,c8fa274849bf4beeb7c46b93a7de7a6242e5af2e9c83a395e8d0db16da5e81d8,offpath,fitting,A,0,1,382444d9ff50b09bab2cb1d82826c0a4954e02621ca2356dad2190f80669393c,9d4ae8af7b51bce21056bd542307b7c11072bc8c1c45c2d81c76dd6087eddbaa,,,440,0,20,198,179,success,198,1,198
e28,c8fa274849bf4beeb7c46b93a7de7a6242e5af2e9c83a395e8d0db16da5e81d8,offpath,fitting,A,1,1,382444d9ff50b09bab2cb1d82826c0a4954e02621ca2356dad2190f80669393c,9d4ae8af7b51bce21056bd542307b7c11072bc8c1c45c2d81c76dd6087eddbaa,,,220,0,20,198,179,success,198,1,198
e28,c8fa274849bf4beeb7c46b93a7de7a6242e5af2e9c83a395e8d0db16da5e81d8,offpath,fitting,A,1,1,382444d9ff50b09bab2cb1d82826c0a4954e02621ca2356dad2190f80669393c,9d4ae8af7b51bce21056bd542307b7c11072bc8c1c45c2d81c76dd6087eddbaa,,,440,0,20,198,179,success,198,1,198
e28,c8fa274849bf4beeb7c46b93a7de7a6242e5af2e9c83a395e8d0db16da5e81d8,offpath,fitting,A,1,0,382444d9ff50b09bab2cb1d82826c0a4954e02621ca2356dad2190f80669393c,9d4ae8af7b51bce21056bd542307b7c11072bc8c1c45c2d81c76dd6087eddbaa,,,220,0,88,88,0,success,88,1,88
e28,c8fa274849bf4beeb7c46b93a7de7a6242e5af2e9c83a395e8d0db16da5e81d8,offpath,fitting,A,1,0,382444d9ff50b09bab2cb1d82826c0a4954e02621ca2356dad2190f80669393c,9d4ae8af7b51bce21056bd542307b7c11072bc8c1c45c2d81c76dd6087eddbaa,,,440,0,88,88,0,success,88,1,88
e29,c8fa274849bf4beeb7c46b93a7de7a6242e5af2e9c83a395e8d0db16da5e81d8,noglass,fitting,A,0,1,0dec4a246bc9a428f91abb0a0fd92e0d7f4920672b030c159af08746406d36d3,ee5e7132d057c0bbc1b0abd15cddbd412751bcf078117811dbfba49675b527da,,,220,0,11,220,210,timeout,220,0,
e29,c8fa274849bf4beeb7c46b93a7de7a6242e5af2e9c83a395e8d0db16da5e81d8,noglass,fitting,A,0,1,0dec4a246bc9a428f91abb0a0fd92e0d7f4920672b030c159af08746406d36d3,ee5e7132d057c0bbc1b0abd15cddbd412751bcf078117811dbfba49675b527da,,,440,0,11,440,430,timeout,440,0,
e29,c8fa274849bf4beeb7c46b93a7de7a6242e5af2e9c83a395e8d0db16da5e81d8,noglass,fitting,A,0,0,0dec4a246bc9a428f91abb0a0fd92e0d7f4920672b030c159af08746406d36d3,ee5e7132d057c0bbc1b0abd15cddbd412751bcf078117811dbfba49675b527da,,,220,0,86,86,0,success,86,1,86
e29,c8fa274849bf4beeb7c46b93a7de7a6242e5af2e9c83a395e8d0db16da5e81d8,noglass,fitting,A,0,0,0dec4a246bc9a428f91abb0a0fd92e0d7f4920672b030c159af08746406d36d3,ee5e7132d057c0bbc1b0abd15cddbd412751bcf078117811dbfba49675b527da,,,440,0,86,86,0,success,86,1,86
e29,c8fa274849bf4beeb7c46b93a7de7a6242e5af2e9c83a395e8d0db16da5e81d8,noglass,fitting,A,1,0,0dec4a246bc9a428f91abb0a0fd92e0d7f4920672b030c159af08746406d36d3,ee5e7132d057c0bbc1b0abd15cddbd412751bcf078117811dbfba49675b527da,,,220,0,86,86,0,success,86,1,86
e29,c8fa274849bf4beeb7c46b93a7de7a6242e5af2e9c83a395e8d0db16da5e81d8,noglass,fitting,A,1,0,0dec4a246bc9a428f91abb0a0fd92e0d7f4920672b030c159af08746406d36d3,ee5e7132d057c0bbc1b0abd15cddbd412751bcf078117811dbfba49675b527da,,,440,0,86,86,0,success,86,1,86
e29,c8fa274849bf4beeb7c46b93a7de7a6242e5af2e9c83a395e8d0db16da5e81d8,noglass,fitting,A,1,1,0dec4a246bc9a428f91abb0a0fd92e0d7f4920672b030c159af08746406d36d3,ee5e7132d057c0bbc1b0abd15cddbd412751bcf078117811dbfba49675b527da,,,220,0,11,220,210,timeout,220,0,
e29,c8fa274849bf4beeb7c46b93a7de7a6242e5af2e9c83a395e8d0db16da5e81d8,noglass,fitting,A,1,1,0dec4a246bc9a428f91abb0a0fd92e0d7f4920672b030c159af08746406d36d3,ee5e7132d057c0bbc1b0abd15cddbd412751bcf078117811dbfba49675b527da,,,440,0,11,440,430,timeout,440,0,
e30,ddd84e646ab0cdd38c0f283802f28ac361a412492f3872c7f489b95bb55d53af,glass,fitting,A,0,0,61807b11313bc9bc28bd128fef17d203ad330ef971bb88ad2e29ebb4b4a57a73,8dd0ca23f5ac40e8b4bce10a0656b7cc550c5a51a9ca20188a309a18f2510c73,,,220,1,95,220,0,accident,95,0,
e30,ddd84e646ab0cdd38c0f283802f28ac361a412492f3872c7f489b95bb55d53af,glass,fitting,A,0,0,61807b11313bc9bc28bd128fef17d203ad330ef971bb88ad2e29ebb4b4a57a73,8dd0ca23f5ac40e8b4bce10a0656b7cc550c5a51a9ca20188a309a18f2510c73,,,440,1,95,440,0,accident,95,0,
e30,ddd84e646ab0cdd38c0f283802f28ac361a412492f3872c7f489b95bb55d53af,glass,fitting,A,0,1,61807b11313bc9bc28bd128fef17d203ad330ef971bb88ad2e29ebb4b4a57a73,8dd0ca23f5ac40e8b4bce10a0656b7cc550c5a51a9ca20188a309a18f2510c73,,361,220,0,20,220,201,timeout,220,0,
e30,ddd84e646ab0cdd38c0f283802f28ac361a412492f3872c7f489b95bb55d53af,glass,fitting,A,0,1,61807b11313bc9bc28bd128fef17d203ad330ef971bb88ad2e29ebb4b4a57a73,8dd0ca23f5ac40e8b4bce10a0656b7cc550c5a51a9ca20188a309a18f2510c73,,361,440,1,81,440,342,accident,422,0,
e30,ddd84e646ab0cdd38c0f283802f28ac361a412492f3872c7f489b95bb55d53af,glass,fitting,A,1,1,61807b11313bc9bc28bd128fef17d203ad330ef971bb88ad2e29ebb4b4a57a73,8dd0ca23f5ac40e8b4bce10a0656b7cc550c5a51a9ca20188a309a18f2510c73,,361,220,0,20,220,201,timeout,220,0,
e30,ddd84e646ab0cdd38c0f283802f28ac361a412492f3872c7f489b95bb55d53af,glass,fitting,A,1,1,61807b11313bc9bc28bd128fef17d203ad330ef971bb88ad2e29ebb4b4a57a73,8dd0ca23f5ac40e8b4bce10a0656b7cc550c5a51a9ca20188a309a18f2510c73,,361,440,1,74,440,342,accident,415,0,
e30,ddd84e646ab0cdd38c0f283802f28ac361a412492f3872c7f489b95bb55d53af,glass,fitting,A,1,0,61807b11313bc9bc28bd128fef17d203ad330ef971bb88ad2e29ebb4b4a57a73,8dd0ca23f5ac40e8b4bce10a0656b7cc550c5a51a9ca20188a309a18f2510c73,,,220,1,177,220,0,accident,177,0,
e30,ddd84e646ab0cdd38c0f283802f28ac361a412492f3872c7f489b95bb55d53af,glass,fitting,A,1,0,61807b11313bc9bc28bd128fef17d203ad330ef971bb88ad2e29ebb4b4a57a73,8dd0ca23f5ac40e8b4bce10a0656b7cc550c5a51a9ca20188a309a18f2510c73,,,440,1,177,440,0,accident,177,0,
e31,ddd84e646ab0cdd38c0f283802f28ac361a412492f3872c7f489b95bb55d53af,offpath,fitting,A,0,1,8ad438a230ab2b94ea3f1a687961df3e38ef70bff7e3d5d3ef9ac1916595abe4,238264d42ef507417d56680e82b840800f885c6adfe5a82dc6bdb31f88cee4bd,,,220,0,4,220,217,timeout,220,0,
e31,ddd84e646ab0cdd38c0f283802f28ac361a412492f3872c7f489b95bb55d53af,offpath,fitting,A,0,1,8ad438a230ab2b94ea3f1a687961df3e38ef70bff7e3d5d3ef9ac1916595abe4,238264d42ef507417d56680e82b840800f885c6adfe5a82dc6bdb31f88cee4bd,,,440,0,4,345,342,success,345,1,345
e31,ddd84e646ab0cdd38c0f283802f28ac361a412492f3872c7f489b95bb55d53af,offpath,fitting,A,0,0,8ad438a230ab2b94ea3f1a687961df3e38ef70bff7e3d5d3ef9ac1916595abe4,238264d42ef507417d56680e82b840800f885c6adfe5a82dc6bdb31f88cee4bd,,,220,0,100,100,0,success,100,1,100
e31,ddd84e646ab0cdd38c0f283802f28ac361a412492f3872c7f489b95bb55d53af,offpath,fitting,A,0,0,8ad438a230ab2b94ea3f1a687961df3e38ef70bff7e3d5d3ef9ac1916595abe4,238264d42ef507417d56680e82b840800f885c6adfe5a82dc6bdb31f88cee4bd,,,440,0,100,100,0,success,100,1,100
e31,ddd84e646ab0cdd38c0f283802f28ac361a412492f3872c7f489b95bb55d53af,offpath,fitting,A,1,0,8ad438a230ab2b94ea3f1a687961df3e38ef70bff7e3d5d3ef9ac1916595abe4,238264d42ef507417d56680e82b840800f885c6adfe5a82dc6bdb31f88cee4bd,,,220,0,87,87,0,success,87,1,87
e31,ddd84e646ab0cdd38c0f283802f28ac361a412492f3872c7f489b95bb55d53af,offpath,fitting,A,1,0,8ad438a230ab2b94ea3f1a687961df3e38ef70bff7e3d5d3ef9ac1916595abe4,238264d42ef507417d56680e82b840800f885c6adfe5a82dc6bdb31f88cee4bd,,,440,0,87,87,0,success,87,1,87
e31,ddd84e646ab0cdd38c0f283802f28ac361a412492f3872c7f489b95bb55d53af,offpath,fitting,A,1,1,8ad438a230ab2b94ea3f1a687961df3e38ef70bff7e3d5d3ef9ac1916595abe4,238264d42ef507417d56680e82b840800f885c6adfe5a82dc6bdb31f88cee4bd,,,220,0,4,220,217,timeout,220,0,
e31,ddd84e646ab0cdd38c0f283802f28ac361a412492f3872c7f489b95bb55d53af,offpath,fitting,A,1,1,8ad438a230ab2b94ea3f1a687961df3e38ef70bff7e3d5d3ef9ac1916595abe4,238264d42ef507417d56680e82b840800f885c6adfe5a82dc6bdb31f88cee4bd,,,440,0,4,345,342,success,345,1,345
e32,ddd84e646ab0cdd38c0f283802f28ac361a412492f3872c7f489b95bb55d53af,noglass,fitting,A,0,0,3f192344daf7baaf1b76aea6f47080093880e81849b6603d90508eaab1e39fa0,6c80a7bb90a0730bffa426cef3f4f00152a3bc6bb4698895d81ec6c4c684af29,,,220,0,79,79,0,success,79,1,79
e32,ddd84e646ab0cdd38c0f283802f28ac361a412492f3872c7f489b95bb55d53af,noglass,fitting,A,0,0,3f192344daf7baaf1b76aea6f47080093880e81849b6603d90508eaab1e39fa0,6c80a7bb90a0730bffa426cef3f4f00152a3bc6bb4698895d81ec6c4c684af29,,,440,0,79,79,0,success,79,1,79
e32,ddd84e646ab0cdd38c0f283802f28ac361a412492f3872c7f489b95bb55d53af,noglass,fitting,A,0,1,3f192344daf7baaf1b76aea6f47080093880e81849b6603d90508eaab1e39fa0,6c80a7bb90a0730bffa426cef3f4f00152a3bc6bb4698895d81ec6c4c684af29,,,220,0,12,218,207,success,218,1,218
e32,ddd84e646ab0cdd38c0f283802f28ac361a412492f3872c7f489b95bb55d53af,noglass,fitting,A,0,1,3f192344daf7baaf1b76aea6f47080093880e81849b6603d90508eaab1e39fa0,6c80a7bb90a0730bffa426cef3f4f00152a3bc6bb4698895d81ec6c4c684af29,,,440,0,12,218,207,success,218,1,218
e32,ddd84e646ab0cdd38c0f283802f28ac361a412492f3872c7f489b95bb55d53af,noglass,fitting,A,1,1,3f192344daf7baaf1b76aea6f47080093880e81849b6603d90508eaab1e39fa0,6c80a7bb90a0730bffa426cef3f4f00152a3bc6bb4698895d81ec6c4c684af29,,,220,0,12,218,207,success,218,1,218
e32,ddd84e646ab0cdd38c0f283802f28ac361a412492f3872c7f489b95bb55d53af,noglass,fitting,A,1,1,3f192344daf7baaf1b76aea6f47080093880e81849b6603d90508eaab1e39fa0,6c80a7bb90a0730bffa426cef3f4f00152a3bc6bb4698895d81ec6c4c684af29,,,440,0,12,218,207,success,218,1,218
e32,ddd84e646ab0cdd38c0f283802f28ac361a412492f3872c7f489b95bb55d53af,noglass,fitting,A,1,0,3f192344daf7baaf1b76aea6f47080093880e81849b6603d90508eaab1e39fa0,6c80a7bb90a0730bffa426cef3f4f00152a3bc6bb4698895d81ec6c4c684af29,,,220,0,80,80,0,success,80,1,80
e32,ddd84e646ab0cdd38c0f283802f28ac361a412492f3872c7f489b95bb55d53af,noglass,fitting,A,1,0,3f192344daf7baaf1b76aea6f47080093880e81849b6603d90508eaab1e39fa0,6c80a7bb90a0730bffa426cef3f4f00152a3bc6bb4698895d81ec6c4c684af29,,,440,0,80,80,0,success,80,1,80
e33,f64d2a60c3b9cebc4b5e12f86f4978711b4ca1e7a3788d1756d078c45a1c1004,glass,fitting,A,0,1,f39b5c6f3748f78b5fc3455b2403fabe13367cf05bbb6257570139923e7c784a,811fdce16c3a33522503870fe4dab634bd7d853fbdf958989f3108f8196c34cb,,,220,1,9,220,116,accident,124,0,
e33,f64d2a60c3b9cebc4b5e12f86f4978711b4ca1e7a3788d1756d078c45a1c1004,glass,fitting,A,0,1,f39b5c6f3748f78b5fc3455b2403fabe13367cf05bbb6257570139923e7c784a,811fdce16c3a33522503870fe4dab634bd7d853fbdf958989f3108f8196c34cb,,,440,1,9,440,116,accident,124,0,
e33,f64d2a60c3b9cebc4b5e12f86f4978711b4ca1e7a3788d1756d078c45a1c1004,glass,fitting,A,0,0,f39b5c6f3748f78b5fc3455b2403fabe13367cf05bbb6257570139923e7c784a,811fdce16c3a33522503870fe4dab634bd7d853fbdf958989f3108f8196c34cb,,,220,1,35,220,0,accident,35,0,
e33,f64d2a60c3b9cebc4b5e12f86f4978711b4ca1e7a3788d1756d078c45a1c1004,glass,fitting,A,0,0,f39b5c6f3748f78b5fc3455b2403fabe13367cf05bbb6257570139923e7c784a,811fdce16c3a33522503870fe4dab634bd7d853fbdf958989f3108f8196c34cb,,,440,1,35,440,0,accident,35,0,
e33,f64d2a60c3b9cebc4b5e12f86f4978711b4ca1e7a3788d1756d078c45a1c1004,glass,fitting,A,1,0,f39b5c6f3748f78b5fc3455b2403fabe13367cf05bbb6257570139923e7c784a,811fdce16c3a33522503870fe4dab634bd7d853fbdf958989f3108f8196c34cb,,,220,1,32,220,0,accident,32,0,
e33,f64d2a60c3b9cebc4b5e12f86f4978711b4ca1e7a3788d1756d078c45a1c1004,glass,fitting,A,1,0,f39b5c6f3748f78b5fc3455b2403fabe13367cf05bbb6257570139923e7c784a,811fdce16c3a33522503870fe4dab634bd7d853fbdf958989f3108f8196c34cb,,,440,1,32,440,0,accident,32,0,
e33,f64d2a60c3b9cebc4b5e12f86f4978711b4ca1e7a3788d1756d078c45a1c1004,glass,fitting,A,1,1,f39b5c6f3748f78b5fc3455b2403fabe13367cf05bbb6257570139923e7c784a,811fdce16c3a33522503870fe4dab634bd7d853fbdf958989f3108f8196c34cb,,,220,1,9,220,116,accident,124,0,
e33,f64d2a60c3b9cebc4b5e12f86f4978711b4ca1e7a3788d1756d078c45a1c1004,glass,fitting,A,1,1,f39b5c6f3748f78b5fc3455b2403fabe13367cf05bbb6257570139923e7c784a,811fdce16c3a33522503870fe4dab634bd7d853fbdf958989f3108f8196c34cb,,,440,1,9,440,116,accident,124,0,
e34,f64d2a60c3b9cebc4b5e12f86f4978711b4ca1e7a3788d1756d078c45a1c1004,offpath,fitting,A,0,0,26ff668f64530a0d7e2de8d64378f393c0e5b911e59f6aa91acea6729572f432,f7d3738b17025b705fb8bc47acc00e85be699178ae2d5881ffa45b5f1ed1eccc,,,220,0,72,72,0,success,72,1,72
e34,f64d2a60c3b9cebc4b5e12f86f4978711b4ca1e7a3788d1756d078c45a1c1004,offpath,fitting,A,0,0,26ff668f64530a0d7e2de8d64378f393c0e5b911e59f6aa91acea6729572f432,f7d3738b17025b705fb8bc47acc00e85be699178ae2d5881ffa45b5f1ed1eccc,,,440,0,72,72,0,success,72,1,72
e34,f64d2a60c3b9cebc4b5e12f86f4978711b4ca1e7a3788d1756d078c45a1c1004,offpath,fitting,A,0,1,26ff668f64530a0d7e2de8d64378f393c0e5b911e59f6aa91acea6729572f432,f7d3738b17025b705fb8bc47acc00e85be699178ae2d5881ffa45b5f1ed1eccc,,,220,0,39,220,182,timeout,220,0,
e34,f64d2a60c3b9cebc4b5e12f86f4978711b4ca1e7a3788d1756d078c45a1c1004,offpath,fitting,A,0,1,26ff668f64530a0d7e2de8d64378f393c0e5b911e59f6aa91acea6729572f432,f7d3738b17025b705fb8bc47acc00e85be699178ae2d5881ffa45b5f1ed1eccc,,,440,0,39,440,402,timeout,440,0,
e34,f64d2a60c3b9cebc4b5e12f86f4978711b4ca1e7a3788d1756d078c45a1c1004,offpath,fitting,A,1,1,26ff668f64530a0d7e2de8d64378f393c0e5b911e59f6aa91acea6729572f432,f7d3738b17025b705fb8bc47acc00e85be699178ae2d5881ffa45b5f1ed1eccc,,,220,0,39,220,182,timeout,220,0,
e34,f64d2a60c3b9cebc4b5e12f86f4978711b4ca1e7a3788d1756d078c45a1c1004,offpath,fitting,A,1,1,26ff668f64530a0d7e2de8d64378f393c0e5b911e59f6aa91acea6729572f432,f7d3738b17025b705fb8bc47acc00e85be699178ae2d5881ffa45b5f1ed1eccc,,,440,0,39,440,402,timeout,440,0,
e34,f64d2a60c3b9cebc4b5e12f86f4978711b4ca1e7a3788d1756d078c45a1c1004,offpath,fitting,A,1,0,26ff668f64530a0d7e2de8d64378f393c0e5b911e59f6aa91acea6729572f432,f7d3738b17025b705fb8bc47acc00e85be699178ae2d5881ffa45b5f1ed1eccc,,,220,0,74,74,0,success,74,1,74
e34,f64d2a60c3b9cebc4b5e12f86f4978711b4ca1e7a3788d1756d078c45a1c1004,offpath,fitting,A,1,0,26ff668f64530a0d7e2de8d64378f393c0e5b911e59f6aa91acea6729572f432,f7d3738b17025b705fb8bc47acc00e85be699178ae2d5881ffa45b5f1ed1eccc,,,440,0,74,74,0,success,74,1,74
e35,f64d2a60c3b9cebc4b5e12f86f4978711b4ca1e7a3788d1756d078c45a1c1004,noglass,fitting,A,0,1,acc9880b26c007adf8ed982f3d9f600fc192da71bb25c9b9b6d400e664b858a7,d34ac7cc5a3e4426009c83b7a364e3ea8eb5b82dd2652a7d534ffc35ee4dfdbc,,,220,0,12,219,208,success,219,1,219
e35,f64d2a60c3b9cebc4b5e12f86f4978711b4ca1e7a3788d1756d078c45a1c1004,noglass,fitting,A,0,1,acc9880b26c007adf8ed982f3d9f600fc192da71bb25c9b9b6d400e664b858a7,d34ac7cc5a3e4426009c83b7a364e3ea8eb5b82dd2652a7d534ffc35ee4dfdbc,,,440,0,12,219,208,success,219,1,219
e35,f64d2a60c3b9cebc4b5e12f86f4978711b4ca1e7a3788d1756d078c45a1c1004,noglass,fitting,A,0,0,acc9880b26c007adf8ed982f3d9f600fc192da71bb25c9b9b6d400e664b858a7,d34ac7cc5a3e4426009c83b7a364e3ea8eb5b82dd2652a7d534ffc35ee4dfdbc,,,220,0,82,82,0,success,82,1,82
e35,f64d2a60c3b9cebc4b5e12f86f4978711b4ca1e7a3788d1756d078c45a1c1004,noglass,fitting,A,0,0,acc9880b26c007adf8ed982f3d9f600fc192da71bb25c9b9b6d400e664b858a7,d34ac7cc5a3e4426009c83b7a364e3ea8eb5b82dd2652a7d534ffc35ee4dfdbc,,,440,0,82,82,0,success,82,1,82
e35,f64d2a60c3b9cebc4b5e12f86f4978711b4ca1e7a3788d1756d078c45a1c1004,noglass,fitting,A,1,0,acc9880b26c007adf8ed982f3d9f600fc192da71bb25c9b9b6d400e664b858a7,d34ac7cc5a3e4426009c83b7a364e3ea8eb5b82dd2652a7d534ffc35ee4dfdbc,,,220,0,85,85,0,success,85,1,85
e35,f64d2a60c3b9cebc4b5e12f86f4978711b4ca1e7a3788d1756d078c45a1c1004,noglass,fitting,A,1,0,acc9880b26c007adf8ed982f3d9f600fc192da71bb25c9b9b6d400e664b858a7,d34ac7cc5a3e4426009c83b7a364e3ea8eb5b82dd2652a7d534ffc35ee4dfdbc,,,440,0,85,85,0,success,85,1,85
e35,f64d2a60c3b9cebc4b5e12f86f4978711b4ca1e7a3788d1756d078c45a1c1004,noglass,fitting,A,1,1,acc9880b26c007adf8ed982f3d9f600fc192da71bb25c9b9b6d400e664b858a7,d34ac7cc5a3e4426009c83b7a364e3ea8eb5b82dd2652a7d534ffc35ee4dfdbc,,,220,0,12,219,208,success,219,1,219
e35,f64d2a60c3b9cebc4b5e12f86f4978711b4ca1e7a3788d1756d078c45a1c1004,noglass,fitting,A,1,1,acc9880b26c007adf8ed982f3d9f600fc192da71bb25c9b9b6d400e664b858a7,d34ac7cc5a3e4426009c83b7a364e3ea8eb5b82dd2652a7d534ffc35ee4dfdbc,,,440,0,12,219,208,success,219,1,219
e36,37d3edc8cb9ad51b8ebf45a235721c16e2531be26385d150aef2b21d81a04cae,glass,calibration,A,0,0,0b7693551aa6b5db193880797b8a763343833090e98f1b2d12b674c5114a87a0,fdcd9c58c71b558b5ff6bd7d831490a2fdcfba27db27aaf6fe400d4dd023329a,,,220,0,220,220,0,timeout,220,0,
e36,37d3edc8cb9ad51b8ebf45a235721c16e2531be26385d150aef2b21d81a04cae,glass,calibration,A,0,0,0b7693551aa6b5db193880797b8a763343833090e98f1b2d12b674c5114a87a0,fdcd9c58c71b558b5ff6bd7d831490a2fdcfba27db27aaf6fe400d4dd023329a,,,440,0,440,440,0,timeout,440,0,
e36,37d3edc8cb9ad51b8ebf45a235721c16e2531be26385d150aef2b21d81a04cae,glass,calibration,A,0,1,0b7693551aa6b5db193880797b8a763343833090e98f1b2d12b674c5114a87a0,fdcd9c58c71b558b5ff6bd7d831490a2fdcfba27db27aaf6fe400d4dd023329a,,328,220,0,55,220,166,timeout,220,0,
e36,37d3edc8cb9ad51b8ebf45a235721c16e2531be26385d150aef2b21d81a04cae,glass,calibration,A,0,1,0b7693551aa6b5db193880797b8a763343833090e98f1b2d12b674c5114a87a0,fdcd9c58c71b558b5ff6bd7d831490a2fdcfba27db27aaf6fe400d4dd023329a,,328,440,0,167,440,274,timeout,440,0,
e36,37d3edc8cb9ad51b8ebf45a235721c16e2531be26385d150aef2b21d81a04cae,glass,calibration,A,1,1,0b7693551aa6b5db193880797b8a763343833090e98f1b2d12b674c5114a87a0,fdcd9c58c71b558b5ff6bd7d831490a2fdcfba27db27aaf6fe400d4dd023329a,,328,220,0,55,220,166,timeout,220,0,
e36,37d3edc8cb9ad51b8ebf45a235721c16e2531be26385d150aef2b21d81a04cae,glass,calibration,A,1,1,0b7693551aa6b5db193880797b8a763343833090e98f1b2d12b674c5114a87a0,fdcd9c58c71b558b5ff6bd7d831490a2fdcfba27db27aaf6fe400d4dd023329a,,328,440,0,167,440,274,timeout,440,0,
e36,37d3edc8cb9ad51b8ebf45a235721c16e2531be26385d150aef2b21d81a04cae,glass,calibration,A,1,0,0b7693551aa6b5db193880797b8a763343833090e98f1b2d12b674c5114a87a0,fdcd9c58c71b558b5ff6bd7d831490a2fdcfba27db27aaf6fe400d4dd023329a,,,220,0,220,220,0,timeout,220,0,
e36,37d3edc8cb9ad51b8ebf45a235721c16e2531be26385d150aef2b21d81a04cae,glass,calibration,A,1,0,0b7693551aa6b5db193880797b8a763343833090e98f1b2d12b674c5114a87a0,fdcd9c58c71b558b5ff6bd7d831490a2fdcfba27db27aaf6fe400d4dd023329a,,,440,0,440,440,0,timeout,440,0,
e37,37d3edc8cb9ad51b8ebf45a235721c16e2531be26385d150aef2b21d81a04cae,offpath,calibration,A,0,1,f2119a9f6f418e5cdb9747dddc78872ca8a6fd7b60dc4b308ef6ed2dde892ebf,eccb71d6bb477afcd6bc5a24d2e4852d7f47d098089b7e0248c5f05910aa9d58,,,220,0,52,220,169,timeout,220,0,
e37,37d3edc8cb9ad51b8ebf45a235721c16e2531be26385d150aef2b21d81a04cae,offpath,calibration,A,0,1,f2119a9f6f418e5cdb9747dddc78872ca8a6fd7b60dc4b308ef6ed2dde892ebf,eccb71d6bb477afcd6bc5a24d2e4852d7f47d098089b7e0248c5f05910aa9d58,,,440,0,52,225,174,success,225,1,225
e37,37d3edc8cb9ad51b8ebf45a235721c16e2531be26385d150aef2b21d81a04cae,offpath,calibration,A,0,0,f2119a9f6f418e5cdb9747dddc78872ca8a6fd7b60dc4b308ef6ed2dde892ebf,eccb71d6bb477afcd6bc5a24d2e4852d7f47d098089b7e0248c5f05910aa9d58,,,220,0,138,138,0,success,138,1,138
e37,37d3edc8cb9ad51b8ebf45a235721c16e2531be26385d150aef2b21d81a04cae,offpath,calibration,A,0,0,f2119a9f6f418e5cdb9747dddc78872ca8a6fd7b60dc4b308ef6ed2dde892ebf,eccb71d6bb477afcd6bc5a24d2e4852d7f47d098089b7e0248c5f05910aa9d58,,,440,0,138,138,0,success,138,1,138
e37,37d3edc8cb9ad51b8ebf45a235721c16e2531be26385d150aef2b21d81a04cae,offpath,calibration,A,1,0,f2119a9f6f418e5cdb9747dddc78872ca8a6fd7b60dc4b308ef6ed2dde892ebf,eccb71d6bb477afcd6bc5a24d2e4852d7f47d098089b7e0248c5f05910aa9d58,,,220,0,135,135,0,success,135,1,135
e37,37d3edc8cb9ad51b8ebf45a235721c16e2531be26385d150aef2b21d81a04cae,offpath,calibration,A,1,0,f2119a9f6f418e5cdb9747dddc78872ca8a6fd7b60dc4b308ef6ed2dde892ebf,eccb71d6bb477afcd6bc5a24d2e4852d7f47d098089b7e0248c5f05910aa9d58,,,440,0,135,135,0,success,135,1,135
e37,37d3edc8cb9ad51b8ebf45a235721c16e2531be26385d150aef2b21d81a04cae,offpath,calibration,A,1,1,f2119a9f6f418e5cdb9747dddc78872ca8a6fd7b60dc4b308ef6ed2dde892ebf,eccb71d6bb477afcd6bc5a24d2e4852d7f47d098089b7e0248c5f05910aa9d58,,,220,0,52,220,169,timeout,220,0,
e37,37d3edc8cb9ad51b8ebf45a235721c16e2531be26385d150aef2b21d81a04cae,offpath,calibration,A,1,1,f2119a9f6f418e5cdb9747dddc78872ca8a6fd7b60dc4b308ef6ed2dde892ebf,eccb71d6bb477afcd6bc5a24d2e4852d7f47d098089b7e0248c5f05910aa9d58,,,440,0,52,225,174,success,225,1,225
e38,37d3edc8cb9ad51b8ebf45a235721c16e2531be26385d150aef2b21d81a04cae,noglass,calibration,A,0,0,b2838e0c2225289ab387f641499f0c5e06706d8ac5a3eee32526701111b695b3,5e86625abb4e326bd649df160e57931ddb34350ee543f05611cd3cb9d9d58448,,,220,0,141,141,0,success,141,1,141
e38,37d3edc8cb9ad51b8ebf45a235721c16e2531be26385d150aef2b21d81a04cae,noglass,calibration,A,0,0,b2838e0c2225289ab387f641499f0c5e06706d8ac5a3eee32526701111b695b3,5e86625abb4e326bd649df160e57931ddb34350ee543f05611cd3cb9d9d58448,,,440,0,141,141,0,success,141,1,141
e38,37d3edc8cb9ad51b8ebf45a235721c16e2531be26385d150aef2b21d81a04cae,noglass,calibration,A,0,1,b2838e0c2225289ab387f641499f0c5e06706d8ac5a3eee32526701111b695b3,5e86625abb4e326bd649df160e57931ddb34350ee543f05611cd3cb9d9d58448,,323,220,0,53,220,168,timeout,220,0,
e38,37d3edc8cb9ad51b8ebf45a235721c16e2531be26385d150aef2b21d81a04cae,noglass,calibration,A,0,1,b2838e0c2225289ab387f641499f0c5e06706d8ac5a3eee32526701111b695b3,5e86625abb4e326bd649df160e57931ddb34350ee543f05611cd3cb9d9d58448,,323,440,0,170,440,271,timeout,440,0,
e38,37d3edc8cb9ad51b8ebf45a235721c16e2531be26385d150aef2b21d81a04cae,noglass,calibration,A,1,1,b2838e0c2225289ab387f641499f0c5e06706d8ac5a3eee32526701111b695b3,5e86625abb4e326bd649df160e57931ddb34350ee543f05611cd3cb9d9d58448,,323,220,0,53,220,168,timeout,220,0,
e38,37d3edc8cb9ad51b8ebf45a235721c16e2531be26385d150aef2b21d81a04cae,noglass,calibration,A,1,1,b2838e0c2225289ab387f641499f0c5e06706d8ac5a3eee32526701111b695b3,5e86625abb4e326bd649df160e57931ddb34350ee543f05611cd3cb9d9d58448,,323,440,0,170,440,271,timeout,440,0,
e38,37d3edc8cb9ad51b8ebf45a235721c16e2531be26385d150aef2b21d81a04cae,noglass,calibration,A,1,0,b2838e0c2225289ab387f641499f0c5e06706d8ac5a3eee32526701111b695b3,5e86625abb4e326bd649df160e57931ddb34350ee543f05611cd3cb9d9d58448,,,220,0,143,143,0,success,143,1,143
e38,37d3edc8cb9ad51b8ebf45a235721c16e2531be26385d150aef2b21d81a04cae,noglass,calibration,A,1,0,b2838e0c2225289ab387f641499f0c5e06706d8ac5a3eee32526701111b695b3,5e86625abb4e326bd649df160e57931ddb34350ee543f05611cd3cb9d9d58448,,,440,0,143,143,0,success,143,1,143
e39,6292759eb45913ce4ed8447194504833f347d9355012e3228775797a4b0a7cd1,glass,calibration,A,0,1,cc2f03fbb45232a310b4aeb3e580067227f3667a686ba9ba61dc004a5c424755,add4c0950a912d39b2477ef413a7da85969367c0ef6898f117e2e8b92444d376,,,220,0,3,220,218,timeout,220,0,
e39,6292759eb45913ce4ed8447194504833f347d9355012e3228775797a4b0a7cd1,glass,calibration,A,0,1,cc2f03fbb45232a310b4aeb3e580067227f3667a686ba9ba61dc004a5c424755,add4c0950a912d39b2477ef413a7da85969367c0ef6898f117e2e8b92444d376,,,440,0,3,440,438,timeout,440,0,
e39,6292759eb45913ce4ed8447194504833f347d9355012e3228775797a4b0a7cd1,glass,calibration,A,0,0,cc2f03fbb45232a310b4aeb3e580067227f3667a686ba9ba61dc004a5c424755,add4c0950a912d39b2477ef413a7da85969367c0ef6898f117e2e8b92444d376,,,220,1,36,220,0,accident,36,0,
e39,6292759eb45913ce4ed8447194504833f347d9355012e3228775797a4b0a7cd1,glass,calibration,A,0,0,cc2f03fbb45232a310b4aeb3e580067227f3667a686ba9ba61dc004a5c424755,add4c0950a912d39b2477ef413a7da85969367c0ef6898f117e2e8b92444d376,,,440,1,36,440,0,accident,36,0,
e39,6292759eb45913ce4ed8447194504833f347d9355012e3228775797a4b0a7cd1,glass,calibration,A,1,0,cc2f03fbb45232a310b4aeb3e580067227f3667a686ba9ba61dc004a5c424755,add4c0950a912d39b2477ef413a7da85969367c0ef6898f117e2e8b92444d376,,,220,1,36,220,0,accident,36,0,
e39,6292759eb45913ce4ed8447194504833f347d9355012e3228775797a4b0a7cd1,glass,calibration,A,1,0,cc2f03fbb45232a310b4aeb3e580067227f3667a686ba9ba61dc004a5c424755,add4c0950a912d39b2477ef413a7da85969367c0ef6898f117e2e8b92444d376,,,440,1,36,440,0,accident,36,0,
e39,6292759eb45913ce4ed8447194504833f347d9355012e3228775797a4b0a7cd1,glass,calibration,A,1,1,cc2f03fbb45232a310b4aeb3e580067227f3667a686ba9ba61dc004a5c424755,add4c0950a912d39b2477ef413a7da85969367c0ef6898f117e2e8b92444d376,,,220,0,3,220,218,timeout,220,0,
e39,6292759eb45913ce4ed8447194504833f347d9355012e3228775797a4b0a7cd1,glass,calibration,A,1,1,cc2f03fbb45232a310b4aeb3e580067227f3667a686ba9ba61dc004a5c424755,add4c0950a912d39b2477ef413a7da85969367c0ef6898f117e2e8b92444d376,,,440,0,3,440,438,timeout,440,0,
e40,6292759eb45913ce4ed8447194504833f347d9355012e3228775797a4b0a7cd1,offpath,calibration,A,0,0,3f9358ed12b3f21d3fce48f750af31387680366d756ac11cbf677b1cc4105559,2dfc088ce06d0efe572c1c792a520b6085cbb7327941ed4806586aaee65355cd,,,220,0,74,74,0,success,74,1,74
e40,6292759eb45913ce4ed8447194504833f347d9355012e3228775797a4b0a7cd1,offpath,calibration,A,0,0,3f9358ed12b3f21d3fce48f750af31387680366d756ac11cbf677b1cc4105559,2dfc088ce06d0efe572c1c792a520b6085cbb7327941ed4806586aaee65355cd,,,440,0,74,74,0,success,74,1,74
e40,6292759eb45913ce4ed8447194504833f347d9355012e3228775797a4b0a7cd1,offpath,calibration,A,0,1,3f9358ed12b3f21d3fce48f750af31387680366d756ac11cbf677b1cc4105559,2dfc088ce06d0efe572c1c792a520b6085cbb7327941ed4806586aaee65355cd,,,220,0,11,180,170,success,180,1,180
e40,6292759eb45913ce4ed8447194504833f347d9355012e3228775797a4b0a7cd1,offpath,calibration,A,0,1,3f9358ed12b3f21d3fce48f750af31387680366d756ac11cbf677b1cc4105559,2dfc088ce06d0efe572c1c792a520b6085cbb7327941ed4806586aaee65355cd,,,440,0,11,180,170,success,180,1,180
e40,6292759eb45913ce4ed8447194504833f347d9355012e3228775797a4b0a7cd1,offpath,calibration,A,1,1,3f9358ed12b3f21d3fce48f750af31387680366d756ac11cbf677b1cc4105559,2dfc088ce06d0efe572c1c792a520b6085cbb7327941ed4806586aaee65355cd,,,220,0,11,180,170,success,180,1,180
e40,6292759eb45913ce4ed8447194504833f347d9355012e3228775797a4b0a7cd1,offpath,calibration,A,1,1,3f9358ed12b3f21d3fce48f750af31387680366d756ac11cbf677b1cc4105559,2dfc088ce06d0efe572c1c792a520b6085cbb7327941ed4806586aaee65355cd,,,440,0,11,180,170,success,180,1,180
e40,6292759eb45913ce4ed8447194504833f347d9355012e3228775797a4b0a7cd1,offpath,calibration,A,1,0,3f9358ed12b3f21d3fce48f750af31387680366d756ac11cbf677b1cc4105559,2dfc088ce06d0efe572c1c792a520b6085cbb7327941ed4806586aaee65355cd,,,220,0,74,74,0,success,74,1,74
e40,6292759eb45913ce4ed8447194504833f347d9355012e3228775797a4b0a7cd1,offpath,calibration,A,1,0,3f9358ed12b3f21d3fce48f750af31387680366d756ac11cbf677b1cc4105559,2dfc088ce06d0efe572c1c792a520b6085cbb7327941ed4806586aaee65355cd,,,440,0,74,74,0,success,74,1,74
e41,6292759eb45913ce4ed8447194504833f347d9355012e3228775797a4b0a7cd1,noglass,calibration,A,0,1,57549489a5928c77e044b01c426d9df93b357b6872d4304b74ac8628ba2c5e16,05da8db2cced6899d1ee2a16fb698bdc3f2bda952d2fbd5a452d3c4e1293a89b,,,220,0,13,203,191,success,203,1,203
e41,6292759eb45913ce4ed8447194504833f347d9355012e3228775797a4b0a7cd1,noglass,calibration,A,0,1,57549489a5928c77e044b01c426d9df93b357b6872d4304b74ac8628ba2c5e16,05da8db2cced6899d1ee2a16fb698bdc3f2bda952d2fbd5a452d3c4e1293a89b,,,440,0,13,203,191,success,203,1,203
e41,6292759eb45913ce4ed8447194504833f347d9355012e3228775797a4b0a7cd1,noglass,calibration,A,0,0,57549489a5928c77e044b01c426d9df93b357b6872d4304b74ac8628ba2c5e16,05da8db2cced6899d1ee2a16fb698bdc3f2bda952d2fbd5a452d3c4e1293a89b,,,220,0,69,69,0,success,69,1,69
e41,6292759eb45913ce4ed8447194504833f347d9355012e3228775797a4b0a7cd1,noglass,calibration,A,0,0,57549489a5928c77e044b01c426d9df93b357b6872d4304b74ac8628ba2c5e16,05da8db2cced6899d1ee2a16fb698bdc3f2bda952d2fbd5a452d3c4e1293a89b,,,440,0,69,69,0,success,69,1,69
e41,6292759eb45913ce4ed8447194504833f347d9355012e3228775797a4b0a7cd1,noglass,calibration,A,1,0,57549489a5928c77e044b01c426d9df93b357b6872d4304b74ac8628ba2c5e16,05da8db2cced6899d1ee2a16fb698bdc3f2bda952d2fbd5a452d3c4e1293a89b,,,220,0,220,220,0,timeout,220,0,
e41,6292759eb45913ce4ed8447194504833f347d9355012e3228775797a4b0a7cd1,noglass,calibration,A,1,0,57549489a5928c77e044b01c426d9df93b357b6872d4304b74ac8628ba2c5e16,05da8db2cced6899d1ee2a16fb698bdc3f2bda952d2fbd5a452d3c4e1293a89b,,,440,0,440,440,0,timeout,440,0,
e41,6292759eb45913ce4ed8447194504833f347d9355012e3228775797a4b0a7cd1,noglass,calibration,A,1,1,57549489a5928c77e044b01c426d9df93b357b6872d4304b74ac8628ba2c5e16,05da8db2cced6899d1ee2a16fb698bdc3f2bda952d2fbd5a452d3c4e1293a89b,,,220,0,13,203,191,success,203,1,203
e41,6292759eb45913ce4ed8447194504833f347d9355012e3228775797a4b0a7cd1,noglass,calibration,A,1,1,57549489a5928c77e044b01c426d9df93b357b6872d4304b74ac8628ba2c5e16,05da8db2cced6899d1ee2a16fb698bdc3f2bda952d2fbd5a452d3c4e1293a89b,,,440,0,13,203,191,success,203,1,203
e42,655347c9fb28aaf505e162e6bcad095d17e4bfee5506113825cfb3da6ca60845,glass,calibration,A,0,0,042caa18c5d81be0ced43e3b7442eaf5e19e04ac27a7747b2865495172bdf89f,96cd004ec8c69d39df4c328c20c03a33456424c578adb5a2a2c5168a26f83677,,,220,1,30,220,0,accident,30,0,
e42,655347c9fb28aaf505e162e6bcad095d17e4bfee5506113825cfb3da6ca60845,glass,calibration,A,0,0,042caa18c5d81be0ced43e3b7442eaf5e19e04ac27a7747b2865495172bdf89f,96cd004ec8c69d39df4c328c20c03a33456424c578adb5a2a2c5168a26f83677,,,440,1,30,440,0,accident,30,0,
e42,655347c9fb28aaf505e162e6bcad095d17e4bfee5506113825cfb3da6ca60845,glass,calibration,A,0,1,042caa18c5d81be0ced43e3b7442eaf5e19e04ac27a7747b2865495172bdf89f,96cd004ec8c69d39df4c328c20c03a33456424c578adb5a2a2c5168a26f83677,,,220,0,13,220,208,timeout,220,0,
e42,655347c9fb28aaf505e162e6bcad095d17e4bfee5506113825cfb3da6ca60845,glass,calibration,A,0,1,042caa18c5d81be0ced43e3b7442eaf5e19e04ac27a7747b2865495172bdf89f,96cd004ec8c69d39df4c328c20c03a33456424c578adb5a2a2c5168a26f83677,,,440,0,13,440,428,timeout,440,0,
e42,655347c9fb28aaf505e162e6bcad095d17e4bfee5506113825cfb3da6ca60845,glass,calibration,A,1,1,042caa18c5d81be0ced43e3b7442eaf5e19e04ac27a7747b2865495172bdf89f,96cd004ec8c69d39df4c328c20c03a33456424c578adb5a2a2c5168a26f83677,,,220,0,13,220,208,timeout,220,0,
e42,655347c9fb28aaf505e162e6bcad095d17e4bfee5506113825cfb3da6ca60845,glass,calibration,A,1,1,042caa18c5d81be0ced43e3b7442eaf5e19e04ac27a7747b2865495172bdf89f,96cd004ec8c69d39df4c328c20c03a33456424c578adb5a2a2c5168a26f83677,,,440,0,13,440,428,timeout,440,0,
e42,655347c9fb28aaf505e162e6bcad095d17e4bfee5506113825cfb3da6ca60845,glass,calibration,A,1,0,042caa18c5d81be0ced43e3b7442eaf5e19e04ac27a7747b2865495172bdf89f,96cd004ec8c69d39df4c328c20c03a33456424c578adb5a2a2c5168a26f83677,,,220,1,30,220,0,accident,30,0,
e42,655347c9fb28aaf505e162e6bcad095d17e4bfee5506113825cfb3da6ca60845,glass,calibration,A,1,0,042caa18c5d81be0ced43e3b7442eaf5e19e04ac27a7747b2865495172bdf89f,96cd004ec8c69d39df4c328c20c03a33456424c578adb5a2a2c5168a26f83677,,,440,1,30,440,0,accident,30,0,
e43,655347c9fb28aaf505e162e6bcad095d17e4bfee5506113825cfb3da6ca60845,offpath,calibration,A,0,1,6f24722d83843188ff5c918af12ce6425734c9bf706e873c3451004818ddcb71,462d7753628b7b6a31763a4ff936f08b55afb9577db26372323c77fc1489150b,,,220,0,32,220,189,timeout,220,0,
e43,655347c9fb28aaf505e162e6bcad095d17e4bfee5506113825cfb3da6ca60845,offpath,calibration,A,0,1,6f24722d83843188ff5c918af12ce6425734c9bf706e873c3451004818ddcb71,462d7753628b7b6a31763a4ff936f08b55afb9577db26372323c77fc1489150b,,,440,0,32,440,409,timeout,440,0,
e43,655347c9fb28aaf505e162e6bcad095d17e4bfee5506113825cfb3da6ca60845,offpath,calibration,A,0,0,6f24722d83843188ff5c918af12ce6425734c9bf706e873c3451004818ddcb71,462d7753628b7b6a31763a4ff936f08b55afb9577db26372323c77fc1489150b,,,220,0,72,72,0,success,72,1,72
e43,655347c9fb28aaf505e162e6bcad095d17e4bfee5506113825cfb3da6ca60845,offpath,calibration,A,0,0,6f24722d83843188ff5c918af12ce6425734c9bf706e873c3451004818ddcb71,462d7753628b7b6a31763a4ff936f08b55afb9577db26372323c77fc1489150b,,,440,0,72,72,0,success,72,1,72
e43,655347c9fb28aaf505e162e6bcad095d17e4bfee5506113825cfb3da6ca60845,offpath,calibration,A,1,0,6f24722d83843188ff5c918af12ce6425734c9bf706e873c3451004818ddcb71,462d7753628b7b6a31763a4ff936f08b55afb9577db26372323c77fc1489150b,,,220,0,71,71,0,success,71,1,71
e43,655347c9fb28aaf505e162e6bcad095d17e4bfee5506113825cfb3da6ca60845,offpath,calibration,A,1,0,6f24722d83843188ff5c918af12ce6425734c9bf706e873c3451004818ddcb71,462d7753628b7b6a31763a4ff936f08b55afb9577db26372323c77fc1489150b,,,440,0,71,71,0,success,71,1,71
e43,655347c9fb28aaf505e162e6bcad095d17e4bfee5506113825cfb3da6ca60845,offpath,calibration,A,1,1,6f24722d83843188ff5c918af12ce6425734c9bf706e873c3451004818ddcb71,462d7753628b7b6a31763a4ff936f08b55afb9577db26372323c77fc1489150b,,,220,0,32,220,189,timeout,220,0,
e43,655347c9fb28aaf505e162e6bcad095d17e4bfee5506113825cfb3da6ca60845,offpath,calibration,A,1,1,6f24722d83843188ff5c918af12ce6425734c9bf706e873c3451004818ddcb71,462d7753628b7b6a31763a4ff936f08b55afb9577db26372323c77fc1489150b,,,440,0,32,440,409,timeout,440,0,
e44,655347c9fb28aaf505e162e6bcad095d17e4bfee5506113825cfb3da6ca60845,noglass,calibration,A,0,0,132b204a80ca75d2e2cab03afb466877eebb45b71182b997e8c695d9d2e7b21c,1fee0d0541326c10c7a8c211573b193a7311407de7efc1d083d79d1b08d24ce7,,,220,0,62,62,0,success,62,1,62
e44,655347c9fb28aaf505e162e6bcad095d17e4bfee5506113825cfb3da6ca60845,noglass,calibration,A,0,0,132b204a80ca75d2e2cab03afb466877eebb45b71182b997e8c695d9d2e7b21c,1fee0d0541326c10c7a8c211573b193a7311407de7efc1d083d79d1b08d24ce7,,,440,0,62,62,0,success,62,1,62
e44,655347c9fb28aaf505e162e6bcad095d17e4bfee5506113825cfb3da6ca60845,noglass,calibration,A,0,1,132b204a80ca75d2e2cab03afb466877eebb45b71182b997e8c695d9d2e7b21c,1fee0d0541326c10c7a8c211573b193a7311407de7efc1d083d79d1b08d24ce7,,,220,0,30,220,191,timeout,220,0,
e44,655347c9fb28aaf505e162e6bcad095d17e4bfee5506113825cfb3da6ca60845,noglass,calibration,A,0,1,132b204a80ca75d2e2cab03afb466877eebb45b71182b997e8c695d9d2e7b21c,1fee0d0541326c10c7a8c211573b193a7311407de7efc1d083d79d1b08d24ce7,,,440,0,30,440,411,timeout,440,0,
e44,655347c9fb28aaf505e162e6bcad095d17e4bfee5506113825cfb3da6ca60845,noglass,calibration,A,1,1,132b204a80ca75d2e2cab03afb466877eebb45b71182b997e8c695d9d2e7b21c,1fee0d0541326c10c7a8c211573b193a7311407de7efc1d083d79d1b08d24ce7,,,220,0,30,220,191,timeout,220,0,
e44,655347c9fb28aaf505e162e6bcad095d17e4bfee5506113825cfb3da6ca60845,noglass,calibration,A,1,1,132b204a80ca75d2e2cab03afb466877eebb45b71182b997e8c695d9d2e7b21c,1fee0d0541326c10c7a8c211573b193a7311407de7efc1d083d79d1b08d24ce7,,,440,0,30,440,411,timeout,440,0,
e44,655347c9fb28aaf505e162e6bcad095d17e4bfee5506113825cfb3da6ca60845,noglass,calibration,A,1,0,132b204a80ca75d2e2cab03afb466877eebb45b71182b997e8c695d9d2e7b21c,1fee0d0541326c10c7a8c211573b193a7311407de7efc1d083d79d1b08d24ce7,,,220,0,63,63,0,success,63,1,63
e44,655347c9fb28aaf505e162e6bcad095d17e4bfee5506113825cfb3da6ca60845,noglass,calibration,A,1,0,132b204a80ca75d2e2cab03afb466877eebb45b71182b997e8c695d9d2e7b21c,1fee0d0541326c10c7a8c211573b193a7311407de7efc1d083d79d1b08d24ce7,,,440,0,63,63,0,success,63,1,63
e45,64d921063eb0a02530efbea3434c347d28bd353cbb04464e5d91d499f62f61ef,glass,calibration,A,0,1,ff32226ad13b1f74853cae04b5050320e752621f6233b611662ffc77eef1088e,6067edfd70fb2834fb415840858313d3ff7d62ecbc27f094f38ad4e7a8afa65c,,,220,1,9,220,135,accident,143,0,
e45,64d921063eb0a02530efbea3434c347d28bd353cbb04464e5d91d499f62f61ef,glass,calibration,A,0,1,ff32226ad13b1f74853cae04b5050320e752621f6233b611662ffc77eef1088e,6067edfd70fb2834fb415840858313d3ff7d62ecbc27f094f38ad4e7a8afa65c,,,440,1,9,440,135,accident,143,0,
e45,64d921063eb0a02530efbea3434c347d28bd353cbb04464e5d91d499f62f61ef,glass,calibration,A,0,0,ff32226ad13b1f74853cae04b5050320e752621f6233b611662ffc77eef1088e,6067edfd70fb2834fb415840858313d3ff7d62ecbc27f094f38ad4e7a8afa65c,,,220,1,43,220,0,accident,43,0,
e45,64d921063eb0a02530efbea3434c347d28bd353cbb04464e5d91d499f62f61ef,glass,calibration,A,0,0,ff32226ad13b1f74853cae04b5050320e752621f6233b611662ffc77eef1088e,6067edfd70fb2834fb415840858313d3ff7d62ecbc27f094f38ad4e7a8afa65c,,,440,1,43,440,0,accident,43,0,
e45,64d921063eb0a02530efbea3434c347d28bd353cbb04464e5d91d499f62f61ef,glass,calibration,A,1,0,ff32226ad13b1f74853cae04b5050320e752621f6233b611662ffc77eef1088e,6067edfd70fb2834fb415840858313d3ff7d62ecbc27f094f38ad4e7a8afa65c,,,220,1,74,220,0,accident,74,0,
e45,64d921063eb0a02530efbea3434c347d28bd353cbb04464e5d91d499f62f61ef,glass,calibration,A,1,0,ff32226ad13b1f74853cae04b5050320e752621f6233b611662ffc77eef1088e,6067edfd70fb2834fb415840858313d3ff7d62ecbc27f094f38ad4e7a8afa65c,,,440,1,74,440,0,accident,74,0,
e45,64d921063eb0a02530efbea3434c347d28bd353cbb04464e5d91d499f62f61ef,glass,calibration,A,1,1,ff32226ad13b1f74853cae04b5050320e752621f6233b611662ffc77eef1088e,6067edfd70fb2834fb415840858313d3ff7d62ecbc27f094f38ad4e7a8afa65c,,,220,1,9,220,135,accident,143,0,
e45,64d921063eb0a02530efbea3434c347d28bd353cbb04464e5d91d499f62f61ef,glass,calibration,A,1,1,ff32226ad13b1f74853cae04b5050320e752621f6233b611662ffc77eef1088e,6067edfd70fb2834fb415840858313d3ff7d62ecbc27f094f38ad4e7a8afa65c,,,440,1,9,440,135,accident,143,0,
e47,64d921063eb0a02530efbea3434c347d28bd353cbb04464e5d91d499f62f61ef,noglass,calibration,A,0,1,25bd3df2e80b0a2be0c644470e9d4360c562eb17abd2afc40e1691c71d6fca38,fed10df8024b1ce4bada6b86cdbf8e80eacb3f318bcabaec0ad9d2f5ea4c750c,,,220,0,14,220,207,timeout,220,0,
e47,64d921063eb0a02530efbea3434c347d28bd353cbb04464e5d91d499f62f61ef,noglass,calibration,A,0,1,25bd3df2e80b0a2be0c644470e9d4360c562eb17abd2afc40e1691c71d6fca38,fed10df8024b1ce4bada6b86cdbf8e80eacb3f318bcabaec0ad9d2f5ea4c750c,,,440,0,14,440,427,timeout,440,0,
e47,64d921063eb0a02530efbea3434c347d28bd353cbb04464e5d91d499f62f61ef,noglass,calibration,A,0,0,25bd3df2e80b0a2be0c644470e9d4360c562eb17abd2afc40e1691c71d6fca38,fed10df8024b1ce4bada6b86cdbf8e80eacb3f318bcabaec0ad9d2f5ea4c750c,,,220,0,88,88,0,success,88,1,88
e47,64d921063eb0a02530efbea3434c347d28bd353cbb04464e5d91d499f62f61ef,noglass,calibration,A,0,0,25bd3df2e80b0a2be0c644470e9d4360c562eb17abd2afc40e1691c71d6fca38,fed10df8024b1ce4bada6b86cdbf8e80eacb3f318bcabaec0ad9d2f5ea4c750c,,,440,0,88,88,0,success,88,1,88
e47,64d921063eb0a02530efbea3434c347d28bd353cbb04464e5d91d499f62f61ef,noglass,calibration,A,1,0,25bd3df2e80b0a2be0c644470e9d4360c562eb17abd2afc40e1691c71d6fca38,fed10df8024b1ce4bada6b86cdbf8e80eacb3f318bcabaec0ad9d2f5ea4c750c,,,220,0,89,89,0,success,89,1,89
e47,64d921063eb0a02530efbea3434c347d28bd353cbb04464e5d91d499f62f61ef,noglass,calibration,A,1,0,25bd3df2e80b0a2be0c644470e9d4360c562eb17abd2afc40e1691c71d6fca38,fed10df8024b1ce4bada6b86cdbf8e80eacb3f318bcabaec0ad9d2f5ea4c750c,,,440,0,89,89,0,success,89,1,89
e47,64d921063eb0a02530efbea3434c347d28bd353cbb04464e5d91d499f62f61ef,noglass,calibration,A,1,1,25bd3df2e80b0a2be0c644470e9d4360c562eb17abd2afc40e1691c71d6fca38,fed10df8024b1ce4bada6b86cdbf8e80eacb3f318bcabaec0ad9d2f5ea4c750c,,,220,0,14,220,207,timeout,220,0,
e47,64d921063eb0a02530efbea3434c347d28bd353cbb04464e5d91d499f62f61ef,noglass,calibration,A,1,1,25bd3df2e80b0a2be0c644470e9d4360c562eb17abd2afc40e1691c71d6fca38,fed10df8024b1ce4bada6b86cdbf8e80eacb3f318bcabaec0ad9d2f5ea4c750c,,,440,0,14,440,427,timeout,440,0,
e00,0815f4806fc9a4fbd58c6627c8b92fd77f1b80ad4b8b4cd6d0c6e0541d488a7b,glass,fitting,B,2,0,67f2d59d9d156c981ccd9d688583c23d6603f5d71b284bfad5ccdb9cd9bbe513,2c68fc588a4062889c788d8b38fbbef9388e8f1e0b74eaa2f59595db4c411e64,20270902,,220,1,35,220,0,accident,35,0,
e00,0815f4806fc9a4fbd58c6627c8b92fd77f1b80ad4b8b4cd6d0c6e0541d488a7b,glass,fitting,B,2,0,67f2d59d9d156c981ccd9d688583c23d6603f5d71b284bfad5ccdb9cd9bbe513,2c68fc588a4062889c788d8b38fbbef9388e8f1e0b74eaa2f59595db4c411e64,20270902,,440,1,35,440,0,accident,35,0,
e00,0815f4806fc9a4fbd58c6627c8b92fd77f1b80ad4b8b4cd6d0c6e0541d488a7b,glass,fitting,B,2,1,67f2d59d9d156c981ccd9d688583c23d6603f5d71b284bfad5ccdb9cd9bbe513,2c68fc588a4062889c788d8b38fbbef9388e8f1e0b74eaa2f59595db4c411e64,20270902,,220,0,1,220,220,timeout,220,0,
e00,0815f4806fc9a4fbd58c6627c8b92fd77f1b80ad4b8b4cd6d0c6e0541d488a7b,glass,fitting,B,2,1,67f2d59d9d156c981ccd9d688583c23d6603f5d71b284bfad5ccdb9cd9bbe513,2c68fc588a4062889c788d8b38fbbef9388e8f1e0b74eaa2f59595db4c411e64,20270902,,440,0,1,440,440,timeout,440,0,
e00,0815f4806fc9a4fbd58c6627c8b92fd77f1b80ad4b8b4cd6d0c6e0541d488a7b,glass,fitting,B,3,1,67f2d59d9d156c981ccd9d688583c23d6603f5d71b284bfad5ccdb9cd9bbe513,2c68fc588a4062889c788d8b38fbbef9388e8f1e0b74eaa2f59595db4c411e64,20270903,,220,0,1,220,220,timeout,220,0,
e00,0815f4806fc9a4fbd58c6627c8b92fd77f1b80ad4b8b4cd6d0c6e0541d488a7b,glass,fitting,B,3,1,67f2d59d9d156c981ccd9d688583c23d6603f5d71b284bfad5ccdb9cd9bbe513,2c68fc588a4062889c788d8b38fbbef9388e8f1e0b74eaa2f59595db4c411e64,20270903,,440,0,1,440,440,timeout,440,0,
e00,0815f4806fc9a4fbd58c6627c8b92fd77f1b80ad4b8b4cd6d0c6e0541d488a7b,glass,fitting,B,3,0,67f2d59d9d156c981ccd9d688583c23d6603f5d71b284bfad5ccdb9cd9bbe513,2c68fc588a4062889c788d8b38fbbef9388e8f1e0b74eaa2f59595db4c411e64,20270903,,220,1,39,220,0,accident,39,0,
e00,0815f4806fc9a4fbd58c6627c8b92fd77f1b80ad4b8b4cd6d0c6e0541d488a7b,glass,fitting,B,3,0,67f2d59d9d156c981ccd9d688583c23d6603f5d71b284bfad5ccdb9cd9bbe513,2c68fc588a4062889c788d8b38fbbef9388e8f1e0b74eaa2f59595db4c411e64,20270903,,440,1,39,440,0,accident,39,0,
e01,0815f4806fc9a4fbd58c6627c8b92fd77f1b80ad4b8b4cd6d0c6e0541d488a7b,offpath,fitting,B,2,1,c3632d24e345bf9aa66a0ab9f6485fbb73637cb6290e813c2ce5682261bdd717,052583fe9d1eabe99f5bdcff93fe7c3ff50f723bdf575011374440b6fc2500d0,20270902,,220,0,3,217,215,success,217,1,217
e01,0815f4806fc9a4fbd58c6627c8b92fd77f1b80ad4b8b4cd6d0c6e0541d488a7b,offpath,fitting,B,2,1,c3632d24e345bf9aa66a0ab9f6485fbb73637cb6290e813c2ce5682261bdd717,052583fe9d1eabe99f5bdcff93fe7c3ff50f723bdf575011374440b6fc2500d0,20270902,,440,0,3,217,215,success,217,1,217
e01,0815f4806fc9a4fbd58c6627c8b92fd77f1b80ad4b8b4cd6d0c6e0541d488a7b,offpath,fitting,B,2,0,c3632d24e345bf9aa66a0ab9f6485fbb73637cb6290e813c2ce5682261bdd717,052583fe9d1eabe99f5bdcff93fe7c3ff50f723bdf575011374440b6fc2500d0,20270902,,220,0,97,97,0,success,97,1,97
e01,0815f4806fc9a4fbd58c6627c8b92fd77f1b80ad4b8b4cd6d0c6e0541d488a7b,offpath,fitting,B,2,0,c3632d24e345bf9aa66a0ab9f6485fbb73637cb6290e813c2ce5682261bdd717,052583fe9d1eabe99f5bdcff93fe7c3ff50f723bdf575011374440b6fc2500d0,20270902,,440,0,97,97,0,success,97,1,97
e01,0815f4806fc9a4fbd58c6627c8b92fd77f1b80ad4b8b4cd6d0c6e0541d488a7b,offpath,fitting,B,3,0,c3632d24e345bf9aa66a0ab9f6485fbb73637cb6290e813c2ce5682261bdd717,052583fe9d1eabe99f5bdcff93fe7c3ff50f723bdf575011374440b6fc2500d0,20270903,,220,0,105,105,0,success,105,1,105
e01,0815f4806fc9a4fbd58c6627c8b92fd77f1b80ad4b8b4cd6d0c6e0541d488a7b,offpath,fitting,B,3,0,c3632d24e345bf9aa66a0ab9f6485fbb73637cb6290e813c2ce5682261bdd717,052583fe9d1eabe99f5bdcff93fe7c3ff50f723bdf575011374440b6fc2500d0,20270903,,440,0,105,105,0,success,105,1,105
e01,0815f4806fc9a4fbd58c6627c8b92fd77f1b80ad4b8b4cd6d0c6e0541d488a7b,offpath,fitting,B,3,1,c3632d24e345bf9aa66a0ab9f6485fbb73637cb6290e813c2ce5682261bdd717,052583fe9d1eabe99f5bdcff93fe7c3ff50f723bdf575011374440b6fc2500d0,20270903,,220,0,3,217,215,success,217,1,217
e01,0815f4806fc9a4fbd58c6627c8b92fd77f1b80ad4b8b4cd6d0c6e0541d488a7b,offpath,fitting,B,3,1,c3632d24e345bf9aa66a0ab9f6485fbb73637cb6290e813c2ce5682261bdd717,052583fe9d1eabe99f5bdcff93fe7c3ff50f723bdf575011374440b6fc2500d0,20270903,,440,0,3,217,215,success,217,1,217
e02,0815f4806fc9a4fbd58c6627c8b92fd77f1b80ad4b8b4cd6d0c6e0541d488a7b,noglass,fitting,B,2,0,30a7a37be808d48f902a3ead95880875cb59109e0d515930d6cd81b273d25a2a,eefd24cf9699a1ed3ba46ee9e2564e066842dcd017dce2d932ce906c2db5f463,20270902,,220,0,91,91,0,success,91,1,91
e02,0815f4806fc9a4fbd58c6627c8b92fd77f1b80ad4b8b4cd6d0c6e0541d488a7b,noglass,fitting,B,2,0,30a7a37be808d48f902a3ead95880875cb59109e0d515930d6cd81b273d25a2a,eefd24cf9699a1ed3ba46ee9e2564e066842dcd017dce2d932ce906c2db5f463,20270902,,440,0,91,91,0,success,91,1,91
e02,0815f4806fc9a4fbd58c6627c8b92fd77f1b80ad4b8b4cd6d0c6e0541d488a7b,noglass,fitting,B,2,1,30a7a37be808d48f902a3ead95880875cb59109e0d515930d6cd81b273d25a2a,eefd24cf9699a1ed3ba46ee9e2564e066842dcd017dce2d932ce906c2db5f463,20270902,,220,0,2,220,219,timeout,220,0,
e02,0815f4806fc9a4fbd58c6627c8b92fd77f1b80ad4b8b4cd6d0c6e0541d488a7b,noglass,fitting,B,2,1,30a7a37be808d48f902a3ead95880875cb59109e0d515930d6cd81b273d25a2a,eefd24cf9699a1ed3ba46ee9e2564e066842dcd017dce2d932ce906c2db5f463,20270902,,440,0,2,440,439,timeout,440,0,
e02,0815f4806fc9a4fbd58c6627c8b92fd77f1b80ad4b8b4cd6d0c6e0541d488a7b,noglass,fitting,B,3,1,30a7a37be808d48f902a3ead95880875cb59109e0d515930d6cd81b273d25a2a,eefd24cf9699a1ed3ba46ee9e2564e066842dcd017dce2d932ce906c2db5f463,20270903,,220,0,2,220,219,timeout,220,0,
e02,0815f4806fc9a4fbd58c6627c8b92fd77f1b80ad4b8b4cd6d0c6e0541d488a7b,noglass,fitting,B,3,1,30a7a37be808d48f902a3ead95880875cb59109e0d515930d6cd81b273d25a2a,eefd24cf9699a1ed3ba46ee9e2564e066842dcd017dce2d932ce906c2db5f463,20270903,,440,0,2,440,439,timeout,440,0,
e02,0815f4806fc9a4fbd58c6627c8b92fd77f1b80ad4b8b4cd6d0c6e0541d488a7b,noglass,fitting,B,3,0,30a7a37be808d48f902a3ead95880875cb59109e0d515930d6cd81b273d25a2a,eefd24cf9699a1ed3ba46ee9e2564e066842dcd017dce2d932ce906c2db5f463,20270903,,220,0,114,114,0,success,114,1,114
e02,0815f4806fc9a4fbd58c6627c8b92fd77f1b80ad4b8b4cd6d0c6e0541d488a7b,noglass,fitting,B,3,0,30a7a37be808d48f902a3ead95880875cb59109e0d515930d6cd81b273d25a2a,eefd24cf9699a1ed3ba46ee9e2564e066842dcd017dce2d932ce906c2db5f463,20270903,,440,0,114,114,0,success,114,1,114
e03,28c563172e6e13a0d3d84f1527243878c67a2140fa8c9a81ecb8b81ec9402dc8,glass,fitting,B,2,1,bef96ad3c888b699b65fd9eb29bf082f6faffd92deb02cabee5f3b0b1b98683b,5bc8a87cba47e5d206679c72227908533f916f0f83cbcd873c672e79161c870f,20270902,,220,0,18,197,180,success,197,1,197
e03,28c563172e6e13a0d3d84f1527243878c67a2140fa8c9a81ecb8b81ec9402dc8,glass,fitting,B,2,1,bef96ad3c888b699b65fd9eb29bf082f6faffd92deb02cabee5f3b0b1b98683b,5bc8a87cba47e5d206679c72227908533f916f0f83cbcd873c672e79161c870f,20270902,,440,0,18,197,180,success,197,1,197
e03,28c563172e6e13a0d3d84f1527243878c67a2140fa8c9a81ecb8b81ec9402dc8,glass,fitting,B,2,0,bef96ad3c888b699b65fd9eb29bf082f6faffd92deb02cabee5f3b0b1b98683b,5bc8a87cba47e5d206679c72227908533f916f0f83cbcd873c672e79161c870f,20270902,,220,0,79,79,0,success,79,1,79
e03,28c563172e6e13a0d3d84f1527243878c67a2140fa8c9a81ecb8b81ec9402dc8,glass,fitting,B,2,0,bef96ad3c888b699b65fd9eb29bf082f6faffd92deb02cabee5f3b0b1b98683b,5bc8a87cba47e5d206679c72227908533f916f0f83cbcd873c672e79161c870f,20270902,,440,0,79,79,0,success,79,1,79
e03,28c563172e6e13a0d3d84f1527243878c67a2140fa8c9a81ecb8b81ec9402dc8,glass,fitting,B,3,0,bef96ad3c888b699b65fd9eb29bf082f6faffd92deb02cabee5f3b0b1b98683b,5bc8a87cba47e5d206679c72227908533f916f0f83cbcd873c672e79161c870f,20270903,,220,0,79,79,0,success,79,1,79
e03,28c563172e6e13a0d3d84f1527243878c67a2140fa8c9a81ecb8b81ec9402dc8,glass,fitting,B,3,0,bef96ad3c888b699b65fd9eb29bf082f6faffd92deb02cabee5f3b0b1b98683b,5bc8a87cba47e5d206679c72227908533f916f0f83cbcd873c672e79161c870f,20270903,,440,0,79,79,0,success,79,1,79
e03,28c563172e6e13a0d3d84f1527243878c67a2140fa8c9a81ecb8b81ec9402dc8,glass,fitting,B,3,1,bef96ad3c888b699b65fd9eb29bf082f6faffd92deb02cabee5f3b0b1b98683b,5bc8a87cba47e5d206679c72227908533f916f0f83cbcd873c672e79161c870f,20270903,,220,0,18,197,180,success,197,1,197
e03,28c563172e6e13a0d3d84f1527243878c67a2140fa8c9a81ecb8b81ec9402dc8,glass,fitting,B,3,1,bef96ad3c888b699b65fd9eb29bf082f6faffd92deb02cabee5f3b0b1b98683b,5bc8a87cba47e5d206679c72227908533f916f0f83cbcd873c672e79161c870f,20270903,,440,0,18,197,180,success,197,1,197
e04,28c563172e6e13a0d3d84f1527243878c67a2140fa8c9a81ecb8b81ec9402dc8,offpath,fitting,B,2,0,3e381b80d03f71e4aa71ec283293af6769a6eb84061bc2da7db13bbecd4e8d28,de61e46a0f8a58da97db8e214539dd8ff6583e6b8e9bd9022eddfbabf5290da4,20270902,,220,0,92,92,0,success,92,1,92
e04,28c563172e6e13a0d3d84f1527243878c67a2140fa8c9a81ecb8b81ec9402dc8,offpath,fitting,B,2,0,3e381b80d03f71e4aa71ec283293af6769a6eb84061bc2da7db13bbecd4e8d28,de61e46a0f8a58da97db8e214539dd8ff6583e6b8e9bd9022eddfbabf5290da4,20270902,,440,0,92,92,0,success,92,1,92
e04,28c563172e6e13a0d3d84f1527243878c67a2140fa8c9a81ecb8b81ec9402dc8,offpath,fitting,B,2,1,3e381b80d03f71e4aa71ec283293af6769a6eb84061bc2da7db13bbecd4e8d28,de61e46a0f8a58da97db8e214539dd8ff6583e6b8e9bd9022eddfbabf5290da4,20270902,,220,0,26,220,195,timeout,220,0,
e04,28c563172e6e13a0d3d84f1527243878c67a2140fa8c9a81ecb8b81ec9402dc8,offpath,fitting,B,2,1,3e381b80d03f71e4aa71ec283293af6769a6eb84061bc2da7db13bbecd4e8d28,de61e46a0f8a58da97db8e214539dd8ff6583e6b8e9bd9022eddfbabf5290da4,20270902,,440,0,26,440,415,timeout,440,0,
e04,28c563172e6e13a0d3d84f1527243878c67a2140fa8c9a81ecb8b81ec9402dc8,offpath,fitting,B,3,1,3e381b80d03f71e4aa71ec283293af6769a6eb84061bc2da7db13bbecd4e8d28,de61e46a0f8a58da97db8e214539dd8ff6583e6b8e9bd9022eddfbabf5290da4,20270903,,220,0,26,220,195,timeout,220,0,
e04,28c563172e6e13a0d3d84f1527243878c67a2140fa8c9a81ecb8b81ec9402dc8,offpath,fitting,B,3,1,3e381b80d03f71e4aa71ec283293af6769a6eb84061bc2da7db13bbecd4e8d28,de61e46a0f8a58da97db8e214539dd8ff6583e6b8e9bd9022eddfbabf5290da4,20270903,,440,0,26,440,415,timeout,440,0,
e04,28c563172e6e13a0d3d84f1527243878c67a2140fa8c9a81ecb8b81ec9402dc8,offpath,fitting,B,3,0,3e381b80d03f71e4aa71ec283293af6769a6eb84061bc2da7db13bbecd4e8d28,de61e46a0f8a58da97db8e214539dd8ff6583e6b8e9bd9022eddfbabf5290da4,20270903,,220,0,93,93,0,success,93,1,93
e04,28c563172e6e13a0d3d84f1527243878c67a2140fa8c9a81ecb8b81ec9402dc8,offpath,fitting,B,3,0,3e381b80d03f71e4aa71ec283293af6769a6eb84061bc2da7db13bbecd4e8d28,de61e46a0f8a58da97db8e214539dd8ff6583e6b8e9bd9022eddfbabf5290da4,20270903,,440,0,93,93,0,success,93,1,93
e05,28c563172e6e13a0d3d84f1527243878c67a2140fa8c9a81ecb8b81ec9402dc8,noglass,fitting,B,2,1,df397e1af075048907ff3511b0b26aca88ff0854e35c7310d37a8df0386e24e6,fc9b943db260c7e6debdd82159a748fdd912f2387a5cf25832e9e23b67fbdf6c,20270902,,220,0,20,220,201,success,220,1,220
e05,28c563172e6e13a0d3d84f1527243878c67a2140fa8c9a81ecb8b81ec9402dc8,noglass,fitting,B,2,1,df397e1af075048907ff3511b0b26aca88ff0854e35c7310d37a8df0386e24e6,fc9b943db260c7e6debdd82159a748fdd912f2387a5cf25832e9e23b67fbdf6c,20270902,,440,0,20,220,201,success,220,1,220
e05,28c563172e6e13a0d3d84f1527243878c67a2140fa8c9a81ecb8b81ec9402dc8,noglass,fitting,B,2,0,df397e1af075048907ff3511b0b26aca88ff0854e35c7310d37a8df0386e24e6,fc9b943db260c7e6debdd82159a748fdd912f2387a5cf25832e9e23b67fbdf6c,20270902,,220,0,83,83,0,success,83,1,83
e05,28c563172e6e13a0d3d84f1527243878c67a2140fa8c9a81ecb8b81ec9402dc8,noglass,fitting,B,2,0,df397e1af075048907ff3511b0b26aca88ff0854e35c7310d37a8df0386e24e6,fc9b943db260c7e6debdd82159a748fdd912f2387a5cf25832e9e23b67fbdf6c,20270902,,440,0,83,83,0,success,83,1,83
e05,28c563172e6e13a0d3d84f1527243878c67a2140fa8c9a81ecb8b81ec9402dc8,noglass,fitting,B,3,0,df397e1af075048907ff3511b0b26aca88ff0854e35c7310d37a8df0386e24e6,fc9b943db260c7e6debdd82159a748fdd912f2387a5cf25832e9e23b67fbdf6c,20270903,,220,0,93,93,0,success,93,1,93
e05,28c563172e6e13a0d3d84f1527243878c67a2140fa8c9a81ecb8b81ec9402dc8,noglass,fitting,B,3,0,df397e1af075048907ff3511b0b26aca88ff0854e35c7310d37a8df0386e24e6,fc9b943db260c7e6debdd82159a748fdd912f2387a5cf25832e9e23b67fbdf6c,20270903,,440,0,93,93,0,success,93,1,93
e05,28c563172e6e13a0d3d84f1527243878c67a2140fa8c9a81ecb8b81ec9402dc8,noglass,fitting,B,3,1,df397e1af075048907ff3511b0b26aca88ff0854e35c7310d37a8df0386e24e6,fc9b943db260c7e6debdd82159a748fdd912f2387a5cf25832e9e23b67fbdf6c,20270903,,220,0,20,220,201,success,220,1,220
e05,28c563172e6e13a0d3d84f1527243878c67a2140fa8c9a81ecb8b81ec9402dc8,noglass,fitting,B,3,1,df397e1af075048907ff3511b0b26aca88ff0854e35c7310d37a8df0386e24e6,fc9b943db260c7e6debdd82159a748fdd912f2387a5cf25832e9e23b67fbdf6c,20270903,,440,0,20,220,201,success,220,1,220
e06,69fa7e93588c6aea4b134efa44633d38556ce1656b46df276021920a664881a3,glass,fitting,B,2,0,9cb24109890ea5615fd651c75ca04f3ea4f343ab216093d04db37b1772540739,f6b781cbd9cc1f49f003c1a1984f2bb000421cd029c7d998bbefa89c50ad4d5b,20270902,,220,1,38,220,0,accident,38,0,
e06,69fa7e93588c6aea4b134efa44633d38556ce1656b46df276021920a664881a3,glass,fitting,B,2,0,9cb24109890ea5615fd651c75ca04f3ea4f343ab216093d04db37b1772540739,f6b781cbd9cc1f49f003c1a1984f2bb000421cd029c7d998bbefa89c50ad4d5b,20270902,,440,1,38,440,0,accident,38,0,
e06,69fa7e93588c6aea4b134efa44633d38556ce1656b46df276021920a664881a3,glass,fitting,B,2,1,9cb24109890ea5615fd651c75ca04f3ea4f343ab216093d04db37b1772540739,f6b781cbd9cc1f49f003c1a1984f2bb000421cd029c7d998bbefa89c50ad4d5b,20270902,,220,0,1,220,220,timeout,220,0,
e06,69fa7e93588c6aea4b134efa44633d38556ce1656b46df276021920a664881a3,glass,fitting,B,2,1,9cb24109890ea5615fd651c75ca04f3ea4f343ab216093d04db37b1772540739,f6b781cbd9cc1f49f003c1a1984f2bb000421cd029c7d998bbefa89c50ad4d5b,20270902,,440,0,1,440,440,timeout,440,0,
e06,69fa7e93588c6aea4b134efa44633d38556ce1656b46df276021920a664881a3,glass,fitting,B,3,1,9cb24109890ea5615fd651c75ca04f3ea4f343ab216093d04db37b1772540739,f6b781cbd9cc1f49f003c1a1984f2bb000421cd029c7d998bbefa89c50ad4d5b,20270903,,220,0,1,220,220,timeout,220,0,
e06,69fa7e93588c6aea4b134efa44633d38556ce1656b46df276021920a664881a3,glass,fitting,B,3,1,9cb24109890ea5615fd651c75ca04f3ea4f343ab216093d04db37b1772540739,f6b781cbd9cc1f49f003c1a1984f2bb000421cd029c7d998bbefa89c50ad4d5b,20270903,,440,0,1,440,440,timeout,440,0,
e06,69fa7e93588c6aea4b134efa44633d38556ce1656b46df276021920a664881a3,glass,fitting,B,3,0,9cb24109890ea5615fd651c75ca04f3ea4f343ab216093d04db37b1772540739,f6b781cbd9cc1f49f003c1a1984f2bb000421cd029c7d998bbefa89c50ad4d5b,20270903,,220,1,38,220,0,accident,38,0,
e06,69fa7e93588c6aea4b134efa44633d38556ce1656b46df276021920a664881a3,glass,fitting,B,3,0,9cb24109890ea5615fd651c75ca04f3ea4f343ab216093d04db37b1772540739,f6b781cbd9cc1f49f003c1a1984f2bb000421cd029c7d998bbefa89c50ad4d5b,20270903,,440,1,38,440,0,accident,38,0,
e07,69fa7e93588c6aea4b134efa44633d38556ce1656b46df276021920a664881a3,offpath,fitting,B,2,1,ab82d9837ed36c7881495c71bf1f852c3f9ee78842c08e887e2afb3fcef9c4bd,cb294e40adce24574017fea3be5a01dce747dc4a5f09e2f9968a7c7f7ce8ff3b,20270902,,220,0,1,199,199,success,199,1,199
e07,69fa7e93588c6aea4b134efa44633d38556ce1656b46df276021920a664881a3,offpath,fitting,B,2,1,ab82d9837ed36c7881495c71bf1f852c3f9ee78842c08e887e2afb3fcef9c4bd,cb294e40adce24574017fea3be5a01dce747dc4a5f09e2f9968a7c7f7ce8ff3b,20270902,,440,0,1,199,199,success,199,1,199
e07,69fa7e93588c6aea4b134efa44633d38556ce1656b46df276021920a664881a3,offpath,fitting,B,2,0,ab82d9837ed36c7881495c71bf1f852c3f9ee78842c08e887e2afb3fcef9c4bd,cb294e40adce24574017fea3be5a01dce747dc4a5f09e2f9968a7c7f7ce8ff3b,20270902,,220,0,87,87,0,success,87,1,87
e07,69fa7e93588c6aea4b134efa44633d38556ce1656b46df276021920a664881a3,offpath,fitting,B,2,0,ab82d9837ed36c7881495c71bf1f852c3f9ee78842c08e887e2afb3fcef9c4bd,cb294e40adce24574017fea3be5a01dce747dc4a5f09e2f9968a7c7f7ce8ff3b,20270902,,440,0,87,87,0,success,87,1,87
e07,69fa7e93588c6aea4b134efa44633d38556ce1656b46df276021920a664881a3,offpath,fitting,B,3,0,ab82d9837ed36c7881495c71bf1f852c3f9ee78842c08e887e2afb3fcef9c4bd,cb294e40adce24574017fea3be5a01dce747dc4a5f09e2f9968a7c7f7ce8ff3b,20270903,,220,0,82,82,0,success,82,1,82
e07,69fa7e93588c6aea4b134efa44633d38556ce1656b46df276021920a664881a3,offpath,fitting,B,3,0,ab82d9837ed36c7881495c71bf1f852c3f9ee78842c08e887e2afb3fcef9c4bd,cb294e40adce24574017fea3be5a01dce747dc4a5f09e2f9968a7c7f7ce8ff3b,20270903,,440,0,82,82,0,success,82,1,82
e07,69fa7e93588c6aea4b134efa44633d38556ce1656b46df276021920a664881a3,offpath,fitting,B,3,1,ab82d9837ed36c7881495c71bf1f852c3f9ee78842c08e887e2afb3fcef9c4bd,cb294e40adce24574017fea3be5a01dce747dc4a5f09e2f9968a7c7f7ce8ff3b,20270903,,220,0,1,199,199,success,199,1,199
e07,69fa7e93588c6aea4b134efa44633d38556ce1656b46df276021920a664881a3,offpath,fitting,B,3,1,ab82d9837ed36c7881495c71bf1f852c3f9ee78842c08e887e2afb3fcef9c4bd,cb294e40adce24574017fea3be5a01dce747dc4a5f09e2f9968a7c7f7ce8ff3b,20270903,,440,0,1,199,199,success,199,1,199
e08,69fa7e93588c6aea4b134efa44633d38556ce1656b46df276021920a664881a3,noglass,fitting,B,2,0,55e46660296b13305b1602b7eb9cd5a6563dcdb07a99dfd7f339f76e7e5519a6,a035843ee36228270412b5a2d03322f88fa766fe96bc386c271100c48813ca3b,20270902,,220,0,81,81,0,success,81,1,81
e08,69fa7e93588c6aea4b134efa44633d38556ce1656b46df276021920a664881a3,noglass,fitting,B,2,0,55e46660296b13305b1602b7eb9cd5a6563dcdb07a99dfd7f339f76e7e5519a6,a035843ee36228270412b5a2d03322f88fa766fe96bc386c271100c48813ca3b,20270902,,440,0,81,81,0,success,81,1,81
e08,69fa7e93588c6aea4b134efa44633d38556ce1656b46df276021920a664881a3,noglass,fitting,B,2,1,55e46660296b13305b1602b7eb9cd5a6563dcdb07a99dfd7f339f76e7e5519a6,a035843ee36228270412b5a2d03322f88fa766fe96bc386c271100c48813ca3b,20270902,,220,0,1,206,206,success,206,1,206
e08,69fa7e93588c6aea4b134efa44633d38556ce1656b46df276021920a664881a3,noglass,fitting,B,2,1,55e46660296b13305b1602b7eb9cd5a6563dcdb07a99dfd7f339f76e7e5519a6,a035843ee36228270412b5a2d03322f88fa766fe96bc386c271100c48813ca3b,20270902,,440,0,1,206,206,success,206,1,206
e08,69fa7e93588c6aea4b134efa44633d38556ce1656b46df276021920a664881a3,noglass,fitting,B,3,1,55e46660296b13305b1602b7eb9cd5a6563dcdb07a99dfd7f339f76e7e5519a6,a035843ee36228270412b5a2d03322f88fa766fe96bc386c271100c48813ca3b,20270903,,220,0,1,206,206,success,206,1,206
e08,69fa7e93588c6aea4b134efa44633d38556ce1656b46df276021920a664881a3,noglass,fitting,B,3,1,55e46660296b13305b1602b7eb9cd5a6563dcdb07a99dfd7f339f76e7e5519a6,a035843ee36228270412b5a2d03322f88fa766fe96bc386c271100c48813ca3b,20270903,,440,0,1,206,206,success,206,1,206
e08,69fa7e93588c6aea4b134efa44633d38556ce1656b46df276021920a664881a3,noglass,fitting,B,3,0,55e46660296b13305b1602b7eb9cd5a6563dcdb07a99dfd7f339f76e7e5519a6,a035843ee36228270412b5a2d03322f88fa766fe96bc386c271100c48813ca3b,20270903,,220,0,84,84,0,success,84,1,84
e08,69fa7e93588c6aea4b134efa44633d38556ce1656b46df276021920a664881a3,noglass,fitting,B,3,0,55e46660296b13305b1602b7eb9cd5a6563dcdb07a99dfd7f339f76e7e5519a6,a035843ee36228270412b5a2d03322f88fa766fe96bc386c271100c48813ca3b,20270903,,440,0,84,84,0,success,84,1,84
e09,76fe1d96587ab928f6fb5d7750ecd048fd712eb3d66aa60feb972a3d9d56c9d1,glass,fitting,B,2,1,6069e87e72cf7ab17fd7f3e3b3de74336cd41d99beb37f45ffdb65f62eb66715,341657e7602b67fa5f605fa1be9376a8185b0017ae521d06fffea000312c5529,20270902,,220,1,19,220,76,accident,94,0,
e09,76fe1d96587ab928f6fb5d7750ecd048fd712eb3d66aa60feb972a3d9d56c9d1,glass,fitting,B,2,1,6069e87e72cf7ab17fd7f3e3b3de74336cd41d99beb37f45ffdb65f62eb66715,341657e7602b67fa5f605fa1be9376a8185b0017ae521d06fffea000312c5529,20270902,,440,1,19,440,76,accident,94,0,
e09,76fe1d96587ab928f6fb5d7750ecd048fd712eb3d66aa60feb972a3d9d56c9d1,glass,fitting,B,2,0,6069e87e72cf7ab17fd7f3e3b3de74336cd41d99beb37f45ffdb65f62eb66715,341657e7602b67fa5f605fa1be9376a8185b0017ae521d06fffea000312c5529,20270902,,220,0,67,67,0,success,67,1,67
e09,76fe1d96587ab928f6fb5d7750ecd048fd712eb3d66aa60feb972a3d9d56c9d1,glass,fitting,B,2,0,6069e87e72cf7ab17fd7f3e3b3de74336cd41d99beb37f45ffdb65f62eb66715,341657e7602b67fa5f605fa1be9376a8185b0017ae521d06fffea000312c5529,20270902,,440,0,67,67,0,success,67,1,67
e09,76fe1d96587ab928f6fb5d7750ecd048fd712eb3d66aa60feb972a3d9d56c9d1,glass,fitting,B,3,0,6069e87e72cf7ab17fd7f3e3b3de74336cd41d99beb37f45ffdb65f62eb66715,341657e7602b67fa5f605fa1be9376a8185b0017ae521d06fffea000312c5529,20270903,,220,0,220,220,0,timeout,220,0,
e09,76fe1d96587ab928f6fb5d7750ecd048fd712eb3d66aa60feb972a3d9d56c9d1,glass,fitting,B,3,0,6069e87e72cf7ab17fd7f3e3b3de74336cd41d99beb37f45ffdb65f62eb66715,341657e7602b67fa5f605fa1be9376a8185b0017ae521d06fffea000312c5529,20270903,,440,0,440,440,0,timeout,440,0,
e09,76fe1d96587ab928f6fb5d7750ecd048fd712eb3d66aa60feb972a3d9d56c9d1,glass,fitting,B,3,1,6069e87e72cf7ab17fd7f3e3b3de74336cd41d99beb37f45ffdb65f62eb66715,341657e7602b67fa5f605fa1be9376a8185b0017ae521d06fffea000312c5529,20270903,,220,1,19,220,76,accident,94,0,
e09,76fe1d96587ab928f6fb5d7750ecd048fd712eb3d66aa60feb972a3d9d56c9d1,glass,fitting,B,3,1,6069e87e72cf7ab17fd7f3e3b3de74336cd41d99beb37f45ffdb65f62eb66715,341657e7602b67fa5f605fa1be9376a8185b0017ae521d06fffea000312c5529,20270903,,440,1,19,440,76,accident,94,0,
e10,76fe1d96587ab928f6fb5d7750ecd048fd712eb3d66aa60feb972a3d9d56c9d1,offpath,fitting,B,2,0,278472a534dedc53dd3b7698bb5ff6025b6464ba2c78b78cc2e145a3cf0d0905,fcabd9a989b2968cae6f6292f64336b813bd21cff78aa7760f5ee90dd3c837d6,20270902,,220,0,78,78,0,success,78,1,78
e10,76fe1d96587ab928f6fb5d7750ecd048fd712eb3d66aa60feb972a3d9d56c9d1,offpath,fitting,B,2,0,278472a534dedc53dd3b7698bb5ff6025b6464ba2c78b78cc2e145a3cf0d0905,fcabd9a989b2968cae6f6292f64336b813bd21cff78aa7760f5ee90dd3c837d6,20270902,,440,0,78,78,0,success,78,1,78
e10,76fe1d96587ab928f6fb5d7750ecd048fd712eb3d66aa60feb972a3d9d56c9d1,offpath,fitting,B,2,1,278472a534dedc53dd3b7698bb5ff6025b6464ba2c78b78cc2e145a3cf0d0905,fcabd9a989b2968cae6f6292f64336b813bd21cff78aa7760f5ee90dd3c837d6,20270902,,220,0,14,220,207,timeout,220,0,
e10,76fe1d96587ab928f6fb5d7750ecd048fd712eb3d66aa60feb972a3d9d56c9d1,offpath,fitting,B,2,1,278472a534dedc53dd3b7698bb5ff6025b6464ba2c78b78cc2e145a3cf0d0905,fcabd9a989b2968cae6f6292f64336b813bd21cff78aa7760f5ee90dd3c837d6,20270902,,440,0,14,440,427,timeout,440,0,
e10,76fe1d96587ab928f6fb5d7750ecd048fd712eb3d66aa60feb972a3d9d56c9d1,offpath,fitting,B,3,1,278472a534dedc53dd3b7698bb5ff6025b6464ba2c78b78cc2e145a3cf0d0905,fcabd9a989b2968cae6f6292f64336b813bd21cff78aa7760f5ee90dd3c837d6,20270903,,220,0,14,220,207,timeout,220,0,
e10,76fe1d96587ab928f6fb5d7750ecd048fd712eb3d66aa60feb972a3d9d56c9d1,offpath,fitting,B,3,1,278472a534dedc53dd3b7698bb5ff6025b6464ba2c78b78cc2e145a3cf0d0905,fcabd9a989b2968cae6f6292f64336b813bd21cff78aa7760f5ee90dd3c837d6,20270903,,440,0,14,440,427,timeout,440,0,
e10,76fe1d96587ab928f6fb5d7750ecd048fd712eb3d66aa60feb972a3d9d56c9d1,offpath,fitting,B,3,0,278472a534dedc53dd3b7698bb5ff6025b6464ba2c78b78cc2e145a3cf0d0905,fcabd9a989b2968cae6f6292f64336b813bd21cff78aa7760f5ee90dd3c837d6,20270903,,220,0,78,78,0,success,78,1,78
e10,76fe1d96587ab928f6fb5d7750ecd048fd712eb3d66aa60feb972a3d9d56c9d1,offpath,fitting,B,3,0,278472a534dedc53dd3b7698bb5ff6025b6464ba2c78b78cc2e145a3cf0d0905,fcabd9a989b2968cae6f6292f64336b813bd21cff78aa7760f5ee90dd3c837d6,20270903,,440,0,78,78,0,success,78,1,78
e11,76fe1d96587ab928f6fb5d7750ecd048fd712eb3d66aa60feb972a3d9d56c9d1,noglass,fitting,B,2,1,21f0a33ffc91b9cd2f9813e9f8b5c52d11aaf451981acf5693509217ebb96b40,7e7735c4aace356a3ddb0506c39c3e2d5f05dc4e6a907aa7800aa8bdd7a75c7d,20270902,,220,0,13,210,198,success,210,1,210
e11,76fe1d96587ab928f6fb5d7750ecd048fd712eb3d66aa60feb972a3d9d56c9d1,noglass,fitting,B,2,1,21f0a33ffc91b9cd2f9813e9f8b5c52d11aaf451981acf5693509217ebb96b40,7e7735c4aace356a3ddb0506c39c3e2d5f05dc4e6a907aa7800aa8bdd7a75c7d,20270902,,440,0,13,210,198,success,210,1,210
e11,76fe1d96587ab928f6fb5d7750ecd048fd712eb3d66aa60feb972a3d9d56c9d1,noglass,fitting,B,2,0,21f0a33ffc91b9cd2f9813e9f8b5c52d11aaf451981acf5693509217ebb96b40,7e7735c4aace356a3ddb0506c39c3e2d5f05dc4e6a907aa7800aa8bdd7a75c7d,20270902,,220,0,71,71,0,success,71,1,71
e11,76fe1d96587ab928f6fb5d7750ecd048fd712eb3d66aa60feb972a3d9d56c9d1,noglass,fitting,B,2,0,21f0a33ffc91b9cd2f9813e9f8b5c52d11aaf451981acf5693509217ebb96b40,7e7735c4aace356a3ddb0506c39c3e2d5f05dc4e6a907aa7800aa8bdd7a75c7d,20270902,,440,0,71,71,0,success,71,1,71
e11,76fe1d96587ab928f6fb5d7750ecd048fd712eb3d66aa60feb972a3d9d56c9d1,noglass,fitting,B,3,0,21f0a33ffc91b9cd2f9813e9f8b5c52d11aaf451981acf5693509217ebb96b40,7e7735c4aace356a3ddb0506c39c3e2d5f05dc4e6a907aa7800aa8bdd7a75c7d,20270903,,220,0,74,74,0,success,74,1,74
e11,76fe1d96587ab928f6fb5d7750ecd048fd712eb3d66aa60feb972a3d9d56c9d1,noglass,fitting,B,3,0,21f0a33ffc91b9cd2f9813e9f8b5c52d11aaf451981acf5693509217ebb96b40,7e7735c4aace356a3ddb0506c39c3e2d5f05dc4e6a907aa7800aa8bdd7a75c7d,20270903,,440,0,74,74,0,success,74,1,74
e11,76fe1d96587ab928f6fb5d7750ecd048fd712eb3d66aa60feb972a3d9d56c9d1,noglass,fitting,B,3,1,21f0a33ffc91b9cd2f9813e9f8b5c52d11aaf451981acf5693509217ebb96b40,7e7735c4aace356a3ddb0506c39c3e2d5f05dc4e6a907aa7800aa8bdd7a75c7d,20270903,,220,0,13,210,198,success,210,1,210
e11,76fe1d96587ab928f6fb5d7750ecd048fd712eb3d66aa60feb972a3d9d56c9d1,noglass,fitting,B,3,1,21f0a33ffc91b9cd2f9813e9f8b5c52d11aaf451981acf5693509217ebb96b40,7e7735c4aace356a3ddb0506c39c3e2d5f05dc4e6a907aa7800aa8bdd7a75c7d,20270903,,440,0,13,210,198,success,210,1,210
e12,821b498fc1fcb4e3c103635fa473d7577f718c4f633b273772954295c83ae585,glass,fitting,B,2,0,a86500b70748d096406ceba734be447a975cca3cb51431c057d09434aae3ed60,009925e54e1e7fa2d67e08f5b1527035d3bb0427a75f3527413978639c3d0ebf,20270902,,220,1,71,220,0,accident,71,0,
e12,821b498fc1fcb4e3c103635fa473d7577f718c4f633b273772954295c83ae585,glass,fitting,B,2,0,a86500b70748d096406ceba734be447a975cca3cb51431c057d09434aae3ed60,009925e54e1e7fa2d67e08f5b1527035d3bb0427a75f3527413978639c3d0ebf,20270902,,440,1,71,440,0,accident,71,0,
e12,821b498fc1fcb4e3c103635fa473d7577f718c4f633b273772954295c83ae585,glass,fitting,B,2,1,a86500b70748d096406ceba734be447a975cca3cb51431c057d09434aae3ed60,009925e54e1e7fa2d67e08f5b1527035d3bb0427a75f3527413978639c3d0ebf,20270902,,220,0,7,220,214,timeout,220,0,
e12,821b498fc1fcb4e3c103635fa473d7577f718c4f633b273772954295c83ae585,glass,fitting,B,2,1,a86500b70748d096406ceba734be447a975cca3cb51431c057d09434aae3ed60,009925e54e1e7fa2d67e08f5b1527035d3bb0427a75f3527413978639c3d0ebf,20270902,,440,1,7,440,266,accident,272,0,
e12,821b498fc1fcb4e3c103635fa473d7577f718c4f633b273772954295c83ae585,glass,fitting,B,3,1,a86500b70748d096406ceba734be447a975cca3cb51431c057d09434aae3ed60,009925e54e1e7fa2d67e08f5b1527035d3bb0427a75f3527413978639c3d0ebf,20270903,,220,0,7,220,214,timeout,220,0,
e12,821b498fc1fcb4e3c103635fa473d7577f718c4f633b273772954295c83ae585,glass,fitting,B,3,1,a86500b70748d096406ceba734be447a975cca3cb51431c057d09434aae3ed60,009925e54e1e7fa2d67e08f5b1527035d3bb0427a75f3527413978639c3d0ebf,20270903,,440,1,7,440,266,accident,272,0,
e12,821b498fc1fcb4e3c103635fa473d7577f718c4f633b273772954295c83ae585,glass,fitting,B,3,0,a86500b70748d096406ceba734be447a975cca3cb51431c057d09434aae3ed60,009925e54e1e7fa2d67e08f5b1527035d3bb0427a75f3527413978639c3d0ebf,20270903,,220,1,37,220,0,accident,37,0,
e12,821b498fc1fcb4e3c103635fa473d7577f718c4f633b273772954295c83ae585,glass,fitting,B,3,0,a86500b70748d096406ceba734be447a975cca3cb51431c057d09434aae3ed60,009925e54e1e7fa2d67e08f5b1527035d3bb0427a75f3527413978639c3d0ebf,20270903,,440,1,37,440,0,accident,37,0,
e13,821b498fc1fcb4e3c103635fa473d7577f718c4f633b273772954295c83ae585,offpath,fitting,B,2,1,4c414f27dd2cf53c8a6f0eb228e9a20e1ae15ee276ae9005edb2a59fe9545b91,978543020497995f4fef9c8403d67bd5781522f27fbb47d8366cca1ac25216f9,20270902,,220,0,2,220,219,timeout,220,0,
e13,821b498fc1fcb4e3c103635fa473d7577f718c4f633b273772954295c83ae585,offpath,fitting,B,2,1,4c414f27dd2cf53c8a6f0eb228e9a20e1ae15ee276ae9005edb2a59fe9545b91,978543020497995f4fef9c8403d67bd5781522f27fbb47d8366cca1ac25216f9,20270902,,440,0,2,440,439,timeout,440,0,
e13,821b498fc1fcb4e3c103635fa473d7577f718c4f633b273772954295c83ae585,offpath,fitting,B,2,0,4c414f27dd2cf53c8a6f0eb228e9a20e1ae15ee276ae9005edb2a59fe9545b91,978543020497995f4fef9c8403d67bd5781522f27fbb47d8366cca1ac25216f9,20270902,,220,0,82,82,0,success,82,1,82
e13,821b498fc1fcb4e3c103635fa473d7577f718c4f633b273772954295c83ae585,offpath,fitting,B,2,0,4c414f27dd2cf53c8a6f0eb228e9a20e1ae15ee276ae9005edb2a59fe9545b91,978543020497995f4fef9c8403d67bd5781522f27fbb47d8366cca1ac25216f9,20270902,,440,0,82,82,0,success,82,1,82
e13,821b498fc1fcb4e3c103635fa473d7577f718c4f633b273772954295c83ae585,offpath,fitting,B,3,0,4c414f27dd2cf53c8a6f0eb228e9a20e1ae15ee276ae9005edb2a59fe9545b91,978543020497995f4fef9c8403d67bd5781522f27fbb47d8366cca1ac25216f9,20270903,,220,0,106,106,0,success,106,1,106
e13,821b498fc1fcb4e3c103635fa473d7577f718c4f633b273772954295c83ae585,offpath,fitting,B,3,0,4c414f27dd2cf53c8a6f0eb228e9a20e1ae15ee276ae9005edb2a59fe9545b91,978543020497995f4fef9c8403d67bd5781522f27fbb47d8366cca1ac25216f9,20270903,,440,0,106,106,0,success,106,1,106
e13,821b498fc1fcb4e3c103635fa473d7577f718c4f633b273772954295c83ae585,offpath,fitting,B,3,1,4c414f27dd2cf53c8a6f0eb228e9a20e1ae15ee276ae9005edb2a59fe9545b91,978543020497995f4fef9c8403d67bd5781522f27fbb47d8366cca1ac25216f9,20270903,,220,0,2,220,219,timeout,220,0,
e13,821b498fc1fcb4e3c103635fa473d7577f718c4f633b273772954295c83ae585,offpath,fitting,B,3,1,4c414f27dd2cf53c8a6f0eb228e9a20e1ae15ee276ae9005edb2a59fe9545b91,978543020497995f4fef9c8403d67bd5781522f27fbb47d8366cca1ac25216f9,20270903,,440,0,2,440,439,timeout,440,0,
e14,821b498fc1fcb4e3c103635fa473d7577f718c4f633b273772954295c83ae585,noglass,fitting,B,2,0,e2946f237c0edf00e5a241f2b9e910b10fb5c3ee203dce465a8711b6d676c709,39447530e70bd61808079a76067734871bd37e76695facb385b2787e721f891d,20270902,,220,0,68,68,0,success,68,1,68
e14,821b498fc1fcb4e3c103635fa473d7577f718c4f633b273772954295c83ae585,noglass,fitting,B,2,0,e2946f237c0edf00e5a241f2b9e910b10fb5c3ee203dce465a8711b6d676c709,39447530e70bd61808079a76067734871bd37e76695facb385b2787e721f891d,20270902,,440,0,68,68,0,success,68,1,68
e14,821b498fc1fcb4e3c103635fa473d7577f718c4f633b273772954295c83ae585,noglass,fitting,B,2,1,e2946f237c0edf00e5a241f2b9e910b10fb5c3ee203dce465a8711b6d676c709,39447530e70bd61808079a76067734871bd37e76695facb385b2787e721f891d,20270902,,220,0,13,220,208,timeout,220,0,
e14,821b498fc1fcb4e3c103635fa473d7577f718c4f633b273772954295c83ae585,noglass,fitting,B,2,1,e2946f237c0edf00e5a241f2b9e910b10fb5c3ee203dce465a8711b6d676c709,39447530e70bd61808079a76067734871bd37e76695facb385b2787e721f891d,20270902,,440,0,13,440,428,timeout,440,0,
e14,821b498fc1fcb4e3c103635fa473d7577f718c4f633b273772954295c83ae585,noglass,fitting,B,3,1,e2946f237c0edf00e5a241f2b9e910b10fb5c3ee203dce465a8711b6d676c709,39447530e70bd61808079a76067734871bd37e76695facb385b2787e721f891d,20270903,,220,0,13,220,208,timeout,220,0,
e14,821b498fc1fcb4e3c103635fa473d7577f718c4f633b273772954295c83ae585,noglass,fitting,B,3,1,e2946f237c0edf00e5a241f2b9e910b10fb5c3ee203dce465a8711b6d676c709,39447530e70bd61808079a76067734871bd37e76695facb385b2787e721f891d,20270903,,440,0,13,440,428,timeout,440,0,
e14,821b498fc1fcb4e3c103635fa473d7577f718c4f633b273772954295c83ae585,noglass,fitting,B,3,0,e2946f237c0edf00e5a241f2b9e910b10fb5c3ee203dce465a8711b6d676c709,39447530e70bd61808079a76067734871bd37e76695facb385b2787e721f891d,20270903,,220,0,71,71,0,success,71,1,71
e14,821b498fc1fcb4e3c103635fa473d7577f718c4f633b273772954295c83ae585,noglass,fitting,B,3,0,e2946f237c0edf00e5a241f2b9e910b10fb5c3ee203dce465a8711b6d676c709,39447530e70bd61808079a76067734871bd37e76695facb385b2787e721f891d,20270903,,440,0,71,71,0,success,71,1,71
e15,9176c2514b8a62105f4d2b8a22a8a0b0236c5b9feda58c18ef64cea917b98d9d,glass,fitting,B,2,1,048e23e6c5b615623767fd5ec7f7edd4591ca694c7280ed3a9dc55eddff3398c,6948dd2ae19fd894eb61225f3934d75686120f50b4fd121a4fcf4cb21672185d,20270902,,220,0,1,209,209,success,209,1,209
e15,9176c2514b8a62105f4d2b8a22a8a0b0236c5b9feda58c18ef64cea917b98d9d,glass,fitting,B,2,1,048e23e6c5b615623767fd5ec7f7edd4591ca694c7280ed3a9dc55eddff3398c,6948dd2ae19fd894eb61225f3934d75686120f50b4fd121a4fcf4cb21672185d,20270902,,440,0,1,209,209,success,209,1,209
e15,9176c2514b8a62105f4d2b8a22a8a0b0236c5b9feda58c18ef64cea917b98d9d,glass,fitting,B,2,0,048e23e6c5b615623767fd5ec7f7edd4591ca694c7280ed3a9dc55eddff3398c,6948dd2ae19fd894eb61225f3934d75686120f50b4fd121a4fcf4cb21672185d,20270902,,220,0,71,71,0,success,71,1,71
e15,9176c2514b8a62105f4d2b8a22a8a0b0236c5b9feda58c18ef64cea917b98d9d,glass,fitting,B,2,0,048e23e6c5b615623767fd5ec7f7edd4591ca694c7280ed3a9dc55eddff3398c,6948dd2ae19fd894eb61225f3934d75686120f50b4fd121a4fcf4cb21672185d,20270902,,440,0,71,71,0,success,71,1,71
e15,9176c2514b8a62105f4d2b8a22a8a0b0236c5b9feda58c18ef64cea917b98d9d,glass,fitting,B,3,0,048e23e6c5b615623767fd5ec7f7edd4591ca694c7280ed3a9dc55eddff3398c,6948dd2ae19fd894eb61225f3934d75686120f50b4fd121a4fcf4cb21672185d,20270903,,220,0,65,65,0,success,65,1,65
e15,9176c2514b8a62105f4d2b8a22a8a0b0236c5b9feda58c18ef64cea917b98d9d,glass,fitting,B,3,0,048e23e6c5b615623767fd5ec7f7edd4591ca694c7280ed3a9dc55eddff3398c,6948dd2ae19fd894eb61225f3934d75686120f50b4fd121a4fcf4cb21672185d,20270903,,440,0,65,65,0,success,65,1,65
e15,9176c2514b8a62105f4d2b8a22a8a0b0236c5b9feda58c18ef64cea917b98d9d,glass,fitting,B,3,1,048e23e6c5b615623767fd5ec7f7edd4591ca694c7280ed3a9dc55eddff3398c,6948dd2ae19fd894eb61225f3934d75686120f50b4fd121a4fcf4cb21672185d,20270903,,220,0,1,209,209,success,209,1,209
e15,9176c2514b8a62105f4d2b8a22a8a0b0236c5b9feda58c18ef64cea917b98d9d,glass,fitting,B,3,1,048e23e6c5b615623767fd5ec7f7edd4591ca694c7280ed3a9dc55eddff3398c,6948dd2ae19fd894eb61225f3934d75686120f50b4fd121a4fcf4cb21672185d,20270903,,440,0,1,209,209,success,209,1,209
e16,9176c2514b8a62105f4d2b8a22a8a0b0236c5b9feda58c18ef64cea917b98d9d,offpath,fitting,B,2,0,a3f22eb6a61ae198842ee879e79e2afaa2318033125faaa356126cb23d3237ca,28067721ac407335f491700239d6d4ba2f63cb5349373f947d3ac2eb00547727,20270902,,220,1,76,220,0,accident,76,0,
e16,9176c2514b8a62105f4d2b8a22a8a0b0236c5b9feda58c18ef64cea917b98d9d,offpath,fitting,B,2,0,a3f22eb6a61ae198842ee879e79e2afaa2318033125faaa356126cb23d3237ca,28067721ac407335f491700239d6d4ba2f63cb5349373f947d3ac2eb00547727,20270902,,440,1,76,440,0,accident,76,0,
e16,9176c2514b8a62105f4d2b8a22a8a0b0236c5b9feda58c18ef64cea917b98d9d,offpath,fitting,B,2,1,a3f22eb6a61ae198842ee879e79e2afaa2318033125faaa356126cb23d3237ca,28067721ac407335f491700239d6d4ba2f63cb5349373f947d3ac2eb00547727,20270902,,220,1,14,220,63,accident,76,0,
e16,9176c2514b8a62105f4d2b8a22a8a0b0236c5b9feda58c18ef64cea917b98d9d,offpath,fitting,B,2,1,a3f22eb6a61ae198842ee879e79e2afaa2318033125faaa356126cb23d3237ca,28067721ac407335f491700239d6d4ba2f63cb5349373f947d3ac2eb00547727,20270902,,440,1,14,440,63,accident,76,0,
e16,9176c2514b8a62105f4d2b8a22a8a0b0236c5b9feda58c18ef64cea917b98d9d,offpath,fitting,B,3,1,a3f22eb6a61ae198842ee879e79e2afaa2318033125faaa356126cb23d3237ca,28067721ac407335f491700239d6d4ba2f63cb5349373f947d3ac2eb00547727,20270903,,220,1,14,220,63,accident,76,0,
e16,9176c2514b8a62105f4d2b8a22a8a0b0236c5b9feda58c18ef64cea917b98d9d,offpath,fitting,B,3,1,a3f22eb6a61ae198842ee879e79e2afaa2318033125faaa356126cb23d3237ca,28067721ac407335f491700239d6d4ba2f63cb5349373f947d3ac2eb00547727,20270903,,440,1,14,440,63,accident,76,0,
e16,9176c2514b8a62105f4d2b8a22a8a0b0236c5b9feda58c18ef64cea917b98d9d,offpath,fitting,B,3,0,a3f22eb6a61ae198842ee879e79e2afaa2318033125faaa356126cb23d3237ca,28067721ac407335f491700239d6d4ba2f63cb5349373f947d3ac2eb00547727,20270903,,220,0,75,75,0,success,75,1,75
e16,9176c2514b8a62105f4d2b8a22a8a0b0236c5b9feda58c18ef64cea917b98d9d,offpath,fitting,B,3,0,a3f22eb6a61ae198842ee879e79e2afaa2318033125faaa356126cb23d3237ca,28067721ac407335f491700239d6d4ba2f63cb5349373f947d3ac2eb00547727,20270903,,440,0,75,75,0,success,75,1,75
e17,9176c2514b8a62105f4d2b8a22a8a0b0236c5b9feda58c18ef64cea917b98d9d,noglass,fitting,B,2,1,f01110a91a989bbaeb677e4d26ec5727dadef41cb2dba84bbdaf5c1364fbf7d4,efb3de1b3ee8341339869056147817bd98c46a3790f5a06182182ea89340be85,20270902,,220,0,14,183,170,success,183,1,183
e17,9176c2514b8a62105f4d2b8a22a8a0b0236c5b9feda58c18ef64cea917b98d9d,noglass,fitting,B,2,1,f01110a91a989bbaeb677e4d26ec5727dadef41cb2dba84bbdaf5c1364fbf7d4,efb3de1b3ee8341339869056147817bd98c46a3790f5a06182182ea89340be85,20270902,,440,0,14,183,170,success,183,1,183
e17,9176c2514b8a62105f4d2b8a22a8a0b0236c5b9feda58c18ef64cea917b98d9d,noglass,fitting,B,2,0,f01110a91a989bbaeb677e4d26ec5727dadef41cb2dba84bbdaf5c1364fbf7d4,efb3de1b3ee8341339869056147817bd98c46a3790f5a06182182ea89340be85,20270902,,220,0,220,220,0,timeout,220,0,
e17,9176c2514b8a62105f4d2b8a22a8a0b0236c5b9feda58c18ef64cea917b98d9d,noglass,fitting,B,2,0,f01110a91a989bbaeb677e4d26ec5727dadef41cb2dba84bbdaf5c1364fbf7d4,efb3de1b3ee8341339869056147817bd98c46a3790f5a06182182ea89340be85,20270902,,440,0,440,440,0,timeout,440,0,
e17,9176c2514b8a62105f4d2b8a22a8a0b0236c5b9feda58c18ef64cea917b98d9d,noglass,fitting,B,3,0,f01110a91a989bbaeb677e4d26ec5727dadef41cb2dba84bbdaf5c1364fbf7d4,efb3de1b3ee8341339869056147817bd98c46a3790f5a06182182ea89340be85,20270903,,220,0,81,81,0,success,81,1,81
e17,9176c2514b8a62105f4d2b8a22a8a0b0236c5b9feda58c18ef64cea917b98d9d,noglass,fitting,B,3,0,f01110a91a989bbaeb677e4d26ec5727dadef41cb2dba84bbdaf5c1364fbf7d4,efb3de1b3ee8341339869056147817bd98c46a3790f5a06182182ea89340be85,20270903,,440,0,81,81,0,success,81,1,81
e17,9176c2514b8a62105f4d2b8a22a8a0b0236c5b9feda58c18ef64cea917b98d9d,noglass,fitting,B,3,1,f01110a91a989bbaeb677e4d26ec5727dadef41cb2dba84bbdaf5c1364fbf7d4,efb3de1b3ee8341339869056147817bd98c46a3790f5a06182182ea89340be85,20270903,,220,0,14,183,170,success,183,1,183
e17,9176c2514b8a62105f4d2b8a22a8a0b0236c5b9feda58c18ef64cea917b98d9d,noglass,fitting,B,3,1,f01110a91a989bbaeb677e4d26ec5727dadef41cb2dba84bbdaf5c1364fbf7d4,efb3de1b3ee8341339869056147817bd98c46a3790f5a06182182ea89340be85,20270903,,440,0,14,183,170,success,183,1,183
e18,986b3dff233a80cf0fd1c48f815600f49b95f83be0d9f898fee40d0a5c9dca63,glass,fitting,B,2,0,bf9127d770c788c1df30d00a24c73763bdb9eab2cdcd4883bb79717a2248191a,b44b15cbead8332bce719c8a693a1a1573958e1814514f1e05b722ecd7229895,20270902,,220,1,33,220,0,accident,33,0,
e18,986b3dff233a80cf0fd1c48f815600f49b95f83be0d9f898fee40d0a5c9dca63,glass,fitting,B,2,0,bf9127d770c788c1df30d00a24c73763bdb9eab2cdcd4883bb79717a2248191a,b44b15cbead8332bce719c8a693a1a1573958e1814514f1e05b722ecd7229895,20270902,,440,1,33,440,0,accident,33,0,
e18,986b3dff233a80cf0fd1c48f815600f49b95f83be0d9f898fee40d0a5c9dca63,glass,fitting,B,2,1,bf9127d770c788c1df30d00a24c73763bdb9eab2cdcd4883bb79717a2248191a,b44b15cbead8332bce719c8a693a1a1573958e1814514f1e05b722ecd7229895,20270902,,220,0,12,202,191,success,202,1,202
e18,986b3dff233a80cf0fd1c48f815600f49b95f83be0d9f898fee40d0a5c9dca63,glass,fitting,B,2,1,bf9127d770c788c1df30d00a24c73763bdb9eab2cdcd4883bb79717a2248191a,b44b15cbead8332bce719c8a693a1a1573958e1814514f1e05b722ecd7229895,20270902,,440,0,12,202,191,success,202,1,202
e18,986b3dff233a80cf0fd1c48f815600f49b95f83be0d9f898fee40d0a5c9dca63,glass,fitting,B,3,1,bf9127d770c788c1df30d00a24c73763bdb9eab2cdcd4883bb79717a2248191a,b44b15cbead8332bce719c8a693a1a1573958e1814514f1e05b722ecd7229895,20270903,,220,0,12,202,191,success,202,1,202
e18,986b3dff233a80cf0fd1c48f815600f49b95f83be0d9f898fee40d0a5c9dca63,glass,fitting,B,3,1,bf9127d770c788c1df30d00a24c73763bdb9eab2cdcd4883bb79717a2248191a,b44b15cbead8332bce719c8a693a1a1573958e1814514f1e05b722ecd7229895,20270903,,440,0,12,202,191,success,202,1,202
e18,986b3dff233a80cf0fd1c48f815600f49b95f83be0d9f898fee40d0a5c9dca63,glass,fitting,B,3,0,bf9127d770c788c1df30d00a24c73763bdb9eab2cdcd4883bb79717a2248191a,b44b15cbead8332bce719c8a693a1a1573958e1814514f1e05b722ecd7229895,20270903,,220,1,32,220,0,accident,32,0,
e18,986b3dff233a80cf0fd1c48f815600f49b95f83be0d9f898fee40d0a5c9dca63,glass,fitting,B,3,0,bf9127d770c788c1df30d00a24c73763bdb9eab2cdcd4883bb79717a2248191a,b44b15cbead8332bce719c8a693a1a1573958e1814514f1e05b722ecd7229895,20270903,,440,1,32,440,0,accident,32,0,
e19,986b3dff233a80cf0fd1c48f815600f49b95f83be0d9f898fee40d0a5c9dca63,offpath,fitting,B,2,1,b7441289040d5f47507afe2c7fc824711d26f15aa2a50abd2e08b0a1a90c89d1,0e2df575e18b80df4dba7f0c29af314e21c1d886e39b70b4e6b27fc1bc20c836,20270902,,220,0,28,220,193,timeout,220,0,
e19,986b3dff233a80cf0fd1c48f815600f49b95f83be0d9f898fee40d0a5c9dca63,offpath,fitting,B,2,1,b7441289040d5f47507afe2c7fc824711d26f15aa2a50abd2e08b0a1a90c89d1,0e2df575e18b80df4dba7f0c29af314e21c1d886e39b70b4e6b27fc1bc20c836,20270902,,440,0,28,440,413,timeout,440,0,
e19,986b3dff233a80cf0fd1c48f815600f49b95f83be0d9f898fee40d0a5c9dca63,offpath,fitting,B,2,0,b7441289040d5f47507afe2c7fc824711d26f15aa2a50abd2e08b0a1a90c89d1,0e2df575e18b80df4dba7f0c29af314e21c1d886e39b70b4e6b27fc1bc20c836,20270902,,220,0,184,184,0,success,184,1,184
e19,986b3dff233a80cf0fd1c48f815600f49b95f83be0d9f898fee40d0a5c9dca63,offpath,fitting,B,2,0,b7441289040d5f47507afe2c7fc824711d26f15aa2a50abd2e08b0a1a90c89d1,0e2df575e18b80df4dba7f0c29af314e21c1d886e39b70b4e6b27fc1bc20c836,20270902,,440,0,184,184,0,success,184,1,184
e19,986b3dff233a80cf0fd1c48f815600f49b95f83be0d9f898fee40d0a5c9dca63,offpath,fitting,B,3,0,b7441289040d5f47507afe2c7fc824711d26f15aa2a50abd2e08b0a1a90c89d1,0e2df575e18b80df4dba7f0c29af314e21c1d886e39b70b4e6b27fc1bc20c836,20270903,,220,0,57,57,0,success,57,1,57
e19,986b3dff233a80cf0fd1c48f815600f49b95f83be0d9f898fee40d0a5c9dca63,offpath,fitting,B,3,0,b7441289040d5f47507afe2c7fc824711d26f15aa2a50abd2e08b0a1a90c89d1,0e2df575e18b80df4dba7f0c29af314e21c1d886e39b70b4e6b27fc1bc20c836,20270903,,440,0,57,57,0,success,57,1,57
e19,986b3dff233a80cf0fd1c48f815600f49b95f83be0d9f898fee40d0a5c9dca63,offpath,fitting,B,3,1,b7441289040d5f47507afe2c7fc824711d26f15aa2a50abd2e08b0a1a90c89d1,0e2df575e18b80df4dba7f0c29af314e21c1d886e39b70b4e6b27fc1bc20c836,20270903,,220,0,28,220,193,timeout,220,0,
e19,986b3dff233a80cf0fd1c48f815600f49b95f83be0d9f898fee40d0a5c9dca63,offpath,fitting,B,3,1,b7441289040d5f47507afe2c7fc824711d26f15aa2a50abd2e08b0a1a90c89d1,0e2df575e18b80df4dba7f0c29af314e21c1d886e39b70b4e6b27fc1bc20c836,20270903,,440,0,28,440,413,timeout,440,0,
e20,986b3dff233a80cf0fd1c48f815600f49b95f83be0d9f898fee40d0a5c9dca63,noglass,fitting,B,2,0,1ea89442cbdd40b6a2be6c52a51d4b1cf12f49a8f39732f1c938d5628796b3f6,e466572020ff4cba10233520baaff5b10f9a1c0173f2fd77e3b52e6258ad6184,20270902,,220,0,71,71,0,success,71,1,71
e20,986b3dff233a80cf0fd1c48f815600f49b95f83be0d9f898fee40d0a5c9dca63,noglass,fitting,B,2,0,1ea89442cbdd40b6a2be6c52a51d4b1cf12f49a8f39732f1c938d5628796b3f6,e466572020ff4cba10233520baaff5b10f9a1c0173f2fd77e3b52e6258ad6184,20270902,,440,0,71,71,0,success,71,1,71
e20,986b3dff233a80cf0fd1c48f815600f49b95f83be0d9f898fee40d0a5c9dca63,noglass,fitting,B,2,1,1ea89442cbdd40b6a2be6c52a51d4b1cf12f49a8f39732f1c938d5628796b3f6,e466572020ff4cba10233520baaff5b10f9a1c0173f2fd77e3b52e6258ad6184,20270902,,220,0,14,202,189,success,202,1,202
e20,986b3dff233a80cf0fd1c48f815600f49b95f83be0d9f898fee40d0a5c9dca63,noglass,fitting,B,2,1,1ea89442cbdd40b6a2be6c52a51d4b1cf12f49a8f39732f1c938d5628796b3f6,e466572020ff4cba10233520baaff5b10f9a1c0173f2fd77e3b52e6258ad6184,20270902,,440,0,14,202,189,success,202,1,202
e20,986b3dff233a80cf0fd1c48f815600f49b95f83be0d9f898fee40d0a5c9dca63,noglass,fitting,B,3,1,1ea89442cbdd40b6a2be6c52a51d4b1cf12f49a8f39732f1c938d5628796b3f6,e466572020ff4cba10233520baaff5b10f9a1c0173f2fd77e3b52e6258ad6184,20270903,,220,0,14,202,189,success,202,1,202
e20,986b3dff233a80cf0fd1c48f815600f49b95f83be0d9f898fee40d0a5c9dca63,noglass,fitting,B,3,1,1ea89442cbdd40b6a2be6c52a51d4b1cf12f49a8f39732f1c938d5628796b3f6,e466572020ff4cba10233520baaff5b10f9a1c0173f2fd77e3b52e6258ad6184,20270903,,440,0,14,202,189,success,202,1,202
e20,986b3dff233a80cf0fd1c48f815600f49b95f83be0d9f898fee40d0a5c9dca63,noglass,fitting,B,3,0,1ea89442cbdd40b6a2be6c52a51d4b1cf12f49a8f39732f1c938d5628796b3f6,e466572020ff4cba10233520baaff5b10f9a1c0173f2fd77e3b52e6258ad6184,20270903,,220,0,73,73,0,success,73,1,73
e20,986b3dff233a80cf0fd1c48f815600f49b95f83be0d9f898fee40d0a5c9dca63,noglass,fitting,B,3,0,1ea89442cbdd40b6a2be6c52a51d4b1cf12f49a8f39732f1c938d5628796b3f6,e466572020ff4cba10233520baaff5b10f9a1c0173f2fd77e3b52e6258ad6184,20270903,,440,0,73,73,0,success,73,1,73
e21,a3e1c487338ecfe4ce59e1e8f0be7a20d0442476ad923022ec430bdb5470ee56,glass,fitting,B,2,1,70a692e9f740f830deafad386963a88b06106812fbfa11ed05742ae755191247,97389587689f107f062494f94f7fb3ada30abd3e948c112b1e29c5ac1e8639ea,20270902,,220,0,15,220,206,timeout,220,0,
e21,a3e1c487338ecfe4ce59e1e8f0be7a20d0442476ad923022ec430bdb5470ee56,glass,fitting,B,2,1,70a692e9f740f830deafad386963a88b06106812fbfa11ed05742ae755191247,97389587689f107f062494f94f7fb3ada30abd3e948c112b1e29c5ac1e8639ea,20270902,,440,0,15,432,418,success,432,1,432
e21,a3e1c487338ecfe4ce59e1e8f0be7a20d0442476ad923022ec430bdb5470ee56,glass,fitting,B,2,0,70a692e9f740f830deafad386963a88b06106812fbfa11ed05742ae755191247,97389587689f107f062494f94f7fb3ada30abd3e948c112b1e29c5ac1e8639ea,20270902,,220,1,38,220,0,accident,38,0,
e21,a3e1c487338ecfe4ce59e1e8f0be7a20d0442476ad923022ec430bdb5470ee56,glass,fitting,B,2,0,70a692e9f740f830deafad386963a88b06106812fbfa11ed05742ae755191247,97389587689f107f062494f94f7fb3ada30abd3e948c112b1e29c5ac1e8639ea,20270902,,440,1,38,440,0,accident,38,0,
e21,a3e1c487338ecfe4ce59e1e8f0be7a20d0442476ad923022ec430bdb5470ee56,glass,fitting,B,3,0,70a692e9f740f830deafad386963a88b06106812fbfa11ed05742ae755191247,97389587689f107f062494f94f7fb3ada30abd3e948c112b1e29c5ac1e8639ea,20270903,,220,1,158,220,0,accident,158,0,
e21,a3e1c487338ecfe4ce59e1e8f0be7a20d0442476ad923022ec430bdb5470ee56,glass,fitting,B,3,0,70a692e9f740f830deafad386963a88b06106812fbfa11ed05742ae755191247,97389587689f107f062494f94f7fb3ada30abd3e948c112b1e29c5ac1e8639ea,20270903,,440,1,158,440,0,accident,158,0,
e21,a3e1c487338ecfe4ce59e1e8f0be7a20d0442476ad923022ec430bdb5470ee56,glass,fitting,B,3,1,70a692e9f740f830deafad386963a88b06106812fbfa11ed05742ae755191247,97389587689f107f062494f94f7fb3ada30abd3e948c112b1e29c5ac1e8639ea,20270903,,220,0,15,220,206,timeout,220,0,
e21,a3e1c487338ecfe4ce59e1e8f0be7a20d0442476ad923022ec430bdb5470ee56,glass,fitting,B,3,1,70a692e9f740f830deafad386963a88b06106812fbfa11ed05742ae755191247,97389587689f107f062494f94f7fb3ada30abd3e948c112b1e29c5ac1e8639ea,20270903,,440,0,15,432,418,success,432,1,432
e22,a3e1c487338ecfe4ce59e1e8f0be7a20d0442476ad923022ec430bdb5470ee56,offpath,fitting,B,2,0,a5fe40ce33877ac24f36c1bdca9206695a84d244ce68da9db88bf305ae2f08d8,13019c5762adabdd6211668d1cddad59e1cd0df1d7b29a0f0cd3b33308e74185,20270902,,220,0,94,94,0,success,94,1,94
e22,a3e1c487338ecfe4ce59e1e8f0be7a20d0442476ad923022ec430bdb5470ee56,offpath,fitting,B,2,0,a5fe40ce33877ac24f36c1bdca9206695a84d244ce68da9db88bf305ae2f08d8,13019c5762adabdd6211668d1cddad59e1cd0df1d7b29a0f0cd3b33308e74185,20270902,,440,0,94,94,0,success,94,1,94
e22,a3e1c487338ecfe4ce59e1e8f0be7a20d0442476ad923022ec430bdb5470ee56,offpath,fitting,B,2,1,a5fe40ce33877ac24f36c1bdca9206695a84d244ce68da9db88bf305ae2f08d8,13019c5762adabdd6211668d1cddad59e1cd0df1d7b29a0f0cd3b33308e74185,20270902,,220,0,38,220,183,timeout,220,0,
e22,a3e1c487338ecfe4ce59e1e8f0be7a20d0442476ad923022ec430bdb5470ee56,offpath,fitting,B,2,1,a5fe40ce33877ac24f36c1bdca9206695a84d244ce68da9db88bf305ae2f08d8,13019c5762adabdd6211668d1cddad59e1cd0df1d7b29a0f0cd3b33308e74185,20270902,,440,0,38,244,207,success,244,1,244
e22,a3e1c487338ecfe4ce59e1e8f0be7a20d0442476ad923022ec430bdb5470ee56,offpath,fitting,B,3,1,a5fe40ce33877ac24f36c1bdca9206695a84d244ce68da9db88bf305ae2f08d8,13019c5762adabdd6211668d1cddad59e1cd0df1d7b29a0f0cd3b33308e74185,20270903,,220,0,38,220,183,timeout,220,0,
e22,a3e1c487338ecfe4ce59e1e8f0be7a20d0442476ad923022ec430bdb5470ee56,offpath,fitting,B,3,1,a5fe40ce33877ac24f36c1bdca9206695a84d244ce68da9db88bf305ae2f08d8,13019c5762adabdd6211668d1cddad59e1cd0df1d7b29a0f0cd3b33308e74185,20270903,,440,0,38,244,207,success,244,1,244
e22,a3e1c487338ecfe4ce59e1e8f0be7a20d0442476ad923022ec430bdb5470ee56,offpath,fitting,B,3,0,a5fe40ce33877ac24f36c1bdca9206695a84d244ce68da9db88bf305ae2f08d8,13019c5762adabdd6211668d1cddad59e1cd0df1d7b29a0f0cd3b33308e74185,20270903,,220,0,90,90,0,success,90,1,90
e22,a3e1c487338ecfe4ce59e1e8f0be7a20d0442476ad923022ec430bdb5470ee56,offpath,fitting,B,3,0,a5fe40ce33877ac24f36c1bdca9206695a84d244ce68da9db88bf305ae2f08d8,13019c5762adabdd6211668d1cddad59e1cd0df1d7b29a0f0cd3b33308e74185,20270903,,440,0,90,90,0,success,90,1,90
e23,a3e1c487338ecfe4ce59e1e8f0be7a20d0442476ad923022ec430bdb5470ee56,noglass,fitting,B,2,1,3aa386fac1353e002c08d9f74d9e238add987fafbae27c229bd90532b430007b,db1265eea1da565f7e6c9f7608902ea617be465dde43503d321f0f897263982c,20270902,,220,0,41,220,180,timeout,220,0,
e23,a3e1c487338ecfe4ce59e1e8f0be7a20d0442476ad923022ec430bdb5470ee56,noglass,fitting,B,2,1,3aa386fac1353e002c08d9f74d9e238add987fafbae27c229bd90532b430007b,db1265eea1da565f7e6c9f7608902ea617be465dde43503d321f0f897263982c,20270902,,440,0,41,440,400,timeout,440,0,
e23,a3e1c487338ecfe4ce59e1e8f0be7a20d0442476ad923022ec430bdb5470ee56,noglass,fitting,B,2,0,3aa386fac1353e002c08d9f74d9e238add987fafbae27c229bd90532b430007b,db1265eea1da565f7e6c9f7608902ea617be465dde43503d321f0f897263982c,20270902,,220,0,76,76,0,success,76,1,76
e23,a3e1c487338ecfe4ce59e1e8f0be7a20d0442476ad923022ec430bdb5470ee56,noglass,fitting,B,2,0,3aa386fac1353e002c08d9f74d9e238add987fafbae27c229bd90532b430007b,db1265eea1da565f7e6c9f7608902ea617be465dde43503d321f0f897263982c,20270902,,440,0,76,76,0,success,76,1,76
e23,a3e1c487338ecfe4ce59e1e8f0be7a20d0442476ad923022ec430bdb5470ee56,noglass,fitting,B,3,0,3aa386fac1353e002c08d9f74d9e238add987fafbae27c229bd90532b430007b,db1265eea1da565f7e6c9f7608902ea617be465dde43503d321f0f897263982c,20270903,,220,0,74,74,0,success,74,1,74
e23,a3e1c487338ecfe4ce59e1e8f0be7a20d0442476ad923022ec430bdb5470ee56,noglass,fitting,B,3,0,3aa386fac1353e002c08d9f74d9e238add987fafbae27c229bd90532b430007b,db1265eea1da565f7e6c9f7608902ea617be465dde43503d321f0f897263982c,20270903,,440,0,74,74,0,success,74,1,74
e23,a3e1c487338ecfe4ce59e1e8f0be7a20d0442476ad923022ec430bdb5470ee56,noglass,fitting,B,3,1,3aa386fac1353e002c08d9f74d9e238add987fafbae27c229bd90532b430007b,db1265eea1da565f7e6c9f7608902ea617be465dde43503d321f0f897263982c,20270903,,220,0,41,220,180,timeout,220,0,
e23,a3e1c487338ecfe4ce59e1e8f0be7a20d0442476ad923022ec430bdb5470ee56,noglass,fitting,B,3,1,3aa386fac1353e002c08d9f74d9e238add987fafbae27c229bd90532b430007b,db1265eea1da565f7e6c9f7608902ea617be465dde43503d321f0f897263982c,20270903,,440,0,41,440,400,timeout,440,0,
e24,a992f0a563f4b0239708f4be6fa38192e6930b15387567b2d4a16568d4fa5671,glass,fitting,B,2,0,af74c7370759cff86549cda03ba36a7add416d378d531a0a02f74d44c650e6aa,5c7737078850047ba21063f7213fff66b52ef9b605bdc2d117203967f9afa168,20270902,,220,1,36,220,0,accident,36,0,
e24,a992f0a563f4b0239708f4be6fa38192e6930b15387567b2d4a16568d4fa5671,glass,fitting,B,2,0,af74c7370759cff86549cda03ba36a7add416d378d531a0a02f74d44c650e6aa,5c7737078850047ba21063f7213fff66b52ef9b605bdc2d117203967f9afa168,20270902,,440,1,36,440,0,accident,36,0,
e24,a992f0a563f4b0239708f4be6fa38192e6930b15387567b2d4a16568d4fa5671,glass,fitting,B,2,1,af74c7370759cff86549cda03ba36a7add416d378d531a0a02f74d44c650e6aa,5c7737078850047ba21063f7213fff66b52ef9b605bdc2d117203967f9afa168,20270902,,220,0,2,220,219,timeout,220,0,
e24,a992f0a563f4b0239708f4be6fa38192e6930b15387567b2d4a16568d4fa5671,glass,fitting,B,2,1,af74c7370759cff86549cda03ba36a7add416d378d531a0a02f74d44c650e6aa,5c7737078850047ba21063f7213fff66b52ef9b605bdc2d117203967f9afa168,20270902,,440,0,2,440,439,timeout,440,0,
e24,a992f0a563f4b0239708f4be6fa38192e6930b15387567b2d4a16568d4fa5671,glass,fitting,B,3,1,af74c7370759cff86549cda03ba36a7add416d378d531a0a02f74d44c650e6aa,5c7737078850047ba21063f7213fff66b52ef9b605bdc2d117203967f9afa168,20270903,,220,0,2,220,219,timeout,220,0,
e24,a992f0a563f4b0239708f4be6fa38192e6930b15387567b2d4a16568d4fa5671,glass,fitting,B,3,1,af74c7370759cff86549cda03ba36a7add416d378d531a0a02f74d44c650e6aa,5c7737078850047ba21063f7213fff66b52ef9b605bdc2d117203967f9afa168,20270903,,440,0,2,440,439,timeout,440,0,
e24,a992f0a563f4b0239708f4be6fa38192e6930b15387567b2d4a16568d4fa5671,glass,fitting,B,3,0,af74c7370759cff86549cda03ba36a7add416d378d531a0a02f74d44c650e6aa,5c7737078850047ba21063f7213fff66b52ef9b605bdc2d117203967f9afa168,20270903,,220,1,37,220,0,accident,37,0,
e24,a992f0a563f4b0239708f4be6fa38192e6930b15387567b2d4a16568d4fa5671,glass,fitting,B,3,0,af74c7370759cff86549cda03ba36a7add416d378d531a0a02f74d44c650e6aa,5c7737078850047ba21063f7213fff66b52ef9b605bdc2d117203967f9afa168,20270903,,440,1,37,440,0,accident,37,0,
e25,a992f0a563f4b0239708f4be6fa38192e6930b15387567b2d4a16568d4fa5671,offpath,fitting,B,2,1,b59e169b0561f588682b1bcc00f270fe3ebb752bd5b8f07c6e5165fe1e2dcd5f,a26be2ddf96d94c361556f10a0b9d7790fece1111aedc488488d167656e040c3,20270902,,220,0,4,220,217,timeout,220,0,
e25,a992f0a563f4b0239708f4be6fa38192e6930b15387567b2d4a16568d4fa5671,offpath,fitting,B,2,1,b59e169b0561f588682b1bcc00f270fe3ebb752bd5b8f07c6e5165fe1e2dcd5f,a26be2ddf96d94c361556f10a0b9d7790fece1111aedc488488d167656e040c3,20270902,,440,0,4,440,437,timeout,440,0,
e25,a992f0a563f4b0239708f4be6fa38192e6930b15387567b2d4a16568d4fa5671,offpath,fitting,B,2,0,b59e169b0561f588682b1bcc00f270fe3ebb752bd5b8f07c6e5165fe1e2dcd5f,a26be2ddf96d94c361556f10a0b9d7790fece1111aedc488488d167656e040c3,20270902,,220,0,89,89,0,success,89,1,89
e25,a992f0a563f4b0239708f4be6fa38192e6930b15387567b2d4a16568d4fa5671,offpath,fitting,B,2,0,b59e169b0561f588682b1bcc00f270fe3ebb752bd5b8f07c6e5165fe1e2dcd5f,a26be2ddf96d94c361556f10a0b9d7790fece1111aedc488488d167656e040c3,20270902,,440,0,89,89,0,success,89,1,89
e25,a992f0a563f4b0239708f4be6fa38192e6930b15387567b2d4a16568d4fa5671,offpath,fitting,B,3,0,b59e169b0561f588682b1bcc00f270fe3ebb752bd5b8f07c6e5165fe1e2dcd5f,a26be2ddf96d94c361556f10a0b9d7790fece1111aedc488488d167656e040c3,20270903,,220,0,88,88,0,success,88,1,88
e25,a992f0a563f4b0239708f4be6fa38192e6930b15387567b2d4a16568d4fa5671,offpath,fitting,B,3,0,b59e169b0561f588682b1bcc00f270fe3ebb752bd5b8f07c6e5165fe1e2dcd5f,a26be2ddf96d94c361556f10a0b9d7790fece1111aedc488488d167656e040c3,20270903,,440,0,88,88,0,success,88,1,88
e25,a992f0a563f4b0239708f4be6fa38192e6930b15387567b2d4a16568d4fa5671,offpath,fitting,B,3,1,b59e169b0561f588682b1bcc00f270fe3ebb752bd5b8f07c6e5165fe1e2dcd5f,a26be2ddf96d94c361556f10a0b9d7790fece1111aedc488488d167656e040c3,20270903,,220,0,4,220,217,timeout,220,0,
e25,a992f0a563f4b0239708f4be6fa38192e6930b15387567b2d4a16568d4fa5671,offpath,fitting,B,3,1,b59e169b0561f588682b1bcc00f270fe3ebb752bd5b8f07c6e5165fe1e2dcd5f,a26be2ddf96d94c361556f10a0b9d7790fece1111aedc488488d167656e040c3,20270903,,440,0,4,440,437,timeout,440,0,
e26,a992f0a563f4b0239708f4be6fa38192e6930b15387567b2d4a16568d4fa5671,noglass,fitting,B,2,0,c1deca13f0cde8ea2b03f34c1852d709a6d20859122803b674e8267a2035dbd3,4306731a557931ad3bd2a2f9a8c90f1b7441f10364aba016ac6386b9a00f0f18,20270902,,220,0,84,84,0,success,84,1,84
e26,a992f0a563f4b0239708f4be6fa38192e6930b15387567b2d4a16568d4fa5671,noglass,fitting,B,2,0,c1deca13f0cde8ea2b03f34c1852d709a6d20859122803b674e8267a2035dbd3,4306731a557931ad3bd2a2f9a8c90f1b7441f10364aba016ac6386b9a00f0f18,20270902,,440,0,84,84,0,success,84,1,84
e26,a992f0a563f4b0239708f4be6fa38192e6930b15387567b2d4a16568d4fa5671,noglass,fitting,B,2,1,c1deca13f0cde8ea2b03f34c1852d709a6d20859122803b674e8267a2035dbd3,4306731a557931ad3bd2a2f9a8c90f1b7441f10364aba016ac6386b9a00f0f18,20270902,243,220,0,3,220,218,timeout,220,0,
e26,a992f0a563f4b0239708f4be6fa38192e6930b15387567b2d4a16568d4fa5671,noglass,fitting,B,2,1,c1deca13f0cde8ea2b03f34c1852d709a6d20859122803b674e8267a2035dbd3,4306731a557931ad3bd2a2f9a8c90f1b7441f10364aba016ac6386b9a00f0f18,20270902,243,440,0,200,440,241,timeout,440,0,
e26,a992f0a563f4b0239708f4be6fa38192e6930b15387567b2d4a16568d4fa5671,noglass,fitting,B,3,1,c1deca13f0cde8ea2b03f34c1852d709a6d20859122803b674e8267a2035dbd3,4306731a557931ad3bd2a2f9a8c90f1b7441f10364aba016ac6386b9a00f0f18,20270903,243,220,0,3,220,218,timeout,220,0,
e26,a992f0a563f4b0239708f4be6fa38192e6930b15387567b2d4a16568d4fa5671,noglass,fitting,B,3,1,c1deca13f0cde8ea2b03f34c1852d709a6d20859122803b674e8267a2035dbd3,4306731a557931ad3bd2a2f9a8c90f1b7441f10364aba016ac6386b9a00f0f18,20270903,243,440,0,200,440,241,timeout,440,0,
e26,a992f0a563f4b0239708f4be6fa38192e6930b15387567b2d4a16568d4fa5671,noglass,fitting,B,3,0,c1deca13f0cde8ea2b03f34c1852d709a6d20859122803b674e8267a2035dbd3,4306731a557931ad3bd2a2f9a8c90f1b7441f10364aba016ac6386b9a00f0f18,20270903,,220,0,86,86,0,success,86,1,86
e26,a992f0a563f4b0239708f4be6fa38192e6930b15387567b2d4a16568d4fa5671,noglass,fitting,B,3,0,c1deca13f0cde8ea2b03f34c1852d709a6d20859122803b674e8267a2035dbd3,4306731a557931ad3bd2a2f9a8c90f1b7441f10364aba016ac6386b9a00f0f18,20270903,,440,0,86,86,0,success,86,1,86
e27,c8fa274849bf4beeb7c46b93a7de7a6242e5af2e9c83a395e8d0db16da5e81d8,glass,fitting,B,2,1,fb5106752aaa7ceb109f3baf79577024b39b8e695c0b571d029bfa6ff2c9ec4b,7157ffe8772f035d556322c207a0a257f82dcecb438cd968cb37bdbdf4ec77e9,20270902,,220,0,59,220,162,timeout,220,0,
e27,c8fa274849bf4beeb7c46b93a7de7a6242e5af2e9c83a395e8d0db16da5e81d8,glass,fitting,B,2,1,fb5106752aaa7ceb109f3baf79577024b39b8e695c0b571d029bfa6ff2c9ec4b,7157ffe8772f035d556322c207a0a257f82dcecb438cd968cb37bdbdf4ec77e9,20270902,,440,0,59,440,382,timeout,440,0,
e27,c8fa274849bf4beeb7c46b93a7de7a6242e5af2e9c83a395e8d0db16da5e81d8,glass,fitting,B,2,0,fb5106752aaa7ceb109f3baf79577024b39b8e695c0b571d029bfa6ff2c9ec4b,7157ffe8772f035d556322c207a0a257f82dcecb438cd968cb37bdbdf4ec77e9,20270902,,220,1,85,220,0,accident,85,0,
e27,c8fa274849bf4beeb7c46b93a7de7a6242e5af2e9c83a395e8d0db16da5e81d8,glass,fitting,B,2,0,fb5106752aaa7ceb109f3baf79577024b39b8e695c0b571d029bfa6ff2c9ec4b,7157ffe8772f035d556322c207a0a257f82dcecb438cd968cb37bdbdf4ec77e9,20270902,,440,1,85,440,0,accident,85,0,
e27,c8fa274849bf4beeb7c46b93a7de7a6242e5af2e9c83a395e8d0db16da5e81d8,glass,fitting,B,3,0,fb5106752aaa7ceb109f3baf79577024b39b8e695c0b571d029bfa6ff2c9ec4b,7157ffe8772f035d556322c207a0a257f82dcecb438cd968cb37bdbdf4ec77e9,20270903,,220,1,85,220,0,accident,85,0,
e27,c8fa274849bf4beeb7c46b93a7de7a6242e5af2e9c83a395e8d0db16da5e81d8,glass,fitting,B,3,0,fb5106752aaa7ceb109f3baf79577024b39b8e695c0b571d029bfa6ff2c9ec4b,7157ffe8772f035d556322c207a0a257f82dcecb438cd968cb37bdbdf4ec77e9,20270903,,440,1,85,440,0,accident,85,0,
e27,c8fa274849bf4beeb7c46b93a7de7a6242e5af2e9c83a395e8d0db16da5e81d8,glass,fitting,B,3,1,fb5106752aaa7ceb109f3baf79577024b39b8e695c0b571d029bfa6ff2c9ec4b,7157ffe8772f035d556322c207a0a257f82dcecb438cd968cb37bdbdf4ec77e9,20270903,,220,0,59,220,162,timeout,220,0,
e27,c8fa274849bf4beeb7c46b93a7de7a6242e5af2e9c83a395e8d0db16da5e81d8,glass,fitting,B,3,1,fb5106752aaa7ceb109f3baf79577024b39b8e695c0b571d029bfa6ff2c9ec4b,7157ffe8772f035d556322c207a0a257f82dcecb438cd968cb37bdbdf4ec77e9,20270903,,440,0,59,440,382,timeout,440,0,
e28,c8fa274849bf4beeb7c46b93a7de7a6242e5af2e9c83a395e8d0db16da5e81d8,offpath,fitting,B,2,0,382444d9ff50b09bab2cb1d82826c0a4954e02621ca2356dad2190f80669393c,9d4ae8af7b51bce21056bd542307b7c11072bc8c1c45c2d81c76dd6087eddbaa,20270902,,220,0,96,96,0,success,96,1,96
e28,c8fa274849bf4beeb7c46b93a7de7a6242e5af2e9c83a395e8d0db16da5e81d8,offpath,fitting,B,2,0,382444d9ff50b09bab2cb1d82826c0a4954e02621ca2356dad2190f80669393c,9d4ae8af7b51bce21056bd542307b7c11072bc8c1c45c2d81c76dd6087eddbaa,20270902,,440,0,96,96,0,success,96,1,96
e28,c8fa274849bf4beeb7c46b93a7de7a6242e5af2e9c83a395e8d0db16da5e81d8,offpath,fitting,B,2,1,382444d9ff50b09bab2cb1d82826c0a4954e02621ca2356dad2190f80669393c,9d4ae8af7b51bce21056bd542307b7c11072bc8c1c45c2d81c76dd6087eddbaa,20270902,,220,0,20,198,179,success,198,1,198
e28,c8fa274849bf4beeb7c46b93a7de7a6242e5af2e9c83a395e8d0db16da5e81d8,offpath,fitting,B,2,1,382444d9ff50b09bab2cb1d82826c0a4954e02621ca2356dad2190f80669393c,9d4ae8af7b51bce21056bd542307b7c11072bc8c1c45c2d81c76dd6087eddbaa,20270902,,440,0,20,198,179,success,198,1,198
e28,c8fa274849bf4beeb7c46b93a7de7a6242e5af2e9c83a395e8d0db16da5e81d8,offpath,fitting,B,3,1,382444d9ff50b09bab2cb1d82826c0a4954e02621ca2356dad2190f80669393c,9d4ae8af7b51bce21056bd542307b7c11072bc8c1c45c2d81c76dd6087eddbaa,20270903,,220,0,20,198,179,success,198,1,198
e28,c8fa274849bf4beeb7c46b93a7de7a6242e5af2e9c83a395e8d0db16da5e81d8,offpath,fitting,B,3,1,382444d9ff50b09bab2cb1d82826c0a4954e02621ca2356dad2190f80669393c,9d4ae8af7b51bce21056bd542307b7c11072bc8c1c45c2d81c76dd6087eddbaa,20270903,,440,0,20,198,179,success,198,1,198
e28,c8fa274849bf4beeb7c46b93a7de7a6242e5af2e9c83a395e8d0db16da5e81d8,offpath,fitting,B,3,0,382444d9ff50b09bab2cb1d82826c0a4954e02621ca2356dad2190f80669393c,9d4ae8af7b51bce21056bd542307b7c11072bc8c1c45c2d81c76dd6087eddbaa,20270903,,220,0,79,79,0,success,79,1,79
e28,c8fa274849bf4beeb7c46b93a7de7a6242e5af2e9c83a395e8d0db16da5e81d8,offpath,fitting,B,3,0,382444d9ff50b09bab2cb1d82826c0a4954e02621ca2356dad2190f80669393c,9d4ae8af7b51bce21056bd542307b7c11072bc8c1c45c2d81c76dd6087eddbaa,20270903,,440,0,79,79,0,success,79,1,79
e29,c8fa274849bf4beeb7c46b93a7de7a6242e5af2e9c83a395e8d0db16da5e81d8,noglass,fitting,B,2,1,0dec4a246bc9a428f91abb0a0fd92e0d7f4920672b030c159af08746406d36d3,ee5e7132d057c0bbc1b0abd15cddbd412751bcf078117811dbfba49675b527da,20270902,,220,0,11,220,210,timeout,220,0,
e29,c8fa274849bf4beeb7c46b93a7de7a6242e5af2e9c83a395e8d0db16da5e81d8,noglass,fitting,B,2,1,0dec4a246bc9a428f91abb0a0fd92e0d7f4920672b030c159af08746406d36d3,ee5e7132d057c0bbc1b0abd15cddbd412751bcf078117811dbfba49675b527da,20270902,,440,0,11,440,430,timeout,440,0,
e29,c8fa274849bf4beeb7c46b93a7de7a6242e5af2e9c83a395e8d0db16da5e81d8,noglass,fitting,B,2,0,0dec4a246bc9a428f91abb0a0fd92e0d7f4920672b030c159af08746406d36d3,ee5e7132d057c0bbc1b0abd15cddbd412751bcf078117811dbfba49675b527da,20270902,,220,0,86,86,0,success,86,1,86
e29,c8fa274849bf4beeb7c46b93a7de7a6242e5af2e9c83a395e8d0db16da5e81d8,noglass,fitting,B,2,0,0dec4a246bc9a428f91abb0a0fd92e0d7f4920672b030c159af08746406d36d3,ee5e7132d057c0bbc1b0abd15cddbd412751bcf078117811dbfba49675b527da,20270902,,440,0,86,86,0,success,86,1,86
e29,c8fa274849bf4beeb7c46b93a7de7a6242e5af2e9c83a395e8d0db16da5e81d8,noglass,fitting,B,3,0,0dec4a246bc9a428f91abb0a0fd92e0d7f4920672b030c159af08746406d36d3,ee5e7132d057c0bbc1b0abd15cddbd412751bcf078117811dbfba49675b527da,20270903,,220,0,86,86,0,success,86,1,86
e29,c8fa274849bf4beeb7c46b93a7de7a6242e5af2e9c83a395e8d0db16da5e81d8,noglass,fitting,B,3,0,0dec4a246bc9a428f91abb0a0fd92e0d7f4920672b030c159af08746406d36d3,ee5e7132d057c0bbc1b0abd15cddbd412751bcf078117811dbfba49675b527da,20270903,,440,0,86,86,0,success,86,1,86
e29,c8fa274849bf4beeb7c46b93a7de7a6242e5af2e9c83a395e8d0db16da5e81d8,noglass,fitting,B,3,1,0dec4a246bc9a428f91abb0a0fd92e0d7f4920672b030c159af08746406d36d3,ee5e7132d057c0bbc1b0abd15cddbd412751bcf078117811dbfba49675b527da,20270903,,220,0,11,220,210,timeout,220,0,
e29,c8fa274849bf4beeb7c46b93a7de7a6242e5af2e9c83a395e8d0db16da5e81d8,noglass,fitting,B,3,1,0dec4a246bc9a428f91abb0a0fd92e0d7f4920672b030c159af08746406d36d3,ee5e7132d057c0bbc1b0abd15cddbd412751bcf078117811dbfba49675b527da,20270903,,440,0,11,440,430,timeout,440,0,
e30,ddd84e646ab0cdd38c0f283802f28ac361a412492f3872c7f489b95bb55d53af,glass,fitting,B,2,0,61807b11313bc9bc28bd128fef17d203ad330ef971bb88ad2e29ebb4b4a57a73,8dd0ca23f5ac40e8b4bce10a0656b7cc550c5a51a9ca20188a309a18f2510c73,20270902,,220,1,88,220,0,accident,88,0,
e30,ddd84e646ab0cdd38c0f283802f28ac361a412492f3872c7f489b95bb55d53af,glass,fitting,B,2,0,61807b11313bc9bc28bd128fef17d203ad330ef971bb88ad2e29ebb4b4a57a73,8dd0ca23f5ac40e8b4bce10a0656b7cc550c5a51a9ca20188a309a18f2510c73,20270902,,440,1,88,440,0,accident,88,0,
e30,ddd84e646ab0cdd38c0f283802f28ac361a412492f3872c7f489b95bb55d53af,glass,fitting,B,2,1,61807b11313bc9bc28bd128fef17d203ad330ef971bb88ad2e29ebb4b4a57a73,8dd0ca23f5ac40e8b4bce10a0656b7cc550c5a51a9ca20188a309a18f2510c73,20270902,361,220,0,20,220,201,timeout,220,0,
e30,ddd84e646ab0cdd38c0f283802f28ac361a412492f3872c7f489b95bb55d53af,glass,fitting,B,2,1,61807b11313bc9bc28bd128fef17d203ad330ef971bb88ad2e29ebb4b4a57a73,8dd0ca23f5ac40e8b4bce10a0656b7cc550c5a51a9ca20188a309a18f2510c73,20270902,361,440,1,83,440,342,accident,424,0,
e30,ddd84e646ab0cdd38c0f283802f28ac361a412492f3872c7f489b95bb55d53af,glass,fitting,B,3,1,61807b11313bc9bc28bd128fef17d203ad330ef971bb88ad2e29ebb4b4a57a73,8dd0ca23f5ac40e8b4bce10a0656b7cc550c5a51a9ca20188a309a18f2510c73,20270903,361,220,0,20,220,201,timeout,220,0,
e30,ddd84e646ab0cdd38c0f283802f28ac361a412492f3872c7f489b95bb55d53af,glass,fitting,B,3,1,61807b11313bc9bc28bd128fef17d203ad330ef971bb88ad2e29ebb4b4a57a73,8dd0ca23f5ac40e8b4bce10a0656b7cc550c5a51a9ca20188a309a18f2510c73,20270903,361,440,1,80,440,342,accident,421,0,
e30,ddd84e646ab0cdd38c0f283802f28ac361a412492f3872c7f489b95bb55d53af,glass,fitting,B,3,0,61807b11313bc9bc28bd128fef17d203ad330ef971bb88ad2e29ebb4b4a57a73,8dd0ca23f5ac40e8b4bce10a0656b7cc550c5a51a9ca20188a309a18f2510c73,20270903,,220,0,220,220,0,timeout,220,0,
e30,ddd84e646ab0cdd38c0f283802f28ac361a412492f3872c7f489b95bb55d53af,glass,fitting,B,3,0,61807b11313bc9bc28bd128fef17d203ad330ef971bb88ad2e29ebb4b4a57a73,8dd0ca23f5ac40e8b4bce10a0656b7cc550c5a51a9ca20188a309a18f2510c73,20270903,,440,0,440,440,0,timeout,440,0,
e31,ddd84e646ab0cdd38c0f283802f28ac361a412492f3872c7f489b95bb55d53af,offpath,fitting,B,2,1,8ad438a230ab2b94ea3f1a687961df3e38ef70bff7e3d5d3ef9ac1916595abe4,238264d42ef507417d56680e82b840800f885c6adfe5a82dc6bdb31f88cee4bd,20270902,,220,0,4,220,217,timeout,220,0,
e31,ddd84e646ab0cdd38c0f283802f28ac361a412492f3872c7f489b95bb55d53af,offpath,fitting,B,2,1,8ad438a230ab2b94ea3f1a687961df3e38ef70bff7e3d5d3ef9ac1916595abe4,238264d42ef507417d56680e82b840800f885c6adfe5a82dc6bdb31f88cee4bd,20270902,,440,0,4,345,342,success,345,1,345
e31,ddd84e646ab0cdd38c0f283802f28ac361a412492f3872c7f489b95bb55d53af,offpath,fitting,B,2,0,8ad438a230ab2b94ea3f1a687961df3e38ef70bff7e3d5d3ef9ac1916595abe4,238264d42ef507417d56680e82b840800f885c6adfe5a82dc6bdb31f88cee4bd,20270902,,220,0,79,79,0,success,79,1,79
e31,ddd84e646ab0cdd38c0f283802f28ac361a412492f3872c7f489b95bb55d53af,offpath,fitting,B,2,0,8ad438a230ab2b94ea3f1a687961df3e38ef70bff7e3d5d3ef9ac1916595abe4,238264d42ef507417d56680e82b840800f885c6adfe5a82dc6bdb31f88cee4bd,20270902,,440,0,79,79,0,success,79,1,79
e31,ddd84e646ab0cdd38c0f283802f28ac361a412492f3872c7f489b95bb55d53af,offpath,fitting,B,3,0,8ad438a230ab2b94ea3f1a687961df3e38ef70bff7e3d5d3ef9ac1916595abe4,238264d42ef507417d56680e82b840800f885c6adfe5a82dc6bdb31f88cee4bd,20270903,,220,0,82,82,0,success,82,1,82
e31,ddd84e646ab0cdd38c0f283802f28ac361a412492f3872c7f489b95bb55d53af,offpath,fitting,B,3,0,8ad438a230ab2b94ea3f1a687961df3e38ef70bff7e3d5d3ef9ac1916595abe4,238264d42ef507417d56680e82b840800f885c6adfe5a82dc6bdb31f88cee4bd,20270903,,440,0,82,82,0,success,82,1,82
e31,ddd84e646ab0cdd38c0f283802f28ac361a412492f3872c7f489b95bb55d53af,offpath,fitting,B,3,1,8ad438a230ab2b94ea3f1a687961df3e38ef70bff7e3d5d3ef9ac1916595abe4,238264d42ef507417d56680e82b840800f885c6adfe5a82dc6bdb31f88cee4bd,20270903,,220,0,4,220,217,timeout,220,0,
e31,ddd84e646ab0cdd38c0f283802f28ac361a412492f3872c7f489b95bb55d53af,offpath,fitting,B,3,1,8ad438a230ab2b94ea3f1a687961df3e38ef70bff7e3d5d3ef9ac1916595abe4,238264d42ef507417d56680e82b840800f885c6adfe5a82dc6bdb31f88cee4bd,20270903,,440,0,4,345,342,success,345,1,345
e32,ddd84e646ab0cdd38c0f283802f28ac361a412492f3872c7f489b95bb55d53af,noglass,fitting,B,2,0,3f192344daf7baaf1b76aea6f47080093880e81849b6603d90508eaab1e39fa0,6c80a7bb90a0730bffa426cef3f4f00152a3bc6bb4698895d81ec6c4c684af29,20270902,,220,0,77,77,0,success,77,1,77
e32,ddd84e646ab0cdd38c0f283802f28ac361a412492f3872c7f489b95bb55d53af,noglass,fitting,B,2,0,3f192344daf7baaf1b76aea6f47080093880e81849b6603d90508eaab1e39fa0,6c80a7bb90a0730bffa426cef3f4f00152a3bc6bb4698895d81ec6c4c684af29,20270902,,440,0,77,77,0,success,77,1,77
e32,ddd84e646ab0cdd38c0f283802f28ac361a412492f3872c7f489b95bb55d53af,noglass,fitting,B,2,1,3f192344daf7baaf1b76aea6f47080093880e81849b6603d90508eaab1e39fa0,6c80a7bb90a0730bffa426cef3f4f00152a3bc6bb4698895d81ec6c4c684af29,20270902,,220,0,12,218,207,success,218,1,218
e32,ddd84e646ab0cdd38c0f283802f28ac361a412492f3872c7f489b95bb55d53af,noglass,fitting,B,2,1,3f192344daf7baaf1b76aea6f47080093880e81849b6603d90508eaab1e39fa0,6c80a7bb90a0730bffa426cef3f4f00152a3bc6bb4698895d81ec6c4c684af29,20270902,,440,0,12,218,207,success,218,1,218
e32,ddd84e646ab0cdd38c0f283802f28ac361a412492f3872c7f489b95bb55d53af,noglass,fitting,B,3,1,3f192344daf7baaf1b76aea6f47080093880e81849b6603d90508eaab1e39fa0,6c80a7bb90a0730bffa426cef3f4f00152a3bc6bb4698895d81ec6c4c684af29,20270903,,220,0,12,218,207,success,218,1,218
e32,ddd84e646ab0cdd38c0f283802f28ac361a412492f3872c7f489b95bb55d53af,noglass,fitting,B,3,1,3f192344daf7baaf1b76aea6f47080093880e81849b6603d90508eaab1e39fa0,6c80a7bb90a0730bffa426cef3f4f00152a3bc6bb4698895d81ec6c4c684af29,20270903,,440,0,12,218,207,success,218,1,218
e32,ddd84e646ab0cdd38c0f283802f28ac361a412492f3872c7f489b95bb55d53af,noglass,fitting,B,3,0,3f192344daf7baaf1b76aea6f47080093880e81849b6603d90508eaab1e39fa0,6c80a7bb90a0730bffa426cef3f4f00152a3bc6bb4698895d81ec6c4c684af29,20270903,,220,0,76,76,0,success,76,1,76
e32,ddd84e646ab0cdd38c0f283802f28ac361a412492f3872c7f489b95bb55d53af,noglass,fitting,B,3,0,3f192344daf7baaf1b76aea6f47080093880e81849b6603d90508eaab1e39fa0,6c80a7bb90a0730bffa426cef3f4f00152a3bc6bb4698895d81ec6c4c684af29,20270903,,440,0,76,76,0,success,76,1,76
e33,f64d2a60c3b9cebc4b5e12f86f4978711b4ca1e7a3788d1756d078c45a1c1004,glass,fitting,B,2,1,f39b5c6f3748f78b5fc3455b2403fabe13367cf05bbb6257570139923e7c784a,811fdce16c3a33522503870fe4dab634bd7d853fbdf958989f3108f8196c34cb,20270902,,220,1,9,220,116,accident,124,0,
e33,f64d2a60c3b9cebc4b5e12f86f4978711b4ca1e7a3788d1756d078c45a1c1004,glass,fitting,B,2,1,f39b5c6f3748f78b5fc3455b2403fabe13367cf05bbb6257570139923e7c784a,811fdce16c3a33522503870fe4dab634bd7d853fbdf958989f3108f8196c34cb,20270902,,440,1,9,440,116,accident,124,0,
e33,f64d2a60c3b9cebc4b5e12f86f4978711b4ca1e7a3788d1756d078c45a1c1004,glass,fitting,B,2,0,f39b5c6f3748f78b5fc3455b2403fabe13367cf05bbb6257570139923e7c784a,811fdce16c3a33522503870fe4dab634bd7d853fbdf958989f3108f8196c34cb,20270902,,220,1,35,220,0,accident,35,0,
e33,f64d2a60c3b9cebc4b5e12f86f4978711b4ca1e7a3788d1756d078c45a1c1004,glass,fitting,B,2,0,f39b5c6f3748f78b5fc3455b2403fabe13367cf05bbb6257570139923e7c784a,811fdce16c3a33522503870fe4dab634bd7d853fbdf958989f3108f8196c34cb,20270902,,440,1,35,440,0,accident,35,0,
e33,f64d2a60c3b9cebc4b5e12f86f4978711b4ca1e7a3788d1756d078c45a1c1004,glass,fitting,B,3,0,f39b5c6f3748f78b5fc3455b2403fabe13367cf05bbb6257570139923e7c784a,811fdce16c3a33522503870fe4dab634bd7d853fbdf958989f3108f8196c34cb,20270903,,220,1,32,220,0,accident,32,0,
e33,f64d2a60c3b9cebc4b5e12f86f4978711b4ca1e7a3788d1756d078c45a1c1004,glass,fitting,B,3,0,f39b5c6f3748f78b5fc3455b2403fabe13367cf05bbb6257570139923e7c784a,811fdce16c3a33522503870fe4dab634bd7d853fbdf958989f3108f8196c34cb,20270903,,440,1,32,440,0,accident,32,0,
e33,f64d2a60c3b9cebc4b5e12f86f4978711b4ca1e7a3788d1756d078c45a1c1004,glass,fitting,B,3,1,f39b5c6f3748f78b5fc3455b2403fabe13367cf05bbb6257570139923e7c784a,811fdce16c3a33522503870fe4dab634bd7d853fbdf958989f3108f8196c34cb,20270903,,220,1,9,220,116,accident,124,0,
e33,f64d2a60c3b9cebc4b5e12f86f4978711b4ca1e7a3788d1756d078c45a1c1004,glass,fitting,B,3,1,f39b5c6f3748f78b5fc3455b2403fabe13367cf05bbb6257570139923e7c784a,811fdce16c3a33522503870fe4dab634bd7d853fbdf958989f3108f8196c34cb,20270903,,440,1,9,440,116,accident,124,0,
e34,f64d2a60c3b9cebc4b5e12f86f4978711b4ca1e7a3788d1756d078c45a1c1004,offpath,fitting,B,2,0,26ff668f64530a0d7e2de8d64378f393c0e5b911e59f6aa91acea6729572f432,f7d3738b17025b705fb8bc47acc00e85be699178ae2d5881ffa45b5f1ed1eccc,20270902,,220,0,77,77,0,success,77,1,77
e34,f64d2a60c3b9cebc4b5e12f86f4978711b4ca1e7a3788d1756d078c45a1c1004,offpath,fitting,B,2,0,26ff668f64530a0d7e2de8d64378f393c0e5b911e59f6aa91acea6729572f432,f7d3738b17025b705fb8bc47acc00e85be699178ae2d5881ffa45b5f1ed1eccc,20270902,,440,0,77,77,0,success,77,1,77
e34,f64d2a60c3b9cebc4b5e12f86f4978711b4ca1e7a3788d1756d078c45a1c1004,offpath,fitting,B,2,1,26ff668f64530a0d7e2de8d64378f393c0e5b911e59f6aa91acea6729572f432,f7d3738b17025b705fb8bc47acc00e85be699178ae2d5881ffa45b5f1ed1eccc,20270902,,220,0,39,220,182,timeout,220,0,
e34,f64d2a60c3b9cebc4b5e12f86f4978711b4ca1e7a3788d1756d078c45a1c1004,offpath,fitting,B,2,1,26ff668f64530a0d7e2de8d64378f393c0e5b911e59f6aa91acea6729572f432,f7d3738b17025b705fb8bc47acc00e85be699178ae2d5881ffa45b5f1ed1eccc,20270902,,440,0,39,440,402,timeout,440,0,
e34,f64d2a60c3b9cebc4b5e12f86f4978711b4ca1e7a3788d1756d078c45a1c1004,offpath,fitting,B,3,1,26ff668f64530a0d7e2de8d64378f393c0e5b911e59f6aa91acea6729572f432,f7d3738b17025b705fb8bc47acc00e85be699178ae2d5881ffa45b5f1ed1eccc,20270903,,220,0,39,220,182,timeout,220,0,
e34,f64d2a60c3b9cebc4b5e12f86f4978711b4ca1e7a3788d1756d078c45a1c1004,offpath,fitting,B,3,1,26ff668f64530a0d7e2de8d64378f393c0e5b911e59f6aa91acea6729572f432,f7d3738b17025b705fb8bc47acc00e85be699178ae2d5881ffa45b5f1ed1eccc,20270903,,440,0,39,440,402,timeout,440,0,
e34,f64d2a60c3b9cebc4b5e12f86f4978711b4ca1e7a3788d1756d078c45a1c1004,offpath,fitting,B,3,0,26ff668f64530a0d7e2de8d64378f393c0e5b911e59f6aa91acea6729572f432,f7d3738b17025b705fb8bc47acc00e85be699178ae2d5881ffa45b5f1ed1eccc,20270903,,220,0,71,71,0,success,71,1,71
e34,f64d2a60c3b9cebc4b5e12f86f4978711b4ca1e7a3788d1756d078c45a1c1004,offpath,fitting,B,3,0,26ff668f64530a0d7e2de8d64378f393c0e5b911e59f6aa91acea6729572f432,f7d3738b17025b705fb8bc47acc00e85be699178ae2d5881ffa45b5f1ed1eccc,20270903,,440,0,71,71,0,success,71,1,71
e35,f64d2a60c3b9cebc4b5e12f86f4978711b4ca1e7a3788d1756d078c45a1c1004,noglass,fitting,B,2,1,acc9880b26c007adf8ed982f3d9f600fc192da71bb25c9b9b6d400e664b858a7,d34ac7cc5a3e4426009c83b7a364e3ea8eb5b82dd2652a7d534ffc35ee4dfdbc,20270902,,220,0,12,219,208,success,219,1,219
e35,f64d2a60c3b9cebc4b5e12f86f4978711b4ca1e7a3788d1756d078c45a1c1004,noglass,fitting,B,2,1,acc9880b26c007adf8ed982f3d9f600fc192da71bb25c9b9b6d400e664b858a7,d34ac7cc5a3e4426009c83b7a364e3ea8eb5b82dd2652a7d534ffc35ee4dfdbc,20270902,,440,0,12,219,208,success,219,1,219
e35,f64d2a60c3b9cebc4b5e12f86f4978711b4ca1e7a3788d1756d078c45a1c1004,noglass,fitting,B,2,0,acc9880b26c007adf8ed982f3d9f600fc192da71bb25c9b9b6d400e664b858a7,d34ac7cc5a3e4426009c83b7a364e3ea8eb5b82dd2652a7d534ffc35ee4dfdbc,20270902,,220,0,83,83,0,success,83,1,83
e35,f64d2a60c3b9cebc4b5e12f86f4978711b4ca1e7a3788d1756d078c45a1c1004,noglass,fitting,B,2,0,acc9880b26c007adf8ed982f3d9f600fc192da71bb25c9b9b6d400e664b858a7,d34ac7cc5a3e4426009c83b7a364e3ea8eb5b82dd2652a7d534ffc35ee4dfdbc,20270902,,440,0,83,83,0,success,83,1,83
e35,f64d2a60c3b9cebc4b5e12f86f4978711b4ca1e7a3788d1756d078c45a1c1004,noglass,fitting,B,3,0,acc9880b26c007adf8ed982f3d9f600fc192da71bb25c9b9b6d400e664b858a7,d34ac7cc5a3e4426009c83b7a364e3ea8eb5b82dd2652a7d534ffc35ee4dfdbc,20270903,,220,0,81,81,0,success,81,1,81
e35,f64d2a60c3b9cebc4b5e12f86f4978711b4ca1e7a3788d1756d078c45a1c1004,noglass,fitting,B,3,0,acc9880b26c007adf8ed982f3d9f600fc192da71bb25c9b9b6d400e664b858a7,d34ac7cc5a3e4426009c83b7a364e3ea8eb5b82dd2652a7d534ffc35ee4dfdbc,20270903,,440,0,81,81,0,success,81,1,81
e35,f64d2a60c3b9cebc4b5e12f86f4978711b4ca1e7a3788d1756d078c45a1c1004,noglass,fitting,B,3,1,acc9880b26c007adf8ed982f3d9f600fc192da71bb25c9b9b6d400e664b858a7,d34ac7cc5a3e4426009c83b7a364e3ea8eb5b82dd2652a7d534ffc35ee4dfdbc,20270903,,220,0,12,219,208,success,219,1,219
e35,f64d2a60c3b9cebc4b5e12f86f4978711b4ca1e7a3788d1756d078c45a1c1004,noglass,fitting,B,3,1,acc9880b26c007adf8ed982f3d9f600fc192da71bb25c9b9b6d400e664b858a7,d34ac7cc5a3e4426009c83b7a364e3ea8eb5b82dd2652a7d534ffc35ee4dfdbc,20270903,,440,0,12,219,208,success,219,1,219
e36,37d3edc8cb9ad51b8ebf45a235721c16e2531be26385d150aef2b21d81a04cae,glass,calibration,B,2,0,0b7693551aa6b5db193880797b8a763343833090e98f1b2d12b674c5114a87a0,fdcd9c58c71b558b5ff6bd7d831490a2fdcfba27db27aaf6fe400d4dd023329a,20270902,,220,0,220,220,0,timeout,220,0,
e36,37d3edc8cb9ad51b8ebf45a235721c16e2531be26385d150aef2b21d81a04cae,glass,calibration,B,2,0,0b7693551aa6b5db193880797b8a763343833090e98f1b2d12b674c5114a87a0,fdcd9c58c71b558b5ff6bd7d831490a2fdcfba27db27aaf6fe400d4dd023329a,20270902,,440,0,440,440,0,timeout,440,0,
e36,37d3edc8cb9ad51b8ebf45a235721c16e2531be26385d150aef2b21d81a04cae,glass,calibration,B,2,1,0b7693551aa6b5db193880797b8a763343833090e98f1b2d12b674c5114a87a0,fdcd9c58c71b558b5ff6bd7d831490a2fdcfba27db27aaf6fe400d4dd023329a,20270902,328,220,0,55,220,166,timeout,220,0,
e36,37d3edc8cb9ad51b8ebf45a235721c16e2531be26385d150aef2b21d81a04cae,glass,calibration,B,2,1,0b7693551aa6b5db193880797b8a763343833090e98f1b2d12b674c5114a87a0,fdcd9c58c71b558b5ff6bd7d831490a2fdcfba27db27aaf6fe400d4dd023329a,20270902,328,440,0,167,440,274,timeout,440,0,
e36,37d3edc8cb9ad51b8ebf45a235721c16e2531be26385d150aef2b21d81a04cae,glass,calibration,B,3,1,0b7693551aa6b5db193880797b8a763343833090e98f1b2d12b674c5114a87a0,fdcd9c58c71b558b5ff6bd7d831490a2fdcfba27db27aaf6fe400d4dd023329a,20270903,328,220,0,55,220,166,timeout,220,0,
e36,37d3edc8cb9ad51b8ebf45a235721c16e2531be26385d150aef2b21d81a04cae,glass,calibration,B,3,1,0b7693551aa6b5db193880797b8a763343833090e98f1b2d12b674c5114a87a0,fdcd9c58c71b558b5ff6bd7d831490a2fdcfba27db27aaf6fe400d4dd023329a,20270903,328,440,0,167,440,274,timeout,440,0,
e36,37d3edc8cb9ad51b8ebf45a235721c16e2531be26385d150aef2b21d81a04cae,glass,calibration,B,3,0,0b7693551aa6b5db193880797b8a763343833090e98f1b2d12b674c5114a87a0,fdcd9c58c71b558b5ff6bd7d831490a2fdcfba27db27aaf6fe400d4dd023329a,20270903,,220,0,220,220,0,timeout,220,0,
e36,37d3edc8cb9ad51b8ebf45a235721c16e2531be26385d150aef2b21d81a04cae,glass,calibration,B,3,0,0b7693551aa6b5db193880797b8a763343833090e98f1b2d12b674c5114a87a0,fdcd9c58c71b558b5ff6bd7d831490a2fdcfba27db27aaf6fe400d4dd023329a,20270903,,440,0,440,440,0,timeout,440,0,
e37,37d3edc8cb9ad51b8ebf45a235721c16e2531be26385d150aef2b21d81a04cae,offpath,calibration,B,2,1,f2119a9f6f418e5cdb9747dddc78872ca8a6fd7b60dc4b308ef6ed2dde892ebf,eccb71d6bb477afcd6bc5a24d2e4852d7f47d098089b7e0248c5f05910aa9d58,20270902,,220,0,52,220,169,timeout,220,0,
e37,37d3edc8cb9ad51b8ebf45a235721c16e2531be26385d150aef2b21d81a04cae,offpath,calibration,B,2,1,f2119a9f6f418e5cdb9747dddc78872ca8a6fd7b60dc4b308ef6ed2dde892ebf,eccb71d6bb477afcd6bc5a24d2e4852d7f47d098089b7e0248c5f05910aa9d58,20270902,,440,0,52,225,174,success,225,1,225
e37,37d3edc8cb9ad51b8ebf45a235721c16e2531be26385d150aef2b21d81a04cae,offpath,calibration,B,2,0,f2119a9f6f418e5cdb9747dddc78872ca8a6fd7b60dc4b308ef6ed2dde892ebf,eccb71d6bb477afcd6bc5a24d2e4852d7f47d098089b7e0248c5f05910aa9d58,20270902,,220,0,133,133,0,success,133,1,133
e37,37d3edc8cb9ad51b8ebf45a235721c16e2531be26385d150aef2b21d81a04cae,offpath,calibration,B,2,0,f2119a9f6f418e5cdb9747dddc78872ca8a6fd7b60dc4b308ef6ed2dde892ebf,eccb71d6bb477afcd6bc5a24d2e4852d7f47d098089b7e0248c5f05910aa9d58,20270902,,440,0,133,133,0,success,133,1,133
e37,37d3edc8cb9ad51b8ebf45a235721c16e2531be26385d150aef2b21d81a04cae,offpath,calibration,B,3,0,f2119a9f6f418e5cdb9747dddc78872ca8a6fd7b60dc4b308ef6ed2dde892ebf,eccb71d6bb477afcd6bc5a24d2e4852d7f47d098089b7e0248c5f05910aa9d58,20270903,,220,0,139,139,0,success,139,1,139
e37,37d3edc8cb9ad51b8ebf45a235721c16e2531be26385d150aef2b21d81a04cae,offpath,calibration,B,3,0,f2119a9f6f418e5cdb9747dddc78872ca8a6fd7b60dc4b308ef6ed2dde892ebf,eccb71d6bb477afcd6bc5a24d2e4852d7f47d098089b7e0248c5f05910aa9d58,20270903,,440,0,139,139,0,success,139,1,139
e37,37d3edc8cb9ad51b8ebf45a235721c16e2531be26385d150aef2b21d81a04cae,offpath,calibration,B,3,1,f2119a9f6f418e5cdb9747dddc78872ca8a6fd7b60dc4b308ef6ed2dde892ebf,eccb71d6bb477afcd6bc5a24d2e4852d7f47d098089b7e0248c5f05910aa9d58,20270903,,220,0,52,220,169,timeout,220,0,
e37,37d3edc8cb9ad51b8ebf45a235721c16e2531be26385d150aef2b21d81a04cae,offpath,calibration,B,3,1,f2119a9f6f418e5cdb9747dddc78872ca8a6fd7b60dc4b308ef6ed2dde892ebf,eccb71d6bb477afcd6bc5a24d2e4852d7f47d098089b7e0248c5f05910aa9d58,20270903,,440,0,52,225,174,success,225,1,225
e38,37d3edc8cb9ad51b8ebf45a235721c16e2531be26385d150aef2b21d81a04cae,noglass,calibration,B,2,0,b2838e0c2225289ab387f641499f0c5e06706d8ac5a3eee32526701111b695b3,5e86625abb4e326bd649df160e57931ddb34350ee543f05611cd3cb9d9d58448,20270902,,220,0,141,141,0,success,141,1,141
e38,37d3edc8cb9ad51b8ebf45a235721c16e2531be26385d150aef2b21d81a04cae,noglass,calibration,B,2,0,b2838e0c2225289ab387f641499f0c5e06706d8ac5a3eee32526701111b695b3,5e86625abb4e326bd649df160e57931ddb34350ee543f05611cd3cb9d9d58448,20270902,,440,0,141,141,0,success,141,1,141
e38,37d3edc8cb9ad51b8ebf45a235721c16e2531be26385d150aef2b21d81a04cae,noglass,calibration,B,2,1,b2838e0c2225289ab387f641499f0c5e06706d8ac5a3eee32526701111b695b3,5e86625abb4e326bd649df160e57931ddb34350ee543f05611cd3cb9d9d58448,20270902,323,220,0,53,220,168,timeout,220,0,
e38,37d3edc8cb9ad51b8ebf45a235721c16e2531be26385d150aef2b21d81a04cae,noglass,calibration,B,2,1,b2838e0c2225289ab387f641499f0c5e06706d8ac5a3eee32526701111b695b3,5e86625abb4e326bd649df160e57931ddb34350ee543f05611cd3cb9d9d58448,20270902,323,440,0,170,440,271,timeout,440,0,
e38,37d3edc8cb9ad51b8ebf45a235721c16e2531be26385d150aef2b21d81a04cae,noglass,calibration,B,3,1,b2838e0c2225289ab387f641499f0c5e06706d8ac5a3eee32526701111b695b3,5e86625abb4e326bd649df160e57931ddb34350ee543f05611cd3cb9d9d58448,20270903,323,220,0,53,220,168,timeout,220,0,
e38,37d3edc8cb9ad51b8ebf45a235721c16e2531be26385d150aef2b21d81a04cae,noglass,calibration,B,3,1,b2838e0c2225289ab387f641499f0c5e06706d8ac5a3eee32526701111b695b3,5e86625abb4e326bd649df160e57931ddb34350ee543f05611cd3cb9d9d58448,20270903,323,440,0,170,440,271,timeout,440,0,
e38,37d3edc8cb9ad51b8ebf45a235721c16e2531be26385d150aef2b21d81a04cae,noglass,calibration,B,3,0,b2838e0c2225289ab387f641499f0c5e06706d8ac5a3eee32526701111b695b3,5e86625abb4e326bd649df160e57931ddb34350ee543f05611cd3cb9d9d58448,20270903,,220,0,134,134,0,success,134,1,134
e38,37d3edc8cb9ad51b8ebf45a235721c16e2531be26385d150aef2b21d81a04cae,noglass,calibration,B,3,0,b2838e0c2225289ab387f641499f0c5e06706d8ac5a3eee32526701111b695b3,5e86625abb4e326bd649df160e57931ddb34350ee543f05611cd3cb9d9d58448,20270903,,440,0,134,134,0,success,134,1,134
e39,6292759eb45913ce4ed8447194504833f347d9355012e3228775797a4b0a7cd1,glass,calibration,B,2,1,cc2f03fbb45232a310b4aeb3e580067227f3667a686ba9ba61dc004a5c424755,add4c0950a912d39b2477ef413a7da85969367c0ef6898f117e2e8b92444d376,20270902,,220,0,3,220,218,timeout,220,0,
e39,6292759eb45913ce4ed8447194504833f347d9355012e3228775797a4b0a7cd1,glass,calibration,B,2,1,cc2f03fbb45232a310b4aeb3e580067227f3667a686ba9ba61dc004a5c424755,add4c0950a912d39b2477ef413a7da85969367c0ef6898f117e2e8b92444d376,20270902,,440,0,3,440,438,timeout,440,0,
e39,6292759eb45913ce4ed8447194504833f347d9355012e3228775797a4b0a7cd1,glass,calibration,B,2,0,cc2f03fbb45232a310b4aeb3e580067227f3667a686ba9ba61dc004a5c424755,add4c0950a912d39b2477ef413a7da85969367c0ef6898f117e2e8b92444d376,20270902,,220,1,36,220,0,accident,36,0,
e39,6292759eb45913ce4ed8447194504833f347d9355012e3228775797a4b0a7cd1,glass,calibration,B,2,0,cc2f03fbb45232a310b4aeb3e580067227f3667a686ba9ba61dc004a5c424755,add4c0950a912d39b2477ef413a7da85969367c0ef6898f117e2e8b92444d376,20270902,,440,1,36,440,0,accident,36,0,
e39,6292759eb45913ce4ed8447194504833f347d9355012e3228775797a4b0a7cd1,glass,calibration,B,3,0,cc2f03fbb45232a310b4aeb3e580067227f3667a686ba9ba61dc004a5c424755,add4c0950a912d39b2477ef413a7da85969367c0ef6898f117e2e8b92444d376,20270903,,220,0,69,69,0,success,69,1,69
e39,6292759eb45913ce4ed8447194504833f347d9355012e3228775797a4b0a7cd1,glass,calibration,B,3,0,cc2f03fbb45232a310b4aeb3e580067227f3667a686ba9ba61dc004a5c424755,add4c0950a912d39b2477ef413a7da85969367c0ef6898f117e2e8b92444d376,20270903,,440,0,69,69,0,success,69,1,69
e39,6292759eb45913ce4ed8447194504833f347d9355012e3228775797a4b0a7cd1,glass,calibration,B,3,1,cc2f03fbb45232a310b4aeb3e580067227f3667a686ba9ba61dc004a5c424755,add4c0950a912d39b2477ef413a7da85969367c0ef6898f117e2e8b92444d376,20270903,,220,0,3,220,218,timeout,220,0,
e39,6292759eb45913ce4ed8447194504833f347d9355012e3228775797a4b0a7cd1,glass,calibration,B,3,1,cc2f03fbb45232a310b4aeb3e580067227f3667a686ba9ba61dc004a5c424755,add4c0950a912d39b2477ef413a7da85969367c0ef6898f117e2e8b92444d376,20270903,,440,0,3,440,438,timeout,440,0,
e40,6292759eb45913ce4ed8447194504833f347d9355012e3228775797a4b0a7cd1,offpath,calibration,B,2,0,3f9358ed12b3f21d3fce48f750af31387680366d756ac11cbf677b1cc4105559,2dfc088ce06d0efe572c1c792a520b6085cbb7327941ed4806586aaee65355cd,20270902,,220,0,74,74,0,success,74,1,74
e40,6292759eb45913ce4ed8447194504833f347d9355012e3228775797a4b0a7cd1,offpath,calibration,B,2,0,3f9358ed12b3f21d3fce48f750af31387680366d756ac11cbf677b1cc4105559,2dfc088ce06d0efe572c1c792a520b6085cbb7327941ed4806586aaee65355cd,20270902,,440,0,74,74,0,success,74,1,74
e40,6292759eb45913ce4ed8447194504833f347d9355012e3228775797a4b0a7cd1,offpath,calibration,B,2,1,3f9358ed12b3f21d3fce48f750af31387680366d756ac11cbf677b1cc4105559,2dfc088ce06d0efe572c1c792a520b6085cbb7327941ed4806586aaee65355cd,20270902,,220,0,11,180,170,success,180,1,180
e40,6292759eb45913ce4ed8447194504833f347d9355012e3228775797a4b0a7cd1,offpath,calibration,B,2,1,3f9358ed12b3f21d3fce48f750af31387680366d756ac11cbf677b1cc4105559,2dfc088ce06d0efe572c1c792a520b6085cbb7327941ed4806586aaee65355cd,20270902,,440,0,11,180,170,success,180,1,180
e40,6292759eb45913ce4ed8447194504833f347d9355012e3228775797a4b0a7cd1,offpath,calibration,B,3,1,3f9358ed12b3f21d3fce48f750af31387680366d756ac11cbf677b1cc4105559,2dfc088ce06d0efe572c1c792a520b6085cbb7327941ed4806586aaee65355cd,20270903,,220,0,11,180,170,success,180,1,180
e40,6292759eb45913ce4ed8447194504833f347d9355012e3228775797a4b0a7cd1,offpath,calibration,B,3,1,3f9358ed12b3f21d3fce48f750af31387680366d756ac11cbf677b1cc4105559,2dfc088ce06d0efe572c1c792a520b6085cbb7327941ed4806586aaee65355cd,20270903,,440,0,11,180,170,success,180,1,180
e40,6292759eb45913ce4ed8447194504833f347d9355012e3228775797a4b0a7cd1,offpath,calibration,B,3,0,3f9358ed12b3f21d3fce48f750af31387680366d756ac11cbf677b1cc4105559,2dfc088ce06d0efe572c1c792a520b6085cbb7327941ed4806586aaee65355cd,20270903,,220,0,76,76,0,success,76,1,76
e40,6292759eb45913ce4ed8447194504833f347d9355012e3228775797a4b0a7cd1,offpath,calibration,B,3,0,3f9358ed12b3f21d3fce48f750af31387680366d756ac11cbf677b1cc4105559,2dfc088ce06d0efe572c1c792a520b6085cbb7327941ed4806586aaee65355cd,20270903,,440,0,76,76,0,success,76,1,76
e41,6292759eb45913ce4ed8447194504833f347d9355012e3228775797a4b0a7cd1,noglass,calibration,B,2,1,57549489a5928c77e044b01c426d9df93b357b6872d4304b74ac8628ba2c5e16,05da8db2cced6899d1ee2a16fb698bdc3f2bda952d2fbd5a452d3c4e1293a89b,20270902,,220,0,13,203,191,success,203,1,203
e41,6292759eb45913ce4ed8447194504833f347d9355012e3228775797a4b0a7cd1,noglass,calibration,B,2,1,57549489a5928c77e044b01c426d9df93b357b6872d4304b74ac8628ba2c5e16,05da8db2cced6899d1ee2a16fb698bdc3f2bda952d2fbd5a452d3c4e1293a89b,20270902,,440,0,13,203,191,success,203,1,203
e41,6292759eb45913ce4ed8447194504833f347d9355012e3228775797a4b0a7cd1,noglass,calibration,B,2,0,57549489a5928c77e044b01c426d9df93b357b6872d4304b74ac8628ba2c5e16,05da8db2cced6899d1ee2a16fb698bdc3f2bda952d2fbd5a452d3c4e1293a89b,20270902,,220,0,80,80,0,success,80,1,80
e41,6292759eb45913ce4ed8447194504833f347d9355012e3228775797a4b0a7cd1,noglass,calibration,B,2,0,57549489a5928c77e044b01c426d9df93b357b6872d4304b74ac8628ba2c5e16,05da8db2cced6899d1ee2a16fb698bdc3f2bda952d2fbd5a452d3c4e1293a89b,20270902,,440,0,80,80,0,success,80,1,80
e41,6292759eb45913ce4ed8447194504833f347d9355012e3228775797a4b0a7cd1,noglass,calibration,B,3,0,57549489a5928c77e044b01c426d9df93b357b6872d4304b74ac8628ba2c5e16,05da8db2cced6899d1ee2a16fb698bdc3f2bda952d2fbd5a452d3c4e1293a89b,20270903,,220,0,72,72,0,success,72,1,72
e41,6292759eb45913ce4ed8447194504833f347d9355012e3228775797a4b0a7cd1,noglass,calibration,B,3,0,57549489a5928c77e044b01c426d9df93b357b6872d4304b74ac8628ba2c5e16,05da8db2cced6899d1ee2a16fb698bdc3f2bda952d2fbd5a452d3c4e1293a89b,20270903,,440,0,72,72,0,success,72,1,72
e41,6292759eb45913ce4ed8447194504833f347d9355012e3228775797a4b0a7cd1,noglass,calibration,B,3,1,57549489a5928c77e044b01c426d9df93b357b6872d4304b74ac8628ba2c5e16,05da8db2cced6899d1ee2a16fb698bdc3f2bda952d2fbd5a452d3c4e1293a89b,20270903,,220,0,13,203,191,success,203,1,203
e41,6292759eb45913ce4ed8447194504833f347d9355012e3228775797a4b0a7cd1,noglass,calibration,B,3,1,57549489a5928c77e044b01c426d9df93b357b6872d4304b74ac8628ba2c5e16,05da8db2cced6899d1ee2a16fb698bdc3f2bda952d2fbd5a452d3c4e1293a89b,20270903,,440,0,13,203,191,success,203,1,203
e42,655347c9fb28aaf505e162e6bcad095d17e4bfee5506113825cfb3da6ca60845,glass,calibration,B,2,0,042caa18c5d81be0ced43e3b7442eaf5e19e04ac27a7747b2865495172bdf89f,96cd004ec8c69d39df4c328c20c03a33456424c578adb5a2a2c5168a26f83677,20270902,,220,1,29,220,0,accident,29,0,
e42,655347c9fb28aaf505e162e6bcad095d17e4bfee5506113825cfb3da6ca60845,glass,calibration,B,2,0,042caa18c5d81be0ced43e3b7442eaf5e19e04ac27a7747b2865495172bdf89f,96cd004ec8c69d39df4c328c20c03a33456424c578adb5a2a2c5168a26f83677,20270902,,440,1,29,440,0,accident,29,0,
e42,655347c9fb28aaf505e162e6bcad095d17e4bfee5506113825cfb3da6ca60845,glass,calibration,B,2,1,042caa18c5d81be0ced43e3b7442eaf5e19e04ac27a7747b2865495172bdf89f,96cd004ec8c69d39df4c328c20c03a33456424c578adb5a2a2c5168a26f83677,20270902,,220,0,13,220,208,timeout,220,0,
e42,655347c9fb28aaf505e162e6bcad095d17e4bfee5506113825cfb3da6ca60845,glass,calibration,B,2,1,042caa18c5d81be0ced43e3b7442eaf5e19e04ac27a7747b2865495172bdf89f,96cd004ec8c69d39df4c328c20c03a33456424c578adb5a2a2c5168a26f83677,20270902,,440,0,13,440,428,timeout,440,0,
e42,655347c9fb28aaf505e162e6bcad095d17e4bfee5506113825cfb3da6ca60845,glass,calibration,B,3,1,042caa18c5d81be0ced43e3b7442eaf5e19e04ac27a7747b2865495172bdf89f,96cd004ec8c69d39df4c328c20c03a33456424c578adb5a2a2c5168a26f83677,20270903,,220,0,13,220,208,timeout,220,0,
e42,655347c9fb28aaf505e162e6bcad095d17e4bfee5506113825cfb3da6ca60845,glass,calibration,B,3,1,042caa18c5d81be0ced43e3b7442eaf5e19e04ac27a7747b2865495172bdf89f,96cd004ec8c69d39df4c328c20c03a33456424c578adb5a2a2c5168a26f83677,20270903,,440,0,13,440,428,timeout,440,0,
e42,655347c9fb28aaf505e162e6bcad095d17e4bfee5506113825cfb3da6ca60845,glass,calibration,B,3,0,042caa18c5d81be0ced43e3b7442eaf5e19e04ac27a7747b2865495172bdf89f,96cd004ec8c69d39df4c328c20c03a33456424c578adb5a2a2c5168a26f83677,20270903,,220,1,30,220,0,accident,30,0,
e42,655347c9fb28aaf505e162e6bcad095d17e4bfee5506113825cfb3da6ca60845,glass,calibration,B,3,0,042caa18c5d81be0ced43e3b7442eaf5e19e04ac27a7747b2865495172bdf89f,96cd004ec8c69d39df4c328c20c03a33456424c578adb5a2a2c5168a26f83677,20270903,,440,1,30,440,0,accident,30,0,
e43,655347c9fb28aaf505e162e6bcad095d17e4bfee5506113825cfb3da6ca60845,offpath,calibration,B,2,1,6f24722d83843188ff5c918af12ce6425734c9bf706e873c3451004818ddcb71,462d7753628b7b6a31763a4ff936f08b55afb9577db26372323c77fc1489150b,20270902,,220,0,32,220,189,timeout,220,0,
e43,655347c9fb28aaf505e162e6bcad095d17e4bfee5506113825cfb3da6ca60845,offpath,calibration,B,2,1,6f24722d83843188ff5c918af12ce6425734c9bf706e873c3451004818ddcb71,462d7753628b7b6a31763a4ff936f08b55afb9577db26372323c77fc1489150b,20270902,,440,0,32,440,409,timeout,440,0,
e43,655347c9fb28aaf505e162e6bcad095d17e4bfee5506113825cfb3da6ca60845,offpath,calibration,B,2,0,6f24722d83843188ff5c918af12ce6425734c9bf706e873c3451004818ddcb71,462d7753628b7b6a31763a4ff936f08b55afb9577db26372323c77fc1489150b,20270902,,220,0,74,74,0,success,74,1,74
e43,655347c9fb28aaf505e162e6bcad095d17e4bfee5506113825cfb3da6ca60845,offpath,calibration,B,2,0,6f24722d83843188ff5c918af12ce6425734c9bf706e873c3451004818ddcb71,462d7753628b7b6a31763a4ff936f08b55afb9577db26372323c77fc1489150b,20270902,,440,0,74,74,0,success,74,1,74
e43,655347c9fb28aaf505e162e6bcad095d17e4bfee5506113825cfb3da6ca60845,offpath,calibration,B,3,0,6f24722d83843188ff5c918af12ce6425734c9bf706e873c3451004818ddcb71,462d7753628b7b6a31763a4ff936f08b55afb9577db26372323c77fc1489150b,20270903,,220,0,73,73,0,success,73,1,73
e43,655347c9fb28aaf505e162e6bcad095d17e4bfee5506113825cfb3da6ca60845,offpath,calibration,B,3,0,6f24722d83843188ff5c918af12ce6425734c9bf706e873c3451004818ddcb71,462d7753628b7b6a31763a4ff936f08b55afb9577db26372323c77fc1489150b,20270903,,440,0,73,73,0,success,73,1,73
e43,655347c9fb28aaf505e162e6bcad095d17e4bfee5506113825cfb3da6ca60845,offpath,calibration,B,3,1,6f24722d83843188ff5c918af12ce6425734c9bf706e873c3451004818ddcb71,462d7753628b7b6a31763a4ff936f08b55afb9577db26372323c77fc1489150b,20270903,,220,0,32,220,189,timeout,220,0,
e43,655347c9fb28aaf505e162e6bcad095d17e4bfee5506113825cfb3da6ca60845,offpath,calibration,B,3,1,6f24722d83843188ff5c918af12ce6425734c9bf706e873c3451004818ddcb71,462d7753628b7b6a31763a4ff936f08b55afb9577db26372323c77fc1489150b,20270903,,440,0,32,440,409,timeout,440,0,
e44,655347c9fb28aaf505e162e6bcad095d17e4bfee5506113825cfb3da6ca60845,noglass,calibration,B,2,0,132b204a80ca75d2e2cab03afb466877eebb45b71182b997e8c695d9d2e7b21c,1fee0d0541326c10c7a8c211573b193a7311407de7efc1d083d79d1b08d24ce7,20270902,,220,0,65,65,0,success,65,1,65
e44,655347c9fb28aaf505e162e6bcad095d17e4bfee5506113825cfb3da6ca60845,noglass,calibration,B,2,0,132b204a80ca75d2e2cab03afb466877eebb45b71182b997e8c695d9d2e7b21c,1fee0d0541326c10c7a8c211573b193a7311407de7efc1d083d79d1b08d24ce7,20270902,,440,0,65,65,0,success,65,1,65
e44,655347c9fb28aaf505e162e6bcad095d17e4bfee5506113825cfb3da6ca60845,noglass,calibration,B,2,1,132b204a80ca75d2e2cab03afb466877eebb45b71182b997e8c695d9d2e7b21c,1fee0d0541326c10c7a8c211573b193a7311407de7efc1d083d79d1b08d24ce7,20270902,,220,0,30,220,191,timeout,220,0,
e44,655347c9fb28aaf505e162e6bcad095d17e4bfee5506113825cfb3da6ca60845,noglass,calibration,B,2,1,132b204a80ca75d2e2cab03afb466877eebb45b71182b997e8c695d9d2e7b21c,1fee0d0541326c10c7a8c211573b193a7311407de7efc1d083d79d1b08d24ce7,20270902,,440,0,30,440,411,timeout,440,0,
e44,655347c9fb28aaf505e162e6bcad095d17e4bfee5506113825cfb3da6ca60845,noglass,calibration,B,3,1,132b204a80ca75d2e2cab03afb466877eebb45b71182b997e8c695d9d2e7b21c,1fee0d0541326c10c7a8c211573b193a7311407de7efc1d083d79d1b08d24ce7,20270903,,220,0,30,220,191,timeout,220,0,
e44,655347c9fb28aaf505e162e6bcad095d17e4bfee5506113825cfb3da6ca60845,noglass,calibration,B,3,1,132b204a80ca75d2e2cab03afb466877eebb45b71182b997e8c695d9d2e7b21c,1fee0d0541326c10c7a8c211573b193a7311407de7efc1d083d79d1b08d24ce7,20270903,,440,0,30,440,411,timeout,440,0,
e44,655347c9fb28aaf505e162e6bcad095d17e4bfee5506113825cfb3da6ca60845,noglass,calibration,B,3,0,132b204a80ca75d2e2cab03afb466877eebb45b71182b997e8c695d9d2e7b21c,1fee0d0541326c10c7a8c211573b193a7311407de7efc1d083d79d1b08d24ce7,20270903,,220,0,66,66,0,success,66,1,66
e44,655347c9fb28aaf505e162e6bcad095d17e4bfee5506113825cfb3da6ca60845,noglass,calibration,B,3,0,132b204a80ca75d2e2cab03afb466877eebb45b71182b997e8c695d9d2e7b21c,1fee0d0541326c10c7a8c211573b193a7311407de7efc1d083d79d1b08d24ce7,20270903,,440,0,66,66,0,success,66,1,66
e45,64d921063eb0a02530efbea3434c347d28bd353cbb04464e5d91d499f62f61ef,glass,calibration,B,2,1,ff32226ad13b1f74853cae04b5050320e752621f6233b611662ffc77eef1088e,6067edfd70fb2834fb415840858313d3ff7d62ecbc27f094f38ad4e7a8afa65c,20270902,,220,1,9,220,135,accident,143,0,
e45,64d921063eb0a02530efbea3434c347d28bd353cbb04464e5d91d499f62f61ef,glass,calibration,B,2,1,ff32226ad13b1f74853cae04b5050320e752621f6233b611662ffc77eef1088e,6067edfd70fb2834fb415840858313d3ff7d62ecbc27f094f38ad4e7a8afa65c,20270902,,440,1,9,440,135,accident,143,0,
e45,64d921063eb0a02530efbea3434c347d28bd353cbb04464e5d91d499f62f61ef,glass,calibration,B,2,0,ff32226ad13b1f74853cae04b5050320e752621f6233b611662ffc77eef1088e,6067edfd70fb2834fb415840858313d3ff7d62ecbc27f094f38ad4e7a8afa65c,20270902,,220,1,52,220,0,accident,52,0,
e45,64d921063eb0a02530efbea3434c347d28bd353cbb04464e5d91d499f62f61ef,glass,calibration,B,2,0,ff32226ad13b1f74853cae04b5050320e752621f6233b611662ffc77eef1088e,6067edfd70fb2834fb415840858313d3ff7d62ecbc27f094f38ad4e7a8afa65c,20270902,,440,1,52,440,0,accident,52,0,
e45,64d921063eb0a02530efbea3434c347d28bd353cbb04464e5d91d499f62f61ef,glass,calibration,B,3,0,ff32226ad13b1f74853cae04b5050320e752621f6233b611662ffc77eef1088e,6067edfd70fb2834fb415840858313d3ff7d62ecbc27f094f38ad4e7a8afa65c,20270903,,220,1,41,220,0,accident,41,0,
e45,64d921063eb0a02530efbea3434c347d28bd353cbb04464e5d91d499f62f61ef,glass,calibration,B,3,0,ff32226ad13b1f74853cae04b5050320e752621f6233b611662ffc77eef1088e,6067edfd70fb2834fb415840858313d3ff7d62ecbc27f094f38ad4e7a8afa65c,20270903,,440,1,41,440,0,accident,41,0,
e45,64d921063eb0a02530efbea3434c347d28bd353cbb04464e5d91d499f62f61ef,glass,calibration,B,3,1,ff32226ad13b1f74853cae04b5050320e752621f6233b611662ffc77eef1088e,6067edfd70fb2834fb415840858313d3ff7d62ecbc27f094f38ad4e7a8afa65c,20270903,,220,1,9,220,135,accident,143,0,
e45,64d921063eb0a02530efbea3434c347d28bd353cbb04464e5d91d499f62f61ef,glass,calibration,B,3,1,ff32226ad13b1f74853cae04b5050320e752621f6233b611662ffc77eef1088e,6067edfd70fb2834fb415840858313d3ff7d62ecbc27f094f38ad4e7a8afa65c,20270903,,440,1,9,440,135,accident,143,0,
e47,64d921063eb0a02530efbea3434c347d28bd353cbb04464e5d91d499f62f61ef,noglass,calibration,B,2,1,25bd3df2e80b0a2be0c644470e9d4360c562eb17abd2afc40e1691c71d6fca38,fed10df8024b1ce4bada6b86cdbf8e80eacb3f318bcabaec0ad9d2f5ea4c750c,20270902,,220,0,14,220,207,timeout,220,0,
e47,64d921063eb0a02530efbea3434c347d28bd353cbb04464e5d91d499f62f61ef,noglass,calibration,B,2,1,25bd3df2e80b0a2be0c644470e9d4360c562eb17abd2afc40e1691c71d6fca38,fed10df8024b1ce4bada6b86cdbf8e80eacb3f318bcabaec0ad9d2f5ea4c750c,20270902,,440,0,14,440,427,timeout,440,0,
e47,64d921063eb0a02530efbea3434c347d28bd353cbb04464e5d91d499f62f61ef,noglass,calibration,B,2,0,25bd3df2e80b0a2be0c644470e9d4360c562eb17abd2afc40e1691c71d6fca38,fed10df8024b1ce4bada6b86cdbf8e80eacb3f318bcabaec0ad9d2f5ea4c750c,20270902,,220,0,220,220,0,timeout,220,0,
e47,64d921063eb0a02530efbea3434c347d28bd353cbb04464e5d91d499f62f61ef,noglass,calibration,B,2,0,25bd3df2e80b0a2be0c644470e9d4360c562eb17abd2afc40e1691c71d6fca38,fed10df8024b1ce4bada6b86cdbf8e80eacb3f318bcabaec0ad9d2f5ea4c750c,20270902,,440,0,440,440,0,timeout,440,0,
e47,64d921063eb0a02530efbea3434c347d28bd353cbb04464e5d91d499f62f61ef,noglass,calibration,B,3,0,25bd3df2e80b0a2be0c644470e9d4360c562eb17abd2afc40e1691c71d6fca38,fed10df8024b1ce4bada6b86cdbf8e80eacb3f318bcabaec0ad9d2f5ea4c750c,20270903,,220,0,82,82,0,success,82,1,82
e47,64d921063eb0a02530efbea3434c347d28bd353cbb04464e5d91d499f62f61ef,noglass,calibration,B,3,0,25bd3df2e80b0a2be0c644470e9d4360c562eb17abd2afc40e1691c71d6fca38,fed10df8024b1ce4bada6b86cdbf8e80eacb3f318bcabaec0ad9d2f5ea4c750c,20270903,,440,0,82,82,0,success,82,1,82
e47,64d921063eb0a02530efbea3434c347d28bd353cbb04464e5d91d499f62f61ef,noglass,calibration,B,3,1,25bd3df2e80b0a2be0c644470e9d4360c562eb17abd2afc40e1691c71d6fca38,fed10df8024b1ce4bada6b86cdbf8e80eacb3f318bcabaec0ad9d2f5ea4c750c,20270903,,220,0,14,220,207,timeout,220,0,
e47,64d921063eb0a02530efbea3434c347d28bd353cbb04464e5d91d499f62f61ef,noglass,calibration,B,3,1,25bd3df2e80b0a2be0c644470e9d4360c562eb17abd2afc40e1691c71d6fca38,fed10df8024b1ce4bada6b86cdbf8e80eacb3f318bcabaec0ad9d2f5ea4c750c,20270903,,440,0,14,440,427,timeout,440,0,
