regime,feature,target,scope,source,n,positive_n,mean_score,auc,ap,brier,balanced_accuracy,prevalence
pooled_loso,hidden,base_crash,all,0815f4806fc9a4fbd58c6627c8b92fd77f1b80ad4b8b4cd6d0c6e0541d488a7b,12,4,0.20720891170721809,0.75,0.7321428571428572,0.18590301192518535,0.625,0.3333333333333333
pooled_loso,hidden,base_crash,all,28c563172e6e13a0d3d84f1527243878c67a2140fa8c9a81ecb8b81ec9402dc8,5,4,0.4347681671310205,0.75,0.95,0.2739157617201893,0.75,0.8
pooled_loso,hidden,base_crash,all,2ef1381d9cfc0a92b107e2940bcf431c7494cd7067d032284f30a23c47b487cc,18,6,0.3884185449834782,0.7916666666666666,0.6648148148148146,0.18105012934307357,0.6666666666666666,0.33333333333333337
pooled_loso,hidden,base_crash,all,3f7887ee8820a4163a5033c81050731e85d1a310652a612f5b0ea5c450ec2043,5,4,0.7761159228404397,1.0,1.0,0.13065237588830242,0.5,0.8
pooled_loso,hidden,base_crash,all,5de3fa5396875480db81793738029227ed357caa91e5d24290ffc5cb0371f908,12,4,0.3581122431175679,0.90625,0.8928571428571429,0.12641409731726058,0.75,0.3333333333333333
pooled_loso,hidden,base_crash,all,61f6ada542d03d1dd4d75a304f2674efa20660163c54b012b956522e98835cac,12,4,0.2907906110861947,0.90625,0.8928571428571429,0.11400647935974247,0.75,0.3333333333333333
pooled_loso,hidden,base_crash,all,6292759eb45913ce4ed8447194504833f347d9355012e3228775797a4b0a7cd1,12,4,0.25709930868956105,0.78125,0.7875,0.1785604183081985,0.625,0.3333333333333333
pooled_loso,hidden,base_crash,all,655347c9fb28aaf505e162e6bcad095d17e4bfee5506113825cfb3da6ca60845,12,4,0.3101902039868439,0.90625,0.8928571428571429,0.0908567292437852,0.875,0.3333333333333333
pooled_loso,hidden,base_crash,all,69fa7e93588c6aea4b134efa44633d38556ce1656b46df276021920a664881a3,30,10,0.4413931770379482,0.615,0.6069006740386051,0.22098773784068032,0.575,0.3333333333333333
pooled_loso,hidden,base_crash,all,76fe1d96587ab928f6fb5d7750ecd048fd712eb3d66aa60feb972a3d9d56c9d1,12,3,0.3174962508105698,0.5925925925925926,0.5444444444444444,0.20194352874626795,0.611111111111111,0.25
pooled_loso,hidden,base_crash,all,821b498fc1fcb4e3c103635fa473d7577f718c4f633b273772954295c83ae585,15,5,0.32358839378856735,0.7200000000000001,0.5635897435897437,0.189846615925325,0.55,0.3333333333333333
pooled_loso,hidden,base_crash,all,9176c2514b8a62105f4d2b8a22a8a0b0236c5b9feda58c18ef64cea917b98d9d,15,5,0.3829565454301399,0.6,0.42146464646464654,0.24136312646983282,0.6000000000000001,0.3333333333333333
pooled_loso,hidden,base_crash,all,986b3dff233a80cf0fd1c48f815600f49b95f83be0d9f898fee40d0a5c9dca63,12,4,0.32388491232271327,0.5937499999999999,0.573051948051948,0.21470768623188433,0.625,0.3333333333333333
pooled_loso,hidden,base_crash,all,a3e1c487338ecfe4ce59e1e8f0be7a20d0442476ad923022ec430bdb5470ee56,12,3,0.26168919976431615,0.8888888888888888,0.8333333333333333,0.12115142088201622,0.6666666666666666,0.25
pooled_loso,hidden,base_crash,all,a992f0a563f4b0239708f4be6fa38192e6930b15387567b2d4a16568d4fa5671,12,4,0.4530397442582934,0.75,0.6666666666666666,0.19406403838357683,0.625,0.3333333333333333
pooled_loso,hidden,base_crash,all,b830bede73f505b84b88a6596e92c22a5a4c0ded1e275e8e5b28a599849d2df6,30,9,0.2784288956378545,0.7142857142857142,0.625854700854701,0.18082236474058108,0.5873015873015873,0.3
pooled_loso,hidden,base_crash,all,c8fa274849bf4beeb7c46b93a7de7a6242e5af2e9c83a395e8d0db16da5e81d8,15,5,0.2592127730220181,0.78,0.6676190476190477,0.1880018004240297,0.6,0.3333333333333333
pooled_loso,hidden,base_crash,all,d6796d48077a08484abd1252e6deb387d8b6a10bf445e66c4e6eaa0bde0f7818,5,5,0.25981205238016597,,1.0000000000000002,0.565269249100355,,1.0
pooled_loso,hidden,base_crash,all,ddd84e646ab0cdd38c0f283802f28ac361a412492f3872c7f489b95bb55d53af,15,2,0.4060577510376753,0.8846153846153847,0.5,0.16572805210795097,0.8846153846153846,0.13333333333333333
pooled_loso,hidden,base_crash,all,f64d2a60c3b9cebc4b5e12f86f4978711b4ca1e7a3788d1756d078c45a1c1004,12,3,0.2435583924416347,0.8148148148148149,0.7916666666666666,0.11783312279611405,0.6666666666666666,0.25
pooled_loso,hidden,base_crash,glass,0815f4806fc9a4fbd58c6627c8b92fd77f1b80ad4b8b4cd6d0c6e0541d488a7b,4,4,0.31989620275944286,,1.0,0.493241631715761,,1.0
pooled_loso,hidden,base_crash,glass,28c563172e6e13a0d3d84f1527243878c67a2140fa8c9a81ecb8b81ec9402dc8,5,4,0.4347681671310205,0.75,0.95,0.2739157617201893,0.75,0.8
pooled_loso,hidden,base_crash,glass,2ef1381d9cfc0a92b107e2940bcf431c7494cd7067d032284f30a23c47b487cc,6,6,0.5180606000066023,,1.0000000000000002,0.26383705729657625,,0.9999999999999999
pooled_loso,hidden,base_crash,glass,3f7887ee8820a4163a5033c81050731e85d1a310652a612f5b0ea5c450ec2043,5,4,0.7761159228404397,1.0,1.0,0.13065237588830242,0.5,0.8
pooled_loso,hidden,base_crash,glass,5de3fa5396875480db81793738029227ed357caa91e5d24290ffc5cb0371f908,4,4,0.5705848201467056,,1.0,0.23268964986416546,,1.0
pooled_loso,hidden,base_crash,glass,61f6ada542d03d1dd4d75a304f2674efa20660163c54b012b956522e98835cac,4,4,0.5558976543982571,,1.0,0.2605270075235149,,1.0
pooled_loso,hidden,base_crash,glass,6292759eb45913ce4ed8447194504833f347d9355012e3228775797a4b0a7cd1,4,4,0.3602910592460303,,1.0,0.42833435461618585,,1.0
pooled_loso,hidden,base_crash,glass,655347c9fb28aaf505e162e6bcad095d17e4bfee5506113825cfb3da6ca60845,4,4,0.6244789577681394,,1.0,0.2032035110516615,,1.0
pooled_loso,hidden,base_crash,glass,69fa7e93588c6aea4b134efa44633d38556ce1656b46df276021920a664881a3,10,10,0.504783019928039,,1.0000000000000002,0.29128549057021946,,0.9999999999999999
pooled_loso,hidden,base_crash,glass,76fe1d96587ab928f6fb5d7750ecd048fd712eb3d66aa60feb972a3d9d56c9d1,4,3,0.5505616251821943,0.3333333333333333,0.8055555555555556,0.5128948199336536,0.16666666666666666,0.75
pooled_loso,hidden,base_crash,glass,821b498fc1fcb4e3c103635fa473d7577f718c4f633b273772954295c83ae585,5,5,0.3943700178906208,,1.0000000000000002,0.3779262909949521,,1.0
pooled_loso,hidden,base_crash,glass,9176c2514b8a62105f4d2b8a22a8a0b0236c5b9feda58c18ef64cea917b98d9d,5,4,0.41881559981959426,0.75,0.95,0.2770301240527867,0.75,0.8
pooled_loso,hidden,base_crash,glass,986b3dff233a80cf0fd1c48f815600f49b95f83be0d9f898fee40d0a5c9dca63,4,4,0.3622141550208444,,1.0,0.4362997800591999,,1.0
pooled_loso,hidden,base_crash,glass,a3e1c487338ecfe4ce59e1e8f0be7a20d0442476ad923022ec430bdb5470ee56,4,3,0.40741196939130464,1.0,1.0,0.2644441160159826,0.6666666666666666,0.75
pooled_loso,hidden,base_crash,glass,a992f0a563f4b0239708f4be6fa38192e6930b15387567b2d4a16568d4fa5671,4,4,0.611441065703893,,1.0,0.21681071648640726,,1.0
pooled_loso,hidden,base_crash,glass,b830bede73f505b84b88a6596e92c22a5a4c0ded1e275e8e5b28a599849d2df6,10,9,0.3595707474513857,0.6666666666666669,0.9626543209876545,0.39541027815501084,0.6111111111111112,0.8999999999999999
pooled_loso,hidden,base_crash,glass,c8fa274849bf4beeb7c46b93a7de7a6242e5af2e9c83a395e8d0db16da5e81d8,5,5,0.3409324357913671,,1.0000000000000002,0.4495713696409149,,1.0
pooled_loso,hidden,base_crash,glass,d6796d48077a08484abd1252e6deb387d8b6a10bf445e66c4e6eaa0bde0f7818,5,5,0.25981205238016597,,1.0000000000000002,0.565269249100355,,1.0
pooled_loso,hidden,base_crash,glass,ddd84e646ab0cdd38c0f283802f28ac361a412492f3872c7f489b95bb55d53af,5,2,0.46544840433204915,1.0,1.0,0.1783890688830566,1.0,0.4
pooled_loso,hidden,base_crash,glass,f64d2a60c3b9cebc4b5e12f86f4978711b4ca1e7a3788d1756d078c45a1c1004,4,3,0.43013084263537454,0.6666666666666666,0.9166666666666666,0.28851066553117094,0.6666666666666666,0.75
pooled_loso,hidden,detour_success,all,0815f4806fc9a4fbd58c6627c8b92fd77f1b80ad4b8b4cd6d0c6e0541d488a7b,12,7,0.5522040389150897,0.6285714285714286,0.798845598845599,0.19893753061768038,0.6857142857142857,0.5833333333333333
pooled_loso,hidden,detour_success,all,28c563172e6e13a0d3d84f1527243878c67a2140fa8c9a81ecb8b81ec9402dc8,5,0,0.12364040768010054,,,0.01685058917769671,,0.0
pooled_loso,hidden,detour_success,all,2ef1381d9cfc0a92b107e2940bcf431c7494cd7067d032284f30a23c47b487cc,18,8,0.45144572487618995,0.6125,0.662469362745098,0.244629511223663,0.6,0.4444444444444444
pooled_loso,hidden,detour_success,all,3f7887ee8820a4163a5033c81050731e85d1a310652a612f5b0ea5c450ec2043,5,0,0.08784568967568294,,,0.009430781759703952,,0.0
pooled_loso,hidden,detour_success,all,5de3fa5396875480db81793738029227ed357caa91e5d24290ffc5cb0371f908,12,7,0.4416476611531852,0.37142857142857144,0.6215728715728717,0.2642915551839001,0.5714285714285714,0.5833333333333333
pooled_loso,hidden,detour_success,all,61f6ada542d03d1dd4d75a304f2674efa20660163c54b012b956522e98835cac,12,6,0.46898596344193805,0.7222222222222222,0.7794011544011545,0.21662217750185195,0.5833333333333335,0.49999999999999994
pooled_loso,hidden,detour_success,all,6292759eb45913ce4ed8447194504833f347d9355012e3228775797a4b0a7cd1,12,12,0.3881103052165982,,1.0,0.37763227338724153,,1.0
pooled_loso,hidden,detour_success,all,655347c9fb28aaf505e162e6bcad095d17e4bfee5506113825cfb3da6ca60845,12,3,0.5312585540548319,0.6296296296296297,0.4027777777777778,0.25470595476824653,0.5555555555555556,0.25
pooled_loso,hidden,detour_success,all,69fa7e93588c6aea4b134efa44633d38556ce1656b46df276021920a664881a3,30,20,0.4137510403859983,0.515,0.7059423407052716,0.29832773293702647,0.475,0.6666666666666666
pooled_loso,hidden,detour_success,all,76fe1d96587ab928f6fb5d7750ecd048fd712eb3d66aa60feb972a3d9d56c9d1,12,3,0.5255770218896715,0.7037037037037036,0.5873015873015873,0.24577929383339486,0.7222222222222222,0.25
pooled_loso,hidden,detour_success,all,821b498fc1fcb4e3c103635fa473d7577f718c4f633b273772954295c83ae585,15,5,0.46136147238764286,0.7000000000000001,0.60995670995671,0.20766489229158602,0.6000000000000001,0.3333333333333333
pooled_loso,hidden,detour_success,all,9176c2514b8a62105f4d2b8a22a8a0b0236c5b9feda58c18ef64cea917b98d9d,15,6,0.4826079862257587,0.5925925925925926,0.46957671957671965,0.24479942779083336,0.5277777777777779,0.39999999999999997
pooled_loso,hidden,detour_success,all,986b3dff233a80cf0fd1c48f815600f49b95f83be0d9f898fee40d0a5c9dca63,12,8,0.4763246086244843,0.43750000000000006,0.6917478354978356,0.2859140424306078,0.375,0.6666666666666666
pooled_loso,hidden,detour_success,all,a3e1c487338ecfe4ce59e1e8f0be7a20d0442476ad923022ec430bdb5470ee56,12,11,0.5033289704493906,0.2727272727272727,0.9072838777384231,0.2878786655788889,0.1818181818181818,0.9166666666666667
pooled_loso,hidden,detour_success,all,a992f0a563f4b0239708f4be6fa38192e6930b15387567b2d4a16568d4fa5671,12,5,0.500650816350206,0.7428571428571429,0.7392857142857143,0.19529730499824305,0.6857142857142857,0.41666666666666663
pooled_loso,hidden,detour_success,all,b830bede73f505b84b88a6596e92c22a5a4c0ded1e275e8e5b28a599849d2df6,30,13,0.512298730757083,0.5339366515837104,0.5130298711142904,0.2543047760434727,0.5135746606334841,0.4333333333333333
pooled_loso,hidden,detour_success,all,c8fa274849bf4beeb7c46b93a7de7a6242e5af2e9c83a395e8d0db16da5e81d8,15,5,0.5004244673860495,0.54,0.5441558441558442,0.23802610849768188,0.45,0.3333333333333333
pooled_loso,hidden,detour_success,all,d6796d48077a08484abd1252e6deb387d8b6a10bf445e66c4e6eaa0bde0f7818,5,2,0.24034971913940972,0.3333333333333333,0.41666666666666663,0.279060893516836,0.5,0.4
pooled_loso,hidden,detour_success,all,ddd84e646ab0cdd38c0f283802f28ac361a412492f3872c7f489b95bb55d53af,15,4,0.39598766615538883,0.6590909090909092,0.5833333333333334,0.19124095566171978,0.6590909090909092,0.26666666666666666
pooled_loso,hidden,detour_success,all,f64d2a60c3b9cebc4b5e12f86f4978711b4ca1e7a3788d1756d078c45a1c1004,12,3,0.5402599751621002,0.6296296296296297,0.638888888888889,0.2563538817137793,0.5555555555555556,0.25
pooled_loso,hidden,detour_success,glass,0815f4806fc9a4fbd58c6627c8b92fd77f1b80ad4b8b4cd6d0c6e0541d488a7b,4,3,0.5296929314475133,0.3333333333333333,0.8055555555555556,0.22575540481762915,0.6666666666666666,0.75
pooled_loso,hidden,detour_success,glass,28c563172e6e13a0d3d84f1527243878c67a2140fa8c9a81ecb8b81ec9402dc8,5,0,0.12364040768010054,,,0.01685058917769671,,0.0
pooled_loso,hidden,detour_success,glass,2ef1381d9cfc0a92b107e2940bcf431c7494cd7067d032284f30a23c47b487cc,6,0,0.503849200797143,,,0.2553658078880021,,0.0
pooled_loso,hidden,detour_success,glass,3f7887ee8820a4163a5033c81050731e85d1a310652a612f5b0ea5c450ec2043,5,0,0.08784568967568294,,,0.009430781759703952,,0.0
pooled_loso,hidden,detour_success,glass,5de3fa5396875480db81793738029227ed357caa91e5d24290ffc5cb0371f908,4,0,0.4192803860995221,,,0.1770746255925069,,0.0
pooled_loso,hidden,detour_success,glass,61f6ada542d03d1dd4d75a304f2674efa20660163c54b012b956522e98835cac,4,0,0.3617629754322386,,,0.14926090714407994,,0.0
pooled_loso,hidden,detour_success,glass,6292759eb45913ce4ed8447194504833f347d9355012e3228775797a4b0a7cd1,4,4,0.3571515505800915,,1.0,0.4178611232195426,,1.0
pooled_loso,hidden,detour_success,glass,655347c9fb28aaf505e162e6bcad095d17e4bfee5506113825cfb3da6ca60845,4,0,0.4080108584067922,,,0.18746126385184803,,0.0
pooled_loso,hidden,detour_success,glass,69fa7e93588c6aea4b134efa44633d38556ce1656b46df276021920a664881a3,10,4,0.3709448618989142,0.5416666666666667,0.6215277777777778,0.23737053581070197,0.5416666666666667,0.4
pooled_loso,hidden,detour_success,glass,76fe1d96587ab928f6fb5d7750ecd048fd712eb3d66aa60feb972a3d9d56c9d1,4,0,0.43035236831145707,,,0.18885657146683132,,0.0
pooled_loso,hidden,detour_success,glass,821b498fc1fcb4e3c103635fa473d7577f718c4f633b273772954295c83ae585,5,0,0.4523720702322577,,,0.2117534302610397,,0.0
pooled_loso,hidden,detour_success,glass,9176c2514b8a62105f4d2b8a22a8a0b0236c5b9feda58c18ef64cea917b98d9d,5,4,0.49790186228984734,1.0,1.0,0.20364135381421888,0.875,0.8
pooled_loso,hidden,detour_success,glass,986b3dff233a80cf0fd1c48f815600f49b95f83be0d9f898fee40d0a5c9dca63,4,3,0.4284739272335811,0.0,0.6388888888888888,0.3457052211749965,0.0,0.75
pooled_loso,hidden,detour_success,glass,a3e1c487338ecfe4ce59e1e8f0be7a20d0442476ad923022ec430bdb5470ee56,4,3,0.47129729001871246,0.0,0.6388888888888888,0.34601284111207087,0.16666666666666666,0.75
pooled_loso,hidden,detour_success,glass,a992f0a563f4b0239708f4be6fa38192e6930b15387567b2d4a16568d4fa5671,4,0,0.44885895762581074,,,0.2196631495639748,,0.0
pooled_loso,hidden,detour_success,glass,b830bede73f505b84b88a6596e92c22a5a4c0ded1e275e8e5b28a599849d2df6,10,0,0.5346088566160128,,,0.29390508797102943,,0.0
pooled_loso,hidden,detour_success,glass,c8fa274849bf4beeb7c46b93a7de7a6242e5af2e9c83a395e8d0db16da5e81d8,5,0,0.4949921724333751,,,0.2501645232456764,,0.0
pooled_loso,hidden,detour_success,glass,d6796d48077a08484abd1252e6deb387d8b6a10bf445e66c4e6eaa0bde0f7818,5,2,0.24034971913940972,0.3333333333333333,0.41666666666666663,0.279060893516836,0.5,0.4
pooled_loso,hidden,detour_success,glass,ddd84e646ab0cdd38c0f283802f28ac361a412492f3872c7f489b95bb55d53af,5,0,0.4155250095562229,,,0.1856374648461109,,0.0
pooled_loso,hidden,detour_success,glass,f64d2a60c3b9cebc4b5e12f86f4978711b4ca1e7a3788d1756d078c45a1c1004,4,0,0.42205145850630615,,,0.18085168136156296,,0.0
pooled_loso,hidden,base_success,all,0815f4806fc9a4fbd58c6627c8b92fd77f1b80ad4b8b4cd6d0c6e0541d488a7b,12,8,0.723845810215661,0.78125,0.8865936147186148,0.18551847222682535,0.625,0.6666666666666666
pooled_loso,hidden,base_success,all,28c563172e6e13a0d3d84f1527243878c67a2140fa8c9a81ecb8b81ec9402dc8,5,0,0.338476023059885,,,0.12691108731263345,,0.0
pooled_loso,hidden,base_success,all,2ef1381d9cfc0a92b107e2940bcf431c7494cd7067d032284f30a23c47b487cc,18,11,0.4271312538271894,0.6623376623376623,0.8195067558703921,0.25099223937096365,0.5844155844155845,0.6111111111111112
pooled_loso,hidden,base_success,all,3f7887ee8820a4163a5033c81050731e85d1a310652a612f5b0ea5c450ec2043,5,0,0.14648582809791558,,,0.021483845760445087,,0.0
pooled_loso,hidden,base_success,all,5de3fa5396875480db81793738029227ed357caa91e5d24290ffc5cb0371f908,12,7,0.5627457031205046,0.8857142857142858,0.9325396825396826,0.1529984114751298,0.8,0.5833333333333333
pooled_loso,hidden,base_success,all,61f6ada542d03d1dd4d75a304f2674efa20660163c54b012b956522e98835cac,12,8,0.64259514037456,0.8125000000000001,0.908531746031746,0.12899491033682506,0.75,0.6666666666666666
pooled_loso,hidden,base_success,all,6292759eb45913ce4ed8447194504833f347d9355012e3228775797a4b0a7cd1,12,8,0.6037264022264054,0.84375,0.906795634920635,0.17822034775207965,0.75,0.6666666666666666
pooled_loso,hidden,base_success,all,655347c9fb28aaf505e162e6bcad095d17e4bfee5506113825cfb3da6ca60845,12,7,0.6035321657248514,0.8571428571428572,0.8954648526077098,0.15122437633290994,0.8,0.5833333333333333
pooled_loso,hidden,base_success,all,69fa7e93588c6aea4b134efa44633d38556ce1656b46df276021920a664881a3,30,17,0.47613602851331455,0.6244343891402716,0.6641642298763042,0.24151902320168486,0.6990950226244343,0.5666666666666667
pooled_loso,hidden,base_success,all,76fe1d96587ab928f6fb5d7750ecd048fd712eb3d66aa60feb972a3d9d56c9d1,12,8,0.6105729669436476,0.78125,0.8644345238095238,0.14588965787531052,0.6875,0.6666666666666666
pooled_loso,hidden,base_success,all,821b498fc1fcb4e3c103635fa473d7577f718c4f633b273772954295c83ae585,15,9,0.5548967594451604,0.7592592592592594,0.7527167277167277,0.19160752469911058,0.8055555555555556,0.6
pooled_loso,hidden,base_success,all,9176c2514b8a62105f4d2b8a22a8a0b0236c5b9feda58c18ef64cea917b98d9d,15,10,0.5375386236640334,0.56,0.7995887445887445,0.26704603581195646,0.5,0.6666666666666666
pooled_loso,hidden,base_success,all,986b3dff233a80cf0fd1c48f815600f49b95f83be0d9f898fee40d0a5c9dca63,12,7,0.5988582521497413,0.542857142857143,0.6739022881880026,0.24335064470539516,0.5285714285714286,0.5833333333333333
pooled_loso,hidden,base_success,all,a3e1c487338ecfe4ce59e1e8f0be7a20d0442476ad923022ec430bdb5470ee56,12,5,0.6804123896763588,0.48571428571428577,0.47090909090909094,0.3363817617297948,0.5714285714285714,0.41666666666666663
pooled_loso,hidden,base_success,all,a992f0a563f4b0239708f4be6fa38192e6930b15387567b2d4a16568d4fa5671,12,8,0.5230780424170675,0.65625,0.8295003607503608,0.24714193898702871,0.5625,0.6666666666666666
pooled_loso,hidden,base_success,all,b830bede73f505b84b88a6596e92c22a5a4c0ded1e275e8e5b28a599849d2df6,30,19,0.6067225179097595,0.8277511961722488,0.9148325165881761,0.182158257087585,0.6746411483253588,0.6333333333333333
pooled_loso,hidden,base_success,all,c8fa274849bf4beeb7c46b93a7de7a6242e5af2e9c83a395e8d0db16da5e81d8,15,9,0.6070333244824276,0.7037037037037038,0.8214285714285715,0.21392926229394793,0.5277777777777778,0.6
pooled_loso,hidden,base_success,all,d6796d48077a08484abd1252e6deb387d8b6a10bf445e66c4e6eaa0bde0f7818,5,0,0.49401603930427934,,,0.2511169272174109,,0.0
pooled_loso,hidden,base_success,all,ddd84e646ab0cdd38c0f283802f28ac361a412492f3872c7f489b95bb55d53af,15,7,0.4502656783244313,0.6250000000000001,0.7357753357753358,0.22205816968708644,0.6517857142857143,0.4666666666666666
pooled_loso,hidden,base_success,all,f64d2a60c3b9cebc4b5e12f86f4978711b4ca1e7a3788d1756d078c45a1c1004,12,9,0.6465289691151103,0.7777777777777777,0.9060405643738977,0.12305967586220537,0.8333333333333333,0.75
pooled_loso,hidden,base_success,glass,0815f4806fc9a4fbd58c6627c8b92fd77f1b80ad4b8b4cd6d0c6e0541d488a7b,4,0,0.627607467857729,,,0.42796578999373136,,0.0
pooled_loso,hidden,base_success,glass,28c563172e6e13a0d3d84f1527243878c67a2140fa8c9a81ecb8b81ec9402dc8,5,0,0.338476023059885,,,0.12691108731263345,,0.0
pooled_loso,hidden,base_success,glass,2ef1381d9cfc0a92b107e2940bcf431c7494cd7067d032284f30a23c47b487cc,6,0,0.3490824868522533,,,0.13392449972415543,,0.0
pooled_loso,hidden,base_success,glass,3f7887ee8820a4163a5033c81050731e85d1a310652a612f5b0ea5c450ec2043,5,0,0.14648582809791558,,,0.021483845760445087,,0.0
pooled_loso,hidden,base_success,glass,5de3fa5396875480db81793738029227ed357caa91e5d24290ffc5cb0371f908,4,0,0.3536024377409088,,,0.16520995810836855,,0.0
pooled_loso,hidden,base_success,glass,61f6ada542d03d1dd4d75a304f2674efa20660163c54b012b956522e98835cac,4,0,0.40231784995283026,,,0.24003717628160234,,0.0
pooled_loso,hidden,base_success,glass,6292759eb45913ce4ed8447194504833f347d9355012e3228775797a4b0a7cd1,4,0,0.5048827973900942,,,0.26380779956023603,,0.0
pooled_loso,hidden,base_success,glass,655347c9fb28aaf505e162e6bcad095d17e4bfee5506113825cfb3da6ca60845,4,0,0.3134707664590005,,,0.13716304518563663,,0.0
pooled_loso,hidden,base_success,glass,69fa7e93588c6aea4b134efa44633d38556ce1656b46df276021920a664881a3,10,0,0.4714042674187485,,,0.26279320174115633,,0.0
pooled_loso,hidden,base_success,glass,76fe1d96587ab928f6fb5d7750ecd048fd712eb3d66aa60feb972a3d9d56c9d1,4,0,0.39839474229443683,,,0.25377824089052353,,0.0
pooled_loso,hidden,base_success,glass,821b498fc1fcb4e3c103635fa473d7577f718c4f633b273772954295c83ae585,5,0,0.4680839468690781,,,0.24568625130026006,,0.0
pooled_loso,hidden,base_success,glass,9176c2514b8a62105f4d2b8a22a8a0b0236c5b9feda58c18ef64cea917b98d9d,5,1,0.5086097144668662,0.75,0.5,0.248145925406989,0.75,0.2
pooled_loso,hidden,base_success,glass,986b3dff233a80cf0fd1c48f815600f49b95f83be0d9f898fee40d0a5c9dca63,4,0,0.5345817093497501,,,0.3226742534414961,,0.0
pooled_loso,hidden,base_success,glass,a3e1c487338ecfe4ce59e1e8f0be7a20d0442476ad923022ec430bdb5470ee56,4,0,0.5828307169482525,,,0.41060341618343,,0.0
pooled_loso,hidden,base_success,glass,a992f0a563f4b0239708f4be6fa38192e6930b15387567b2d4a16568d4fa5671,4,0,0.42763736977301436,,,0.26170221658925275,,0.0
pooled_loso,hidden,base_success,glass,b830bede73f505b84b88a6596e92c22a5a4c0ded1e275e8e5b28a599849d2df6,10,0,0.48958308161614184,,,0.25935036668418276,,0.0
pooled_loso,hidden,base_success,glass,c8fa274849bf4beeb7c46b93a7de7a6242e5af2e9c83a395e8d0db16da5e81d8,5,0,0.5303134530361665,,,0.3150026107398189,,0.0
pooled_loso,hidden,base_success,glass,d6796d48077a08484abd1252e6deb387d8b6a10bf445e66c4e6eaa0bde0f7818,5,0,0.49401603930427934,,,0.2511169272174109,,0.0
pooled_loso,hidden,base_success,glass,ddd84e646ab0cdd38c0f283802f28ac361a412492f3872c7f489b95bb55d53af,5,0,0.401676620545769,,,0.16913104799262715,,0.0
pooled_loso,hidden,base_success,glass,f64d2a60c3b9cebc4b5e12f86f4978711b4ca1e7a3788d1756d078c45a1c1004,4,1,0.4629117493167323,0.6666666666666666,0.5,0.19616831545586547,0.8333333333333333,0.25
pooled_loso,robot_action,base_crash,all,0815f4806fc9a4fbd58c6627c8b92fd77f1b80ad4b8b4cd6d0c6e0541d488a7b,12,4,0.3484101015028976,0.43749999999999994,0.5265151515151515,0.22710559754209012,0.5,0.3333333333333333
pooled_loso,robot_action,base_crash,all,28c563172e6e13a0d3d84f1527243878c67a2140fa8c9a81ecb8b81ec9402dc8,5,4,0.7887657178099664,1.0,1.0,0.13502146703166326,0.5,0.8
pooled_loso,robot_action,base_crash,all,2ef1381d9cfc0a92b107e2940bcf431c7494cd7067d032284f30a23c47b487cc,18,6,0.30217522013985715,0.48611111111111105,0.3490079365079364,0.22673207289250671,0.5,0.33333333333333337
pooled_loso,robot_action,base_crash,all,3f7887ee8820a4163a5033c81050731e85d1a310652a612f5b0ea5c450ec2043,5,4,0.9329427226128487,0.0,0.6791666666666667,0.2008294955673743,0.5,0.8
pooled_loso,robot_action,base_crash,all,5de3fa5396875480db81793738029227ed357caa91e5d24290ffc5cb0371f908,12,4,0.33669219396395206,0.1875,0.2640151515151515,0.24347218343659302,0.5,0.3333333333333333
pooled_loso,robot_action,base_crash,all,61f6ada542d03d1dd4d75a304f2674efa20660163c54b012b956522e98835cac,12,4,0.3007909062585919,0.65625,0.6980519480519481,0.2042731017495768,0.5,0.3333333333333333
pooled_loso,robot_action,base_crash,all,6292759eb45913ce4ed8447194504833f347d9355012e3228775797a4b0a7cd1,12,4,0.2994810707602007,0.31250000000000006,0.30416666666666664,0.23642573251668655,0.5,0.3333333333333333
pooled_loso,robot_action,base_crash,all,655347c9fb28aaf505e162e6bcad095d17e4bfee5506113825cfb3da6ca60845,12,4,0.2904368237357558,0.53125,0.5833333333333333,0.22003175762257465,0.5,0.3333333333333333
pooled_loso,robot_action,base_crash,all,69fa7e93588c6aea4b134efa44633d38556ce1656b46df276021920a664881a3,30,10,0.326781679854836,0.52,0.3573921988183666,0.22273264032216258,0.5,0.3333333333333333
pooled_loso,robot_action,base_crash,all,76fe1d96587ab928f6fb5d7750ecd048fd712eb3d66aa60feb972a3d9d56c9d1,12,3,0.31935005156452007,0.22222222222222218,0.22727272727272724,0.20952095199083803,0.5,0.25
pooled_loso,robot_action,base_crash,all,821b498fc1fcb4e3c103635fa473d7577f718c4f633b273772954295c83ae585,15,5,0.3206145792846086,0.5399999999999999,0.3714646464646465,0.21937972519888463,0.5,0.3333333333333333
pooled_loso,robot_action,base_crash,all,9176c2514b8a62105f4d2b8a22a8a0b0236c5b9feda58c18ef64cea917b98d9d,15,5,0.19405680964057254,0.5,0.3643939393939395,0.24249150569621403,0.5,0.3333333333333333
pooled_loso,robot_action,base_crash,all,986b3dff233a80cf0fd1c48f815600f49b95f83be0d9f898fee40d0a5c9dca63,12,4,0.17380681865485936,0.25,0.33207070707070707,0.26377482940460106,0.5,0.3333333333333333
pooled_loso,robot_action,base_crash,all,a3e1c487338ecfe4ce59e1e8f0be7a20d0442476ad923022ec430bdb5470ee56,12,3,0.39663399366760327,0.9259259259259259,0.8666666666666667,0.18543905383720538,0.5,0.25
pooled_loso,robot_action,base_crash,all,a992f0a563f4b0239708f4be6fa38192e6930b15387567b2d4a16568d4fa5671,12,4,0.33895829956422735,0.46875,0.35624999999999996,0.22866780323411873,0.5,0.3333333333333333
pooled_loso,robot_action,base_crash,all,b830bede73f505b84b88a6596e92c22a5a4c0ded1e275e8e5b28a599849d2df6,30,9,0.3499095739964207,0.5925925925925926,0.37507262110169637,0.20830490150679193,0.4761904761904762,0.3
pooled_loso,robot_action,base_crash,all,c8fa274849bf4beeb7c46b93a7de7a6242e5af2e9c83a395e8d0db16da5e81d8,15,5,0.3394288804525322,0.5800000000000001,0.4023809523809524,0.22393145769489123,0.45,0.3333333333333333
pooled_loso,robot_action,base_crash,all,d6796d48077a08484abd1252e6deb387d8b6a10bf445e66c4e6eaa0bde0f7818,5,5,0.8286003033903695,,1.0000000000000002,0.034816796164181575,,1.0
pooled_loso,robot_action,base_crash,all,ddd84e646ab0cdd38c0f283802f28ac361a412492f3872c7f489b95bb55d53af,15,2,0.33579666582119677,0.6538461538461539,0.5909090909090909,0.14340682604628383,0.6730769230769231,0.13333333333333333
pooled_loso,robot_action,base_crash,all,f64d2a60c3b9cebc4b5e12f86f4978711b4ca1e7a3788d1756d078c45a1c1004,12,3,0.3354717463892018,0.8518518518518517,0.8095238095238095,0.17048414792496183,0.5,0.25
pooled_loso,robot_action,base_crash,glass,0815f4806fc9a4fbd58c6627c8b92fd77f1b80ad4b8b4cd6d0c6e0541d488a7b,4,4,0.3452282832586906,,1.0,0.4323700361493288,,1.0
pooled_loso,robot_action,base_crash,glass,28c563172e6e13a0d3d84f1527243878c67a2140fa8c9a81ecb8b81ec9402dc8,5,4,0.7887657178099664,1.0,1.0,0.13502146703166326,0.5,0.8
pooled_loso,robot_action,base_crash,glass,2ef1381d9cfc0a92b107e2940bcf431c7494cd7067d032284f30a23c47b487cc,6,6,0.299834334482804,,1.0000000000000002,0.4910280767520389,,0.9999999999999999
pooled_loso,robot_action,base_crash,glass,3f7887ee8820a4163a5033c81050731e85d1a310652a612f5b0ea5c450ec2043,5,4,0.9329427226128487,0.0,0.6791666666666667,0.2008294955673743,0.5,0.8
pooled_loso,robot_action,base_crash,glass,5de3fa5396875480db81793738029227ed357caa91e5d24290ffc5cb0371f908,4,4,0.3073609499612375,,1.0,0.48084121435624466,,1.0
pooled_loso,robot_action,base_crash,glass,61f6ada542d03d1dd4d75a304f2674efa20660163c54b012b956522e98835cac,4,4,0.3322166546987171,,1.0,0.4497348891227441,,1.0
pooled_loso,robot_action,base_crash,glass,6292759eb45913ce4ed8447194504833f347d9355012e3228775797a4b0a7cd1,4,4,0.2819477617709824,,1.0,0.5163095406206183,,1.0
pooled_loso,robot_action,base_crash,glass,655347c9fb28aaf505e162e6bcad095d17e4bfee5506113825cfb3da6ca60845,4,4,0.29896594057334536,,1.0,0.49423431295761766,,1.0
pooled_loso,robot_action,base_crash,glass,69fa7e93588c6aea4b134efa44633d38556ce1656b46df276021920a664881a3,10,10,0.33530142212865227,,1.0000000000000002,0.44412131442077024,,0.9999999999999999
pooled_loso,robot_action,base_crash,glass,76fe1d96587ab928f6fb5d7750ecd048fd712eb3d66aa60feb972a3d9d56c9d1,4,3,0.31022931895126443,0.0,0.6388888888888888,0.4163495960068654,0.5,0.75
pooled_loso,robot_action,base_crash,glass,821b498fc1fcb4e3c103635fa473d7577f718c4f633b273772954295c83ae585,5,5,0.3342210731615528,,1.0000000000000002,0.443540952306704,,1.0
pooled_loso,robot_action,base_crash,glass,9176c2514b8a62105f4d2b8a22a8a0b0236c5b9feda58c18ef64cea917b98d9d,5,4,0.2256612317478237,0.0,0.6791666666666667,0.526896893147477,0.5,0.8
pooled_loso,robot_action,base_crash,glass,986b3dff233a80cf0fd1c48f815600f49b95f83be0d9f898fee40d0a5c9dca63,4,4,0.15171372636112537,,1.0,0.7213121237056219,,1.0
pooled_loso,robot_action,base_crash,glass,a3e1c487338ecfe4ce59e1e8f0be7a20d0442476ad923022ec430bdb5470ee56,4,3,0.42657092547469166,1.0,1.0,0.25969819157926405,0.5,0.75
pooled_loso,robot_action,base_crash,glass,a992f0a563f4b0239708f4be6fa38192e6930b15387567b2d4a16568d4fa5671,4,4,0.3312117771979587,,1.0,0.4478119128396427,,1.0
pooled_loso,robot_action,base_crash,glass,b830bede73f505b84b88a6596e92c22a5a4c0ded1e275e8e5b28a599849d2df6,10,9,0.36233639839954784,0.5555555555555557,0.9467813051146385,0.3772481422959706,0.5,0.8999999999999999
pooled_loso,robot_action,base_crash,glass,c8fa274849bf4beeb7c46b93a7de7a6242e5af2e9c83a395e8d0db16da5e81d8,5,5,0.34371730127231165,,1.0000000000000002,0.43224813624802255,,1.0
pooled_loso,robot_action,base_crash,glass,d6796d48077a08484abd1252e6deb387d8b6a10bf445e66c4e6eaa0bde0f7818,5,5,0.8286003033903695,,1.0000000000000002,0.034816796164181575,,1.0
pooled_loso,robot_action,base_crash,glass,ddd84e646ab0cdd38c0f283802f28ac361a412492f3872c7f489b95bb55d53af,5,2,0.4450277292609931,0.5,0.7,0.23496962009720376,0.5833333333333333,0.4
pooled_loso,robot_action,base_crash,glass,f64d2a60c3b9cebc4b5e12f86f4978711b4ca1e7a3788d1756d078c45a1c1004,4,3,0.3780661768267459,0.6666666666666666,0.9166666666666666,0.3123080969724218,0.5,0.75
pooled_loso,robot_action,detour_success,all,0815f4806fc9a4fbd58c6627c8b92fd77f1b80ad4b8b4cd6d0c6e0541d488a7b,12,7,0.5159683010350485,0.7428571428571429,0.8214285714285715,0.23287821102261044,0.7571428571428571,0.5833333333333333
pooled_loso,robot_action,detour_success,all,28c563172e6e13a0d3d84f1527243878c67a2140fa8c9a81ecb8b81ec9402dc8,5,0,0.12900917337241052,,,0.01835539844898146,,0.0
pooled_loso,robot_action,detour_success,all,2ef1381d9cfc0a92b107e2940bcf431c7494cd7067d032284f30a23c47b487cc,18,8,0.59951145951405,0.3375000000000001,0.49260306686777267,0.315812298654148,0.2875,0.4444444444444444
pooled_loso,robot_action,detour_success,all,3f7887ee8820a4163a5033c81050731e85d1a310652a612f5b0ea5c450ec2043,5,0,0.17530191919221483,,,0.03288365437097691,,0.0
pooled_loso,robot_action,detour_success,all,5de3fa5396875480db81793738029227ed357caa91e5d24290ffc5cb0371f908,12,7,0.5026443995280038,0.42857142857142866,0.620918367346939,0.2823809182739232,0.27142857142857146,0.5833333333333333
pooled_loso,robot_action,detour_success,all,61f6ada542d03d1dd4d75a304f2674efa20660163c54b012b956522e98835cac,12,6,0.4938295307873539,0.5555555555555557,0.6236471861471863,0.25332624509997365,0.5,0.49999999999999994
pooled_loso,robot_action,detour_success,all,6292759eb45913ce4ed8447194504833f347d9355012e3228775797a4b0a7cd1,12,12,0.32934589144788634,,1.0,0.46096382814148884,,1.0
pooled_loso,robot_action,detour_success,all,655347c9fb28aaf505e162e6bcad095d17e4bfee5506113825cfb3da6ca60845,12,3,0.5349287371122621,0.4444444444444444,0.3409090909090909,0.28425583548454314,0.5,0.25
pooled_loso,robot_action,detour_success,all,69fa7e93588c6aea4b134efa44633d38556ce1656b46df276021920a664881a3,30,20,0.517714446903087,0.5000000000000001,0.7305247204312019,0.2550723547232531,0.42500000000000004,0.6666666666666666
pooled_loso,robot_action,detour_success,all,76fe1d96587ab928f6fb5d7750ecd048fd712eb3d66aa60feb972a3d9d56c9d1,12,3,0.5269074784039596,0.5555555555555555,0.3277777777777778,0.262478400205127,0.5555555555555556,0.25
pooled_loso,robot_action,detour_success,all,821b498fc1fcb4e3c103635fa473d7577f718c4f633b273772954295c83ae585,15,5,0.47185314255839483,0.66,0.6047619047619048,0.2350043432601643,0.55,0.3333333333333333
pooled_loso,robot_action,detour_success,all,9176c2514b8a62105f4d2b8a22a8a0b0236c5b9feda58c18ef64cea917b98d9d,15,6,0.44810985364828926,0.6851851851851852,0.6168350168350168,0.21484151922700795,0.6388888888888888,0.39999999999999997
pooled_loso,robot_action,detour_success,all,986b3dff233a80cf0fd1c48f815600f49b95f83be0d9f898fee40d0a5c9dca63,12,8,0.45113279679561885,0.5,0.6427579365079364,0.2725176328144779,0.25,0.6666666666666666
pooled_loso,robot_action,detour_success,all,a3e1c487338ecfe4ce59e1e8f0be7a20d0442476ad923022ec430bdb5470ee56,12,11,0.4574486747499027,1.0,1.0,0.2813871423288369,0.5454545454545454,0.9166666666666667
pooled_loso,robot_action,detour_success,all,a992f0a563f4b0239708f4be6fa38192e6930b15387567b2d4a16568d4fa5671,12,5,0.5816729411291433,0.45714285714285724,0.43888888888888894,0.2800055399348308,0.4714285714285715,0.41666666666666663
pooled_loso,robot_action,detour_success,all,b830bede73f505b84b88a6596e92c22a5a4c0ded1e275e8e5b28a599849d2df6,30,13,0.505481378635969,0.5882352941176472,0.5742677492638486,0.2474962350177071,0.5723981900452488,0.4333333333333333
pooled_loso,robot_action,detour_success,all,c8fa274849bf4beeb7c46b93a7de7a6242e5af2e9c83a395e8d0db16da5e81d8,15,5,0.519626171173961,0.5999999999999999,0.5408119658119659,0.24632132513598012,0.65,0.3333333333333333
pooled_loso,robot_action,detour_success,all,d6796d48077a08484abd1252e6deb387d8b6a10bf445e66c4e6eaa0bde0f7818,5,2,0.004750154345050989,0.6666666666666666,0.75,0.3959825985535192,0.5,0.4
pooled_loso,robot_action,detour_success,all,ddd84e646ab0cdd38c0f283802f28ac361a412492f3872c7f489b95bb55d53af,15,4,0.3425727112928136,0.5,0.3040064102564103,0.21951202747040274,0.36363636363636365,0.26666666666666666
pooled_loso,robot_action,detour_success,all,f64d2a60c3b9cebc4b5e12f86f4978711b4ca1e7a3788d1756d078c45a1c1004,12,3,0.544459183155711,0.3703703703703703,0.27609427609427606,0.2885358421187128,0.2777777777777778,0.25
pooled_loso,robot_action,detour_success,glass,0815f4806fc9a4fbd58c6627c8b92fd77f1b80ad4b8b4cd6d0c6e0541d488a7b,4,3,0.5280791450121585,1.0,1.0,0.22232479880409364,1.0,0.75
pooled_loso,robot_action,detour_success,glass,28c563172e6e13a0d3d84f1527243878c67a2140fa8c9a81ecb8b81ec9402dc8,5,0,0.12900917337241052,,,0.01835539844898146,,0.0
pooled_loso,robot_action,detour_success,glass,2ef1381d9cfc0a92b107e2940bcf431c7494cd7067d032284f30a23c47b487cc,6,0,0.5815702340830972,,,0.3443104875756744,,0.0
pooled_loso,robot_action,detour_success,glass,3f7887ee8820a4163a5033c81050731e85d1a310652a612f5b0ea5c450ec2043,5,0,0.17530191919221483,,,0.03288365437097691,,0.0
pooled_loso,robot_action,detour_success,glass,5de3fa5396875480db81793738029227ed357caa91e5d24290ffc5cb0371f908,4,0,0.5199163745575821,,,0.27967685209969023,,0.0
pooled_loso,robot_action,detour_success,glass,61f6ada542d03d1dd4d75a304f2674efa20660163c54b012b956522e98835cac,4,0,0.5139618019981168,,,0.2670781426736016,,0.0
pooled_loso,robot_action,detour_success,glass,6292759eb45913ce4ed8447194504833f347d9355012e3228775797a4b0a7cd1,4,4,0.35520793606620943,,1.0,0.4325712151198794,,1.0
pooled_loso,robot_action,detour_success,glass,655347c9fb28aaf505e162e6bcad095d17e4bfee5506113825cfb3da6ca60845,4,0,0.5897557338778294,,,0.35182338564926774,,0.0
pooled_loso,robot_action,detour_success,glass,69fa7e93588c6aea4b134efa44633d38556ce1656b46df276021920a664881a3,10,4,0.5209822742134829,0.6666666666666669,0.65,0.23336380918965285,0.6250000000000001,0.4
pooled_loso,robot_action,detour_success,glass,76fe1d96587ab928f6fb5d7750ecd048fd712eb3d66aa60feb972a3d9d56c9d1,4,0,0.5728003467592013,,,0.33199920955694046,,0.0
pooled_loso,robot_action,detour_success,glass,821b498fc1fcb4e3c103635fa473d7577f718c4f633b273772954295c83ae585,5,0,0.5038445206979612,,,0.256547898949888,,0.0
pooled_loso,robot_action,detour_success,glass,9176c2514b8a62105f4d2b8a22a8a0b0236c5b9feda58c18ef64cea917b98d9d,5,4,0.4844542434063065,1.0,1.0,0.2447881216833252,0.75,0.8
pooled_loso,robot_action,detour_success,glass,986b3dff233a80cf0fd1c48f815600f49b95f83be0d9f898fee40d0a5c9dca63,4,3,0.4337947146140237,1.0,1.0,0.25907970455746737,0.5,0.75
pooled_loso,robot_action,detour_success,glass,a3e1c487338ecfe4ce59e1e8f0be7a20d0442476ad923022ec430bdb5470ee56,4,3,0.45109572913101215,1.0,1.0,0.2596190033255941,0.5,0.75
pooled_loso,robot_action,detour_success,glass,a992f0a563f4b0239708f4be6fa38192e6930b15387567b2d4a16568d4fa5671,4,0,0.5970845980516533,,,0.3618970958675104,,0.0
pooled_loso,robot_action,detour_success,glass,b830bede73f505b84b88a6596e92c22a5a4c0ded1e275e8e5b28a599849d2df6,10,0,0.5181883186288965,,,0.2708555736734453,,0.0
pooled_loso,robot_action,detour_success,glass,c8fa274849bf4beeb7c46b93a7de7a6242e5af2e9c83a395e8d0db16da5e81d8,5,0,0.5220514154781746,,,0.27656904586513603,,0.0
pooled_loso,robot_action,detour_success,glass,d6796d48077a08484abd1252e6deb387d8b6a10bf445e66c4e6eaa0bde0f7818,5,2,0.004750154345050989,0.6666666666666666,0.75,0.3959825985535192,0.5,0.4
pooled_loso,robot_action,detour_success,glass,ddd84e646ab0cdd38c0f283802f28ac361a412492f3872c7f489b95bb55d53af,5,0,0.42185860909103623,,,0.20021396327980923,,0.0
pooled_loso,robot_action,detour_success,glass,f64d2a60c3b9cebc4b5e12f86f4978711b4ca1e7a3788d1756d078c45a1c1004,4,0,0.5404126759901517,,,0.2989105701508903,,0.0
pooled_loso,robot_action,base_success,all,0815f4806fc9a4fbd58c6627c8b92fd77f1b80ad4b8b4cd6d0c6e0541d488a7b,12,8,0.6072410805739674,0.46875000000000006,0.6447781385281386,0.22740819220954966,0.5,0.6666666666666666
pooled_loso,robot_action,base_success,all,28c563172e6e13a0d3d84f1527243878c67a2140fa8c9a81ecb8b81ec9402dc8,5,0,0.019462504525320196,,,0.0004935378684933857,,0.0
pooled_loso,robot_action,base_success,all,2ef1381d9cfc0a92b107e2940bcf431c7494cd7067d032284f30a23c47b487cc,18,11,0.6285421311480172,0.5454545454545454,0.6176849665486027,0.23411832383300218,0.5,0.6111111111111112
pooled_loso,robot_action,base_success,all,3f7887ee8820a4163a5033c81050731e85d1a310652a612f5b0ea5c450ec2043,5,0,0.005764148205247803,,,3.70861882088907e-05,,0.0
pooled_loso,robot_action,base_success,all,5de3fa5396875480db81793738029227ed357caa91e5d24290ffc5cb0371f908,12,7,0.614253869816697,0.3428571428571429,0.5226499690785406,0.2584827965906162,0.5,0.5833333333333333
pooled_loso,robot_action,base_success,all,61f6ada542d03d1dd4d75a304f2674efa20660163c54b012b956522e98835cac,12,8,0.6145731415759143,0.65625,0.7823412698412697,0.20782993285317464,0.625,0.6666666666666666
pooled_loso,robot_action,base_success,all,6292759eb45913ce4ed8447194504833f347d9355012e3228775797a4b0a7cd1,12,8,0.5644343382413767,0.375,0.6313311688311688,0.25375049547293305,0.3125,0.6666666666666666
pooled_loso,robot_action,base_success,all,655347c9fb28aaf505e162e6bcad095d17e4bfee5506113825cfb3da6ca60845,12,7,0.5888596822897296,0.5428571428571429,0.6661564625850341,0.2292535905178002,0.6,0.5833333333333333
pooled_loso,robot_action,base_success,all,69fa7e93588c6aea4b134efa44633d38556ce1656b46df276021920a664881a3,30,17,0.6379694477133657,0.7420814479638012,0.8233901257878239,0.22828337493744105,0.5,0.5666666666666667
pooled_loso,robot_action,base_success,all,76fe1d96587ab928f6fb5d7750ecd048fd712eb3d66aa60feb972a3d9d56c9d1,12,8,0.5993780437879834,0.53125,0.6865079365079365,0.21739414169085927,0.5625,0.6666666666666666
pooled_loso,robot_action,base_success,all,821b498fc1fcb4e3c103635fa473d7577f718c4f633b273772954295c83ae585,15,9,0.5899254911372651,0.5370370370370371,0.7323158323158323,0.22804323724301068,0.3333333333333333,0.6
pooled_loso,robot_action,base_success,all,9176c2514b8a62105f4d2b8a22a8a0b0236c5b9feda58c18ef64cea917b98d9d,15,10,0.7046363491231958,0.28,0.5768109668109668,0.2746081965052441,0.45,0.6666666666666666
pooled_loso,robot_action,base_success,all,986b3dff233a80cf0fd1c48f815600f49b95f83be0d9f898fee40d0a5c9dca63,12,7,0.7636201113201485,0.22857142857142862,0.4739229024943311,0.2919439081572031,0.5,0.5833333333333333
pooled_loso,robot_action,base_success,all,a3e1c487338ecfe4ce59e1e8f0be7a20d0442476ad923022ec430bdb5470ee56,12,5,0.5691366948203389,0.5714285714285715,0.4720634920634921,0.26446162092841935,0.6428571428571429,0.41666666666666663
pooled_loso,robot_action,base_success,all,a992f0a563f4b0239708f4be6fa38192e6930b15387567b2d4a16568d4fa5671,12,8,0.6169340570161298,0.40624999999999994,0.6813311688311688,0.2299033765361283,0.5,0.6666666666666666
pooled_loso,robot_action,base_success,all,b830bede73f505b84b88a6596e92c22a5a4c0ded1e275e8e5b28a599849d2df6,30,19,0.5797546172948171,0.7320574162679426,0.8259809121590123,0.21018505203630664,0.6291866028708134,0.6333333333333333
pooled_loso,robot_action,base_success,all,c8fa274849bf4beeb7c46b93a7de7a6242e5af2e9c83a395e8d0db16da5e81d8,15,9,0.5674902681289703,0.6296296296296298,0.6878306878306878,0.23292135949925316,0.5277777777777778,0.6
pooled_loso,robot_action,base_success,all,d6796d48077a08484abd1252e6deb387d8b6a10bf445e66c4e6eaa0bde0f7818,5,0,0.009469226170942585,,,0.00010799825621374182,,0.0
pooled_loso,robot_action,base_success,all,ddd84e646ab0cdd38c0f283802f28ac361a412492f3872c7f489b95bb55d53af,15,7,0.547770711593444,0.6964285714285715,0.7398268398268399,0.22134227512316942,0.5446428571428572,0.4666666666666666
pooled_loso,robot_action,base_success,all,f64d2a60c3b9cebc4b5e12f86f4978711b4ca1e7a3788d1756d078c45a1c1004,12,9,0.5986274657763745,0.8518518518518517,0.9467813051146384,0.1843434600879048,0.6666666666666666,0.75
pooled_loso,robot_action,base_success,glass,0815f4806fc9a4fbd58c6627c8b92fd77f1b80ad4b8b4cd6d0c6e0541d488a7b,4,0,0.6036283854383493,,,0.3702229204699008,,0.0
pooled_loso,robot_action,base_success,glass,28c563172e6e13a0d3d84f1527243878c67a2140fa8c9a81ecb8b81ec9402dc8,5,0,0.019462504525320196,,,0.0004935378684933857,,0.0
pooled_loso,robot_action,base_success,glass,2ef1381d9cfc0a92b107e2940bcf431c7494cd7067d032284f30a23c47b487cc,6,0,0.6071410346682642,,,0.3712936333216606,,0.0
pooled_loso,robot_action,base_success,glass,3f7887ee8820a4163a5033c81050731e85d1a310652a612f5b0ea5c450ec2043,5,0,0.005764148205247803,,,3.70861882088907e-05,,0.0
pooled_loso,robot_action,base_success,glass,5de3fa5396875480db81793738029227ed357caa91e5d24290ffc5cb0371f908,4,0,0.6319446184160137,,,0.4024663590393748,,0.0
pooled_loso,robot_action,base_success,glass,61f6ada542d03d1dd4d75a304f2674efa20660163c54b012b956522e98835cac,4,0,0.5808322658866332,,,0.3457787793329233,,0.0
pooled_loso,robot_action,base_success,glass,6292759eb45913ce4ed8447194504833f347d9355012e3228775797a4b0a7cd1,4,0,0.586599059675637,,,0.3504803468159657,,0.0
pooled_loso,robot_action,base_success,glass,655347c9fb28aaf505e162e6bcad095d17e4bfee5506113825cfb3da6ca60845,4,0,0.5514521089626785,,,0.31696696467890506,,0.0
pooled_loso,robot_action,base_success,glass,69fa7e93588c6aea4b134efa44633d38556ce1656b46df276021920a664881a3,10,0,0.6129964617089675,,,0.379437062000323,,0.0
pooled_loso,robot_action,base_success,glass,76fe1d96587ab928f6fb5d7750ecd048fd712eb3d66aa60feb972a3d9d56c9d1,4,0,0.5799165999642716,,,0.3415801395517484,,0.0
pooled_loso,robot_action,base_success,glass,821b498fc1fcb4e3c103635fa473d7577f718c4f633b273772954295c83ae585,5,0,0.5748214170080768,,,0.3333707695338183,,0.0
pooled_loso,robot_action,base_success,glass,9176c2514b8a62105f4d2b8a22a8a0b0236c5b9feda58c18ef64cea917b98d9d,5,1,0.7214786612201023,0.0,0.2,0.48795603402624105,0.5,0.2
pooled_loso,robot_action,base_success,glass,986b3dff233a80cf0fd1c48f815600f49b95f83be0d9f898fee40d0a5c9dca63,4,0,0.7737343930646438,,,0.5997429117315426,,0.0
pooled_loso,robot_action,base_success,glass,a3e1c487338ecfe4ce59e1e8f0be7a20d0442476ad923022ec430bdb5470ee56,4,0,0.5774021680329149,,,0.3371064518414302,,0.0
pooled_loso,robot_action,base_success,glass,a992f0a563f4b0239708f4be6fa38192e6930b15387567b2d4a16568d4fa5671,4,0,0.619817061203846,,,0.3870335308220614,,0.0
pooled_loso,robot_action,base_success,glass,b830bede73f505b84b88a6596e92c22a5a4c0ded1e275e8e5b28a599849d2df6,10,0,0.5462662194623953,,,0.3024165509108629,,0.0
pooled_loso,robot_action,base_success,glass,c8fa274849bf4beeb7c46b93a7de7a6242e5af2e9c83a395e8d0db16da5e81d8,5,0,0.5894567122505757,,,0.3505508339952842,,0.0
pooled_loso,robot_action,base_success,glass,d6796d48077a08484abd1252e6deb387d8b6a10bf445e66c4e6eaa0bde0f7818,5,0,0.009469226170942585,,,0.00010799825621374182,,0.0
pooled_loso,robot_action,base_success,glass,ddd84e646ab0cdd38c0f283802f28ac361a412492f3872c7f489b95bb55d53af,5,0,0.4169605560680513,,,0.2503762571495221,,0.0
pooled_loso,robot_action,base_success,glass,f64d2a60c3b9cebc4b5e12f86f4978711b4ca1e7a3788d1756d078c45a1c1004,4,1,0.5648111086052888,1.0,1.0,0.25272820035539556,0.6666666666666666,0.25
pooled_loso,hidden_robot_action,base_crash,all,0815f4806fc9a4fbd58c6627c8b92fd77f1b80ad4b8b4cd6d0c6e0541d488a7b,12,4,0.21128662898941034,0.75,0.6666666666666666,0.19093100969726343,0.625,0.3333333333333333
pooled_loso,hidden_robot_action,base_crash,all,28c563172e6e13a0d3d84f1527243878c67a2140fa8c9a81ecb8b81ec9402dc8,5,4,0.6900342080021387,0.75,0.95,0.15131579586399152,0.5,0.8
pooled_loso,hidden_robot_action,base_crash,all,2ef1381d9cfc0a92b107e2940bcf431c7494cd7067d032284f30a23c47b487cc,18,6,0.2781833500711721,0.7499999999999999,0.6640211640211637,0.18284611412330007,0.625,0.33333333333333337
pooled_loso,hidden_robot_action,base_crash,all,3f7887ee8820a4163a5033c81050731e85d1a310652a612f5b0ea5c450ec2043,5,4,0.9740842247382717,0.25,0.8041666666666667,0.19621040101861364,0.5,0.8
pooled_loso,hidden_robot_action,base_crash,all,5de3fa5396875480db81793738029227ed357caa91e5d24290ffc5cb0371f908,12,4,0.35562012886175426,0.8124999999999999,0.7986111111111112,0.14979612390984925,0.75,0.3333333333333333
pooled_loso,hidden_robot_action,base_crash,all,61f6ada542d03d1dd4d75a304f2674efa20660163c54b012b956522e98835cac,12,4,0.28851684659933063,0.90625,0.8928571428571429,0.1131941136770614,0.75,0.3333333333333333
pooled_loso,hidden_robot_action,base_crash,all,6292759eb45913ce4ed8447194504833f347d9355012e3228775797a4b0a7cd1,12,4,0.25406475099481857,0.7499999999999999,0.6777777777777778,0.19240657371364978,0.5,0.3333333333333333
pooled_loso,hidden_robot_action,base_crash,all,655347c9fb28aaf505e162e6bcad095d17e4bfee5506113825cfb3da6ca60845,12,4,0.31452719811372293,0.96875,0.95,0.08599262218221988,0.875,0.3333333333333333
pooled_loso,hidden_robot_action,base_crash,all,69fa7e93588c6aea4b134efa44633d38556ce1656b46df276021920a664881a3,30,10,0.33734989510182395,0.7100000000000001,0.714382960035134,0.16066175273709313,0.7,0.3333333333333333
pooled_loso,hidden_robot_action,base_crash,all,76fe1d96587ab928f6fb5d7750ecd048fd712eb3d66aa60feb972a3d9d56c9d1,12,3,0.32146235678843876,0.3703703703703704,0.3242424242424242,0.23329571194300597,0.611111111111111,0.25
pooled_loso,hidden_robot_action,base_crash,all,821b498fc1fcb4e3c103635fa473d7577f718c4f633b273772954295c83ae585,15,5,0.34277701873379474,0.5999999999999999,0.4212087912087913,0.21952353658691998,0.4,0.3333333333333333
pooled_loso,hidden_robot_action,base_crash,all,9176c2514b8a62105f4d2b8a22a8a0b0236c5b9feda58c18ef64cea917b98d9d,15,5,0.2698736423712821,0.66,0.5655122655122656,0.21433892851123934,0.55,0.3333333333333333
pooled_loso,hidden_robot_action,base_crash,all,986b3dff233a80cf0fd1c48f815600f49b95f83be0d9f898fee40d0a5c9dca63,12,4,0.23011329312715365,0.46875,0.5166666666666666,0.2458358486747288,0.5,0.3333333333333333
pooled_loso,hidden_robot_action,base_crash,all,a3e1c487338ecfe4ce59e1e8f0be7a20d0442476ad923022ec430bdb5470ee56,12,3,0.3125164903441305,0.8148148148148149,0.7916666666666666,0.11608602150157073,0.8333333333333333,0.25
pooled_loso,hidden_robot_action,base_crash,all,a992f0a563f4b0239708f4be6fa38192e6930b15387567b2d4a16568d4fa5671,12,4,0.44195441334078595,0.8124999999999999,0.775,0.17311902483826183,0.6875,0.3333333333333333
pooled_loso,hidden_robot_action,base_crash,all,b830bede73f505b84b88a6596e92c22a5a4c0ded1e275e8e5b28a599849d2df6,30,9,0.2832714679809904,0.8201058201058201,0.7023195453020015,0.16516898759333598,0.6111111111111112,0.3
pooled_loso,hidden_robot_action,base_crash,all,c8fa274849bf4beeb7c46b93a7de7a6242e5af2e9c83a395e8d0db16da5e81d8,15,5,0.28759723478481153,0.78,0.5726190476190477,0.20056845251800995,0.65,0.3333333333333333
pooled_loso,hidden_robot_action,base_crash,all,d6796d48077a08484abd1252e6deb387d8b6a10bf445e66c4e6eaa0bde0f7818,5,5,0.698400332339854,,1.0000000000000002,0.12333183129137863,,1.0
pooled_loso,hidden_robot_action,base_crash,all,ddd84e646ab0cdd38c0f283802f28ac361a412492f3872c7f489b95bb55d53af,15,2,0.23495986913299002,0.6538461538461539,0.5909090909090909,0.09293195429429556,0.75,0.13333333333333333
pooled_loso,hidden_robot_action,base_crash,all,f64d2a60c3b9cebc4b5e12f86f4978711b4ca1e7a3788d1756d078c45a1c1004,12,3,0.24086282870815104,0.7777777777777777,0.6805555555555556,0.13200995640856525,0.6666666666666666,0.25
pooled_loso,hidden_robot_action,base_crash,glass,0815f4806fc9a4fbd58c6627c8b92fd77f1b80ad4b8b4cd6d0c6e0541d488a7b,4,4,0.31354834454711844,,1.0,0.4986725707482583,,1.0
pooled_loso,hidden_robot_action,base_crash,glass,28c563172e6e13a0d3d84f1527243878c67a2140fa8c9a81ecb8b81ec9402dc8,5,4,0.6900342080021387,0.75,0.95,0.15131579586399152,0.5,0.8
pooled_loso,hidden_robot_action,base_crash,glass,2ef1381d9cfc0a92b107e2940bcf431c7494cd7067d032284f30a23c47b487cc,6,6,0.3928646932241313,,1.0000000000000002,0.40544797453394665,,0.9999999999999999
pooled_loso,hidden_robot_action,base_crash,glass,3f7887ee8820a4163a5033c81050731e85d1a310652a612f5b0ea5c450ec2043,5,4,0.9740842247382717,0.25,0.8041666666666667,0.19621040101861364,0.5,0.8
pooled_loso,hidden_robot_action,base_crash,glass,5de3fa5396875480db81793738029227ed357caa91e5d24290ffc5cb0371f908,4,4,0.5204985363678851,,1.0,0.27225190881346356,,1.0
pooled_loso,hidden_robot_action,base_crash,glass,61f6ada542d03d1dd4d75a304f2674efa20660163c54b012b956522e98835cac,4,4,0.5550465274245716,,1.0,0.2569815114485872,,1.0
pooled_loso,hidden_robot_action,base_crash,glass,6292759eb45913ce4ed8447194504833f347d9355012e3228775797a4b0a7cd1,4,4,0.33344664284184294,,1.0,0.4532521784569775,,1.0
pooled_loso,hidden_robot_action,base_crash,glass,655347c9fb28aaf505e162e6bcad095d17e4bfee5506113825cfb3da6ca60845,4,4,0.638654561495344,,1.0,0.18748986197430506,,1.0
pooled_loso,hidden_robot_action,base_crash,glass,69fa7e93588c6aea4b134efa44633d38556ce1656b46df276021920a664881a3,10,10,0.48058899505776403,,1.0000000000000002,0.32586205045776356,,0.9999999999999999
pooled_loso,hidden_robot_action,base_crash,glass,76fe1d96587ab928f6fb5d7750ecd048fd712eb3d66aa60feb972a3d9d56c9d1,4,3,0.5295327201384799,0.0,0.6388888888888888,0.5927724844047306,0.16666666666666666,0.75
pooled_loso,hidden_robot_action,base_crash,glass,821b498fc1fcb4e3c103635fa473d7577f718c4f633b273772954295c83ae585,5,5,0.3733164171569024,,1.0000000000000002,0.39813283613323036,,1.0
pooled_loso,hidden_robot_action,base_crash,glass,9176c2514b8a62105f4d2b8a22a8a0b0236c5b9feda58c18ef64cea917b98d9d,5,4,0.3400462059699668,0.5,0.8875,0.37999465664192666,0.625,0.8
pooled_loso,hidden_robot_action,base_crash,glass,986b3dff233a80cf0fd1c48f815600f49b95f83be0d9f898fee40d0a5c9dca63,4,4,0.22242792141168075,,1.0,0.6173226987830909,,1.0
pooled_loso,hidden_robot_action,base_crash,glass,a3e1c487338ecfe4ce59e1e8f0be7a20d0442476ad923022ec430bdb5470ee56,4,3,0.49125863499222516,0.6666666666666666,0.9166666666666666,0.21241769082739514,0.8333333333333333,0.75
pooled_loso,hidden_robot_action,base_crash,glass,a992f0a563f4b0239708f4be6fa38192e6930b15387567b2d4a16568d4fa5671,4,4,0.6106240398393572,,1.0,0.20899422542828933,,1.0
pooled_loso,hidden_robot_action,base_crash,glass,b830bede73f505b84b88a6596e92c22a5a4c0ded1e275e8e5b28a599849d2df6,10,9,0.3757583961356984,0.7777777777777779,0.9765432098765433,0.3586911270855332,0.6111111111111112,0.8999999999999999
pooled_loso,hidden_robot_action,base_crash,glass,c8fa274849bf4beeb7c46b93a7de7a6242e5af2e9c83a395e8d0db16da5e81d8,5,5,0.3616665398764669,,1.0000000000000002,0.42350740752603006,,1.0
pooled_loso,hidden_robot_action,base_crash,glass,d6796d48077a08484abd1252e6deb387d8b6a10bf445e66c4e6eaa0bde0f7818,5,5,0.698400332339854,,1.0000000000000002,0.12333183129137863,,1.0
pooled_loso,hidden_robot_action,base_crash,glass,ddd84e646ab0cdd38c0f283802f28ac361a412492f3872c7f489b95bb55d53af,5,2,0.3077412944185153,0.6666666666666666,0.75,0.18372293696187172,0.75,0.4
pooled_loso,hidden_robot_action,base_crash,glass,f64d2a60c3b9cebc4b5e12f86f4978711b4ca1e7a3788d1756d078c45a1c1004,4,3,0.42443419109600034,0.3333333333333333,0.8055555555555556,0.33029592357644355,0.6666666666666666,0.75
pooled_loso,hidden_robot_action,detour_success,all,0815f4806fc9a4fbd58c6627c8b92fd77f1b80ad4b8b4cd6d0c6e0541d488a7b,12,7,0.5572443070654263,0.7428571428571429,0.8523809523809526,0.18778960747796156,0.6857142857142857,0.5833333333333333
pooled_loso,hidden_robot_action,detour_success,all,28c563172e6e13a0d3d84f1527243878c67a2140fa8c9a81ecb8b81ec9402dc8,5,0,0.05238212214338395,,,0.003385049225169617,,0.0
pooled_loso,hidden_robot_action,detour_success,all,2ef1381d9cfc0a92b107e2940bcf431c7494cd7067d032284f30a23c47b487cc,18,8,0.5359476002449823,0.6250000000000001,0.6128163503163503,0.24689962102172208,0.5,0.4444444444444444
pooled_loso,hidden_robot_action,detour_success,all,3f7887ee8820a4163a5033c81050731e85d1a310652a612f5b0ea5c450ec2043,5,0,0.03536904091530429,,,0.0015552429841999697,,0.0
pooled_loso,hidden_robot_action,detour_success,all,5de3fa5396875480db81793738029227ed357caa91e5d24290ffc5cb0371f908,12,7,0.5045880201941817,0.6285714285714287,0.778231292517007,0.2279450314523349,0.5857142857142859,0.5833333333333333
pooled_loso,hidden_robot_action,detour_success,all,61f6ada542d03d1dd4d75a304f2674efa20660163c54b012b956522e98835cac,12,6,0.46347333048156053,0.638888888888889,0.7319444444444446,0.2357688788412164,0.5833333333333335,0.49999999999999994
pooled_loso,hidden_robot_action,detour_success,all,6292759eb45913ce4ed8447194504833f347d9355012e3228775797a4b0a7cd1,12,12,0.34513796559653437,,1.0,0.44525380091485645,,1.0
pooled_loso,hidden_robot_action,detour_success,all,655347c9fb28aaf505e162e6bcad095d17e4bfee5506113825cfb3da6ca60845,12,3,0.5680465699393719,0.7777777777777777,0.6428571428571429,0.26254389711944254,0.7222222222222222,0.25
pooled_loso,hidden_robot_action,detour_success,all,69fa7e93588c6aea4b134efa44633d38556ce1656b46df276021920a664881a3,30,20,0.46899043422129266,0.35000000000000003,0.6158194805280719,0.2941698386731861,0.375,0.6666666666666666
pooled_loso,hidden_robot_action,detour_success,all,76fe1d96587ab928f6fb5d7750ecd048fd712eb3d66aa60feb972a3d9d56c9d1,12,3,0.5807288610910198,0.7777777777777777,0.6428571428571429,0.2640640237837406,0.6666666666666666,0.25
pooled_loso,hidden_robot_action,detour_success,all,821b498fc1fcb4e3c103635fa473d7577f718c4f633b273772954295c83ae585,15,5,0.4342537403644763,0.6399999999999999,0.5547979797979798,0.20055999477484446,0.6000000000000001,0.3333333333333333
pooled_loso,hidden_robot_action,detour_success,all,9176c2514b8a62105f4d2b8a22a8a0b0236c5b9feda58c18ef64cea917b98d9d,15,6,0.39134244741037816,0.48148148148148145,0.42183048433048437,0.25688705656827415,0.4444444444444445,0.39999999999999997
pooled_loso,hidden_robot_action,detour_success,all,986b3dff233a80cf0fd1c48f815600f49b95f83be0d9f898fee40d0a5c9dca63,12,8,0.4176351604442048,0.53125,0.7760416666666667,0.2869707855969714,0.625,0.6666666666666666
pooled_loso,hidden_robot_action,detour_success,all,a3e1c487338ecfe4ce59e1e8f0be7a20d0442476ad923022ec430bdb5470ee56,12,11,0.47131000571715265,0.1818181818181818,0.8845566050111503,0.314987026337725,0.13636363636363635,0.9166666666666667
pooled_loso,hidden_robot_action,detour_success,all,a992f0a563f4b0239708f4be6fa38192e6930b15387567b2d4a16568d4fa5671,12,5,0.5445019939657255,0.8,0.7944444444444445,0.19911160059455635,0.6857142857142857,0.41666666666666663
pooled_loso,hidden_robot_action,detour_success,all,b830bede73f505b84b88a6596e92c22a5a4c0ded1e275e8e5b28a599849d2df6,30,13,0.5162397433976602,0.6425339366515838,0.6267687427053164,0.23774544477510184,0.6312217194570136,0.4333333333333333
pooled_loso,hidden_robot_action,detour_success,all,c8fa274849bf4beeb7c46b93a7de7a6242e5af2e9c83a395e8d0db16da5e81d8,15,5,0.5560275959253181,0.72,0.610909090909091,0.24517973724594053,0.65,0.3333333333333333
pooled_loso,hidden_robot_action,detour_success,all,d6796d48077a08484abd1252e6deb387d8b6a10bf445e66c4e6eaa0bde0f7818,5,2,0.007467278904173804,0.5,0.7,0.3937882671368054,0.5,0.4
pooled_loso,hidden_robot_action,detour_success,all,ddd84e646ab0cdd38c0f283802f28ac361a412492f3872c7f489b95bb55d53af,15,4,0.35384911576111555,0.6363636363636364,0.40128968253968256,0.19099008320618152,0.5795454545454546,0.26666666666666666
pooled_loso,hidden_robot_action,detour_success,all,f64d2a60c3b9cebc4b5e12f86f4978711b4ca1e7a3788d1756d078c45a1c1004,12,3,0.5832212578888615,0.6296296296296297,0.5909090909090909,0.29515485205260217,0.5,0.25
pooled_loso,hidden_robot_action,detour_success,glass,0815f4806fc9a4fbd58c6627c8b92fd77f1b80ad4b8b4cd6d0c6e0541d488a7b,4,3,0.5182057844225298,0.6666666666666666,0.9166666666666666,0.20607746649372918,0.6666666666666666,0.75
pooled_loso,hidden_robot_action,detour_success,glass,28c563172e6e13a0d3d84f1527243878c67a2140fa8c9a81ecb8b81ec9402dc8,5,0,0.05238212214338395,,,0.003385049225169617,,0.0
pooled_loso,hidden_robot_action,detour_success,glass,2ef1381d9cfc0a92b107e2940bcf431c7494cd7067d032284f30a23c47b487cc,6,0,0.558131937272498,,,0.31700892032791,,0.0
pooled_loso,hidden_robot_action,detour_success,glass,3f7887ee8820a4163a5033c81050731e85d1a310652a612f5b0ea5c450ec2043,5,0,0.03536904091530429,,,0.0015552429841999697,,0.0
pooled_loso,hidden_robot_action,detour_success,glass,5de3fa5396875480db81793738029227ed357caa91e5d24290ffc5cb0371f908,4,0,0.46875480251465124,,,0.2231350018615053,,0.0
pooled_loso,hidden_robot_action,detour_success,glass,61f6ada542d03d1dd4d75a304f2674efa20660163c54b012b956522e98835cac,4,0,0.4102229756862687,,,0.19091858628698746,,0.0
pooled_loso,hidden_robot_action,detour_success,glass,6292759eb45913ce4ed8447194504833f347d9355012e3228775797a4b0a7cd1,4,4,0.2934522739851711,,1.0,0.5215148051175722,,1.0
pooled_loso,hidden_robot_action,detour_success,glass,655347c9fb28aaf505e162e6bcad095d17e4bfee5506113825cfb3da6ca60845,4,0,0.4882458902146827,,,0.25854958280776397,,0.0
pooled_loso,hidden_robot_action,detour_success,glass,69fa7e93588c6aea4b134efa44633d38556ce1656b46df276021920a664881a3,10,4,0.45018615395690154,0.3333333333333334,0.36736111111111114,0.27494025199814287,0.37500000000000006,0.4
pooled_loso,hidden_robot_action,detour_success,glass,76fe1d96587ab928f6fb5d7750ecd048fd712eb3d66aa60feb972a3d9d56c9d1,4,0,0.5583975145195195,,,0.32403594529848945,,0.0
pooled_loso,hidden_robot_action,detour_success,glass,821b498fc1fcb4e3c103635fa473d7577f718c4f633b273772954295c83ae585,5,0,0.43185360918274524,,,0.19678259234675835,,0.0
pooled_loso,hidden_robot_action,detour_success,glass,9176c2514b8a62105f4d2b8a22a8a0b0236c5b9feda58c18ef64cea917b98d9d,5,4,0.3929101018107307,0.75,0.95,0.3206069689749509,0.5,0.8
pooled_loso,hidden_robot_action,detour_success,glass,986b3dff233a80cf0fd1c48f815600f49b95f83be0d9f898fee40d0a5c9dca63,4,3,0.3834361815054672,0.3333333333333333,0.8055555555555556,0.3481026989173498,0.5,0.75
pooled_loso,hidden_robot_action,detour_success,glass,a3e1c487338ecfe4ce59e1e8f0be7a20d0442476ad923022ec430bdb5470ee56,4,3,0.4114372806645695,0.0,0.6388888888888888,0.398710663350525,0.0,0.75
pooled_loso,hidden_robot_action,detour_success,glass,a992f0a563f4b0239708f4be6fa38192e6930b15387567b2d4a16568d4fa5671,4,0,0.4782772084875959,,,0.2617948340162535,,0.0
pooled_loso,hidden_robot_action,detour_success,glass,b830bede73f505b84b88a6596e92c22a5a4c0ded1e275e8e5b28a599849d2df6,10,0,0.51341674600461,,,0.27963008160029607,,0.0
pooled_loso,hidden_robot_action,detour_success,glass,c8fa274849bf4beeb7c46b93a7de7a6242e5af2e9c83a395e8d0db16da5e81d8,5,0,0.4676453531105246,,,0.22583078985456506,,0.0
pooled_loso,hidden_robot_action,detour_success,glass,d6796d48077a08484abd1252e6deb387d8b6a10bf445e66c4e6eaa0bde0f7818,5,2,0.007467278904173804,0.5,0.7,0.3937882671368054,0.5,0.4
pooled_loso,hidden_robot_action,detour_success,glass,ddd84e646ab0cdd38c0f283802f28ac361a412492f3872c7f489b95bb55d53af,5,0,0.42884126446517207,,,0.23034948582683548,,0.0
pooled_loso,hidden_robot_action,detour_success,glass,f64d2a60c3b9cebc4b5e12f86f4978711b4ca1e7a3788d1756d078c45a1c1004,4,0,0.5228311520889088,,,0.27831295045771365,,0.0
pooled_loso,hidden_robot_action,base_success,all,0815f4806fc9a4fbd58c6627c8b92fd77f1b80ad4b8b4cd6d0c6e0541d488a7b,12,8,0.723304189809217,0.84375,0.906795634920635,0.1741884813888931,0.625,0.6666666666666666
pooled_loso,hidden_robot_action,base_success,all,28c563172e6e13a0d3d84f1527243878c67a2140fa8c9a81ecb8b81ec9402dc8,5,0,0.0401108821842337,,,0.002545159275310048,,0.0
pooled_loso,hidden_robot_action,base_success,all,2ef1381d9cfc0a92b107e2940bcf431c7494cd7067d032284f30a23c47b487cc,18,11,0.5315030268334943,0.6103896103896104,0.7995167636878866,0.2527840138128692,0.5324675324675324,0.6111111111111112
pooled_loso,hidden_robot_action,base_success,all,3f7887ee8820a4163a5033c81050731e85d1a310652a612f5b0ea5c450ec2043,5,0,0.0028033966521110796,,,1.0265041541953948e-05,,0.0
pooled_loso,hidden_robot_action,base_success,all,5de3fa5396875480db81793738029227ed357caa91e5d24290ffc5cb0371f908,12,7,0.6338180683984763,0.7714285714285715,0.8441043083900228,0.17389168037142685,0.8,0.5833333333333333
pooled_loso,hidden_robot_action,base_success,all,61f6ada542d03d1dd4d75a304f2674efa20660163c54b012b956522e98835cac,12,8,0.666940891307624,0.8750000000000002,0.9317956349206349,0.12440479181628618,0.75,0.6666666666666666
pooled_loso,hidden_robot_action,base_success,all,6292759eb45913ce4ed8447194504833f347d9355012e3228775797a4b0a7cd1,12,8,0.5646680374066438,0.8750000000000002,0.9583333333333334,0.18359795405407137,0.8125,0.6666666666666666
pooled_loso,hidden_robot_action,base_success,all,655347c9fb28aaf505e162e6bcad095d17e4bfee5506113825cfb3da6ca60845,12,7,0.5513366424915831,0.8285714285714285,0.8597505668934242,0.15041510358997598,0.8285714285714286,0.5833333333333333
pooled_loso,hidden_robot_action,base_success,all,69fa7e93588c6aea4b134efa44633d38556ce1656b46df276021920a664881a3,30,17,0.5911623772766313,0.7058823529411766,0.7241221629197409,0.1987232798544109,0.7398190045248869,0.5666666666666667
pooled_loso,hidden_robot_action,base_success,all,76fe1d96587ab928f6fb5d7750ecd048fd712eb3d66aa60feb972a3d9d56c9d1,12,8,0.6245746013211956,0.5937499999999999,0.7469246031746031,0.15398601664125547,0.75,0.6666666666666666
pooled_loso,hidden_robot_action,base_success,all,821b498fc1fcb4e3c103635fa473d7577f718c4f633b273772954295c83ae585,15,9,0.512287262139398,0.6851851851851853,0.7595830095830096,0.20797955657442027,0.6944444444444444,0.6
pooled_loso,hidden_robot_action,base_success,all,9176c2514b8a62105f4d2b8a22a8a0b0236c5b9feda58c18ef64cea917b98d9d,15,10,0.6171525209138816,0.52,0.7484920634920635,0.2584248513366471,0.44999999999999996,0.6666666666666666
pooled_loso,hidden_robot_action,base_success,all,986b3dff233a80cf0fd1c48f815600f49b95f83be0d9f898fee40d0a5c9dca63,12,7,0.6948819369071795,0.4857142857142858,0.5804421768707484,0.2696059624513705,0.6,0.5833333333333333
pooled_loso,hidden_robot_action,base_success,all,a3e1c487338ecfe4ce59e1e8f0be7a20d0442476ad923022ec430bdb5470ee56,12,5,0.5985760993982393,0.5714285714285715,0.5242424242424243,0.2991298857065662,0.6142857142857143,0.41666666666666663
pooled_loso,hidden_robot_action,base_success,all,a992f0a563f4b0239708f4be6fa38192e6930b15387567b2d4a16568d4fa5671,12,8,0.5506077882018231,0.6875,0.8461670274170274,0.2168958744384111,0.5625,0.6666666666666666
pooled_loso,hidden_robot_action,base_success,all,b830bede73f505b84b88a6596e92c22a5a4c0ded1e275e8e5b28a599849d2df6,30,19,0.6061543893734544,0.8516746411483254,0.8979169671128993,0.14782262695270118,0.7727272727272727,0.6333333333333333
pooled_loso,hidden_robot_action,base_success,all,c8fa274849bf4beeb7c46b93a7de7a6242e5af2e9c83a395e8d0db16da5e81d8,15,9,0.5894819069211508,0.7037037037037038,0.8665242165242166,0.21963020870274122,0.41666666666666663,0.6
pooled_loso,hidden_robot_action,base_success,all,d6796d48077a08484abd1252e6deb387d8b6a10bf445e66c4e6eaa0bde0f7818,5,0,0.009061612870294935,,,0.00012063646871091852,,0.0
pooled_loso,hidden_robot_action,base_success,all,ddd84e646ab0cdd38c0f283802f28ac361a412492f3872c7f489b95bb55d53af,15,7,0.6511298692547476,0.7321428571428572,0.7063852813852816,0.23449686304729558,0.6875,0.4666666666666666
pooled_loso,hidden_robot_action,base_success,all,f64d2a60c3b9cebc4b5e12f86f4978711b4ca1e7a3788d1756d078c45a1c1004,12,9,0.6784000961648363,0.7407407407407406,0.8782627865961198,0.12517860939901723,0.8333333333333333,0.75
pooled_loso,hidden_robot_action,base_success,glass,0815f4806fc9a4fbd58c6627c8b92fd77f1b80ad4b8b4cd6d0c6e0541d488a7b,4,0,0.6139199840546806,,,0.40860995273117084,,0.0
pooled_loso,hidden_robot_action,base_success,glass,28c563172e6e13a0d3d84f1527243878c67a2140fa8c9a81ecb8b81ec9402dc8,5,0,0.0401108821842337,,,0.002545159275310048,,0.0
pooled_loso,hidden_robot_action,base_success,glass,2ef1381d9cfc0a92b107e2940bcf431c7494cd7067d032284f30a23c47b487cc,6,0,0.4842505083408654,,,0.2505270445510356,,0.0
pooled_loso,hidden_robot_action,base_success,glass,3f7887ee8820a4163a5033c81050731e85d1a310652a612f5b0ea5c450ec2043,5,0,0.0028033966521110796,,,1.0265041541953948e-05,,0.0
pooled_loso,hidden_robot_action,base_success,glass,5de3fa5396875480db81793738029227ed357caa91e5d24290ffc5cb0371f908,4,0,0.4470631472639837,,,0.23779137074509693,,0.0
pooled_loso,hidden_robot_action,base_success,glass,61f6ada542d03d1dd4d75a304f2674efa20660163c54b012b956522e98835cac,4,0,0.4286522672934987,,,0.25348088867333857,,0.0
pooled_loso,hidden_robot_action,base_success,glass,6292759eb45913ce4ed8447194504833f347d9355012e3228775797a4b0a7cd1,4,0,0.4556844754778916,,,0.21243395937290005,,0.0
pooled_loso,hidden_robot_action,base_success,glass,655347c9fb28aaf505e162e6bcad095d17e4bfee5506113825cfb3da6ca60845,4,0,0.2365249733149554,,,0.08376587696473062,,0.0
pooled_loso,hidden_robot_action,base_success,glass,69fa7e93588c6aea4b134efa44633d38556ce1656b46df276021920a664881a3,10,0,0.5170748692096298,,,0.33036590303778596,,0.0
pooled_loso,hidden_robot_action,base_success,glass,76fe1d96587ab928f6fb5d7750ecd048fd712eb3d66aa60feb972a3d9d56c9d1,4,0,0.4279596165743747,,,0.29709394120373467,,0.0
pooled_loso,hidden_robot_action,base_success,glass,821b498fc1fcb4e3c103635fa473d7577f718c4f633b273772954295c83ae585,5,0,0.44472539881619744,,,0.23413409289856688,,0.0
pooled_loso,hidden_robot_action,base_success,glass,9176c2514b8a62105f4d2b8a22a8a0b0236c5b9feda58c18ef64cea917b98d9d,5,1,0.5649780227049961,0.0,0.2,0.3521261741693307,0.125,0.2
pooled_loso,hidden_robot_action,base_success,glass,986b3dff233a80cf0fd1c48f815600f49b95f83be0d9f898fee40d0a5c9dca63,4,0,0.668820655267081,,,0.47024665522717257,,0.0
pooled_loso,hidden_robot_action,base_success,glass,a3e1c487338ecfe4ce59e1e8f0be7a20d0442476ad923022ec430bdb5470ee56,4,0,0.5100958461902357,,,0.3237066136885116,,0.0
pooled_loso,hidden_robot_action,base_success,glass,a992f0a563f4b0239708f4be6fa38192e6930b15387567b2d4a16568d4fa5671,4,0,0.4363283828739909,,,0.2680953707701208,,0.0
pooled_loso,hidden_robot_action,base_success,glass,b830bede73f505b84b88a6596e92c22a5a4c0ded1e275e8e5b28a599849d2df6,10,0,0.41580420141191327,,,0.2070105659206168,,0.0
pooled_loso,hidden_robot_action,base_success,glass,c8fa274849bf4beeb7c46b93a7de7a6242e5af2e9c83a395e8d0db16da5e81d8,5,0,0.5096715434487573,,,0.28449144170172125,,0.0
pooled_loso,hidden_robot_action,base_success,glass,d6796d48077a08484abd1252e6deb387d8b6a10bf445e66c4e6eaa0bde0f7818,5,0,0.009061612870294935,,,0.00012063646871091852,,0.0
pooled_loso,hidden_robot_action,base_success,glass,ddd84e646ab0cdd38c0f283802f28ac361a412492f3872c7f489b95bb55d53af,5,0,0.543422297873996,,,0.3836418046361644,,0.0
pooled_loso,hidden_robot_action,base_success,glass,f64d2a60c3b9cebc4b5e12f86f4978711b4ca1e7a3788d1756d078c45a1c1004,4,1,0.5174349959283182,0.6666666666666666,0.5,0.24338134711503734,0.8333333333333333,0.25
pooled_loso,oracle_metadata,base_crash,all,0815f4806fc9a4fbd58c6627c8b92fd77f1b80ad4b8b4cd6d0c6e0541d488a7b,12,4,0.306555775998438,1.0,1.0,0.006144886822822355,1.0,0.3333333333333333
pooled_loso,oracle_metadata,base_crash,all,28c563172e6e13a0d3d84f1527243878c67a2140fa8c9a81ecb8b81ec9402dc8,5,4,0.8858656549417658,0.0,0.6791666666666667,0.1926984113346413,0.5,0.8
pooled_loso,oracle_metadata,base_crash,all,2ef1381d9cfc0a92b107e2940bcf431c7494cd7067d032284f30a23c47b487cc,18,6,0.312530818805239,1.0,0.9999999999999998,0.0051391098960183994,1.0,0.33333333333333337
pooled_loso,oracle_metadata,base_crash,all,3f7887ee8820a4163a5033c81050731e85d1a310652a612f5b0ea5c450ec2043,5,4,0.865701794001206,0.125,0.6791666666666667,0.18814102347066627,0.5,0.8
pooled_loso,oracle_metadata,base_crash,all,5de3fa5396875480db81793738029227ed357caa91e5d24290ffc5cb0371f908,12,4,0.3065557759984379,1.0,1.0,0.006144886822822363,1.0,0.3333333333333333
pooled_loso,oracle_metadata,base_crash,all,61f6ada542d03d1dd4d75a304f2674efa20660163c54b012b956522e98835cac,12,4,0.3065557759984379,1.0,1.0,0.006144886822822364,1.0,0.3333333333333333
pooled_loso,oracle_metadata,base_crash,all,6292759eb45913ce4ed8447194504833f347d9355012e3228775797a4b0a7cd1,12,4,0.3065557759984379,1.0,1.0,0.006144886822822366,1.0,0.3333333333333333
pooled_loso,oracle_metadata,base_crash,all,655347c9fb28aaf505e162e6bcad095d17e4bfee5506113825cfb3da6ca60845,12,4,0.3065557759984379,1.0,1.0,0.006144886822822363,1.0,0.3333333333333333
pooled_loso,oracle_metadata,base_crash,all,69fa7e93588c6aea4b134efa44633d38556ce1656b46df276021920a664881a3,30,10,0.2993925229502923,1.0,1.0,0.007879825546291979,1.0,0.3333333333333333
pooled_loso,oracle_metadata,base_crash,all,76fe1d96587ab928f6fb5d7750ecd048fd712eb3d66aa60feb972a3d9d56c9d1,12,3,0.31032540874341225,0.8888888888888888,0.6388888888888888,0.07843175779724493,0.9444444444444444,0.25
pooled_loso,oracle_metadata,base_crash,all,821b498fc1fcb4e3c103635fa473d7577f718c4f633b273772954295c83ae585,15,5,0.2993925229502923,1.0,1.0,0.007879825546291972,1.0,0.3333333333333333
pooled_loso,oracle_metadata,base_crash,all,9176c2514b8a62105f4d2b8a22a8a0b0236c5b9feda58c18ef64cea917b98d9d,15,5,0.2958472654116328,0.77,0.7766666666666667,0.12475893814865496,0.8500000000000001,0.3333333333333333
pooled_loso,oracle_metadata,base_crash,all,986b3dff233a80cf0fd1c48f815600f49b95f83be0d9f898fee40d0a5c9dca63,12,4,0.30655577599843803,1.0,1.0,0.0061448868228223584,1.0,0.3333333333333333
pooled_loso,oracle_metadata,base_crash,all,a3e1c487338ecfe4ce59e1e8f0be7a20d0442476ad923022ec430bdb5470ee56,12,3,0.31053340778207356,0.9629629629629629,0.9166666666666666,0.06706253044058845,0.9444444444444444,0.25
pooled_loso,oracle_metadata,base_crash,all,a992f0a563f4b0239708f4be6fa38192e6930b15387567b2d4a16568d4fa5671,12,4,0.306555775998438,1.0,1.0,0.006144886822822355,1.0,0.3333333333333333
pooled_loso,oracle_metadata,base_crash,all,b830bede73f505b84b88a6596e92c22a5a4c0ded1e275e8e5b28a599849d2df6,30,9,0.3006637217897182,0.976190476190476,0.9314814814814816,0.03085396732994324,0.9761904761904763,0.3
pooled_loso,oracle_metadata,base_crash,all,c8fa274849bf4beeb7c46b93a7de7a6242e5af2e9c83a395e8d0db16da5e81d8,15,5,0.29939252295029234,1.0,1.0,0.007879825546291965,1.0,0.3333333333333333
pooled_loso,oracle_metadata,base_crash,all,d6796d48077a08484abd1252e6deb387d8b6a10bf445e66c4e6eaa0bde0f7818,5,5,0.8428192040219613,,1.0000000000000002,0.027963069858197298,,1.0
pooled_loso,oracle_metadata,base_crash,all,ddd84e646ab0cdd38c0f283802f28ac361a412492f3872c7f489b95bb55d53af,15,2,0.30924558262087093,0.8461538461538463,0.45,0.16019551274747582,0.8846153846153846,0.13333333333333333
pooled_loso,oracle_metadata,base_crash,all,f64d2a60c3b9cebc4b5e12f86f4978711b4ca1e7a3788d1756d078c45a1c1004,12,3,0.3105334077820735,0.9629629629629629,0.9166666666666666,0.06706253044058845,0.9444444444444444,0.25
pooled_loso,oracle_metadata,base_crash,glass,0815f4806fc9a4fbd58c6627c8b92fd77f1b80ad4b8b4cd6d0c6e0541d488a7b,4,4,0.8741376924990343,,1.0,0.01723525887680524,,1.0
pooled_loso,oracle_metadata,base_crash,glass,28c563172e6e13a0d3d84f1527243878c67a2140fa8c9a81ecb8b81ec9402dc8,5,4,0.8858656549417658,0.0,0.6791666666666667,0.1926984113346413,0.5,0.8
pooled_loso,oracle_metadata,base_crash,glass,2ef1381d9cfc0a92b107e2940bcf431c7494cd7067d032284f30a23c47b487cc,6,6,0.8868612193148936,,1.0,0.013972186367118238,,0.9999999999999999
pooled_loso,oracle_metadata,base_crash,glass,3f7887ee8820a4163a5033c81050731e85d1a310652a612f5b0ea5c450ec2043,5,4,0.865701794001206,0.125,0.6791666666666667,0.18814102347066627,0.5,0.8
pooled_loso,oracle_metadata,base_crash,glass,5de3fa5396875480db81793738029227ed357caa91e5d24290ffc5cb0371f908,4,4,0.8741376924990341,,1.0,0.01723525887680526,,1.0
pooled_loso,oracle_metadata,base_crash,glass,61f6ada542d03d1dd4d75a304f2674efa20660163c54b012b956522e98835cac,4,4,0.8741376924990341,,1.0,0.017235258876805264,,1.0
pooled_loso,oracle_metadata,base_crash,glass,6292759eb45913ce4ed8447194504833f347d9355012e3228775797a4b0a7cd1,4,4,0.8741376924990341,,1.0,0.017235258876805274,,1.0
pooled_loso,oracle_metadata,base_crash,glass,655347c9fb28aaf505e162e6bcad095d17e4bfee5506113825cfb3da6ca60845,4,4,0.8741376924990342,,1.0,0.01723525887680526,,1.0
pooled_loso,oracle_metadata,base_crash,glass,69fa7e93588c6aea4b134efa44633d38556ce1656b46df276021920a664881a3,10,10,0.8574408813707558,,1.0000000000000002,0.022635175186667588,,0.9999999999999999
pooled_loso,oracle_metadata,base_crash,glass,76fe1d96587ab928f6fb5d7750ecd048fd712eb3d66aa60feb972a3d9d56c9d1,4,3,0.8844183254718981,0.0,0.6388888888888888,0.2339479638464446,0.5,0.75
pooled_loso,oracle_metadata,base_crash,glass,821b498fc1fcb4e3c103635fa473d7577f718c4f633b273772954295c83ae585,5,5,0.8574408813707557,,1.0000000000000002,0.022635175186667574,,1.0
pooled_loso,oracle_metadata,base_crash,glass,9176c2514b8a62105f4d2b8a22a8a0b0236c5b9feda58c18ef64cea917b98d9d,5,4,0.8573425021790252,0.5,0.8875,0.17584513335306248,0.5,0.8
pooled_loso,oracle_metadata,base_crash,glass,986b3dff233a80cf0fd1c48f815600f49b95f83be0d9f898fee40d0a5c9dca63,4,4,0.8741376924990342,,1.0,0.017235258876805246,,1.0
pooled_loso,oracle_metadata,base_crash,glass,a3e1c487338ecfe4ce59e1e8f0be7a20d0442476ad923022ec430bdb5470ee56,4,3,0.8854273589549112,0.6666666666666666,0.9166666666666666,0.1999914449490502,0.5,0.75
pooled_loso,oracle_metadata,base_crash,glass,a992f0a563f4b0239708f4be6fa38192e6930b15387567b2d4a16568d4fa5671,4,4,0.8741376924990342,,1.0,0.017235258876805236,,1.0
pooled_loso,oracle_metadata,base_crash,glass,b830bede73f505b84b88a6596e92c22a5a4c0ded1e275e8e5b28a599849d2df6,10,9,0.8611618145108417,0.5000000000000001,0.9314814814814816,0.09156246980534724,0.5,0.8999999999999999
pooled_loso,oracle_metadata,base_crash,glass,c8fa274849bf4beeb7c46b93a7de7a6242e5af2e9c83a395e8d0db16da5e81d8,5,5,0.8574408813707557,,1.0000000000000002,0.022635175186667553,,1.0
pooled_loso,oracle_metadata,base_crash,glass,d6796d48077a08484abd1252e6deb387d8b6a10bf445e66c4e6eaa0bde0f7818,5,5,0.8428192040219613,,1.0000000000000002,0.027963069858197298,,1.0
pooled_loso,oracle_metadata,base_crash,glass,ddd84e646ab0cdd38c0f283802f28ac361a412492f3872c7f489b95bb55d53af,5,2,0.8851424968752509,0.3333333333333333,0.45,0.4794746065519734,0.5,0.4
pooled_loso,oracle_metadata,base_crash,glass,f64d2a60c3b9cebc4b5e12f86f4978711b4ca1e7a3788d1756d078c45a1c1004,4,3,0.8854273589549112,0.6666666666666666,0.9166666666666666,0.1999914449490502,0.5,0.75
pooled_loso,oracle_metadata,detour_success,all,0815f4806fc9a4fbd58c6627c8b92fd77f1b80ad4b8b4cd6d0c6e0541d488a7b,12,7,0.4742745653288269,0.28571428571428575,0.4984436198721913,0.35105332900987346,0.4142857142857143,0.5833333333333333
pooled_loso,oracle_metadata,detour_success,all,28c563172e6e13a0d3d84f1527243878c67a2140fa8c9a81ecb8b81ec9402dc8,5,0,0.24707797371469614,,,0.06298347971119768,,0.0
pooled_loso,oracle_metadata,detour_success,all,2ef1381d9cfc0a92b107e2940bcf431c7494cd7067d032284f30a23c47b487cc,18,8,0.47363875075137035,0.65,0.5611111111111111,0.20563867725590665,0.55,0.4444444444444444
pooled_loso,oracle_metadata,detour_success,all,3f7887ee8820a4163a5033c81050731e85d1a310652a612f5b0ea5c450ec2043,5,0,0.2470779737146962,,,0.06298347971119769,,0.0
pooled_loso,oracle_metadata,detour_success,all,5de3fa5396875480db81793738029227ed357caa91e5d24290ffc5cb0371f908,12,7,0.46900153977212183,0.9714285714285714,0.9821428571428572,0.1395987869665774,0.8285714285714286,0.5833333333333333
pooled_loso,oracle_metadata,detour_success,all,61f6ada542d03d1dd4d75a304f2674efa20660163c54b012b956522e98835cac,12,6,0.4748338306178797,0.7777777777777779,0.7579365079365081,0.1790365920735126,0.6666666666666667,0.49999999999999994
pooled_loso,oracle_metadata,detour_success,all,6292759eb45913ce4ed8447194504833f347d9355012e3228775797a4b0a7cd1,12,12,0.44787794478115467,,1.0,0.3404718625959595,,1.0
pooled_loso,oracle_metadata,detour_success,all,655347c9fb28aaf505e162e6bcad095d17e4bfee5506113825cfb3da6ca60845,12,3,0.49116414069353787,0.7777777777777777,0.4777777777777778,0.2058268676916273,0.7777777777777777,0.25
pooled_loso,oracle_metadata,detour_success,all,69fa7e93588c6aea4b134efa44633d38556ce1656b46df276021920a664881a3,30,20,0.45040239441186714,0.7000000000000002,0.8008189033189036,0.23977729830199931,0.625,0.6666666666666666
pooled_loso,oracle_metadata,detour_success,all,76fe1d96587ab928f6fb5d7750ecd048fd712eb3d66aa60feb972a3d9d56c9d1,12,3,0.49116660744204305,0.8518518518518517,0.7,0.20008199334798013,0.7222222222222222,0.25
pooled_loso,oracle_metadata,detour_success,all,821b498fc1fcb4e3c103635fa473d7577f718c4f633b273772954295c83ae585,15,5,0.46570964663586506,0.63,0.41571428571428576,0.21445529206361796,0.7,0.3333333333333333
pooled_loso,oracle_metadata,detour_success,all,9176c2514b8a62105f4d2b8a22a8a0b0236c5b9feda58c18ef64cea917b98d9d,15,6,0.46864108509310565,0.17592592592592593,0.30854700854700856,0.4021110637984841,0.1388888888888889,0.39999999999999997
pooled_loso,oracle_metadata,detour_success,all,986b3dff233a80cf0fd1c48f815600f49b95f83be0d9f898fee40d0a5c9dca63,12,8,0.46802364534335067,0.37500000000000006,0.6023674242424243,0.3324531152386493,0.375,0.6666666666666666
pooled_loso,oracle_metadata,detour_success,all,a3e1c487338ecfe4ce59e1e8f0be7a20d0442476ad923022ec430bdb5470ee56,12,11,0.45210856270844174,0.9090909090909091,0.9924242424242424,0.28860298495835296,0.7727272727272727,0.9166666666666667
pooled_loso,oracle_metadata,detour_success,all,a992f0a563f4b0239708f4be6fa38192e6930b15387567b2d4a16568d4fa5671,12,5,0.4802755625461003,0.6857142857142857,0.5450000000000002,0.19594044047678244,0.6857142857142857,0.41666666666666663
pooled_loso,oracle_metadata,detour_success,all,b830bede73f505b84b88a6596e92c22a5a4c0ded1e275e8e5b28a599849d2df6,30,13,0.46637925200906805,0.8891402714932128,0.8349816849816851,0.16449710777780746,0.7760180995475112,0.4333333333333333
pooled_loso,oracle_metadata,detour_success,all,c8fa274849bf4beeb7c46b93a7de7a6242e5af2e9c83a395e8d0db16da5e81d8,15,5,0.471978244592707,0.6599999999999999,0.44666666666666666,0.20199436784131117,0.65,0.3333333333333333
pooled_loso,oracle_metadata,detour_success,all,d6796d48077a08484abd1252e6deb387d8b6a10bf445e66c4e6eaa0bde0f7818,5,2,0.19813952805414306,0.6666666666666666,0.5833333333333333,0.2750094554534094,0.5,0.4
pooled_loso,oracle_metadata,detour_success,all,ddd84e646ab0cdd38c0f283802f28ac361a412492f3872c7f489b95bb55d53af,15,4,0.475664235910173,0.7272727272727272,0.46111111111111114,0.20651958023808425,0.7727272727272727,0.26666666666666666
pooled_loso,oracle_metadata,detour_success,all,f64d2a60c3b9cebc4b5e12f86f4978711b4ca1e7a3788d1756d078c45a1c1004,12,3,0.49116414069353787,0.7777777777777777,0.4777777777777778,0.2058268676916273,0.7777777777777777,0.25
pooled_loso,oracle_metadata,detour_success,glass,0815f4806fc9a4fbd58c6627c8b92fd77f1b80ad4b8b4cd6d0c6e0541d488a7b,4,3,0.2076360751221665,0.3333333333333333,0.8055555555555556,0.4937368961528613,0.5,0.75
pooled_loso,oracle_metadata,detour_success,glass,28c563172e6e13a0d3d84f1527243878c67a2140fa8c9a81ecb8b81ec9402dc8,5,0,0.24707797371469614,,,0.06298347971119768,,0.0
pooled_loso,oracle_metadata,detour_success,glass,2ef1381d9cfc0a92b107e2940bcf431c7494cd7067d032284f30a23c47b487cc,6,0,0.2359436139759651,,,0.05924717830529973,,0.0
pooled_loso,oracle_metadata,detour_success,glass,3f7887ee8820a4163a5033c81050731e85d1a310652a612f5b0ea5c450ec2043,5,0,0.2470779737146962,,,0.06298347971119769,,0.0
pooled_loso,oracle_metadata,detour_success,glass,5de3fa5396875480db81793738029227ed357caa91e5d24290ffc5cb0371f908,4,0,0.23716100553828978,,,0.057681352047451194,,0.0
pooled_loso,oracle_metadata,detour_success,glass,61f6ada542d03d1dd4d75a304f2674efa20660163c54b012b956522e98835cac,4,0,0.23796374334567055,,,0.05892075787913423,,0.0
pooled_loso,oracle_metadata,detour_success,glass,6292759eb45913ce4ed8447194504833f347d9355012e3228775797a4b0a7cd1,4,4,0.1951510091061598,,1.0,0.6492940128718485,,1.0
pooled_loso,oracle_metadata,detour_success,glass,655347c9fb28aaf505e162e6bcad095d17e4bfee5506113825cfb3da6ca60845,4,0,0.23908752846249448,,,0.05864921320631533,,0.0
pooled_loso,oracle_metadata,detour_success,glass,69fa7e93588c6aea4b134efa44633d38556ce1656b46df276021920a664881a3,10,4,0.21005054561494968,0.6666666666666667,0.6,0.26698272483004126,0.5,0.4
pooled_loso,oracle_metadata,detour_success,glass,76fe1d96587ab928f6fb5d7750ecd048fd712eb3d66aa60feb972a3d9d56c9d1,4,0,0.23907527628253306,,,0.058639234752412395,,0.0
pooled_loso,oracle_metadata,detour_success,glass,821b498fc1fcb4e3c103635fa473d7577f718c4f633b273772954295c83ae585,5,0,0.2244746547834715,,,0.053151081335325985,,0.0
pooled_loso,oracle_metadata,detour_success,glass,9176c2514b8a62105f4d2b8a22a8a0b0236c5b9feda58c18ef64cea917b98d9d,5,4,0.19459073530800722,0.75,0.95,0.510248053785922,0.5,0.8
pooled_loso,oracle_metadata,detour_success,glass,986b3dff233a80cf0fd1c48f815600f49b95f83be0d9f898fee40d0a5c9dca63,4,3,0.20661937960497068,1.0,1.0,0.4561537357282739,0.5,0.75
pooled_loso,oracle_metadata,detour_success,glass,a3e1c487338ecfe4ce59e1e8f0be7a20d0442476ad923022ec430bdb5470ee56,4,3,0.20573681490213122,0.6666666666666666,0.9166666666666666,0.4950394057377057,0.5,0.75
pooled_loso,oracle_metadata,detour_success,glass,a992f0a563f4b0239708f4be6fa38192e6930b15387567b2d4a16568d4fa5671,4,0,0.23833008497665453,,,0.05862224956983951,,0.0
pooled_loso,oracle_metadata,detour_success,glass,b830bede73f505b84b88a6596e92c22a5a4c0ded1e275e8e5b28a599849d2df6,10,0,0.22775471734652566,,,0.0535185938366417,,0.0
pooled_loso,oracle_metadata,detour_success,glass,c8fa274849bf4beeb7c46b93a7de7a6242e5af2e9c83a395e8d0db16da5e81d8,5,0,0.22750527789100658,,,0.053647873643775344,,0.0
pooled_loso,oracle_metadata,detour_success,glass,d6796d48077a08484abd1252e6deb387d8b6a10bf445e66c4e6eaa0bde0f7818,5,2,0.19813952805414306,0.6666666666666666,0.5833333333333333,0.2750094554534094,0.5,0.4
pooled_loso,oracle_metadata,detour_success,glass,ddd84e646ab0cdd38c0f283802f28ac361a412492f3872c7f489b95bb55d53af,5,0,0.22738016699708602,,,0.05333851452715246,,0.0
pooled_loso,oracle_metadata,detour_success,glass,f64d2a60c3b9cebc4b5e12f86f4978711b4ca1e7a3788d1756d078c45a1c1004,4,0,0.23908752846249454,,,0.058649213206315345,,0.0
pooled_loso,oracle_metadata,base_success,all,0815f4806fc9a4fbd58c6627c8b92fd77f1b80ad4b8b4cd6d0c6e0541d488a7b,12,8,0.6023259460399283,1.0000000000000002,1.0,0.012601041766311938,1.0,0.6666666666666666
pooled_loso,oracle_metadata,base_success,all,28c563172e6e13a0d3d84f1527243878c67a2140fa8c9a81ecb8b81ec9402dc8,5,0,0.039823844922263305,,,0.002008316777244274,,0.0
pooled_loso,oracle_metadata,base_success,all,2ef1381d9cfc0a92b107e2940bcf431c7494cd7067d032284f30a23c47b487cc,18,11,0.5896543092758196,0.9415584415584415,0.9546143250688703,0.055231953818163385,0.9285714285714286,0.6111111111111112
pooled_loso,oracle_metadata,base_success,all,3f7887ee8820a4163a5033c81050731e85d1a310652a612f5b0ea5c450ec2043,5,0,0.03982384492226332,,,0.0020083167772442755,,0.0
pooled_loso,oracle_metadata,base_success,all,5de3fa5396875480db81793738029227ed357caa91e5d24290ffc5cb0371f908,12,7,0.6076078094664357,0.8000000000000003,0.754591836734694,0.09055909869284277,0.9,0.5833333333333333
pooled_loso,oracle_metadata,base_success,all,61f6ada542d03d1dd4d75a304f2674efa20660163c54b012b956522e98835cac,12,8,0.6023259460399284,1.0000000000000002,1.0,0.01260104176631193,1.0,0.6666666666666666
pooled_loso,oracle_metadata,base_success,all,6292759eb45913ce4ed8447194504833f347d9355012e3228775797a4b0a7cd1,12,8,0.6023259460399283,1.0000000000000002,1.0,0.012601041766311927,1.0,0.6666666666666666
pooled_loso,oracle_metadata,base_success,all,655347c9fb28aaf505e162e6bcad095d17e4bfee5506113825cfb3da6ca60845,12,7,0.6077767544716731,1.0,1.0,0.06119092182780992,0.9,0.5833333333333333
pooled_loso,oracle_metadata,base_success,all,69fa7e93588c6aea4b134efa44633d38556ce1656b46df276021920a664881a3,30,17,0.6055407218649655,0.9683257918552036,0.9730859010270774,0.07625249681856014,0.8846153846153846,0.5666666666666667
pooled_loso,oracle_metadata,base_success,all,76fe1d96587ab928f6fb5d7750ecd048fd712eb3d66aa60feb972a3d9d56c9d1,12,8,0.6023259460399283,1.0000000000000002,1.0,0.012601041766311933,1.0,0.6666666666666666
pooled_loso,oracle_metadata,base_success,all,821b498fc1fcb4e3c103635fa473d7577f718c4f633b273772954295c83ae585,15,9,0.6037321518426811,1.0000000000000002,1.0,0.05055725788938574,0.9166666666666667,0.6
pooled_loso,oracle_metadata,base_success,all,9176c2514b8a62105f4d2b8a22a8a0b0236c5b9feda58c18ef64cea917b98d9d,15,10,0.6080408159773767,0.8400000000000001,0.9123595848595849,0.12867044575580405,0.8500000000000001,0.6666666666666666
pooled_loso,oracle_metadata,base_success,all,986b3dff233a80cf0fd1c48f815600f49b95f83be0d9f898fee40d0a5c9dca63,12,7,0.6077433529248837,0.9428571428571428,0.9617346938775512,0.07405258546133636,0.9,0.5833333333333333
pooled_loso,oracle_metadata,base_success,all,a3e1c487338ecfe4ce59e1e8f0be7a20d0442476ad923022ec430bdb5470ee56,12,5,0.6187687335808,0.8285714285714287,0.8083333333333333,0.21575879788142818,0.7857142857142858,0.41666666666666663
pooled_loso,oracle_metadata,base_success,all,a992f0a563f4b0239708f4be6fa38192e6930b15387567b2d4a16568d4fa5671,12,8,0.6023259460399283,1.0000000000000002,1.0,0.012601041766311938,1.0,0.6666666666666666
pooled_loso,oracle_metadata,base_success,all,b830bede73f505b84b88a6596e92c22a5a4c0ded1e275e8e5b28a599849d2df6,30,19,0.6019360287172432,0.9904306220095694,0.9947368421052631,0.033960096786590364,0.9545454545454546,0.6333333333333333
pooled_loso,oracle_metadata,base_success,all,c8fa274849bf4beeb7c46b93a7de7a6242e5af2e9c83a395e8d0db16da5e81d8,15,9,0.6037224081771858,0.9444444444444446,0.9626543209876544,0.057783309447765954,0.9166666666666667,0.6
pooled_loso,oracle_metadata,base_success,all,d6796d48077a08484abd1252e6deb387d8b6a10bf445e66c4e6eaa0bde0f7818,5,0,0.0398238449222633,,,0.0020083167772442733,,0.0
pooled_loso,oracle_metadata,base_success,all,ddd84e646ab0cdd38c0f283802f28ac361a412492f3872c7f489b95bb55d53af,15,7,0.6109456178998456,0.9821428571428573,0.9821428571428572,0.1487776736479374,0.8125,0.4666666666666666
pooled_loso,oracle_metadata,base_success,all,f64d2a60c3b9cebc4b5e12f86f4978711b4ca1e7a3788d1756d078c45a1c1004,12,9,0.5980661147243613,0.9629629629629629,0.9888888888888888,0.08937868903099591,0.9444444444444444,0.75
pooled_loso,oracle_metadata,base_success,glass,0815f4806fc9a4fbd58c6627c8b92fd77f1b80ad4b8b4cd6d0c6e0541d488a7b,4,0,0.03904834202114996,,,0.001958918558713507,,0.0
pooled_loso,oracle_metadata,base_success,glass,28c563172e6e13a0d3d84f1527243878c67a2140fa8c9a81ecb8b81ec9402dc8,5,0,0.039823844922263305,,,0.002008316777244274,,0.0
pooled_loso,oracle_metadata,base_success,glass,2ef1381d9cfc0a92b107e2940bcf431c7494cd7067d032284f30a23c47b487cc,6,0,0.03181394986497003,,,0.0013520119699313741,,0.0
pooled_loso,oracle_metadata,base_success,glass,3f7887ee8820a4163a5033c81050731e85d1a310652a612f5b0ea5c450ec2043,5,0,0.03982384492226332,,,0.0020083167772442755,,0.0
pooled_loso,oracle_metadata,base_success,glass,5de3fa5396875480db81793738029227ed357caa91e5d24290ffc5cb0371f908,4,0,0.04013994270820221,,,0.0022408202565803816,,0.0
pooled_loso,oracle_metadata,base_success,glass,61f6ada542d03d1dd4d75a304f2674efa20660163c54b012b956522e98835cac,4,0,0.03904834202114997,,,0.001958918558713508,,0.0
pooled_loso,oracle_metadata,base_success,glass,6292759eb45913ce4ed8447194504833f347d9355012e3228775797a4b0a7cd1,4,0,0.03904834202114994,,,0.0019589185587135056,,0.0
pooled_loso,oracle_metadata,base_success,glass,655347c9fb28aaf505e162e6bcad095d17e4bfee5506113825cfb3da6ca60845,4,0,0.03918787898669998,,,0.0019315659966427279,,0.0
pooled_loso,oracle_metadata,base_success,glass,69fa7e93588c6aea4b134efa44633d38556ce1656b46df276021920a664881a3,10,0,0.03653619963309515,,,0.0016780268834738132,,0.0
pooled_loso,oracle_metadata,base_success,glass,76fe1d96587ab928f6fb5d7750ecd048fd712eb3d66aa60feb972a3d9d56c9d1,4,0,0.03904834202114995,,,0.0019589185587135056,,0.0
pooled_loso,oracle_metadata,base_success,glass,821b498fc1fcb4e3c103635fa473d7577f718c4f633b273772954295c83ae585,5,0,0.03649899942727024,,,0.0016891745484507964,,0.0
pooled_loso,oracle_metadata,base_success,glass,9176c2514b8a62105f4d2b8a22a8a0b0236c5b9feda58c18ef64cea917b98d9d,5,1,0.03163158085920394,0.5,0.3333333333333333,0.18589587915920808,0.5,0.2
pooled_loso,oracle_metadata,base_success,glass,986b3dff233a80cf0fd1c48f815600f49b95f83be0d9f898fee40d0a5c9dca63,4,0,0.03934613030975155,,,0.0019291463383855302,,0.0
pooled_loso,oracle_metadata,base_success,glass,a3e1c487338ecfe4ce59e1e8f0be7a20d0442476ad923022ec430bdb5470ee56,4,0,0.04103266934586364,,,0.0022855941481195836,,0.0
pooled_loso,oracle_metadata,base_success,glass,a992f0a563f4b0239708f4be6fa38192e6930b15387567b2d4a16568d4fa5671,4,0,0.03904834202114996,,,0.001958918558713507,,0.0
pooled_loso,oracle_metadata,base_success,glass,b830bede73f505b84b88a6596e92c22a5a4c0ded1e275e8e5b28a599849d2df6,10,0,0.03651281762709964,,,0.0017027440370950397,,0.0
pooled_loso,oracle_metadata,base_success,glass,c8fa274849bf4beeb7c46b93a7de7a6242e5af2e9c83a395e8d0db16da5e81d8,5,0,0.036548239932637866,,,0.0016948803077018193,,0.0
pooled_loso,oracle_metadata,base_success,glass,d6796d48077a08484abd1252e6deb387d8b6a10bf445e66c4e6eaa0bde0f7818,5,0,0.0398238449222633,,,0.0020083167772442733,,0.0
pooled_loso,oracle_metadata,base_success,glass,ddd84e646ab0cdd38c0f283802f28ac361a412492f3872c7f489b95bb55d53af,5,0,0.03660027048594787,,,0.0016444663115225489,,0.0
pooled_loso,oracle_metadata,base_success,glass,f64d2a60c3b9cebc4b5e12f86f4978711b4ca1e7a3788d1756d078c45a1c1004,4,1,0.029180915036787682,0.6666666666666666,0.5,0.23236753002900057,0.5,0.25
pooled_loso,prior,base_crash,all,0815f4806fc9a4fbd58c6627c8b92fd77f1b80ad4b8b4cd6d0c6e0541d488a7b,12,4,0.39210526315789457,0.5,0.3333333333333333,0.22567636195752538,0.5,0.3333333333333333
pooled_loso,prior,base_crash,all,28c563172e6e13a0d3d84f1527243878c67a2140fa8c9a81ecb8b81ec9402dc8,5,4,0.36754385964912273,0.5,0.8,0.3470183133271777,0.5,0.8
pooled_loso,prior,base_crash,all,2ef1381d9cfc0a92b107e2940bcf431c7494cd7067d032284f30a23c47b487cc,18,6,0.3921052631578947,0.5,0.33333333333333337,0.22567636195752536,0.5,0.33333333333333337
pooled_loso,prior,base_crash,all,3f7887ee8820a4163a5033c81050731e85d1a310652a612f5b0ea5c450ec2043,5,4,0.36754385964912284,0.5,0.8,0.3470183133271776,0.5,0.8
pooled_loso,prior,base_crash,all,5de3fa5396875480db81793738029227ed357caa91e5d24290ffc5cb0371f908,12,4,0.39210526315789457,0.5000000000000001,0.3333333333333333,0.22567636195752538,0.5,0.3333333333333333
pooled_loso,prior,base_crash,all,61f6ada542d03d1dd4d75a304f2674efa20660163c54b012b956522e98835cac,12,4,0.39210526315789457,0.5000000000000001,0.3333333333333333,0.22567636195752538,0.5,0.3333333333333333
pooled_loso,prior,base_crash,all,6292759eb45913ce4ed8447194504833f347d9355012e3228775797a4b0a7cd1,12,4,0.3921052631578947,0.5000000000000001,0.3333333333333333,0.22567636195752533,0.5,0.3333333333333333
pooled_loso,prior,base_crash,all,655347c9fb28aaf505e162e6bcad095d17e4bfee5506113825cfb3da6ca60845,12,4,0.39210526315789457,0.5000000000000001,0.3333333333333333,0.22567636195752538,0.5,0.3333333333333333
pooled_loso,prior,base_crash,all,69fa7e93588c6aea4b134efa44633d38556ce1656b46df276021920a664881a3,30,10,0.3921052631578946,0.5000000000000001,0.3333333333333333,0.22567636195752544,0.5,0.3333333333333333
pooled_loso,prior,base_crash,all,76fe1d96587ab928f6fb5d7750ecd048fd712eb3d66aa60feb972a3d9d56c9d1,12,3,0.3964912280701753,0.5,0.25,0.2089596799015081,0.5,0.25
pooled_loso,prior,base_crash,all,821b498fc1fcb4e3c103635fa473d7577f718c4f633b273772954295c83ae585,15,5,0.3921052631578946,0.5,0.3333333333333333,0.2256763619575254,0.5,0.3333333333333333
pooled_loso,prior,base_crash,all,9176c2514b8a62105f4d2b8a22a8a0b0236c5b9feda58c18ef64cea917b98d9d,15,5,0.3921052631578946,0.5,0.3333333333333333,0.2256763619575254,0.5,0.3333333333333333
pooled_loso,prior,base_crash,all,986b3dff233a80cf0fd1c48f815600f49b95f83be0d9f898fee40d0a5c9dca63,12,4,0.3921052631578947,0.5,0.3333333333333333,0.22567636195752533,0.5,0.3333333333333333
pooled_loso,prior,base_crash,all,a3e1c487338ecfe4ce59e1e8f0be7a20d0442476ad923022ec430bdb5470ee56,12,3,0.3964912280701753,0.5000000000000001,0.25,0.20895967990150807,0.5,0.25
pooled_loso,prior,base_crash,all,a992f0a563f4b0239708f4be6fa38192e6930b15387567b2d4a16568d4fa5671,12,4,0.39210526315789457,0.5000000000000001,0.3333333333333333,0.22567636195752538,0.5,0.3333333333333333
pooled_loso,prior,base_crash,all,b830bede73f505b84b88a6596e92c22a5a4c0ded1e275e8e5b28a599849d2df6,30,9,0.3938596491228068,0.5000000000000001,0.3,0.21880963373345644,0.5,0.3
pooled_loso,prior,base_crash,all,c8fa274849bf4beeb7c46b93a7de7a6242e5af2e9c83a395e8d0db16da5e81d8,15,5,0.3921052631578946,0.5,0.3333333333333333,0.22567636195752538,0.5,0.3333333333333333
pooled_loso,prior,base_crash,all,d6796d48077a08484abd1252e6deb387d8b6a10bf445e66c4e6eaa0bde0f7818,5,5,0.3570175438596492,,1.0,0.4134264389042781,,1.0
pooled_loso,prior,base_crash,all,ddd84e646ab0cdd38c0f283802f28ac361a412492f3872c7f489b95bb55d53af,15,2,0.40263157894736845,0.5,0.13333333333333336,0.1880771006463527,0.5,0.13333333333333333
pooled_loso,prior,base_crash,all,f64d2a60c3b9cebc4b5e12f86f4978711b4ca1e7a3788d1756d078c45a1c1004,12,3,0.3964912280701753,0.5,0.25,0.20895967990150807,0.5,0.25
pooled_loso,prior,base_crash,glass,0815f4806fc9a4fbd58c6627c8b92fd77f1b80ad4b8b4cd6d0c6e0541d488a7b,4,4,0.3921052631578946,,1.0,0.36953601108033257,,1.0
pooled_loso,prior,base_crash,glass,28c563172e6e13a0d3d84f1527243878c67a2140fa8c9a81ecb8b81ec9402dc8,5,4,0.36754385964912273,0.5,0.8,0.3470183133271777,0.5,0.8
pooled_loso,prior,base_crash,glass,2ef1381d9cfc0a92b107e2940bcf431c7494cd7067d032284f30a23c47b487cc,6,6,0.3921052631578947,,1.0,0.3695360110803324,,0.9999999999999999
pooled_loso,prior,base_crash,glass,3f7887ee8820a4163a5033c81050731e85d1a310652a612f5b0ea5c450ec2043,5,4,0.36754385964912284,0.5,0.8,0.3470183133271776,0.5,0.8
pooled_loso,prior,base_crash,glass,5de3fa5396875480db81793738029227ed357caa91e5d24290ffc5cb0371f908,4,4,0.3921052631578946,,1.0,0.36953601108033257,,1.0
pooled_loso,prior,base_crash,glass,61f6ada542d03d1dd4d75a304f2674efa20660163c54b012b956522e98835cac,4,4,0.3921052631578946,,1.0,0.36953601108033257,,1.0
pooled_loso,prior,base_crash,glass,6292759eb45913ce4ed8447194504833f347d9355012e3228775797a4b0a7cd1,4,4,0.3921052631578947,,1.0,0.3695360110803324,,1.0
pooled_loso,prior,base_crash,glass,655347c9fb28aaf505e162e6bcad095d17e4bfee5506113825cfb3da6ca60845,4,4,0.3921052631578946,,1.0,0.36953601108033257,,1.0
pooled_loso,prior,base_crash,glass,69fa7e93588c6aea4b134efa44633d38556ce1656b46df276021920a664881a3,10,10,0.3921052631578946,,1.0000000000000002,0.36953601108033246,,0.9999999999999999
pooled_loso,prior,base_crash,glass,76fe1d96587ab928f6fb5d7750ecd048fd712eb3d66aa60feb972a3d9d56c9d1,4,3,0.3964912280701753,0.5,0.75,0.31246845183133276,0.5,0.75
pooled_loso,prior,base_crash,glass,821b498fc1fcb4e3c103635fa473d7577f718c4f633b273772954295c83ae585,5,5,0.3921052631578947,,1.0,0.36953601108033246,,1.0
pooled_loso,prior,base_crash,glass,9176c2514b8a62105f4d2b8a22a8a0b0236c5b9feda58c18ef64cea917b98d9d,5,4,0.3921052631578947,0.5,0.8,0.32637811634349034,0.5,0.8
pooled_loso,prior,base_crash,glass,986b3dff233a80cf0fd1c48f815600f49b95f83be0d9f898fee40d0a5c9dca63,4,4,0.3921052631578947,,1.0,0.3695360110803324,,1.0
pooled_loso,prior,base_crash,glass,a3e1c487338ecfe4ce59e1e8f0be7a20d0442476ad923022ec430bdb5470ee56,4,3,0.3964912280701753,0.5,0.75,0.31246845183133276,0.5,0.75
pooled_loso,prior,base_crash,glass,a992f0a563f4b0239708f4be6fa38192e6930b15387567b2d4a16568d4fa5671,4,4,0.3921052631578946,,1.0,0.36953601108033257,,1.0
pooled_loso,prior,base_crash,glass,b830bede73f505b84b88a6596e92c22a5a4c0ded1e275e8e5b28a599849d2df6,10,9,0.39385964912280697,0.5000000000000001,0.9000000000000002,0.34617805478608804,0.5,0.8999999999999999
pooled_loso,prior,base_crash,glass,c8fa274849bf4beeb7c46b93a7de7a6242e5af2e9c83a395e8d0db16da5e81d8,5,5,0.3921052631578947,,1.0,0.36953601108033246,,1.0
pooled_loso,prior,base_crash,glass,d6796d48077a08484abd1252e6deb387d8b6a10bf445e66c4e6eaa0bde0f7818,5,5,0.3570175438596492,,1.0,0.4134264389042781,,1.0
pooled_loso,prior,base_crash,glass,ddd84e646ab0cdd38c0f283802f28ac361a412492f3872c7f489b95bb55d53af,5,2,0.40263157894736834,0.5,0.4,0.24000692520775627,0.5,0.4
pooled_loso,prior,base_crash,glass,f64d2a60c3b9cebc4b5e12f86f4978711b4ca1e7a3788d1756d078c45a1c1004,4,3,0.3964912280701753,0.5,0.75,0.31246845183133276,0.5,0.75
pooled_loso,prior,detour_success,all,0815f4806fc9a4fbd58c6627c8b92fd77f1b80ad4b8b4cd6d0c6e0541d488a7b,12,7,0.4269005847953215,0.5,0.5833333333333334,0.2675267603707124,0.5,0.5833333333333333
pooled_loso,prior,detour_success,all,28c563172e6e13a0d3d84f1527243878c67a2140fa8c9a81ecb8b81ec9402dc8,5,0,0.4576023391812864,,,0.2093999008241851,,0.0
pooled_loso,prior,detour_success,all,2ef1381d9cfc0a92b107e2940bcf431c7494cd7067d032284f30a23c47b487cc,18,8,0.43421052631578944,0.5,0.4444444444444444,0.2470183133271776,0.5,0.4444444444444444
pooled_loso,prior,detour_success,all,3f7887ee8820a4163a5033c81050731e85d1a310652a612f5b0ea5c450ec2043,5,0,0.45760233918128657,,,0.20939990082418525,,0.0
pooled_loso,prior,detour_success,all,5de3fa5396875480db81793738029227ed357caa91e5d24290ffc5cb0371f908,12,7,0.4269005847953215,0.5,0.5833333333333334,0.2675267603707124,0.5,0.5833333333333333
pooled_loso,prior,detour_success,all,61f6ada542d03d1dd4d75a304f2674efa20660163c54b012b956522e98835cac,12,6,0.4312865497076022,0.5,0.5,0.2547215382510858,0.5,0.49999999999999994
pooled_loso,prior,detour_success,all,6292759eb45913ce4ed8447194504833f347d9355012e3228775797a4b0a7cd1,12,12,0.4049707602339181,,1.0,0.35405979617660127,,1.0
pooled_loso,prior,detour_success,all,655347c9fb28aaf505e162e6bcad095d17e4bfee5506113825cfb3da6ca60845,12,3,0.4444444444444445,0.5000000000000001,0.25,0.22530864197530867,0.5,0.25
pooled_loso,prior,detour_success,all,69fa7e93588c6aea4b134efa44633d38556ce1656b46df276021920a664881a3,30,20,0.4225146198830408,0.5000000000000001,0.6666666666666669,0.2818324441708559,0.5,0.6666666666666666
pooled_loso,prior,detour_success,all,76fe1d96587ab928f6fb5d7750ecd048fd712eb3d66aa60feb972a3d9d56c9d1,12,3,0.44444444444444436,0.5,0.25,0.22530864197530856,0.5,0.25
pooled_loso,prior,detour_success,all,821b498fc1fcb4e3c103635fa473d7577f718c4f633b273772954295c83ae585,15,5,0.44005847953216376,0.5,0.3333333333333333,0.23361247905338398,0.5,0.3333333333333333
pooled_loso,prior,detour_success,all,9176c2514b8a62105f4d2b8a22a8a0b0236c5b9feda58c18ef64cea917b98d9d,15,6,0.436549707602339,0.5,0.39999999999999997,0.24133588112581647,0.5,0.39999999999999997
pooled_loso,prior,detour_success,all,986b3dff233a80cf0fd1c48f815600f49b95f83be0d9f898fee40d0a5c9dca63,12,8,0.4225146198830408,0.5,0.6666666666666666,0.281832444170856,0.5,0.6666666666666666
pooled_loso,prior,detour_success,all,a3e1c487338ecfe4ce59e1e8f0be7a20d0442476ad923022ec430bdb5470ee56,12,11,0.40935672514619886,0.5,0.9166666666666667,0.33375226565438937,0.5,0.9166666666666667
pooled_loso,prior,detour_success,all,a992f0a563f4b0239708f4be6fa38192e6930b15387567b2d4a16568d4fa5671,12,5,0.435672514619883,0.5,0.4166666666666667,0.24341677781197626,0.5,0.41666666666666663
pooled_loso,prior,detour_success,all,b830bede73f505b84b88a6596e92c22a5a4c0ded1e275e8e5b28a599849d2df6,30,13,0.43479532163742696,0.5000000000000001,0.43333333333333346,0.24555769296535696,0.5,0.4333333333333333
pooled_loso,prior,detour_success,all,c8fa274849bf4beeb7c46b93a7de7a6242e5af2e9c83a395e8d0db16da5e81d8,15,5,0.44005847953216376,0.5,0.3333333333333333,0.23361247905338398,0.5,0.3333333333333333
pooled_loso,prior,detour_success,all,d6796d48077a08484abd1252e6deb387d8b6a10bf445e66c4e6eaa0bde0f7818,5,2,0.43654970760233924,0.5,0.4,0.2413358811258165,0.5,0.4
pooled_loso,prior,detour_success,all,ddd84e646ab0cdd38c0f283802f28ac361a412492f3872c7f489b95bb55d53af,15,4,0.4435672514619881,0.5,0.26666666666666666,0.2268493724564823,0.5,0.26666666666666666
pooled_loso,prior,detour_success,all,f64d2a60c3b9cebc4b5e12f86f4978711b4ca1e7a3788d1756d078c45a1c1004,12,3,0.4444444444444445,0.5,0.25,0.22530864197530864,0.5,0.25
pooled_loso,prior,detour_success,glass,0815f4806fc9a4fbd58c6627c8b92fd77f1b80ad4b8b4cd6d0c6e0541d488a7b,4,3,0.42690058479532156,0.5,0.75,0.2918932321056052,0.5,0.75
pooled_loso,prior,detour_success,glass,28c563172e6e13a0d3d84f1527243878c67a2140fa8c9a81ecb8b81ec9402dc8,5,0,0.4576023391812864,,,0.2093999008241851,,0.0
pooled_loso,prior,detour_success,glass,2ef1381d9cfc0a92b107e2940bcf431c7494cd7067d032284f30a23c47b487cc,6,0,0.43421052631578944,,,0.18853878116343484,,0.0
pooled_loso,prior,detour_success,glass,3f7887ee8820a4163a5033c81050731e85d1a310652a612f5b0ea5c450ec2043,5,0,0.45760233918128657,,,0.20939990082418525,,0.0
pooled_loso,prior,detour_success,glass,5de3fa5396875480db81793738029227ed357caa91e5d24290ffc5cb0371f908,4,0,0.42690058479532156,,,0.18224410929858753,,0.0
pooled_loso,prior,detour_success,glass,61f6ada542d03d1dd4d75a304f2674efa20660163c54b012b956522e98835cac,4,0,0.4312865497076023,,,0.1860080879586881,,0.0
pooled_loso,prior,detour_success,glass,6292759eb45913ce4ed8447194504833f347d9355012e3228775797a4b0a7cd1,4,4,0.4049707602339181,,1.0,0.3540597961766014,,1.0
pooled_loso,prior,detour_success,glass,655347c9fb28aaf505e162e6bcad095d17e4bfee5506113825cfb3da6ca60845,4,0,0.4444444444444444,,,0.19753086419753085,,0.0
pooled_loso,prior,detour_success,glass,69fa7e93588c6aea4b134efa44633d38556ce1656b46df276021920a664881a3,10,4,0.42251461988304084,0.5,0.4,0.24050690810847783,0.5,0.4
pooled_loso,prior,detour_success,glass,76fe1d96587ab928f6fb5d7750ecd048fd712eb3d66aa60feb972a3d9d56c9d1,4,0,0.4444444444444443,,,0.19753086419753074,,0.0
pooled_loso,prior,detour_success,glass,821b498fc1fcb4e3c103635fa473d7577f718c4f633b273772954295c83ae585,5,0,0.4400584795321637,,,0.19365146540815975,,0.0
pooled_loso,prior,detour_success,glass,9176c2514b8a62105f4d2b8a22a8a0b0236c5b9feda58c18ef64cea917b98d9d,5,4,0.43654970760233913,0.5,0.8,0.2920961150439452,0.5,0.8
pooled_loso,prior,detour_success,glass,986b3dff233a80cf0fd1c48f815600f49b95f83be0d9f898fee40d0a5c9dca63,4,3,0.42251461988304084,0.5,0.75,0.2947466741903492,0.5,0.75
pooled_loso,prior,detour_success,glass,a3e1c487338ecfe4ce59e1e8f0be7a20d0442476ad923022ec430bdb5470ee56,4,3,0.4093567251461988,0.5,0.75,0.30353784070312234,0.5,0.75
pooled_loso,prior,detour_success,glass,a992f0a563f4b0239708f4be6fa38192e6930b15387567b2d4a16568d4fa5671,4,0,0.435672514619883,,,0.18981053999521216,,0.0
pooled_loso,prior,detour_success,glass,b830bede73f505b84b88a6596e92c22a5a4c0ded1e275e8e5b28a599849d2df6,10,0,0.4347953216374269,,,0.18904697171779347,,0.0
pooled_loso,prior,detour_success,glass,c8fa274849bf4beeb7c46b93a7de7a6242e5af2e9c83a395e8d0db16da5e81d8,5,0,0.4400584795321637,,,0.19365146540815975,,0.0
pooled_loso,prior,detour_success,glass,d6796d48077a08484abd1252e6deb387d8b6a10bf445e66c4e6eaa0bde0f7818,5,2,0.43654970760233924,0.5,0.4,0.2413358811258165,0.5,0.4
pooled_loso,prior,detour_success,glass,ddd84e646ab0cdd38c0f283802f28ac361a412492f3872c7f489b95bb55d53af,5,0,0.4435672514619882,,,0.1967519065695427,,0.0
pooled_loso,prior,detour_success,glass,f64d2a60c3b9cebc4b5e12f86f4978711b4ca1e7a3788d1756d078c45a1c1004,4,0,0.4444444444444444,,,0.19753086419753085,,0.0
pooled_loso,prior,base_success,all,0815f4806fc9a4fbd58c6627c8b92fd77f1b80ad4b8b4cd6d0c6e0541d488a7b,12,8,0.5119883040935672,0.5,0.6666666666666666,0.24614761807051738,0.5,0.6666666666666666
pooled_loso,prior,base_success,all,28c563172e6e13a0d3d84f1527243878c67a2140fa8c9a81ecb8b81ec9402dc8,5,0,0.5470760233918128,,,0.2992921753701993,,0.0
pooled_loso,prior,base_success,all,2ef1381d9cfc0a92b107e2940bcf431c7494cd7067d032284f30a23c47b487cc,18,11,0.5149122807017544,0.5,0.6111111111111112,0.2469085359597825,0.5,0.6111111111111112
pooled_loso,prior,base_success,all,3f7887ee8820a4163a5033c81050731e85d1a310652a612f5b0ea5c450ec2043,5,0,0.5470760233918129,,,0.2992921753701995,,0.0
pooled_loso,prior,base_success,all,5de3fa5396875480db81793738029227ed357caa91e5d24290ffc5cb0371f908,12,7,0.5163742690058478,0.5000000000000001,0.5833333333333335,0.2475390718511679,0.5,0.5833333333333333
pooled_loso,prior,base_success,all,61f6ada542d03d1dd4d75a304f2674efa20660163c54b012b956522e98835cac,12,8,0.5119883040935672,0.5000000000000001,0.6666666666666669,0.2461476180705174,0.5,0.6666666666666666
pooled_loso,prior,base_success,all,6292759eb45913ce4ed8447194504833f347d9355012e3228775797a4b0a7cd1,12,8,0.5119883040935672,0.5000000000000001,0.6666666666666669,0.2461476180705174,0.5,0.6666666666666666
pooled_loso,prior,base_success,all,655347c9fb28aaf505e162e6bcad095d17e4bfee5506113825cfb3da6ca60845,12,7,0.516374269005848,0.5,0.5833333333333334,0.24753907185116786,0.5,0.5833333333333333
pooled_loso,prior,base_success,all,69fa7e93588c6aea4b134efa44633d38556ce1656b46df276021920a664881a3,30,17,0.5172514619883041,0.5000000000000001,0.5666666666666667,0.24799741800895997,0.5,0.5666666666666667
pooled_loso,prior,base_success,all,76fe1d96587ab928f6fb5d7750ecd048fd712eb3d66aa60feb972a3d9d56c9d1,12,8,0.5119883040935672,0.5,0.6666666666666666,0.24614761807051744,0.5,0.6666666666666666
pooled_loso,prior,base_success,all,821b498fc1fcb4e3c103635fa473d7577f718c4f633b273772954295c83ae585,15,9,0.5154970760233918,0.5,0.6,0.2471407441605965,0.5,0.6
pooled_loso,prior,base_success,all,9176c2514b8a62105f4d2b8a22a8a0b0236c5b9feda58c18ef64cea917b98d9d,15,10,0.5119883040935671,0.5,0.6666666666666666,0.24614761807051738,0.5,0.6666666666666666
pooled_loso,prior,base_success,all,986b3dff233a80cf0fd1c48f815600f49b95f83be0d9f898fee40d0a5c9dca63,12,7,0.5163742690058478,0.5,0.5833333333333334,0.24753907185116794,0.5,0.5833333333333333
pooled_loso,prior,base_success,all,a3e1c487338ecfe4ce59e1e8f0be7a20d0442476ad923022ec430bdb5470ee56,12,5,0.5251461988304094,0.5,0.4166666666666667,0.25482336445402004,0.5,0.41666666666666663
pooled_loso,prior,base_success,all,a992f0a563f4b0239708f4be6fa38192e6930b15387567b2d4a16568d4fa5671,12,8,0.5119883040935672,0.5000000000000001,0.6666666666666669,0.24614761807051738,0.5,0.6666666666666666
pooled_loso,prior,base_success,all,b830bede73f505b84b88a6596e92c22a5a4c0ded1e275e8e5b28a599849d2df6,30,19,0.5137426900584797,0.5000000000000002,0.6333333333333335,0.2465241441811154,0.5,0.6333333333333333
pooled_loso,prior,base_success,all,c8fa274849bf4beeb7c46b93a7de7a6242e5af2e9c83a395e8d0db16da5e81d8,15,9,0.5154970760233918,0.5,0.6,0.2471407441605964,0.5,0.6
pooled_loso,prior,base_success,all,d6796d48077a08484abd1252e6deb387d8b6a10bf445e66c4e6eaa0bde0f7818,5,0,0.5470760233918129,,,0.2992921753701995,,0.0
pooled_loso,prior,base_success,all,ddd84e646ab0cdd38c0f283802f28ac361a412492f3872c7f489b95bb55d53af,15,7,0.522514619883041,0.5,0.4666666666666666,0.25200788276734726,0.5,0.4666666666666666
pooled_loso,prior,base_success,all,f64d2a60c3b9cebc4b5e12f86f4978711b4ca1e7a3788d1756d078c45a1c1004,12,9,0.5076023391812864,0.5,0.75,0.24625662597038409,0.5,0.75
pooled_loso,prior,base_success,glass,0815f4806fc9a4fbd58c6627c8b92fd77f1b80ad4b8b4cd6d0c6e0541d488a7b,4,0,0.5119883040935673,,,0.26213202352860715,,0.0
pooled_loso,prior,base_success,glass,28c563172e6e13a0d3d84f1527243878c67a2140fa8c9a81ecb8b81ec9402dc8,5,0,0.5470760233918128,,,0.2992921753701993,,0.0
pooled_loso,prior,base_success,glass,2ef1381d9cfc0a92b107e2940bcf431c7494cd7067d032284f30a23c47b487cc,6,0,0.5149122807017544,,,0.26513465681748233,,0.0
pooled_loso,prior,base_success,glass,3f7887ee8820a4163a5033c81050731e85d1a310652a612f5b0ea5c450ec2043,5,0,0.5470760233918129,,,0.2992921753701995,,0.0
pooled_loso,prior,base_success,glass,5de3fa5396875480db81793738029227ed357caa91e5d24290ffc5cb0371f908,4,0,0.5163742690058479,,,0.2666423856913238,,0.0
pooled_loso,prior,base_success,glass,61f6ada542d03d1dd4d75a304f2674efa20660163c54b012b956522e98835cac,4,0,0.5119883040935673,,,0.26213202352860715,,0.0
pooled_loso,prior,base_success,glass,6292759eb45913ce4ed8447194504833f347d9355012e3228775797a4b0a7cd1,4,0,0.5119883040935673,,,0.26213202352860715,,0.0
pooled_loso,prior,base_success,glass,655347c9fb28aaf505e162e6bcad095d17e4bfee5506113825cfb3da6ca60845,4,0,0.5163742690058482,,,0.26664238569132404,,0.0
pooled_loso,prior,base_success,glass,69fa7e93588c6aea4b134efa44633d38556ce1656b46df276021920a664881a3,10,0,0.5172514619883042,,,0.267549074929038,,0.0
pooled_loso,prior,base_success,glass,76fe1d96587ab928f6fb5d7750ecd048fd712eb3d66aa60feb972a3d9d56c9d1,4,0,0.5119883040935673,,,0.26213202352860715,,0.0
pooled_loso,prior,base_success,glass,821b498fc1fcb4e3c103635fa473d7577f718c4f633b273772954295c83ae585,5,0,0.5154970760233917,,,0.2657372353886665,,0.0
pooled_loso,prior,base_success,glass,9176c2514b8a62105f4d2b8a22a8a0b0236c5b9feda58c18ef64cea917b98d9d,5,1,0.5119883040935672,0.5,0.2,0.2573367018911802,0.5,0.2
pooled_loso,prior,base_success,glass,986b3dff233a80cf0fd1c48f815600f49b95f83be0d9f898fee40d0a5c9dca63,4,0,0.5163742690058479,,,0.2666423856913238,,0.0
pooled_loso,prior,base_success,glass,a3e1c487338ecfe4ce59e1e8f0be7a20d0442476ad923022ec430bdb5470ee56,4,0,0.5251461988304094,,,0.2757785301460278,,0.0
pooled_loso,prior,base_success,glass,a992f0a563f4b0239708f4be6fa38192e6930b15387567b2d4a16568d4fa5671,4,0,0.5119883040935673,,,0.26213202352860715,,0.0
pooled_loso,prior,base_success,glass,b830bede73f505b84b88a6596e92c22a5a4c0ded1e275e8e5b28a599849d2df6,10,0,0.5137426900584796,,,0.263931551588523,,0.0
pooled_loso,prior,base_success,glass,c8fa274849bf4beeb7c46b93a7de7a6242e5af2e9c83a395e8d0db16da5e81d8,5,0,0.5154970760233918,,,0.26573723538866656,,0.0
pooled_loso,prior,base_success,glass,d6796d48077a08484abd1252e6deb387d8b6a10bf445e66c4e6eaa0bde0f7818,5,0,0.5470760233918129,,,0.2992921753701995,,0.0
pooled_loso,prior,base_success,glass,ddd84e646ab0cdd38c0f283802f28ac361a412492f3872c7f489b95bb55d53af,5,0,0.522514619883041,,,0.2730215279915189,,0.0
pooled_loso,prior,base_success,glass,f64d2a60c3b9cebc4b5e12f86f4978711b4ca1e7a3788d1756d078c45a1c1004,4,1,0.5076023391812865,0.5,0.25,0.25385896515167056,0.5,0.25
glass_loso,hidden,base_crash,all,0815f4806fc9a4fbd58c6627c8b92fd77f1b80ad4b8b4cd6d0c6e0541d488a7b,4,4,0.9424939559588714,,1.0,0.003718313024714817,,1.0
glass_loso,hidden,base_crash,all,28c563172e6e13a0d3d84f1527243878c67a2140fa8c9a81ecb8b81ec9402dc8,5,4,0.8700953146109791,0.0,0.6791666666666667,0.16984582441245638,0.5,0.8
glass_loso,hidden,base_crash,all,2ef1381d9cfc0a92b107e2940bcf431c7494cd7067d032284f30a23c47b487cc,6,6,0.9247618032641657,,1.0000000000000002,0.008455228364889976,,0.9999999999999999
glass_loso,hidden,base_crash,all,3f7887ee8820a4163a5033c81050731e85d1a310652a612f5b0ea5c450ec2043,5,4,0.9179141042752225,1.0,1.0,0.1616670262713206,0.5,0.8
glass_loso,hidden,base_crash,all,5de3fa5396875480db81793738029227ed357caa91e5d24290ffc5cb0371f908,4,4,0.9660726916865342,,1.0,0.0014764616709842847,,1.0
glass_loso,hidden,base_crash,all,61f6ada542d03d1dd4d75a304f2674efa20660163c54b012b956522e98835cac,4,4,0.9395445734628962,,1.0,0.006061004407308085,,1.0
glass_loso,hidden,base_crash,all,6292759eb45913ce4ed8447194504833f347d9355012e3228775797a4b0a7cd1,4,4,0.9104590153483045,,1.0,0.011514154833240173,,1.0
glass_loso,hidden,base_crash,all,655347c9fb28aaf505e162e6bcad095d17e4bfee5506113825cfb3da6ca60845,4,4,0.9546048842132863,,1.0,0.003532952698629778,,1.0
glass_loso,hidden,base_crash,all,69fa7e93588c6aea4b134efa44633d38556ce1656b46df276021920a664881a3,10,10,0.9193587632336151,,1.0000000000000002,0.007839526590290915,,0.9999999999999999
glass_loso,hidden,base_crash,all,76fe1d96587ab928f6fb5d7750ecd048fd712eb3d66aa60feb972a3d9d56c9d1,4,3,0.9245841129814895,0.0,0.6388888888888888,0.2555673674967655,0.5,0.75
glass_loso,hidden,base_crash,all,821b498fc1fcb4e3c103635fa473d7577f718c4f633b273772954295c83ae585,5,5,0.8976876751381211,,1.0000000000000002,0.01292704924453866,,1.0
glass_loso,hidden,base_crash,all,9176c2514b8a62105f4d2b8a22a8a0b0236c5b9feda58c18ef64cea917b98d9d,5,4,0.942532115986857,0.25,0.8041666666666667,0.19029707617306338,0.5,0.8
glass_loso,hidden,base_crash,all,986b3dff233a80cf0fd1c48f815600f49b95f83be0d9f898fee40d0a5c9dca63,4,4,0.9089810835184282,,1.0,0.009854701892319961,,1.0
glass_loso,hidden,base_crash,all,a3e1c487338ecfe4ce59e1e8f0be7a20d0442476ad923022ec430bdb5470ee56,4,3,0.9394101486441055,0.3333333333333333,0.8055555555555556,0.22695801466306326,0.5,0.75
glass_loso,hidden,base_crash,all,a992f0a563f4b0239708f4be6fa38192e6930b15387567b2d4a16568d4fa5671,4,4,0.9194713364221988,,1.0,0.009018496127252208,,1.0
glass_loso,hidden,base_crash,all,b830bede73f505b84b88a6596e92c22a5a4c0ded1e275e8e5b28a599849d2df6,10,9,0.9298433889176341,0.5555555555555557,0.9467813051146385,0.09517108063121378,0.5,0.8999999999999999
glass_loso,hidden,base_crash,all,c8fa274849bf4beeb7c46b93a7de7a6242e5af2e9c83a395e8d0db16da5e81d8,5,5,0.8993744878922081,,1.0000000000000002,0.013547564710934207,,1.0
glass_loso,hidden,base_crash,all,d6796d48077a08484abd1252e6deb387d8b6a10bf445e66c4e6eaa0bde0f7818,5,5,0.8371220051083463,,1.0000000000000002,0.028628539547165478,,1.0
glass_loso,hidden,base_crash,all,ddd84e646ab0cdd38c0f283802f28ac361a412492f3872c7f489b95bb55d53af,5,2,0.9769355903031134,0.3333333333333333,0.41666666666666663,0.5755313399705353,0.5,0.4
glass_loso,hidden,base_crash,all,f64d2a60c3b9cebc4b5e12f86f4978711b4ca1e7a3788d1756d078c45a1c1004,4,3,0.9187298606743949,0.3333333333333333,0.8055555555555556,0.2400808235158555,0.5,0.75
glass_loso,hidden,base_crash,glass,0815f4806fc9a4fbd58c6627c8b92fd77f1b80ad4b8b4cd6d0c6e0541d488a7b,4,4,0.9424939559588714,,1.0,0.003718313024714817,,1.0
glass_loso,hidden,base_crash,glass,28c563172e6e13a0d3d84f1527243878c67a2140fa8c9a81ecb8b81ec9402dc8,5,4,0.8700953146109791,0.0,0.6791666666666667,0.16984582441245638,0.5,0.8
glass_loso,hidden,base_crash,glass,2ef1381d9cfc0a92b107e2940bcf431c7494cd7067d032284f30a23c47b487cc,6,6,0.9247618032641657,,1.0000000000000002,0.008455228364889976,,0.9999999999999999
glass_loso,hidden,base_crash,glass,3f7887ee8820a4163a5033c81050731e85d1a310652a612f5b0ea5c450ec2043,5,4,0.9179141042752225,1.0,1.0,0.1616670262713206,0.5,0.8
glass_loso,hidden,base_crash,glass,5de3fa5396875480db81793738029227ed357caa91e5d24290ffc5cb0371f908,4,4,0.9660726916865342,,1.0,0.0014764616709842847,,1.0
glass_loso,hidden,base_crash,glass,61f6ada542d03d1dd4d75a304f2674efa20660163c54b012b956522e98835cac,4,4,0.9395445734628962,,1.0,0.006061004407308085,,1.0
glass_loso,hidden,base_crash,glass,6292759eb45913ce4ed8447194504833f347d9355012e3228775797a4b0a7cd1,4,4,0.9104590153483045,,1.0,0.011514154833240173,,1.0
glass_loso,hidden,base_crash,glass,655347c9fb28aaf505e162e6bcad095d17e4bfee5506113825cfb3da6ca60845,4,4,0.9546048842132863,,1.0,0.003532952698629778,,1.0
glass_loso,hidden,base_crash,glass,69fa7e93588c6aea4b134efa44633d38556ce1656b46df276021920a664881a3,10,10,0.9193587632336151,,1.0000000000000002,0.007839526590290915,,0.9999999999999999
glass_loso,hidden,base_crash,glass,76fe1d96587ab928f6fb5d7750ecd048fd712eb3d66aa60feb972a3d9d56c9d1,4,3,0.9245841129814895,0.0,0.6388888888888888,0.2555673674967655,0.5,0.75
glass_loso,hidden,base_crash,glass,821b498fc1fcb4e3c103635fa473d7577f718c4f633b273772954295c83ae585,5,5,0.8976876751381211,,1.0000000000000002,0.01292704924453866,,1.0
glass_loso,hidden,base_crash,glass,9176c2514b8a62105f4d2b8a22a8a0b0236c5b9feda58c18ef64cea917b98d9d,5,4,0.942532115986857,0.25,0.8041666666666667,0.19029707617306338,0.5,0.8
glass_loso,hidden,base_crash,glass,986b3dff233a80cf0fd1c48f815600f49b95f83be0d9f898fee40d0a5c9dca63,4,4,0.9089810835184282,,1.0,0.009854701892319961,,1.0
glass_loso,hidden,base_crash,glass,a3e1c487338ecfe4ce59e1e8f0be7a20d0442476ad923022ec430bdb5470ee56,4,3,0.9394101486441055,0.3333333333333333,0.8055555555555556,0.22695801466306326,0.5,0.75
glass_loso,hidden,base_crash,glass,a992f0a563f4b0239708f4be6fa38192e6930b15387567b2d4a16568d4fa5671,4,4,0.9194713364221988,,1.0,0.009018496127252208,,1.0
glass_loso,hidden,base_crash,glass,b830bede73f505b84b88a6596e92c22a5a4c0ded1e275e8e5b28a599849d2df6,10,9,0.9298433889176341,0.5555555555555557,0.9467813051146385,0.09517108063121378,0.5,0.8999999999999999
glass_loso,hidden,base_crash,glass,c8fa274849bf4beeb7c46b93a7de7a6242e5af2e9c83a395e8d0db16da5e81d8,5,5,0.8993744878922081,,1.0000000000000002,0.013547564710934207,,1.0
glass_loso,hidden,base_crash,glass,d6796d48077a08484abd1252e6deb387d8b6a10bf445e66c4e6eaa0bde0f7818,5,5,0.8371220051083463,,1.0000000000000002,0.028628539547165478,,1.0
glass_loso,hidden,base_crash,glass,ddd84e646ab0cdd38c0f283802f28ac361a412492f3872c7f489b95bb55d53af,5,2,0.9769355903031134,0.3333333333333333,0.41666666666666663,0.5755313399705353,0.5,0.4
glass_loso,hidden,base_crash,glass,f64d2a60c3b9cebc4b5e12f86f4978711b4ca1e7a3788d1756d078c45a1c1004,4,3,0.9187298606743949,0.3333333333333333,0.8055555555555556,0.2400808235158555,0.5,0.75
glass_loso,hidden,detour_success,all,0815f4806fc9a4fbd58c6627c8b92fd77f1b80ad4b8b4cd6d0c6e0541d488a7b,4,3,0.17696436321609632,1.0,1.0,0.47452278732360476,0.5,0.75
glass_loso,hidden,detour_success,all,28c563172e6e13a0d3d84f1527243878c67a2140fa8c9a81ecb8b81ec9402dc8,5,0,0.05072745390359275,,,0.0025971290030799895,,0.0
glass_loso,hidden,detour_success,all,2ef1381d9cfc0a92b107e2940bcf431c7494cd7067d032284f30a23c47b487cc,6,0,0.21246078722925466,,,0.047274798959558356,,0.0
glass_loso,hidden,detour_success,all,3f7887ee8820a4163a5033c81050731e85d1a310652a612f5b0ea5c450ec2043,5,0,0.06497406683727507,,,0.004673698831024529,,0.0
glass_loso,hidden,detour_success,all,5de3fa5396875480db81793738029227ed357caa91e5d24290ffc5cb0371f908,4,0,0.09602885272627691,,,0.009435187313887672,,0.0
glass_loso,hidden,detour_success,all,61f6ada542d03d1dd4d75a304f2674efa20660163c54b012b956522e98835cac,4,0,0.26100511145175515,,,0.07479968830843371,,0.0
glass_loso,hidden,detour_success,all,6292759eb45913ce4ed8447194504833f347d9355012e3228775797a4b0a7cd1,4,4,0.212231861106795,,1.0,0.622649283125611,,1.0
glass_loso,hidden,detour_success,all,655347c9fb28aaf505e162e6bcad095d17e4bfee5506113825cfb3da6ca60845,4,0,0.19430962256524847,,,0.04465897125819628,,0.0
glass_loso,hidden,detour_success,all,69fa7e93588c6aea4b134efa44633d38556ce1656b46df276021920a664881a3,10,4,0.2542121011862403,0.8333333333333334,0.7708333333333335,0.19899620887039923,0.625,0.4
glass_loso,hidden,detour_success,all,76fe1d96587ab928f6fb5d7750ecd048fd712eb3d66aa60feb972a3d9d56c9d1,4,0,0.16027410418814653,,,0.029958063485439317,,0.0
glass_loso,hidden,detour_success,all,821b498fc1fcb4e3c103635fa473d7577f718c4f633b273772954295c83ae585,5,0,0.24082241113650366,,,0.0825955795896069,,0.0
glass_loso,hidden,detour_success,all,9176c2514b8a62105f4d2b8a22a8a0b0236c5b9feda58c18ef64cea917b98d9d,5,4,0.19435975088669236,1.0,1.0,0.49832551945140474,0.5,0.8
glass_loso,hidden,detour_success,all,986b3dff233a80cf0fd1c48f815600f49b95f83be0d9f898fee40d0a5c9dca63,4,3,0.17257515263773007,0.3333333333333333,0.8055555555555556,0.5465030783072031,0.5,0.75
glass_loso,hidden,detour_success,all,a3e1c487338ecfe4ce59e1e8f0be7a20d0442476ad923022ec430bdb5470ee56,4,3,0.38761086080786117,0.6666666666666666,0.9166666666666666,0.299901452652129,0.6666666666666666,0.75
glass_loso,hidden,detour_success,all,a992f0a563f4b0239708f4be6fa38192e6930b15387567b2d4a16568d4fa5671,4,0,0.4909651093438578,,,0.2983247239605236,,0.0
glass_loso,hidden,detour_success,all,b830bede73f505b84b88a6596e92c22a5a4c0ded1e275e8e5b28a599849d2df6,10,0,0.260789176388471,,,0.08504136066705442,,0.0
glass_loso,hidden,detour_success,all,c8fa274849bf4beeb7c46b93a7de7a6242e5af2e9c83a395e8d0db16da5e81d8,5,0,0.26364954394001705,,,0.08974150696495482,,0.0
glass_loso,hidden,detour_success,all,d6796d48077a08484abd1252e6deb387d8b6a10bf445e66c4e6eaa0bde0f7818,5,2,0.04040181771825743,0.3333333333333333,0.41666666666666663,0.3718350980681572,0.5,0.4
glass_loso,hidden,detour_success,all,ddd84e646ab0cdd38c0f283802f28ac361a412492f3872c7f489b95bb55d53af,5,0,0.17428887516788835,,,0.03283084999967131,,0.0
glass_loso,hidden,detour_success,all,f64d2a60c3b9cebc4b5e12f86f4978711b4ca1e7a3788d1756d078c45a1c1004,4,0,0.23479092567564064,,,0.057287860530154514,,0.0
glass_loso,hidden,detour_success,glass,0815f4806fc9a4fbd58c6627c8b92fd77f1b80ad4b8b4cd6d0c6e0541d488a7b,4,3,0.17696436321609632,1.0,1.0,0.47452278732360476,0.5,0.75
glass_loso,hidden,detour_success,glass,28c563172e6e13a0d3d84f1527243878c67a2140fa8c9a81ecb8b81ec9402dc8,5,0,0.05072745390359275,,,0.0025971290030799895,,0.0
glass_loso,hidden,detour_success,glass,2ef1381d9cfc0a92b107e2940bcf431c7494cd7067d032284f30a23c47b487cc,6,0,0.21246078722925466,,,0.047274798959558356,,0.0
glass_loso,hidden,detour_success,glass,3f7887ee8820a4163a5033c81050731e85d1a310652a612f5b0ea5c450ec2043,5,0,0.06497406683727507,,,0.004673698831024529,,0.0
glass_loso,hidden,detour_success,glass,5de3fa5396875480db81793738029227ed357caa91e5d24290ffc5cb0371f908,4,0,0.09602885272627691,,,0.009435187313887672,,0.0
glass_loso,hidden,detour_success,glass,61f6ada542d03d1dd4d75a304f2674efa20660163c54b012b956522e98835cac,4,0,0.26100511145175515,,,0.07479968830843371,,0.0
glass_loso,hidden,detour_success,glass,6292759eb45913ce4ed8447194504833f347d9355012e3228775797a4b0a7cd1,4,4,0.212231861106795,,1.0,0.622649283125611,,1.0
glass_loso,hidden,detour_success,glass,655347c9fb28aaf505e162e6bcad095d17e4bfee5506113825cfb3da6ca60845,4,0,0.19430962256524847,,,0.04465897125819628,,0.0
glass_loso,hidden,detour_success,glass,69fa7e93588c6aea4b134efa44633d38556ce1656b46df276021920a664881a3,10,4,0.2542121011862403,0.8333333333333334,0.7708333333333335,0.19899620887039923,0.625,0.4
glass_loso,hidden,detour_success,glass,76fe1d96587ab928f6fb5d7750ecd048fd712eb3d66aa60feb972a3d9d56c9d1,4,0,0.16027410418814653,,,0.029958063485439317,,0.0
glass_loso,hidden,detour_success,glass,821b498fc1fcb4e3c103635fa473d7577f718c4f633b273772954295c83ae585,5,0,0.24082241113650366,,,0.0825955795896069,,0.0
glass_loso,hidden,detour_success,glass,9176c2514b8a62105f4d2b8a22a8a0b0236c5b9feda58c18ef64cea917b98d9d,5,4,0.19435975088669236,1.0,1.0,0.49832551945140474,0.5,0.8
glass_loso,hidden,detour_success,glass,986b3dff233a80cf0fd1c48f815600f49b95f83be0d9f898fee40d0a5c9dca63,4,3,0.17257515263773007,0.3333333333333333,0.8055555555555556,0.5465030783072031,0.5,0.75
glass_loso,hidden,detour_success,glass,a3e1c487338ecfe4ce59e1e8f0be7a20d0442476ad923022ec430bdb5470ee56,4,3,0.38761086080786117,0.6666666666666666,0.9166666666666666,0.299901452652129,0.6666666666666666,0.75
glass_loso,hidden,detour_success,glass,a992f0a563f4b0239708f4be6fa38192e6930b15387567b2d4a16568d4fa5671,4,0,0.4909651093438578,,,0.2983247239605236,,0.0
glass_loso,hidden,detour_success,glass,b830bede73f505b84b88a6596e92c22a5a4c0ded1e275e8e5b28a599849d2df6,10,0,0.260789176388471,,,0.08504136066705442,,0.0
glass_loso,hidden,detour_success,glass,c8fa274849bf4beeb7c46b93a7de7a6242e5af2e9c83a395e8d0db16da5e81d8,5,0,0.26364954394001705,,,0.08974150696495482,,0.0
glass_loso,hidden,detour_success,glass,d6796d48077a08484abd1252e6deb387d8b6a10bf445e66c4e6eaa0bde0f7818,5,2,0.04040181771825743,0.3333333333333333,0.41666666666666663,0.3718350980681572,0.5,0.4
glass_loso,hidden,detour_success,glass,ddd84e646ab0cdd38c0f283802f28ac361a412492f3872c7f489b95bb55d53af,5,0,0.17428887516788835,,,0.03283084999967131,,0.0
glass_loso,hidden,detour_success,glass,f64d2a60c3b9cebc4b5e12f86f4978711b4ca1e7a3788d1756d078c45a1c1004,4,0,0.23479092567564064,,,0.057287860530154514,,0.0
glass_loso,hidden,base_success,all,0815f4806fc9a4fbd58c6627c8b92fd77f1b80ad4b8b4cd6d0c6e0541d488a7b,4,0,0.022135894272386002,,,0.0008600347664907377,,0.0
glass_loso,hidden,base_success,all,28c563172e6e13a0d3d84f1527243878c67a2140fa8c9a81ecb8b81ec9402dc8,5,0,0.0034444077388566885,,,1.2145592916010068e-05,,0.0
glass_loso,hidden,base_success,all,2ef1381d9cfc0a92b107e2940bcf431c7494cd7067d032284f30a23c47b487cc,6,0,0.008110607782446098,,,7.094488532656141e-05,,0.0
glass_loso,hidden,base_success,all,3f7887ee8820a4163a5033c81050731e85d1a310652a612f5b0ea5c450ec2043,5,0,0.004021041246891835,,,1.868155025130152e-05,,0.0
glass_loso,hidden,base_success,all,5de3fa5396875480db81793738029227ed357caa91e5d24290ffc5cb0371f908,4,0,0.010404691224447971,,,0.00023966974158466634,,0.0
glass_loso,hidden,base_success,all,61f6ada542d03d1dd4d75a304f2674efa20660163c54b012b956522e98835cac,4,0,0.02352170229294516,,,0.001449704095584642,,0.0
glass_loso,hidden,base_success,all,6292759eb45913ce4ed8447194504833f347d9355012e3228775797a4b0a7cd1,4,0,0.01570822718515079,,,0.00035794538019810453,,0.0
glass_loso,hidden,base_success,all,655347c9fb28aaf505e162e6bcad095d17e4bfee5506113825cfb3da6ca60845,4,0,0.010312655529531006,,,0.0002424201412606278,,0.0
glass_loso,hidden,base_success,all,69fa7e93588c6aea4b134efa44633d38556ce1656b46df276021920a664881a3,10,0,0.022332698101583524,,,0.0010353690455881224,,0.0
glass_loso,hidden,base_success,all,76fe1d96587ab928f6fb5d7750ecd048fd712eb3d66aa60feb972a3d9d56c9d1,4,0,0.014944431970903787,,,0.00045766138122568773,,0.0
glass_loso,hidden,base_success,all,821b498fc1fcb4e3c103635fa473d7577f718c4f633b273772954295c83ae585,5,0,0.01602118445666205,,,0.000412762622678261,,0.0
glass_loso,hidden,base_success,all,9176c2514b8a62105f4d2b8a22a8a0b0236c5b9feda58c18ef64cea917b98d9d,5,1,0.006668500151943762,0.25,0.25,0.19829414328677114,0.5,0.2
glass_loso,hidden,base_success,all,986b3dff233a80cf0fd1c48f815600f49b95f83be0d9f898fee40d0a5c9dca63,4,0,0.015924556034841306,,,0.00030885940019523565,,0.0
glass_loso,hidden,base_success,all,a3e1c487338ecfe4ce59e1e8f0be7a20d0442476ad923022ec430bdb5470ee56,4,0,0.021447519747368592,,,0.0008155413637179576,,0.0
glass_loso,hidden,base_success,all,a992f0a563f4b0239708f4be6fa38192e6930b15387567b2d4a16568d4fa5671,4,0,0.018596575713698795,,,0.000630577642436147,,0.0
glass_loso,hidden,base_success,all,b830bede73f505b84b88a6596e92c22a5a4c0ded1e275e8e5b28a599849d2df6,10,0,0.012812134802156257,,,0.0003951675913425257,,0.0
glass_loso,hidden,base_success,all,c8fa274849bf4beeb7c46b93a7de7a6242e5af2e9c83a395e8d0db16da5e81d8,5,0,0.01931279919581566,,,0.0008329254476082036,,0.0
glass_loso,hidden,base_success,all,d6796d48077a08484abd1252e6deb387d8b6a10bf445e66c4e6eaa0bde0f7818,5,0,0.007808191697995277,,,6.375609125989015e-05,,0.0
glass_loso,hidden,base_success,all,ddd84e646ab0cdd38c0f283802f28ac361a412492f3872c7f489b95bb55d53af,5,0,0.005314802508064697,,,2.8822139753181666e-05,,0.0
glass_loso,hidden,base_success,all,f64d2a60c3b9cebc4b5e12f86f4978711b4ca1e7a3788d1756d078c45a1c1004,4,1,0.010459401639229822,0.0,0.25,0.24895292902217173,0.5,0.25
glass_loso,hidden,base_success,glass,0815f4806fc9a4fbd58c6627c8b92fd77f1b80ad4b8b4cd6d0c6e0541d488a7b,4,0,0.022135894272386002,,,0.0008600347664907377,,0.0
glass_loso,hidden,base_success,glass,28c563172e6e13a0d3d84f1527243878c67a2140fa8c9a81ecb8b81ec9402dc8,5,0,0.0034444077388566885,,,1.2145592916010068e-05,,0.0
glass_loso,hidden,base_success,glass,2ef1381d9cfc0a92b107e2940bcf431c7494cd7067d032284f30a23c47b487cc,6,0,0.008110607782446098,,,7.094488532656141e-05,,0.0
glass_loso,hidden,base_success,glass,3f7887ee8820a4163a5033c81050731e85d1a310652a612f5b0ea5c450ec2043,5,0,0.004021041246891835,,,1.868155025130152e-05,,0.0
glass_loso,hidden,base_success,glass,5de3fa5396875480db81793738029227ed357caa91e5d24290ffc5cb0371f908,4,0,0.010404691224447971,,,0.00023966974158466634,,0.0
glass_loso,hidden,base_success,glass,61f6ada542d03d1dd4d75a304f2674efa20660163c54b012b956522e98835cac,4,0,0.02352170229294516,,,0.001449704095584642,,0.0
glass_loso,hidden,base_success,glass,6292759eb45913ce4ed8447194504833f347d9355012e3228775797a4b0a7cd1,4,0,0.01570822718515079,,,0.00035794538019810453,,0.0
glass_loso,hidden,base_success,glass,655347c9fb28aaf505e162e6bcad095d17e4bfee5506113825cfb3da6ca60845,4,0,0.010312655529531006,,,0.0002424201412606278,,0.0
glass_loso,hidden,base_success,glass,69fa7e93588c6aea4b134efa44633d38556ce1656b46df276021920a664881a3,10,0,0.022332698101583524,,,0.0010353690455881224,,0.0
glass_loso,hidden,base_success,glass,76fe1d96587ab928f6fb5d7750ecd048fd712eb3d66aa60feb972a3d9d56c9d1,4,0,0.014944431970903787,,,0.00045766138122568773,,0.0
glass_loso,hidden,base_success,glass,821b498fc1fcb4e3c103635fa473d7577f718c4f633b273772954295c83ae585,5,0,0.01602118445666205,,,0.000412762622678261,,0.0
glass_loso,hidden,base_success,glass,9176c2514b8a62105f4d2b8a22a8a0b0236c5b9feda58c18ef64cea917b98d9d,5,1,0.006668500151943762,0.25,0.25,0.19829414328677114,0.5,0.2
glass_loso,hidden,base_success,glass,986b3dff233a80cf0fd1c48f815600f49b95f83be0d9f898fee40d0a5c9dca63,4,0,0.015924556034841306,,,0.00030885940019523565,,0.0
glass_loso,hidden,base_success,glass,a3e1c487338ecfe4ce59e1e8f0be7a20d0442476ad923022ec430bdb5470ee56,4,0,0.021447519747368592,,,0.0008155413637179576,,0.0
glass_loso,hidden,base_success,glass,a992f0a563f4b0239708f4be6fa38192e6930b15387567b2d4a16568d4fa5671,4,0,0.018596575713698795,,,0.000630577642436147,,0.0
glass_loso,hidden,base_success,glass,b830bede73f505b84b88a6596e92c22a5a4c0ded1e275e8e5b28a599849d2df6,10,0,0.012812134802156257,,,0.0003951675913425257,,0.0
glass_loso,hidden,base_success,glass,c8fa274849bf4beeb7c46b93a7de7a6242e5af2e9c83a395e8d0db16da5e81d8,5,0,0.01931279919581566,,,0.0008329254476082036,,0.0
glass_loso,hidden,base_success,glass,d6796d48077a08484abd1252e6deb387d8b6a10bf445e66c4e6eaa0bde0f7818,5,0,0.007808191697995277,,,6.375609125989015e-05,,0.0
glass_loso,hidden,base_success,glass,ddd84e646ab0cdd38c0f283802f28ac361a412492f3872c7f489b95bb55d53af,5,0,0.005314802508064697,,,2.8822139753181666e-05,,0.0
glass_loso,hidden,base_success,glass,f64d2a60c3b9cebc4b5e12f86f4978711b4ca1e7a3788d1756d078c45a1c1004,4,1,0.010459401639229822,0.0,0.25,0.24895292902217173,0.5,0.25
glass_loso,robot_action,base_crash,all,0815f4806fc9a4fbd58c6627c8b92fd77f1b80ad4b8b4cd6d0c6e0541d488a7b,4,4,0.9117842571480953,,1.0,0.008305779053962343,,1.0
glass_loso,robot_action,base_crash,all,28c563172e6e13a0d3d84f1527243878c67a2140fa8c9a81ecb8b81ec9402dc8,5,4,0.7942530305135264,0.0,0.6791666666666667,0.21789466011883113,0.5,0.8
glass_loso,robot_action,base_crash,all,2ef1381d9cfc0a92b107e2940bcf431c7494cd7067d032284f30a23c47b487cc,6,6,0.8722037328112512,,1.0000000000000002,0.01747400150580898,,0.9999999999999999
glass_loso,robot_action,base_crash,all,3f7887ee8820a4163a5033c81050731e85d1a310652a612f5b0ea5c450ec2043,5,4,0.9319125410355878,0.0,0.6791666666666667,0.19612377426541816,0.5,0.8
glass_loso,robot_action,base_crash,all,5de3fa5396875480db81793738029227ed357caa91e5d24290ffc5cb0371f908,4,4,0.808943934261295,,1.0,0.04478909798726137,,1.0
glass_loso,robot_action,base_crash,all,61f6ada542d03d1dd4d75a304f2674efa20660163c54b012b956522e98835cac,4,4,0.8800752937212483,,1.0,0.017754063505810526,,1.0
glass_loso,robot_action,base_crash,all,6292759eb45913ce4ed8447194504833f347d9355012e3228775797a4b0a7cd1,4,4,0.8963319254892828,,1.0,0.012342502498532009,,1.0
glass_loso,robot_action,base_crash,all,655347c9fb28aaf505e162e6bcad095d17e4bfee5506113825cfb3da6ca60845,4,4,0.8731681366590548,,1.0,0.016475421810294273,,1.0
glass_loso,robot_action,base_crash,all,69fa7e93588c6aea4b134efa44633d38556ce1656b46df276021920a664881a3,10,10,0.9220541553248603,,1.0000000000000002,0.0064579744352877486,,0.9999999999999999
glass_loso,robot_action,base_crash,all,76fe1d96587ab928f6fb5d7750ecd048fd712eb3d66aa60feb972a3d9d56c9d1,4,3,0.9486998441187251,0.0,0.6388888888888888,0.23733643023399487,0.5,0.75
glass_loso,robot_action,base_crash,all,821b498fc1fcb4e3c103635fa473d7577f718c4f633b273772954295c83ae585,5,5,0.9125464352867123,,1.0000000000000002,0.007738121533586929,,1.0
glass_loso,robot_action,base_crash,all,9176c2514b8a62105f4d2b8a22a8a0b0236c5b9feda58c18ef64cea917b98d9d,5,4,0.9070138879215295,0.0,0.6791666666666667,0.19060451681103843,0.5,0.8
glass_loso,robot_action,base_crash,all,986b3dff233a80cf0fd1c48f815600f49b95f83be0d9f898fee40d0a5c9dca63,4,4,0.8207640179487115,,1.0,0.03345099319135762,,1.0
glass_loso,robot_action,base_crash,all,a3e1c487338ecfe4ce59e1e8f0be7a20d0442476ad923022ec430bdb5470ee56,4,3,0.9478281677114124,0.3333333333333333,0.8055555555555556,0.22769314214378264,0.5,0.75
glass_loso,robot_action,base_crash,all,a992f0a563f4b0239708f4be6fa38192e6930b15387567b2d4a16568d4fa5671,4,4,0.9209848621462549,,1.0,0.006750219378332386,,1.0
glass_loso,robot_action,base_crash,all,b830bede73f505b84b88a6596e92c22a5a4c0ded1e275e8e5b28a599849d2df6,10,9,0.927935475621922,0.3333333333333334,0.9060405643738978,0.09305888742048789,0.5,0.8999999999999999
glass_loso,robot_action,base_crash,all,c8fa274849bf4beeb7c46b93a7de7a6242e5af2e9c83a395e8d0db16da5e81d8,5,5,0.9115792882539193,,1.0000000000000002,0.008275627226436684,,1.0
glass_loso,robot_action,base_crash,all,d6796d48077a08484abd1252e6deb387d8b6a10bf445e66c4e6eaa0bde0f7818,5,5,0.8329014513569764,,1.0000000000000002,0.04348699070997926,,1.0
glass_loso,robot_action,base_crash,all,ddd84e646ab0cdd38c0f283802f28ac361a412492f3872c7f489b95bb55d53af,5,2,0.9549095736176845,0.6666666666666666,0.75,0.5460017672969332,0.5,0.4
glass_loso,robot_action,base_crash,all,f64d2a60c3b9cebc4b5e12f86f4978711b4ca1e7a3788d1756d078c45a1c1004,4,3,0.922263092424843,0.0,0.6388888888888888,0.2408167425089972,0.5,0.75
glass_loso,robot_action,base_crash,glass,0815f4806fc9a4fbd58c6627c8b92fd77f1b80ad4b8b4cd6d0c6e0541d488a7b,4,4,0.9117842571480953,,1.0,0.008305779053962343,,1.0
glass_loso,robot_action,base_crash,glass,28c563172e6e13a0d3d84f1527243878c67a2140fa8c9a81ecb8b81ec9402dc8,5,4,0.7942530305135264,0.0,0.6791666666666667,0.21789466011883113,0.5,0.8
glass_loso,robot_action,base_crash,glass,2ef1381d9cfc0a92b107e2940bcf431c7494cd7067d032284f30a23c47b487cc,6,6,0.8722037328112512,,1.0000000000000002,0.01747400150580898,,0.9999999999999999
glass_loso,robot_action,base_crash,glass,3f7887ee8820a4163a5033c81050731e85d1a310652a612f5b0ea5c450ec2043,5,4,0.9319125410355878,0.0,0.6791666666666667,0.19612377426541816,0.5,0.8
glass_loso,robot_action,base_crash,glass,5de3fa5396875480db81793738029227ed357caa91e5d24290ffc5cb0371f908,4,4,0.808943934261295,,1.0,0.04478909798726137,,1.0
glass_loso,robot_action,base_crash,glass,61f6ada542d03d1dd4d75a304f2674efa20660163c54b012b956522e98835cac,4,4,0.8800752937212483,,1.0,0.017754063505810526,,1.0
glass_loso,robot_action,base_crash,glass,6292759eb45913ce4ed8447194504833f347d9355012e3228775797a4b0a7cd1,4,4,0.8963319254892828,,1.0,0.012342502498532009,,1.0
glass_loso,robot_action,base_crash,glass,655347c9fb28aaf505e162e6bcad095d17e4bfee5506113825cfb3da6ca60845,4,4,0.8731681366590548,,1.0,0.016475421810294273,,1.0
glass_loso,robot_action,base_crash,glass,69fa7e93588c6aea4b134efa44633d38556ce1656b46df276021920a664881a3,10,10,0.9220541553248603,,1.0000000000000002,0.0064579744352877486,,0.9999999999999999
glass_loso,robot_action,base_crash,glass,76fe1d96587ab928f6fb5d7750ecd048fd712eb3d66aa60feb972a3d9d56c9d1,4,3,0.9486998441187251,0.0,0.6388888888888888,0.23733643023399487,0.5,0.75
glass_loso,robot_action,base_crash,glass,821b498fc1fcb4e3c103635fa473d7577f718c4f633b273772954295c83ae585,5,5,0.9125464352867123,,1.0000000000000002,0.007738121533586929,,1.0
glass_loso,robot_action,base_crash,glass,9176c2514b8a62105f4d2b8a22a8a0b0236c5b9feda58c18ef64cea917b98d9d,5,4,0.9070138879215295,0.0,0.6791666666666667,0.19060451681103843,0.5,0.8
glass_loso,robot_action,base_crash,glass,986b3dff233a80cf0fd1c48f815600f49b95f83be0d9f898fee40d0a5c9dca63,4,4,0.8207640179487115,,1.0,0.03345099319135762,,1.0
glass_loso,robot_action,base_crash,glass,a3e1c487338ecfe4ce59e1e8f0be7a20d0442476ad923022ec430bdb5470ee56,4,3,0.9478281677114124,0.3333333333333333,0.8055555555555556,0.22769314214378264,0.5,0.75
glass_loso,robot_action,base_crash,glass,a992f0a563f4b0239708f4be6fa38192e6930b15387567b2d4a16568d4fa5671,4,4,0.9209848621462549,,1.0,0.006750219378332386,,1.0
glass_loso,robot_action,base_crash,glass,b830bede73f505b84b88a6596e92c22a5a4c0ded1e275e8e5b28a599849d2df6,10,9,0.927935475621922,0.3333333333333334,0.9060405643738978,0.09305888742048789,0.5,0.8999999999999999
glass_loso,robot_action,base_crash,glass,c8fa274849bf4beeb7c46b93a7de7a6242e5af2e9c83a395e8d0db16da5e81d8,5,5,0.9115792882539193,,1.0000000000000002,0.008275627226436684,,1.0
glass_loso,robot_action,base_crash,glass,d6796d48077a08484abd1252e6deb387d8b6a10bf445e66c4e6eaa0bde0f7818,5,5,0.8329014513569764,,1.0000000000000002,0.04348699070997926,,1.0
glass_loso,robot_action,base_crash,glass,ddd84e646ab0cdd38c0f283802f28ac361a412492f3872c7f489b95bb55d53af,5,2,0.9549095736176845,0.6666666666666666,0.75,0.5460017672969332,0.5,0.4
glass_loso,robot_action,base_crash,glass,f64d2a60c3b9cebc4b5e12f86f4978711b4ca1e7a3788d1756d078c45a1c1004,4,3,0.922263092424843,0.0,0.6388888888888888,0.2408167425089972,0.5,0.75
glass_loso,robot_action,detour_success,all,0815f4806fc9a4fbd58c6627c8b92fd77f1b80ad4b8b4cd6d0c6e0541d488a7b,4,3,0.2901042791764836,1.0,1.0,0.3216673373984514,0.6666666666666666,0.75
glass_loso,robot_action,detour_success,all,28c563172e6e13a0d3d84f1527243878c67a2140fa8c9a81ecb8b81ec9402dc8,5,0,0.03761518087109655,,,0.0022301220771300677,,0.0
glass_loso,robot_action,detour_success,all,2ef1381d9cfc0a92b107e2940bcf431c7494cd7067d032284f30a23c47b487cc,6,0,0.3103042779564344,,,0.10909707629345668,,0.0
glass_loso,robot_action,detour_success,all,3f7887ee8820a4163a5033c81050731e85d1a310652a612f5b0ea5c450ec2043,5,0,0.1841466432342394,,,0.036379364676110915,,0.0
glass_loso,robot_action,detour_success,all,5de3fa5396875480db81793738029227ed357caa91e5d24290ffc5cb0371f908,4,0,0.23639908642723229,,,0.07155581173597031,,0.0
glass_loso,robot_action,detour_success,all,61f6ada542d03d1dd4d75a304f2674efa20660163c54b012b956522e98835cac,4,0,0.16717682155674407,,,0.032554110151599217,,0.0
glass_loso,robot_action,detour_success,all,6292759eb45913ce4ed8447194504833f347d9355012e3228775797a4b0a7cd1,4,4,0.1670684164998568,,1.0,0.6965042627138189,,1.0
glass_loso,robot_action,detour_success,all,655347c9fb28aaf505e162e6bcad095d17e4bfee5506113825cfb3da6ca60845,4,0,0.2678902423359439,,,0.08423863826307028,,0.0
glass_loso,robot_action,detour_success,all,69fa7e93588c6aea4b134efa44633d38556ce1656b46df276021920a664881a3,10,4,0.3198538494122021,0.7916666666666667,0.7470238095238096,0.1864436139751141,0.5416666666666667,0.4
glass_loso,robot_action,detour_success,all,76fe1d96587ab928f6fb5d7750ecd048fd712eb3d66aa60feb972a3d9d56c9d1,4,0,0.19808169909820164,,,0.048684458272194114,,0.0
glass_loso,robot_action,detour_success,all,821b498fc1fcb4e3c103635fa473d7577f718c4f633b273772954295c83ae585,5,0,0.26712859276233625,,,0.09916273488387604,,0.0
glass_loso,robot_action,detour_success,all,9176c2514b8a62105f4d2b8a22a8a0b0236c5b9feda58c18ef64cea917b98d9d,5,4,0.31203340109903704,0.5,0.8875,0.41558921020990514,0.5,0.8
glass_loso,robot_action,detour_success,all,986b3dff233a80cf0fd1c48f815600f49b95f83be0d9f898fee40d0a5c9dca63,4,3,0.18535802985537528,0.0,0.6388888888888888,0.5976337733475475,0.5,0.75
glass_loso,robot_action,detour_success,all,a3e1c487338ecfe4ce59e1e8f0be7a20d0442476ad923022ec430bdb5470ee56,4,3,0.24161595474058079,1.0,1.0,0.39952998801457934,0.5,0.75
glass_loso,robot_action,detour_success,all,a992f0a563f4b0239708f4be6fa38192e6930b15387567b2d4a16568d4fa5671,4,0,0.47198791945607355,,,0.2604985834998915,,0.0
glass_loso,robot_action,detour_success,all,b830bede73f505b84b88a6596e92c22a5a4c0ded1e275e8e5b28a599849d2df6,10,0,0.28164146603347273,,,0.10534731307808873,,0.0
glass_loso,robot_action,detour_success,all,c8fa274849bf4beeb7c46b93a7de7a6242e5af2e9c83a395e8d0db16da5e81d8,5,0,0.19956719288565486,,,0.0598622402941624,,0.0
glass_loso,robot_action,detour_success,all,d6796d48077a08484abd1252e6deb387d8b6a10bf445e66c4e6eaa0bde0f7818,5,2,0.007055859722556521,0.5,0.7,0.3946742658700463,0.5,0.4
glass_loso,robot_action,detour_success,all,ddd84e646ab0cdd38c0f283802f28ac361a412492f3872c7f489b95bb55d53af,5,0,0.3187577581075874,,,0.10691049284637341,,0.0
glass_loso,robot_action,detour_success,all,f64d2a60c3b9cebc4b5e12f86f4978711b4ca1e7a3788d1756d078c45a1c1004,4,0,0.23137992410633756,,,0.061510989215908266,,0.0
glass_loso,robot_action,detour_success,glass,0815f4806fc9a4fbd58c6627c8b92fd77f1b80ad4b8b4cd6d0c6e0541d488a7b,4,3,0.2901042791764836,1.0,1.0,0.3216673373984514,0.6666666666666666,0.75
glass_loso,robot_action,detour_success,glass,28c563172e6e13a0d3d84f1527243878c67a2140fa8c9a81ecb8b81ec9402dc8,5,0,0.03761518087109655,,,0.0022301220771300677,,0.0
glass_loso,robot_action,detour_success,glass,2ef1381d9cfc0a92b107e2940bcf431c7494cd7067d032284f30a23c47b487cc,6,0,0.3103042779564344,,,0.10909707629345668,,0.0
glass_loso,robot_action,detour_success,glass,3f7887ee8820a4163a5033c81050731e85d1a310652a612f5b0ea5c450ec2043,5,0,0.1841466432342394,,,0.036379364676110915,,0.0
glass_loso,robot_action,detour_success,glass,5de3fa5396875480db81793738029227ed357caa91e5d24290ffc5cb0371f908,4,0,0.23639908642723229,,,0.07155581173597031,,0.0
glass_loso,robot_action,detour_success,glass,61f6ada542d03d1dd4d75a304f2674efa20660163c54b012b956522e98835cac,4,0,0.16717682155674407,,,0.032554110151599217,,0.0
glass_loso,robot_action,detour_success,glass,6292759eb45913ce4ed8447194504833f347d9355012e3228775797a4b0a7cd1,4,4,0.1670684164998568,,1.0,0.6965042627138189,,1.0
glass_loso,robot_action,detour_success,glass,655347c9fb28aaf505e162e6bcad095d17e4bfee5506113825cfb3da6ca60845,4,0,0.2678902423359439,,,0.08423863826307028,,0.0
glass_loso,robot_action,detour_success,glass,69fa7e93588c6aea4b134efa44633d38556ce1656b46df276021920a664881a3,10,4,0.3198538494122021,0.7916666666666667,0.7470238095238096,0.1864436139751141,0.5416666666666667,0.4
glass_loso,robot_action,detour_success,glass,76fe1d96587ab928f6fb5d7750ecd048fd712eb3d66aa60feb972a3d9d56c9d1,4,0,0.19808169909820164,,,0.048684458272194114,,0.0
glass_loso,robot_action,detour_success,glass,821b498fc1fcb4e3c103635fa473d7577f718c4f633b273772954295c83ae585,5,0,0.26712859276233625,,,0.09916273488387604,,0.0
glass_loso,robot_action,detour_success,glass,9176c2514b8a62105f4d2b8a22a8a0b0236c5b9feda58c18ef64cea917b98d9d,5,4,0.31203340109903704,0.5,0.8875,0.41558921020990514,0.5,0.8
glass_loso,robot_action,detour_success,glass,986b3dff233a80cf0fd1c48f815600f49b95f83be0d9f898fee40d0a5c9dca63,4,3,0.18535802985537528,0.0,0.6388888888888888,0.5976337733475475,0.5,0.75
glass_loso,robot_action,detour_success,glass,a3e1c487338ecfe4ce59e1e8f0be7a20d0442476ad923022ec430bdb5470ee56,4,3,0.24161595474058079,1.0,1.0,0.39952998801457934,0.5,0.75
glass_loso,robot_action,detour_success,glass,a992f0a563f4b0239708f4be6fa38192e6930b15387567b2d4a16568d4fa5671,4,0,0.47198791945607355,,,0.2604985834998915,,0.0
glass_loso,robot_action,detour_success,glass,b830bede73f505b84b88a6596e92c22a5a4c0ded1e275e8e5b28a599849d2df6,10,0,0.28164146603347273,,,0.10534731307808873,,0.0
glass_loso,robot_action,detour_success,glass,c8fa274849bf4beeb7c46b93a7de7a6242e5af2e9c83a395e8d0db16da5e81d8,5,0,0.19956719288565486,,,0.0598622402941624,,0.0
glass_loso,robot_action,detour_success,glass,d6796d48077a08484abd1252e6deb387d8b6a10bf445e66c4e6eaa0bde0f7818,5,2,0.007055859722556521,0.5,0.7,0.3946742658700463,0.5,0.4
glass_loso,robot_action,detour_success,glass,ddd84e646ab0cdd38c0f283802f28ac361a412492f3872c7f489b95bb55d53af,5,0,0.3187577581075874,,,0.10691049284637341,,0.0
glass_loso,robot_action,detour_success,glass,f64d2a60c3b9cebc4b5e12f86f4978711b4ca1e7a3788d1756d078c45a1c1004,4,0,0.23137992410633756,,,0.061510989215908266,,0.0
glass_loso,robot_action,base_success,all,0815f4806fc9a4fbd58c6627c8b92fd77f1b80ad4b8b4cd6d0c6e0541d488a7b,4,0,0.035825223838674536,,,0.0014718479445589327,,0.0
glass_loso,robot_action,base_success,all,28c563172e6e13a0d3d84f1527243878c67a2140fa8c9a81ecb8b81ec9402dc8,5,0,0.0019107004115473853,,,4.521414251406565e-06,,0.0
glass_loso,robot_action,base_success,all,2ef1381d9cfc0a92b107e2940bcf431c7494cd7067d032284f30a23c47b487cc,6,0,0.02817408664710801,,,0.0008693372757423152,,0.0
glass_loso,robot_action,base_success,all,3f7887ee8820a4163a5033c81050731e85d1a310652a612f5b0ea5c450ec2043,5,0,0.0016131357484098301,,,2.628408419554816e-06,,0.0
glass_loso,robot_action,base_success,all,5de3fa5396875480db81793738029227ed357caa91e5d24290ffc5cb0371f908,4,0,0.05908846996850194,,,0.0045707324033356376,,0.0
glass_loso,robot_action,base_success,all,61f6ada542d03d1dd4d75a304f2674efa20660163c54b012b956522e98835cac,4,0,0.02843570331227956,,,0.0009071121832417765,,0.0
glass_loso,robot_action,base_success,all,6292759eb45913ce4ed8447194504833f347d9355012e3228775797a4b0a7cd1,4,0,0.018095121300508738,,,0.00035764693987629695,,0.0
glass_loso,robot_action,base_success,all,655347c9fb28aaf505e162e6bcad095d17e4bfee5506113825cfb3da6ca60845,4,0,0.023777391763825248,,,0.0006109023820977118,,0.0
glass_loso,robot_action,base_success,all,69fa7e93588c6aea4b134efa44633d38556ce1656b46df276021920a664881a3,10,0,0.03371255202825331,,,0.0014486379489726323,,0.0
glass_loso,robot_action,base_success,all,76fe1d96587ab928f6fb5d7750ecd048fd712eb3d66aa60feb972a3d9d56c9d1,4,0,0.029972627204203715,,,0.0012413929771617513,,0.0
glass_loso,robot_action,base_success,all,821b498fc1fcb4e3c103635fa473d7577f718c4f633b273772954295c83ae585,5,0,0.02927440510083546,,,0.0010851214751676252,,0.0
glass_loso,robot_action,base_success,all,9176c2514b8a62105f4d2b8a22a8a0b0236c5b9feda58c18ef64cea917b98d9d,5,1,0.010583134120963686,0.0,0.2,0.19997836261827806,0.5,0.2
glass_loso,robot_action,base_success,all,986b3dff233a80cf0fd1c48f815600f49b95f83be0d9f898fee40d0a5c9dca63,4,0,0.02126397858874069,,,0.0005540866932966773,,0.0
glass_loso,robot_action,base_success,all,a3e1c487338ecfe4ce59e1e8f0be7a20d0442476ad923022ec430bdb5470ee56,4,0,0.027959561448915635,,,0.0008184583961627309,,0.0
glass_loso,robot_action,base_success,all,a992f0a563f4b0239708f4be6fa38192e6930b15387567b2d4a16568d4fa5671,4,0,0.03523660501349027,,,0.001322125553900266,,0.0
glass_loso,robot_action,base_success,all,b830bede73f505b84b88a6596e92c22a5a4c0ded1e275e8e5b28a599849d2df6,10,0,0.027961525283679445,,,0.0009945399727421173,,0.0
glass_loso,robot_action,base_success,all,c8fa274849bf4beeb7c46b93a7de7a6242e5af2e9c83a395e8d0db16da5e81d8,5,0,0.03495697993248765,,,0.0014242196854768853,,0.0
glass_loso,robot_action,base_success,all,d6796d48077a08484abd1252e6deb387d8b6a10bf445e66c4e6eaa0bde0f7818,5,0,0.0047202375624460875,,,3.6354984560047325e-05,,0.0
glass_loso,robot_action,base_success,all,ddd84e646ab0cdd38c0f283802f28ac361a412492f3872c7f489b95bb55d53af,5,0,0.017831229098786715,,,0.0003571497324264429,,0.0
glass_loso,robot_action,base_success,all,f64d2a60c3b9cebc4b5e12f86f4978711b4ca1e7a3788d1756d078c45a1c1004,4,1,0.0066862436665567175,0.0,0.25,0.24958383518129132,0.5,0.25
glass_loso,robot_action,base_success,glass,0815f4806fc9a4fbd58c6627c8b92fd77f1b80ad4b8b4cd6d0c6e0541d488a7b,4,0,0.035825223838674536,,,0.0014718479445589327,,0.0
glass_loso,robot_action,base_success,glass,28c563172e6e13a0d3d84f1527243878c67a2140fa8c9a81ecb8b81ec9402dc8,5,0,0.0019107004115473853,,,4.521414251406565e-06,,0.0
glass_loso,robot_action,base_success,glass,2ef1381d9cfc0a92b107e2940bcf431c7494cd7067d032284f30a23c47b487cc,6,0,0.02817408664710801,,,0.0008693372757423152,,0.0
glass_loso,robot_action,base_success,glass,3f7887ee8820a4163a5033c81050731e85d1a310652a612f5b0ea5c450ec2043,5,0,0.0016131357484098301,,,2.628408419554816e-06,,0.0
glass_loso,robot_action,base_success,glass,5de3fa5396875480db81793738029227ed357caa91e5d24290ffc5cb0371f908,4,0,0.05908846996850194,,,0.0045707324033356376,,0.0
glass_loso,robot_action,base_success,glass,61f6ada542d03d1dd4d75a304f2674efa20660163c54b012b956522e98835cac,4,0,0.02843570331227956,,,0.0009071121832417765,,0.0
glass_loso,robot_action,base_success,glass,6292759eb45913ce4ed8447194504833f347d9355012e3228775797a4b0a7cd1,4,0,0.018095121300508738,,,0.00035764693987629695,,0.0
glass_loso,robot_action,base_success,glass,655347c9fb28aaf505e162e6bcad095d17e4bfee5506113825cfb3da6ca60845,4,0,0.023777391763825248,,,0.0006109023820977118,,0.0
glass_loso,robot_action,base_success,glass,69fa7e93588c6aea4b134efa44633d38556ce1656b46df276021920a664881a3,10,0,0.03371255202825331,,,0.0014486379489726323,,0.0
glass_loso,robot_action,base_success,glass,76fe1d96587ab928f6fb5d7750ecd048fd712eb3d66aa60feb972a3d9d56c9d1,4,0,0.029972627204203715,,,0.0012413929771617513,,0.0
glass_loso,robot_action,base_success,glass,821b498fc1fcb4e3c103635fa473d7577f718c4f633b273772954295c83ae585,5,0,0.02927440510083546,,,0.0010851214751676252,,0.0
glass_loso,robot_action,base_success,glass,9176c2514b8a62105f4d2b8a22a8a0b0236c5b9feda58c18ef64cea917b98d9d,5,1,0.010583134120963686,0.0,0.2,0.19997836261827806,0.5,0.2
glass_loso,robot_action,base_success,glass,986b3dff233a80cf0fd1c48f815600f49b95f83be0d9f898fee40d0a5c9dca63,4,0,0.02126397858874069,,,0.0005540866932966773,,0.0
glass_loso,robot_action,base_success,glass,a3e1c487338ecfe4ce59e1e8f0be7a20d0442476ad923022ec430bdb5470ee56,4,0,0.027959561448915635,,,0.0008184583961627309,,0.0
glass_loso,robot_action,base_success,glass,a992f0a563f4b0239708f4be6fa38192e6930b15387567b2d4a16568d4fa5671,4,0,0.03523660501349027,,,0.001322125553900266,,0.0
glass_loso,robot_action,base_success,glass,b830bede73f505b84b88a6596e92c22a5a4c0ded1e275e8e5b28a599849d2df6,10,0,0.027961525283679445,,,0.0009945399727421173,,0.0
glass_loso,robot_action,base_success,glass,c8fa274849bf4beeb7c46b93a7de7a6242e5af2e9c83a395e8d0db16da5e81d8,5,0,0.03495697993248765,,,0.0014242196854768853,,0.0
glass_loso,robot_action,base_success,glass,d6796d48077a08484abd1252e6deb387d8b6a10bf445e66c4e6eaa0bde0f7818,5,0,0.0047202375624460875,,,3.6354984560047325e-05,,0.0
glass_loso,robot_action,base_success,glass,ddd84e646ab0cdd38c0f283802f28ac361a412492f3872c7f489b95bb55d53af,5,0,0.017831229098786715,,,0.0003571497324264429,,0.0
glass_loso,robot_action,base_success,glass,f64d2a60c3b9cebc4b5e12f86f4978711b4ca1e7a3788d1756d078c45a1c1004,4,1,0.0066862436665567175,0.0,0.25,0.24958383518129132,0.5,0.25
glass_loso,hidden_robot_action,base_crash,all,0815f4806fc9a4fbd58c6627c8b92fd77f1b80ad4b8b4cd6d0c6e0541d488a7b,4,4,0.9242797947130735,,1.0,0.007554889528477901,,1.0
glass_loso,hidden_robot_action,base_crash,all,28c563172e6e13a0d3d84f1527243878c67a2140fa8c9a81ecb8b81ec9402dc8,5,4,0.842718826666864,0.0,0.6791666666666667,0.22860419666410955,0.5,0.8
glass_loso,hidden_robot_action,base_crash,all,2ef1381d9cfc0a92b107e2940bcf431c7494cd7067d032284f30a23c47b487cc,6,6,0.8879946817839386,,1.0000000000000002,0.019949994517125733,,0.9999999999999999
glass_loso,hidden_robot_action,base_crash,all,3f7887ee8820a4163a5033c81050731e85d1a310652a612f5b0ea5c450ec2043,5,4,0.97145029191825,0.0,0.6791666666666667,0.19683947485020376,0.5,0.8
glass_loso,hidden_robot_action,base_crash,all,5de3fa5396875480db81793738029227ed357caa91e5d24290ffc5cb0371f908,4,4,0.8827902839858066,,1.0,0.02573919003688352,,1.0
glass_loso,hidden_robot_action,base_crash,all,61f6ada542d03d1dd4d75a304f2674efa20660163c54b012b956522e98835cac,4,4,0.9247681974804882,,1.0,0.00960128252478308,,1.0
glass_loso,hidden_robot_action,base_crash,all,6292759eb45913ce4ed8447194504833f347d9355012e3228775797a4b0a7cd1,4,4,0.9347526187193901,,1.0,0.005380875626968724,,1.0
glass_loso,hidden_robot_action,base_crash,all,655347c9fb28aaf505e162e6bcad095d17e4bfee5506113825cfb3da6ca60845,4,4,0.9599227370407775,,1.0,0.003213059393075286,,1.0
glass_loso,hidden_robot_action,base_crash,all,69fa7e93588c6aea4b134efa44633d38556ce1656b46df276021920a664881a3,10,10,0.9027990225828375,,1.0000000000000002,0.013970396807136628,,0.9999999999999999
glass_loso,hidden_robot_action,base_crash,all,76fe1d96587ab928f6fb5d7750ecd048fd712eb3d66aa60feb972a3d9d56c9d1,4,3,0.9693588662249992,0.0,0.6388888888888888,0.24931612706378206,0.5,0.75
glass_loso,hidden_robot_action,base_crash,all,821b498fc1fcb4e3c103635fa473d7577f718c4f633b273772954295c83ae585,5,5,0.8784702874022976,,1.0000000000000002,0.018180651974073793,,1.0
glass_loso,hidden_robot_action,base_crash,all,9176c2514b8a62105f4d2b8a22a8a0b0236c5b9feda58c18ef64cea917b98d9d,5,4,0.9192067470199689,0.25,0.8041666666666667,0.19515411282835204,0.5,0.8
glass_loso,hidden_robot_action,base_crash,all,986b3dff233a80cf0fd1c48f815600f49b95f83be0d9f898fee40d0a5c9dca63,4,4,0.8775690667933547,,1.0,0.015247258062001673,,1.0
glass_loso,hidden_robot_action,base_crash,all,a3e1c487338ecfe4ce59e1e8f0be7a20d0442476ad923022ec430bdb5470ee56,4,3,0.9372240847670807,0.3333333333333333,0.8055555555555556,0.22203537323353953,0.5,0.75
glass_loso,hidden_robot_action,base_crash,all,a992f0a563f4b0239708f4be6fa38192e6930b15387567b2d4a16568d4fa5671,4,4,0.9268186222810205,,1.0,0.008409008006000243,,1.0
glass_loso,hidden_robot_action,base_crash,all,b830bede73f505b84b88a6596e92c22a5a4c0ded1e275e8e5b28a599849d2df6,10,9,0.9444506515748244,0.44444444444444453,0.92826278659612,0.09367074770149295,0.5,0.8999999999999999
glass_loso,hidden_robot_action,base_crash,all,c8fa274849bf4beeb7c46b93a7de7a6242e5af2e9c83a395e8d0db16da5e81d8,5,5,0.8806490981875408,,1.0000000000000002,0.02437508223350517,,1.0
glass_loso,hidden_robot_action,base_crash,all,d6796d48077a08484abd1252e6deb387d8b6a10bf445e66c4e6eaa0bde0f7818,5,5,0.8184202322875211,,1.0000000000000002,0.08066111320219214,,1.0
glass_loso,hidden_robot_action,base_crash,all,ddd84e646ab0cdd38c0f283802f28ac361a412492f3872c7f489b95bb55d53af,5,2,0.9652638180964435,0.3333333333333333,0.41666666666666663,0.5568343680751728,0.5,0.4
glass_loso,hidden_robot_action,base_crash,all,f64d2a60c3b9cebc4b5e12f86f4978711b4ca1e7a3788d1756d078c45a1c1004,4,3,0.9148176749567243,0.3333333333333333,0.8055555555555556,0.2526703130604781,0.5,0.75
glass_loso,hidden_robot_action,base_crash,glass,0815f4806fc9a4fbd58c6627c8b92fd77f1b80ad4b8b4cd6d0c6e0541d488a7b,4,4,0.9242797947130735,,1.0,0.007554889528477901,,1.0
glass_loso,hidden_robot_action,base_crash,glass,28c563172e6e13a0d3d84f1527243878c67a2140fa8c9a81ecb8b81ec9402dc8,5,4,0.842718826666864,0.0,0.6791666666666667,0.22860419666410955,0.5,0.8
glass_loso,hidden_robot_action,base_crash,glass,2ef1381d9cfc0a92b107e2940bcf431c7494cd7067d032284f30a23c47b487cc,6,6,0.8879946817839386,,1.0000000000000002,0.019949994517125733,,0.9999999999999999
glass_loso,hidden_robot_action,base_crash,glass,3f7887ee8820a4163a5033c81050731e85d1a310652a612f5b0ea5c450ec2043,5,4,0.97145029191825,0.0,0.6791666666666667,0.19683947485020376,0.5,0.8
glass_loso,hidden_robot_action,base_crash,glass,5de3fa5396875480db81793738029227ed357caa91e5d24290ffc5cb0371f908,4,4,0.8827902839858066,,1.0,0.02573919003688352,,1.0
glass_loso,hidden_robot_action,base_crash,glass,61f6ada542d03d1dd4d75a304f2674efa20660163c54b012b956522e98835cac,4,4,0.9247681974804882,,1.0,0.00960128252478308,,1.0
glass_loso,hidden_robot_action,base_crash,glass,6292759eb45913ce4ed8447194504833f347d9355012e3228775797a4b0a7cd1,4,4,0.9347526187193901,,1.0,0.005380875626968724,,1.0
glass_loso,hidden_robot_action,base_crash,glass,655347c9fb28aaf505e162e6bcad095d17e4bfee5506113825cfb3da6ca60845,4,4,0.9599227370407775,,1.0,0.003213059393075286,,1.0
glass_loso,hidden_robot_action,base_crash,glass,69fa7e93588c6aea4b134efa44633d38556ce1656b46df276021920a664881a3,10,10,0.9027990225828375,,1.0000000000000002,0.013970396807136628,,0.9999999999999999
glass_loso,hidden_robot_action,base_crash,glass,76fe1d96587ab928f6fb5d7750ecd048fd712eb3d66aa60feb972a3d9d56c9d1,4,3,0.9693588662249992,0.0,0.6388888888888888,0.24931612706378206,0.5,0.75
glass_loso,hidden_robot_action,base_crash,glass,821b498fc1fcb4e3c103635fa473d7577f718c4f633b273772954295c83ae585,5,5,0.8784702874022976,,1.0000000000000002,0.018180651974073793,,1.0
glass_loso,hidden_robot_action,base_crash,glass,9176c2514b8a62105f4d2b8a22a8a0b0236c5b9feda58c18ef64cea917b98d9d,5,4,0.9192067470199689,0.25,0.8041666666666667,0.19515411282835204,0.5,0.8
glass_loso,hidden_robot_action,base_crash,glass,986b3dff233a80cf0fd1c48f815600f49b95f83be0d9f898fee40d0a5c9dca63,4,4,0.8775690667933547,,1.0,0.015247258062001673,,1.0
glass_loso,hidden_robot_action,base_crash,glass,a3e1c487338ecfe4ce59e1e8f0be7a20d0442476ad923022ec430bdb5470ee56,4,3,0.9372240847670807,0.3333333333333333,0.8055555555555556,0.22203537323353953,0.5,0.75
glass_loso,hidden_robot_action,base_crash,glass,a992f0a563f4b0239708f4be6fa38192e6930b15387567b2d4a16568d4fa5671,4,4,0.9268186222810205,,1.0,0.008409008006000243,,1.0
glass_loso,hidden_robot_action,base_crash,glass,b830bede73f505b84b88a6596e92c22a5a4c0ded1e275e8e5b28a599849d2df6,10,9,0.9444506515748244,0.44444444444444453,0.92826278659612,0.09367074770149295,0.5,0.8999999999999999
glass_loso,hidden_robot_action,base_crash,glass,c8fa274849bf4beeb7c46b93a7de7a6242e5af2e9c83a395e8d0db16da5e81d8,5,5,0.8806490981875408,,1.0000000000000002,0.02437508223350517,,1.0
glass_loso,hidden_robot_action,base_crash,glass,d6796d48077a08484abd1252e6deb387d8b6a10bf445e66c4e6eaa0bde0f7818,5,5,0.8184202322875211,,1.0000000000000002,0.08066111320219214,,1.0
glass_loso,hidden_robot_action,base_crash,glass,ddd84e646ab0cdd38c0f283802f28ac361a412492f3872c7f489b95bb55d53af,5,2,0.9652638180964435,0.3333333333333333,0.41666666666666663,0.5568343680751728,0.5,0.4
glass_loso,hidden_robot_action,base_crash,glass,f64d2a60c3b9cebc4b5e12f86f4978711b4ca1e7a3788d1756d078c45a1c1004,4,3,0.9148176749567243,0.3333333333333333,0.8055555555555556,0.2526703130604781,0.5,0.75
glass_loso,hidden_robot_action,detour_success,all,0815f4806fc9a4fbd58c6627c8b92fd77f1b80ad4b8b4cd6d0c6e0541d488a7b,4,3,0.14593519759247908,1.0,1.0,0.5074213106214593,0.5,0.75
glass_loso,hidden_robot_action,detour_success,all,28c563172e6e13a0d3d84f1527243878c67a2140fa8c9a81ecb8b81ec9402dc8,5,0,0.0053500557857584395,,,5.301985459763632e-05,,0.0
glass_loso,hidden_robot_action,detour_success,all,2ef1381d9cfc0a92b107e2940bcf431c7494cd7067d032284f30a23c47b487cc,6,0,0.2390817627426395,,,0.06644343447925463,,0.0
glass_loso,hidden_robot_action,detour_success,all,3f7887ee8820a4163a5033c81050731e85d1a310652a612f5b0ea5c450ec2043,5,0,0.03246979491199797,,,0.0010867837111720726,,0.0
glass_loso,hidden_robot_action,detour_success,all,5de3fa5396875480db81793738029227ed357caa91e5d24290ffc5cb0371f908,4,0,0.07875791014023009,,,0.007659093923650047,,0.0
glass_loso,hidden_robot_action,detour_success,all,61f6ada542d03d1dd4d75a304f2674efa20660163c54b012b956522e98835cac,4,0,0.20356714673407147,,,0.04343957573148265,,0.0
glass_loso,hidden_robot_action,detour_success,all,6292759eb45913ce4ed8447194504833f347d9355012e3228775797a4b0a7cd1,4,4,0.1911721853190695,,1.0,0.6565544250606649,,1.0
glass_loso,hidden_robot_action,detour_success,all,655347c9fb28aaf505e162e6bcad095d17e4bfee5506113825cfb3da6ca60845,4,0,0.21427375816831373,,,0.061377533503853735,,0.0
glass_loso,hidden_robot_action,detour_success,all,69fa7e93588c6aea4b134efa44633d38556ce1656b46df276021920a664881a3,10,4,0.3289228783377114,0.7916666666666667,0.7470238095238096,0.17489423863920164,0.6666666666666667,0.4
glass_loso,hidden_robot_action,detour_success,all,76fe1d96587ab928f6fb5d7750ecd048fd712eb3d66aa60feb972a3d9d56c9d1,4,0,0.1391303854662506,,,0.022717340683391516,,0.0
glass_loso,hidden_robot_action,detour_success,all,821b498fc1fcb4e3c103635fa473d7577f718c4f633b273772954295c83ae585,5,0,0.27773705126976056,,,0.12195589362274815,,0.0
glass_loso,hidden_robot_action,detour_success,all,9176c2514b8a62105f4d2b8a22a8a0b0236c5b9feda58c18ef64cea917b98d9d,5,4,0.19148121749013344,0.5,0.8875,0.5211730434010451,0.5,0.8
glass_loso,hidden_robot_action,detour_success,all,986b3dff233a80cf0fd1c48f815600f49b95f83be0d9f898fee40d0a5c9dca63,4,3,0.21525760977524772,0.0,0.6388888888888888,0.6095963160299028,0.5,0.75
glass_loso,hidden_robot_action,detour_success,all,a3e1c487338ecfe4ce59e1e8f0be7a20d0442476ad923022ec430bdb5470ee56,4,3,0.3484208936213653,0.6666666666666666,0.9166666666666666,0.3271609853311045,0.6666666666666666,0.75
glass_loso,hidden_robot_action,detour_success,all,a992f0a563f4b0239708f4be6fa38192e6930b15387567b2d4a16568d4fa5671,4,0,0.5751825033624262,,,0.40186759603633854,,0.0
glass_loso,hidden_robot_action,detour_success,all,b830bede73f505b84b88a6596e92c22a5a4c0ded1e275e8e5b28a599849d2df6,10,0,0.31145019618629577,,,0.14337765525879162,,0.0
glass_loso,hidden_robot_action,detour_success,all,c8fa274849bf4beeb7c46b93a7de7a6242e5af2e9c83a395e8d0db16da5e81d8,5,0,0.2307834037497972,,,0.07581801410770418,,0.0
glass_loso,hidden_robot_action,detour_success,all,d6796d48077a08484abd1252e6deb387d8b6a10bf445e66c4e6eaa0bde0f7818,5,2,0.0008929016194961003,0.5,0.7,0.39924143560106473,0.5,0.4
glass_loso,hidden_robot_action,detour_success,all,ddd84e646ab0cdd38c0f283802f28ac361a412492f3872c7f489b95bb55d53af,5,0,0.3425994564193607,,,0.1215060506950931,,0.0
glass_loso,hidden_robot_action,detour_success,all,f64d2a60c3b9cebc4b5e12f86f4978711b4ca1e7a3788d1756d078c45a1c1004,4,0,0.19860057506070555,,,0.0430457152734122,,0.0
glass_loso,hidden_robot_action,detour_success,glass,0815f4806fc9a4fbd58c6627c8b92fd77f1b80ad4b8b4cd6d0c6e0541d488a7b,4,3,0.14593519759247908,1.0,1.0,0.5074213106214593,0.5,0.75
glass_loso,hidden_robot_action,detour_success,glass,28c563172e6e13a0d3d84f1527243878c67a2140fa8c9a81ecb8b81ec9402dc8,5,0,0.0053500557857584395,,,5.301985459763632e-05,,0.0
glass_loso,hidden_robot_action,detour_success,glass,2ef1381d9cfc0a92b107e2940bcf431c7494cd7067d032284f30a23c47b487cc,6,0,0.2390817627426395,,,0.06644343447925463,,0.0
glass_loso,hidden_robot_action,detour_success,glass,3f7887ee8820a4163a5033c81050731e85d1a310652a612f5b0ea5c450ec2043,5,0,0.03246979491199797,,,0.0010867837111720726,,0.0
glass_loso,hidden_robot_action,detour_success,glass,5de3fa5396875480db81793738029227ed357caa91e5d24290ffc5cb0371f908,4,0,0.07875791014023009,,,0.007659093923650047,,0.0
glass_loso,hidden_robot_action,detour_success,glass,61f6ada542d03d1dd4d75a304f2674efa20660163c54b012b956522e98835cac,4,0,0.20356714673407147,,,0.04343957573148265,,0.0
glass_loso,hidden_robot_action,detour_success,glass,6292759eb45913ce4ed8447194504833f347d9355012e3228775797a4b0a7cd1,4,4,0.1911721853190695,,1.0,0.6565544250606649,,1.0
glass_loso,hidden_robot_action,detour_success,glass,655347c9fb28aaf505e162e6bcad095d17e4bfee5506113825cfb3da6ca60845,4,0,0.21427375816831373,,,0.061377533503853735,,0.0
glass_loso,hidden_robot_action,detour_success,glass,69fa7e93588c6aea4b134efa44633d38556ce1656b46df276021920a664881a3,10,4,0.3289228783377114,0.7916666666666667,0.7470238095238096,0.17489423863920164,0.6666666666666667,0.4
glass_loso,hidden_robot_action,detour_success,glass,76fe1d96587ab928f6fb5d7750ecd048fd712eb3d66aa60feb972a3d9d56c9d1,4,0,0.1391303854662506,,,0.022717340683391516,,0.0
glass_loso,hidden_robot_action,detour_success,glass,821b498fc1fcb4e3c103635fa473d7577f718c4f633b273772954295c83ae585,5,0,0.27773705126976056,,,0.12195589362274815,,0.0
glass_loso,hidden_robot_action,detour_success,glass,9176c2514b8a62105f4d2b8a22a8a0b0236c5b9feda58c18ef64cea917b98d9d,5,4,0.19148121749013344,0.5,0.8875,0.5211730434010451,0.5,0.8
glass_loso,hidden_robot_action,detour_success,glass,986b3dff233a80cf0fd1c48f815600f49b95f83be0d9f898fee40d0a5c9dca63,4,3,0.21525760977524772,0.0,0.6388888888888888,0.6095963160299028,0.5,0.75
glass_loso,hidden_robot_action,detour_success,glass,a3e1c487338ecfe4ce59e1e8f0be7a20d0442476ad923022ec430bdb5470ee56,4,3,0.3484208936213653,0.6666666666666666,0.9166666666666666,0.3271609853311045,0.6666666666666666,0.75
glass_loso,hidden_robot_action,detour_success,glass,a992f0a563f4b0239708f4be6fa38192e6930b15387567b2d4a16568d4fa5671,4,0,0.5751825033624262,,,0.40186759603633854,,0.0
glass_loso,hidden_robot_action,detour_success,glass,b830bede73f505b84b88a6596e92c22a5a4c0ded1e275e8e5b28a599849d2df6,10,0,0.31145019618629577,,,0.14337765525879162,,0.0
glass_loso,hidden_robot_action,detour_success,glass,c8fa274849bf4beeb7c46b93a7de7a6242e5af2e9c83a395e8d0db16da5e81d8,5,0,0.2307834037497972,,,0.07581801410770418,,0.0
glass_loso,hidden_robot_action,detour_success,glass,d6796d48077a08484abd1252e6deb387d8b6a10bf445e66c4e6eaa0bde0f7818,5,2,0.0008929016194961003,0.5,0.7,0.39924143560106473,0.5,0.4
glass_loso,hidden_robot_action,detour_success,glass,ddd84e646ab0cdd38c0f283802f28ac361a412492f3872c7f489b95bb55d53af,5,0,0.3425994564193607,,,0.1215060506950931,,0.0
glass_loso,hidden_robot_action,detour_success,glass,f64d2a60c3b9cebc4b5e12f86f4978711b4ca1e7a3788d1756d078c45a1c1004,4,0,0.19860057506070555,,,0.0430457152734122,,0.0
glass_loso,hidden_robot_action,base_success,all,0815f4806fc9a4fbd58c6627c8b92fd77f1b80ad4b8b4cd6d0c6e0541d488a7b,4,0,0.027399616128825112,,,0.0013209761373569847,,0.0
glass_loso,hidden_robot_action,base_success,all,28c563172e6e13a0d3d84f1527243878c67a2140fa8c9a81ecb8b81ec9402dc8,5,0,0.0006738499628361771,,,5.797847137544553e-07,,0.0
glass_loso,hidden_robot_action,base_success,all,2ef1381d9cfc0a92b107e2940bcf431c7494cd7067d032284f30a23c47b487cc,6,0,0.010455385626094662,,,0.00012966293473244748,,0.0
glass_loso,hidden_robot_action,base_success,all,3f7887ee8820a4163a5033c81050731e85d1a310652a612f5b0ea5c450ec2043,5,0,0.0007588115193259704,,,6.258101013442858e-07,,0.0
glass_loso,hidden_robot_action,base_success,all,5de3fa5396875480db81793738029227ed357caa91e5d24290ffc5cb0371f908,4,0,0.0371215070970088,,,0.0038731057149724796,,0.0
glass_loso,hidden_robot_action,base_success,all,61f6ada542d03d1dd4d75a304f2674efa20660163c54b012b956522e98835cac,4,0,0.026321018992550158,,,0.0018137960072915865,,0.0
glass_loso,hidden_robot_action,base_success,all,6292759eb45913ce4ed8447194504833f347d9355012e3228775797a4b0a7cd1,4,0,0.009808726930935251,,,0.00014089562579293737,,0.0
glass_loso,hidden_robot_action,base_success,all,655347c9fb28aaf505e162e6bcad095d17e4bfee5506113825cfb3da6ca60845,4,0,0.008416345542338761,,,0.0001733963605146701,,0.0
glass_loso,hidden_robot_action,base_success,all,69fa7e93588c6aea4b134efa44633d38556ce1656b46df276021920a664881a3,10,0,0.02439768601169663,,,0.0012751353741607611,,0.0
glass_loso,hidden_robot_action,base_success,all,76fe1d96587ab928f6fb5d7750ecd048fd712eb3d66aa60feb972a3d9d56c9d1,4,0,0.01245763200979899,,,0.0003684715458926344,,0.0
glass_loso,hidden_robot_action,base_success,all,821b498fc1fcb4e3c103635fa473d7577f718c4f633b273772954295c83ae585,5,0,0.016567785985995214,,,0.0004711729645773957,,0.0
glass_loso,hidden_robot_action,base_success,all,9176c2514b8a62105f4d2b8a22a8a0b0236c5b9feda58c18ef64cea917b98d9d,5,1,0.005317092572188922,0.0,0.2,0.19967898635614537,0.5,0.2
glass_loso,hidden_robot_action,base_success,all,986b3dff233a80cf0fd1c48f815600f49b95f83be0d9f898fee40d0a5c9dca63,4,0,0.014303610316621845,,,0.00029319852965662086,,0.0
glass_loso,hidden_robot_action,base_success,all,a3e1c487338ecfe4ce59e1e8f0be7a20d0442476ad923022ec430bdb5470ee56,4,0,0.02137353056273706,,,0.0007153777950561792,,0.0
glass_loso,hidden_robot_action,base_success,all,a992f0a563f4b0239708f4be6fa38192e6930b15387567b2d4a16568d4fa5671,4,0,0.022354211361062006,,,0.0008705573841392633,,0.0
glass_loso,hidden_robot_action,base_success,all,b830bede73f505b84b88a6596e92c22a5a4c0ded1e275e8e5b28a599849d2df6,10,0,0.012963521673111558,,,0.00048104430590881935,,0.0
glass_loso,hidden_robot_action,base_success,all,c8fa274849bf4beeb7c46b93a7de7a6242e5af2e9c83a395e8d0db16da5e81d8,5,0,0.024246771434020202,,,0.0010826635414329505,,0.0
glass_loso,hidden_robot_action,base_success,all,d6796d48077a08484abd1252e6deb387d8b6a10bf445e66c4e6eaa0bde0f7818,5,0,0.004747875978891255,,,4.851757249735258e-05,,0.0
glass_loso,hidden_robot_action,base_success,all,ddd84e646ab0cdd38c0f283802f28ac361a412492f3872c7f489b95bb55d53af,5,0,0.006921183899221523,,,5.2591021221983235e-05,,0.0
glass_loso,hidden_robot_action,base_success,all,f64d2a60c3b9cebc4b5e12f86f4978711b4ca1e7a3788d1756d078c45a1c1004,4,1,0.006433877741303156,0.0,0.25,0.24973009098968696,0.5,0.25
glass_loso,hidden_robot_action,base_success,glass,0815f4806fc9a4fbd58c6627c8b92fd77f1b80ad4b8b4cd6d0c6e0541d488a7b,4,0,0.027399616128825112,,,0.0013209761373569847,,0.0
glass_loso,hidden_robot_action,base_success,glass,28c563172e6e13a0d3d84f1527243878c67a2140fa8c9a81ecb8b81ec9402dc8,5,0,0.0006738499628361771,,,5.797847137544553e-07,,0.0
glass_loso,hidden_robot_action,base_success,glass,2ef1381d9cfc0a92b107e2940bcf431c7494cd7067d032284f30a23c47b487cc,6,0,0.010455385626094662,,,0.00012966293473244748,,0.0
glass_loso,hidden_robot_action,base_success,glass,3f7887ee8820a4163a5033c81050731e85d1a310652a612f5b0ea5c450ec2043,5,0,0.0007588115193259704,,,6.258101013442858e-07,,0.0
glass_loso,hidden_robot_action,base_success,glass,5de3fa5396875480db81793738029227ed357caa91e5d24290ffc5cb0371f908,4,0,0.0371215070970088,,,0.0038731057149724796,,0.0
glass_loso,hidden_robot_action,base_success,glass,61f6ada542d03d1dd4d75a304f2674efa20660163c54b012b956522e98835cac,4,0,0.026321018992550158,,,0.0018137960072915865,,0.0
glass_loso,hidden_robot_action,base_success,glass,6292759eb45913ce4ed8447194504833f347d9355012e3228775797a4b0a7cd1,4,0,0.009808726930935251,,,0.00014089562579293737,,0.0
glass_loso,hidden_robot_action,base_success,glass,655347c9fb28aaf505e162e6bcad095d17e4bfee5506113825cfb3da6ca60845,4,0,0.008416345542338761,,,0.0001733963605146701,,0.0
glass_loso,hidden_robot_action,base_success,glass,69fa7e93588c6aea4b134efa44633d38556ce1656b46df276021920a664881a3,10,0,0.02439768601169663,,,0.0012751353741607611,,0.0
glass_loso,hidden_robot_action,base_success,glass,76fe1d96587ab928f6fb5d7750ecd048fd712eb3d66aa60feb972a3d9d56c9d1,4,0,0.01245763200979899,,,0.0003684715458926344,,0.0
glass_loso,hidden_robot_action,base_success,glass,821b498fc1fcb4e3c103635fa473d7577f718c4f633b273772954295c83ae585,5,0,0.016567785985995214,,,0.0004711729645773957,,0.0
glass_loso,hidden_robot_action,base_success,glass,9176c2514b8a62105f4d2b8a22a8a0b0236c5b9feda58c18ef64cea917b98d9d,5,1,0.005317092572188922,0.0,0.2,0.19967898635614537,0.5,0.2
glass_loso,hidden_robot_action,base_success,glass,986b3dff233a80cf0fd1c48f815600f49b95f83be0d9f898fee40d0a5c9dca63,4,0,0.014303610316621845,,,0.00029319852965662086,,0.0
glass_loso,hidden_robot_action,base_success,glass,a3e1c487338ecfe4ce59e1e8f0be7a20d0442476ad923022ec430bdb5470ee56,4,0,0.02137353056273706,,,0.0007153777950561792,,0.0
glass_loso,hidden_robot_action,base_success,glass,a992f0a563f4b0239708f4be6fa38192e6930b15387567b2d4a16568d4fa5671,4,0,0.022354211361062006,,,0.0008705573841392633,,0.0
glass_loso,hidden_robot_action,base_success,glass,b830bede73f505b84b88a6596e92c22a5a4c0ded1e275e8e5b28a599849d2df6,10,0,0.012963521673111558,,,0.00048104430590881935,,0.0
glass_loso,hidden_robot_action,base_success,glass,c8fa274849bf4beeb7c46b93a7de7a6242e5af2e9c83a395e8d0db16da5e81d8,5,0,0.024246771434020202,,,0.0010826635414329505,,0.0
glass_loso,hidden_robot_action,base_success,glass,d6796d48077a08484abd1252e6deb387d8b6a10bf445e66c4e6eaa0bde0f7818,5,0,0.004747875978891255,,,4.851757249735258e-05,,0.0
glass_loso,hidden_robot_action,base_success,glass,ddd84e646ab0cdd38c0f283802f28ac361a412492f3872c7f489b95bb55d53af,5,0,0.006921183899221523,,,5.2591021221983235e-05,,0.0
glass_loso,hidden_robot_action,base_success,glass,f64d2a60c3b9cebc4b5e12f86f4978711b4ca1e7a3788d1756d078c45a1c1004,4,1,0.006433877741303156,0.0,0.25,0.24973009098968696,0.5,0.25
glass_loso,oracle_metadata,base_crash,all,0815f4806fc9a4fbd58c6627c8b92fd77f1b80ad4b8b4cd6d0c6e0541d488a7b,4,4,0.9013811351655553,,1.0,0.0128084750027996,,1.0
glass_loso,oracle_metadata,base_crash,all,28c563172e6e13a0d3d84f1527243878c67a2140fa8c9a81ecb8b81ec9402dc8,5,4,0.8981626667755084,0.75,0.95,0.1642112444595279,0.5,0.8
glass_loso,oracle_metadata,base_crash,all,2ef1381d9cfc0a92b107e2940bcf431c7494cd7067d032284f30a23c47b487cc,6,6,0.9310532776091618,,1.0,0.005067201018904278,,0.9999999999999999
glass_loso,oracle_metadata,base_crash,all,3f7887ee8820a4163a5033c81050731e85d1a310652a612f5b0ea5c450ec2043,5,4,0.8832332032136179,0.125,0.6791666666666667,0.20037775988043263,0.5,0.8
glass_loso,oracle_metadata,base_crash,all,5de3fa5396875480db81793738029227ed357caa91e5d24290ffc5cb0371f908,4,4,0.9013811351655553,,1.0,0.012808475002799604,,1.0
glass_loso,oracle_metadata,base_crash,all,61f6ada542d03d1dd4d75a304f2674efa20660163c54b012b956522e98835cac,4,4,0.9013811351655552,,1.0,0.012808475002799604,,1.0
glass_loso,oracle_metadata,base_crash,all,6292759eb45913ce4ed8447194504833f347d9355012e3228775797a4b0a7cd1,4,4,0.9013811351655554,,1.0,0.012808475002799604,,1.0
glass_loso,oracle_metadata,base_crash,all,655347c9fb28aaf505e162e6bcad095d17e4bfee5506113825cfb3da6ca60845,4,4,0.9013811351655553,,1.0,0.012808475002799602,,1.0
glass_loso,oracle_metadata,base_crash,all,69fa7e93588c6aea4b134efa44633d38556ce1656b46df276021920a664881a3,10,10,0.8740127245616357,,1.0000000000000002,0.0215201765438901,,0.9999999999999999
glass_loso,oracle_metadata,base_crash,all,76fe1d96587ab928f6fb5d7750ecd048fd712eb3d66aa60feb972a3d9d56c9d1,4,3,0.9153552854425818,0.0,0.6388888888888888,0.2549486907116697,0.5,0.75
glass_loso,oracle_metadata,base_crash,all,821b498fc1fcb4e3c103635fa473d7577f718c4f633b273772954295c83ae585,5,5,0.8740127245616357,,1.0000000000000002,0.021520176543890112,,1.0
glass_loso,oracle_metadata,base_crash,all,9176c2514b8a62105f4d2b8a22a8a0b0236c5b9feda58c18ef64cea917b98d9d,5,4,0.8832332032136179,0.125,0.6791666666666667,0.2003777598804326,0.5,0.8
glass_loso,oracle_metadata,base_crash,all,986b3dff233a80cf0fd1c48f815600f49b95f83be0d9f898fee40d0a5c9dca63,4,4,0.9013811351655554,,1.0,0.012808475002799595,,1.0
glass_loso,oracle_metadata,base_crash,all,a3e1c487338ecfe4ce59e1e8f0be7a20d0442476ad923022ec430bdb5470ee56,4,3,0.9166724326157284,1.0,1.0,0.19189935036005504,0.5,0.75
glass_loso,oracle_metadata,base_crash,all,a992f0a563f4b0239708f4be6fa38192e6930b15387567b2d4a16568d4fa5671,4,4,0.9013811351655554,,1.0,0.0128084750027996,,1.0
glass_loso,oracle_metadata,base_crash,all,b830bede73f505b84b88a6596e92c22a5a4c0ded1e275e8e5b28a599849d2df6,10,9,0.8789185422317981,0.7222222222222224,0.963888888888889,0.0867183735855987,0.5,0.8999999999999999
glass_loso,oracle_metadata,base_crash,all,c8fa274849bf4beeb7c46b93a7de7a6242e5af2e9c83a395e8d0db16da5e81d8,5,5,0.8740127245616357,,1.0000000000000002,0.02152017654389013,,1.0
glass_loso,oracle_metadata,base_crash,all,d6796d48077a08484abd1252e6deb387d8b6a10bf445e66c4e6eaa0bde0f7818,5,5,0.8740127245616357,,1.0000000000000002,0.021520176543890126,,1.0
glass_loso,oracle_metadata,base_crash,all,ddd84e646ab0cdd38c0f283802f28ac361a412492f3872c7f489b95bb55d53af,5,2,0.9174121015688208,0.6666666666666666,0.5833333333333333,0.5011258691190897,0.5,0.4
glass_loso,oracle_metadata,base_crash,all,f64d2a60c3b9cebc4b5e12f86f4978711b4ca1e7a3788d1756d078c45a1c1004,4,3,0.9166724326157284,1.0,1.0,0.19189935036005504,0.5,0.75
glass_loso,oracle_metadata,base_crash,glass,0815f4806fc9a4fbd58c6627c8b92fd77f1b80ad4b8b4cd6d0c6e0541d488a7b,4,4,0.9013811351655553,,1.0,0.0128084750027996,,1.0
glass_loso,oracle_metadata,base_crash,glass,28c563172e6e13a0d3d84f1527243878c67a2140fa8c9a81ecb8b81ec9402dc8,5,4,0.8981626667755084,0.75,0.95,0.1642112444595279,0.5,0.8
glass_loso,oracle_metadata,base_crash,glass,2ef1381d9cfc0a92b107e2940bcf431c7494cd7067d032284f30a23c47b487cc,6,6,0.9310532776091618,,1.0,0.005067201018904278,,0.9999999999999999
glass_loso,oracle_metadata,base_crash,glass,3f7887ee8820a4163a5033c81050731e85d1a310652a612f5b0ea5c450ec2043,5,4,0.8832332032136179,0.125,0.6791666666666667,0.20037775988043263,0.5,0.8
glass_loso,oracle_metadata,base_crash,glass,5de3fa5396875480db81793738029227ed357caa91e5d24290ffc5cb0371f908,4,4,0.9013811351655553,,1.0,0.012808475002799604,,1.0
glass_loso,oracle_metadata,base_crash,glass,61f6ada542d03d1dd4d75a304f2674efa20660163c54b012b956522e98835cac,4,4,0.9013811351655552,,1.0,0.012808475002799604,,1.0
glass_loso,oracle_metadata,base_crash,glass,6292759eb45913ce4ed8447194504833f347d9355012e3228775797a4b0a7cd1,4,4,0.9013811351655554,,1.0,0.012808475002799604,,1.0
glass_loso,oracle_metadata,base_crash,glass,655347c9fb28aaf505e162e6bcad095d17e4bfee5506113825cfb3da6ca60845,4,4,0.9013811351655553,,1.0,0.012808475002799602,,1.0
glass_loso,oracle_metadata,base_crash,glass,69fa7e93588c6aea4b134efa44633d38556ce1656b46df276021920a664881a3,10,10,0.8740127245616357,,1.0000000000000002,0.0215201765438901,,0.9999999999999999
glass_loso,oracle_metadata,base_crash,glass,76fe1d96587ab928f6fb5d7750ecd048fd712eb3d66aa60feb972a3d9d56c9d1,4,3,0.9153552854425818,0.0,0.6388888888888888,0.2549486907116697,0.5,0.75
glass_loso,oracle_metadata,base_crash,glass,821b498fc1fcb4e3c103635fa473d7577f718c4f633b273772954295c83ae585,5,5,0.8740127245616357,,1.0000000000000002,0.021520176543890112,,1.0
glass_loso,oracle_metadata,base_crash,glass,9176c2514b8a62105f4d2b8a22a8a0b0236c5b9feda58c18ef64cea917b98d9d,5,4,0.8832332032136179,0.125,0.6791666666666667,0.2003777598804326,0.5,0.8
glass_loso,oracle_metadata,base_crash,glass,986b3dff233a80cf0fd1c48f815600f49b95f83be0d9f898fee40d0a5c9dca63,4,4,0.9013811351655554,,1.0,0.012808475002799595,,1.0
glass_loso,oracle_metadata,base_crash,glass,a3e1c487338ecfe4ce59e1e8f0be7a20d0442476ad923022ec430bdb5470ee56,4,3,0.9166724326157284,1.0,1.0,0.19189935036005504,0.5,0.75
glass_loso,oracle_metadata,base_crash,glass,a992f0a563f4b0239708f4be6fa38192e6930b15387567b2d4a16568d4fa5671,4,4,0.9013811351655554,,1.0,0.0128084750027996,,1.0
glass_loso,oracle_metadata,base_crash,glass,b830bede73f505b84b88a6596e92c22a5a4c0ded1e275e8e5b28a599849d2df6,10,9,0.8789185422317981,0.7222222222222224,0.963888888888889,0.0867183735855987,0.5,0.8999999999999999
glass_loso,oracle_metadata,base_crash,glass,c8fa274849bf4beeb7c46b93a7de7a6242e5af2e9c83a395e8d0db16da5e81d8,5,5,0.8740127245616357,,1.0000000000000002,0.02152017654389013,,1.0
glass_loso,oracle_metadata,base_crash,glass,d6796d48077a08484abd1252e6deb387d8b6a10bf445e66c4e6eaa0bde0f7818,5,5,0.8740127245616357,,1.0000000000000002,0.021520176543890126,,1.0
glass_loso,oracle_metadata,base_crash,glass,ddd84e646ab0cdd38c0f283802f28ac361a412492f3872c7f489b95bb55d53af,5,2,0.9174121015688208,0.6666666666666666,0.5833333333333333,0.5011258691190897,0.5,0.4
glass_loso,oracle_metadata,base_crash,glass,f64d2a60c3b9cebc4b5e12f86f4978711b4ca1e7a3788d1756d078c45a1c1004,4,3,0.9166724326157284,1.0,1.0,0.19189935036005504,0.5,0.75
glass_loso,oracle_metadata,detour_success,all,0815f4806fc9a4fbd58c6627c8b92fd77f1b80ad4b8b4cd6d0c6e0541d488a7b,4,3,0.22601836972915015,0.6666666666666666,0.9166666666666666,0.46272069776801067,0.5,0.75
glass_loso,oracle_metadata,detour_success,all,28c563172e6e13a0d3d84f1527243878c67a2140fa8c9a81ecb8b81ec9402dc8,5,0,0.23898636918359606,,,0.06282164614627839,,0.0
glass_loso,oracle_metadata,detour_success,all,2ef1381d9cfc0a92b107e2940bcf431c7494cd7067d032284f30a23c47b487cc,6,0,0.28910433803408786,,,0.08766422741173584,,0.0
glass_loso,oracle_metadata,detour_success,all,3f7887ee8820a4163a5033c81050731e85d1a310652a612f5b0ea5c450ec2043,5,0,0.23898636918359611,,,0.0628216461462784,,0.0
glass_loso,oracle_metadata,detour_success,all,5de3fa5396875480db81793738029227ed357caa91e5d24290ffc5cb0371f908,4,0,0.2686397794287441,,,0.07580225170528371,,0.0
glass_loso,oracle_metadata,detour_success,all,61f6ada542d03d1dd4d75a304f2674efa20660163c54b012b956522e98835cac,4,0,0.2686397794287442,,,0.07580225170528371,,0.0
glass_loso,oracle_metadata,detour_success,all,6292759eb45913ce4ed8447194504833f347d9355012e3228775797a4b0a7cd1,4,4,0.21070428523377607,,1.0,0.6266739895049143,,1.0
glass_loso,oracle_metadata,detour_success,all,655347c9fb28aaf505e162e6bcad095d17e4bfee5506113825cfb3da6ca60845,4,0,0.2686397794287442,,,0.07580225170528374,,0.0
glass_loso,oracle_metadata,detour_success,all,69fa7e93588c6aea4b134efa44633d38556ce1656b46df276021920a664881a3,10,4,0.2208113680264466,0.75,0.625,0.24857109544251207,0.5,0.4
glass_loso,oracle_metadata,detour_success,all,76fe1d96587ab928f6fb5d7750ecd048fd712eb3d66aa60feb972a3d9d56c9d1,4,0,0.2686397794287442,,,0.07580225170528374,,0.0
glass_loso,oracle_metadata,detour_success,all,821b498fc1fcb4e3c103635fa473d7577f718c4f633b273772954295c83ae585,5,0,0.23898636918359611,,,0.0628216461462784,,0.0
glass_loso,oracle_metadata,detour_success,all,9176c2514b8a62105f4d2b8a22a8a0b0236c5b9feda58c18ef64cea917b98d9d,5,4,0.18802314121368785,0.5,0.8875,0.5447578021083812,0.5,0.8
glass_loso,oracle_metadata,detour_success,all,986b3dff233a80cf0fd1c48f815600f49b95f83be0d9f898fee40d0a5c9dca63,4,3,0.2248966260335185,0.6666666666666666,0.9166666666666666,0.4503829874100918,0.5,0.75
glass_loso,oracle_metadata,detour_success,all,a3e1c487338ecfe4ce59e1e8f0be7a20d0442476ad923022ec430bdb5470ee56,4,3,0.22601836972915013,0.6666666666666666,0.9166666666666666,0.4627206977680107,0.5,0.75
glass_loso,oracle_metadata,detour_success,all,a992f0a563f4b0239708f4be6fa38192e6930b15387567b2d4a16568d4fa5671,4,0,0.2686397794287442,,,0.07580225170528374,,0.0
glass_loso,oracle_metadata,detour_success,all,b830bede73f505b84b88a6596e92c22a5a4c0ded1e275e8e5b28a599849d2df6,10,0,0.23898636918359611,,,0.06282164614627841,,0.0
glass_loso,oracle_metadata,detour_success,all,c8fa274849bf4beeb7c46b93a7de7a6242e5af2e9c83a395e8d0db16da5e81d8,5,0,0.23898636918359614,,,0.0628216461462784,,0.0
glass_loso,oracle_metadata,detour_success,all,d6796d48077a08484abd1252e6deb387d8b6a10bf445e66c4e6eaa0bde0f7818,5,2,0.22010476253609923,0.5,0.5,0.26774853859747544,0.5,0.4
glass_loso,oracle_metadata,detour_success,all,ddd84e646ab0cdd38c0f283802f28ac361a412492f3872c7f489b95bb55d53af,5,0,0.23898636918359614,,,0.06282164614627841,,0.0
glass_loso,oracle_metadata,detour_success,all,f64d2a60c3b9cebc4b5e12f86f4978711b4ca1e7a3788d1756d078c45a1c1004,4,0,0.2686397794287442,,,0.07580225170528372,,0.0
glass_loso,oracle_metadata,detour_success,glass,0815f4806fc9a4fbd58c6627c8b92fd77f1b80ad4b8b4cd6d0c6e0541d488a7b,4,3,0.22601836972915015,0.6666666666666666,0.9166666666666666,0.46272069776801067,0.5,0.75
glass_loso,oracle_metadata,detour_success,glass,28c563172e6e13a0d3d84f1527243878c67a2140fa8c9a81ecb8b81ec9402dc8,5,0,0.23898636918359606,,,0.06282164614627839,,0.0
glass_loso,oracle_metadata,detour_success,glass,2ef1381d9cfc0a92b107e2940bcf431c7494cd7067d032284f30a23c47b487cc,6,0,0.28910433803408786,,,0.08766422741173584,,0.0
glass_loso,oracle_metadata,detour_success,glass,3f7887ee8820a4163a5033c81050731e85d1a310652a612f5b0ea5c450ec2043,5,0,0.23898636918359611,,,0.0628216461462784,,0.0
glass_loso,oracle_metadata,detour_success,glass,5de3fa5396875480db81793738029227ed357caa91e5d24290ffc5cb0371f908,4,0,0.2686397794287441,,,0.07580225170528371,,0.0
glass_loso,oracle_metadata,detour_success,glass,61f6ada542d03d1dd4d75a304f2674efa20660163c54b012b956522e98835cac,4,0,0.2686397794287442,,,0.07580225170528371,,0.0
glass_loso,oracle_metadata,detour_success,glass,6292759eb45913ce4ed8447194504833f347d9355012e3228775797a4b0a7cd1,4,4,0.21070428523377607,,1.0,0.6266739895049143,,1.0
glass_loso,oracle_metadata,detour_success,glass,655347c9fb28aaf505e162e6bcad095d17e4bfee5506113825cfb3da6ca60845,4,0,0.2686397794287442,,,0.07580225170528374,,0.0
glass_loso,oracle_metadata,detour_success,glass,69fa7e93588c6aea4b134efa44633d38556ce1656b46df276021920a664881a3,10,4,0.2208113680264466,0.75,0.625,0.24857109544251207,0.5,0.4
glass_loso,oracle_metadata,detour_success,glass,76fe1d96587ab928f6fb5d7750ecd048fd712eb3d66aa60feb972a3d9d56c9d1,4,0,0.2686397794287442,,,0.07580225170528374,,0.0
glass_loso,oracle_metadata,detour_success,glass,821b498fc1fcb4e3c103635fa473d7577f718c4f633b273772954295c83ae585,5,0,0.23898636918359611,,,0.0628216461462784,,0.0
glass_loso,oracle_metadata,detour_success,glass,9176c2514b8a62105f4d2b8a22a8a0b0236c5b9feda58c18ef64cea917b98d9d,5,4,0.18802314121368785,0.5,0.8875,0.5447578021083812,0.5,0.8
glass_loso,oracle_metadata,detour_success,glass,986b3dff233a80cf0fd1c48f815600f49b95f83be0d9f898fee40d0a5c9dca63,4,3,0.2248966260335185,0.6666666666666666,0.9166666666666666,0.4503829874100918,0.5,0.75
glass_loso,oracle_metadata,detour_success,glass,a3e1c487338ecfe4ce59e1e8f0be7a20d0442476ad923022ec430bdb5470ee56,4,3,0.22601836972915013,0.6666666666666666,0.9166666666666666,0.4627206977680107,0.5,0.75
glass_loso,oracle_metadata,detour_success,glass,a992f0a563f4b0239708f4be6fa38192e6930b15387567b2d4a16568d4fa5671,4,0,0.2686397794287442,,,0.07580225170528374,,0.0
glass_loso,oracle_metadata,detour_success,glass,b830bede73f505b84b88a6596e92c22a5a4c0ded1e275e8e5b28a599849d2df6,10,0,0.23898636918359611,,,0.06282164614627841,,0.0
glass_loso,oracle_metadata,detour_success,glass,c8fa274849bf4beeb7c46b93a7de7a6242e5af2e9c83a395e8d0db16da5e81d8,5,0,0.23898636918359614,,,0.0628216461462784,,0.0
glass_loso,oracle_metadata,detour_success,glass,d6796d48077a08484abd1252e6deb387d8b6a10bf445e66c4e6eaa0bde0f7818,5,2,0.22010476253609923,0.5,0.5,0.26774853859747544,0.5,0.4
glass_loso,oracle_metadata,detour_success,glass,ddd84e646ab0cdd38c0f283802f28ac361a412492f3872c7f489b95bb55d53af,5,0,0.23898636918359614,,,0.06282164614627841,,0.0
glass_loso,oracle_metadata,detour_success,glass,f64d2a60c3b9cebc4b5e12f86f4978711b4ca1e7a3788d1756d078c45a1c1004,4,0,0.2686397794287442,,,0.07580225170528372,,0.0
glass_loso,oracle_metadata,base_success,all,0815f4806fc9a4fbd58c6627c8b92fd77f1b80ad4b8b4cd6d0c6e0541d488a7b,4,0,0.02592056144397148,,,0.0010666725104388289,,0.0
glass_loso,oracle_metadata,base_success,all,28c563172e6e13a0d3d84f1527243878c67a2140fa8c9a81ecb8b81ec9402dc8,5,0,0.021993077958302278,,,0.0008462959223964252,,0.0
glass_loso,oracle_metadata,base_success,all,2ef1381d9cfc0a92b107e2940bcf431c7494cd7067d032284f30a23c47b487cc,6,0,0.01753147555217428,,,0.0005428781408859363,,0.0
glass_loso,oracle_metadata,base_success,all,3f7887ee8820a4163a5033c81050731e85d1a310652a612f5b0ea5c450ec2043,5,0,0.021993077958302278,,,0.0008462959223964249,,0.0
glass_loso,oracle_metadata,base_success,all,5de3fa5396875480db81793738029227ed357caa91e5d24290ffc5cb0371f908,4,0,0.025920561443971483,,,0.0010666725104388293,,0.0
glass_loso,oracle_metadata,base_success,all,61f6ada542d03d1dd4d75a304f2674efa20660163c54b012b956522e98835cac,4,0,0.02592056144397148,,,0.0010666725104388293,,0.0
glass_loso,oracle_metadata,base_success,all,6292759eb45913ce4ed8447194504833f347d9355012e3228775797a4b0a7cd1,4,0,0.02592056144397148,,,0.0010666725104388289,,0.0
glass_loso,oracle_metadata,base_success,all,655347c9fb28aaf505e162e6bcad095d17e4bfee5506113825cfb3da6ca60845,4,0,0.02592056144397149,,,0.00106667251043883,,0.0
glass_loso,oracle_metadata,base_success,all,69fa7e93588c6aea4b134efa44633d38556ce1656b46df276021920a664881a3,10,0,0.021993077958302278,,,0.0008462959223964246,,0.0
glass_loso,oracle_metadata,base_success,all,76fe1d96587ab928f6fb5d7750ecd048fd712eb3d66aa60feb972a3d9d56c9d1,4,0,0.025920561443971476,,,0.0010666725104388289,,0.0
glass_loso,oracle_metadata,base_success,all,821b498fc1fcb4e3c103635fa473d7577f718c4f633b273772954295c83ae585,5,0,0.02199307795830229,,,0.0008462959223964262,,0.0
glass_loso,oracle_metadata,base_success,all,9176c2514b8a62105f4d2b8a22a8a0b0236c5b9feda58c18ef64cea917b98d9d,5,1,0.012526925710042764,0.25,0.2,0.1987902692042811,0.5,0.2
glass_loso,oracle_metadata,base_success,all,986b3dff233a80cf0fd1c48f815600f49b95f83be0d9f898fee40d0a5c9dca63,4,0,0.025920561443971483,,,0.0010666725104388293,,0.0
glass_loso,oracle_metadata,base_success,all,a3e1c487338ecfe4ce59e1e8f0be7a20d0442476ad923022ec430bdb5470ee56,4,0,0.02592056144397148,,,0.001066672510438829,,0.0
glass_loso,oracle_metadata,base_success,all,a992f0a563f4b0239708f4be6fa38192e6930b15387567b2d4a16568d4fa5671,4,0,0.02592056144397148,,,0.001066672510438829,,0.0
glass_loso,oracle_metadata,base_success,all,b830bede73f505b84b88a6596e92c22a5a4c0ded1e275e8e5b28a599849d2df6,10,0,0.021993077958302278,,,0.0008462959223964251,,0.0
glass_loso,oracle_metadata,base_success,all,c8fa274849bf4beeb7c46b93a7de7a6242e5af2e9c83a395e8d0db16da5e81d8,5,0,0.021993077958302278,,,0.0008462959223964252,,0.0
glass_loso,oracle_metadata,base_success,all,d6796d48077a08484abd1252e6deb387d8b6a10bf445e66c4e6eaa0bde0f7818,5,0,0.021993077958302274,,,0.0008462959223964247,,0.0
glass_loso,oracle_metadata,base_success,all,ddd84e646ab0cdd38c0f283802f28ac361a412492f3872c7f489b95bb55d53af,5,0,0.02199307795830228,,,0.0008462959223964255,,0.0
glass_loso,oracle_metadata,base_success,all,f64d2a60c3b9cebc4b5e12f86f4978711b4ca1e7a3788d1756d078c45a1c1004,4,1,0.01106572600457793,0.6666666666666666,0.5,0.24834804197084012,0.5,0.25
glass_loso,oracle_metadata,base_success,glass,0815f4806fc9a4fbd58c6627c8b92fd77f1b80ad4b8b4cd6d0c6e0541d488a7b,4,0,0.02592056144397148,,,0.0010666725104388289,,0.0
glass_loso,oracle_metadata,base_success,glass,28c563172e6e13a0d3d84f1527243878c67a2140fa8c9a81ecb8b81ec9402dc8,5,0,0.021993077958302278,,,0.0008462959223964252,,0.0
glass_loso,oracle_metadata,base_success,glass,2ef1381d9cfc0a92b107e2940bcf431c7494cd7067d032284f30a23c47b487cc,6,0,0.01753147555217428,,,0.0005428781408859363,,0.0
glass_loso,oracle_metadata,base_success,glass,3f7887ee8820a4163a5033c81050731e85d1a310652a612f5b0ea5c450ec2043,5,0,0.021993077958302278,,,0.0008462959223964249,,0.0
glass_loso,oracle_metadata,base_success,glass,5de3fa5396875480db81793738029227ed357caa91e5d24290ffc5cb0371f908,4,0,0.025920561443971483,,,0.0010666725104388293,,0.0
glass_loso,oracle_metadata,base_success,glass,61f6ada542d03d1dd4d75a304f2674efa20660163c54b012b956522e98835cac,4,0,0.02592056144397148,,,0.0010666725104388293,,0.0
glass_loso,oracle_metadata,base_success,glass,6292759eb45913ce4ed8447194504833f347d9355012e3228775797a4b0a7cd1,4,0,0.02592056144397148,,,0.0010666725104388289,,0.0
glass_loso,oracle_metadata,base_success,glass,655347c9fb28aaf505e162e6bcad095d17e4bfee5506113825cfb3da6ca60845,4,0,0.02592056144397149,,,0.00106667251043883,,0.0
glass_loso,oracle_metadata,base_success,glass,69fa7e93588c6aea4b134efa44633d38556ce1656b46df276021920a664881a3,10,0,0.021993077958302278,,,0.0008462959223964246,,0.0
glass_loso,oracle_metadata,base_success,glass,76fe1d96587ab928f6fb5d7750ecd048fd712eb3d66aa60feb972a3d9d56c9d1,4,0,0.025920561443971476,,,0.0010666725104388289,,0.0
glass_loso,oracle_metadata,base_success,glass,821b498fc1fcb4e3c103635fa473d7577f718c4f633b273772954295c83ae585,5,0,0.02199307795830229,,,0.0008462959223964262,,0.0
glass_loso,oracle_metadata,base_success,glass,9176c2514b8a62105f4d2b8a22a8a0b0236c5b9feda58c18ef64cea917b98d9d,5,1,0.012526925710042764,0.25,0.2,0.1987902692042811,0.5,0.2
glass_loso,oracle_metadata,base_success,glass,986b3dff233a80cf0fd1c48f815600f49b95f83be0d9f898fee40d0a5c9dca63,4,0,0.025920561443971483,,,0.0010666725104388293,,0.0
glass_loso,oracle_metadata,base_success,glass,a3e1c487338ecfe4ce59e1e8f0be7a20d0442476ad923022ec430bdb5470ee56,4,0,0.02592056144397148,,,0.001066672510438829,,0.0
glass_loso,oracle_metadata,base_success,glass,a992f0a563f4b0239708f4be6fa38192e6930b15387567b2d4a16568d4fa5671,4,0,0.02592056144397148,,,0.001066672510438829,,0.0
glass_loso,oracle_metadata,base_success,glass,b830bede73f505b84b88a6596e92c22a5a4c0ded1e275e8e5b28a599849d2df6,10,0,0.021993077958302278,,,0.0008462959223964251,,0.0
glass_loso,oracle_metadata,base_success,glass,c8fa274849bf4beeb7c46b93a7de7a6242e5af2e9c83a395e8d0db16da5e81d8,5,0,0.021993077958302278,,,0.0008462959223964252,,0.0
glass_loso,oracle_metadata,base_success,glass,d6796d48077a08484abd1252e6deb387d8b6a10bf445e66c4e6eaa0bde0f7818,5,0,0.021993077958302274,,,0.0008462959223964247,,0.0
glass_loso,oracle_metadata,base_success,glass,ddd84e646ab0cdd38c0f283802f28ac361a412492f3872c7f489b95bb55d53af,5,0,0.02199307795830228,,,0.0008462959223964255,,0.0
glass_loso,oracle_metadata,base_success,glass,f64d2a60c3b9cebc4b5e12f86f4978711b4ca1e7a3788d1756d078c45a1c1004,4,1,0.01106572600457793,0.6666666666666666,0.5,0.24834804197084012,0.5,0.25
glass_loso,prior,base_crash,all,0815f4806fc9a4fbd58c6627c8b92fd77f1b80ad4b8b4cd6d0c6e0541d488a7b,4,4,0.8921052631578946,,1.0,0.01164127423822717,,1.0
glass_loso,prior,base_crash,all,28c563172e6e13a0d3d84f1527243878c67a2140fa8c9a81ecb8b81ec9402dc8,5,4,0.9026315789473685,0.5,0.8,0.17053324099722994,0.5,0.8
glass_loso,prior,base_crash,all,2ef1381d9cfc0a92b107e2940bcf431c7494cd7067d032284f30a23c47b487cc,6,6,0.8921052631578954,,1.0,0.011641274238227004,,0.9999999999999999
glass_loso,prior,base_crash,all,3f7887ee8820a4163a5033c81050731e85d1a310652a612f5b0ea5c450ec2043,5,4,0.9026315789473683,0.5,0.8,0.17053324099722988,0.5,0.8
glass_loso,prior,base_crash,all,5de3fa5396875480db81793738029227ed357caa91e5d24290ffc5cb0371f908,4,4,0.8921052631578947,,1.0,0.011641274238227148,,1.0
glass_loso,prior,base_crash,all,61f6ada542d03d1dd4d75a304f2674efa20660163c54b012b956522e98835cac,4,4,0.8921052631578947,,1.0,0.011641274238227148,,1.0
glass_loso,prior,base_crash,all,6292759eb45913ce4ed8447194504833f347d9355012e3228775797a4b0a7cd1,4,4,0.8921052631578948,,1.0,0.011641274238227124,,1.0
glass_loso,prior,base_crash,all,655347c9fb28aaf505e162e6bcad095d17e4bfee5506113825cfb3da6ca60845,4,4,0.8921052631578946,,1.0,0.01164127423822717,,1.0
glass_loso,prior,base_crash,all,69fa7e93588c6aea4b134efa44633d38556ce1656b46df276021920a664881a3,10,10,0.8921052631578951,,1.0000000000000002,0.011641274238227075,,0.9999999999999999
glass_loso,prior,base_crash,all,76fe1d96587ab928f6fb5d7750ecd048fd712eb3d66aa60feb972a3d9d56c9d1,4,3,0.9052631578947368,0.5,0.75,0.21160664819944597,0.5,0.75
glass_loso,prior,base_crash,all,821b498fc1fcb4e3c103635fa473d7577f718c4f633b273772954295c83ae585,5,5,0.8921052631578947,,1.0,0.011641274238227172,,1.0
glass_loso,prior,base_crash,all,9176c2514b8a62105f4d2b8a22a8a0b0236c5b9feda58c18ef64cea917b98d9d,5,4,0.9026315789473683,0.5,0.8,0.17053324099722988,0.5,0.8
glass_loso,prior,base_crash,all,986b3dff233a80cf0fd1c48f815600f49b95f83be0d9f898fee40d0a5c9dca63,4,4,0.8921052631578947,,1.0,0.011641274238227148,,1.0
glass_loso,prior,base_crash,all,a3e1c487338ecfe4ce59e1e8f0be7a20d0442476ad923022ec430bdb5470ee56,4,3,0.9052631578947368,0.5,0.75,0.21160664819944597,0.5,0.75
glass_loso,prior,base_crash,all,a992f0a563f4b0239708f4be6fa38192e6930b15387567b2d4a16568d4fa5671,4,4,0.8921052631578946,,1.0,0.01164127423822717,,1.0
glass_loso,prior,base_crash,all,b830bede73f505b84b88a6596e92c22a5a4c0ded1e275e8e5b28a599849d2df6,10,9,0.8973684210526323,0.5000000000000001,0.9000000000000002,0.0900069252077562,0.5,0.8999999999999999
glass_loso,prior,base_crash,all,c8fa274849bf4beeb7c46b93a7de7a6242e5af2e9c83a395e8d0db16da5e81d8,5,5,0.8921052631578947,,1.0,0.011641274238227148,,1.0
glass_loso,prior,base_crash,all,d6796d48077a08484abd1252e6deb387d8b6a10bf445e66c4e6eaa0bde0f7818,5,5,0.8921052631578947,,1.0,0.011641274238227148,,1.0
glass_loso,prior,base_crash,all,ddd84e646ab0cdd38c0f283802f28ac361a412492f3872c7f489b95bb55d53af,5,2,0.9236842105263158,0.5,0.4,0.5142451523545706,0.5,0.4
glass_loso,prior,base_crash,all,f64d2a60c3b9cebc4b5e12f86f4978711b4ca1e7a3788d1756d078c45a1c1004,4,3,0.9052631578947368,0.5,0.75,0.21160664819944597,0.5,0.75
glass_loso,prior,base_crash,glass,0815f4806fc9a4fbd58c6627c8b92fd77f1b80ad4b8b4cd6d0c6e0541d488a7b,4,4,0.8921052631578946,,1.0,0.01164127423822717,,1.0
glass_loso,prior,base_crash,glass,28c563172e6e13a0d3d84f1527243878c67a2140fa8c9a81ecb8b81ec9402dc8,5,4,0.9026315789473685,0.5,0.8,0.17053324099722994,0.5,0.8
glass_loso,prior,base_crash,glass,2ef1381d9cfc0a92b107e2940bcf431c7494cd7067d032284f30a23c47b487cc,6,6,0.8921052631578954,,1.0,0.011641274238227004,,0.9999999999999999
glass_loso,prior,base_crash,glass,3f7887ee8820a4163a5033c81050731e85d1a310652a612f5b0ea5c450ec2043,5,4,0.9026315789473683,0.5,0.8,0.17053324099722988,0.5,0.8
glass_loso,prior,base_crash,glass,5de3fa5396875480db81793738029227ed357caa91e5d24290ffc5cb0371f908,4,4,0.8921052631578947,,1.0,0.011641274238227148,,1.0
glass_loso,prior,base_crash,glass,61f6ada542d03d1dd4d75a304f2674efa20660163c54b012b956522e98835cac,4,4,0.8921052631578947,,1.0,0.011641274238227148,,1.0
glass_loso,prior,base_crash,glass,6292759eb45913ce4ed8447194504833f347d9355012e3228775797a4b0a7cd1,4,4,0.8921052631578948,,1.0,0.011641274238227124,,1.0
glass_loso,prior,base_crash,glass,655347c9fb28aaf505e162e6bcad095d17e4bfee5506113825cfb3da6ca60845,4,4,0.8921052631578946,,1.0,0.01164127423822717,,1.0
glass_loso,prior,base_crash,glass,69fa7e93588c6aea4b134efa44633d38556ce1656b46df276021920a664881a3,10,10,0.8921052631578951,,1.0000000000000002,0.011641274238227075,,0.9999999999999999
glass_loso,prior,base_crash,glass,76fe1d96587ab928f6fb5d7750ecd048fd712eb3d66aa60feb972a3d9d56c9d1,4,3,0.9052631578947368,0.5,0.75,0.21160664819944597,0.5,0.75
glass_loso,prior,base_crash,glass,821b498fc1fcb4e3c103635fa473d7577f718c4f633b273772954295c83ae585,5,5,0.8921052631578947,,1.0,0.011641274238227172,,1.0
glass_loso,prior,base_crash,glass,9176c2514b8a62105f4d2b8a22a8a0b0236c5b9feda58c18ef64cea917b98d9d,5,4,0.9026315789473683,0.5,0.8,0.17053324099722988,0.5,0.8
glass_loso,prior,base_crash,glass,986b3dff233a80cf0fd1c48f815600f49b95f83be0d9f898fee40d0a5c9dca63,4,4,0.8921052631578947,,1.0,0.011641274238227148,,1.0
glass_loso,prior,base_crash,glass,a3e1c487338ecfe4ce59e1e8f0be7a20d0442476ad923022ec430bdb5470ee56,4,3,0.9052631578947368,0.5,0.75,0.21160664819944597,0.5,0.75
glass_loso,prior,base_crash,glass,a992f0a563f4b0239708f4be6fa38192e6930b15387567b2d4a16568d4fa5671,4,4,0.8921052631578946,,1.0,0.01164127423822717,,1.0
glass_loso,prior,base_crash,glass,b830bede73f505b84b88a6596e92c22a5a4c0ded1e275e8e5b28a599849d2df6,10,9,0.8973684210526323,0.5000000000000001,0.9000000000000002,0.0900069252077562,0.5,0.8999999999999999
glass_loso,prior,base_crash,glass,c8fa274849bf4beeb7c46b93a7de7a6242e5af2e9c83a395e8d0db16da5e81d8,5,5,0.8921052631578947,,1.0,0.011641274238227148,,1.0
glass_loso,prior,base_crash,glass,d6796d48077a08484abd1252e6deb387d8b6a10bf445e66c4e6eaa0bde0f7818,5,5,0.8921052631578947,,1.0,0.011641274238227148,,1.0
glass_loso,prior,base_crash,glass,ddd84e646ab0cdd38c0f283802f28ac361a412492f3872c7f489b95bb55d53af,5,2,0.9236842105263158,0.5,0.4,0.5142451523545706,0.5,0.4
glass_loso,prior,base_crash,glass,f64d2a60c3b9cebc4b5e12f86f4978711b4ca1e7a3788d1756d078c45a1c1004,4,3,0.9052631578947368,0.5,0.75,0.21160664819944597,0.5,0.75
glass_loso,prior,detour_success,all,0815f4806fc9a4fbd58c6627c8b92fd77f1b80ad4b8b4cd6d0c6e0541d488a7b,4,3,0.2157894736842105,0.5,0.75,0.47288088642659276,0.5,0.75
glass_loso,prior,detour_success,all,28c563172e6e13a0d3d84f1527243878c67a2140fa8c9a81ecb8b81ec9402dc8,5,0,0.25526315789473686,,,0.06515927977839338,,0.0
glass_loso,prior,detour_success,all,2ef1381d9cfc0a92b107e2940bcf431c7494cd7067d032284f30a23c47b487cc,6,0,0.25526315789473686,,,0.06515927977839336,,0.0
glass_loso,prior,detour_success,all,3f7887ee8820a4163a5033c81050731e85d1a310652a612f5b0ea5c450ec2043,5,0,0.2552631578947368,,,0.06515927977839334,,0.0
glass_loso,prior,detour_success,all,5de3fa5396875480db81793738029227ed357caa91e5d24290ffc5cb0371f908,4,0,0.2552631578947368,,,0.06515927977839334,,0.0
glass_loso,prior,detour_success,all,61f6ada542d03d1dd4d75a304f2674efa20660163c54b012b956522e98835cac,4,0,0.2552631578947368,,,0.06515927977839334,,0.0
glass_loso,prior,detour_success,all,6292759eb45913ce4ed8447194504833f347d9355012e3228775797a4b0a7cd1,4,4,0.2026315789473684,,1.0,0.6357963988919668,,1.0
glass_loso,prior,detour_success,all,655347c9fb28aaf505e162e6bcad095d17e4bfee5506113825cfb3da6ca60845,4,0,0.2552631578947368,,,0.06515927977839334,,0.0
glass_loso,prior,detour_success,all,69fa7e93588c6aea4b134efa44633d38556ce1656b46df276021920a664881a3,10,4,0.23421052631578948,0.5,0.4,0.2674861495844875,0.5,0.4
glass_loso,prior,detour_success,all,76fe1d96587ab928f6fb5d7750ecd048fd712eb3d66aa60feb972a3d9d56c9d1,4,0,0.25526315789473686,,,0.06515927977839336,,0.0
glass_loso,prior,detour_success,all,821b498fc1fcb4e3c103635fa473d7577f718c4f633b273772954295c83ae585,5,0,0.25526315789473686,,,0.06515927977839338,,0.0
glass_loso,prior,detour_success,all,9176c2514b8a62105f4d2b8a22a8a0b0236c5b9feda58c18ef64cea917b98d9d,5,4,0.21315789473684213,0.5,0.8,0.5043836565096953,0.5,0.8
glass_loso,prior,detour_success,all,986b3dff233a80cf0fd1c48f815600f49b95f83be0d9f898fee40d0a5c9dca63,4,3,0.21578947368421056,0.5,0.75,0.47288088642659276,0.5,0.75
glass_loso,prior,detour_success,all,a3e1c487338ecfe4ce59e1e8f0be7a20d0442476ad923022ec430bdb5470ee56,4,3,0.2157894736842105,0.5,0.75,0.47288088642659276,0.5,0.75
glass_loso,prior,detour_success,all,a992f0a563f4b0239708f4be6fa38192e6930b15387567b2d4a16568d4fa5671,4,0,0.2552631578947368,,,0.06515927977839334,,0.0
glass_loso,prior,detour_success,all,b830bede73f505b84b88a6596e92c22a5a4c0ded1e275e8e5b28a599849d2df6,10,0,0.2552631578947368,,,0.06515927977839336,,0.0
glass_loso,prior,detour_success,all,c8fa274849bf4beeb7c46b93a7de7a6242e5af2e9c83a395e8d0db16da5e81d8,5,0,0.25526315789473686,,,0.06515927977839338,,0.0
glass_loso,prior,detour_success,all,d6796d48077a08484abd1252e6deb387d8b6a10bf445e66c4e6eaa0bde0f7818,5,2,0.23421052631578937,0.5,0.4,0.2674861495844875,0.5,0.4
glass_loso,prior,detour_success,all,ddd84e646ab0cdd38c0f283802f28ac361a412492f3872c7f489b95bb55d53af,5,0,0.25526315789473686,,,0.06515927977839338,,0.0
glass_loso,prior,detour_success,all,f64d2a60c3b9cebc4b5e12f86f4978711b4ca1e7a3788d1756d078c45a1c1004,4,0,0.2552631578947368,,,0.06515927977839334,,0.0
glass_loso,prior,detour_success,glass,0815f4806fc9a4fbd58c6627c8b92fd77f1b80ad4b8b4cd6d0c6e0541d488a7b,4,3,0.2157894736842105,0.5,0.75,0.47288088642659276,0.5,0.75
glass_loso,prior,detour_success,glass,28c563172e6e13a0d3d84f1527243878c67a2140fa8c9a81ecb8b81ec9402dc8,5,0,0.25526315789473686,,,0.06515927977839338,,0.0
glass_loso,prior,detour_success,glass,2ef1381d9cfc0a92b107e2940bcf431c7494cd7067d032284f30a23c47b487cc,6,0,0.25526315789473686,,,0.06515927977839336,,0.0
glass_loso,prior,detour_success,glass,3f7887ee8820a4163a5033c81050731e85d1a310652a612f5b0ea5c450ec2043,5,0,0.2552631578947368,,,0.06515927977839334,,0.0
glass_loso,prior,detour_success,glass,5de3fa5396875480db81793738029227ed357caa91e5d24290ffc5cb0371f908,4,0,0.2552631578947368,,,0.06515927977839334,,0.0
glass_loso,prior,detour_success,glass,61f6ada542d03d1dd4d75a304f2674efa20660163c54b012b956522e98835cac,4,0,0.2552631578947368,,,0.06515927977839334,,0.0
glass_loso,prior,detour_success,glass,6292759eb45913ce4ed8447194504833f347d9355012e3228775797a4b0a7cd1,4,4,0.2026315789473684,,1.0,0.6357963988919668,,1.0
glass_loso,prior,detour_success,glass,655347c9fb28aaf505e162e6bcad095d17e4bfee5506113825cfb3da6ca60845,4,0,0.2552631578947368,,,0.06515927977839334,,0.0
glass_loso,prior,detour_success,glass,69fa7e93588c6aea4b134efa44633d38556ce1656b46df276021920a664881a3,10,4,0.23421052631578948,0.5,0.4,0.2674861495844875,0.5,0.4
glass_loso,prior,detour_success,glass,76fe1d96587ab928f6fb5d7750ecd048fd712eb3d66aa60feb972a3d9d56c9d1,4,0,0.25526315789473686,,,0.06515927977839336,,0.0
glass_loso,prior,detour_success,glass,821b498fc1fcb4e3c103635fa473d7577f718c4f633b273772954295c83ae585,5,0,0.25526315789473686,,,0.06515927977839338,,0.0
glass_loso,prior,detour_success,glass,9176c2514b8a62105f4d2b8a22a8a0b0236c5b9feda58c18ef64cea917b98d9d,5,4,0.21315789473684213,0.5,0.8,0.5043836565096953,0.5,0.8
glass_loso,prior,detour_success,glass,986b3dff233a80cf0fd1c48f815600f49b95f83be0d9f898fee40d0a5c9dca63,4,3,0.21578947368421056,0.5,0.75,0.47288088642659276,0.5,0.75
glass_loso,prior,detour_success,glass,a3e1c487338ecfe4ce59e1e8f0be7a20d0442476ad923022ec430bdb5470ee56,4,3,0.2157894736842105,0.5,0.75,0.47288088642659276,0.5,0.75
glass_loso,prior,detour_success,glass,a992f0a563f4b0239708f4be6fa38192e6930b15387567b2d4a16568d4fa5671,4,0,0.2552631578947368,,,0.06515927977839334,,0.0
glass_loso,prior,detour_success,glass,b830bede73f505b84b88a6596e92c22a5a4c0ded1e275e8e5b28a599849d2df6,10,0,0.2552631578947368,,,0.06515927977839336,,0.0
glass_loso,prior,detour_success,glass,c8fa274849bf4beeb7c46b93a7de7a6242e5af2e9c83a395e8d0db16da5e81d8,5,0,0.25526315789473686,,,0.06515927977839338,,0.0
glass_loso,prior,detour_success,glass,d6796d48077a08484abd1252e6deb387d8b6a10bf445e66c4e6eaa0bde0f7818,5,2,0.23421052631578937,0.5,0.4,0.2674861495844875,0.5,0.4
glass_loso,prior,detour_success,glass,ddd84e646ab0cdd38c0f283802f28ac361a412492f3872c7f489b95bb55d53af,5,0,0.25526315789473686,,,0.06515927977839338,,0.0
glass_loso,prior,detour_success,glass,f64d2a60c3b9cebc4b5e12f86f4978711b4ca1e7a3788d1756d078c45a1c1004,4,0,0.2552631578947368,,,0.06515927977839334,,0.0
glass_loso,prior,base_success,all,0815f4806fc9a4fbd58c6627c8b92fd77f1b80ad4b8b4cd6d0c6e0541d488a7b,4,0,0.023684210526315794,,,0.0005609418282548479,,0.0
glass_loso,prior,base_success,all,28c563172e6e13a0d3d84f1527243878c67a2140fa8c9a81ecb8b81ec9402dc8,5,0,0.023684210526315794,,,0.0005609418282548479,,0.0
glass_loso,prior,base_success,all,2ef1381d9cfc0a92b107e2940bcf431c7494cd7067d032284f30a23c47b487cc,6,0,0.023684210526315804,,,0.0005609418282548483,,0.0
glass_loso,prior,base_success,all,3f7887ee8820a4163a5033c81050731e85d1a310652a612f5b0ea5c450ec2043,5,0,0.023684210526315794,,,0.0005609418282548479,,0.0
glass_loso,prior,base_success,all,5de3fa5396875480db81793738029227ed357caa91e5d24290ffc5cb0371f908,4,0,0.023684210526315794,,,0.0005609418282548479,,0.0
glass_loso,prior,base_success,all,61f6ada542d03d1dd4d75a304f2674efa20660163c54b012b956522e98835cac,4,0,0.023684210526315794,,,0.0005609418282548479,,0.0
glass_loso,prior,base_success,all,6292759eb45913ce4ed8447194504833f347d9355012e3228775797a4b0a7cd1,4,0,0.023684210526315794,,,0.0005609418282548479,,0.0
glass_loso,prior,base_success,all,655347c9fb28aaf505e162e6bcad095d17e4bfee5506113825cfb3da6ca60845,4,0,0.023684210526315794,,,0.0005609418282548479,,0.0
glass_loso,prior,base_success,all,69fa7e93588c6aea4b134efa44633d38556ce1656b46df276021920a664881a3,10,0,0.023684210526315797,,,0.000560941828254848,,0.0
glass_loso,prior,base_success,all,76fe1d96587ab928f6fb5d7750ecd048fd712eb3d66aa60feb972a3d9d56c9d1,4,0,0.023684210526315794,,,0.0005609418282548479,,0.0
glass_loso,prior,base_success,all,821b498fc1fcb4e3c103635fa473d7577f718c4f633b273772954295c83ae585,5,0,0.023684210526315794,,,0.0005609418282548479,,0.0
glass_loso,prior,base_success,all,9176c2514b8a62105f4d2b8a22a8a0b0236c5b9feda58c18ef64cea917b98d9d,5,1,0.013157894736842105,0.5,0.2,0.19490997229916895,0.5,0.2
glass_loso,prior,base_success,all,986b3dff233a80cf0fd1c48f815600f49b95f83be0d9f898fee40d0a5c9dca63,4,0,0.023684210526315794,,,0.0005609418282548479,,0.0
glass_loso,prior,base_success,all,a3e1c487338ecfe4ce59e1e8f0be7a20d0442476ad923022ec430bdb5470ee56,4,0,0.023684210526315794,,,0.0005609418282548479,,0.0
glass_loso,prior,base_success,all,a992f0a563f4b0239708f4be6fa38192e6930b15387567b2d4a16568d4fa5671,4,0,0.023684210526315794,,,0.0005609418282548479,,0.0
glass_loso,prior,base_success,all,b830bede73f505b84b88a6596e92c22a5a4c0ded1e275e8e5b28a599849d2df6,10,0,0.023684210526315804,,,0.0005609418282548482,,0.0
glass_loso,prior,base_success,all,c8fa274849bf4beeb7c46b93a7de7a6242e5af2e9c83a395e8d0db16da5e81d8,5,0,0.023684210526315794,,,0.0005609418282548479,,0.0
glass_loso,prior,base_success,all,d6796d48077a08484abd1252e6deb387d8b6a10bf445e66c4e6eaa0bde0f7818,5,0,0.023684210526315794,,,0.0005609418282548479,,0.0
glass_loso,prior,base_success,all,ddd84e646ab0cdd38c0f283802f28ac361a412492f3872c7f489b95bb55d53af,5,0,0.023684210526315794,,,0.0005609418282548479,,0.0
glass_loso,prior,base_success,all,f64d2a60c3b9cebc4b5e12f86f4978711b4ca1e7a3788d1756d078c45a1c1004,4,1,0.010526315789473686,0.5,0.25,0.24484764542936288,0.5,0.25
glass_loso,prior,base_success,glass,0815f4806fc9a4fbd58c6627c8b92fd77f1b80ad4b8b4cd6d0c6e0541d488a7b,4,0,0.023684210526315794,,,0.0005609418282548479,,0.0
glass_loso,prior,base_success,glass,28c563172e6e13a0d3d84f1527243878c67a2140fa8c9a81ecb8b81ec9402dc8,5,0,0.023684210526315794,,,0.0005609418282548479,,0.0
glass_loso,prior,base_success,glass,2ef1381d9cfc0a92b107e2940bcf431c7494cd7067d032284f30a23c47b487cc,6,0,0.023684210526315804,,,0.0005609418282548483,,0.0
glass_loso,prior,base_success,glass,3f7887ee8820a4163a5033c81050731e85d1a310652a612f5b0ea5c450ec2043,5,0,0.023684210526315794,,,0.0005609418282548479,,0.0
glass_loso,prior,base_success,glass,5de3fa5396875480db81793738029227ed357caa91e5d24290ffc5cb0371f908,4,0,0.023684210526315794,,,0.0005609418282548479,,0.0
glass_loso,prior,base_success,glass,61f6ada542d03d1dd4d75a304f2674efa20660163c54b012b956522e98835cac,4,0,0.023684210526315794,,,0.0005609418282548479,,0.0
glass_loso,prior,base_success,glass,6292759eb45913ce4ed8447194504833f347d9355012e3228775797a4b0a7cd1,4,0,0.023684210526315794,,,0.0005609418282548479,,0.0
glass_loso,prior,base_success,glass,655347c9fb28aaf505e162e6bcad095d17e4bfee5506113825cfb3da6ca60845,4,0,0.023684210526315794,,,0.0005609418282548479,,0.0
glass_loso,prior,base_success,glass,69fa7e93588c6aea4b134efa44633d38556ce1656b46df276021920a664881a3,10,0,0.023684210526315797,,,0.000560941828254848,,0.0
glass_loso,prior,base_success,glass,76fe1d96587ab928f6fb5d7750ecd048fd712eb3d66aa60feb972a3d9d56c9d1,4,0,0.023684210526315794,,,0.0005609418282548479,,0.0
glass_loso,prior,base_success,glass,821b498fc1fcb4e3c103635fa473d7577f718c4f633b273772954295c83ae585,5,0,0.023684210526315794,,,0.0005609418282548479,,0.0
glass_loso,prior,base_success,glass,9176c2514b8a62105f4d2b8a22a8a0b0236c5b9feda58c18ef64cea917b98d9d,5,1,0.013157894736842105,0.5,0.2,0.19490997229916895,0.5,0.2
glass_loso,prior,base_success,glass,986b3dff233a80cf0fd1c48f815600f49b95f83be0d9f898fee40d0a5c9dca63,4,0,0.023684210526315794,,,0.0005609418282548479,,0.0
glass_loso,prior,base_success,glass,a3e1c487338ecfe4ce59e1e8f0be7a20d0442476ad923022ec430bdb5470ee56,4,0,0.023684210526315794,,,0.0005609418282548479,,0.0
glass_loso,prior,base_success,glass,a992f0a563f4b0239708f4be6fa38192e6930b15387567b2d4a16568d4fa5671,4,0,0.023684210526315794,,,0.0005609418282548479,,0.0
glass_loso,prior,base_success,glass,b830bede73f505b84b88a6596e92c22a5a4c0ded1e275e8e5b28a599849d2df6,10,0,0.023684210526315804,,,0.0005609418282548482,,0.0
glass_loso,prior,base_success,glass,c8fa274849bf4beeb7c46b93a7de7a6242e5af2e9c83a395e8d0db16da5e81d8,5,0,0.023684210526315794,,,0.0005609418282548479,,0.0
glass_loso,prior,base_success,glass,d6796d48077a08484abd1252e6deb387d8b6a10bf445e66c4e6eaa0bde0f7818,5,0,0.023684210526315794,,,0.0005609418282548479,,0.0
glass_loso,prior,base_success,glass,ddd84e646ab0cdd38c0f283802f28ac361a412492f3872c7f489b95bb55d53af,5,0,0.023684210526315794,,,0.0005609418282548479,,0.0
glass_loso,prior,base_success,glass,f64d2a60c3b9cebc4b5e12f86f4978711b4ca1e7a3788d1756d078c45a1c1004,4,1,0.010526315789473686,0.5,0.25,0.24484764542936288,0.5,0.25
historical_train_to_development,hidden,base_crash,all,2ef1381d9cfc0a92b107e2940bcf431c7494cd7067d032284f30a23c47b487cc,18,6,0.23859773987323768,0.4999999999999999,0.5553513071895423,0.24295488975027496,0.6666666666666666,0.33333333333333337
historical_train_to_development,hidden,base_crash,all,3f7887ee8820a4163a5033c81050731e85d1a310652a612f5b0ea5c450ec2043,5,4,0.8382351356630677,1.0,1.0,0.13136737284883537,0.5,0.8
historical_train_to_development,hidden,base_crash,all,5de3fa5396875480db81793738029227ed357caa91e5d24290ffc5cb0371f908,12,4,0.250342219744306,0.6875,0.7048611111111112,0.22884638447424194,0.625,0.3333333333333333
historical_train_to_development,hidden,base_crash,all,61f6ada542d03d1dd4d75a304f2674efa20660163c54b012b956522e98835cac,12,4,0.22390641177645565,0.96875,0.95,0.10197916620212749,0.75,0.3333333333333333
historical_train_to_development,hidden,base_crash,all,6292759eb45913ce4ed8447194504833f347d9355012e3228775797a4b0a7cd1,12,4,0.3442244431642539,0.6249999999999999,0.6083333333333334,0.22465315920611478,0.5,0.3333333333333333
historical_train_to_development,hidden,base_crash,all,655347c9fb28aaf505e162e6bcad095d17e4bfee5506113825cfb3da6ca60845,12,4,0.17744607964535197,0.6875,0.6416666666666666,0.21701476152475932,0.625,0.3333333333333333
historical_train_to_development,hidden,base_crash,all,b830bede73f505b84b88a6596e92c22a5a4c0ded1e275e8e5b28a599849d2df6,30,9,0.3332168740823168,0.47619047619047616,0.3257936507936508,0.25367593809543687,0.46031746031746035,0.3
historical_train_to_development,hidden,base_crash,all,d6796d48077a08484abd1252e6deb387d8b6a10bf445e66c4e6eaa0bde0f7818,5,5,0.6648967156123287,,1.0000000000000002,0.11927550311894086,,1.0
historical_train_to_development,hidden,base_crash,glass,2ef1381d9cfc0a92b107e2940bcf431c7494cd7067d032284f30a23c47b487cc,6,6,0.2857639363286604,,1.0000000000000002,0.5917293033030974,,0.9999999999999999
historical_train_to_development,hidden,base_crash,glass,3f7887ee8820a4163a5033c81050731e85d1a310652a612f5b0ea5c450ec2043,5,4,0.8382351356630677,1.0,1.0,0.13136737284883537,0.5,0.8
historical_train_to_development,hidden,base_crash,glass,5de3fa5396875480db81793738029227ed357caa91e5d24290ffc5cb0371f908,4,4,0.3032146388424949,,1.0,0.5375883064730014,,1.0
historical_train_to_development,hidden,base_crash,glass,61f6ada542d03d1dd4d75a304f2674efa20660163c54b012b956522e98835cac,4,4,0.5290263911021386,,1.0,0.28964119570256963,,1.0
historical_train_to_development,hidden,base_crash,glass,6292759eb45913ce4ed8447194504833f347d9355012e3228775797a4b0a7cd1,4,4,0.3990391285839273,,1.0,0.40872898737174446,,1.0
historical_train_to_development,hidden,base_crash,glass,655347c9fb28aaf505e162e6bcad095d17e4bfee5506113825cfb3da6ca60845,4,4,0.2701757584446251,,1.0,0.5794050946983171,,1.0
historical_train_to_development,hidden,base_crash,glass,b830bede73f505b84b88a6596e92c22a5a4c0ded1e275e8e5b28a599849d2df6,10,9,0.3082193760503217,0.7777777777777779,0.9765432098765433,0.44473373597066457,0.5555555555555556,0.8999999999999999
historical_train_to_development,hidden,base_crash,glass,d6796d48077a08484abd1252e6deb387d8b6a10bf445e66c4e6eaa0bde0f7818,5,5,0.6648967156123287,,1.0000000000000002,0.11927550311894086,,1.0
historical_train_to_development,hidden,detour_success,all,2ef1381d9cfc0a92b107e2940bcf431c7494cd7067d032284f30a23c47b487cc,18,8,0.5422825069461027,0.375,0.39896978021978013,0.29109664356336207,0.35,0.4444444444444444
historical_train_to_development,hidden,detour_success,all,3f7887ee8820a4163a5033c81050731e85d1a310652a612f5b0ea5c450ec2043,5,0,0.1066460645300881,,,0.01538837462227498,,0.0
historical_train_to_development,hidden,detour_success,all,5de3fa5396875480db81793738029227ed357caa91e5d24290ffc5cb0371f908,12,7,0.5314133642445832,0.2,0.4859719645433931,0.31046520838447766,0.24285714285714288,0.5833333333333333
historical_train_to_development,hidden,detour_success,all,61f6ada542d03d1dd4d75a304f2674efa20660163c54b012b956522e98835cac,12,6,0.4799527857557579,0.38888888888888895,0.5823713323713324,0.2955434020654484,0.41666666666666674,0.49999999999999994
historical_train_to_development,hidden,detour_success,all,6292759eb45913ce4ed8447194504833f347d9355012e3228775797a4b0a7cd1,12,12,0.5554765588796144,,1.0,0.20385100853099525,,1.0
historical_train_to_development,hidden,detour_success,all,655347c9fb28aaf505e162e6bcad095d17e4bfee5506113825cfb3da6ca60845,12,3,0.5363580455397648,0.4074074074074074,0.26666666666666666,0.28871260162191237,0.4444444444444444,0.25
historical_train_to_development,hidden,detour_success,all,b830bede73f505b84b88a6596e92c22a5a4c0ded1e275e8e5b28a599849d2df6,30,13,0.5185878541820838,0.43438914027149317,0.4637423585816471,0.28406380300383305,0.4751131221719457,0.4333333333333333
historical_train_to_development,hidden,detour_success,all,d6796d48077a08484abd1252e6deb387d8b6a10bf445e66c4e6eaa0bde0f7818,5,2,0.3191531364278509,0.6666666666666666,0.75,0.22960131126108643,0.5,0.4
historical_train_to_development,hidden,detour_success,glass,2ef1381d9cfc0a92b107e2940bcf431c7494cd7067d032284f30a23c47b487cc,6,0,0.6354384110287619,,,0.41123050152762264,,0.0
historical_train_to_development,hidden,detour_success,glass,3f7887ee8820a4163a5033c81050731e85d1a310652a612f5b0ea5c450ec2043,5,0,0.1066460645300881,,,0.01538837462227498,,0.0
historical_train_to_development,hidden,detour_success,glass,5de3fa5396875480db81793738029227ed357caa91e5d24290ffc5cb0371f908,4,0,0.6266407410550994,,,0.39952976451186833,,0.0
historical_train_to_development,hidden,detour_success,glass,61f6ada542d03d1dd4d75a304f2674efa20660163c54b012b956522e98835cac,4,0,0.5153765043044534,,,0.28441849259016005,,0.0
historical_train_to_development,hidden,detour_success,glass,6292759eb45913ce4ed8447194504833f347d9355012e3228775797a4b0a7cd1,4,4,0.5956396634886812,,1.0,0.16424310330126865,,1.0
historical_train_to_development,hidden,detour_success,glass,655347c9fb28aaf505e162e6bcad095d17e4bfee5506113825cfb3da6ca60845,4,0,0.6661038395913061,,,0.4476435179112692,,0.0
historical_train_to_development,hidden,detour_success,glass,b830bede73f505b84b88a6596e92c22a5a4c0ded1e275e8e5b28a599849d2df6,10,0,0.5931466073041662,,,0.3610852447937433,,0.0
historical_train_to_development,hidden,detour_success,glass,d6796d48077a08484abd1252e6deb387d8b6a10bf445e66c4e6eaa0bde0f7818,5,2,0.3191531364278509,0.6666666666666666,0.75,0.22960131126108643,0.5,0.4
historical_train_to_development,hidden,base_success,all,2ef1381d9cfc0a92b107e2940bcf431c7494cd7067d032284f30a23c47b487cc,18,11,0.600861200330223,0.5324675324675325,0.6166740122622474,0.23813147367286738,0.6688311688311688,0.6111111111111112
historical_train_to_development,hidden,base_success,all,3f7887ee8820a4163a5033c81050731e85d1a310652a612f5b0ea5c450ec2043,5,0,0.15813145210497323,,,0.0276856104226216,,0.0
historical_train_to_development,hidden,base_success,all,5de3fa5396875480db81793738029227ed357caa91e5d24290ffc5cb0371f908,12,7,0.6567714427502798,0.7714285714285715,0.8571428571428572,0.1984766611899683,0.6,0.5833333333333333
historical_train_to_development,hidden,base_success,all,61f6ada542d03d1dd4d75a304f2674efa20660163c54b012b956522e98835cac,12,8,0.6884341181062426,1.0000000000000002,1.0,0.0913132855201185,0.875,0.6666666666666666
historical_train_to_development,hidden,base_success,all,6292759eb45913ce4ed8447194504833f347d9355012e3228775797a4b0a7cd1,12,8,0.4628092818536627,0.84375,0.906795634920635,0.2202758944755932,0.6875,0.6666666666666666
historical_train_to_development,hidden,base_success,all,655347c9fb28aaf505e162e6bcad095d17e4bfee5506113825cfb3da6ca60845,12,7,0.6705511502925469,0.9428571428571428,0.9682539682539684,0.14618999467695684,0.7,0.5833333333333333
historical_train_to_development,hidden,base_success,all,b830bede73f505b84b88a6596e92c22a5a4c0ded1e275e8e5b28a599849d2df6,30,19,0.5437632156372117,0.7033492822966507,0.808614906689699,0.21425618338969304,0.6411483253588517,0.6333333333333333
historical_train_to_development,hidden,base_success,all,d6796d48077a08484abd1252e6deb387d8b6a10bf445e66c4e6eaa0bde0f7818,5,0,0.4265755167381533,,,0.18444493377594878,,0.0
historical_train_to_development,hidden,base_success,glass,2ef1381d9cfc0a92b107e2940bcf431c7494cd7067d032284f30a23c47b487cc,6,0,0.5942460908759118,,,0.3855006330591335,,0.0
historical_train_to_development,hidden,base_success,glass,3f7887ee8820a4163a5033c81050731e85d1a310652a612f5b0ea5c450ec2043,5,0,0.15813145210497323,,,0.0276856104226216,,0.0
historical_train_to_development,hidden,base_success,glass,5de3fa5396875480db81793738029227ed357caa91e5d24290ffc5cb0371f908,4,0,0.5528558771655405,,,0.3322860583116243,,0.0
historical_train_to_development,hidden,base_success,glass,61f6ada542d03d1dd4d75a304f2674efa20660163c54b012b956522e98835cac,4,0,0.4078661619943667,,,0.2027939119542702,,0.0
historical_train_to_development,hidden,base_success,glass,6292759eb45913ce4ed8447194504833f347d9355012e3228775797a4b0a7cd1,4,0,0.3731640919811525,,,0.15193671612015014,,0.0
historical_train_to_development,hidden,base_success,glass,655347c9fb28aaf505e162e6bcad095d17e4bfee5506113825cfb3da6ca60845,4,0,0.48435264772201814,,,0.266089085485335,,0.0
historical_train_to_development,hidden,base_success,glass,b830bede73f505b84b88a6596e92c22a5a4c0ded1e275e8e5b28a599849d2df6,10,0,0.46713016706443844,,,0.2508497640894273,,0.0
historical_train_to_development,hidden,base_success,glass,d6796d48077a08484abd1252e6deb387d8b6a10bf445e66c4e6eaa0bde0f7818,5,0,0.4265755167381533,,,0.18444493377594878,,0.0
historical_train_to_development,robot_action,base_crash,all,2ef1381d9cfc0a92b107e2940bcf431c7494cd7067d032284f30a23c47b487cc,18,6,0.12670333436990164,0.8055555555555555,0.6438492063492061,0.23788735059706206,0.5,0.33333333333333337
historical_train_to_development,robot_action,base_crash,all,3f7887ee8820a4163a5033c81050731e85d1a310652a612f5b0ea5c450ec2043,5,4,0.8429146718533825,0.0,0.6791666666666667,0.22547119983022199,0.5,0.8
historical_train_to_development,robot_action,base_crash,all,5de3fa5396875480db81793738029227ed357caa91e5d24290ffc5cb0371f908,12,4,0.2477531595304596,0.5,0.5151785714285715,0.21491474195237037,0.625,0.3333333333333333
historical_train_to_development,robot_action,base_crash,all,61f6ada542d03d1dd4d75a304f2674efa20660163c54b012b956522e98835cac,12,4,0.20832652037839147,0.9375,0.9166666666666667,0.15089313867978893,0.625,0.3333333333333333
historical_train_to_development,robot_action,base_crash,all,6292759eb45913ce4ed8447194504833f347d9355012e3228775797a4b0a7cd1,12,4,0.3179790770021946,0.40625,0.3313852813852814,0.2644940151483588,0.43749999999999994,0.3333333333333333
historical_train_to_development,robot_action,base_crash,all,655347c9fb28aaf505e162e6bcad095d17e4bfee5506113825cfb3da6ca60845,12,4,0.15561979823186015,0.40624999999999994,0.37351190476190477,0.27445337209637916,0.5,0.3333333333333333
historical_train_to_development,robot_action,base_crash,all,b830bede73f505b84b88a6596e92c22a5a4c0ded1e275e8e5b28a599849d2df6,30,9,0.3422896843313309,0.7301587301587301,0.5184778184778185,0.1811369308162202,0.6507936507936508,0.3
historical_train_to_development,robot_action,base_crash,all,d6796d48077a08484abd1252e6deb387d8b6a10bf445e66c4e6eaa0bde0f7818,5,5,0.6582393717205719,,1.0000000000000002,0.2035220946481294,,1.0
historical_train_to_development,robot_action,base_crash,glass,2ef1381d9cfc0a92b107e2940bcf431c7494cd7067d032284f30a23c47b487cc,6,6,0.17681519745896188,,1.0000000000000002,0.6810667338519876,,0.9999999999999999
historical_train_to_development,robot_action,base_crash,glass,3f7887ee8820a4163a5033c81050731e85d1a310652a612f5b0ea5c450ec2043,5,4,0.8429146718533825,0.0,0.6791666666666667,0.22547119983022199,0.5,0.8
historical_train_to_development,robot_action,base_crash,glass,5de3fa5396875480db81793738029227ed357caa91e5d24290ffc5cb0371f908,4,4,0.2924359989937794,,1.0,0.525486076881368,,1.0
historical_train_to_development,robot_action,base_crash,glass,61f6ada542d03d1dd4d75a304f2674efa20660163c54b012b956522e98835cac,4,4,0.39416183048987263,,1.0,0.4201516047258599,,1.0
historical_train_to_development,robot_action,base_crash,glass,6292759eb45913ce4ed8447194504833f347d9355012e3228775797a4b0a7cd1,4,4,0.2814469430419173,,1.0,0.5211862341766754,,1.0
historical_train_to_development,robot_action,base_crash,glass,655347c9fb28aaf505e162e6bcad095d17e4bfee5506113825cfb3da6ca60845,4,4,0.13627475981439893,,1.0,0.7523976999654917,,1.0
historical_train_to_development,robot_action,base_crash,glass,b830bede73f505b84b88a6596e92c22a5a4c0ded1e275e8e5b28a599849d2df6,10,9,0.42286911428468865,0.8888888888888891,0.988888888888889,0.3120038124459377,0.7222222222222223,0.8999999999999999
historical_train_to_development,robot_action,base_crash,glass,d6796d48077a08484abd1252e6deb387d8b6a10bf445e66c4e6eaa0bde0f7818,5,5,0.6582393717205719,,1.0000000000000002,0.2035220946481294,,1.0
historical_train_to_development,robot_action,detour_success,all,2ef1381d9cfc0a92b107e2940bcf431c7494cd7067d032284f30a23c47b487cc,18,8,0.5765854572201349,0.0875,0.3070091468988527,0.4876399270460028,0.16249999999999998,0.4444444444444444
historical_train_to_development,robot_action,detour_success,all,3f7887ee8820a4163a5033c81050731e85d1a310652a612f5b0ea5c450ec2043,5,0,0.02567265880200271,,,0.0011056716049588841,,0.0
historical_train_to_development,robot_action,detour_success,all,5de3fa5396875480db81793738029227ed357caa91e5d24290ffc5cb0371f908,12,7,0.6072703297208865,0.08571428571428573,0.43308080808080807,0.37718064926697464,0.14285714285714288,0.5833333333333333
historical_train_to_development,robot_action,detour_success,all,61f6ada542d03d1dd4d75a304f2674efa20660163c54b012b956522e98835cac,12,6,0.46114835917075303,0.6111111111111112,0.660515873015873,0.23696526814847066,0.41666666666666674,0.49999999999999994
historical_train_to_development,robot_action,detour_success,all,6292759eb45913ce4ed8447194504833f347d9355012e3228775797a4b0a7cd1,12,12,0.34058927595430927,,1.0,0.4608634273657885,,1.0
historical_train_to_development,robot_action,detour_success,all,655347c9fb28aaf505e162e6bcad095d17e4bfee5506113825cfb3da6ca60845,12,3,0.4048368889551204,0.5185185185185185,0.5166666666666666,0.21628423156094118,0.611111111111111,0.25
historical_train_to_development,robot_action,detour_success,all,b830bede73f505b84b88a6596e92c22a5a4c0ded1e275e8e5b28a599849d2df6,30,13,0.5360681294938849,0.5610859728506786,0.604569038388667,0.2771756286795234,0.5633484162895928,0.4333333333333333
historical_train_to_development,robot_action,detour_success,all,d6796d48077a08484abd1252e6deb387d8b6a10bf445e66c4e6eaa0bde0f7818,5,2,0.15786428005486491,0.6666666666666666,0.5833333333333333,0.4111992574206556,0.3333333333333333,0.4
historical_train_to_development,robot_action,detour_success,glass,2ef1381d9cfc0a92b107e2940bcf431c7494cd7067d032284f30a23c47b487cc,6,0,0.6801737475055668,,,0.49883922025178407,,0.0
historical_train_to_development,robot_action,detour_success,glass,3f7887ee8820a4163a5033c81050731e85d1a310652a612f5b0ea5c450ec2043,5,0,0.02567265880200271,,,0.0011056716049588841,,0.0
historical_train_to_development,robot_action,detour_success,glass,5de3fa5396875480db81793738029227ed357caa91e5d24290ffc5cb0371f908,4,0,0.7153210386631009,,,0.5334051716285005,,0.0
historical_train_to_development,robot_action,detour_success,glass,61f6ada542d03d1dd4d75a304f2674efa20660163c54b012b956522e98835cac,4,0,0.4085026280505665,,,0.1990937865504689,,0.0
historical_train_to_development,robot_action,detour_success,glass,6292759eb45913ce4ed8447194504833f347d9355012e3228775797a4b0a7cd1,4,4,0.3130739016587436,,1.0,0.49240116358690456,,1.0
historical_train_to_development,robot_action,detour_success,glass,655347c9fb28aaf505e162e6bcad095d17e4bfee5506113825cfb3da6ca60845,4,0,0.4158100467808365,,,0.17701115214789367,,0.0
historical_train_to_development,robot_action,detour_success,glass,b830bede73f505b84b88a6596e92c22a5a4c0ded1e275e8e5b28a599849d2df6,10,0,0.5521068388724426,,,0.342706851057164,,0.0
historical_train_to_development,robot_action,detour_success,glass,d6796d48077a08484abd1252e6deb387d8b6a10bf445e66c4e6eaa0bde0f7818,5,2,0.15786428005486491,0.6666666666666666,0.5833333333333333,0.4111992574206556,0.3333333333333333,0.4
historical_train_to_development,robot_action,base_success,all,2ef1381d9cfc0a92b107e2940bcf431c7494cd7067d032284f30a23c47b487cc,18,11,0.7127105385192217,0.5584415584415585,0.7018183836365653,0.24097186065082069,0.5,0.6111111111111112
historical_train_to_development,robot_action,base_success,all,3f7887ee8820a4163a5033c81050731e85d1a310652a612f5b0ea5c450ec2043,5,0,0.004514855462400765,,,2.8522300095840253e-05,,0.0
historical_train_to_development,robot_action,base_success,all,5de3fa5396875480db81793738029227ed357caa91e5d24290ffc5cb0371f908,12,7,0.6647145601230809,0.4,0.609049680478252,0.24554589279011219,0.6,0.5833333333333333
historical_train_to_development,robot_action,base_success,all,61f6ada542d03d1dd4d75a304f2674efa20660163c54b012b956522e98835cac,12,8,0.6998921848862798,0.9687500000000001,0.9861111111111112,0.13792284729779167,0.75,0.6666666666666666
historical_train_to_development,robot_action,base_success,all,6292759eb45913ce4ed8447194504833f347d9355012e3228775797a4b0a7cd1,12,8,0.4437439440383462,0.5625,0.737833694083694,0.2782632074931766,0.375,0.6666666666666666
historical_train_to_development,robot_action,base_success,all,655347c9fb28aaf505e162e6bcad095d17e4bfee5506113825cfb3da6ca60845,12,7,0.6279807281147701,0.3714285714285715,0.5237322201607917,0.27541093493146585,0.5285714285714286,0.5833333333333333
historical_train_to_development,robot_action,base_success,all,b830bede73f505b84b88a6596e92c22a5a4c0ded1e275e8e5b28a599849d2df6,30,19,0.5629305054892537,0.8277511961722488,0.9052666196817496,0.1729956573077785,0.6674641148325359,0.6333333333333333
historical_train_to_development,robot_action,base_success,all,d6796d48077a08484abd1252e6deb387d8b6a10bf445e66c4e6eaa0bde0f7818,5,0,0.03964679090624327,,,0.004988177457563086,,0.0
historical_train_to_development,robot_action,base_success,glass,2ef1381d9cfc0a92b107e2940bcf431c7494cd7067d032284f30a23c47b487cc,6,0,0.6996554369325277,,,0.4925973949574394,,0.0
historical_train_to_development,robot_action,base_success,glass,3f7887ee8820a4163a5033c81050731e85d1a310652a612f5b0ea5c450ec2043,5,0,0.004514855462400765,,,2.8522300095840253e-05,,0.0
historical_train_to_development,robot_action,base_success,glass,5de3fa5396875480db81793738029227ed357caa91e5d24290ffc5cb0371f908,4,0,0.6515434495076902,,,0.4351912625569605,,0.0
historical_train_to_development,robot_action,base_success,glass,61f6ada542d03d1dd4d75a304f2674efa20660163c54b012b956522e98835cac,4,0,0.5041888942965296,,,0.3281626798993906,,0.0
historical_train_to_development,robot_action,base_success,glass,6292759eb45913ce4ed8447194504833f347d9355012e3228775797a4b0a7cd1,4,0,0.42125832871640073,,,0.20906056379056542,,0.0
historical_train_to_development,robot_action,base_success,glass,655347c9fb28aaf505e162e6bcad095d17e4bfee5506113825cfb3da6ca60845,4,0,0.5931889222138681,,,0.38729981279955755,,0.0
historical_train_to_development,robot_action,base_success,glass,b830bede73f505b84b88a6596e92c22a5a4c0ded1e275e8e5b28a599849d2df6,10,0,0.4431576960810742,,,0.22133533137599598,,0.0
historical_train_to_development,robot_action,base_success,glass,d6796d48077a08484abd1252e6deb387d8b6a10bf445e66c4e6eaa0bde0f7818,5,0,0.03964679090624327,,,0.004988177457563086,,0.0
historical_train_to_development,hidden_robot_action,base_crash,all,2ef1381d9cfc0a92b107e2940bcf431c7494cd7067d032284f30a23c47b487cc,18,6,0.12776956320645336,0.6249999999999999,0.5958624708624707,0.24077918429661974,0.6666666666666666,0.33333333333333337
historical_train_to_development,hidden_robot_action,base_crash,all,3f7887ee8820a4163a5033c81050731e85d1a310652a612f5b0ea5c450ec2043,5,4,0.9323512994225667,0.0,0.6791666666666667,0.20565437567167186,0.5,0.8
historical_train_to_development,hidden_robot_action,base_crash,all,5de3fa5396875480db81793738029227ed357caa91e5d24290ffc5cb0371f908,12,4,0.20837504381479957,0.5625,0.5404761904761904,0.25872599701368476,0.5,0.3333333333333333
historical_train_to_development,hidden_robot_action,base_crash,all,61f6ada542d03d1dd4d75a304f2674efa20660163c54b012b956522e98835cac,12,4,0.24747546396592315,1.0,1.0,0.05713692991585312,0.875,0.3333333333333333
historical_train_to_development,hidden_robot_action,base_crash,all,6292759eb45913ce4ed8447194504833f347d9355012e3228775797a4b0a7cd1,12,4,0.3381972645460541,0.6249999999999999,0.5750000000000001,0.23727969304098176,0.4375,0.3333333333333333
historical_train_to_development,hidden_robot_action,base_crash,all,655347c9fb28aaf505e162e6bcad095d17e4bfee5506113825cfb3da6ca60845,12,4,0.13266569365398714,0.78125,0.7875,0.1951496192045137,0.625,0.3333333333333333
historical_train_to_development,hidden_robot_action,base_crash,all,b830bede73f505b84b88a6596e92c22a5a4c0ded1e275e8e5b28a599849d2df6,30,9,0.34320723189190744,0.5978835978835978,0.3967193300526634,0.23350232475912716,0.5396825396825398,0.3
historical_train_to_development,hidden_robot_action,base_crash,all,d6796d48077a08484abd1252e6deb387d8b6a10bf445e66c4e6eaa0bde0f7818,5,5,0.7343597487925456,,1.0000000000000002,0.17279073012019136,,1.0
historical_train_to_development,hidden_robot_action,base_crash,glass,2ef1381d9cfc0a92b107e2940bcf431c7494cd7067d032284f30a23c47b487cc,6,6,0.2217069876811073,,1.0000000000000002,0.6889808966213248,,0.9999999999999999
historical_train_to_development,hidden_robot_action,base_crash,glass,3f7887ee8820a4163a5033c81050731e85d1a310652a612f5b0ea5c450ec2043,5,4,0.9323512994225667,0.0,0.6791666666666667,0.20565437567167186,0.5,0.8
historical_train_to_development,hidden_robot_action,base_crash,glass,5de3fa5396875480db81793738029227ed357caa91e5d24290ffc5cb0371f908,4,4,0.22478928867913467,,1.0,0.6365383061219758,,1.0
historical_train_to_development,hidden_robot_action,base_crash,glass,61f6ada542d03d1dd4d75a304f2674efa20660163c54b012b956522e98835cac,4,4,0.66309887900545,,1.0,0.1667045105857194,,1.0
historical_train_to_development,hidden_robot_action,base_crash,glass,6292759eb45913ce4ed8447194504833f347d9355012e3228775797a4b0a7cd1,4,4,0.36824697776065884,,1.0,0.42658619448308577,,1.0
historical_train_to_development,hidden_robot_action,base_crash,glass,655347c9fb28aaf505e162e6bcad095d17e4bfee5506113825cfb3da6ca60845,4,4,0.27917372928237766,,1.0,0.5722253191882061,,1.0
historical_train_to_development,hidden_robot_action,base_crash,glass,b830bede73f505b84b88a6596e92c22a5a4c0ded1e275e8e5b28a599849d2df6,10,9,0.3634120823959049,0.7777777777777779,0.9765432098765433,0.37939782799008365,0.6111111111111112,0.8999999999999999
historical_train_to_development,hidden_robot_action,base_crash,glass,d6796d48077a08484abd1252e6deb387d8b6a10bf445e66c4e6eaa0bde0f7818,5,5,0.7343597487925456,,1.0000000000000002,0.17279073012019136,,1.0
historical_train_to_development,hidden_robot_action,detour_success,all,2ef1381d9cfc0a92b107e2940bcf431c7494cd7067d032284f30a23c47b487cc,18,8,0.4832295537093876,0.175,0.3269992262639321,0.3927501580436652,0.22499999999999998,0.4444444444444444
historical_train_to_development,hidden_robot_action,detour_success,all,3f7887ee8820a4163a5033c81050731e85d1a310652a612f5b0ea5c450ec2043,5,0,0.09490266757394719,,,0.021744047375960963,,0.0
historical_train_to_development,hidden_robot_action,detour_success,all,5de3fa5396875480db81793738029227ed357caa91e5d24290ffc5cb0371f908,12,7,0.6529888154083084,0.08571428571428573,0.43818284889713455,0.3210095294973157,0.5,0.5833333333333333
historical_train_to_development,hidden_robot_action,detour_success,all,61f6ada542d03d1dd4d75a304f2674efa20660163c54b012b956522e98835cac,12,6,0.43861293756776304,0.5555555555555556,0.6861471861471863,0.30193455921051704,0.41666666666666674,0.49999999999999994
historical_train_to_development,hidden_robot_action,detour_success,all,6292759eb45913ce4ed8447194504833f347d9355012e3228775797a4b0a7cd1,12,12,0.3714312342796431,,1.0,0.4242305530688587,,1.0
historical_train_to_development,hidden_robot_action,detour_success,all,655347c9fb28aaf505e162e6bcad095d17e4bfee5506113825cfb3da6ca60845,12,3,0.4367103791733826,0.3333333333333333,0.2407407407407407,0.2606379544509363,0.3333333333333333,0.25
historical_train_to_development,hidden_robot_action,detour_success,all,b830bede73f505b84b88a6596e92c22a5a4c0ded1e275e8e5b28a599849d2df6,30,13,0.5678550181697695,0.5248868778280543,0.593183399735822,0.28783690390648015,0.4547511312217195,0.4333333333333333
historical_train_to_development,hidden_robot_action,detour_success,all,d6796d48077a08484abd1252e6deb387d8b6a10bf445e66c4e6eaa0bde0f7818,5,2,0.25908502031478936,0.6666666666666666,0.5833333333333333,0.3574387760511379,0.3333333333333333,0.4
historical_train_to_development,hidden_robot_action,detour_success,glass,2ef1381d9cfc0a92b107e2940bcf431c7494cd7067d032284f30a23c47b487cc,6,0,0.6688896940560913,,,0.4717975864072311,,0.0
historical_train_to_development,hidden_robot_action,detour_success,glass,3f7887ee8820a4163a5033c81050731e85d1a310652a612f5b0ea5c450ec2043,5,0,0.09490266757394719,,,0.021744047375960963,,0.0
historical_train_to_development,hidden_robot_action,detour_success,glass,5de3fa5396875480db81793738029227ed357caa91e5d24290ffc5cb0371f908,4,0,0.7309457380470179,,,0.540733489987983,,0.0
historical_train_to_development,hidden_robot_action,detour_success,glass,61f6ada542d03d1dd4d75a304f2674efa20660163c54b012b956522e98835cac,4,0,0.44335178270545667,,,0.2592723478476028,,0.0
historical_train_to_development,hidden_robot_action,detour_success,glass,6292759eb45913ce4ed8447194504833f347d9355012e3228775797a4b0a7cd1,4,4,0.3723928043213473,,1.0,0.4208893953254883,,1.0
historical_train_to_development,hidden_robot_action,detour_success,glass,655347c9fb28aaf505e162e6bcad095d17e4bfee5506113825cfb3da6ca60845,4,0,0.5737900341721831,,,0.3357537871238022,,0.0
historical_train_to_development,hidden_robot_action,detour_success,glass,b830bede73f505b84b88a6596e92c22a5a4c0ded1e275e8e5b28a599849d2df6,10,0,0.6312122401645724,,,0.4136900922688364,,0.0
historical_train_to_development,hidden_robot_action,detour_success,glass,d6796d48077a08484abd1252e6deb387d8b6a10bf445e66c4e6eaa0bde0f7818,5,2,0.25908502031478936,0.6666666666666666,0.5833333333333333,0.3574387760511379,0.3333333333333333,0.4
historical_train_to_development,hidden_robot_action,base_success,all,2ef1381d9cfc0a92b107e2940bcf431c7494cd7067d032284f30a23c47b487cc,18,11,0.6279513195369513,0.5064935064935064,0.6303518377047788,0.312340388321907,0.577922077922078,0.6111111111111112
historical_train_to_development,hidden_robot_action,base_success,all,3f7887ee8820a4163a5033c81050731e85d1a310652a612f5b0ea5c450ec2043,5,0,0.019896766041149743,,,0.0007568858665205905,,0.0
historical_train_to_development,hidden_robot_action,base_success,all,5de3fa5396875480db81793738029227ed357caa91e5d24290ffc5cb0371f908,12,7,0.8007464702749933,0.6285714285714287,0.6568027210884354,0.260355787666889,0.6,0.5833333333333333
historical_train_to_development,hidden_robot_action,base_success,all,61f6ada542d03d1dd4d75a304f2674efa20660163c54b012b956522e98835cac,12,8,0.7258694560372384,1.0000000000000002,1.0,0.07880944831331885,0.875,0.6666666666666666
historical_train_to_development,hidden_robot_action,base_success,all,6292759eb45913ce4ed8447194504833f347d9355012e3228775797a4b0a7cd1,12,8,0.35318430861776634,0.9375,0.975,0.25975658342586155,0.5625,0.6666666666666666
historical_train_to_development,hidden_robot_action,base_success,all,655347c9fb28aaf505e162e6bcad095d17e4bfee5506113825cfb3da6ca60845,12,7,0.6344560878380044,0.7999999999999999,0.8690476190476192,0.17456912449779904,0.7,0.5833333333333333
historical_train_to_development,hidden_robot_action,base_success,all,b830bede73f505b84b88a6596e92c22a5a4c0ded1e275e8e5b28a599849d2df6,30,19,0.6025035907502648,0.784688995215311,0.8641090399576878,0.18511770366803992,0.7392344497607656,0.6333333333333333
historical_train_to_development,hidden_robot_action,base_success,all,d6796d48077a08484abd1252e6deb387d8b6a10bf445e66c4e6eaa0bde0f7818,5,0,0.17189013225757188,,,0.09985303929451389,,0.0
historical_train_to_development,hidden_robot_action,base_success,glass,2ef1381d9cfc0a92b107e2940bcf431c7494cd7067d032284f30a23c47b487cc,6,0,0.6928388309224838,,,0.5138456117027674,,0.0
historical_train_to_development,hidden_robot_action,base_success,glass,3f7887ee8820a4163a5033c81050731e85d1a310652a612f5b0ea5c450ec2043,5,0,0.019896766041149743,,,0.0007568858665205905,,0.0
historical_train_to_development,hidden_robot_action,base_success,glass,5de3fa5396875480db81793738029227ed357caa91e5d24290ffc5cb0371f908,4,0,0.7076314107225663,,,0.541630489802911,,0.0
historical_train_to_development,hidden_robot_action,base_success,glass,61f6ada542d03d1dd4d75a304f2674efa20660163c54b012b956522e98835cac,4,0,0.38714274732880916,,,0.20794617037691215,,0.0
historical_train_to_development,hidden_robot_action,base_success,glass,6292759eb45913ce4ed8447194504833f347d9355012e3228775797a4b0a7cd1,4,0,0.221297187868695,,,0.06362242037295822,,0.0
historical_train_to_development,hidden_robot_action,base_success,glass,655347c9fb28aaf505e162e6bcad095d17e4bfee5506113825cfb3da6ca60845,4,0,0.4176951024593882,,,0.2537248675900886,,0.0
historical_train_to_development,hidden_robot_action,base_success,glass,b830bede73f505b84b88a6596e92c22a5a4c0ded1e275e8e5b28a599849d2df6,10,0,0.45770939136956984,,,0.2873871928445099,,0.0
historical_train_to_development,hidden_robot_action,base_success,glass,d6796d48077a08484abd1252e6deb387d8b6a10bf445e66c4e6eaa0bde0f7818,5,0,0.17189013225757188,,,0.09985303929451389,,0.0
historical_train_to_development,oracle_metadata,base_crash,all,2ef1381d9cfc0a92b107e2940bcf431c7494cd7067d032284f30a23c47b487cc,18,6,0.3350113932294947,1.0,1.0,0.0011527149808459633,1.0,0.33333333333333337
historical_train_to_development,oracle_metadata,base_crash,all,3f7887ee8820a4163a5033c81050731e85d1a310652a612f5b0ea5c450ec2043,5,4,0.7699139330886478,0.25,0.7208333333333334,0.30149483771285124,0.37500000000000006,0.8
historical_train_to_development,oracle_metadata,base_crash,all,5de3fa5396875480db81793738029227ed357caa91e5d24290ffc5cb0371f908,12,4,0.3097973736255824,1.0,1.0,0.008536143553204513,1.0,0.3333333333333333
historical_train_to_development,oracle_metadata,base_crash,all,61f6ada542d03d1dd4d75a304f2674efa20660163c54b012b956522e98835cac,12,4,0.3097973736255824,1.0,1.0,0.00853614355320451,1.0,0.3333333333333333
historical_train_to_development,oracle_metadata,base_crash,all,6292759eb45913ce4ed8447194504833f347d9355012e3228775797a4b0a7cd1,12,4,0.30979737362558235,1.0,1.0,0.008536143553204511,1.0,0.3333333333333333
historical_train_to_development,oracle_metadata,base_crash,all,655347c9fb28aaf505e162e6bcad095d17e4bfee5506113825cfb3da6ca60845,12,4,0.30979737362558235,1.0,1.0,0.008536143553204513,1.0,0.3333333333333333
historical_train_to_development,oracle_metadata,base_crash,all,b830bede73f505b84b88a6596e92c22a5a4c0ded1e275e8e5b28a599849d2df6,30,9,0.26736062912190683,0.9867724867724866,0.9638888888888888,0.05337420404063507,0.8650793650793651,0.3
historical_train_to_development,oracle_metadata,base_crash,all,d6796d48077a08484abd1252e6deb387d8b6a10bf445e66c4e6eaa0bde0f7818,5,5,0.7699139330886478,,1.0000000000000002,0.12000609823022752,,1.0
historical_train_to_development,oracle_metadata,base_crash,glass,2ef1381d9cfc0a92b107e2940bcf431c7494cd7067d032284f30a23c47b487cc,6,6,0.9537218487065592,,1.0,0.0021416672871385875,,0.9999999999999999
historical_train_to_development,oracle_metadata,base_crash,glass,3f7887ee8820a4163a5033c81050731e85d1a310652a612f5b0ea5c450ec2043,5,4,0.7699139330886478,0.25,0.7208333333333334,0.30149483771285124,0.37500000000000006,0.8
historical_train_to_development,oracle_metadata,base_crash,glass,5de3fa5396875480db81793738029227ed357caa91e5d24290ffc5cb0371f908,4,4,0.8894452537271524,,1.0,0.02461679390989385,,1.0
historical_train_to_development,oracle_metadata,base_crash,glass,61f6ada542d03d1dd4d75a304f2674efa20660163c54b012b956522e98835cac,4,4,0.8894452537271524,,1.0,0.024616793909893853,,1.0
historical_train_to_development,oracle_metadata,base_crash,glass,6292759eb45913ce4ed8447194504833f347d9355012e3228775797a4b0a7cd1,4,4,0.8894452537271524,,1.0,0.024616793909893853,,1.0
historical_train_to_development,oracle_metadata,base_crash,glass,655347c9fb28aaf505e162e6bcad095d17e4bfee5506113825cfb3da6ca60845,4,4,0.8894452537271524,,1.0,0.02461679390989385,,1.0
historical_train_to_development,oracle_metadata,base_crash,glass,b830bede73f505b84b88a6596e92c22a5a4c0ded1e275e8e5b28a599849d2df6,10,9,0.7699139330886476,0.7222222222222223,0.963888888888889,0.15932919198801385,0.3888888888888889,0.8999999999999999
historical_train_to_development,oracle_metadata,base_crash,glass,d6796d48077a08484abd1252e6deb387d8b6a10bf445e66c4e6eaa0bde0f7818,5,5,0.7699139330886478,,1.0000000000000002,0.12000609823022752,,1.0
historical_train_to_development,oracle_metadata,detour_success,all,2ef1381d9cfc0a92b107e2940bcf431c7494cd7067d032284f30a23c47b487cc,18,8,0.5794789853141832,0.825,0.7916666666666666,0.18992547299828175,0.8,0.4444444444444444
historical_train_to_development,oracle_metadata,detour_success,all,3f7887ee8820a4163a5033c81050731e85d1a310652a612f5b0ea5c450ec2043,5,0,0.2704087896962047,,,0.08151488484413875,,0.0
historical_train_to_development,oracle_metadata,detour_success,all,5de3fa5396875480db81793738029227ed357caa91e5d24290ffc5cb0371f908,12,7,0.5404033838833658,0.8714285714285716,0.8784013605442178,0.14201957679183988,0.9,0.5833333333333333
historical_train_to_development,oracle_metadata,detour_success,all,61f6ada542d03d1dd4d75a304f2674efa20660163c54b012b956522e98835cac,12,6,0.5404033838833658,0.9583333333333334,0.9484126984126984,0.13307605236222725,0.8333333333333334,0.49999999999999994
historical_train_to_development,oracle_metadata,detour_success,all,6292759eb45913ce4ed8447194504833f347d9355012e3228775797a4b0a7cd1,12,12,0.540403383883366,,1.0,0.2534161565581734,,1.0
historical_train_to_development,oracle_metadata,detour_success,all,655347c9fb28aaf505e162e6bcad095d17e4bfee5506113825cfb3da6ca60845,12,3,0.5404033838833658,0.6851851851851851,0.42063492063492064,0.2516034681061421,0.7222222222222222,0.25
historical_train_to_development,oracle_metadata,detour_success,all,b830bede73f505b84b88a6596e92c22a5a4c0ded1e275e8e5b28a599849d2df6,30,13,0.5250477253240298,0.9208144796380091,0.8708791208791209,0.1520058340261672,0.7941176470588236,0.4333333333333333
historical_train_to_development,oracle_metadata,detour_success,all,d6796d48077a08484abd1252e6deb387d8b6a10bf445e66c4e6eaa0bde0f7818,5,2,0.27040878969620474,0.25,0.3666666666666667,0.3055988200064185,0.5,0.4
historical_train_to_development,oracle_metadata,detour_success,glass,2ef1381d9cfc0a92b107e2940bcf431c7494cd7067d032284f30a23c47b487cc,6,0,0.32102560504476035,,,0.1104976603266529,,0.0
historical_train_to_development,oracle_metadata,detour_success,glass,3f7887ee8820a4163a5033c81050731e85d1a310652a612f5b0ea5c450ec2043,5,0,0.2704087896962047,,,0.08151488484413875,,0.0
historical_train_to_development,oracle_metadata,detour_success,glass,5de3fa5396875480db81793738029227ed357caa91e5d24290ffc5cb0371f908,4,0,0.2857085204291486,,,0.0909514139672759,,0.0
historical_train_to_development,oracle_metadata,detour_success,glass,61f6ada542d03d1dd4d75a304f2674efa20660163c54b012b956522e98835cac,4,0,0.28570852042914857,,,0.09095141396727588,,0.0
historical_train_to_development,oracle_metadata,detour_success,glass,6292759eb45913ce4ed8447194504833f347d9355012e3228775797a4b0a7cd1,4,4,0.2857085204291486,,1.0,0.5195343731089788,,1.0
historical_train_to_development,oracle_metadata,detour_success,glass,655347c9fb28aaf505e162e6bcad095d17e4bfee5506113825cfb3da6ca60845,4,0,0.2857085204291486,,,0.0909514139672759,,0.0
historical_train_to_development,oracle_metadata,detour_success,glass,b830bede73f505b84b88a6596e92c22a5a4c0ded1e275e8e5b28a599849d2df6,10,0,0.27040878969620474,,,0.08151488484413875,,0.0
historical_train_to_development,oracle_metadata,detour_success,glass,d6796d48077a08484abd1252e6deb387d8b6a10bf445e66c4e6eaa0bde0f7818,5,2,0.27040878969620474,0.25,0.3666666666666667,0.3055988200064185,0.5,0.4
historical_train_to_development,oracle_metadata,base_success,all,2ef1381d9cfc0a92b107e2940bcf431c7494cd7067d032284f30a23c47b487cc,18,11,0.5662785002257079,0.9155844155844156,0.9287878787878786,0.0603585139503361,0.9285714285714286,0.6111111111111112
historical_train_to_development,oracle_metadata,base_success,all,3f7887ee8820a4163a5033c81050731e85d1a310652a612f5b0ea5c450ec2043,5,0,0.05203732934094689,,,0.0033346846322714983,,0.0
historical_train_to_development,oracle_metadata,base_success,all,5de3fa5396875480db81793738029227ed357caa91e5d24290ffc5cb0371f908,12,7,0.5857394995288417,0.8714285714285716,0.8736394557823131,0.08901729381623015,0.9,0.5833333333333333
historical_train_to_development,oracle_metadata,base_success,all,61f6ada542d03d1dd4d75a304f2674efa20660163c54b012b956522e98835cac,12,8,0.5857394995288417,1.0000000000000002,1.0,0.019655533615934563,1.0,0.6666666666666666
historical_train_to_development,oracle_metadata,base_success,all,6292759eb45913ce4ed8447194504833f347d9355012e3228775797a4b0a7cd1,12,8,0.5857394995288417,1.0000000000000002,1.0,0.019655533615934563,1.0,0.6666666666666666
historical_train_to_development,oracle_metadata,base_success,all,655347c9fb28aaf505e162e6bcad095d17e4bfee5506113825cfb3da6ca60845,12,7,0.5857394995288417,0.942857142857143,0.9617346938775512,0.0670458995388925,0.9,0.5833333333333333
historical_train_to_development,oracle_metadata,base_success,all,b830bede73f505b84b88a6596e92c22a5a4c0ded1e275e8e5b28a599849d2df6,30,19,0.5907441720725889,0.9976076555023926,0.9973684210526316,0.03286680774538479,0.9545454545454546,0.6333333333333333
historical_train_to_development,oracle_metadata,base_success,all,d6796d48077a08484abd1252e6deb387d8b6a10bf445e66c4e6eaa0bde0f7818,5,0,0.05203732934094689,,,0.0033346846322714983,,0.0
historical_train_to_development,oracle_metadata,base_success,glass,2ef1381d9cfc0a92b107e2940bcf431c7494cd7067d032284f30a23c47b487cc,6,0,0.04256583820560681,,,0.002510171580575829,,0.0
historical_train_to_development,oracle_metadata,base_success,glass,3f7887ee8820a4163a5033c81050731e85d1a310652a612f5b0ea5c450ec2043,5,0,0.05203732934094689,,,0.0033346846322714983,,0.0
historical_train_to_development,oracle_metadata,base_success,glass,5de3fa5396875480db81793738029227ed357caa91e5d24290ffc5cb0371f908,4,0,0.05186848927034832,,,0.003473698878507696,,0.0
historical_train_to_development,oracle_metadata,base_success,glass,61f6ada542d03d1dd4d75a304f2674efa20660163c54b012b956522e98835cac,4,0,0.05186848927034832,,,0.0034736988785076966,,0.0
historical_train_to_development,oracle_metadata,base_success,glass,6292759eb45913ce4ed8447194504833f347d9355012e3228775797a4b0a7cd1,4,0,0.05186848927034832,,,0.0034736988785076966,,0.0
historical_train_to_development,oracle_metadata,base_success,glass,655347c9fb28aaf505e162e6bcad095d17e4bfee5506113825cfb3da6ca60845,4,0,0.05186848927034832,,,0.003473698878507696,,0.0
historical_train_to_development,oracle_metadata,base_success,glass,b830bede73f505b84b88a6596e92c22a5a4c0ded1e275e8e5b28a599849d2df6,10,0,0.05203732934094689,,,0.0033346846322714983,,0.0
historical_train_to_development,oracle_metadata,base_success,glass,d6796d48077a08484abd1252e6deb387d8b6a10bf445e66c4e6eaa0bde0f7818,5,0,0.05203732934094689,,,0.0033346846322714983,,0.0
historical_train_to_development,prior,base_crash,all,2ef1381d9cfc0a92b107e2940bcf431c7494cd7067d032284f30a23c47b487cc,18,6,0.3933333333333334,0.5,0.33333333333333337,0.22582222222222223,0.5,0.33333333333333337
historical_train_to_development,prior,base_crash,all,3f7887ee8820a4163a5033c81050731e85d1a310652a612f5b0ea5c450ec2043,5,4,0.3933333333333334,0.5,0.8,0.32537777777777777,0.5,0.8
historical_train_to_development,prior,base_crash,all,5de3fa5396875480db81793738029227ed357caa91e5d24290ffc5cb0371f908,12,4,0.3933333333333335,0.5000000000000001,0.3333333333333333,0.2258222222222222,0.5,0.3333333333333333
historical_train_to_development,prior,base_crash,all,61f6ada542d03d1dd4d75a304f2674efa20660163c54b012b956522e98835cac,12,4,0.3933333333333335,0.5000000000000001,0.3333333333333333,0.22582222222222217,0.5,0.3333333333333333
historical_train_to_development,prior,base_crash,all,6292759eb45913ce4ed8447194504833f347d9355012e3228775797a4b0a7cd1,12,4,0.3933333333333335,0.5000000000000001,0.3333333333333333,0.2258222222222222,0.5,0.3333333333333333
historical_train_to_development,prior,base_crash,all,655347c9fb28aaf505e162e6bcad095d17e4bfee5506113825cfb3da6ca60845,12,4,0.3933333333333335,0.5000000000000001,0.3333333333333333,0.2258222222222222,0.5,0.3333333333333333
historical_train_to_development,prior,base_crash,all,b830bede73f505b84b88a6596e92c22a5a4c0ded1e275e8e5b28a599849d2df6,30,9,0.39333333333333326,0.5000000000000001,0.3,0.21871111111111113,0.5,0.3
historical_train_to_development,prior,base_crash,all,d6796d48077a08484abd1252e6deb387d8b6a10bf445e66c4e6eaa0bde0f7818,5,5,0.3933333333333334,,1.0,0.3680444444444444,,1.0
historical_train_to_development,prior,base_crash,glass,2ef1381d9cfc0a92b107e2940bcf431c7494cd7067d032284f30a23c47b487cc,6,6,0.3933333333333335,,1.0,0.3680444444444443,,0.9999999999999999
historical_train_to_development,prior,base_crash,glass,3f7887ee8820a4163a5033c81050731e85d1a310652a612f5b0ea5c450ec2043,5,4,0.3933333333333334,0.5,0.8,0.32537777777777777,0.5,0.8
historical_train_to_development,prior,base_crash,glass,5de3fa5396875480db81793738029227ed357caa91e5d24290ffc5cb0371f908,4,4,0.3933333333333334,,1.0,0.36804444444444434,,1.0
historical_train_to_development,prior,base_crash,glass,61f6ada542d03d1dd4d75a304f2674efa20660163c54b012b956522e98835cac,4,4,0.3933333333333334,,1.0,0.36804444444444434,,1.0
historical_train_to_development,prior,base_crash,glass,6292759eb45913ce4ed8447194504833f347d9355012e3228775797a4b0a7cd1,4,4,0.3933333333333334,,1.0,0.36804444444444434,,1.0
historical_train_to_development,prior,base_crash,glass,655347c9fb28aaf505e162e6bcad095d17e4bfee5506113825cfb3da6ca60845,4,4,0.3933333333333334,,1.0,0.36804444444444434,,1.0
historical_train_to_development,prior,base_crash,glass,b830bede73f505b84b88a6596e92c22a5a4c0ded1e275e8e5b28a599849d2df6,10,9,0.3933333333333334,0.5000000000000001,0.9000000000000002,0.346711111111111,0.5,0.8999999999999999
historical_train_to_development,prior,base_crash,glass,d6796d48077a08484abd1252e6deb387d8b6a10bf445e66c4e6eaa0bde0f7818,5,5,0.3933333333333334,,1.0,0.3680444444444444,,1.0
historical_train_to_development,prior,detour_success,all,2ef1381d9cfc0a92b107e2940bcf431c7494cd7067d032284f30a23c47b487cc,18,8,0.4833333333333335,0.5,0.4444444444444444,0.24842592592592594,0.5,0.4444444444444444
historical_train_to_development,prior,detour_success,all,3f7887ee8820a4163a5033c81050731e85d1a310652a612f5b0ea5c450ec2043,5,0,0.4833333333333335,,,0.23361111111111124,,0.0
historical_train_to_development,prior,detour_success,all,5de3fa5396875480db81793738029227ed357caa91e5d24290ffc5cb0371f908,12,7,0.48333333333333345,0.5,0.5833333333333334,0.25305555555555553,0.5,0.5833333333333333
historical_train_to_development,prior,detour_success,all,61f6ada542d03d1dd4d75a304f2674efa20660163c54b012b956522e98835cac,12,6,0.48333333333333345,0.5,0.5,0.25027777777777777,0.5,0.49999999999999994
historical_train_to_development,prior,detour_success,all,6292759eb45913ce4ed8447194504833f347d9355012e3228775797a4b0a7cd1,12,12,0.48333333333333345,,1.0,0.2669444444444444,,1.0
historical_train_to_development,prior,detour_success,all,655347c9fb28aaf505e162e6bcad095d17e4bfee5506113825cfb3da6ca60845,12,3,0.48333333333333345,0.5000000000000001,0.25,0.24194444444444446,0.5,0.25
historical_train_to_development,prior,detour_success,all,b830bede73f505b84b88a6596e92c22a5a4c0ded1e275e8e5b28a599849d2df6,30,13,0.4833333333333336,0.5000000000000001,0.43333333333333346,0.24805555555555558,0.5,0.4333333333333333
historical_train_to_development,prior,detour_success,all,d6796d48077a08484abd1252e6deb387d8b6a10bf445e66c4e6eaa0bde0f7818,5,2,0.4833333333333335,0.5,0.4,0.2469444444444445,0.5,0.4
historical_train_to_development,prior,detour_success,glass,2ef1381d9cfc0a92b107e2940bcf431c7494cd7067d032284f30a23c47b487cc,6,0,0.48333333333333345,,,0.2336111111111112,,0.0
historical_train_to_development,prior,detour_success,glass,3f7887ee8820a4163a5033c81050731e85d1a310652a612f5b0ea5c450ec2043,5,0,0.4833333333333335,,,0.23361111111111124,,0.0
historical_train_to_development,prior,detour_success,glass,5de3fa5396875480db81793738029227ed357caa91e5d24290ffc5cb0371f908,4,0,0.48333333333333345,,,0.2336111111111112,,0.0
historical_train_to_development,prior,detour_success,glass,61f6ada542d03d1dd4d75a304f2674efa20660163c54b012b956522e98835cac,4,0,0.48333333333333345,,,0.2336111111111112,,0.0
historical_train_to_development,prior,detour_success,glass,6292759eb45913ce4ed8447194504833f347d9355012e3228775797a4b0a7cd1,4,4,0.48333333333333345,,1.0,0.2669444444444444,,1.0
historical_train_to_development,prior,detour_success,glass,655347c9fb28aaf505e162e6bcad095d17e4bfee5506113825cfb3da6ca60845,4,0,0.48333333333333345,,,0.2336111111111112,,0.0
historical_train_to_development,prior,detour_success,glass,b830bede73f505b84b88a6596e92c22a5a4c0ded1e275e8e5b28a599849d2df6,10,0,0.4833333333333335,,,0.23361111111111119,,0.0
historical_train_to_development,prior,detour_success,glass,d6796d48077a08484abd1252e6deb387d8b6a10bf445e66c4e6eaa0bde0f7818,5,2,0.4833333333333335,0.5,0.4,0.2469444444444445,0.5,0.4
historical_train_to_development,prior,base_success,all,2ef1381d9cfc0a92b107e2940bcf431c7494cd7067d032284f30a23c47b487cc,18,11,0.48000000000000015,0.5,0.6111111111111112,0.2548444444444444,0.5,0.6111111111111112
historical_train_to_development,prior,base_success,all,3f7887ee8820a4163a5033c81050731e85d1a310652a612f5b0ea5c450ec2043,5,0,0.4800000000000001,,,0.23040000000000008,,0.0
historical_train_to_development,prior,base_success,all,5de3fa5396875480db81793738029227ed357caa91e5d24290ffc5cb0371f908,12,7,0.4800000000000002,0.5000000000000001,0.5833333333333335,0.25373333333333326,0.5,0.5833333333333333
historical_train_to_development,prior,base_success,all,61f6ada542d03d1dd4d75a304f2674efa20660163c54b012b956522e98835cac,12,8,0.4800000000000002,0.5000000000000001,0.6666666666666669,0.2570666666666666,0.5,0.6666666666666666
historical_train_to_development,prior,base_success,all,6292759eb45913ce4ed8447194504833f347d9355012e3228775797a4b0a7cd1,12,8,0.4800000000000002,0.5000000000000001,0.6666666666666669,0.2570666666666666,0.5,0.6666666666666666
historical_train_to_development,prior,base_success,all,655347c9fb28aaf505e162e6bcad095d17e4bfee5506113825cfb3da6ca60845,12,7,0.4800000000000002,0.5,0.5833333333333334,0.25373333333333326,0.5,0.5833333333333333
historical_train_to_development,prior,base_success,all,b830bede73f505b84b88a6596e92c22a5a4c0ded1e275e8e5b28a599849d2df6,30,19,0.4800000000000002,0.5000000000000002,0.6333333333333335,0.25573333333333315,0.5,0.6333333333333333
historical_train_to_development,prior,base_success,all,d6796d48077a08484abd1252e6deb387d8b6a10bf445e66c4e6eaa0bde0f7818,5,0,0.4800000000000001,,,0.23040000000000008,,0.0
historical_train_to_development,prior,base_success,glass,2ef1381d9cfc0a92b107e2940bcf431c7494cd7067d032284f30a23c47b487cc,6,0,0.48000000000000004,,,0.23040000000000008,,0.0
historical_train_to_development,prior,base_success,glass,3f7887ee8820a4163a5033c81050731e85d1a310652a612f5b0ea5c450ec2043,5,0,0.4800000000000001,,,0.23040000000000008,,0.0
historical_train_to_development,prior,base_success,glass,5de3fa5396875480db81793738029227ed357caa91e5d24290ffc5cb0371f908,4,0,0.4800000000000001,,,0.23040000000000008,,0.0
historical_train_to_development,prior,base_success,glass,61f6ada542d03d1dd4d75a304f2674efa20660163c54b012b956522e98835cac,4,0,0.4800000000000001,,,0.23040000000000008,,0.0
historical_train_to_development,prior,base_success,glass,6292759eb45913ce4ed8447194504833f347d9355012e3228775797a4b0a7cd1,4,0,0.4800000000000001,,,0.23040000000000008,,0.0
historical_train_to_development,prior,base_success,glass,655347c9fb28aaf505e162e6bcad095d17e4bfee5506113825cfb3da6ca60845,4,0,0.4800000000000001,,,0.23040000000000008,,0.0
historical_train_to_development,prior,base_success,glass,b830bede73f505b84b88a6596e92c22a5a4c0ded1e275e8e5b28a599849d2df6,10,0,0.48000000000000015,,,0.23040000000000008,,0.0
historical_train_to_development,prior,base_success,glass,d6796d48077a08484abd1252e6deb387d8b6a10bf445e66c4e6eaa0bde0f7818,5,0,0.4800000000000001,,,0.23040000000000008,,0.0
pooled_loso,inverse_risk_hidden,detour_success,all,0815f4806fc9a4fbd58c6627c8b92fd77f1b80ad4b8b4cd6d0c6e0541d488a7b,12,7,0.7927910882927819,0.6571428571428573,0.7952380952380954,0.3124657027122207,0.4285714285714286,0.5833333333333333
pooled_loso,inverse_risk_hidden,detour_success,all,28c563172e6e13a0d3d84f1527243878c67a2140fa8c9a81ecb8b81ec9402dc8,5,0,0.5652318328689795,,,0.34117120373060755,,0.0
pooled_loso,inverse_risk_hidden,detour_success,all,2ef1381d9cfc0a92b107e2940bcf431c7494cd7067d032284f30a23c47b487cc,18,8,0.6115814550165218,0.6375000000000001,0.7364750445632798,0.269083456011834,0.525,0.4444444444444444
pooled_loso,inverse_risk_hidden,detour_success,all,3f7887ee8820a4163a5033c81050731e85d1a310652a612f5b0ea5c450ec2043,5,0,0.22388407715956032,,,0.05375420719422344,,0.0
pooled_loso,inverse_risk_hidden,detour_success,all,5de3fa5396875480db81793738029227ed357caa91e5d24290ffc5cb0371f908,12,7,0.6418877568824322,0.7428571428571429,0.7798185941043085,0.17793203164635069,0.7,0.5833333333333333
pooled_loso,inverse_risk_hidden,detour_success,all,61f6ada542d03d1dd4d75a304f2674efa20660163c54b012b956522e98835cac,12,6,0.7092093889138052,0.9444444444444444,0.9583333333333335,0.1818378140135336,0.6666666666666667,0.49999999999999994
pooled_loso,inverse_risk_hidden,detour_success,all,6292759eb45913ce4ed8447194504833f347d9355012e3228775797a4b0a7cd1,12,12,0.7429006913104389,,1.0,0.0854211244722187,,1.0
pooled_loso,inverse_risk_hidden,detour_success,all,655347c9fb28aaf505e162e6bcad095d17e4bfee5506113825cfb3da6ca60845,12,3,0.6898097960131562,0.6666666666666666,0.5777777777777777,0.38987809822799585,0.6666666666666666,0.25
pooled_loso,inverse_risk_hidden,detour_success,all,69fa7e93588c6aea4b134efa44633d38556ce1656b46df276021920a664881a3,30,20,0.5586068229620518,0.5349999999999999,0.7211970282965411,0.2650230104097943,0.42500000000000004,0.6666666666666666
pooled_loso,inverse_risk_hidden,detour_success,all,76fe1d96587ab928f6fb5d7750ecd048fd712eb3d66aa60feb972a3d9d56c9d1,12,3,0.6825037491894302,0.4814814814814814,0.29444444444444445,0.4007575655036489,0.6111111111111112,0.25
pooled_loso,inverse_risk_hidden,detour_success,all,821b498fc1fcb4e3c103635fa473d7577f718c4f633b273772954295c83ae585,15,5,0.6764116062114328,0.78,0.6392857142857145,0.2980163820017129,0.6,0.3333333333333333
pooled_loso,inverse_risk_hidden,detour_success,all,9176c2514b8a62105f4d2b8a22a8a0b0236c5b9feda58c18ef64cea917b98d9d,15,6,0.6170434545698602,0.6296296296296298,0.5044973544973546,0.27238921302333857,0.5833333333333334,0.39999999999999997
pooled_loso,inverse_risk_hidden,detour_success,all,986b3dff233a80cf0fd1c48f815600f49b95f83be0d9f898fee40d0a5c9dca63,12,8,0.6761150876772869,0.40625,0.6781250000000001,0.2564996324826355,0.43749999999999994,0.6666666666666666
pooled_loso,inverse_risk_hidden,detour_success,all,a3e1c487338ecfe4ce59e1e8f0be7a20d0442476ad923022ec430bdb5470ee56,12,11,0.7383108002356839,0.45454545454545453,0.9406172110717563,0.15023481737147362,0.45454545454545453,0.9166666666666667
pooled_loso,inverse_risk_hidden,detour_success,all,a992f0a563f4b0239708f4be6fa38192e6930b15387567b2d4a16568d4fa5671,12,5,0.5469602557417065,0.7428571428571429,0.7611111111111111,0.207803749841798,0.6142857142857143,0.41666666666666663
pooled_loso,inverse_risk_hidden,detour_success,all,b830bede73f505b84b88a6596e92c22a5a4c0ded1e275e8e5b28a599849d2df6,30,13,0.7215711043621454,0.6968325791855204,0.5858526388890762,0.30335189661737105,0.5882352941176471,0.4333333333333333
pooled_loso,inverse_risk_hidden,detour_success,all,c8fa274849bf4beeb7c46b93a7de7a6242e5af2e9c83a395e8d0db16da5e81d8,15,5,0.7407872269779819,0.7400000000000001,0.6666666666666667,0.35993887892737175,0.55,0.3333333333333333
pooled_loso,inverse_risk_hidden,detour_success,all,d6796d48077a08484abd1252e6deb387d8b6a10bf445e66c4e6eaa0bde0f7818,5,2,0.7401879476198341,0.3333333333333333,0.45,0.4100368734243807,0.5,0.4
pooled_loso,inverse_risk_hidden,detour_success,all,ddd84e646ab0cdd38c0f283802f28ac361a412492f3872c7f489b95bb55d53af,15,4,0.5939422489623247,0.6363636363636364,0.3929924242424242,0.2943592780135184,0.5568181818181819,0.26666666666666666
pooled_loso,inverse_risk_hidden,detour_success,all,f64d2a60c3b9cebc4b5e12f86f4978711b4ca1e7a3788d1756d078c45a1c1004,12,3,0.7564416075583652,0.6666666666666666,0.4206349206349207,0.4552765401432372,0.5555555555555556,0.25
pooled_loso,inverse_risk_hidden,detour_success,glass,0815f4806fc9a4fbd58c6627c8b92fd77f1b80ad4b8b4cd6d0c6e0541d488a7b,4,3,0.680103797240557,0.6666666666666666,0.9166666666666666,0.2315330753415974,0.3333333333333333,0.75
pooled_loso,inverse_risk_hidden,detour_success,glass,28c563172e6e13a0d3d84f1527243878c67a2140fa8c9a81ecb8b81ec9402dc8,5,0,0.5652318328689795,,,0.34117120373060755,,0.0
pooled_loso,inverse_risk_hidden,detour_success,glass,2ef1381d9cfc0a92b107e2940bcf431c7494cd7067d032284f30a23c47b487cc,6,0,0.4819393999933978,,,0.26383705729657625,,0.0
pooled_loso,inverse_risk_hidden,detour_success,glass,3f7887ee8820a4163a5033c81050731e85d1a310652a612f5b0ea5c450ec2043,5,0,0.22388407715956032,,,0.05375420719422344,,0.0
pooled_loso,inverse_risk_hidden,detour_success,glass,5de3fa5396875480db81793738029227ed357caa91e5d24290ffc5cb0371f908,4,0,0.42941517985329447,,,0.23268964986416546,,0.0
pooled_loso,inverse_risk_hidden,detour_success,glass,61f6ada542d03d1dd4d75a304f2674efa20660163c54b012b956522e98835cac,4,0,0.4441023456017428,,,0.2605270075235149,,0.0
pooled_loso,inverse_risk_hidden,detour_success,glass,6292759eb45913ce4ed8447194504833f347d9355012e3228775797a4b0a7cd1,4,4,0.6397089407539698,,1.0,0.14891647310824646,,1.0
pooled_loso,inverse_risk_hidden,detour_success,glass,655347c9fb28aaf505e162e6bcad095d17e4bfee5506113825cfb3da6ca60845,4,0,0.3755210422318606,,,0.2032035110516615,,0.0
pooled_loso,inverse_risk_hidden,detour_success,glass,69fa7e93588c6aea4b134efa44633d38556ce1656b46df276021920a664881a3,10,4,0.4952169800719609,0.25000000000000006,0.37976190476190486,0.3943911474871306,0.20833333333333334,0.4
pooled_loso,inverse_risk_hidden,detour_success,glass,76fe1d96587ab928f6fb5d7750ecd048fd712eb3d66aa60feb972a3d9d56c9d1,4,0,0.4494383748178057,,,0.32190701584503095,,0.0
pooled_loso,inverse_risk_hidden,detour_success,glass,821b498fc1fcb4e3c103635fa473d7577f718c4f633b273772954295c83ae585,5,0,0.6056299821093792,,,0.3779262909949521,,0.0
pooled_loso,inverse_risk_hidden,detour_success,glass,9176c2514b8a62105f4d2b8a22a8a0b0236c5b9feda58c18ef64cea917b98d9d,5,4,0.5811844001804056,1.0,1.0,0.13584410517942475,0.875,0.8
pooled_loso,inverse_risk_hidden,detour_success,glass,986b3dff233a80cf0fd1c48f815600f49b95f83be0d9f898fee40d0a5c9dca63,4,3,0.6377858449791556,0.0,0.6388888888888888,0.3305663049894184,0.3333333333333333,0.75
pooled_loso,inverse_risk_hidden,detour_success,glass,a3e1c487338ecfe4ce59e1e8f0be7a20d0442476ad923022ec430bdb5470ee56,4,3,0.5925880306086954,0.0,0.6388888888888888,0.351694305484355,0.3333333333333333,0.75
pooled_loso,inverse_risk_hidden,detour_success,glass,a992f0a563f4b0239708f4be6fa38192e6930b15387567b2d4a16568d4fa5671,4,0,0.388558934296107,,,0.21681071648640726,,0.0
pooled_loso,inverse_risk_hidden,detour_success,glass,b830bede73f505b84b88a6596e92c22a5a4c0ded1e275e8e5b28a599849d2df6,10,0,0.6404292525486144,,,0.43887448975439886,,0.0
pooled_loso,inverse_risk_hidden,detour_success,glass,c8fa274849bf4beeb7c46b93a7de7a6242e5af2e9c83a395e8d0db16da5e81d8,5,0,0.6590675642086328,,,0.4495713696409149,,0.0
pooled_loso,inverse_risk_hidden,detour_success,glass,d6796d48077a08484abd1252e6deb387d8b6a10bf445e66c4e6eaa0bde0f7818,5,2,0.7401879476198341,0.3333333333333333,0.45,0.4100368734243807,0.5,0.4
pooled_loso,inverse_risk_hidden,detour_success,glass,ddd84e646ab0cdd38c0f283802f28ac361a412492f3872c7f489b95bb55d53af,5,0,0.5345515956679509,,,0.29307566787574046,,0.0
pooled_loso,inverse_risk_hidden,detour_success,glass,f64d2a60c3b9cebc4b5e12f86f4978711b4ca1e7a3788d1756d078c45a1c1004,4,0,0.5698691573646255,,,0.3956246660115835,,0.0
glass_loso,inverse_risk_hidden,detour_success,all,0815f4806fc9a4fbd58c6627c8b92fd77f1b80ad4b8b4cd6d0c6e0541d488a7b,4,3,0.05750604404112866,0.0,0.6388888888888888,0.6805845597547283,0.5,0.75
glass_loso,inverse_risk_hidden,detour_success,all,28c563172e6e13a0d3d84f1527243878c67a2140fa8c9a81ecb8b81ec9402dc8,5,0,0.12990468538902075,,,0.016921218988401984,,0.0
glass_loso,inverse_risk_hidden,detour_success,all,2ef1381d9cfc0a92b107e2940bcf431c7494cd7067d032284f30a23c47b487cc,6,0,0.0752381967358343,,,0.008455228364889976,,0.0
glass_loso,inverse_risk_hidden,detour_success,all,3f7887ee8820a4163a5033c81050731e85d1a310652a612f5b0ea5c450ec2043,5,0,0.08208589572477751,,,0.007758893045821121,,0.0
glass_loso,inverse_risk_hidden,detour_success,all,5de3fa5396875480db81793738029227ed357caa91e5d24290ffc5cb0371f908,4,0,0.0339273083134658,,,0.0014764616709842847,,0.0
glass_loso,inverse_risk_hidden,detour_success,all,61f6ada542d03d1dd4d75a304f2674efa20660163c54b012b956522e98835cac,4,0,0.06045542653710373,,,0.006061004407308085,,0.0
glass_loso,inverse_risk_hidden,detour_success,all,6292759eb45913ce4ed8447194504833f347d9355012e3228775797a4b0a7cd1,4,4,0.08954098465169547,,1.0,0.8324321855298492,,1.0
glass_loso,inverse_risk_hidden,detour_success,all,655347c9fb28aaf505e162e6bcad095d17e4bfee5506113825cfb3da6ca60845,4,0,0.045395115786713625,,,0.003532952698629778,,0.0
glass_loso,inverse_risk_hidden,detour_success,all,69fa7e93588c6aea4b134efa44633d38556ce1656b46df276021920a664881a3,10,4,0.08064123676638499,0.41666666666666674,0.3988095238095239,0.34762227792712835,0.5,0.4
glass_loso,inverse_risk_hidden,detour_success,all,76fe1d96587ab928f6fb5d7750ecd048fd712eb3d66aa60feb972a3d9d56c9d1,4,0,0.07541588701851062,,,0.010258536101413588,,0.0
glass_loso,inverse_risk_hidden,detour_success,all,821b498fc1fcb4e3c103635fa473d7577f718c4f633b273772954295c83ae585,5,0,0.10231232486187891,,,0.01292704924453866,,0.0
glass_loso,inverse_risk_hidden,detour_success,all,9176c2514b8a62105f4d2b8a22a8a0b0236c5b9feda58c18ef64cea917b98d9d,5,4,0.057467884013143025,0.5,0.8875,0.7075468060798723,0.5,0.8
glass_loso,inverse_risk_hidden,detour_success,all,986b3dff233a80cf0fd1c48f815600f49b95f83be0d9f898fee40d0a5c9dca63,4,3,0.09101891648157184,0.6666666666666666,0.9166666666666666,0.614400942688238,0.5,0.75
glass_loso,inverse_risk_hidden,detour_success,all,a3e1c487338ecfe4ce59e1e8f0be7a20d0442476ad923022ec430bdb5470ee56,4,3,0.0605898513558944,0.6666666666666666,0.9166666666666666,0.6606400660623766,0.5,0.75
glass_loso,inverse_risk_hidden,detour_success,all,a992f0a563f4b0239708f4be6fa38192e6930b15387567b2d4a16568d4fa5671,4,0,0.08052866357780117,,,0.009018496127252208,,0.0
glass_loso,inverse_risk_hidden,detour_success,all,b830bede73f505b84b88a6596e92c22a5a4c0ded1e275e8e5b28a599849d2df6,10,0,0.07015661108236596,,,0.006689334646874231,,0.0
glass_loso,inverse_risk_hidden,detour_success,all,c8fa274849bf4beeb7c46b93a7de7a6242e5af2e9c83a395e8d0db16da5e81d8,5,0,0.10062551210779183,,,0.013547564710934207,,0.0
glass_loso,inverse_risk_hidden,detour_success,all,d6796d48077a08484abd1252e6deb387d8b6a10bf445e66c4e6eaa0bde0f7818,5,2,0.1628779948916537,0.3333333333333333,0.45,0.3166902930656338,0.5,0.4
glass_loso,inverse_risk_hidden,detour_success,all,ddd84e646ab0cdd38c0f283802f28ac361a412492f3872c7f489b95bb55d53af,5,0,0.023064409696886702,,,0.0006946167535497262,,0.0
glass_loso,inverse_risk_hidden,detour_success,all,f64d2a60c3b9cebc4b5e12f86f4978711b4ca1e7a3788d1756d078c45a1c1004,4,0,0.08127013932560515,,,0.010209961580475534,,0.0
glass_loso,inverse_risk_hidden,detour_success,glass,0815f4806fc9a4fbd58c6627c8b92fd77f1b80ad4b8b4cd6d0c6e0541d488a7b,4,3,0.05750604404112866,0.0,0.6388888888888888,0.6805845597547283,0.5,0.75
glass_loso,inverse_risk_hidden,detour_success,glass,28c563172e6e13a0d3d84f1527243878c67a2140fa8c9a81ecb8b81ec9402dc8,5,0,0.12990468538902075,,,0.016921218988401984,,0.0
glass_loso,inverse_risk_hidden,detour_success,glass,2ef1381d9cfc0a92b107e2940bcf431c7494cd7067d032284f30a23c47b487cc,6,0,0.0752381967358343,,,0.008455228364889976,,0.0
glass_loso,inverse_risk_hidden,detour_success,glass,3f7887ee8820a4163a5033c81050731e85d1a310652a612f5b0ea5c450ec2043,5,0,0.08208589572477751,,,0.007758893045821121,,0.0
glass_loso,inverse_risk_hidden,detour_success,glass,5de3fa5396875480db81793738029227ed357caa91e5d24290ffc5cb0371f908,4,0,0.0339273083134658,,,0.0014764616709842847,,0.0
glass_loso,inverse_risk_hidden,detour_success,glass,61f6ada542d03d1dd4d75a304f2674efa20660163c54b012b956522e98835cac,4,0,0.06045542653710373,,,0.006061004407308085,,0.0
glass_loso,inverse_risk_hidden,detour_success,glass,6292759eb45913ce4ed8447194504833f347d9355012e3228775797a4b0a7cd1,4,4,0.08954098465169547,,1.0,0.8324321855298492,,1.0
glass_loso,inverse_risk_hidden,detour_success,glass,655347c9fb28aaf505e162e6bcad095d17e4bfee5506113825cfb3da6ca60845,4,0,0.045395115786713625,,,0.003532952698629778,,0.0
glass_loso,inverse_risk_hidden,detour_success,glass,69fa7e93588c6aea4b134efa44633d38556ce1656b46df276021920a664881a3,10,4,0.08064123676638499,0.41666666666666674,0.3988095238095239,0.34762227792712835,0.5,0.4
glass_loso,inverse_risk_hidden,detour_success,glass,76fe1d96587ab928f6fb5d7750ecd048fd712eb3d66aa60feb972a3d9d56c9d1,4,0,0.07541588701851062,,,0.010258536101413588,,0.0
glass_loso,inverse_risk_hidden,detour_success,glass,821b498fc1fcb4e3c103635fa473d7577f718c4f633b273772954295c83ae585,5,0,0.10231232486187891,,,0.01292704924453866,,0.0
glass_loso,inverse_risk_hidden,detour_success,glass,9176c2514b8a62105f4d2b8a22a8a0b0236c5b9feda58c18ef64cea917b98d9d,5,4,0.057467884013143025,0.5,0.8875,0.7075468060798723,0.5,0.8
glass_loso,inverse_risk_hidden,detour_success,glass,986b3dff233a80cf0fd1c48f815600f49b95f83be0d9f898fee40d0a5c9dca63,4,3,0.09101891648157184,0.6666666666666666,0.9166666666666666,0.614400942688238,0.5,0.75
glass_loso,inverse_risk_hidden,detour_success,glass,a3e1c487338ecfe4ce59e1e8f0be7a20d0442476ad923022ec430bdb5470ee56,4,3,0.0605898513558944,0.6666666666666666,0.9166666666666666,0.6606400660623766,0.5,0.75
glass_loso,inverse_risk_hidden,detour_success,glass,a992f0a563f4b0239708f4be6fa38192e6930b15387567b2d4a16568d4fa5671,4,0,0.08052866357780117,,,0.009018496127252208,,0.0
glass_loso,inverse_risk_hidden,detour_success,glass,b830bede73f505b84b88a6596e92c22a5a4c0ded1e275e8e5b28a599849d2df6,10,0,0.07015661108236596,,,0.006689334646874231,,0.0
glass_loso,inverse_risk_hidden,detour_success,glass,c8fa274849bf4beeb7c46b93a7de7a6242e5af2e9c83a395e8d0db16da5e81d8,5,0,0.10062551210779183,,,0.013547564710934207,,0.0
glass_loso,inverse_risk_hidden,detour_success,glass,d6796d48077a08484abd1252e6deb387d8b6a10bf445e66c4e6eaa0bde0f7818,5,2,0.1628779948916537,0.3333333333333333,0.45,0.3166902930656338,0.5,0.4
glass_loso,inverse_risk_hidden,detour_success,glass,ddd84e646ab0cdd38c0f283802f28ac361a412492f3872c7f489b95bb55d53af,5,0,0.023064409696886702,,,0.0006946167535497262,,0.0
glass_loso,inverse_risk_hidden,detour_success,glass,f64d2a60c3b9cebc4b5e12f86f4978711b4ca1e7a3788d1756d078c45a1c1004,4,0,0.08127013932560515,,,0.010209961580475534,,0.0
historical_train_to_development,inverse_risk_hidden,detour_success,all,2ef1381d9cfc0a92b107e2940bcf431c7494cd7067d032284f30a23c47b487cc,18,8,0.7614022601267623,0.4,0.484602897102897,0.4084559966850196,0.6,0.4444444444444444
historical_train_to_development,inverse_risk_hidden,detour_success,all,3f7887ee8820a4163a5033c81050731e85d1a310652a612f5b0ea5c450ec2043,5,0,0.1617648643369322,,,0.02811766120569578,,0.0
historical_train_to_development,inverse_risk_hidden,detour_success,all,5de3fa5396875480db81793738029227ed357caa91e5d24290ffc5cb0371f908,12,7,0.749657780255694,0.7142857142857143,0.8210884353741497,0.25586711762459485,0.6,0.5833333333333333
historical_train_to_development,inverse_risk_hidden,detour_success,all,61f6ada542d03d1dd4d75a304f2674efa20660163c54b012b956522e98835cac,12,6,0.7760935882235444,0.8333333333333334,0.8634920634920635,0.24595197008473407,0.6666666666666667,0.49999999999999994
historical_train_to_development,inverse_risk_hidden,detour_success,all,6292759eb45913ce4ed8447194504833f347d9355012e3228775797a4b0a7cd1,12,12,0.6557755568357461,,1.0,0.15734591159539968,,1.0
historical_train_to_development,inverse_risk_hidden,detour_success,all,655347c9fb28aaf505e162e6bcad095d17e4bfee5506113825cfb3da6ca60845,12,3,0.822553920354648,0.8148148148148148,0.5333333333333333,0.4748226260454295,0.5555555555555556,0.25
historical_train_to_development,inverse_risk_hidden,detour_success,all,b830bede73f505b84b88a6596e92c22a5a4c0ded1e275e8e5b28a599849d2df6,30,13,0.6667831259176833,0.36199095022624433,0.36272145319213983,0.3597017924239184,0.44343891402714936,0.4333333333333333
historical_train_to_development,inverse_risk_hidden,detour_success,all,d6796d48077a08484abd1252e6deb387d8b6a10bf445e66c4e6eaa0bde0f7818,5,2,0.33510328438767145,0.6666666666666666,0.5833333333333333,0.2135016017132999,0.5,0.4
historical_train_to_development,inverse_risk_hidden,detour_success,glass,2ef1381d9cfc0a92b107e2940bcf431c7494cd7067d032284f30a23c47b487cc,6,0,0.7142360636713395,,,0.5917293033030974,,0.0
historical_train_to_development,inverse_risk_hidden,detour_success,glass,3f7887ee8820a4163a5033c81050731e85d1a310652a612f5b0ea5c450ec2043,5,0,0.1617648643369322,,,0.02811766120569578,,0.0
historical_train_to_development,inverse_risk_hidden,detour_success,glass,5de3fa5396875480db81793738029227ed357caa91e5d24290ffc5cb0371f908,4,0,0.6967853611575051,,,0.5375883064730014,,0.0
historical_train_to_development,inverse_risk_hidden,detour_success,glass,61f6ada542d03d1dd4d75a304f2674efa20660163c54b012b956522e98835cac,4,0,0.47097360889786144,,,0.28964119570256963,,0.0
historical_train_to_development,inverse_risk_hidden,detour_success,glass,6292759eb45913ce4ed8447194504833f347d9355012e3228775797a4b0a7cd1,4,4,0.6009608714160726,,1.0,0.20680724453959914,,1.0
historical_train_to_development,inverse_risk_hidden,detour_success,glass,655347c9fb28aaf505e162e6bcad095d17e4bfee5506113825cfb3da6ca60845,4,0,0.729824241555375,,,0.5794050946983171,,0.0
historical_train_to_development,inverse_risk_hidden,detour_success,glass,b830bede73f505b84b88a6596e92c22a5a4c0ded1e275e8e5b28a599849d2df6,10,0,0.6917806239496784,,,0.513481625179933,,0.0
historical_train_to_development,inverse_risk_hidden,detour_success,glass,d6796d48077a08484abd1252e6deb387d8b6a10bf445e66c4e6eaa0bde0f7818,5,2,0.33510328438767145,0.6666666666666666,0.5833333333333333,0.2135016017132999,0.5,0.4
