source,split,condition,placement,decision_id,option,repeat_count,steps,success,accident,termination,controller_final_stage
821b498fc1fcb4e3c103635fa473d7577f718c4f633b273772954295c83ae585,calibration,glass,exposed:glass_recovery_heldout_0000,35e708cd7d26ed664ae5a16e99ecfa9ac0f974c0e268ccf6e20806b3426e1a1f,base_continue,1,36,False,True,accident,
821b498fc1fcb4e3c103635fa473d7577f718c4f633b273772954295c83ae585,calibration,glass,exposed:glass_recovery_heldout_0000,35e708cd7d26ed664ae5a16e99ecfa9ac0f974c0e268ccf6e20806b3426e1a1f,detour_complete,1,238,False,True,accident,6
821b498fc1fcb4e3c103635fa473d7577f718c4f633b273772954295c83ae585,calibration,glass,exposed:glass_recovery_heldout_0000,35e708cd7d26ed664ae5a16e99ecfa9ac0f974c0e268ccf6e20806b3426e1a1f,retreat_hold,1,80,False,False,unrecorded_cap_or_other,
821b498fc1fcb4e3c103635fa473d7577f718c4f633b273772954295c83ae585,calibration,offpath,exposed:glass_recovery_heldout_0000,cd22ce18548a3b2c16e9c14cd1375f5d73dff027be4468f65f000a5fb6697cb5,base_continue,1,104,True,False,success,
821b498fc1fcb4e3c103635fa473d7577f718c4f633b273772954295c83ae585,calibration,offpath,exposed:glass_recovery_heldout_0000,cd22ce18548a3b2c16e9c14cd1375f5d73dff027be4468f65f000a5fb6697cb5,detour_complete,1,447,True,False,success,10
821b498fc1fcb4e3c103635fa473d7577f718c4f633b273772954295c83ae585,calibration,offpath,exposed:glass_recovery_heldout_0000,cd22ce18548a3b2c16e9c14cd1375f5d73dff027be4468f65f000a5fb6697cb5,retreat_hold,1,80,False,False,unrecorded_cap_or_other,
821b498fc1fcb4e3c103635fa473d7577f718c4f633b273772954295c83ae585,calibration,noglass,exposed:glass_recovery_heldout_0000,0d9ea39087fb6fd8d5df2651cdcaab4e5da5952e1f0fe0cd6915bc0eb7893a3e,base_continue,1,72,True,False,success,
821b498fc1fcb4e3c103635fa473d7577f718c4f633b273772954295c83ae585,calibration,noglass,exposed:glass_recovery_heldout_0000,0d9ea39087fb6fd8d5df2651cdcaab4e5da5952e1f0fe0cd6915bc0eb7893a3e,detour_complete,1,341,True,False,success,10
821b498fc1fcb4e3c103635fa473d7577f718c4f633b273772954295c83ae585,calibration,noglass,exposed:glass_recovery_heldout_0000,0d9ea39087fb6fd8d5df2651cdcaab4e5da5952e1f0fe0cd6915bc0eb7893a3e,retreat_hold,1,80,False,False,unrecorded_cap_or_other,
821b498fc1fcb4e3c103635fa473d7577f718c4f633b273772954295c83ae585,calibration,glass,exposed:glass_recovery_heldout_0000,95d1c983ef5278089cbf4a97fd29e63847cf596e6f91a5094e4f13df9cb912aa,base_continue,1,25,False,True,accident,
821b498fc1fcb4e3c103635fa473d7577f718c4f633b273772954295c83ae585,calibration,glass,exposed:glass_recovery_heldout_0000,95d1c983ef5278089cbf4a97fd29e63847cf596e6f91a5094e4f13df9cb912aa,detour_complete,1,900,False,False,unrecorded_cap_or_other,12
821b498fc1fcb4e3c103635fa473d7577f718c4f633b273772954295c83ae585,calibration,glass,exposed:glass_recovery_heldout_0000,95d1c983ef5278089cbf4a97fd29e63847cf596e6f91a5094e4f13df9cb912aa,retreat_hold,1,80,False,False,unrecorded_cap_or_other,
821b498fc1fcb4e3c103635fa473d7577f718c4f633b273772954295c83ae585,calibration,offpath,exposed:glass_recovery_heldout_0000,ed26209afc5c7fe32bd37476aff7664456cd16d5e3caa12510498b455f568391,base_continue,1,79,True,False,success,
821b498fc1fcb4e3c103635fa473d7577f718c4f633b273772954295c83ae585,calibration,offpath,exposed:glass_recovery_heldout_0000,ed26209afc5c7fe32bd37476aff7664456cd16d5e3caa12510498b455f568391,detour_complete,1,453,True,False,success,10
821b498fc1fcb4e3c103635fa473d7577f718c4f633b273772954295c83ae585,calibration,offpath,exposed:glass_recovery_heldout_0000,ed26209afc5c7fe32bd37476aff7664456cd16d5e3caa12510498b455f568391,retreat_hold,1,80,False,False,unrecorded_cap_or_other,
821b498fc1fcb4e3c103635fa473d7577f718c4f633b273772954295c83ae585,calibration,noglass,exposed:glass_recovery_heldout_0000,92576fc37c2d41fbfbd270b4917f78074dfa38e9b92da0dde848094f08d10057,base_continue,1,62,True,False,success,
821b498fc1fcb4e3c103635fa473d7577f718c4f633b273772954295c83ae585,calibration,noglass,exposed:glass_recovery_heldout_0000,92576fc37c2d41fbfbd270b4917f78074dfa38e9b92da0dde848094f08d10057,detour_complete,1,900,False,False,unrecorded_cap_or_other,12
821b498fc1fcb4e3c103635fa473d7577f718c4f633b273772954295c83ae585,calibration,noglass,exposed:glass_recovery_heldout_0000,92576fc37c2d41fbfbd270b4917f78074dfa38e9b92da0dde848094f08d10057,retreat_hold,1,80,False,False,unrecorded_cap_or_other,
821b498fc1fcb4e3c103635fa473d7577f718c4f633b273772954295c83ae585,calibration,glass,exposed:glass_recovery_heldout_0000,f3f67f57bc6a517b90da02d8e03095ad4e9976149edd877a51220c85950d088b,base_continue,1,18,False,True,accident,
821b498fc1fcb4e3c103635fa473d7577f718c4f633b273772954295c83ae585,calibration,glass,exposed:glass_recovery_heldout_0000,f3f67f57bc6a517b90da02d8e03095ad4e9976149edd877a51220c85950d088b,detour_complete,1,94,False,True,accident,6
821b498fc1fcb4e3c103635fa473d7577f718c4f633b273772954295c83ae585,calibration,glass,exposed:glass_recovery_heldout_0000,f3f67f57bc6a517b90da02d8e03095ad4e9976149edd877a51220c85950d088b,retreat_hold,1,80,False,False,unrecorded_cap_or_other,
821b498fc1fcb4e3c103635fa473d7577f718c4f633b273772954295c83ae585,calibration,offpath,exposed:glass_recovery_heldout_0000,908070ca1dd9689c41e49874ec23583ba380085676ade4e261316dfc9aeb90e5,base_continue,1,101,True,False,success,
821b498fc1fcb4e3c103635fa473d7577f718c4f633b273772954295c83ae585,calibration,offpath,exposed:glass_recovery_heldout_0000,908070ca1dd9689c41e49874ec23583ba380085676ade4e261316dfc9aeb90e5,detour_complete,1,900,False,False,unrecorded_cap_or_other,12
821b498fc1fcb4e3c103635fa473d7577f718c4f633b273772954295c83ae585,calibration,offpath,exposed:glass_recovery_heldout_0000,908070ca1dd9689c41e49874ec23583ba380085676ade4e261316dfc9aeb90e5,retreat_hold,1,80,False,False,unrecorded_cap_or_other,
821b498fc1fcb4e3c103635fa473d7577f718c4f633b273772954295c83ae585,calibration,noglass,exposed:glass_recovery_heldout_0000,e25436a8833b407aa3f655b6dd419a708dcddc9f1ebed2fb203adab481548cac,base_continue,1,48,True,False,success,
821b498fc1fcb4e3c103635fa473d7577f718c4f633b273772954295c83ae585,calibration,noglass,exposed:glass_recovery_heldout_0000,e25436a8833b407aa3f655b6dd419a708dcddc9f1ebed2fb203adab481548cac,detour_complete,1,206,True,False,success,10
821b498fc1fcb4e3c103635fa473d7577f718c4f633b273772954295c83ae585,calibration,noglass,exposed:glass_recovery_heldout_0000,e25436a8833b407aa3f655b6dd419a708dcddc9f1ebed2fb203adab481548cac,retreat_hold,1,80,False,False,unrecorded_cap_or_other,
821b498fc1fcb4e3c103635fa473d7577f718c4f633b273772954295c83ae585,calibration,glass,exposed:glass_recovery_heldout_0000,29757722414f6a8d93120a80a5d86a22f9ffe443d961f9bd91a5b69076b25e11,base_continue,1,8,False,True,accident,
821b498fc1fcb4e3c103635fa473d7577f718c4f633b273772954295c83ae585,calibration,glass,exposed:glass_recovery_heldout_0000,29757722414f6a8d93120a80a5d86a22f9ffe443d961f9bd91a5b69076b25e11,detour_complete,1,99,False,True,accident,6
821b498fc1fcb4e3c103635fa473d7577f718c4f633b273772954295c83ae585,calibration,glass,exposed:glass_recovery_heldout_0000,29757722414f6a8d93120a80a5d86a22f9ffe443d961f9bd91a5b69076b25e11,retreat_hold,1,80,False,False,unrecorded_cap_or_other,
821b498fc1fcb4e3c103635fa473d7577f718c4f633b273772954295c83ae585,calibration,offpath,exposed:glass_recovery_heldout_0000,df5c0ddbc5bcb3d706b3acebaa2704623875139b588d155ae5da8f1d27840fc4,base_continue,1,77,True,False,success,
821b498fc1fcb4e3c103635fa473d7577f718c4f633b273772954295c83ae585,calibration,offpath,exposed:glass_recovery_heldout_0000,df5c0ddbc5bcb3d706b3acebaa2704623875139b588d155ae5da8f1d27840fc4,detour_complete,1,900,False,False,unrecorded_cap_or_other,12
821b498fc1fcb4e3c103635fa473d7577f718c4f633b273772954295c83ae585,calibration,offpath,exposed:glass_recovery_heldout_0000,df5c0ddbc5bcb3d706b3acebaa2704623875139b588d155ae5da8f1d27840fc4,retreat_hold,1,80,False,False,unrecorded_cap_or_other,
821b498fc1fcb4e3c103635fa473d7577f718c4f633b273772954295c83ae585,calibration,noglass,exposed:glass_recovery_heldout_0000,8ba90f1e46e6c737c0eb056cf6515a987da62bfa9c19658a6c8d06b74439121a,base_continue,1,85,True,False,success,
821b498fc1fcb4e3c103635fa473d7577f718c4f633b273772954295c83ae585,calibration,noglass,exposed:glass_recovery_heldout_0000,8ba90f1e46e6c737c0eb056cf6515a987da62bfa9c19658a6c8d06b74439121a,detour_complete,1,900,False,False,unrecorded_cap_or_other,12
821b498fc1fcb4e3c103635fa473d7577f718c4f633b273772954295c83ae585,calibration,noglass,exposed:glass_recovery_heldout_0000,8ba90f1e46e6c737c0eb056cf6515a987da62bfa9c19658a6c8d06b74439121a,retreat_hold,1,80,False,False,unrecorded_cap_or_other,
821b498fc1fcb4e3c103635fa473d7577f718c4f633b273772954295c83ae585,calibration,glass,exposed:glass_recovery_heldout_0000,d6337f0cccc18f4bebe07016fa813f0b4ff589acd6d94569b6df8579a7a637f4,base_continue,1,3,False,True,accident,
821b498fc1fcb4e3c103635fa473d7577f718c4f633b273772954295c83ae585,calibration,glass,exposed:glass_recovery_heldout_0000,d6337f0cccc18f4bebe07016fa813f0b4ff589acd6d94569b6df8579a7a637f4,detour_complete,1,900,False,False,unrecorded_cap_or_other,12
821b498fc1fcb4e3c103635fa473d7577f718c4f633b273772954295c83ae585,calibration,glass,exposed:glass_recovery_heldout_0000,d6337f0cccc18f4bebe07016fa813f0b4ff589acd6d94569b6df8579a7a637f4,retreat_hold,1,80,False,False,unrecorded_cap_or_other,
821b498fc1fcb4e3c103635fa473d7577f718c4f633b273772954295c83ae585,calibration,offpath,exposed:glass_recovery_heldout_0000,9c3b09fa606145df31bd37610d7a925923fc86356141e0ef475d462bc7351269,base_continue,1,220,False,False,unrecorded_cap_or_other,
821b498fc1fcb4e3c103635fa473d7577f718c4f633b273772954295c83ae585,calibration,offpath,exposed:glass_recovery_heldout_0000,9c3b09fa606145df31bd37610d7a925923fc86356141e0ef475d462bc7351269,detour_complete,1,263,True,False,success,10
821b498fc1fcb4e3c103635fa473d7577f718c4f633b273772954295c83ae585,calibration,offpath,exposed:glass_recovery_heldout_0000,9c3b09fa606145df31bd37610d7a925923fc86356141e0ef475d462bc7351269,retreat_hold,1,80,False,False,unrecorded_cap_or_other,
821b498fc1fcb4e3c103635fa473d7577f718c4f633b273772954295c83ae585,calibration,noglass,exposed:glass_recovery_heldout_0000,5989fcb9d26c152250f5ce05dd470187319ad3e077cc2eba3b3f83eb8fc1e467,base_continue,1,35,True,False,success,
821b498fc1fcb4e3c103635fa473d7577f718c4f633b273772954295c83ae585,calibration,noglass,exposed:glass_recovery_heldout_0000,5989fcb9d26c152250f5ce05dd470187319ad3e077cc2eba3b3f83eb8fc1e467,detour_complete,1,900,False,False,unrecorded_cap_or_other,12
821b498fc1fcb4e3c103635fa473d7577f718c4f633b273772954295c83ae585,calibration,noglass,exposed:glass_recovery_heldout_0000,5989fcb9d26c152250f5ce05dd470187319ad3e077cc2eba3b3f83eb8fc1e467,retreat_hold,1,80,False,False,unrecorded_cap_or_other,
9176c2514b8a62105f4d2b8a22a8a0b0236c5b9feda58c18ef64cea917b98d9d,calibration,glass,exposed:glass_recovery_heldout_0001,f9523dd482148c96b3aa0cc95deadcebd2b0bd112ba2607ecce9cb23db51fd3b,base_continue,1,35,False,True,accident,
9176c2514b8a62105f4d2b8a22a8a0b0236c5b9feda58c18ef64cea917b98d9d,calibration,glass,exposed:glass_recovery_heldout_0001,f9523dd482148c96b3aa0cc95deadcebd2b0bd112ba2607ecce9cb23db51fd3b,detour_complete,1,203,True,False,success,10
9176c2514b8a62105f4d2b8a22a8a0b0236c5b9feda58c18ef64cea917b98d9d,calibration,glass,exposed:glass_recovery_heldout_0001,f9523dd482148c96b3aa0cc95deadcebd2b0bd112ba2607ecce9cb23db51fd3b,retreat_hold,1,80,False,False,unrecorded_cap_or_other,
9176c2514b8a62105f4d2b8a22a8a0b0236c5b9feda58c18ef64cea917b98d9d,calibration,offpath,exposed:glass_recovery_heldout_0001,a47de32228f336385991a5c09b8b6d83bbe48f55013491b6c4511713ed092e81,base_continue,1,70,False,True,accident,
9176c2514b8a62105f4d2b8a22a8a0b0236c5b9feda58c18ef64cea917b98d9d,calibration,offpath,exposed:glass_recovery_heldout_0001,a47de32228f336385991a5c09b8b6d83bbe48f55013491b6c4511713ed092e81,detour_complete,1,71,False,True,accident,6
9176c2514b8a62105f4d2b8a22a8a0b0236c5b9feda58c18ef64cea917b98d9d,calibration,offpath,exposed:glass_recovery_heldout_0001,a47de32228f336385991a5c09b8b6d83bbe48f55013491b6c4511713ed092e81,retreat_hold,1,71,False,True,accident,
9176c2514b8a62105f4d2b8a22a8a0b0236c5b9feda58c18ef64cea917b98d9d,calibration,noglass,exposed:glass_recovery_heldout_0001,45864e01432f01c013652724ba6d152702003d987043b690b5e02fa774c05cbb,base_continue,1,70,True,False,success,
9176c2514b8a62105f4d2b8a22a8a0b0236c5b9feda58c18ef64cea917b98d9d,calibration,noglass,exposed:glass_recovery_heldout_0001,45864e01432f01c013652724ba6d152702003d987043b690b5e02fa774c05cbb,detour_complete,1,203,True,False,success,10
9176c2514b8a62105f4d2b8a22a8a0b0236c5b9feda58c18ef64cea917b98d9d,calibration,noglass,exposed:glass_recovery_heldout_0001,45864e01432f01c013652724ba6d152702003d987043b690b5e02fa774c05cbb,retreat_hold,1,80,False,False,unrecorded_cap_or_other,
9176c2514b8a62105f4d2b8a22a8a0b0236c5b9feda58c18ef64cea917b98d9d,calibration,glass,exposed:glass_recovery_heldout_0001,d09a5073901f11a5289cc361ef7e0432793bf00b1522a967e455148841fb74fa,base_continue,1,24,False,True,accident,
9176c2514b8a62105f4d2b8a22a8a0b0236c5b9feda58c18ef64cea917b98d9d,calibration,glass,exposed:glass_recovery_heldout_0001,d09a5073901f11a5289cc361ef7e0432793bf00b1522a967e455148841fb74fa,detour_complete,1,167,True,False,success,10
9176c2514b8a62105f4d2b8a22a8a0b0236c5b9feda58c18ef64cea917b98d9d,calibration,glass,exposed:glass_recovery_heldout_0001,d09a5073901f11a5289cc361ef7e0432793bf00b1522a967e455148841fb74fa,retreat_hold,1,80,False,False,unrecorded_cap_or_other,
9176c2514b8a62105f4d2b8a22a8a0b0236c5b9feda58c18ef64cea917b98d9d,calibration,offpath,exposed:glass_recovery_heldout_0001,26f8a5931cba20ecf40082118a86110aa581e8ba2a615607bc1c530515b89c1b,base_continue,1,58,True,False,success,
9176c2514b8a62105f4d2b8a22a8a0b0236c5b9feda58c18ef64cea917b98d9d,calibration,offpath,exposed:glass_recovery_heldout_0001,26f8a5931cba20ecf40082118a86110aa581e8ba2a615607bc1c530515b89c1b,detour_complete,1,61,False,True,accident,6
9176c2514b8a62105f4d2b8a22a8a0b0236c5b9feda58c18ef64cea917b98d9d,calibration,offpath,exposed:glass_recovery_heldout_0001,26f8a5931cba20ecf40082118a86110aa581e8ba2a615607bc1c530515b89c1b,retreat_hold,1,61,False,True,accident,
9176c2514b8a62105f4d2b8a22a8a0b0236c5b9feda58c18ef64cea917b98d9d,calibration,noglass,exposed:glass_recovery_heldout_0001,7f80261cec138128156ae38d318492c2a5d002eeb9857326657b6fcf4802152b,base_continue,1,61,True,False,success,
9176c2514b8a62105f4d2b8a22a8a0b0236c5b9feda58c18ef64cea917b98d9d,calibration,noglass,exposed:glass_recovery_heldout_0001,7f80261cec138128156ae38d318492c2a5d002eeb9857326657b6fcf4802152b,detour_complete,1,900,False,False,unrecorded_cap_or_other,12
9176c2514b8a62105f4d2b8a22a8a0b0236c5b9feda58c18ef64cea917b98d9d,calibration,noglass,exposed:glass_recovery_heldout_0001,7f80261cec138128156ae38d318492c2a5d002eeb9857326657b6fcf4802152b,retreat_hold,1,80,False,False,unrecorded_cap_or_other,
9176c2514b8a62105f4d2b8a22a8a0b0236c5b9feda58c18ef64cea917b98d9d,calibration,glass,exposed:glass_recovery_heldout_0001,929a8a217ef65843737760bf2c101ed24365a2b9f2af5735e57d9e38e68986d9,base_continue,1,53,True,False,success,
9176c2514b8a62105f4d2b8a22a8a0b0236c5b9feda58c18ef64cea917b98d9d,calibration,glass,exposed:glass_recovery_heldout_0001,929a8a217ef65843737760bf2c101ed24365a2b9f2af5735e57d9e38e68986d9,detour_complete,1,171,True,False,success,10
9176c2514b8a62105f4d2b8a22a8a0b0236c5b9feda58c18ef64cea917b98d9d,calibration,glass,exposed:glass_recovery_heldout_0001,929a8a217ef65843737760bf2c101ed24365a2b9f2af5735e57d9e38e68986d9,retreat_hold,1,80,False,False,unrecorded_cap_or_other,
9176c2514b8a62105f4d2b8a22a8a0b0236c5b9feda58c18ef64cea917b98d9d,calibration,offpath,exposed:glass_recovery_heldout_0001,72c1080394fa886a793eaf37ee43d44623ba909af59f1698bdb9e65b44b1fff9,base_continue,1,46,True,False,success,
9176c2514b8a62105f4d2b8a22a8a0b0236c5b9feda58c18ef64cea917b98d9d,calibration,offpath,exposed:glass_recovery_heldout_0001,72c1080394fa886a793eaf37ee43d44623ba909af59f1698bdb9e65b44b1fff9,detour_complete,1,51,False,True,accident,3
9176c2514b8a62105f4d2b8a22a8a0b0236c5b9feda58c18ef64cea917b98d9d,calibration,offpath,exposed:glass_recovery_heldout_0001,72c1080394fa886a793eaf37ee43d44623ba909af59f1698bdb9e65b44b1fff9,retreat_hold,1,51,False,True,accident,
9176c2514b8a62105f4d2b8a22a8a0b0236c5b9feda58c18ef64cea917b98d9d,calibration,noglass,exposed:glass_recovery_heldout_0001,21758c5bf6d4d7b60e9f2d488b374f80f389b11d8af18c6791d60babc6341fed,base_continue,1,45,True,False,success,
9176c2514b8a62105f4d2b8a22a8a0b0236c5b9feda58c18ef64cea917b98d9d,calibration,noglass,exposed:glass_recovery_heldout_0001,21758c5bf6d4d7b60e9f2d488b374f80f389b11d8af18c6791d60babc6341fed,detour_complete,1,182,True,False,success,10
9176c2514b8a62105f4d2b8a22a8a0b0236c5b9feda58c18ef64cea917b98d9d,calibration,noglass,exposed:glass_recovery_heldout_0001,21758c5bf6d4d7b60e9f2d488b374f80f389b11d8af18c6791d60babc6341fed,retreat_hold,1,80,False,False,unrecorded_cap_or_other,
9176c2514b8a62105f4d2b8a22a8a0b0236c5b9feda58c18ef64cea917b98d9d,calibration,glass,exposed:glass_recovery_heldout_0001,9e6b70fac52d4814916c8dd5f9fcc38fb8058dc69a7158003be5226c4eb23348,base_continue,1,4,False,True,accident,
9176c2514b8a62105f4d2b8a22a8a0b0236c5b9feda58c18ef64cea917b98d9d,calibration,glass,exposed:glass_recovery_heldout_0001,9e6b70fac52d4814916c8dd5f9fcc38fb8058dc69a7158003be5226c4eb23348,detour_complete,1,215,True,False,success,10
9176c2514b8a62105f4d2b8a22a8a0b0236c5b9feda58c18ef64cea917b98d9d,calibration,glass,exposed:glass_recovery_heldout_0001,9e6b70fac52d4814916c8dd5f9fcc38fb8058dc69a7158003be5226c4eb23348,retreat_hold,1,13,False,True,accident,
9176c2514b8a62105f4d2b8a22a8a0b0236c5b9feda58c18ef64cea917b98d9d,calibration,offpath,exposed:glass_recovery_heldout_0001,5abcd534497aee3ba83fe2dd93c08d83b89ebc684974b33956ee78f45f28fa5d,base_continue,1,35,True,False,success,
9176c2514b8a62105f4d2b8a22a8a0b0236c5b9feda58c18ef64cea917b98d9d,calibration,offpath,exposed:glass_recovery_heldout_0001,5abcd534497aee3ba83fe2dd93c08d83b89ebc684974b33956ee78f45f28fa5d,detour_complete,1,39,False,True,accident,1
9176c2514b8a62105f4d2b8a22a8a0b0236c5b9feda58c18ef64cea917b98d9d,calibration,offpath,exposed:glass_recovery_heldout_0001,5abcd534497aee3ba83fe2dd93c08d83b89ebc684974b33956ee78f45f28fa5d,retreat_hold,1,18,False,True,accident,
9176c2514b8a62105f4d2b8a22a8a0b0236c5b9feda58c18ef64cea917b98d9d,calibration,noglass,exposed:glass_recovery_heldout_0001,df5e9b00c0084279aa573b37fc06928393ed236bb0e1b78704de2a706d477797,base_continue,1,37,True,False,success,
9176c2514b8a62105f4d2b8a22a8a0b0236c5b9feda58c18ef64cea917b98d9d,calibration,noglass,exposed:glass_recovery_heldout_0001,df5e9b00c0084279aa573b37fc06928393ed236bb0e1b78704de2a706d477797,detour_complete,1,900,False,False,unrecorded_cap_or_other,12
9176c2514b8a62105f4d2b8a22a8a0b0236c5b9feda58c18ef64cea917b98d9d,calibration,noglass,exposed:glass_recovery_heldout_0001,df5e9b00c0084279aa573b37fc06928393ed236bb0e1b78704de2a706d477797,retreat_hold,1,80,False,False,unrecorded_cap_or_other,
9176c2514b8a62105f4d2b8a22a8a0b0236c5b9feda58c18ef64cea917b98d9d,calibration,glass,exposed:glass_recovery_heldout_0001,4abc167708f703428980c20b052dc89fa622b27ce90591f342bd190d19f07b0e,base_continue,1,5,False,True,accident,
9176c2514b8a62105f4d2b8a22a8a0b0236c5b9feda58c18ef64cea917b98d9d,calibration,glass,exposed:glass_recovery_heldout_0001,4abc167708f703428980c20b052dc89fa622b27ce90591f342bd190d19f07b0e,detour_complete,1,5,False,True,accident,0
9176c2514b8a62105f4d2b8a22a8a0b0236c5b9feda58c18ef64cea917b98d9d,calibration,glass,exposed:glass_recovery_heldout_0001,4abc167708f703428980c20b052dc89fa622b27ce90591f342bd190d19f07b0e,retreat_hold,1,5,False,True,accident,
9176c2514b8a62105f4d2b8a22a8a0b0236c5b9feda58c18ef64cea917b98d9d,calibration,offpath,exposed:glass_recovery_heldout_0001,ac1ce680fba839e5725a13941bbbff67635d55fe62da5eed4a36651ddb00cf1c,base_continue,1,34,True,False,success,
9176c2514b8a62105f4d2b8a22a8a0b0236c5b9feda58c18ef64cea917b98d9d,calibration,offpath,exposed:glass_recovery_heldout_0001,ac1ce680fba839e5725a13941bbbff67635d55fe62da5eed4a36651ddb00cf1c,detour_complete,1,49,False,True,accident,2
9176c2514b8a62105f4d2b8a22a8a0b0236c5b9feda58c18ef64cea917b98d9d,calibration,offpath,exposed:glass_recovery_heldout_0001,ac1ce680fba839e5725a13941bbbff67635d55fe62da5eed4a36651ddb00cf1c,retreat_hold,1,19,False,True,accident,
9176c2514b8a62105f4d2b8a22a8a0b0236c5b9feda58c18ef64cea917b98d9d,calibration,noglass,exposed:glass_recovery_heldout_0001,b4f9630ce72e156e62fafd5afff8da6698b350c0c9d9c49c2036d555522fbf64,base_continue,1,39,True,False,success,
9176c2514b8a62105f4d2b8a22a8a0b0236c5b9feda58c18ef64cea917b98d9d,calibration,noglass,exposed:glass_recovery_heldout_0001,b4f9630ce72e156e62fafd5afff8da6698b350c0c9d9c49c2036d555522fbf64,detour_complete,1,900,False,False,unrecorded_cap_or_other,12
9176c2514b8a62105f4d2b8a22a8a0b0236c5b9feda58c18ef64cea917b98d9d,calibration,noglass,exposed:glass_recovery_heldout_0001,b4f9630ce72e156e62fafd5afff8da6698b350c0c9d9c49c2036d555522fbf64,retreat_hold,1,80,False,False,unrecorded_cap_or_other,
986b3dff233a80cf0fd1c48f815600f49b95f83be0d9f898fee40d0a5c9dca63,calibration,glass,exposed:glass_recovery_heldout_0002,9536ab471ebe42e900a5e35ceaccb418ed35df99a9b456b46687dc6d5e566678,base_continue,1,44,False,True,accident,
986b3dff233a80cf0fd1c48f815600f49b95f83be0d9f898fee40d0a5c9dca63,calibration,glass,exposed:glass_recovery_heldout_0002,9536ab471ebe42e900a5e35ceaccb418ed35df99a9b456b46687dc6d5e566678,detour_complete,1,206,True,False,success,10
986b3dff233a80cf0fd1c48f815600f49b95f83be0d9f898fee40d0a5c9dca63,calibration,glass,exposed:glass_recovery_heldout_0002,9536ab471ebe42e900a5e35ceaccb418ed35df99a9b456b46687dc6d5e566678,retreat_hold,1,80,False,False,unrecorded_cap_or_other,
986b3dff233a80cf0fd1c48f815600f49b95f83be0d9f898fee40d0a5c9dca63,calibration,offpath,exposed:glass_recovery_heldout_0002,b33b5638a190a400704a4d1c954355c1522377e71560588a2139e1be7250dd88,base_continue,1,65,True,False,success,
986b3dff233a80cf0fd1c48f815600f49b95f83be0d9f898fee40d0a5c9dca63,calibration,offpath,exposed:glass_recovery_heldout_0002,b33b5638a190a400704a4d1c954355c1522377e71560588a2139e1be7250dd88,detour_complete,1,454,True,False,success,10
986b3dff233a80cf0fd1c48f815600f49b95f83be0d9f898fee40d0a5c9dca63,calibration,offpath,exposed:glass_recovery_heldout_0002,b33b5638a190a400704a4d1c954355c1522377e71560588a2139e1be7250dd88,retreat_hold,1,80,False,False,unrecorded_cap_or_other,
986b3dff233a80cf0fd1c48f815600f49b95f83be0d9f898fee40d0a5c9dca63,calibration,noglass,exposed:glass_recovery_heldout_0002,d46499534dc0be148b6b545899dbfc4f93ed827155c722409bd4e4dfc56cadb1,base_continue,1,74,True,False,success,
986b3dff233a80cf0fd1c48f815600f49b95f83be0d9f898fee40d0a5c9dca63,calibration,noglass,exposed:glass_recovery_heldout_0002,d46499534dc0be148b6b545899dbfc4f93ed827155c722409bd4e4dfc56cadb1,detour_complete,1,205,True,False,success,10
986b3dff233a80cf0fd1c48f815600f49b95f83be0d9f898fee40d0a5c9dca63,calibration,noglass,exposed:glass_recovery_heldout_0002,d46499534dc0be148b6b545899dbfc4f93ed827155c722409bd4e4dfc56cadb1,retreat_hold,1,80,False,False,unrecorded_cap_or_other,
986b3dff233a80cf0fd1c48f815600f49b95f83be0d9f898fee40d0a5c9dca63,calibration,glass,exposed:glass_recovery_heldout_0002,186a916dbe71449fe65154f08c6e55355feff1d4a5d3ce5a4394889efcdc8edd,base_continue,1,34,False,True,accident,
986b3dff233a80cf0fd1c48f815600f49b95f83be0d9f898fee40d0a5c9dca63,calibration,glass,exposed:glass_recovery_heldout_0002,186a916dbe71449fe65154f08c6e55355feff1d4a5d3ce5a4394889efcdc8edd,detour_complete,1,188,True,False,success,10
986b3dff233a80cf0fd1c48f815600f49b95f83be0d9f898fee40d0a5c9dca63,calibration,glass,exposed:glass_recovery_heldout_0002,186a916dbe71449fe65154f08c6e55355feff1d4a5d3ce5a4394889efcdc8edd,retreat_hold,1,80,False,False,unrecorded_cap_or_other,
986b3dff233a80cf0fd1c48f815600f49b95f83be0d9f898fee40d0a5c9dca63,calibration,offpath,exposed:glass_recovery_heldout_0002,85674815336c9d8e58b0bf38bf2b2d29810f0edb2ea09b3cf876cab5f2b59473,base_continue,1,57,True,False,success,
986b3dff233a80cf0fd1c48f815600f49b95f83be0d9f898fee40d0a5c9dca63,calibration,offpath,exposed:glass_recovery_heldout_0002,85674815336c9d8e58b0bf38bf2b2d29810f0edb2ea09b3cf876cab5f2b59473,detour_complete,1,900,False,False,unrecorded_cap_or_other,12
986b3dff233a80cf0fd1c48f815600f49b95f83be0d9f898fee40d0a5c9dca63,calibration,offpath,exposed:glass_recovery_heldout_0002,85674815336c9d8e58b0bf38bf2b2d29810f0edb2ea09b3cf876cab5f2b59473,retreat_hold,1,80,False,False,unrecorded_cap_or_other,
986b3dff233a80cf0fd1c48f815600f49b95f83be0d9f898fee40d0a5c9dca63,calibration,noglass,exposed:glass_recovery_heldout_0002,919393b4fcd1357a87ed0d692f9a599a963c713d9442be307fb11b9a3254b1e4,base_continue,1,59,True,False,success,
986b3dff233a80cf0fd1c48f815600f49b95f83be0d9f898fee40d0a5c9dca63,calibration,noglass,exposed:glass_recovery_heldout_0002,919393b4fcd1357a87ed0d692f9a599a963c713d9442be307fb11b9a3254b1e4,detour_complete,1,191,True,False,success,10
986b3dff233a80cf0fd1c48f815600f49b95f83be0d9f898fee40d0a5c9dca63,calibration,noglass,exposed:glass_recovery_heldout_0002,919393b4fcd1357a87ed0d692f9a599a963c713d9442be307fb11b9a3254b1e4,retreat_hold,1,80,False,False,unrecorded_cap_or_other,
986b3dff233a80cf0fd1c48f815600f49b95f83be0d9f898fee40d0a5c9dca63,calibration,glass,exposed:glass_recovery_heldout_0002,7ca83a44e99d367d2e95daed5356b7f69806fa6d35b7dfdc4c906de79fb6c46b,base_continue,1,4,False,True,accident,
986b3dff233a80cf0fd1c48f815600f49b95f83be0d9f898fee40d0a5c9dca63,calibration,glass,exposed:glass_recovery_heldout_0002,7ca83a44e99d367d2e95daed5356b7f69806fa6d35b7dfdc4c906de79fb6c46b,detour_complete,1,182,True,False,success,10
986b3dff233a80cf0fd1c48f815600f49b95f83be0d9f898fee40d0a5c9dca63,calibration,glass,exposed:glass_recovery_heldout_0002,7ca83a44e99d367d2e95daed5356b7f69806fa6d35b7dfdc4c906de79fb6c46b,retreat_hold,1,80,False,False,unrecorded_cap_or_other,
986b3dff233a80cf0fd1c48f815600f49b95f83be0d9f898fee40d0a5c9dca63,calibration,offpath,exposed:glass_recovery_heldout_0002,2d8b7ebb946d6ae1c419be6f1d017402f4caebe3a41bdf1b45c4e307f9a0dfc8,base_continue,1,220,False,False,unrecorded_cap_or_other,
986b3dff233a80cf0fd1c48f815600f49b95f83be0d9f898fee40d0a5c9dca63,calibration,offpath,exposed:glass_recovery_heldout_0002,2d8b7ebb946d6ae1c419be6f1d017402f4caebe3a41bdf1b45c4e307f9a0dfc8,detour_complete,1,900,False,False,unrecorded_cap_or_other,12
986b3dff233a80cf0fd1c48f815600f49b95f83be0d9f898fee40d0a5c9dca63,calibration,offpath,exposed:glass_recovery_heldout_0002,2d8b7ebb946d6ae1c419be6f1d017402f4caebe3a41bdf1b45c4e307f9a0dfc8,retreat_hold,1,80,False,False,unrecorded_cap_or_other,
986b3dff233a80cf0fd1c48f815600f49b95f83be0d9f898fee40d0a5c9dca63,calibration,noglass,exposed:glass_recovery_heldout_0002,6b3d8f149775215a8dd6859260f47987723510b3fd3769527caf9e4de3de4482,base_continue,1,46,True,False,success,
986b3dff233a80cf0fd1c48f815600f49b95f83be0d9f898fee40d0a5c9dca63,calibration,noglass,exposed:glass_recovery_heldout_0002,6b3d8f149775215a8dd6859260f47987723510b3fd3769527caf9e4de3de4482,detour_complete,1,186,True,False,success,10
986b3dff233a80cf0fd1c48f815600f49b95f83be0d9f898fee40d0a5c9dca63,calibration,noglass,exposed:glass_recovery_heldout_0002,6b3d8f149775215a8dd6859260f47987723510b3fd3769527caf9e4de3de4482,retreat_hold,1,80,False,False,unrecorded_cap_or_other,
986b3dff233a80cf0fd1c48f815600f49b95f83be0d9f898fee40d0a5c9dca63,calibration,glass,exposed:glass_recovery_heldout_0002,8147506dceb773529f7f5cffa4cff343369b10ca9e09dd140f9f6b92508b75e5,base_continue,1,5,False,True,accident,
986b3dff233a80cf0fd1c48f815600f49b95f83be0d9f898fee40d0a5c9dca63,calibration,glass,exposed:glass_recovery_heldout_0002,8147506dceb773529f7f5cffa4cff343369b10ca9e09dd140f9f6b92508b75e5,detour_complete,1,5,False,True,accident,0
986b3dff233a80cf0fd1c48f815600f49b95f83be0d9f898fee40d0a5c9dca63,calibration,glass,exposed:glass_recovery_heldout_0002,8147506dceb773529f7f5cffa4cff343369b10ca9e09dd140f9f6b92508b75e5,retreat_hold,1,5,False,True,accident,
986b3dff233a80cf0fd1c48f815600f49b95f83be0d9f898fee40d0a5c9dca63,calibration,offpath,exposed:glass_recovery_heldout_0002,d0ed696615208ad1458c6e42fc544ce5da8855ea2978845ca4634bec010997da,base_continue,1,43,True,False,success,
986b3dff233a80cf0fd1c48f815600f49b95f83be0d9f898fee40d0a5c9dca63,calibration,offpath,exposed:glass_recovery_heldout_0002,d0ed696615208ad1458c6e42fc544ce5da8855ea2978845ca4634bec010997da,detour_complete,1,900,False,False,unrecorded_cap_or_other,12
986b3dff233a80cf0fd1c48f815600f49b95f83be0d9f898fee40d0a5c9dca63,calibration,offpath,exposed:glass_recovery_heldout_0002,d0ed696615208ad1458c6e42fc544ce5da8855ea2978845ca4634bec010997da,retreat_hold,1,80,False,False,unrecorded_cap_or_other,
986b3dff233a80cf0fd1c48f815600f49b95f83be0d9f898fee40d0a5c9dca63,calibration,noglass,exposed:glass_recovery_heldout_0002,06405c2a2739663946992d69964977e50eb1d9ea3d19c2bca8d155f48c58bc19,base_continue,1,48,True,False,success,
986b3dff233a80cf0fd1c48f815600f49b95f83be0d9f898fee40d0a5c9dca63,calibration,noglass,exposed:glass_recovery_heldout_0002,06405c2a2739663946992d69964977e50eb1d9ea3d19c2bca8d155f48c58bc19,detour_complete,1,192,True,False,success,10
986b3dff233a80cf0fd1c48f815600f49b95f83be0d9f898fee40d0a5c9dca63,calibration,noglass,exposed:glass_recovery_heldout_0002,06405c2a2739663946992d69964977e50eb1d9ea3d19c2bca8d155f48c58bc19,retreat_hold,1,80,False,False,unrecorded_cap_or_other,
c8fa274849bf4beeb7c46b93a7de7a6242e5af2e9c83a395e8d0db16da5e81d8,calibration,glass,exposed:glass_recovery_heldout_0003,3f5a6bd73b2fbd27d4aa80b8d9c2e490713a3714416b856ecde76431d0a6e618,base_continue,1,52,False,True,accident,
c8fa274849bf4beeb7c46b93a7de7a6242e5af2e9c83a395e8d0db16da5e81d8,calibration,glass,exposed:glass_recovery_heldout_0003,3f5a6bd73b2fbd27d4aa80b8d9c2e490713a3714416b856ecde76431d0a6e618,detour_complete,1,900,False,False,unrecorded_cap_or_other,12
c8fa274849bf4beeb7c46b93a7de7a6242e5af2e9c83a395e8d0db16da5e81d8,calibration,glass,exposed:glass_recovery_heldout_0003,3f5a6bd73b2fbd27d4aa80b8d9c2e490713a3714416b856ecde76431d0a6e618,retreat_hold,1,80,False,False,unrecorded_cap_or_other,
c8fa274849bf4beeb7c46b93a7de7a6242e5af2e9c83a395e8d0db16da5e81d8,calibration,offpath,exposed:glass_recovery_heldout_0003,f5b9a59ffe5ce63c17ac62f38c51af1d17070bd0e0285a1b081f6784e14234ec,base_continue,1,83,True,False,success,
c8fa274849bf4beeb7c46b93a7de7a6242e5af2e9c83a395e8d0db16da5e81d8,calibration,offpath,exposed:glass_recovery_heldout_0003,f5b9a59ffe5ce63c17ac62f38c51af1d17070bd0e0285a1b081f6784e14234ec,detour_complete,1,176,True,False,success,10
c8fa274849bf4beeb7c46b93a7de7a6242e5af2e9c83a395e8d0db16da5e81d8,calibration,offpath,exposed:glass_recovery_heldout_0003,f5b9a59ffe5ce63c17ac62f38c51af1d17070bd0e0285a1b081f6784e14234ec,retreat_hold,1,80,False,False,unrecorded_cap_or_other,
c8fa274849bf4beeb7c46b93a7de7a6242e5af2e9c83a395e8d0db16da5e81d8,calibration,noglass,exposed:glass_recovery_heldout_0003,e2b4cb16b6c82299394c7883a9577d110873e806274d9dd3fc3711f6555effa1,base_continue,1,89,True,False,success,
c8fa274849bf4beeb7c46b93a7de7a6242e5af2e9c83a395e8d0db16da5e81d8,calibration,noglass,exposed:glass_recovery_heldout_0003,e2b4cb16b6c82299394c7883a9577d110873e806274d9dd3fc3711f6555effa1,detour_complete,1,900,False,False,unrecorded_cap_or_other,12
c8fa274849bf4beeb7c46b93a7de7a6242e5af2e9c83a395e8d0db16da5e81d8,calibration,noglass,exposed:glass_recovery_heldout_0003,e2b4cb16b6c82299394c7883a9577d110873e806274d9dd3fc3711f6555effa1,retreat_hold,1,80,False,False,unrecorded_cap_or_other,
c8fa274849bf4beeb7c46b93a7de7a6242e5af2e9c83a395e8d0db16da5e81d8,calibration,glass,exposed:glass_recovery_heldout_0003,d70a5c79a08b635f803955fd4ec08bc82c7a197a619e3a08cefaf0415ceaffc3,base_continue,1,31,False,True,accident,
c8fa274849bf4beeb7c46b93a7de7a6242e5af2e9c83a395e8d0db16da5e81d8,calibration,glass,exposed:glass_recovery_heldout_0003,d70a5c79a08b635f803955fd4ec08bc82c7a197a619e3a08cefaf0415ceaffc3,detour_complete,1,900,False,False,unrecorded_cap_or_other,12
c8fa274849bf4beeb7c46b93a7de7a6242e5af2e9c83a395e8d0db16da5e81d8,calibration,glass,exposed:glass_recovery_heldout_0003,d70a5c79a08b635f803955fd4ec08bc82c7a197a619e3a08cefaf0415ceaffc3,retreat_hold,1,80,False,False,unrecorded_cap_or_other,
c8fa274849bf4beeb7c46b93a7de7a6242e5af2e9c83a395e8d0db16da5e81d8,calibration,offpath,exposed:glass_recovery_heldout_0003,92c6389616c0405b089294ac52fd8c4aa00534d7037572fcee2f6e4cc6eeae6d,base_continue,1,70,True,False,success,
c8fa274849bf4beeb7c46b93a7de7a6242e5af2e9c83a395e8d0db16da5e81d8,calibration,offpath,exposed:glass_recovery_heldout_0003,92c6389616c0405b089294ac52fd8c4aa00534d7037572fcee2f6e4cc6eeae6d,detour_complete,1,173,True,False,success,10
c8fa274849bf4beeb7c46b93a7de7a6242e5af2e9c83a395e8d0db16da5e81d8,calibration,offpath,exposed:glass_recovery_heldout_0003,92c6389616c0405b089294ac52fd8c4aa00534d7037572fcee2f6e4cc6eeae6d,retreat_hold,1,80,False,False,unrecorded_cap_or_other,
c8fa274849bf4beeb7c46b93a7de7a6242e5af2e9c83a395e8d0db16da5e81d8,calibration,noglass,exposed:glass_recovery_heldout_0003,0ac81ecec4bd585cca014c2d6b24d219def6cc838747a7acfd0fb99dfe2d6893,base_continue,1,79,True,False,success,
c8fa274849bf4beeb7c46b93a7de7a6242e5af2e9c83a395e8d0db16da5e81d8,calibration,noglass,exposed:glass_recovery_heldout_0003,0ac81ecec4bd585cca014c2d6b24d219def6cc838747a7acfd0fb99dfe2d6893,detour_complete,1,900,False,False,unrecorded_cap_or_other,12
c8fa274849bf4beeb7c46b93a7de7a6242e5af2e9c83a395e8d0db16da5e81d8,calibration,noglass,exposed:glass_recovery_heldout_0003,0ac81ecec4bd585cca014c2d6b24d219def6cc838747a7acfd0fb99dfe2d6893,retreat_hold,1,80,False,False,unrecorded_cap_or_other,
c8fa274849bf4beeb7c46b93a7de7a6242e5af2e9c83a395e8d0db16da5e81d8,calibration,glass,exposed:glass_recovery_heldout_0003,72a1ebf3e52a6671263202e9672070a7013b2dde26219c45b247bf795a50aa76,base_continue,1,23,False,True,accident,
c8fa274849bf4beeb7c46b93a7de7a6242e5af2e9c83a395e8d0db16da5e81d8,calibration,glass,exposed:glass_recovery_heldout_0003,72a1ebf3e52a6671263202e9672070a7013b2dde26219c45b247bf795a50aa76,detour_complete,1,93,False,True,accident,6
c8fa274849bf4beeb7c46b93a7de7a6242e5af2e9c83a395e8d0db16da5e81d8,calibration,glass,exposed:glass_recovery_heldout_0003,72a1ebf3e52a6671263202e9672070a7013b2dde26219c45b247bf795a50aa76,retreat_hold,1,80,False,False,unrecorded_cap_or_other,
c8fa274849bf4beeb7c46b93a7de7a6242e5af2e9c83a395e8d0db16da5e81d8,calibration,offpath,exposed:glass_recovery_heldout_0003,a0277575a74cb99f2dcd08f4f6e017565faaeb5c88c9f1ee7b8c71e53688c683,base_continue,1,70,True,False,success,
c8fa274849bf4beeb7c46b93a7de7a6242e5af2e9c83a395e8d0db16da5e81d8,calibration,offpath,exposed:glass_recovery_heldout_0003,a0277575a74cb99f2dcd08f4f6e017565faaeb5c88c9f1ee7b8c71e53688c683,detour_complete,1,168,True,False,success,10
c8fa274849bf4beeb7c46b93a7de7a6242e5af2e9c83a395e8d0db16da5e81d8,calibration,offpath,exposed:glass_recovery_heldout_0003,a0277575a74cb99f2dcd08f4f6e017565faaeb5c88c9f1ee7b8c71e53688c683,retreat_hold,1,80,False,False,unrecorded_cap_or_other,
c8fa274849bf4beeb7c46b93a7de7a6242e5af2e9c83a395e8d0db16da5e81d8,calibration,noglass,exposed:glass_recovery_heldout_0003,ce42361700188f5903885bc1affe1814e6390e128ef45d7452f5f6691aecd3d9,base_continue,1,66,True,False,success,
c8fa274849bf4beeb7c46b93a7de7a6242e5af2e9c83a395e8d0db16da5e81d8,calibration,noglass,exposed:glass_recovery_heldout_0003,ce42361700188f5903885bc1affe1814e6390e128ef45d7452f5f6691aecd3d9,detour_complete,1,900,False,False,unrecorded_cap_or_other,12
c8fa274849bf4beeb7c46b93a7de7a6242e5af2e9c83a395e8d0db16da5e81d8,calibration,noglass,exposed:glass_recovery_heldout_0003,ce42361700188f5903885bc1affe1814e6390e128ef45d7452f5f6691aecd3d9,retreat_hold,1,80,False,False,unrecorded_cap_or_other,
c8fa274849bf4beeb7c46b93a7de7a6242e5af2e9c83a395e8d0db16da5e81d8,calibration,glass,exposed:glass_recovery_heldout_0003,934ab253c7fd1fe941ee81c193820b2134914aeede1773bc31a10d61a4afba06,base_continue,1,9,False,True,accident,
c8fa274849bf4beeb7c46b93a7de7a6242e5af2e9c83a395e8d0db16da5e81d8,calibration,glass,exposed:glass_recovery_heldout_0003,934ab253c7fd1fe941ee81c193820b2134914aeede1773bc31a10d61a4afba06,detour_complete,1,85,False,True,accident,6
c8fa274849bf4beeb7c46b93a7de7a6242e5af2e9c83a395e8d0db16da5e81d8,calibration,glass,exposed:glass_recovery_heldout_0003,934ab253c7fd1fe941ee81c193820b2134914aeede1773bc31a10d61a4afba06,retreat_hold,1,80,False,False,unrecorded_cap_or_other,
c8fa274849bf4beeb7c46b93a7de7a6242e5af2e9c83a395e8d0db16da5e81d8,calibration,offpath,exposed:glass_recovery_heldout_0003,adda857223fd2ba6236102475be45ef4252b7b79cd034b0a750e9c64c5081c34,base_continue,1,56,True,False,success,
c8fa274849bf4beeb7c46b93a7de7a6242e5af2e9c83a395e8d0db16da5e81d8,calibration,offpath,exposed:glass_recovery_heldout_0003,adda857223fd2ba6236102475be45ef4252b7b79cd034b0a750e9c64c5081c34,detour_complete,1,177,True,False,success,10
c8fa274849bf4beeb7c46b93a7de7a6242e5af2e9c83a395e8d0db16da5e81d8,calibration,offpath,exposed:glass_recovery_heldout_0003,adda857223fd2ba6236102475be45ef4252b7b79cd034b0a750e9c64c5081c34,retreat_hold,1,80,False,False,unrecorded_cap_or_other,
c8fa274849bf4beeb7c46b93a7de7a6242e5af2e9c83a395e8d0db16da5e81d8,calibration,noglass,exposed:glass_recovery_heldout_0003,964df9d7735c6129ef388d9b0070f0746e325136e24ecb40836e4645cab0ca10,base_continue,1,61,True,False,success,
c8fa274849bf4beeb7c46b93a7de7a6242e5af2e9c83a395e8d0db16da5e81d8,calibration,noglass,exposed:glass_recovery_heldout_0003,964df9d7735c6129ef388d9b0070f0746e325136e24ecb40836e4645cab0ca10,detour_complete,1,900,False,False,unrecorded_cap_or_other,12
c8fa274849bf4beeb7c46b93a7de7a6242e5af2e9c83a395e8d0db16da5e81d8,calibration,noglass,exposed:glass_recovery_heldout_0003,964df9d7735c6129ef388d9b0070f0746e325136e24ecb40836e4645cab0ca10,retreat_hold,1,80,False,False,unrecorded_cap_or_other,
c8fa274849bf4beeb7c46b93a7de7a6242e5af2e9c83a395e8d0db16da5e81d8,calibration,glass,exposed:glass_recovery_heldout_0003,d7a83459cf8aa26ed9fb64db5f2fee6516ff0efd5181aab296ce9e56131d34eb,base_continue,1,4,False,True,accident,
c8fa274849bf4beeb7c46b93a7de7a6242e5af2e9c83a395e8d0db16da5e81d8,calibration,glass,exposed:glass_recovery_heldout_0003,d7a83459cf8aa26ed9fb64db5f2fee6516ff0efd5181aab296ce9e56131d34eb,detour_complete,1,900,False,False,unrecorded_cap_or_other,12
c8fa274849bf4beeb7c46b93a7de7a6242e5af2e9c83a395e8d0db16da5e81d8,calibration,glass,exposed:glass_recovery_heldout_0003,d7a83459cf8aa26ed9fb64db5f2fee6516ff0efd5181aab296ce9e56131d34eb,retreat_hold,1,15,False,True,accident,
c8fa274849bf4beeb7c46b93a7de7a6242e5af2e9c83a395e8d0db16da5e81d8,calibration,offpath,exposed:glass_recovery_heldout_0003,ddbb93a95278a884eb6255bdeeb344c62f93593a77e43a5a0a6a1e14c6826ecb,base_continue,1,54,True,False,success,
c8fa274849bf4beeb7c46b93a7de7a6242e5af2e9c83a395e8d0db16da5e81d8,calibration,offpath,exposed:glass_recovery_heldout_0003,ddbb93a95278a884eb6255bdeeb344c62f93593a77e43a5a0a6a1e14c6826ecb,detour_complete,1,189,True,False,success,10
c8fa274849bf4beeb7c46b93a7de7a6242e5af2e9c83a395e8d0db16da5e81d8,calibration,offpath,exposed:glass_recovery_heldout_0003,ddbb93a95278a884eb6255bdeeb344c62f93593a77e43a5a0a6a1e14c6826ecb,retreat_hold,1,80,False,False,unrecorded_cap_or_other,
c8fa274849bf4beeb7c46b93a7de7a6242e5af2e9c83a395e8d0db16da5e81d8,calibration,noglass,exposed:glass_recovery_heldout_0003,8fb4d33f36ffe1615d2ba07bc1646fabf7b119cf8dff76e47ab3779a2829749e,base_continue,1,220,False,False,unrecorded_cap_or_other,
c8fa274849bf4beeb7c46b93a7de7a6242e5af2e9c83a395e8d0db16da5e81d8,calibration,noglass,exposed:glass_recovery_heldout_0003,8fb4d33f36ffe1615d2ba07bc1646fabf7b119cf8dff76e47ab3779a2829749e,detour_complete,1,900,False,False,unrecorded_cap_or_other,12
c8fa274849bf4beeb7c46b93a7de7a6242e5af2e9c83a395e8d0db16da5e81d8,calibration,noglass,exposed:glass_recovery_heldout_0003,8fb4d33f36ffe1615d2ba07bc1646fabf7b119cf8dff76e47ab3779a2829749e,retreat_hold,1,80,False,False,unrecorded_cap_or_other,
76fe1d96587ab928f6fb5d7750ecd048fd712eb3d66aa60feb972a3d9d56c9d1,calibration,glass,exposed:glass_recovery_heldout_0004,3b52e4d62f7cb42af442219b648b1fbb843b556c0a07828ecfe6524443134193,base_continue,1,48,False,True,accident,
76fe1d96587ab928f6fb5d7750ecd048fd712eb3d66aa60feb972a3d9d56c9d1,calibration,glass,exposed:glass_recovery_heldout_0004,3b52e4d62f7cb42af442219b648b1fbb843b556c0a07828ecfe6524443134193,detour_complete,1,900,False,False,unrecorded_cap_or_other,12
76fe1d96587ab928f6fb5d7750ecd048fd712eb3d66aa60feb972a3d9d56c9d1,calibration,glass,exposed:glass_recovery_heldout_0004,3b52e4d62f7cb42af442219b648b1fbb843b556c0a07828ecfe6524443134193,retreat_hold,1,80,False,False,unrecorded_cap_or_other,
76fe1d96587ab928f6fb5d7750ecd048fd712eb3d66aa60feb972a3d9d56c9d1,calibration,offpath,exposed:glass_recovery_heldout_0004,2218b2589b3c49686f6a6ea041e54f40f73fd53579a968060082c58466ea26d5,base_continue,1,80,True,False,success,
76fe1d96587ab928f6fb5d7750ecd048fd712eb3d66aa60feb972a3d9d56c9d1,calibration,offpath,exposed:glass_recovery_heldout_0004,2218b2589b3c49686f6a6ea041e54f40f73fd53579a968060082c58466ea26d5,detour_complete,1,332,True,False,success,10
76fe1d96587ab928f6fb5d7750ecd048fd712eb3d66aa60feb972a3d9d56c9d1,calibration,offpath,exposed:glass_recovery_heldout_0004,2218b2589b3c49686f6a6ea041e54f40f73fd53579a968060082c58466ea26d5,retreat_hold,1,80,False,False,unrecorded_cap_or_other,
76fe1d96587ab928f6fb5d7750ecd048fd712eb3d66aa60feb972a3d9d56c9d1,calibration,noglass,exposed:glass_recovery_heldout_0004,fb5a57fe0687c64ece17903ce01ae92733ed65b358795e06fa6c13a522d7010b,base_continue,1,73,True,False,success,
76fe1d96587ab928f6fb5d7750ecd048fd712eb3d66aa60feb972a3d9d56c9d1,calibration,noglass,exposed:glass_recovery_heldout_0004,fb5a57fe0687c64ece17903ce01ae92733ed65b358795e06fa6c13a522d7010b,detour_complete,1,900,False,False,unrecorded_cap_or_other,12
76fe1d96587ab928f6fb5d7750ecd048fd712eb3d66aa60feb972a3d9d56c9d1,calibration,noglass,exposed:glass_recovery_heldout_0004,fb5a57fe0687c64ece17903ce01ae92733ed65b358795e06fa6c13a522d7010b,retreat_hold,1,80,False,False,unrecorded_cap_or_other,
76fe1d96587ab928f6fb5d7750ecd048fd712eb3d66aa60feb972a3d9d56c9d1,calibration,glass,exposed:glass_recovery_heldout_0004,3ddbe1e12c62eb0146f616ceb9ce6e48e60a8813c0c5512d2c54fc22b5e949bc,base_continue,1,25,False,True,accident,
76fe1d96587ab928f6fb5d7750ecd048fd712eb3d66aa60feb972a3d9d56c9d1,calibration,glass,exposed:glass_recovery_heldout_0004,3ddbe1e12c62eb0146f616ceb9ce6e48e60a8813c0c5512d2c54fc22b5e949bc,detour_complete,1,103,False,True,accident,6
76fe1d96587ab928f6fb5d7750ecd048fd712eb3d66aa60feb972a3d9d56c9d1,calibration,glass,exposed:glass_recovery_heldout_0004,3ddbe1e12c62eb0146f616ceb9ce6e48e60a8813c0c5512d2c54fc22b5e949bc,retreat_hold,1,80,False,False,unrecorded_cap_or_other,
76fe1d96587ab928f6fb5d7750ecd048fd712eb3d66aa60feb972a3d9d56c9d1,calibration,offpath,exposed:glass_recovery_heldout_0004,63f5c8df3f40d39e40121624ab299ec26490b6465931e67415e5b39abffd29e7,base_continue,1,69,True,False,success,
76fe1d96587ab928f6fb5d7750ecd048fd712eb3d66aa60feb972a3d9d56c9d1,calibration,offpath,exposed:glass_recovery_heldout_0004,63f5c8df3f40d39e40121624ab299ec26490b6465931e67415e5b39abffd29e7,detour_complete,1,350,True,False,success,10
76fe1d96587ab928f6fb5d7750ecd048fd712eb3d66aa60feb972a3d9d56c9d1,calibration,offpath,exposed:glass_recovery_heldout_0004,63f5c8df3f40d39e40121624ab299ec26490b6465931e67415e5b39abffd29e7,retreat_hold,1,80,False,False,unrecorded_cap_or_other,
76fe1d96587ab928f6fb5d7750ecd048fd712eb3d66aa60feb972a3d9d56c9d1,calibration,noglass,exposed:glass_recovery_heldout_0004,ab1f14bd986007a3b2ecf47d815442c3aa1ef650b82f1240cab21b4d65b7b4ac,base_continue,1,61,True,False,success,
76fe1d96587ab928f6fb5d7750ecd048fd712eb3d66aa60feb972a3d9d56c9d1,calibration,noglass,exposed:glass_recovery_heldout_0004,ab1f14bd986007a3b2ecf47d815442c3aa1ef650b82f1240cab21b4d65b7b4ac,detour_complete,1,900,False,False,unrecorded_cap_or_other,12
76fe1d96587ab928f6fb5d7750ecd048fd712eb3d66aa60feb972a3d9d56c9d1,calibration,noglass,exposed:glass_recovery_heldout_0004,ab1f14bd986007a3b2ecf47d815442c3aa1ef650b82f1240cab21b4d65b7b4ac,retreat_hold,1,80,False,False,unrecorded_cap_or_other,
76fe1d96587ab928f6fb5d7750ecd048fd712eb3d66aa60feb972a3d9d56c9d1,calibration,glass,exposed:glass_recovery_heldout_0004,43f2bbbbfa3e37282a9cc7605f87507e77eb0045f02bb19b4811696d22618c3b,base_continue,1,10,False,True,accident,
76fe1d96587ab928f6fb5d7750ecd048fd712eb3d66aa60feb972a3d9d56c9d1,calibration,glass,exposed:glass_recovery_heldout_0004,43f2bbbbfa3e37282a9cc7605f87507e77eb0045f02bb19b4811696d22618c3b,detour_complete,1,83,False,True,accident,6
76fe1d96587ab928f6fb5d7750ecd048fd712eb3d66aa60feb972a3d9d56c9d1,calibration,glass,exposed:glass_recovery_heldout_0004,43f2bbbbfa3e37282a9cc7605f87507e77eb0045f02bb19b4811696d22618c3b,retreat_hold,1,80,False,False,unrecorded_cap_or_other,
76fe1d96587ab928f6fb5d7750ecd048fd712eb3d66aa60feb972a3d9d56c9d1,calibration,offpath,exposed:glass_recovery_heldout_0004,36cd365440fc812ef0e72e970a96b609054d53bb41013055bd8cfe944ae6202c,base_continue,1,67,True,False,success,
76fe1d96587ab928f6fb5d7750ecd048fd712eb3d66aa60feb972a3d9d56c9d1,calibration,offpath,exposed:glass_recovery_heldout_0004,36cd365440fc812ef0e72e970a96b609054d53bb41013055bd8cfe944ae6202c,detour_complete,1,900,False,False,unrecorded_cap_or_other,12
76fe1d96587ab928f6fb5d7750ecd048fd712eb3d66aa60feb972a3d9d56c9d1,calibration,offpath,exposed:glass_recovery_heldout_0004,36cd365440fc812ef0e72e970a96b609054d53bb41013055bd8cfe944ae6202c,retreat_hold,1,80,False,False,unrecorded_cap_or_other,
76fe1d96587ab928f6fb5d7750ecd048fd712eb3d66aa60feb972a3d9d56c9d1,calibration,noglass,exposed:glass_recovery_heldout_0004,e676faab7ac5fc775f47f40d7b533315831c9db0d4edc1b25ec0019189dffe25,base_continue,1,49,True,False,success,
76fe1d96587ab928f6fb5d7750ecd048fd712eb3d66aa60feb972a3d9d56c9d1,calibration,noglass,exposed:glass_recovery_heldout_0004,e676faab7ac5fc775f47f40d7b533315831c9db0d4edc1b25ec0019189dffe25,detour_complete,1,177,True,False,success,10
76fe1d96587ab928f6fb5d7750ecd048fd712eb3d66aa60feb972a3d9d56c9d1,calibration,noglass,exposed:glass_recovery_heldout_0004,e676faab7ac5fc775f47f40d7b533315831c9db0d4edc1b25ec0019189dffe25,retreat_hold,1,80,False,False,unrecorded_cap_or_other,
76fe1d96587ab928f6fb5d7750ecd048fd712eb3d66aa60feb972a3d9d56c9d1,calibration,glass,exposed:glass_recovery_heldout_0004,a649bbb65ec1b7ffee000fb9dc16e27ba60acebb93831cb4d78f77fd0e575e9e,base_continue,1,220,False,False,unrecorded_cap_or_other,
76fe1d96587ab928f6fb5d7750ecd048fd712eb3d66aa60feb972a3d9d56c9d1,calibration,glass,exposed:glass_recovery_heldout_0004,a649bbb65ec1b7ffee000fb9dc16e27ba60acebb93831cb4d78f77fd0e575e9e,detour_complete,1,88,False,True,accident,6
76fe1d96587ab928f6fb5d7750ecd048fd712eb3d66aa60feb972a3d9d56c9d1,calibration,glass,exposed:glass_recovery_heldout_0004,a649bbb65ec1b7ffee000fb9dc16e27ba60acebb93831cb4d78f77fd0e575e9e,retreat_hold,1,80,False,False,unrecorded_cap_or_other,
76fe1d96587ab928f6fb5d7750ecd048fd712eb3d66aa60feb972a3d9d56c9d1,calibration,offpath,exposed:glass_recovery_heldout_0004,b21f0f5bb919b132f99c8fe499127acae8d7fb31bc2603305aa137109ed4ac59,base_continue,1,56,True,False,success,
76fe1d96587ab928f6fb5d7750ecd048fd712eb3d66aa60feb972a3d9d56c9d1,calibration,offpath,exposed:glass_recovery_heldout_0004,b21f0f5bb919b132f99c8fe499127acae8d7fb31bc2603305aa137109ed4ac59,detour_complete,1,900,False,False,unrecorded_cap_or_other,12
76fe1d96587ab928f6fb5d7750ecd048fd712eb3d66aa60feb972a3d9d56c9d1,calibration,offpath,exposed:glass_recovery_heldout_0004,b21f0f5bb919b132f99c8fe499127acae8d7fb31bc2603305aa137109ed4ac59,retreat_hold,1,80,False,False,unrecorded_cap_or_other,
76fe1d96587ab928f6fb5d7750ecd048fd712eb3d66aa60feb972a3d9d56c9d1,calibration,noglass,exposed:glass_recovery_heldout_0004,b6c20cff6489ed9caf015bf6c181d7b77f4615c3e44b83a134b95fbb68355344,base_continue,1,46,True,False,success,
76fe1d96587ab928f6fb5d7750ecd048fd712eb3d66aa60feb972a3d9d56c9d1,calibration,noglass,exposed:glass_recovery_heldout_0004,b6c20cff6489ed9caf015bf6c181d7b77f4615c3e44b83a134b95fbb68355344,detour_complete,1,900,False,False,unrecorded_cap_or_other,12
76fe1d96587ab928f6fb5d7750ecd048fd712eb3d66aa60feb972a3d9d56c9d1,calibration,noglass,exposed:glass_recovery_heldout_0004,b6c20cff6489ed9caf015bf6c181d7b77f4615c3e44b83a134b95fbb68355344,retreat_hold,1,80,False,False,unrecorded_cap_or_other,
69fa7e93588c6aea4b134efa44633d38556ce1656b46df276021920a664881a3,train,glass,exposed:glass_recovery_train_0000,82182bde0cdb3ab90d335aa3dedadcd94882aac4d2ccd658e64085e2e2c318ca,base_continue,1,37,False,True,accident,
69fa7e93588c6aea4b134efa44633d38556ce1656b46df276021920a664881a3,train,glass,exposed:glass_recovery_train_0000,82182bde0cdb3ab90d335aa3dedadcd94882aac4d2ccd658e64085e2e2c318ca,detour_complete,1,900,False,False,unrecorded_cap_or_other,10
69fa7e93588c6aea4b134efa44633d38556ce1656b46df276021920a664881a3,train,glass,exposed:glass_recovery_train_0000,82182bde0cdb3ab90d335aa3dedadcd94882aac4d2ccd658e64085e2e2c318ca,retreat_hold,1,80,False,False,unrecorded_cap_or_other,
69fa7e93588c6aea4b134efa44633d38556ce1656b46df276021920a664881a3,train,offpath,exposed:glass_recovery_train_0000,171e3b9ff29671f49fb01da35f57ac039a44ad527f5a38c52fa09bf91919fd5f,base_continue,1,80,True,False,success,
69fa7e93588c6aea4b134efa44633d38556ce1656b46df276021920a664881a3,train,offpath,exposed:glass_recovery_train_0000,171e3b9ff29671f49fb01da35f57ac039a44ad527f5a38c52fa09bf91919fd5f,detour_complete,1,197,True,False,success,10
69fa7e93588c6aea4b134efa44633d38556ce1656b46df276021920a664881a3,train,offpath,exposed:glass_recovery_train_0000,171e3b9ff29671f49fb01da35f57ac039a44ad527f5a38c52fa09bf91919fd5f,retreat_hold,1,80,False,False,unrecorded_cap_or_other,
69fa7e93588c6aea4b134efa44633d38556ce1656b46df276021920a664881a3,train,noglass,exposed:glass_recovery_train_0000,e57cf4f5a120b8251b4725894eab5f28c320245fa3d277e65d1aa3e43826522e,base_continue,1,74,True,False,success,
69fa7e93588c6aea4b134efa44633d38556ce1656b46df276021920a664881a3,train,noglass,exposed:glass_recovery_train_0000,e57cf4f5a120b8251b4725894eab5f28c320245fa3d277e65d1aa3e43826522e,detour_complete,1,344,True,False,success,10
69fa7e93588c6aea4b134efa44633d38556ce1656b46df276021920a664881a3,train,noglass,exposed:glass_recovery_train_0000,e57cf4f5a120b8251b4725894eab5f28c320245fa3d277e65d1aa3e43826522e,retreat_hold,1,80,False,False,unrecorded_cap_or_other,
69fa7e93588c6aea4b134efa44633d38556ce1656b46df276021920a664881a3,train,glass,exposed:glass_recovery_train_0000,eace55b046569a0c99d63cbb3c8e1828a57a11c4923477307d21bbdb9791fbfb,base_continue,1,22,False,True,accident,
69fa7e93588c6aea4b134efa44633d38556ce1656b46df276021920a664881a3,train,glass,exposed:glass_recovery_train_0000,eace55b046569a0c99d63cbb3c8e1828a57a11c4923477307d21bbdb9791fbfb,detour_complete,1,900,False,False,unrecorded_cap_or_other,10
69fa7e93588c6aea4b134efa44633d38556ce1656b46df276021920a664881a3,train,glass,exposed:glass_recovery_train_0000,eace55b046569a0c99d63cbb3c8e1828a57a11c4923477307d21bbdb9791fbfb,retreat_hold,1,80,False,False,unrecorded_cap_or_other,
69fa7e93588c6aea4b134efa44633d38556ce1656b46df276021920a664881a3,train,offpath,exposed:glass_recovery_train_0000,029b72a3ea7b0072025eba7e153d77bed56e532fce1a1fb8ba870254eadb2fb1,base_continue,1,66,True,False,success,
69fa7e93588c6aea4b134efa44633d38556ce1656b46df276021920a664881a3,train,offpath,exposed:glass_recovery_train_0000,029b72a3ea7b0072025eba7e153d77bed56e532fce1a1fb8ba870254eadb2fb1,detour_complete,1,171,True,False,success,10
69fa7e93588c6aea4b134efa44633d38556ce1656b46df276021920a664881a3,train,offpath,exposed:glass_recovery_train_0000,029b72a3ea7b0072025eba7e153d77bed56e532fce1a1fb8ba870254eadb2fb1,retreat_hold,1,80,False,False,unrecorded_cap_or_other,
69fa7e93588c6aea4b134efa44633d38556ce1656b46df276021920a664881a3,train,noglass,exposed:glass_recovery_train_0000,02b1e090c4bb02a5257308555fd5a5ce16e640989de9b8d1f4f84983e3baf594,base_continue,1,60,True,False,success,
69fa7e93588c6aea4b134efa44633d38556ce1656b46df276021920a664881a3,train,noglass,exposed:glass_recovery_train_0000,02b1e090c4bb02a5257308555fd5a5ce16e640989de9b8d1f4f84983e3baf594,detour_complete,1,900,False,False,unrecorded_cap_or_other,9
69fa7e93588c6aea4b134efa44633d38556ce1656b46df276021920a664881a3,train,noglass,exposed:glass_recovery_train_0000,02b1e090c4bb02a5257308555fd5a5ce16e640989de9b8d1f4f84983e3baf594,retreat_hold,1,80,False,False,unrecorded_cap_or_other,
69fa7e93588c6aea4b134efa44633d38556ce1656b46df276021920a664881a3,train,glass,exposed:glass_recovery_train_0000,51c6411d7b632764881a2614882479837d28852c635688a1a0832a7cd6a19234,base_continue,1,13,False,True,accident,
69fa7e93588c6aea4b134efa44633d38556ce1656b46df276021920a664881a3,train,glass,exposed:glass_recovery_train_0000,51c6411d7b632764881a2614882479837d28852c635688a1a0832a7cd6a19234,detour_complete,1,321,True,False,success,10
69fa7e93588c6aea4b134efa44633d38556ce1656b46df276021920a664881a3,train,glass,exposed:glass_recovery_train_0000,51c6411d7b632764881a2614882479837d28852c635688a1a0832a7cd6a19234,retreat_hold,1,80,False,False,unrecorded_cap_or_other,
69fa7e93588c6aea4b134efa44633d38556ce1656b46df276021920a664881a3,train,offpath,exposed:glass_recovery_train_0000,af70e94307152ae0d4524d91633cfe1633c7c3f075a8f8540af9d9c672336aad,base_continue,1,58,True,False,success,
69fa7e93588c6aea4b134efa44633d38556ce1656b46df276021920a664881a3,train,offpath,exposed:glass_recovery_train_0000,af70e94307152ae0d4524d91633cfe1633c7c3f075a8f8540af9d9c672336aad,detour_complete,1,176,True,False,success,10
69fa7e93588c6aea4b134efa44633d38556ce1656b46df276021920a664881a3,train,offpath,exposed:glass_recovery_train_0000,af70e94307152ae0d4524d91633cfe1633c7c3f075a8f8540af9d9c672336aad,retreat_hold,1,80,False,False,unrecorded_cap_or_other,
69fa7e93588c6aea4b134efa44633d38556ce1656b46df276021920a664881a3,train,noglass,exposed:glass_recovery_train_0000,9bf197b7cf356ae6ea8459162b3edf83e0d58ded5eb715a5c97fb01ad0b155d7,base_continue,1,52,True,False,success,
69fa7e93588c6aea4b134efa44633d38556ce1656b46df276021920a664881a3,train,noglass,exposed:glass_recovery_train_0000,9bf197b7cf356ae6ea8459162b3edf83e0d58ded5eb715a5c97fb01ad0b155d7,detour_complete,1,195,True,False,success,10
69fa7e93588c6aea4b134efa44633d38556ce1656b46df276021920a664881a3,train,noglass,exposed:glass_recovery_train_0000,9bf197b7cf356ae6ea8459162b3edf83e0d58ded5eb715a5c97fb01ad0b155d7,retreat_hold,1,80,False,False,unrecorded_cap_or_other,
69fa7e93588c6aea4b134efa44633d38556ce1656b46df276021920a664881a3,train,glass,exposed:glass_recovery_train_0000,3e2c25325d8f5927c7c4c7b9ec591fdf00c82961d42af74add458520f5f510ca,base_continue,1,3,False,True,accident,
69fa7e93588c6aea4b134efa44633d38556ce1656b46df276021920a664881a3,train,glass,exposed:glass_recovery_train_0000,3e2c25325d8f5927c7c4c7b9ec591fdf00c82961d42af74add458520f5f510ca,detour_complete,1,322,True,False,success,10
69fa7e93588c6aea4b134efa44633d38556ce1656b46df276021920a664881a3,train,glass,exposed:glass_recovery_train_0000,3e2c25325d8f5927c7c4c7b9ec591fdf00c82961d42af74add458520f5f510ca,retreat_hold,1,80,False,False,unrecorded_cap_or_other,
69fa7e93588c6aea4b134efa44633d38556ce1656b46df276021920a664881a3,train,offpath,exposed:glass_recovery_train_0000,a55b43c5f14ef11dbbea606494181831abe093e54f8030214d63ecdb17a40cfa,base_continue,1,220,False,False,unrecorded_cap_or_other,
69fa7e93588c6aea4b134efa44633d38556ce1656b46df276021920a664881a3,train,offpath,exposed:glass_recovery_train_0000,a55b43c5f14ef11dbbea606494181831abe093e54f8030214d63ecdb17a40cfa,detour_complete,1,900,False,False,unrecorded_cap_or_other,12
69fa7e93588c6aea4b134efa44633d38556ce1656b46df276021920a664881a3,train,offpath,exposed:glass_recovery_train_0000,a55b43c5f14ef11dbbea606494181831abe093e54f8030214d63ecdb17a40cfa,retreat_hold,1,80,False,False,unrecorded_cap_or_other,
69fa7e93588c6aea4b134efa44633d38556ce1656b46df276021920a664881a3,train,noglass,exposed:glass_recovery_train_0000,3c473c4d608ee768fe6944e79536c7d344deae2298dcc7fd695b122a87a35fd2,base_continue,1,37,True,False,success,
69fa7e93588c6aea4b134efa44633d38556ce1656b46df276021920a664881a3,train,noglass,exposed:glass_recovery_train_0000,3c473c4d608ee768fe6944e79536c7d344deae2298dcc7fd695b122a87a35fd2,detour_complete,1,207,True,False,success,10
69fa7e93588c6aea4b134efa44633d38556ce1656b46df276021920a664881a3,train,noglass,exposed:glass_recovery_train_0000,3c473c4d608ee768fe6944e79536c7d344deae2298dcc7fd695b122a87a35fd2,retreat_hold,1,80,False,False,unrecorded_cap_or_other,
69fa7e93588c6aea4b134efa44633d38556ce1656b46df276021920a664881a3,train,glass,exposed:glass_recovery_train_0000,f83d0199d1f4fdc40ae28dc3a5c02514dc5ae737d391602dea012bb750f98642,base_continue,1,1,False,True,accident,
69fa7e93588c6aea4b134efa44633d38556ce1656b46df276021920a664881a3,train,glass,exposed:glass_recovery_train_0000,f83d0199d1f4fdc40ae28dc3a5c02514dc5ae737d391602dea012bb750f98642,detour_complete,1,1,False,True,accident,0
69fa7e93588c6aea4b134efa44633d38556ce1656b46df276021920a664881a3,train,glass,exposed:glass_recovery_train_0000,f83d0199d1f4fdc40ae28dc3a5c02514dc5ae737d391602dea012bb750f98642,retreat_hold,1,80,False,False,unrecorded_cap_or_other,
69fa7e93588c6aea4b134efa44633d38556ce1656b46df276021920a664881a3,train,offpath,exposed:glass_recovery_train_0000,db05c17974a1032f5835681f51f63fcb978004eecfe48098e0892f5bd6ada082,base_continue,1,38,True,False,success,
69fa7e93588c6aea4b134efa44633d38556ce1656b46df276021920a664881a3,train,offpath,exposed:glass_recovery_train_0000,db05c17974a1032f5835681f51f63fcb978004eecfe48098e0892f5bd6ada082,detour_complete,1,900,False,False,unrecorded_cap_or_other,12
69fa7e93588c6aea4b134efa44633d38556ce1656b46df276021920a664881a3,train,offpath,exposed:glass_recovery_train_0000,db05c17974a1032f5835681f51f63fcb978004eecfe48098e0892f5bd6ada082,retreat_hold,1,80,False,False,unrecorded_cap_or_other,
69fa7e93588c6aea4b134efa44633d38556ce1656b46df276021920a664881a3,train,noglass,exposed:glass_recovery_train_0000,6625cba0c3ed3b52b3d3abaac4a296e44c52d95ae94db04f2aae76eaf1c2759a,base_continue,1,37,True,False,success,
69fa7e93588c6aea4b134efa44633d38556ce1656b46df276021920a664881a3,train,noglass,exposed:glass_recovery_train_0000,6625cba0c3ed3b52b3d3abaac4a296e44c52d95ae94db04f2aae76eaf1c2759a,detour_complete,1,208,True,False,success,10
69fa7e93588c6aea4b134efa44633d38556ce1656b46df276021920a664881a3,train,noglass,exposed:glass_recovery_train_0000,6625cba0c3ed3b52b3d3abaac4a296e44c52d95ae94db04f2aae76eaf1c2759a,retreat_hold,1,80,False,False,unrecorded_cap_or_other,
69fa7e93588c6aea4b134efa44633d38556ce1656b46df276021920a664881a3,train,glass,exposed:glass_recovery_train_0001,f0ddabe50bb424d9b9b354b3c85a691b99795bb3c0960b4d2e0bc9643c24e47b,base_continue,1,36,False,True,accident,
69fa7e93588c6aea4b134efa44633d38556ce1656b46df276021920a664881a3,train,glass,exposed:glass_recovery_train_0001,f0ddabe50bb424d9b9b354b3c85a691b99795bb3c0960b4d2e0bc9643c24e47b,detour_complete,1,900,False,False,unrecorded_cap_or_other,10
69fa7e93588c6aea4b134efa44633d38556ce1656b46df276021920a664881a3,train,glass,exposed:glass_recovery_train_0001,f0ddabe50bb424d9b9b354b3c85a691b99795bb3c0960b4d2e0bc9643c24e47b,retreat_hold,1,80,False,False,unrecorded_cap_or_other,
69fa7e93588c6aea4b134efa44633d38556ce1656b46df276021920a664881a3,train,offpath,exposed:glass_recovery_train_0001,ee193fc4201a642a01ca79ac32f138cb54fd5f63d9b411e52ce334a236aa7538,base_continue,1,85,True,False,success,
69fa7e93588c6aea4b134efa44633d38556ce1656b46df276021920a664881a3,train,offpath,exposed:glass_recovery_train_0001,ee193fc4201a642a01ca79ac32f138cb54fd5f63d9b411e52ce334a236aa7538,detour_complete,1,191,True,False,success,10
69fa7e93588c6aea4b134efa44633d38556ce1656b46df276021920a664881a3,train,offpath,exposed:glass_recovery_train_0001,ee193fc4201a642a01ca79ac32f138cb54fd5f63d9b411e52ce334a236aa7538,retreat_hold,1,80,False,False,unrecorded_cap_or_other,
69fa7e93588c6aea4b134efa44633d38556ce1656b46df276021920a664881a3,train,noglass,exposed:glass_recovery_train_0001,80767391ac8d08cd2339dfadc65c115edbba499db3d02b52d021560cff19cc90,base_continue,1,76,True,False,success,
69fa7e93588c6aea4b134efa44633d38556ce1656b46df276021920a664881a3,train,noglass,exposed:glass_recovery_train_0001,80767391ac8d08cd2339dfadc65c115edbba499db3d02b52d021560cff19cc90,detour_complete,1,208,True,False,success,10
69fa7e93588c6aea4b134efa44633d38556ce1656b46df276021920a664881a3,train,noglass,exposed:glass_recovery_train_0001,80767391ac8d08cd2339dfadc65c115edbba499db3d02b52d021560cff19cc90,retreat_hold,1,80,False,False,unrecorded_cap_or_other,
69fa7e93588c6aea4b134efa44633d38556ce1656b46df276021920a664881a3,train,glass,exposed:glass_recovery_train_0001,3f9d03e48189508d798e52fae8c37c8bac6441dcc4399f6fe8943bbfb6534c5a,base_continue,1,31,False,True,accident,
69fa7e93588c6aea4b134efa44633d38556ce1656b46df276021920a664881a3,train,glass,exposed:glass_recovery_train_0001,3f9d03e48189508d798e52fae8c37c8bac6441dcc4399f6fe8943bbfb6534c5a,detour_complete,1,900,False,False,unrecorded_cap_or_other,10
69fa7e93588c6aea4b134efa44633d38556ce1656b46df276021920a664881a3,train,glass,exposed:glass_recovery_train_0001,3f9d03e48189508d798e52fae8c37c8bac6441dcc4399f6fe8943bbfb6534c5a,retreat_hold,1,80,False,False,unrecorded_cap_or_other,
69fa7e93588c6aea4b134efa44633d38556ce1656b46df276021920a664881a3,train,offpath,exposed:glass_recovery_train_0001,b8fc05595fb05a38bf37074f7a27451d439ab11959e6946661065981f830a122,base_continue,1,72,True,False,success,
69fa7e93588c6aea4b134efa44633d38556ce1656b46df276021920a664881a3,train,offpath,exposed:glass_recovery_train_0001,b8fc05595fb05a38bf37074f7a27451d439ab11959e6946661065981f830a122,detour_complete,1,190,True,False,success,10
69fa7e93588c6aea4b134efa44633d38556ce1656b46df276021920a664881a3,train,offpath,exposed:glass_recovery_train_0001,b8fc05595fb05a38bf37074f7a27451d439ab11959e6946661065981f830a122,retreat_hold,1,80,False,False,unrecorded_cap_or_other,
69fa7e93588c6aea4b134efa44633d38556ce1656b46df276021920a664881a3,train,noglass,exposed:glass_recovery_train_0001,2b8433a0319b9a206e6014c358a5776285617747afbceb5feb3a8b4882b2a387,base_continue,1,65,True,False,success,
69fa7e93588c6aea4b134efa44633d38556ce1656b46df276021920a664881a3,train,noglass,exposed:glass_recovery_train_0001,2b8433a0319b9a206e6014c358a5776285617747afbceb5feb3a8b4882b2a387,detour_complete,1,247,True,False,success,10
69fa7e93588c6aea4b134efa44633d38556ce1656b46df276021920a664881a3,train,noglass,exposed:glass_recovery_train_0001,2b8433a0319b9a206e6014c358a5776285617747afbceb5feb3a8b4882b2a387,retreat_hold,1,80,False,False,unrecorded_cap_or_other,
69fa7e93588c6aea4b134efa44633d38556ce1656b46df276021920a664881a3,train,glass,exposed:glass_recovery_train_0001,06fb0534950faa52db1b28a284170c6bf0016619c75d0da974035d1710747b2f,base_continue,1,24,False,True,accident,
69fa7e93588c6aea4b134efa44633d38556ce1656b46df276021920a664881a3,train,glass,exposed:glass_recovery_train_0001,06fb0534950faa52db1b28a284170c6bf0016619c75d0da974035d1710747b2f,detour_complete,1,900,False,False,unrecorded_cap_or_other,10
69fa7e93588c6aea4b134efa44633d38556ce1656b46df276021920a664881a3,train,glass,exposed:glass_recovery_train_0001,06fb0534950faa52db1b28a284170c6bf0016619c75d0da974035d1710747b2f,retreat_hold,1,80,False,False,unrecorded_cap_or_other,
69fa7e93588c6aea4b134efa44633d38556ce1656b46df276021920a664881a3,train,offpath,exposed:glass_recovery_train_0001,891a059d83935840f53040672b611ac8f568c80cc89fe77bb03f4d4ca3df1b67,base_continue,1,59,True,False,success,
69fa7e93588c6aea4b134efa44633d38556ce1656b46df276021920a664881a3,train,offpath,exposed:glass_recovery_train_0001,891a059d83935840f53040672b611ac8f568c80cc89fe77bb03f4d4ca3df1b67,detour_complete,1,195,True,False,success,10
69fa7e93588c6aea4b134efa44633d38556ce1656b46df276021920a664881a3,train,offpath,exposed:glass_recovery_train_0001,891a059d83935840f53040672b611ac8f568c80cc89fe77bb03f4d4ca3df1b67,retreat_hold,1,80,False,False,unrecorded_cap_or_other,
69fa7e93588c6aea4b134efa44633d38556ce1656b46df276021920a664881a3,train,noglass,exposed:glass_recovery_train_0001,428ca3c4e8bf04e29ba264f54d3484403c27ddf452f92c20a45b0340dba4cad9,base_continue,1,63,True,False,success,
69fa7e93588c6aea4b134efa44633d38556ce1656b46df276021920a664881a3,train,noglass,exposed:glass_recovery_train_0001,428ca3c4e8bf04e29ba264f54d3484403c27ddf452f92c20a45b0340dba4cad9,detour_complete,1,900,False,False,unrecorded_cap_or_other,12
69fa7e93588c6aea4b134efa44633d38556ce1656b46df276021920a664881a3,train,noglass,exposed:glass_recovery_train_0001,428ca3c4e8bf04e29ba264f54d3484403c27ddf452f92c20a45b0340dba4cad9,retreat_hold,1,80,False,False,unrecorded_cap_or_other,
69fa7e93588c6aea4b134efa44633d38556ce1656b46df276021920a664881a3,train,glass,exposed:glass_recovery_train_0001,dcc7511a50c1d5474b16f85fe1f86715d4bd28cf6f6305da04b9f6d78cda9d0c,base_continue,1,10,False,True,accident,
69fa7e93588c6aea4b134efa44633d38556ce1656b46df276021920a664881a3,train,glass,exposed:glass_recovery_train_0001,dcc7511a50c1d5474b16f85fe1f86715d4bd28cf6f6305da04b9f6d78cda9d0c,detour_complete,1,314,True,False,success,10
69fa7e93588c6aea4b134efa44633d38556ce1656b46df276021920a664881a3,train,glass,exposed:glass_recovery_train_0001,dcc7511a50c1d5474b16f85fe1f86715d4bd28cf6f6305da04b9f6d78cda9d0c,retreat_hold,1,80,False,False,unrecorded_cap_or_other,
69fa7e93588c6aea4b134efa44633d38556ce1656b46df276021920a664881a3,train,offpath,exposed:glass_recovery_train_0001,f167dc3a20b36af81bbc12d11b80a720cea33d342e45b867883dbddb1e907e9f,base_continue,1,54,True,False,success,
69fa7e93588c6aea4b134efa44633d38556ce1656b46df276021920a664881a3,train,offpath,exposed:glass_recovery_train_0001,f167dc3a20b36af81bbc12d11b80a720cea33d342e45b867883dbddb1e907e9f,detour_complete,1,199,True,False,success,10
69fa7e93588c6aea4b134efa44633d38556ce1656b46df276021920a664881a3,train,offpath,exposed:glass_recovery_train_0001,f167dc3a20b36af81bbc12d11b80a720cea33d342e45b867883dbddb1e907e9f,retreat_hold,1,80,False,False,unrecorded_cap_or_other,
69fa7e93588c6aea4b134efa44633d38556ce1656b46df276021920a664881a3,train,noglass,exposed:glass_recovery_train_0001,53f62e0d76df340ccfd0a6c10a7cf1306ffec70758fd03d76eda29a685613173,base_continue,1,52,True,False,success,
69fa7e93588c6aea4b134efa44633d38556ce1656b46df276021920a664881a3,train,noglass,exposed:glass_recovery_train_0001,53f62e0d76df340ccfd0a6c10a7cf1306ffec70758fd03d76eda29a685613173,detour_complete,1,192,True,False,success,10
69fa7e93588c6aea4b134efa44633d38556ce1656b46df276021920a664881a3,train,noglass,exposed:glass_recovery_train_0001,53f62e0d76df340ccfd0a6c10a7cf1306ffec70758fd03d76eda29a685613173,retreat_hold,1,80,False,False,unrecorded_cap_or_other,
69fa7e93588c6aea4b134efa44633d38556ce1656b46df276021920a664881a3,train,glass,exposed:glass_recovery_train_0001,43347d99e35479cdc3d3197e5c6127d8bb063ec834656eecdd505a39f52d7167,base_continue,1,6,False,True,accident,
69fa7e93588c6aea4b134efa44633d38556ce1656b46df276021920a664881a3,train,glass,exposed:glass_recovery_train_0001,43347d99e35479cdc3d3197e5c6127d8bb063ec834656eecdd505a39f52d7167,detour_complete,1,320,True,False,success,10
69fa7e93588c6aea4b134efa44633d38556ce1656b46df276021920a664881a3,train,glass,exposed:glass_recovery_train_0001,43347d99e35479cdc3d3197e5c6127d8bb063ec834656eecdd505a39f52d7167,retreat_hold,1,80,False,False,unrecorded_cap_or_other,
69fa7e93588c6aea4b134efa44633d38556ce1656b46df276021920a664881a3,train,offpath,exposed:glass_recovery_train_0001,09da0904e292712e5ed0fbdeaeb877e637acabfb5f929d8276f5fdb0c3004a96,base_continue,1,220,False,False,unrecorded_cap_or_other,
69fa7e93588c6aea4b134efa44633d38556ce1656b46df276021920a664881a3,train,offpath,exposed:glass_recovery_train_0001,09da0904e292712e5ed0fbdeaeb877e637acabfb5f929d8276f5fdb0c3004a96,detour_complete,1,199,True,False,success,10
69fa7e93588c6aea4b134efa44633d38556ce1656b46df276021920a664881a3,train,offpath,exposed:glass_recovery_train_0001,09da0904e292712e5ed0fbdeaeb877e637acabfb5f929d8276f5fdb0c3004a96,retreat_hold,1,80,False,False,unrecorded_cap_or_other,
69fa7e93588c6aea4b134efa44633d38556ce1656b46df276021920a664881a3,train,noglass,exposed:glass_recovery_train_0001,f9a65a5e39de7a8ab996a91f18fb8e8e2013a5cfd1b644554bc68ccead244318,base_continue,1,220,False,False,unrecorded_cap_or_other,
69fa7e93588c6aea4b134efa44633d38556ce1656b46df276021920a664881a3,train,noglass,exposed:glass_recovery_train_0001,f9a65a5e39de7a8ab996a91f18fb8e8e2013a5cfd1b644554bc68ccead244318,detour_complete,1,198,True,False,success,10
69fa7e93588c6aea4b134efa44633d38556ce1656b46df276021920a664881a3,train,noglass,exposed:glass_recovery_train_0001,f9a65a5e39de7a8ab996a91f18fb8e8e2013a5cfd1b644554bc68ccead244318,retreat_hold,1,80,False,False,unrecorded_cap_or_other,
28c563172e6e13a0d3d84f1527243878c67a2140fa8c9a81ecb8b81ec9402dc8,train,glass,exposed:glass_recovery_train_0005,166d3b0c212d2892b49b61fae8473542064f49754999e53dc4de3dc70e1e712a,base_continue,1,220,False,False,unrecorded_cap_or_other,
28c563172e6e13a0d3d84f1527243878c67a2140fa8c9a81ecb8b81ec9402dc8,train,glass,exposed:glass_recovery_train_0005,166d3b0c212d2892b49b61fae8473542064f49754999e53dc4de3dc70e1e712a,detour_complete,1,855,False,False,robosuite_episode_horizon,12
28c563172e6e13a0d3d84f1527243878c67a2140fa8c9a81ecb8b81ec9402dc8,train,glass,exposed:glass_recovery_train_0005,166d3b0c212d2892b49b61fae8473542064f49754999e53dc4de3dc70e1e712a,retreat_hold,1,7,False,True,accident,
28c563172e6e13a0d3d84f1527243878c67a2140fa8c9a81ecb8b81ec9402dc8,train,glass,exposed:glass_recovery_train_0005,b4c95a86ebe631a751e37aa907188a416e5ec4e12de5bcb493e939ae69141176,base_continue,1,19,False,True,accident,
28c563172e6e13a0d3d84f1527243878c67a2140fa8c9a81ecb8b81ec9402dc8,train,glass,exposed:glass_recovery_train_0005,b4c95a86ebe631a751e37aa907188a416e5ec4e12de5bcb493e939ae69141176,detour_complete,1,845,False,False,robosuite_episode_horizon,12
28c563172e6e13a0d3d84f1527243878c67a2140fa8c9a81ecb8b81ec9402dc8,train,glass,exposed:glass_recovery_train_0005,b4c95a86ebe631a751e37aa907188a416e5ec4e12de5bcb493e939ae69141176,retreat_hold,1,8,False,True,accident,
28c563172e6e13a0d3d84f1527243878c67a2140fa8c9a81ecb8b81ec9402dc8,train,glass,exposed:glass_recovery_train_0005,36d490af5d53eb69fdc0f1fc870d8e34cc1776a36147749b2576483b9e2b49ba,base_continue,1,20,False,True,accident,
28c563172e6e13a0d3d84f1527243878c67a2140fa8c9a81ecb8b81ec9402dc8,train,glass,exposed:glass_recovery_train_0005,36d490af5d53eb69fdc0f1fc870d8e34cc1776a36147749b2576483b9e2b49ba,detour_complete,1,835,False,False,robosuite_episode_horizon,11
28c563172e6e13a0d3d84f1527243878c67a2140fa8c9a81ecb8b81ec9402dc8,train,glass,exposed:glass_recovery_train_0005,36d490af5d53eb69fdc0f1fc870d8e34cc1776a36147749b2576483b9e2b49ba,retreat_hold,1,7,False,True,accident,
28c563172e6e13a0d3d84f1527243878c67a2140fa8c9a81ecb8b81ec9402dc8,train,glass,exposed:glass_recovery_train_0005,0fc5ee97f4043a167745105b004222b079b1b40a2eae7757b01f628fc8cf2fdc,base_continue,1,7,False,True,accident,
28c563172e6e13a0d3d84f1527243878c67a2140fa8c9a81ecb8b81ec9402dc8,train,glass,exposed:glass_recovery_train_0005,0fc5ee97f4043a167745105b004222b079b1b40a2eae7757b01f628fc8cf2fdc,detour_complete,1,825,False,False,robosuite_episode_horizon,12
28c563172e6e13a0d3d84f1527243878c67a2140fa8c9a81ecb8b81ec9402dc8,train,glass,exposed:glass_recovery_train_0005,0fc5ee97f4043a167745105b004222b079b1b40a2eae7757b01f628fc8cf2fdc,retreat_hold,1,7,False,True,accident,
28c563172e6e13a0d3d84f1527243878c67a2140fa8c9a81ecb8b81ec9402dc8,train,glass,exposed:glass_recovery_train_0005,a0792781f250d56cd3c6d8e752a02a5726b8775e8b186e9235f5ff423d6c9ac1,base_continue,1,5,False,True,accident,
28c563172e6e13a0d3d84f1527243878c67a2140fa8c9a81ecb8b81ec9402dc8,train,glass,exposed:glass_recovery_train_0005,a0792781f250d56cd3c6d8e752a02a5726b8775e8b186e9235f5ff423d6c9ac1,detour_complete,1,5,False,True,accident,0
28c563172e6e13a0d3d84f1527243878c67a2140fa8c9a81ecb8b81ec9402dc8,train,glass,exposed:glass_recovery_train_0005,a0792781f250d56cd3c6d8e752a02a5726b8775e8b186e9235f5ff423d6c9ac1,retreat_hold,1,5,False,True,accident,
a3e1c487338ecfe4ce59e1e8f0be7a20d0442476ad923022ec430bdb5470ee56,train,glass,exposed:glass_recovery_train_0006,d7481ca51362a455db64aa1970f9feb944d3897eb2ecfde6b291758e311d60c2,base_continue,1,220,False,False,unrecorded_cap_or_other,
a3e1c487338ecfe4ce59e1e8f0be7a20d0442476ad923022ec430bdb5470ee56,train,glass,exposed:glass_recovery_train_0006,d7481ca51362a455db64aa1970f9feb944d3897eb2ecfde6b291758e311d60c2,detour_complete,1,402,False,True,accident,6
a3e1c487338ecfe4ce59e1e8f0be7a20d0442476ad923022ec430bdb5470ee56,train,glass,exposed:glass_recovery_train_0006,d7481ca51362a455db64aa1970f9feb944d3897eb2ecfde6b291758e311d60c2,retreat_hold,1,80,False,False,unrecorded_cap_or_other,
a3e1c487338ecfe4ce59e1e8f0be7a20d0442476ad923022ec430bdb5470ee56,train,offpath,exposed:glass_recovery_train_0006,e0e7d3b00eafdf2acad0dd657f869fc566712dc12ea561892905158b8b84baa6,base_continue,1,220,False,False,unrecorded_cap_or_other,
a3e1c487338ecfe4ce59e1e8f0be7a20d0442476ad923022ec430bdb5470ee56,train,offpath,exposed:glass_recovery_train_0006,e0e7d3b00eafdf2acad0dd657f869fc566712dc12ea561892905158b8b84baa6,detour_complete,1,209,True,False,success,10
a3e1c487338ecfe4ce59e1e8f0be7a20d0442476ad923022ec430bdb5470ee56,train,offpath,exposed:glass_recovery_train_0006,e0e7d3b00eafdf2acad0dd657f869fc566712dc12ea561892905158b8b84baa6,retreat_hold,1,80,False,False,unrecorded_cap_or_other,
a3e1c487338ecfe4ce59e1e8f0be7a20d0442476ad923022ec430bdb5470ee56,train,noglass,exposed:glass_recovery_train_0006,9575ff87a7cacf831ad70554eab375d7ff57408437219739239c42629203c265,base_continue,1,75,True,False,success,
a3e1c487338ecfe4ce59e1e8f0be7a20d0442476ad923022ec430bdb5470ee56,train,noglass,exposed:glass_recovery_train_0006,9575ff87a7cacf831ad70554eab375d7ff57408437219739239c42629203c265,detour_complete,1,333,True,False,success,10
a3e1c487338ecfe4ce59e1e8f0be7a20d0442476ad923022ec430bdb5470ee56,train,noglass,exposed:glass_recovery_train_0006,9575ff87a7cacf831ad70554eab375d7ff57408437219739239c42629203c265,retreat_hold,1,80,False,False,unrecorded_cap_or_other,
a3e1c487338ecfe4ce59e1e8f0be7a20d0442476ad923022ec430bdb5470ee56,train,glass,exposed:glass_recovery_train_0006,248d5024d3ebd6d571a40b06b2695a89ce49d0290909451119d3e3b38667ab1e,base_continue,1,189,False,True,accident,
a3e1c487338ecfe4ce59e1e8f0be7a20d0442476ad923022ec430bdb5470ee56,train,glass,exposed:glass_recovery_train_0006,248d5024d3ebd6d571a40b06b2695a89ce49d0290909451119d3e3b38667ab1e,detour_complete,1,433,True,False,success,10
a3e1c487338ecfe4ce59e1e8f0be7a20d0442476ad923022ec430bdb5470ee56,train,glass,exposed:glass_recovery_train_0006,248d5024d3ebd6d571a40b06b2695a89ce49d0290909451119d3e3b38667ab1e,retreat_hold,1,80,False,False,unrecorded_cap_or_other,
a3e1c487338ecfe4ce59e1e8f0be7a20d0442476ad923022ec430bdb5470ee56,train,offpath,exposed:glass_recovery_train_0006,3eb04dde959c6f101252f9e351cba3bed81af47c40e2d21dd143d17e198e5522,base_continue,1,58,True,False,success,
a3e1c487338ecfe4ce59e1e8f0be7a20d0442476ad923022ec430bdb5470ee56,train,offpath,exposed:glass_recovery_train_0006,3eb04dde959c6f101252f9e351cba3bed81af47c40e2d21dd143d17e198e5522,detour_complete,1,204,True,False,success,10
a3e1c487338ecfe4ce59e1e8f0be7a20d0442476ad923022ec430bdb5470ee56,train,offpath,exposed:glass_recovery_train_0006,3eb04dde959c6f101252f9e351cba3bed81af47c40e2d21dd143d17e198e5522,retreat_hold,1,80,False,False,unrecorded_cap_or_other,
a3e1c487338ecfe4ce59e1e8f0be7a20d0442476ad923022ec430bdb5470ee56,train,noglass,exposed:glass_recovery_train_0006,efd6d97d84504384ca5c36de2cd75c1832c3c1ee09808335218c20797ef80fb9,base_continue,1,69,True,False,success,
a3e1c487338ecfe4ce59e1e8f0be7a20d0442476ad923022ec430bdb5470ee56,train,noglass,exposed:glass_recovery_train_0006,efd6d97d84504384ca5c36de2cd75c1832c3c1ee09808335218c20797ef80fb9,detour_complete,1,315,True,False,success,10
a3e1c487338ecfe4ce59e1e8f0be7a20d0442476ad923022ec430bdb5470ee56,train,noglass,exposed:glass_recovery_train_0006,efd6d97d84504384ca5c36de2cd75c1832c3c1ee09808335218c20797ef80fb9,retreat_hold,1,80,False,False,unrecorded_cap_or_other,
a3e1c487338ecfe4ce59e1e8f0be7a20d0442476ad923022ec430bdb5470ee56,train,glass,exposed:glass_recovery_train_0006,5ce553400c003140abf4ba80dfda89c7aca4616a3823b58ca5d24a6779f1e3b4,base_continue,1,10,False,True,accident,
a3e1c487338ecfe4ce59e1e8f0be7a20d0442476ad923022ec430bdb5470ee56,train,glass,exposed:glass_recovery_train_0006,5ce553400c003140abf4ba80dfda89c7aca4616a3823b58ca5d24a6779f1e3b4,detour_complete,1,430,True,False,success,10
a3e1c487338ecfe4ce59e1e8f0be7a20d0442476ad923022ec430bdb5470ee56,train,glass,exposed:glass_recovery_train_0006,5ce553400c003140abf4ba80dfda89c7aca4616a3823b58ca5d24a6779f1e3b4,retreat_hold,1,80,False,False,unrecorded_cap_or_other,
a3e1c487338ecfe4ce59e1e8f0be7a20d0442476ad923022ec430bdb5470ee56,train,offpath,exposed:glass_recovery_train_0006,7afe605e7e6acd2c18f7c132c00a21bbfc2404905630134b900617045ffdc43c,base_continue,1,53,True,False,success,
a3e1c487338ecfe4ce59e1e8f0be7a20d0442476ad923022ec430bdb5470ee56,train,offpath,exposed:glass_recovery_train_0006,7afe605e7e6acd2c18f7c132c00a21bbfc2404905630134b900617045ffdc43c,detour_complete,1,201,True,False,success,10
a3e1c487338ecfe4ce59e1e8f0be7a20d0442476ad923022ec430bdb5470ee56,train,offpath,exposed:glass_recovery_train_0006,7afe605e7e6acd2c18f7c132c00a21bbfc2404905630134b900617045ffdc43c,retreat_hold,1,80,False,False,unrecorded_cap_or_other,
a3e1c487338ecfe4ce59e1e8f0be7a20d0442476ad923022ec430bdb5470ee56,train,noglass,exposed:glass_recovery_train_0006,f8025df5eaa9a7e2459ed66708a2477db1479b3a74b07bf306bbdc0f2fe3dcb8,base_continue,1,220,False,False,unrecorded_cap_or_other,
a3e1c487338ecfe4ce59e1e8f0be7a20d0442476ad923022ec430bdb5470ee56,train,noglass,exposed:glass_recovery_train_0006,f8025df5eaa9a7e2459ed66708a2477db1479b3a74b07bf306bbdc0f2fe3dcb8,detour_complete,1,318,True,False,success,10
a3e1c487338ecfe4ce59e1e8f0be7a20d0442476ad923022ec430bdb5470ee56,train,noglass,exposed:glass_recovery_train_0006,f8025df5eaa9a7e2459ed66708a2477db1479b3a74b07bf306bbdc0f2fe3dcb8,retreat_hold,1,80,False,False,unrecorded_cap_or_other,
a3e1c487338ecfe4ce59e1e8f0be7a20d0442476ad923022ec430bdb5470ee56,train,glass,exposed:glass_recovery_train_0006,b88d87eac8925355e1cf433be849ef691a9e60ef8b84f944f2ef83bce0ab7631,base_continue,1,5,False,True,accident,
a3e1c487338ecfe4ce59e1e8f0be7a20d0442476ad923022ec430bdb5470ee56,train,glass,exposed:glass_recovery_train_0006,b88d87eac8925355e1cf433be849ef691a9e60ef8b84f944f2ef83bce0ab7631,detour_complete,1,429,True,False,success,10
a3e1c487338ecfe4ce59e1e8f0be7a20d0442476ad923022ec430bdb5470ee56,train,glass,exposed:glass_recovery_train_0006,b88d87eac8925355e1cf433be849ef691a9e60ef8b84f944f2ef83bce0ab7631,retreat_hold,1,80,False,False,unrecorded_cap_or_other,
a3e1c487338ecfe4ce59e1e8f0be7a20d0442476ad923022ec430bdb5470ee56,train,offpath,exposed:glass_recovery_train_0006,9cbbc2bac64f221bdb97d8d789786896b82cd7b34846f08f52a22158f5dfcfbb,base_continue,1,37,True,False,success,
a3e1c487338ecfe4ce59e1e8f0be7a20d0442476ad923022ec430bdb5470ee56,train,offpath,exposed:glass_recovery_train_0006,9cbbc2bac64f221bdb97d8d789786896b82cd7b34846f08f52a22158f5dfcfbb,detour_complete,1,203,True,False,success,10
a3e1c487338ecfe4ce59e1e8f0be7a20d0442476ad923022ec430bdb5470ee56,train,offpath,exposed:glass_recovery_train_0006,9cbbc2bac64f221bdb97d8d789786896b82cd7b34846f08f52a22158f5dfcfbb,retreat_hold,1,80,False,False,unrecorded_cap_or_other,
a3e1c487338ecfe4ce59e1e8f0be7a20d0442476ad923022ec430bdb5470ee56,train,noglass,exposed:glass_recovery_train_0006,5b708e46a05036fdd5aa4b920bcc63d26b0db31225bcd5dd629028e675a3f8d1,base_continue,1,220,False,False,unrecorded_cap_or_other,
a3e1c487338ecfe4ce59e1e8f0be7a20d0442476ad923022ec430bdb5470ee56,train,noglass,exposed:glass_recovery_train_0006,5b708e46a05036fdd5aa4b920bcc63d26b0db31225bcd5dd629028e675a3f8d1,detour_complete,1,316,True,False,success,10
a3e1c487338ecfe4ce59e1e8f0be7a20d0442476ad923022ec430bdb5470ee56,train,noglass,exposed:glass_recovery_train_0006,5b708e46a05036fdd5aa4b920bcc63d26b0db31225bcd5dd629028e675a3f8d1,retreat_hold,1,80,False,False,unrecorded_cap_or_other,
f64d2a60c3b9cebc4b5e12f86f4978711b4ca1e7a3788d1756d078c45a1c1004,train,glass,exposed:glass_recovery_train_0008,d148c3efcf92ed63f8d83884af0580be9bf7b83a663651f5b966cf934d47d532,base_continue,1,75,True,False,success,
f64d2a60c3b9cebc4b5e12f86f4978711b4ca1e7a3788d1756d078c45a1c1004,train,glass,exposed:glass_recovery_train_0008,d148c3efcf92ed63f8d83884af0580be9bf7b83a663651f5b966cf934d47d532,detour_complete,1,900,False,False,unrecorded_cap_or_other,12
f64d2a60c3b9cebc4b5e12f86f4978711b4ca1e7a3788d1756d078c45a1c1004,train,glass,exposed:glass_recovery_train_0008,d148c3efcf92ed63f8d83884af0580be9bf7b83a663651f5b966cf934d47d532,retreat_hold,1,80,False,False,unrecorded_cap_or_other,
f64d2a60c3b9cebc4b5e12f86f4978711b4ca1e7a3788d1756d078c45a1c1004,train,offpath,exposed:glass_recovery_train_0008,aa4fb1e7f1340e25aa35cebaa07bccc79f9625c7a131c49c9110787a84c0fa55,base_continue,1,72,True,False,success,
f64d2a60c3b9cebc4b5e12f86f4978711b4ca1e7a3788d1756d078c45a1c1004,train,offpath,exposed:glass_recovery_train_0008,aa4fb1e7f1340e25aa35cebaa07bccc79f9625c7a131c49c9110787a84c0fa55,detour_complete,1,313,True,False,success,10
f64d2a60c3b9cebc4b5e12f86f4978711b4ca1e7a3788d1756d078c45a1c1004,train,offpath,exposed:glass_recovery_train_0008,aa4fb1e7f1340e25aa35cebaa07bccc79f9625c7a131c49c9110787a84c0fa55,retreat_hold,1,80,False,False,unrecorded_cap_or_other,
f64d2a60c3b9cebc4b5e12f86f4978711b4ca1e7a3788d1756d078c45a1c1004,train,noglass,exposed:glass_recovery_train_0008,13622f089c04d57bf1295fdded29e2a34860c54d7125de220c3e6dc777349f38,base_continue,1,74,True,False,success,
f64d2a60c3b9cebc4b5e12f86f4978711b4ca1e7a3788d1756d078c45a1c1004,train,noglass,exposed:glass_recovery_train_0008,13622f089c04d57bf1295fdded29e2a34860c54d7125de220c3e6dc777349f38,detour_complete,1,900,False,False,unrecorded_cap_or_other,12
f64d2a60c3b9cebc4b5e12f86f4978711b4ca1e7a3788d1756d078c45a1c1004,train,noglass,exposed:glass_recovery_train_0008,13622f089c04d57bf1295fdded29e2a34860c54d7125de220c3e6dc777349f38,retreat_hold,1,80,False,False,unrecorded_cap_or_other,
f64d2a60c3b9cebc4b5e12f86f4978711b4ca1e7a3788d1756d078c45a1c1004,train,glass,exposed:glass_recovery_train_0008,91bf24f72c97390d722459dc4d5ede2a011b09c12e36e7b7fd26a10eaee56e9b,base_continue,1,31,False,True,accident,
f64d2a60c3b9cebc4b5e12f86f4978711b4ca1e7a3788d1756d078c45a1c1004,train,glass,exposed:glass_recovery_train_0008,91bf24f72c97390d722459dc4d5ede2a011b09c12e36e7b7fd26a10eaee56e9b,detour_complete,1,900,False,False,unrecorded_cap_or_other,12
f64d2a60c3b9cebc4b5e12f86f4978711b4ca1e7a3788d1756d078c45a1c1004,train,glass,exposed:glass_recovery_train_0008,91bf24f72c97390d722459dc4d5ede2a011b09c12e36e7b7fd26a10eaee56e9b,retreat_hold,1,80,False,False,unrecorded_cap_or_other,
f64d2a60c3b9cebc4b5e12f86f4978711b4ca1e7a3788d1756d078c45a1c1004,train,offpath,exposed:glass_recovery_train_0008,ee3c48810394e20b251fe1bec2818d9524053421b90d7a60813eb3bb59d3661d,base_continue,1,66,True,False,success,
f64d2a60c3b9cebc4b5e12f86f4978711b4ca1e7a3788d1756d078c45a1c1004,train,offpath,exposed:glass_recovery_train_0008,ee3c48810394e20b251fe1bec2818d9524053421b90d7a60813eb3bb59d3661d,detour_complete,1,900,False,False,unrecorded_cap_or_other,12
f64d2a60c3b9cebc4b5e12f86f4978711b4ca1e7a3788d1756d078c45a1c1004,train,offpath,exposed:glass_recovery_train_0008,ee3c48810394e20b251fe1bec2818d9524053421b90d7a60813eb3bb59d3661d,retreat_hold,1,80,False,False,unrecorded_cap_or_other,
f64d2a60c3b9cebc4b5e12f86f4978711b4ca1e7a3788d1756d078c45a1c1004,train,noglass,exposed:glass_recovery_train_0008,c66eea6f8276cd7a514ccf1ee642e0714951fa6c9c93f9cbd0e53ad2a8cf1240,base_continue,1,67,True,False,success,
f64d2a60c3b9cebc4b5e12f86f4978711b4ca1e7a3788d1756d078c45a1c1004,train,noglass,exposed:glass_recovery_train_0008,c66eea6f8276cd7a514ccf1ee642e0714951fa6c9c93f9cbd0e53ad2a8cf1240,detour_complete,1,228,True,False,success,10
f64d2a60c3b9cebc4b5e12f86f4978711b4ca1e7a3788d1756d078c45a1c1004,train,noglass,exposed:glass_recovery_train_0008,c66eea6f8276cd7a514ccf1ee642e0714951fa6c9c93f9cbd0e53ad2a8cf1240,retreat_hold,1,80,False,False,unrecorded_cap_or_other,
f64d2a60c3b9cebc4b5e12f86f4978711b4ca1e7a3788d1756d078c45a1c1004,train,glass,exposed:glass_recovery_train_0008,b8a84988fb8bb42a81c6e988b8ac8ffd368df04599ae18041f30b924605c6d4a,base_continue,1,11,False,True,accident,
f64d2a60c3b9cebc4b5e12f86f4978711b4ca1e7a3788d1756d078c45a1c1004,train,glass,exposed:glass_recovery_train_0008,b8a84988fb8bb42a81c6e988b8ac8ffd368df04599ae18041f30b924605c6d4a,detour_complete,1,79,False,True,accident,6
f64d2a60c3b9cebc4b5e12f86f4978711b4ca1e7a3788d1756d078c45a1c1004,train,glass,exposed:glass_recovery_train_0008,b8a84988fb8bb42a81c6e988b8ac8ffd368df04599ae18041f30b924605c6d4a,retreat_hold,1,80,False,False,unrecorded_cap_or_other,
f64d2a60c3b9cebc4b5e12f86f4978711b4ca1e7a3788d1756d078c45a1c1004,train,offpath,exposed:glass_recovery_train_0008,2c99f888727b204cfa3ed14993f0f98f5faa7d56e6fa3b4c8e4fe6e3b693de11,base_continue,1,56,True,False,success,
f64d2a60c3b9cebc4b5e12f86f4978711b4ca1e7a3788d1756d078c45a1c1004,train,offpath,exposed:glass_recovery_train_0008,2c99f888727b204cfa3ed14993f0f98f5faa7d56e6fa3b4c8e4fe6e3b693de11,detour_complete,1,900,False,False,unrecorded_cap_or_other,12
f64d2a60c3b9cebc4b5e12f86f4978711b4ca1e7a3788d1756d078c45a1c1004,train,offpath,exposed:glass_recovery_train_0008,2c99f888727b204cfa3ed14993f0f98f5faa7d56e6fa3b4c8e4fe6e3b693de11,retreat_hold,1,80,False,False,unrecorded_cap_or_other,
f64d2a60c3b9cebc4b5e12f86f4978711b4ca1e7a3788d1756d078c45a1c1004,train,noglass,exposed:glass_recovery_train_0008,01f3a9b05e6d72af78c7750b8ca434550a697925dad1cc0a97eb387fcd625576,base_continue,1,56,True,False,success,
f64d2a60c3b9cebc4b5e12f86f4978711b4ca1e7a3788d1756d078c45a1c1004,train,noglass,exposed:glass_recovery_train_0008,01f3a9b05e6d72af78c7750b8ca434550a697925dad1cc0a97eb387fcd625576,detour_complete,1,180,True,False,success,10
f64d2a60c3b9cebc4b5e12f86f4978711b4ca1e7a3788d1756d078c45a1c1004,train,noglass,exposed:glass_recovery_train_0008,01f3a9b05e6d72af78c7750b8ca434550a697925dad1cc0a97eb387fcd625576,retreat_hold,1,80,False,False,unrecorded_cap_or_other,
f64d2a60c3b9cebc4b5e12f86f4978711b4ca1e7a3788d1756d078c45a1c1004,train,glass,exposed:glass_recovery_train_0008,9ceb7189f7d4d312486aa71685256aac693020e0969b88cdc3896e828413707d,base_continue,1,5,False,True,accident,
f64d2a60c3b9cebc4b5e12f86f4978711b4ca1e7a3788d1756d078c45a1c1004,train,glass,exposed:glass_recovery_train_0008,9ceb7189f7d4d312486aa71685256aac693020e0969b88cdc3896e828413707d,detour_complete,1,91,False,True,accident,6
f64d2a60c3b9cebc4b5e12f86f4978711b4ca1e7a3788d1756d078c45a1c1004,train,glass,exposed:glass_recovery_train_0008,9ceb7189f7d4d312486aa71685256aac693020e0969b88cdc3896e828413707d,retreat_hold,1,80,False,False,unrecorded_cap_or_other,
f64d2a60c3b9cebc4b5e12f86f4978711b4ca1e7a3788d1756d078c45a1c1004,train,offpath,exposed:glass_recovery_train_0008,3e9cb9f4aa256b86d2b55d5f8eab0eb9a279fe25afdf14c646c9969de80e3f50,base_continue,1,47,True,False,success,
f64d2a60c3b9cebc4b5e12f86f4978711b4ca1e7a3788d1756d078c45a1c1004,train,offpath,exposed:glass_recovery_train_0008,3e9cb9f4aa256b86d2b55d5f8eab0eb9a279fe25afdf14c646c9969de80e3f50,detour_complete,1,900,False,False,unrecorded_cap_or_other,12
f64d2a60c3b9cebc4b5e12f86f4978711b4ca1e7a3788d1756d078c45a1c1004,train,offpath,exposed:glass_recovery_train_0008,3e9cb9f4aa256b86d2b55d5f8eab0eb9a279fe25afdf14c646c9969de80e3f50,retreat_hold,1,80,False,False,unrecorded_cap_or_other,
f64d2a60c3b9cebc4b5e12f86f4978711b4ca1e7a3788d1756d078c45a1c1004,train,noglass,exposed:glass_recovery_train_0008,9722f324d9c5dea727c566e371ad36aed18e93ea9150765b9ae4048a050ec821,base_continue,1,48,True,False,success,
f64d2a60c3b9cebc4b5e12f86f4978711b4ca1e7a3788d1756d078c45a1c1004,train,noglass,exposed:glass_recovery_train_0008,9722f324d9c5dea727c566e371ad36aed18e93ea9150765b9ae4048a050ec821,detour_complete,1,900,False,False,unrecorded_cap_or_other,12
f64d2a60c3b9cebc4b5e12f86f4978711b4ca1e7a3788d1756d078c45a1c1004,train,noglass,exposed:glass_recovery_train_0008,9722f324d9c5dea727c566e371ad36aed18e93ea9150765b9ae4048a050ec821,retreat_hold,1,80,False,False,unrecorded_cap_or_other,
0815f4806fc9a4fbd58c6627c8b92fd77f1b80ad4b8b4cd6d0c6e0541d488a7b,train,glass,exposed:glass_recovery_train_0009,d576ff89028b9511afde2faf463e1df981328c902bcb8e907dde78c1571b657c,base_continue,1,34,False,True,accident,
0815f4806fc9a4fbd58c6627c8b92fd77f1b80ad4b8b4cd6d0c6e0541d488a7b,train,glass,exposed:glass_recovery_train_0009,d576ff89028b9511afde2faf463e1df981328c902bcb8e907dde78c1571b657c,detour_complete,1,900,False,False,unrecorded_cap_or_other,12
0815f4806fc9a4fbd58c6627c8b92fd77f1b80ad4b8b4cd6d0c6e0541d488a7b,train,glass,exposed:glass_recovery_train_0009,d576ff89028b9511afde2faf463e1df981328c902bcb8e907dde78c1571b657c,retreat_hold,1,80,False,False,unrecorded_cap_or_other,
0815f4806fc9a4fbd58c6627c8b92fd77f1b80ad4b8b4cd6d0c6e0541d488a7b,train,offpath,exposed:glass_recovery_train_0009,ee75f641fca6f9f362dc3e75697d56e05123ed983ee5069fd9ae0801cc9c4c30,base_continue,1,81,True,False,success,
0815f4806fc9a4fbd58c6627c8b92fd77f1b80ad4b8b4cd6d0c6e0541d488a7b,train,offpath,exposed:glass_recovery_train_0009,ee75f641fca6f9f362dc3e75697d56e05123ed983ee5069fd9ae0801cc9c4c30,detour_complete,1,214,True,False,success,10
0815f4806fc9a4fbd58c6627c8b92fd77f1b80ad4b8b4cd6d0c6e0541d488a7b,train,offpath,exposed:glass_recovery_train_0009,ee75f641fca6f9f362dc3e75697d56e05123ed983ee5069fd9ae0801cc9c4c30,retreat_hold,1,80,False,False,unrecorded_cap_or_other,
0815f4806fc9a4fbd58c6627c8b92fd77f1b80ad4b8b4cd6d0c6e0541d488a7b,train,noglass,exposed:glass_recovery_train_0009,f457e3419dd27406549cf2ec68e1f439408ffb635c888c54e315993bd3cace03,base_continue,1,97,True,False,success,
0815f4806fc9a4fbd58c6627c8b92fd77f1b80ad4b8b4cd6d0c6e0541d488a7b,train,noglass,exposed:glass_recovery_train_0009,f457e3419dd27406549cf2ec68e1f439408ffb635c888c54e315993bd3cace03,detour_complete,1,900,False,False,unrecorded_cap_or_other,12
0815f4806fc9a4fbd58c6627c8b92fd77f1b80ad4b8b4cd6d0c6e0541d488a7b,train,noglass,exposed:glass_recovery_train_0009,f457e3419dd27406549cf2ec68e1f439408ffb635c888c54e315993bd3cace03,retreat_hold,1,80,False,False,unrecorded_cap_or_other,
0815f4806fc9a4fbd58c6627c8b92fd77f1b80ad4b8b4cd6d0c6e0541d488a7b,train,glass,exposed:glass_recovery_train_0009,c4972e15a7574f2338d02cf8e2e50c88afef08380a8ebd81a4c444629494ec11,base_continue,1,24,False,True,accident,
0815f4806fc9a4fbd58c6627c8b92fd77f1b80ad4b8b4cd6d0c6e0541d488a7b,train,glass,exposed:glass_recovery_train_0009,c4972e15a7574f2338d02cf8e2e50c88afef08380a8ebd81a4c444629494ec11,detour_complete,1,335,True,False,success,10
0815f4806fc9a4fbd58c6627c8b92fd77f1b80ad4b8b4cd6d0c6e0541d488a7b,train,glass,exposed:glass_recovery_train_0009,c4972e15a7574f2338d02cf8e2e50c88afef08380a8ebd81a4c444629494ec11,retreat_hold,1,80,False,False,unrecorded_cap_or_other,
0815f4806fc9a4fbd58c6627c8b92fd77f1b80ad4b8b4cd6d0c6e0541d488a7b,train,offpath,exposed:glass_recovery_train_0009,ddcb5e01f9195a6109875e056ee5404f698c9d3e66558f921be7bd301562b620,base_continue,1,72,True,False,success,
0815f4806fc9a4fbd58c6627c8b92fd77f1b80ad4b8b4cd6d0c6e0541d488a7b,train,offpath,exposed:glass_recovery_train_0009,ddcb5e01f9195a6109875e056ee5404f698c9d3e66558f921be7bd301562b620,detour_complete,1,900,False,False,unrecorded_cap_or_other,12
0815f4806fc9a4fbd58c6627c8b92fd77f1b80ad4b8b4cd6d0c6e0541d488a7b,train,offpath,exposed:glass_recovery_train_0009,ddcb5e01f9195a6109875e056ee5404f698c9d3e66558f921be7bd301562b620,retreat_hold,1,80,False,False,unrecorded_cap_or_other,
0815f4806fc9a4fbd58c6627c8b92fd77f1b80ad4b8b4cd6d0c6e0541d488a7b,train,noglass,exposed:glass_recovery_train_0009,31aa7fddada0973f5e75f938afb6a0a8456f86ad83881fcf67ff0c93ea8d9791,base_continue,1,86,True,False,success,
0815f4806fc9a4fbd58c6627c8b92fd77f1b80ad4b8b4cd6d0c6e0541d488a7b,train,noglass,exposed:glass_recovery_train_0009,31aa7fddada0973f5e75f938afb6a0a8456f86ad83881fcf67ff0c93ea8d9791,detour_complete,1,900,False,False,unrecorded_cap_or_other,12
0815f4806fc9a4fbd58c6627c8b92fd77f1b80ad4b8b4cd6d0c6e0541d488a7b,train,noglass,exposed:glass_recovery_train_0009,31aa7fddada0973f5e75f938afb6a0a8456f86ad83881fcf67ff0c93ea8d9791,retreat_hold,1,80,False,False,unrecorded_cap_or_other,
0815f4806fc9a4fbd58c6627c8b92fd77f1b80ad4b8b4cd6d0c6e0541d488a7b,train,glass,exposed:glass_recovery_train_0009,b7a14e6e6fd6276353435635880e99a146734364afdbea8bf4d5cd2f6ee4a730,base_continue,1,10,False,True,accident,
0815f4806fc9a4fbd58c6627c8b92fd77f1b80ad4b8b4cd6d0c6e0541d488a7b,train,glass,exposed:glass_recovery_train_0009,b7a14e6e6fd6276353435635880e99a146734364afdbea8bf4d5cd2f6ee4a730,detour_complete,1,316,True,False,success,10
0815f4806fc9a4fbd58c6627c8b92fd77f1b80ad4b8b4cd6d0c6e0541d488a7b,train,glass,exposed:glass_recovery_train_0009,b7a14e6e6fd6276353435635880e99a146734364afdbea8bf4d5cd2f6ee4a730,retreat_hold,1,80,False,False,unrecorded_cap_or_other,
0815f4806fc9a4fbd58c6627c8b92fd77f1b80ad4b8b4cd6d0c6e0541d488a7b,train,offpath,exposed:glass_recovery_train_0009,ab7982f2e7f3af3a0e8a3b27c48828ea64ad4524a9b0230e3a5a178762f7de32,base_continue,1,62,True,False,success,
0815f4806fc9a4fbd58c6627c8b92fd77f1b80ad4b8b4cd6d0c6e0541d488a7b,train,offpath,exposed:glass_recovery_train_0009,ab7982f2e7f3af3a0e8a3b27c48828ea64ad4524a9b0230e3a5a178762f7de32,detour_complete,1,200,True,False,success,10
0815f4806fc9a4fbd58c6627c8b92fd77f1b80ad4b8b4cd6d0c6e0541d488a7b,train,offpath,exposed:glass_recovery_train_0009,ab7982f2e7f3af3a0e8a3b27c48828ea64ad4524a9b0230e3a5a178762f7de32,retreat_hold,1,80,False,False,unrecorded_cap_or_other,
0815f4806fc9a4fbd58c6627c8b92fd77f1b80ad4b8b4cd6d0c6e0541d488a7b,train,noglass,exposed:glass_recovery_train_0009,63d094020072c09dc6aaf329aadd81a5c596987ea6f8f33883d744591b7312aa,base_continue,1,62,True,False,success,
0815f4806fc9a4fbd58c6627c8b92fd77f1b80ad4b8b4cd6d0c6e0541d488a7b,train,noglass,exposed:glass_recovery_train_0009,63d094020072c09dc6aaf329aadd81a5c596987ea6f8f33883d744591b7312aa,detour_complete,1,222,True,False,success,10
0815f4806fc9a4fbd58c6627c8b92fd77f1b80ad4b8b4cd6d0c6e0541d488a7b,train,noglass,exposed:glass_recovery_train_0009,63d094020072c09dc6aaf329aadd81a5c596987ea6f8f33883d744591b7312aa,retreat_hold,1,80,False,False,unrecorded_cap_or_other,
0815f4806fc9a4fbd58c6627c8b92fd77f1b80ad4b8b4cd6d0c6e0541d488a7b,train,glass,exposed:glass_recovery_train_0009,fa03a23fda55c3ea33661d3260f8d0dc60162f2748f3f5a17ea92d65562aa4ea,base_continue,1,5,False,True,accident,
0815f4806fc9a4fbd58c6627c8b92fd77f1b80ad4b8b4cd6d0c6e0541d488a7b,train,glass,exposed:glass_recovery_train_0009,fa03a23fda55c3ea33661d3260f8d0dc60162f2748f3f5a17ea92d65562aa4ea,detour_complete,1,313,True,False,success,10
0815f4806fc9a4fbd58c6627c8b92fd77f1b80ad4b8b4cd6d0c6e0541d488a7b,train,glass,exposed:glass_recovery_train_0009,fa03a23fda55c3ea33661d3260f8d0dc60162f2748f3f5a17ea92d65562aa4ea,retreat_hold,1,80,False,False,unrecorded_cap_or_other,
0815f4806fc9a4fbd58c6627c8b92fd77f1b80ad4b8b4cd6d0c6e0541d488a7b,train,offpath,exposed:glass_recovery_train_0009,5ddb948f4bfe692e6c6d66da64d65df8089936d1e0fecaf17d5d612fbbaa0f74,base_continue,1,62,True,False,success,
0815f4806fc9a4fbd58c6627c8b92fd77f1b80ad4b8b4cd6d0c6e0541d488a7b,train,offpath,exposed:glass_recovery_train_0009,5ddb948f4bfe692e6c6d66da64d65df8089936d1e0fecaf17d5d612fbbaa0f74,detour_complete,1,199,True,False,success,10
0815f4806fc9a4fbd58c6627c8b92fd77f1b80ad4b8b4cd6d0c6e0541d488a7b,train,offpath,exposed:glass_recovery_train_0009,5ddb948f4bfe692e6c6d66da64d65df8089936d1e0fecaf17d5d612fbbaa0f74,retreat_hold,1,80,False,False,unrecorded_cap_or_other,
0815f4806fc9a4fbd58c6627c8b92fd77f1b80ad4b8b4cd6d0c6e0541d488a7b,train,noglass,exposed:glass_recovery_train_0009,6738869e2e168f1edc4e653c5d502701a0e10a97510d0fbbf70d7c3898766a59,base_continue,1,43,True,False,success,
0815f4806fc9a4fbd58c6627c8b92fd77f1b80ad4b8b4cd6d0c6e0541d488a7b,train,noglass,exposed:glass_recovery_train_0009,6738869e2e168f1edc4e653c5d502701a0e10a97510d0fbbf70d7c3898766a59,detour_complete,1,900,False,False,unrecorded_cap_or_other,12
0815f4806fc9a4fbd58c6627c8b92fd77f1b80ad4b8b4cd6d0c6e0541d488a7b,train,noglass,exposed:glass_recovery_train_0009,6738869e2e168f1edc4e653c5d502701a0e10a97510d0fbbf70d7c3898766a59,retreat_hold,1,80,False,False,unrecorded_cap_or_other,
a992f0a563f4b0239708f4be6fa38192e6930b15387567b2d4a16568d4fa5671,calibration,glass,exposed:glass_recovery_validation_0002,a2789c81099b55b6e03d0122a4c3dae0b762d73aa58759fea4839f4cbf3f626b,base_continue,1,30,False,True,accident,
a992f0a563f4b0239708f4be6fa38192e6930b15387567b2d4a16568d4fa5671,calibration,glass,exposed:glass_recovery_validation_0002,a2789c81099b55b6e03d0122a4c3dae0b762d73aa58759fea4839f4cbf3f626b,detour_complete,1,900,False,False,unrecorded_cap_or_other,10
a992f0a563f4b0239708f4be6fa38192e6930b15387567b2d4a16568d4fa5671,calibration,glass,exposed:glass_recovery_validation_0002,a2789c81099b55b6e03d0122a4c3dae0b762d73aa58759fea4839f4cbf3f626b,retreat_hold,1,80,False,False,unrecorded_cap_or_other,
a992f0a563f4b0239708f4be6fa38192e6930b15387567b2d4a16568d4fa5671,calibration,offpath,exposed:glass_recovery_validation_0002,c358a61a7773b654fc7175c629003645faa41187cd0e8b9deefe58f1f799f1de,base_continue,1,85,True,False,success,
a992f0a563f4b0239708f4be6fa38192e6930b15387567b2d4a16568d4fa5671,calibration,offpath,exposed:glass_recovery_validation_0002,c358a61a7773b654fc7175c629003645faa41187cd0e8b9deefe58f1f799f1de,detour_complete,1,900,False,False,unrecorded_cap_or_other,10
a992f0a563f4b0239708f4be6fa38192e6930b15387567b2d4a16568d4fa5671,calibration,offpath,exposed:glass_recovery_validation_0002,c358a61a7773b654fc7175c629003645faa41187cd0e8b9deefe58f1f799f1de,retreat_hold,1,80,False,False,unrecorded_cap_or_other,
a992f0a563f4b0239708f4be6fa38192e6930b15387567b2d4a16568d4fa5671,calibration,noglass,exposed:glass_recovery_validation_0002,282d6be2ebee0c936ede028b88080e81956f8fcb6dd88dec9d85b8b0d4426737,base_continue,1,78,True,False,success,
a992f0a563f4b0239708f4be6fa38192e6930b15387567b2d4a16568d4fa5671,calibration,noglass,exposed:glass_recovery_validation_0002,282d6be2ebee0c936ede028b88080e81956f8fcb6dd88dec9d85b8b0d4426737,detour_complete,1,201,True,False,success,10
a992f0a563f4b0239708f4be6fa38192e6930b15387567b2d4a16568d4fa5671,calibration,noglass,exposed:glass_recovery_validation_0002,282d6be2ebee0c936ede028b88080e81956f8fcb6dd88dec9d85b8b0d4426737,retreat_hold,1,80,False,False,unrecorded_cap_or_other,
a992f0a563f4b0239708f4be6fa38192e6930b15387567b2d4a16568d4fa5671,calibration,glass,exposed:glass_recovery_validation_0002,f40f69fe08f45b1018c7b16e12f6ce739d262e19cc437250b5c340dae5b6ab80,base_continue,1,19,False,True,accident,
a992f0a563f4b0239708f4be6fa38192e6930b15387567b2d4a16568d4fa5671,calibration,glass,exposed:glass_recovery_validation_0002,f40f69fe08f45b1018c7b16e12f6ce739d262e19cc437250b5c340dae5b6ab80,detour_complete,1,900,False,False,unrecorded_cap_or_other,10
a992f0a563f4b0239708f4be6fa38192e6930b15387567b2d4a16568d4fa5671,calibration,glass,exposed:glass_recovery_validation_0002,f40f69fe08f45b1018c7b16e12f6ce739d262e19cc437250b5c340dae5b6ab80,retreat_hold,1,80,False,False,unrecorded_cap_or_other,
a992f0a563f4b0239708f4be6fa38192e6930b15387567b2d4a16568d4fa5671,calibration,offpath,exposed:glass_recovery_validation_0002,77e49e2984ccacab87bf108589d841bd21865cb4ce3d110c430a3cb277f6df9b,base_continue,1,72,True,False,success,
a992f0a563f4b0239708f4be6fa38192e6930b15387567b2d4a16568d4fa5671,calibration,offpath,exposed:glass_recovery_validation_0002,77e49e2984ccacab87bf108589d841bd21865cb4ce3d110c430a3cb277f6df9b,detour_complete,1,900,False,False,unrecorded_cap_or_other,12
a992f0a563f4b0239708f4be6fa38192e6930b15387567b2d4a16568d4fa5671,calibration,offpath,exposed:glass_recovery_validation_0002,77e49e2984ccacab87bf108589d841bd21865cb4ce3d110c430a3cb277f6df9b,retreat_hold,1,80,False,False,unrecorded_cap_or_other,
a992f0a563f4b0239708f4be6fa38192e6930b15387567b2d4a16568d4fa5671,calibration,noglass,exposed:glass_recovery_validation_0002,23a105f7245ab9a74e4095b0761539ea24d0ca585359e9738474a1d4d5d5715c,base_continue,1,63,True,False,success,
a992f0a563f4b0239708f4be6fa38192e6930b15387567b2d4a16568d4fa5671,calibration,noglass,exposed:glass_recovery_validation_0002,23a105f7245ab9a74e4095b0761539ea24d0ca585359e9738474a1d4d5d5715c,detour_complete,1,191,True,False,success,10
a992f0a563f4b0239708f4be6fa38192e6930b15387567b2d4a16568d4fa5671,calibration,noglass,exposed:glass_recovery_validation_0002,23a105f7245ab9a74e4095b0761539ea24d0ca585359e9738474a1d4d5d5715c,retreat_hold,1,80,False,False,unrecorded_cap_or_other,
a992f0a563f4b0239708f4be6fa38192e6930b15387567b2d4a16568d4fa5671,calibration,glass,exposed:glass_recovery_validation_0002,b85b66d6c8384c9e0a0b55fbae4cb85f4d8ad2240c1872fecfa3e61f994f549c,base_continue,1,10,False,True,accident,
a992f0a563f4b0239708f4be6fa38192e6930b15387567b2d4a16568d4fa5671,calibration,glass,exposed:glass_recovery_validation_0002,b85b66d6c8384c9e0a0b55fbae4cb85f4d8ad2240c1872fecfa3e61f994f549c,detour_complete,1,900,False,False,unrecorded_cap_or_other,11
a992f0a563f4b0239708f4be6fa38192e6930b15387567b2d4a16568d4fa5671,calibration,glass,exposed:glass_recovery_validation_0002,b85b66d6c8384c9e0a0b55fbae4cb85f4d8ad2240c1872fecfa3e61f994f549c,retreat_hold,1,80,False,False,unrecorded_cap_or_other,
a992f0a563f4b0239708f4be6fa38192e6930b15387567b2d4a16568d4fa5671,calibration,offpath,exposed:glass_recovery_validation_0002,75bcd10eaebd6feacb2b9ee8ad6c3305731b80df8ed335e4eec7f8fec43a8b78,base_continue,1,62,True,False,success,
a992f0a563f4b0239708f4be6fa38192e6930b15387567b2d4a16568d4fa5671,calibration,offpath,exposed:glass_recovery_validation_0002,75bcd10eaebd6feacb2b9ee8ad6c3305731b80df8ed335e4eec7f8fec43a8b78,detour_complete,1,181,True,False,success,10
a992f0a563f4b0239708f4be6fa38192e6930b15387567b2d4a16568d4fa5671,calibration,offpath,exposed:glass_recovery_validation_0002,75bcd10eaebd6feacb2b9ee8ad6c3305731b80df8ed335e4eec7f8fec43a8b78,retreat_hold,1,80,False,False,unrecorded_cap_or_other,
a992f0a563f4b0239708f4be6fa38192e6930b15387567b2d4a16568d4fa5671,calibration,noglass,exposed:glass_recovery_validation_0002,5897b0e2da5f90da5cf91c18ed38a838677a9a2cbf2301fabd15be2ba31ed258,base_continue,1,53,True,False,success,
a992f0a563f4b0239708f4be6fa38192e6930b15387567b2d4a16568d4fa5671,calibration,noglass,exposed:glass_recovery_validation_0002,5897b0e2da5f90da5cf91c18ed38a838677a9a2cbf2301fabd15be2ba31ed258,detour_complete,1,191,True,False,success,10
a992f0a563f4b0239708f4be6fa38192e6930b15387567b2d4a16568d4fa5671,calibration,noglass,exposed:glass_recovery_validation_0002,5897b0e2da5f90da5cf91c18ed38a838677a9a2cbf2301fabd15be2ba31ed258,retreat_hold,1,80,False,False,unrecorded_cap_or_other,
a992f0a563f4b0239708f4be6fa38192e6930b15387567b2d4a16568d4fa5671,calibration,glass,exposed:glass_recovery_validation_0002,3b94bd61b3e82b1508282b8b6f6164980744459548db1ad0fbb35df0556f1950,base_continue,1,1,False,True,accident,
a992f0a563f4b0239708f4be6fa38192e6930b15387567b2d4a16568d4fa5671,calibration,glass,exposed:glass_recovery_validation_0002,3b94bd61b3e82b1508282b8b6f6164980744459548db1ad0fbb35df0556f1950,detour_complete,1,900,False,False,unrecorded_cap_or_other,10
a992f0a563f4b0239708f4be6fa38192e6930b15387567b2d4a16568d4fa5671,calibration,glass,exposed:glass_recovery_validation_0002,3b94bd61b3e82b1508282b8b6f6164980744459548db1ad0fbb35df0556f1950,retreat_hold,1,80,False,False,unrecorded_cap_or_other,
a992f0a563f4b0239708f4be6fa38192e6930b15387567b2d4a16568d4fa5671,calibration,offpath,exposed:glass_recovery_validation_0002,49c63703ec20b464f6d00680889faac5bedcfa8903cf885b39ecf4eee43582f3,base_continue,1,53,True,False,success,
a992f0a563f4b0239708f4be6fa38192e6930b15387567b2d4a16568d4fa5671,calibration,offpath,exposed:glass_recovery_validation_0002,49c63703ec20b464f6d00680889faac5bedcfa8903cf885b39ecf4eee43582f3,detour_complete,1,900,False,False,unrecorded_cap_or_other,12
a992f0a563f4b0239708f4be6fa38192e6930b15387567b2d4a16568d4fa5671,calibration,offpath,exposed:glass_recovery_validation_0002,49c63703ec20b464f6d00680889faac5bedcfa8903cf885b39ecf4eee43582f3,retreat_hold,1,80,False,False,unrecorded_cap_or_other,
a992f0a563f4b0239708f4be6fa38192e6930b15387567b2d4a16568d4fa5671,calibration,noglass,exposed:glass_recovery_validation_0002,b183755614593b6c5ce7dc373736a09c48c9e3064b1b1d0ed9373c05fa2b6e52,base_continue,1,55,True,False,success,
a992f0a563f4b0239708f4be6fa38192e6930b15387567b2d4a16568d4fa5671,calibration,noglass,exposed:glass_recovery_validation_0002,b183755614593b6c5ce7dc373736a09c48c9e3064b1b1d0ed9373c05fa2b6e52,detour_complete,1,193,True,False,success,10
a992f0a563f4b0239708f4be6fa38192e6930b15387567b2d4a16568d4fa5671,calibration,noglass,exposed:glass_recovery_validation_0002,b183755614593b6c5ce7dc373736a09c48c9e3064b1b1d0ed9373c05fa2b6e52,retreat_hold,1,80,False,False,unrecorded_cap_or_other,
ddd84e646ab0cdd38c0f283802f28ac361a412492f3872c7f489b95bb55d53af,calibration,glass,exposed:glass_recovery_validation_0004,9b707107c2d50634254375349c498218f549da231043f59ee124770219e88251,base_continue,1,220,False,False,unrecorded_cap_or_other,
ddd84e646ab0cdd38c0f283802f28ac361a412492f3872c7f489b95bb55d53af,calibration,glass,exposed:glass_recovery_validation_0004,9b707107c2d50634254375349c498218f549da231043f59ee124770219e88251,detour_complete,1,900,False,False,unrecorded_cap_or_other,12
ddd84e646ab0cdd38c0f283802f28ac361a412492f3872c7f489b95bb55d53af,calibration,glass,exposed:glass_recovery_validation_0004,9b707107c2d50634254375349c498218f549da231043f59ee124770219e88251,retreat_hold,1,80,False,False,unrecorded_cap_or_other,
ddd84e646ab0cdd38c0f283802f28ac361a412492f3872c7f489b95bb55d53af,calibration,offpath,exposed:glass_recovery_validation_0004,c8733b9bdfcb4d07e515789518e87a27ebcb98672fa8ca2f40c79865d75352d9,base_continue,1,67,True,False,success,
ddd84e646ab0cdd38c0f283802f28ac361a412492f3872c7f489b95bb55d53af,calibration,offpath,exposed:glass_recovery_validation_0004,c8733b9bdfcb4d07e515789518e87a27ebcb98672fa8ca2f40c79865d75352d9,detour_complete,1,900,False,False,unrecorded_cap_or_other,12
ddd84e646ab0cdd38c0f283802f28ac361a412492f3872c7f489b95bb55d53af,calibration,offpath,exposed:glass_recovery_validation_0004,c8733b9bdfcb4d07e515789518e87a27ebcb98672fa8ca2f40c79865d75352d9,retreat_hold,1,80,False,False,unrecorded_cap_or_other,
ddd84e646ab0cdd38c0f283802f28ac361a412492f3872c7f489b95bb55d53af,calibration,noglass,exposed:glass_recovery_validation_0004,0249d558ac40eb51e0e91e236e31b51736a3d76e94925f658f73fd82b8b9e6fc,base_continue,1,52,True,False,success,
ddd84e646ab0cdd38c0f283802f28ac361a412492f3872c7f489b95bb55d53af,calibration,noglass,exposed:glass_recovery_validation_0004,0249d558ac40eb51e0e91e236e31b51736a3d76e94925f658f73fd82b8b9e6fc,detour_complete,1,199,True,False,success,10
ddd84e646ab0cdd38c0f283802f28ac361a412492f3872c7f489b95bb55d53af,calibration,noglass,exposed:glass_recovery_validation_0004,0249d558ac40eb51e0e91e236e31b51736a3d76e94925f658f73fd82b8b9e6fc,retreat_hold,1,80,False,False,unrecorded_cap_or_other,
ddd84e646ab0cdd38c0f283802f28ac361a412492f3872c7f489b95bb55d53af,calibration,glass,exposed:glass_recovery_validation_0004,e8224960cedc6e77e1941ea600465c30f179778df1de39694fe492bdd87fc478,base_continue,1,220,False,False,unrecorded_cap_or_other,
ddd84e646ab0cdd38c0f283802f28ac361a412492f3872c7f489b95bb55d53af,calibration,glass,exposed:glass_recovery_validation_0004,e8224960cedc6e77e1941ea600465c30f179778df1de39694fe492bdd87fc478,detour_complete,1,900,False,False,unrecorded_cap_or_other,12
ddd84e646ab0cdd38c0f283802f28ac361a412492f3872c7f489b95bb55d53af,calibration,glass,exposed:glass_recovery_validation_0004,e8224960cedc6e77e1941ea600465c30f179778df1de39694fe492bdd87fc478,retreat_hold,1,80,False,False,unrecorded_cap_or_other,
ddd84e646ab0cdd38c0f283802f28ac361a412492f3872c7f489b95bb55d53af,calibration,offpath,exposed:glass_recovery_validation_0004,724e21d6f88cb9451630fa74d0b7a23e94b0dbc19c068bf2847245f11d2cec1c,base_continue,1,49,True,False,success,
ddd84e646ab0cdd38c0f283802f28ac361a412492f3872c7f489b95bb55d53af,calibration,offpath,exposed:glass_recovery_validation_0004,724e21d6f88cb9451630fa74d0b7a23e94b0dbc19c068bf2847245f11d2cec1c,detour_complete,1,900,False,False,unrecorded_cap_or_other,12
ddd84e646ab0cdd38c0f283802f28ac361a412492f3872c7f489b95bb55d53af,calibration,offpath,exposed:glass_recovery_validation_0004,724e21d6f88cb9451630fa74d0b7a23e94b0dbc19c068bf2847245f11d2cec1c,retreat_hold,1,80,False,False,unrecorded_cap_or_other,
ddd84e646ab0cdd38c0f283802f28ac361a412492f3872c7f489b95bb55d53af,calibration,noglass,exposed:glass_recovery_validation_0004,ca9d2a73ef6a295641892231cdf056d8f4d0f820d90adc99e49325b4a6f8a705,base_continue,1,42,True,False,success,
ddd84e646ab0cdd38c0f283802f28ac361a412492f3872c7f489b95bb55d53af,calibration,noglass,exposed:glass_recovery_validation_0004,ca9d2a73ef6a295641892231cdf056d8f4d0f820d90adc99e49325b4a6f8a705,detour_complete,1,207,True,False,success,10
ddd84e646ab0cdd38c0f283802f28ac361a412492f3872c7f489b95bb55d53af,calibration,noglass,exposed:glass_recovery_validation_0004,ca9d2a73ef6a295641892231cdf056d8f4d0f820d90adc99e49325b4a6f8a705,retreat_hold,1,80,False,False,unrecorded_cap_or_other,
ddd84e646ab0cdd38c0f283802f28ac361a412492f3872c7f489b95bb55d53af,calibration,glass,exposed:glass_recovery_validation_0004,d676d7f00df73c70ea46a7081d5ed7bd173e0f25bdca10346816f5bc0de73f25,base_continue,1,18,False,True,accident,
ddd84e646ab0cdd38c0f283802f28ac361a412492f3872c7f489b95bb55d53af,calibration,glass,exposed:glass_recovery_validation_0004,d676d7f00df73c70ea46a7081d5ed7bd173e0f25bdca10346816f5bc0de73f25,detour_complete,1,900,False,False,unrecorded_cap_or_other,12
ddd84e646ab0cdd38c0f283802f28ac361a412492f3872c7f489b95bb55d53af,calibration,glass,exposed:glass_recovery_validation_0004,d676d7f00df73c70ea46a7081d5ed7bd173e0f25bdca10346816f5bc0de73f25,retreat_hold,1,80,False,False,unrecorded_cap_or_other,
ddd84e646ab0cdd38c0f283802f28ac361a412492f3872c7f489b95bb55d53af,calibration,offpath,exposed:glass_recovery_validation_0004,eeeb651b897ee52acc70b576b61cae1207250e1c6cf082b2420fb3e56cce55ae,base_continue,1,38,True,False,success,
ddd84e646ab0cdd38c0f283802f28ac361a412492f3872c7f489b95bb55d53af,calibration,offpath,exposed:glass_recovery_validation_0004,eeeb651b897ee52acc70b576b61cae1207250e1c6cf082b2420fb3e56cce55ae,detour_complete,1,271,True,False,success,10
ddd84e646ab0cdd38c0f283802f28ac361a412492f3872c7f489b95bb55d53af,calibration,offpath,exposed:glass_recovery_validation_0004,eeeb651b897ee52acc70b576b61cae1207250e1c6cf082b2420fb3e56cce55ae,retreat_hold,1,80,False,False,unrecorded_cap_or_other,
ddd84e646ab0cdd38c0f283802f28ac361a412492f3872c7f489b95bb55d53af,calibration,noglass,exposed:glass_recovery_validation_0004,e6e76120adf4a1c5210d99a9c041369179afe2abe1cb15e3c7bfecca04005930,base_continue,1,38,True,False,success,
ddd84e646ab0cdd38c0f283802f28ac361a412492f3872c7f489b95bb55d53af,calibration,noglass,exposed:glass_recovery_validation_0004,e6e76120adf4a1c5210d99a9c041369179afe2abe1cb15e3c7bfecca04005930,detour_complete,1,219,True,False,success,10
ddd84e646ab0cdd38c0f283802f28ac361a412492f3872c7f489b95bb55d53af,calibration,noglass,exposed:glass_recovery_validation_0004,e6e76120adf4a1c5210d99a9c041369179afe2abe1cb15e3c7bfecca04005930,retreat_hold,1,80,False,False,unrecorded_cap_or_other,
ddd84e646ab0cdd38c0f283802f28ac361a412492f3872c7f489b95bb55d53af,calibration,glass,exposed:glass_recovery_validation_0004,f3f21705a8a475ac6d6fdb94aa461ae2b521d82d54bbd870af8d23c163aa3c37,base_continue,1,220,False,False,unrecorded_cap_or_other,
ddd84e646ab0cdd38c0f283802f28ac361a412492f3872c7f489b95bb55d53af,calibration,glass,exposed:glass_recovery_validation_0004,f3f21705a8a475ac6d6fdb94aa461ae2b521d82d54bbd870af8d23c163aa3c37,detour_complete,1,900,False,False,unrecorded_cap_or_other,12
ddd84e646ab0cdd38c0f283802f28ac361a412492f3872c7f489b95bb55d53af,calibration,glass,exposed:glass_recovery_validation_0004,f3f21705a8a475ac6d6fdb94aa461ae2b521d82d54bbd870af8d23c163aa3c37,retreat_hold,1,80,False,False,unrecorded_cap_or_other,
ddd84e646ab0cdd38c0f283802f28ac361a412492f3872c7f489b95bb55d53af,calibration,offpath,exposed:glass_recovery_validation_0004,88bdb0262c2dc0d919ffcc21878f5e49bb57ca08dd3d36612de218d9e3390f67,base_continue,1,220,False,False,unrecorded_cap_or_other,
ddd84e646ab0cdd38c0f283802f28ac361a412492f3872c7f489b95bb55d53af,calibration,offpath,exposed:glass_recovery_validation_0004,88bdb0262c2dc0d919ffcc21878f5e49bb57ca08dd3d36612de218d9e3390f67,detour_complete,1,900,False,False,unrecorded_cap_or_other,12
ddd84e646ab0cdd38c0f283802f28ac361a412492f3872c7f489b95bb55d53af,calibration,offpath,exposed:glass_recovery_validation_0004,88bdb0262c2dc0d919ffcc21878f5e49bb57ca08dd3d36612de218d9e3390f67,retreat_hold,1,80,False,False,unrecorded_cap_or_other,
ddd84e646ab0cdd38c0f283802f28ac361a412492f3872c7f489b95bb55d53af,calibration,noglass,exposed:glass_recovery_validation_0004,f9f81d4ec1291801bd60d73a44bd5248773051610454f3b61fc811a98d3b8174,base_continue,1,34,True,False,success,
ddd84e646ab0cdd38c0f283802f28ac361a412492f3872c7f489b95bb55d53af,calibration,noglass,exposed:glass_recovery_validation_0004,f9f81d4ec1291801bd60d73a44bd5248773051610454f3b61fc811a98d3b8174,detour_complete,1,900,False,False,unrecorded_cap_or_other,12
ddd84e646ab0cdd38c0f283802f28ac361a412492f3872c7f489b95bb55d53af,calibration,noglass,exposed:glass_recovery_validation_0004,f9f81d4ec1291801bd60d73a44bd5248773051610454f3b61fc811a98d3b8174,retreat_hold,1,80,False,False,unrecorded_cap_or_other,
ddd84e646ab0cdd38c0f283802f28ac361a412492f3872c7f489b95bb55d53af,calibration,glass,exposed:glass_recovery_validation_0004,3c207ba91856938dcf368df906dc419ed200a6b0afc8394018035d65d768f8f0,base_continue,1,5,False,True,accident,
ddd84e646ab0cdd38c0f283802f28ac361a412492f3872c7f489b95bb55d53af,calibration,glass,exposed:glass_recovery_validation_0004,3c207ba91856938dcf368df906dc419ed200a6b0afc8394018035d65d768f8f0,detour_complete,1,5,False,True,accident,0
ddd84e646ab0cdd38c0f283802f28ac361a412492f3872c7f489b95bb55d53af,calibration,glass,exposed:glass_recovery_validation_0004,3c207ba91856938dcf368df906dc419ed200a6b0afc8394018035d65d768f8f0,retreat_hold,1,5,False,True,accident,
ddd84e646ab0cdd38c0f283802f28ac361a412492f3872c7f489b95bb55d53af,calibration,offpath,exposed:glass_recovery_validation_0004,c9561295ce72167c0ca7853017d1b7f9e5b06f94f916c02e61fcbfb4b870b187,base_continue,1,220,False,False,unrecorded_cap_or_other,
ddd84e646ab0cdd38c0f283802f28ac361a412492f3872c7f489b95bb55d53af,calibration,offpath,exposed:glass_recovery_validation_0004,c9561295ce72167c0ca7853017d1b7f9e5b06f94f916c02e61fcbfb4b870b187,detour_complete,1,900,False,False,unrecorded_cap_or_other,11
ddd84e646ab0cdd38c0f283802f28ac361a412492f3872c7f489b95bb55d53af,calibration,offpath,exposed:glass_recovery_validation_0004,c9561295ce72167c0ca7853017d1b7f9e5b06f94f916c02e61fcbfb4b870b187,retreat_hold,1,80,False,False,unrecorded_cap_or_other,
ddd84e646ab0cdd38c0f283802f28ac361a412492f3872c7f489b95bb55d53af,calibration,noglass,exposed:glass_recovery_validation_0004,419c844339e951fe21f5e0236195cf4cb5a3c3a2a13bb0a7ce9cab8c16ac8f37,base_continue,1,220,False,False,unrecorded_cap_or_other,
ddd84e646ab0cdd38c0f283802f28ac361a412492f3872c7f489b95bb55d53af,calibration,noglass,exposed:glass_recovery_validation_0004,419c844339e951fe21f5e0236195cf4cb5a3c3a2a13bb0a7ce9cab8c16ac8f37,detour_complete,1,900,False,False,unrecorded_cap_or_other,12
ddd84e646ab0cdd38c0f283802f28ac361a412492f3872c7f489b95bb55d53af,calibration,noglass,exposed:glass_recovery_validation_0004,419c844339e951fe21f5e0236195cf4cb5a3c3a2a13bb0a7ce9cab8c16ac8f37,retreat_hold,1,80,False,False,unrecorded_cap_or_other,
6292759eb45913ce4ed8447194504833f347d9355012e3228775797a4b0a7cd1,development,glass,fresh:glass_recovery_heldout_0000,985cbb95962a4a4693652b917048f4efaa1e748f2b8100847bc5151c1172ef92,base_continue,1,158,False,True,accident,
6292759eb45913ce4ed8447194504833f347d9355012e3228775797a4b0a7cd1,development,glass,fresh:glass_recovery_heldout_0000,985cbb95962a4a4693652b917048f4efaa1e748f2b8100847bc5151c1172ef92,detour_complete,1,210,True,False,success,10
6292759eb45913ce4ed8447194504833f347d9355012e3228775797a4b0a7cd1,development,glass,fresh:glass_recovery_heldout_0000,985cbb95962a4a4693652b917048f4efaa1e748f2b8100847bc5151c1172ef92,retreat_hold,1,80,False,False,unrecorded_cap_or_other,
6292759eb45913ce4ed8447194504833f347d9355012e3228775797a4b0a7cd1,development,offpath,fresh:glass_recovery_heldout_0000,a57bec0615da35e49bb7cb4da4194fd4624f7a26144bbcecc0b5633edb884258,base_continue,1,74,True,False,success,
6292759eb45913ce4ed8447194504833f347d9355012e3228775797a4b0a7cd1,development,offpath,fresh:glass_recovery_heldout_0000,a57bec0615da35e49bb7cb4da4194fd4624f7a26144bbcecc0b5633edb884258,detour_complete,1,168,True,False,success,10
6292759eb45913ce4ed8447194504833f347d9355012e3228775797a4b0a7cd1,development,offpath,fresh:glass_recovery_heldout_0000,a57bec0615da35e49bb7cb4da4194fd4624f7a26144bbcecc0b5633edb884258,retreat_hold,1,80,False,False,unrecorded_cap_or_other,
6292759eb45913ce4ed8447194504833f347d9355012e3228775797a4b0a7cd1,development,noglass,fresh:glass_recovery_heldout_0000,4161a922e249b91109ac5c4edbc515c6533854493fcf97ceb4335959edfd07cb,base_continue,1,72,True,False,success,
6292759eb45913ce4ed8447194504833f347d9355012e3228775797a4b0a7cd1,development,noglass,fresh:glass_recovery_heldout_0000,4161a922e249b91109ac5c4edbc515c6533854493fcf97ceb4335959edfd07cb,detour_complete,1,208,True,False,success,10
6292759eb45913ce4ed8447194504833f347d9355012e3228775797a4b0a7cd1,development,noglass,fresh:glass_recovery_heldout_0000,4161a922e249b91109ac5c4edbc515c6533854493fcf97ceb4335959edfd07cb,retreat_hold,1,80,False,False,unrecorded_cap_or_other,
6292759eb45913ce4ed8447194504833f347d9355012e3228775797a4b0a7cd1,development,glass,fresh:glass_recovery_heldout_0000,c5b15b496b0763c6a89c99fe87388801dd849c1eec3d44c4b0b452d784da7363,base_continue,1,19,False,True,accident,
6292759eb45913ce4ed8447194504833f347d9355012e3228775797a4b0a7cd1,development,glass,fresh:glass_recovery_heldout_0000,c5b15b496b0763c6a89c99fe87388801dd849c1eec3d44c4b0b452d784da7363,detour_complete,1,168,True,False,success,10
6292759eb45913ce4ed8447194504833f347d9355012e3228775797a4b0a7cd1,development,glass,fresh:glass_recovery_heldout_0000,c5b15b496b0763c6a89c99fe87388801dd849c1eec3d44c4b0b452d784da7363,retreat_hold,1,80,False,False,unrecorded_cap_or_other,
6292759eb45913ce4ed8447194504833f347d9355012e3228775797a4b0a7cd1,development,offpath,fresh:glass_recovery_heldout_0000,623a24255355f6cbbd9cf771d59a3f7bdedb2eab2e76a33996eec56e0f5ca81f,base_continue,1,61,True,False,success,
6292759eb45913ce4ed8447194504833f347d9355012e3228775797a4b0a7cd1,development,offpath,fresh:glass_recovery_heldout_0000,623a24255355f6cbbd9cf771d59a3f7bdedb2eab2e76a33996eec56e0f5ca81f,detour_complete,1,169,True,False,success,10
6292759eb45913ce4ed8447194504833f347d9355012e3228775797a4b0a7cd1,development,offpath,fresh:glass_recovery_heldout_0000,623a24255355f6cbbd9cf771d59a3f7bdedb2eab2e76a33996eec56e0f5ca81f,retreat_hold,1,80,False,False,unrecorded_cap_or_other,
6292759eb45913ce4ed8447194504833f347d9355012e3228775797a4b0a7cd1,development,noglass,fresh:glass_recovery_heldout_0000,761517ff65a477a1b59c8e3db07fb6a0af952d119030de7b7eac120bae7cb1a3,base_continue,1,58,True,False,success,
6292759eb45913ce4ed8447194504833f347d9355012e3228775797a4b0a7cd1,development,noglass,fresh:glass_recovery_heldout_0000,761517ff65a477a1b59c8e3db07fb6a0af952d119030de7b7eac120bae7cb1a3,detour_complete,1,167,True,False,success,10
6292759eb45913ce4ed8447194504833f347d9355012e3228775797a4b0a7cd1,development,noglass,fresh:glass_recovery_heldout_0000,761517ff65a477a1b59c8e3db07fb6a0af952d119030de7b7eac120bae7cb1a3,retreat_hold,1,80,False,False,unrecorded_cap_or_other,
6292759eb45913ce4ed8447194504833f347d9355012e3228775797a4b0a7cd1,development,glass,fresh:glass_recovery_heldout_0000,33e471e6525f09bc12523d8cfbd7783d07363c487bb2ab155cc45ff11119f30b,base_continue,1,15,False,True,accident,
6292759eb45913ce4ed8447194504833f347d9355012e3228775797a4b0a7cd1,development,glass,fresh:glass_recovery_heldout_0000,33e471e6525f09bc12523d8cfbd7783d07363c487bb2ab155cc45ff11119f30b,detour_complete,1,177,True,False,success,10
6292759eb45913ce4ed8447194504833f347d9355012e3228775797a4b0a7cd1,development,glass,fresh:glass_recovery_heldout_0000,33e471e6525f09bc12523d8cfbd7783d07363c487bb2ab155cc45ff11119f30b,retreat_hold,1,80,False,False,unrecorded_cap_or_other,
6292759eb45913ce4ed8447194504833f347d9355012e3228775797a4b0a7cd1,development,offpath,fresh:glass_recovery_heldout_0000,bd8afe4507ec511fd65edad1ccc6e33463a7d66f8ddf39fe94ca10fab601615a,base_continue,1,52,True,False,success,
6292759eb45913ce4ed8447194504833f347d9355012e3228775797a4b0a7cd1,development,offpath,fresh:glass_recovery_heldout_0000,bd8afe4507ec511fd65edad1ccc6e33463a7d66f8ddf39fe94ca10fab601615a,detour_complete,1,188,True,False,success,10
6292759eb45913ce4ed8447194504833f347d9355012e3228775797a4b0a7cd1,development,offpath,fresh:glass_recovery_heldout_0000,bd8afe4507ec511fd65edad1ccc6e33463a7d66f8ddf39fe94ca10fab601615a,retreat_hold,1,80,False,False,unrecorded_cap_or_other,
6292759eb45913ce4ed8447194504833f347d9355012e3228775797a4b0a7cd1,development,noglass,fresh:glass_recovery_heldout_0000,a9f74b3c7a31cf1be0dbc26f2b0510c2d117d290f5724019b696e2215f0cd2c8,base_continue,1,56,True,False,success,
6292759eb45913ce4ed8447194504833f347d9355012e3228775797a4b0a7cd1,development,noglass,fresh:glass_recovery_heldout_0000,a9f74b3c7a31cf1be0dbc26f2b0510c2d117d290f5724019b696e2215f0cd2c8,detour_complete,1,184,True,False,success,10
6292759eb45913ce4ed8447194504833f347d9355012e3228775797a4b0a7cd1,development,noglass,fresh:glass_recovery_heldout_0000,a9f74b3c7a31cf1be0dbc26f2b0510c2d117d290f5724019b696e2215f0cd2c8,retreat_hold,1,80,False,False,unrecorded_cap_or_other,
6292759eb45913ce4ed8447194504833f347d9355012e3228775797a4b0a7cd1,development,glass,fresh:glass_recovery_heldout_0000,ffe18941bba4a481b2e394aea53d81513dc7d59f5fbf0901e78e76a5675aa9a1,base_continue,1,60,False,True,accident,
6292759eb45913ce4ed8447194504833f347d9355012e3228775797a4b0a7cd1,development,glass,fresh:glass_recovery_heldout_0000,ffe18941bba4a481b2e394aea53d81513dc7d59f5fbf0901e78e76a5675aa9a1,detour_complete,1,203,True,False,success,10
6292759eb45913ce4ed8447194504833f347d9355012e3228775797a4b0a7cd1,development,glass,fresh:glass_recovery_heldout_0000,ffe18941bba4a481b2e394aea53d81513dc7d59f5fbf0901e78e76a5675aa9a1,retreat_hold,1,80,False,False,unrecorded_cap_or_other,
6292759eb45913ce4ed8447194504833f347d9355012e3228775797a4b0a7cd1,development,offpath,fresh:glass_recovery_heldout_0000,ca2c45a6b953b3cc4717d490e2a1b8c2d9130ae687169562d6e154c72865652b,base_continue,1,37,True,False,success,
6292759eb45913ce4ed8447194504833f347d9355012e3228775797a4b0a7cd1,development,offpath,fresh:glass_recovery_heldout_0000,ca2c45a6b953b3cc4717d490e2a1b8c2d9130ae687169562d6e154c72865652b,detour_complete,1,193,True,False,success,10
6292759eb45913ce4ed8447194504833f347d9355012e3228775797a4b0a7cd1,development,offpath,fresh:glass_recovery_heldout_0000,ca2c45a6b953b3cc4717d490e2a1b8c2d9130ae687169562d6e154c72865652b,retreat_hold,1,80,False,False,unrecorded_cap_or_other,
6292759eb45913ce4ed8447194504833f347d9355012e3228775797a4b0a7cd1,development,noglass,fresh:glass_recovery_heldout_0000,c68aea4a4c9de8928c81a04e449242495d16d3211ee4ca1314bc5ccef4338309,base_continue,1,36,True,False,success,
6292759eb45913ce4ed8447194504833f347d9355012e3228775797a4b0a7cd1,development,noglass,fresh:glass_recovery_heldout_0000,c68aea4a4c9de8928c81a04e449242495d16d3211ee4ca1314bc5ccef4338309,detour_complete,1,231,True,False,success,10
6292759eb45913ce4ed8447194504833f347d9355012e3228775797a4b0a7cd1,development,noglass,fresh:glass_recovery_heldout_0000,c68aea4a4c9de8928c81a04e449242495d16d3211ee4ca1314bc5ccef4338309,retreat_hold,1,80,False,False,unrecorded_cap_or_other,
b830bede73f505b84b88a6596e92c22a5a4c0ded1e275e8e5b28a599849d2df6,development,glass,fresh:glass_recovery_heldout_0002,32b5544e6719face4a450ed0f14bbadf31d102762175fcb56c9e35f840fbd3f9,base_continue,1,61,False,True,accident,
b830bede73f505b84b88a6596e92c22a5a4c0ded1e275e8e5b28a599849d2df6,development,glass,fresh:glass_recovery_heldout_0002,32b5544e6719face4a450ed0f14bbadf31d102762175fcb56c9e35f840fbd3f9,detour_complete,1,900,False,False,unrecorded_cap_or_other,12
b830bede73f505b84b88a6596e92c22a5a4c0ded1e275e8e5b28a599849d2df6,development,glass,fresh:glass_recovery_heldout_0002,32b5544e6719face4a450ed0f14bbadf31d102762175fcb56c9e35f840fbd3f9,retreat_hold,1,80,False,False,unrecorded_cap_or_other,
b830bede73f505b84b88a6596e92c22a5a4c0ded1e275e8e5b28a599849d2df6,development,offpath,fresh:glass_recovery_heldout_0002,1fe829f2dc1453be1232065b3e864089cf5a8e0a25f39fc0c6036f0262c999ea,base_continue,1,77,True,False,success,
b830bede73f505b84b88a6596e92c22a5a4c0ded1e275e8e5b28a599849d2df6,development,offpath,fresh:glass_recovery_heldout_0002,1fe829f2dc1453be1232065b3e864089cf5a8e0a25f39fc0c6036f0262c999ea,detour_complete,1,174,True,False,success,10
b830bede73f505b84b88a6596e92c22a5a4c0ded1e275e8e5b28a599849d2df6,development,offpath,fresh:glass_recovery_heldout_0002,1fe829f2dc1453be1232065b3e864089cf5a8e0a25f39fc0c6036f0262c999ea,retreat_hold,1,80,False,False,unrecorded_cap_or_other,
b830bede73f505b84b88a6596e92c22a5a4c0ded1e275e8e5b28a599849d2df6,development,noglass,fresh:glass_recovery_heldout_0002,6f2060f46e6843b21187465c8fc88d7cde463fa2b905feece43176984d90102c,base_continue,1,81,True,False,success,
b830bede73f505b84b88a6596e92c22a5a4c0ded1e275e8e5b28a599849d2df6,development,noglass,fresh:glass_recovery_heldout_0002,6f2060f46e6843b21187465c8fc88d7cde463fa2b905feece43176984d90102c,detour_complete,1,900,False,False,unrecorded_cap_or_other,12
b830bede73f505b84b88a6596e92c22a5a4c0ded1e275e8e5b28a599849d2df6,development,noglass,fresh:glass_recovery_heldout_0002,6f2060f46e6843b21187465c8fc88d7cde463fa2b905feece43176984d90102c,retreat_hold,1,80,False,False,unrecorded_cap_or_other,
b830bede73f505b84b88a6596e92c22a5a4c0ded1e275e8e5b28a599849d2df6,development,glass,fresh:glass_recovery_heldout_0002,3a5716cb1a3456f401fa12ded22ce3ab75afd1ea905d03849d4d5bc4d39342a7,base_continue,1,220,False,False,unrecorded_cap_or_other,
b830bede73f505b84b88a6596e92c22a5a4c0ded1e275e8e5b28a599849d2df6,development,glass,fresh:glass_recovery_heldout_0002,3a5716cb1a3456f401fa12ded22ce3ab75afd1ea905d03849d4d5bc4d39342a7,detour_complete,1,900,False,False,unrecorded_cap_or_other,12
b830bede73f505b84b88a6596e92c22a5a4c0ded1e275e8e5b28a599849d2df6,development,glass,fresh:glass_recovery_heldout_0002,3a5716cb1a3456f401fa12ded22ce3ab75afd1ea905d03849d4d5bc4d39342a7,retreat_hold,1,80,False,False,unrecorded_cap_or_other,
b830bede73f505b84b88a6596e92c22a5a4c0ded1e275e8e5b28a599849d2df6,development,offpath,fresh:glass_recovery_heldout_0002,889660e593fcd71286b899384a3edccbfa71b21d925a2a6635f0706fcfbcb069,base_continue,1,71,True,False,success,
b830bede73f505b84b88a6596e92c22a5a4c0ded1e275e8e5b28a599849d2df6,development,offpath,fresh:glass_recovery_heldout_0002,889660e593fcd71286b899384a3edccbfa71b21d925a2a6635f0706fcfbcb069,detour_complete,1,174,True,False,success,10
b830bede73f505b84b88a6596e92c22a5a4c0ded1e275e8e5b28a599849d2df6,development,offpath,fresh:glass_recovery_heldout_0002,889660e593fcd71286b899384a3edccbfa71b21d925a2a6635f0706fcfbcb069,retreat_hold,1,80,False,False,unrecorded_cap_or_other,
b830bede73f505b84b88a6596e92c22a5a4c0ded1e275e8e5b28a599849d2df6,development,noglass,fresh:glass_recovery_heldout_0002,0425e8cd81e196c4040705fede9fe741b38fd76acb2e814113f295c95403a04e,base_continue,1,68,True,False,success,
b830bede73f505b84b88a6596e92c22a5a4c0ded1e275e8e5b28a599849d2df6,development,noglass,fresh:glass_recovery_heldout_0002,0425e8cd81e196c4040705fede9fe741b38fd76acb2e814113f295c95403a04e,detour_complete,1,900,False,False,unrecorded_cap_or_other,12
b830bede73f505b84b88a6596e92c22a5a4c0ded1e275e8e5b28a599849d2df6,development,noglass,fresh:glass_recovery_heldout_0002,0425e8cd81e196c4040705fede9fe741b38fd76acb2e814113f295c95403a04e,retreat_hold,1,80,False,False,unrecorded_cap_or_other,
b830bede73f505b84b88a6596e92c22a5a4c0ded1e275e8e5b28a599849d2df6,development,glass,fresh:glass_recovery_heldout_0002,8d5236d2d1594e13417fddc71150dc210e0ed5241805c788417fd56001793cb7,base_continue,1,21,False,True,accident,
b830bede73f505b84b88a6596e92c22a5a4c0ded1e275e8e5b28a599849d2df6,development,glass,fresh:glass_recovery_heldout_0002,8d5236d2d1594e13417fddc71150dc210e0ed5241805c788417fd56001793cb7,detour_complete,1,72,False,True,accident,6
b830bede73f505b84b88a6596e92c22a5a4c0ded1e275e8e5b28a599849d2df6,development,glass,fresh:glass_recovery_heldout_0002,8d5236d2d1594e13417fddc71150dc210e0ed5241805c788417fd56001793cb7,retreat_hold,1,80,False,False,unrecorded_cap_or_other,
b830bede73f505b84b88a6596e92c22a5a4c0ded1e275e8e5b28a599849d2df6,development,offpath,fresh:glass_recovery_heldout_0002,e7acf23862f94eefb137c9f9a65288f970e4259e60f59576824a963d1d7f1704,base_continue,1,53,True,False,success,
b830bede73f505b84b88a6596e92c22a5a4c0ded1e275e8e5b28a599849d2df6,development,offpath,fresh:glass_recovery_heldout_0002,e7acf23862f94eefb137c9f9a65288f970e4259e60f59576824a963d1d7f1704,detour_complete,1,182,True,False,success,10
b830bede73f505b84b88a6596e92c22a5a4c0ded1e275e8e5b28a599849d2df6,development,offpath,fresh:glass_recovery_heldout_0002,e7acf23862f94eefb137c9f9a65288f970e4259e60f59576824a963d1d7f1704,retreat_hold,1,80,False,False,unrecorded_cap_or_other,
b830bede73f505b84b88a6596e92c22a5a4c0ded1e275e8e5b28a599849d2df6,development,noglass,fresh:glass_recovery_heldout_0002,89fe0e23b6b28f4af741ce3679e48066e6ff2017fd574be0fd1fbc6a77ab821f,base_continue,1,57,True,False,success,
b830bede73f505b84b88a6596e92c22a5a4c0ded1e275e8e5b28a599849d2df6,development,noglass,fresh:glass_recovery_heldout_0002,89fe0e23b6b28f4af741ce3679e48066e6ff2017fd574be0fd1fbc6a77ab821f,detour_complete,1,165,True,False,success,10
b830bede73f505b84b88a6596e92c22a5a4c0ded1e275e8e5b28a599849d2df6,development,noglass,fresh:glass_recovery_heldout_0002,89fe0e23b6b28f4af741ce3679e48066e6ff2017fd574be0fd1fbc6a77ab821f,retreat_hold,1,80,False,False,unrecorded_cap_or_other,
b830bede73f505b84b88a6596e92c22a5a4c0ded1e275e8e5b28a599849d2df6,development,glass,fresh:glass_recovery_heldout_0002,e450e2a600d320eb52bb8e3b717da31fe64f2685b79552107256d1cf2ee45351,base_continue,1,10,False,True,accident,
b830bede73f505b84b88a6596e92c22a5a4c0ded1e275e8e5b28a599849d2df6,development,glass,fresh:glass_recovery_heldout_0002,e450e2a600d320eb52bb8e3b717da31fe64f2685b79552107256d1cf2ee45351,detour_complete,1,81,False,True,accident,6
b830bede73f505b84b88a6596e92c22a5a4c0ded1e275e8e5b28a599849d2df6,development,glass,fresh:glass_recovery_heldout_0002,e450e2a600d320eb52bb8e3b717da31fe64f2685b79552107256d1cf2ee45351,retreat_hold,1,80,False,False,unrecorded_cap_or_other,
b830bede73f505b84b88a6596e92c22a5a4c0ded1e275e8e5b28a599849d2df6,development,offpath,fresh:glass_recovery_heldout_0002,1c93ed108106187e2e57fddaabd3a5d0bcad9adfb45d5056bfe9113a458f542c,base_continue,1,45,True,False,success,
b830bede73f505b84b88a6596e92c22a5a4c0ded1e275e8e5b28a599849d2df6,development,offpath,fresh:glass_recovery_heldout_0002,1c93ed108106187e2e57fddaabd3a5d0bcad9adfb45d5056bfe9113a458f542c,detour_complete,1,193,True,False,success,10
b830bede73f505b84b88a6596e92c22a5a4c0ded1e275e8e5b28a599849d2df6,development,offpath,fresh:glass_recovery_heldout_0002,1c93ed108106187e2e57fddaabd3a5d0bcad9adfb45d5056bfe9113a458f542c,retreat_hold,1,80,False,False,unrecorded_cap_or_other,
b830bede73f505b84b88a6596e92c22a5a4c0ded1e275e8e5b28a599849d2df6,development,noglass,fresh:glass_recovery_heldout_0002,55029e83207354680f6699eb4c9fb40610fdfe033eaf00bfdedb568564e0a9f8,base_continue,1,48,True,False,success,
b830bede73f505b84b88a6596e92c22a5a4c0ded1e275e8e5b28a599849d2df6,development,noglass,fresh:glass_recovery_heldout_0002,55029e83207354680f6699eb4c9fb40610fdfe033eaf00bfdedb568564e0a9f8,detour_complete,1,183,True,False,success,10
b830bede73f505b84b88a6596e92c22a5a4c0ded1e275e8e5b28a599849d2df6,development,noglass,fresh:glass_recovery_heldout_0002,55029e83207354680f6699eb4c9fb40610fdfe033eaf00bfdedb568564e0a9f8,retreat_hold,1,80,False,False,unrecorded_cap_or_other,
b830bede73f505b84b88a6596e92c22a5a4c0ded1e275e8e5b28a599849d2df6,development,glass,fresh:glass_recovery_heldout_0002,f3149150b547fe6bf8f1cdd5c78dbc33109dbb4ee95ffe2807dce34ded9aa7b3,base_continue,1,5,False,True,accident,
b830bede73f505b84b88a6596e92c22a5a4c0ded1e275e8e5b28a599849d2df6,development,glass,fresh:glass_recovery_heldout_0002,f3149150b547fe6bf8f1cdd5c78dbc33109dbb4ee95ffe2807dce34ded9aa7b3,detour_complete,1,103,False,True,accident,6
b830bede73f505b84b88a6596e92c22a5a4c0ded1e275e8e5b28a599849d2df6,development,glass,fresh:glass_recovery_heldout_0002,f3149150b547fe6bf8f1cdd5c78dbc33109dbb4ee95ffe2807dce34ded9aa7b3,retreat_hold,1,80,False,False,unrecorded_cap_or_other,
b830bede73f505b84b88a6596e92c22a5a4c0ded1e275e8e5b28a599849d2df6,development,offpath,fresh:glass_recovery_heldout_0002,68dd85bdc8f913910c19d7a35356b0f180b99a27c48f5a2a51f510b331c4add6,base_continue,1,35,True,False,success,
b830bede73f505b84b88a6596e92c22a5a4c0ded1e275e8e5b28a599849d2df6,development,offpath,fresh:glass_recovery_heldout_0002,68dd85bdc8f913910c19d7a35356b0f180b99a27c48f5a2a51f510b331c4add6,detour_complete,1,900,False,False,unrecorded_cap_or_other,12
b830bede73f505b84b88a6596e92c22a5a4c0ded1e275e8e5b28a599849d2df6,development,offpath,fresh:glass_recovery_heldout_0002,68dd85bdc8f913910c19d7a35356b0f180b99a27c48f5a2a51f510b331c4add6,retreat_hold,1,19,False,True,accident,
b830bede73f505b84b88a6596e92c22a5a4c0ded1e275e8e5b28a599849d2df6,development,noglass,fresh:glass_recovery_heldout_0002,7cc66a27ce2971b4dd170aa8f8b415751cf10acaf0a4eb4a2ac10682c2b9dda6,base_continue,1,33,True,False,success,
b830bede73f505b84b88a6596e92c22a5a4c0ded1e275e8e5b28a599849d2df6,development,noglass,fresh:glass_recovery_heldout_0002,7cc66a27ce2971b4dd170aa8f8b415751cf10acaf0a4eb4a2ac10682c2b9dda6,detour_complete,1,900,False,False,unrecorded_cap_or_other,12
b830bede73f505b84b88a6596e92c22a5a4c0ded1e275e8e5b28a599849d2df6,development,noglass,fresh:glass_recovery_heldout_0002,7cc66a27ce2971b4dd170aa8f8b415751cf10acaf0a4eb4a2ac10682c2b9dda6,retreat_hold,1,80,False,False,unrecorded_cap_or_other,
b830bede73f505b84b88a6596e92c22a5a4c0ded1e275e8e5b28a599849d2df6,development,glass,fresh:glass_recovery_heldout_0003,e3f89aaf62918f6b1bb333aec30f6a0d15694653cd9d5b69799f3c37da1d4521,base_continue,1,43,False,True,accident,
b830bede73f505b84b88a6596e92c22a5a4c0ded1e275e8e5b28a599849d2df6,development,glass,fresh:glass_recovery_heldout_0003,e3f89aaf62918f6b1bb333aec30f6a0d15694653cd9d5b69799f3c37da1d4521,detour_complete,1,900,False,False,unrecorded_cap_or_other,12
b830bede73f505b84b88a6596e92c22a5a4c0ded1e275e8e5b28a599849d2df6,development,glass,fresh:glass_recovery_heldout_0003,e3f89aaf62918f6b1bb333aec30f6a0d15694653cd9d5b69799f3c37da1d4521,retreat_hold,1,80,False,False,unrecorded_cap_or_other,
b830bede73f505b84b88a6596e92c22a5a4c0ded1e275e8e5b28a599849d2df6,development,offpath,fresh:glass_recovery_heldout_0003,f7fa39ff67717d07e0cd07a35c9dab3c5ce395be4d1f69dc765aa831b71f9908,base_continue,1,85,True,False,success,
b830bede73f505b84b88a6596e92c22a5a4c0ded1e275e8e5b28a599849d2df6,development,offpath,fresh:glass_recovery_heldout_0003,f7fa39ff67717d07e0cd07a35c9dab3c5ce395be4d1f69dc765aa831b71f9908,detour_complete,1,450,True,False,success,10
b830bede73f505b84b88a6596e92c22a5a4c0ded1e275e8e5b28a599849d2df6,development,offpath,fresh:glass_recovery_heldout_0003,f7fa39ff67717d07e0cd07a35c9dab3c5ce395be4d1f69dc765aa831b71f9908,retreat_hold,1,80,False,False,unrecorded_cap_or_other,
b830bede73f505b84b88a6596e92c22a5a4c0ded1e275e8e5b28a599849d2df6,development,noglass,fresh:glass_recovery_heldout_0003,d27769f317fe51e3b19ce34f9100076e16f3e0414039da45fa2fa354006635dd,base_continue,1,83,True,False,success,
b830bede73f505b84b88a6596e92c22a5a4c0ded1e275e8e5b28a599849d2df6,development,noglass,fresh:glass_recovery_heldout_0003,d27769f317fe51e3b19ce34f9100076e16f3e0414039da45fa2fa354006635dd,detour_complete,1,900,False,False,unrecorded_cap_or_other,12
b830bede73f505b84b88a6596e92c22a5a4c0ded1e275e8e5b28a599849d2df6,development,noglass,fresh:glass_recovery_heldout_0003,d27769f317fe51e3b19ce34f9100076e16f3e0414039da45fa2fa354006635dd,retreat_hold,1,80,False,False,unrecorded_cap_or_other,
b830bede73f505b84b88a6596e92c22a5a4c0ded1e275e8e5b28a599849d2df6,development,glass,fresh:glass_recovery_heldout_0003,48ec667bf31410df345f249ab70b71681cda9dc68bae3a5c0916e2f7d4d3a2f8,base_continue,1,30,False,True,accident,
b830bede73f505b84b88a6596e92c22a5a4c0ded1e275e8e5b28a599849d2df6,development,glass,fresh:glass_recovery_heldout_0003,48ec667bf31410df345f249ab70b71681cda9dc68bae3a5c0916e2f7d4d3a2f8,detour_complete,1,900,False,False,unrecorded_cap_or_other,12
b830bede73f505b84b88a6596e92c22a5a4c0ded1e275e8e5b28a599849d2df6,development,glass,fresh:glass_recovery_heldout_0003,48ec667bf31410df345f249ab70b71681cda9dc68bae3a5c0916e2f7d4d3a2f8,retreat_hold,1,80,False,False,unrecorded_cap_or_other,
b830bede73f505b84b88a6596e92c22a5a4c0ded1e275e8e5b28a599849d2df6,development,offpath,fresh:glass_recovery_heldout_0003,28c291020aee739dc890a38f7576320a1bee1717f4522c4bc5b68c7b67b3604b,base_continue,1,78,True,False,success,
b830bede73f505b84b88a6596e92c22a5a4c0ded1e275e8e5b28a599849d2df6,development,offpath,fresh:glass_recovery_heldout_0003,28c291020aee739dc890a38f7576320a1bee1717f4522c4bc5b68c7b67b3604b,detour_complete,1,453,True,False,success,10
b830bede73f505b84b88a6596e92c22a5a4c0ded1e275e8e5b28a599849d2df6,development,offpath,fresh:glass_recovery_heldout_0003,28c291020aee739dc890a38f7576320a1bee1717f4522c4bc5b68c7b67b3604b,retreat_hold,1,80,False,False,unrecorded_cap_or_other,
b830bede73f505b84b88a6596e92c22a5a4c0ded1e275e8e5b28a599849d2df6,development,noglass,fresh:glass_recovery_heldout_0003,ac7ac7ab2c8b3da98fd0d7a4e6578fecb4f24c1f12b2c1fea336ceed2256e4ab,base_continue,1,72,True,False,success,
b830bede73f505b84b88a6596e92c22a5a4c0ded1e275e8e5b28a599849d2df6,development,noglass,fresh:glass_recovery_heldout_0003,ac7ac7ab2c8b3da98fd0d7a4e6578fecb4f24c1f12b2c1fea336ceed2256e4ab,detour_complete,1,900,False,False,unrecorded_cap_or_other,12
b830bede73f505b84b88a6596e92c22a5a4c0ded1e275e8e5b28a599849d2df6,development,noglass,fresh:glass_recovery_heldout_0003,ac7ac7ab2c8b3da98fd0d7a4e6578fecb4f24c1f12b2c1fea336ceed2256e4ab,retreat_hold,1,80,False,False,unrecorded_cap_or_other,
b830bede73f505b84b88a6596e92c22a5a4c0ded1e275e8e5b28a599849d2df6,development,glass,fresh:glass_recovery_heldout_0003,4237f493165f93661c61663c67e2aad7c986f4293d3b1b1520c190fded0f68cf,base_continue,1,20,False,True,accident,
b830bede73f505b84b88a6596e92c22a5a4c0ded1e275e8e5b28a599849d2df6,development,glass,fresh:glass_recovery_heldout_0003,4237f493165f93661c61663c67e2aad7c986f4293d3b1b1520c190fded0f68cf,detour_complete,1,72,False,True,accident,6
b830bede73f505b84b88a6596e92c22a5a4c0ded1e275e8e5b28a599849d2df6,development,glass,fresh:glass_recovery_heldout_0003,4237f493165f93661c61663c67e2aad7c986f4293d3b1b1520c190fded0f68cf,retreat_hold,1,80,False,False,unrecorded_cap_or_other,
b830bede73f505b84b88a6596e92c22a5a4c0ded1e275e8e5b28a599849d2df6,development,offpath,fresh:glass_recovery_heldout_0003,8f458822c82253f7c03715364c65d91b335f3f404577c5981363192c295d2629,base_continue,1,68,True,False,success,
b830bede73f505b84b88a6596e92c22a5a4c0ded1e275e8e5b28a599849d2df6,development,offpath,fresh:glass_recovery_heldout_0003,8f458822c82253f7c03715364c65d91b335f3f404577c5981363192c295d2629,detour_complete,1,446,True,False,success,10
b830bede73f505b84b88a6596e92c22a5a4c0ded1e275e8e5b28a599849d2df6,development,offpath,fresh:glass_recovery_heldout_0003,8f458822c82253f7c03715364c65d91b335f3f404577c5981363192c295d2629,retreat_hold,1,80,False,False,unrecorded_cap_or_other,
b830bede73f505b84b88a6596e92c22a5a4c0ded1e275e8e5b28a599849d2df6,development,noglass,fresh:glass_recovery_heldout_0003,5ec7d22977d51b192e4c9cb41db3e54a4df3082621d9d0e0cf8ed45d0e31fba9,base_continue,1,64,True,False,success,
b830bede73f505b84b88a6596e92c22a5a4c0ded1e275e8e5b28a599849d2df6,development,noglass,fresh:glass_recovery_heldout_0003,5ec7d22977d51b192e4c9cb41db3e54a4df3082621d9d0e0cf8ed45d0e31fba9,detour_complete,1,900,False,False,unrecorded_cap_or_other,12
b830bede73f505b84b88a6596e92c22a5a4c0ded1e275e8e5b28a599849d2df6,development,noglass,fresh:glass_recovery_heldout_0003,5ec7d22977d51b192e4c9cb41db3e54a4df3082621d9d0e0cf8ed45d0e31fba9,retreat_hold,1,80,False,False,unrecorded_cap_or_other,
b830bede73f505b84b88a6596e92c22a5a4c0ded1e275e8e5b28a599849d2df6,development,glass,fresh:glass_recovery_heldout_0003,9bdd0920927a26b060cf70ca4890716f3f989358374c2e492c17ee4cc3816caf,base_continue,1,16,False,True,accident,
b830bede73f505b84b88a6596e92c22a5a4c0ded1e275e8e5b28a599849d2df6,development,glass,fresh:glass_recovery_heldout_0003,9bdd0920927a26b060cf70ca4890716f3f989358374c2e492c17ee4cc3816caf,detour_complete,1,78,False,True,accident,6
b830bede73f505b84b88a6596e92c22a5a4c0ded1e275e8e5b28a599849d2df6,development,glass,fresh:glass_recovery_heldout_0003,9bdd0920927a26b060cf70ca4890716f3f989358374c2e492c17ee4cc3816caf,retreat_hold,1,80,False,False,unrecorded_cap_or_other,
b830bede73f505b84b88a6596e92c22a5a4c0ded1e275e8e5b28a599849d2df6,development,offpath,fresh:glass_recovery_heldout_0003,70c62d8be41a7fea34c92b481f0095934f4a77ea5d087b5d4c77665c77b52236,base_continue,1,65,True,False,success,
b830bede73f505b84b88a6596e92c22a5a4c0ded1e275e8e5b28a599849d2df6,development,offpath,fresh:glass_recovery_heldout_0003,70c62d8be41a7fea34c92b481f0095934f4a77ea5d087b5d4c77665c77b52236,detour_complete,1,453,True,False,success,10
b830bede73f505b84b88a6596e92c22a5a4c0ded1e275e8e5b28a599849d2df6,development,offpath,fresh:glass_recovery_heldout_0003,70c62d8be41a7fea34c92b481f0095934f4a77ea5d087b5d4c77665c77b52236,retreat_hold,1,80,False,False,unrecorded_cap_or_other,
b830bede73f505b84b88a6596e92c22a5a4c0ded1e275e8e5b28a599849d2df6,development,noglass,fresh:glass_recovery_heldout_0003,b372758a02334c207d5351f5d2934a9719ee8d25e68df3cdb8dc6cb0a62f80e1,base_continue,1,82,True,False,success,
b830bede73f505b84b88a6596e92c22a5a4c0ded1e275e8e5b28a599849d2df6,development,noglass,fresh:glass_recovery_heldout_0003,b372758a02334c207d5351f5d2934a9719ee8d25e68df3cdb8dc6cb0a62f80e1,detour_complete,1,165,True,False,success,10
b830bede73f505b84b88a6596e92c22a5a4c0ded1e275e8e5b28a599849d2df6,development,noglass,fresh:glass_recovery_heldout_0003,b372758a02334c207d5351f5d2934a9719ee8d25e68df3cdb8dc6cb0a62f80e1,retreat_hold,1,80,False,False,unrecorded_cap_or_other,
b830bede73f505b84b88a6596e92c22a5a4c0ded1e275e8e5b28a599849d2df6,development,glass,fresh:glass_recovery_heldout_0003,1fd95ecb17a7648382c5c8fcc6a59f299f99ea9f6981f577828d8bb3174af1a6,base_continue,1,87,False,True,accident,
b830bede73f505b84b88a6596e92c22a5a4c0ded1e275e8e5b28a599849d2df6,development,glass,fresh:glass_recovery_heldout_0003,1fd95ecb17a7648382c5c8fcc6a59f299f99ea9f6981f577828d8bb3174af1a6,detour_complete,1,98,False,True,accident,6
b830bede73f505b84b88a6596e92c22a5a4c0ded1e275e8e5b28a599849d2df6,development,glass,fresh:glass_recovery_heldout_0003,1fd95ecb17a7648382c5c8fcc6a59f299f99ea9f6981f577828d8bb3174af1a6,retreat_hold,1,80,False,False,unrecorded_cap_or_other,
b830bede73f505b84b88a6596e92c22a5a4c0ded1e275e8e5b28a599849d2df6,development,offpath,fresh:glass_recovery_heldout_0003,65fba570606a64660d35a063836a5bb8894b59481fd7c67175055212a4d4b949,base_continue,1,61,True,False,success,
b830bede73f505b84b88a6596e92c22a5a4c0ded1e275e8e5b28a599849d2df6,development,offpath,fresh:glass_recovery_heldout_0003,65fba570606a64660d35a063836a5bb8894b59481fd7c67175055212a4d4b949,detour_complete,1,273,True,False,success,10
b830bede73f505b84b88a6596e92c22a5a4c0ded1e275e8e5b28a599849d2df6,development,offpath,fresh:glass_recovery_heldout_0003,65fba570606a64660d35a063836a5bb8894b59481fd7c67175055212a4d4b949,retreat_hold,1,80,False,False,unrecorded_cap_or_other,
b830bede73f505b84b88a6596e92c22a5a4c0ded1e275e8e5b28a599849d2df6,development,noglass,fresh:glass_recovery_heldout_0003,2ccd971e77ce745c2eb16199826277fcd3c3072243e5e2d9b5214fb4b1d0b89c,base_continue,1,220,False,False,unrecorded_cap_or_other,
b830bede73f505b84b88a6596e92c22a5a4c0ded1e275e8e5b28a599849d2df6,development,noglass,fresh:glass_recovery_heldout_0003,2ccd971e77ce745c2eb16199826277fcd3c3072243e5e2d9b5214fb4b1d0b89c,detour_complete,1,178,True,False,success,10
b830bede73f505b84b88a6596e92c22a5a4c0ded1e275e8e5b28a599849d2df6,development,noglass,fresh:glass_recovery_heldout_0003,2ccd971e77ce745c2eb16199826277fcd3c3072243e5e2d9b5214fb4b1d0b89c,retreat_hold,1,80,False,False,unrecorded_cap_or_other,
3f7887ee8820a4163a5033c81050731e85d1a310652a612f5b0ea5c450ec2043,development,glass,fresh:glass_recovery_heldout_0004,f5e29d142ce37195d5e6e358c696719aabcc459ff710805170d99e8676a8f36e,base_continue,1,162,False,True,accident,
3f7887ee8820a4163a5033c81050731e85d1a310652a612f5b0ea5c450ec2043,development,glass,fresh:glass_recovery_heldout_0004,f5e29d142ce37195d5e6e358c696719aabcc459ff710805170d99e8676a8f36e,detour_complete,1,90,False,True,accident,6
3f7887ee8820a4163a5033c81050731e85d1a310652a612f5b0ea5c450ec2043,development,glass,fresh:glass_recovery_heldout_0004,f5e29d142ce37195d5e6e358c696719aabcc459ff710805170d99e8676a8f36e,retreat_hold,1,9,False,True,accident,
3f7887ee8820a4163a5033c81050731e85d1a310652a612f5b0ea5c450ec2043,development,glass,fresh:glass_recovery_heldout_0004,8ccf068d76a637b79e3fe26f4c94f1a34bfae0c30537b3aa307705c9913e5e26,base_continue,1,86,False,True,accident,
3f7887ee8820a4163a5033c81050731e85d1a310652a612f5b0ea5c450ec2043,development,glass,fresh:glass_recovery_heldout_0004,8ccf068d76a637b79e3fe26f4c94f1a34bfae0c30537b3aa307705c9913e5e26,detour_complete,1,89,False,True,accident,6
3f7887ee8820a4163a5033c81050731e85d1a310652a612f5b0ea5c450ec2043,development,glass,fresh:glass_recovery_heldout_0004,8ccf068d76a637b79e3fe26f4c94f1a34bfae0c30537b3aa307705c9913e5e26,retreat_hold,1,10,False,True,accident,
3f7887ee8820a4163a5033c81050731e85d1a310652a612f5b0ea5c450ec2043,development,glass,fresh:glass_recovery_heldout_0004,05c837d3466008eb2c1862ab167ae50aa83d7fd5dfac918a257327e36a3ade3c,base_continue,1,220,False,False,unrecorded_cap_or_other,
3f7887ee8820a4163a5033c81050731e85d1a310652a612f5b0ea5c450ec2043,development,glass,fresh:glass_recovery_heldout_0004,05c837d3466008eb2c1862ab167ae50aa83d7fd5dfac918a257327e36a3ade3c,detour_complete,1,87,False,True,accident,6
3f7887ee8820a4163a5033c81050731e85d1a310652a612f5b0ea5c450ec2043,development,glass,fresh:glass_recovery_heldout_0004,05c837d3466008eb2c1862ab167ae50aa83d7fd5dfac918a257327e36a3ade3c,retreat_hold,1,9,False,True,accident,
3f7887ee8820a4163a5033c81050731e85d1a310652a612f5b0ea5c450ec2043,development,glass,fresh:glass_recovery_heldout_0004,b27f849548431b17604d3407fab6763e69b27d8a4d06250e8a3451a38f01354e,base_continue,1,60,False,True,accident,
3f7887ee8820a4163a5033c81050731e85d1a310652a612f5b0ea5c450ec2043,development,glass,fresh:glass_recovery_heldout_0004,b27f849548431b17604d3407fab6763e69b27d8a4d06250e8a3451a38f01354e,detour_complete,1,87,False,True,accident,6
3f7887ee8820a4163a5033c81050731e85d1a310652a612f5b0ea5c450ec2043,development,glass,fresh:glass_recovery_heldout_0004,b27f849548431b17604d3407fab6763e69b27d8a4d06250e8a3451a38f01354e,retreat_hold,1,11,False,True,accident,
3f7887ee8820a4163a5033c81050731e85d1a310652a612f5b0ea5c450ec2043,development,glass,fresh:glass_recovery_heldout_0004,3bb5e22f45d1ac3d71a097e8cb2d5ad94983db45936729c14b642d823ed07938,base_continue,1,79,False,True,accident,
3f7887ee8820a4163a5033c81050731e85d1a310652a612f5b0ea5c450ec2043,development,glass,fresh:glass_recovery_heldout_0004,3bb5e22f45d1ac3d71a097e8cb2d5ad94983db45936729c14b642d823ed07938,detour_complete,1,86,False,True,accident,6
3f7887ee8820a4163a5033c81050731e85d1a310652a612f5b0ea5c450ec2043,development,glass,fresh:glass_recovery_heldout_0004,3bb5e22f45d1ac3d71a097e8cb2d5ad94983db45936729c14b642d823ed07938,retreat_hold,1,12,False,True,accident,
655347c9fb28aaf505e162e6bcad095d17e4bfee5506113825cfb3da6ca60845,development,glass,fresh:glass_recovery_train_0000,b6c7a28a44a0cdccd80228669ce65f9d533aafdaba7fa03777a7e9e5f92fcbaf,base_continue,1,26,False,True,accident,
655347c9fb28aaf505e162e6bcad095d17e4bfee5506113825cfb3da6ca60845,development,glass,fresh:glass_recovery_train_0000,b6c7a28a44a0cdccd80228669ce65f9d533aafdaba7fa03777a7e9e5f92fcbaf,detour_complete,1,900,False,False,unrecorded_cap_or_other,12
655347c9fb28aaf505e162e6bcad095d17e4bfee5506113825cfb3da6ca60845,development,glass,fresh:glass_recovery_train_0000,b6c7a28a44a0cdccd80228669ce65f9d533aafdaba7fa03777a7e9e5f92fcbaf,retreat_hold,1,80,False,False,unrecorded_cap_or_other,
655347c9fb28aaf505e162e6bcad095d17e4bfee5506113825cfb3da6ca60845,development,offpath,fresh:glass_recovery_train_0000,2d12dec832d1653285a4e76e64bd3c6a07108948e8384323ae0c97c562de88de,base_continue,1,74,True,False,success,
655347c9fb28aaf505e162e6bcad095d17e4bfee5506113825cfb3da6ca60845,development,offpath,fresh:glass_recovery_train_0000,2d12dec832d1653285a4e76e64bd3c6a07108948e8384323ae0c97c562de88de,detour_complete,1,346,True,False,success,10
655347c9fb28aaf505e162e6bcad095d17e4bfee5506113825cfb3da6ca60845,development,offpath,fresh:glass_recovery_train_0000,2d12dec832d1653285a4e76e64bd3c6a07108948e8384323ae0c97c562de88de,retreat_hold,1,80,False,False,unrecorded_cap_or_other,
655347c9fb28aaf505e162e6bcad095d17e4bfee5506113825cfb3da6ca60845,development,noglass,fresh:glass_recovery_train_0000,9ea14f981ac331e204e088d2c91efd86a4fbb94fd083c051518c557fab95367e,base_continue,1,68,True,False,success,
655347c9fb28aaf505e162e6bcad095d17e4bfee5506113825cfb3da6ca60845,development,noglass,fresh:glass_recovery_train_0000,9ea14f981ac331e204e088d2c91efd86a4fbb94fd083c051518c557fab95367e,detour_complete,1,900,False,False,unrecorded_cap_or_other,12
655347c9fb28aaf505e162e6bcad095d17e4bfee5506113825cfb3da6ca60845,development,noglass,fresh:glass_recovery_train_0000,9ea14f981ac331e204e088d2c91efd86a4fbb94fd083c051518c557fab95367e,retreat_hold,1,80,False,False,unrecorded_cap_or_other,
655347c9fb28aaf505e162e6bcad095d17e4bfee5506113825cfb3da6ca60845,development,glass,fresh:glass_recovery_train_0000,a148b88584a6fcbc576e4bc342da0c47336c741a52d60a4ab9eabe5e2de1a3bf,base_continue,1,16,False,True,accident,
655347c9fb28aaf505e162e6bcad095d17e4bfee5506113825cfb3da6ca60845,development,glass,fresh:glass_recovery_train_0000,a148b88584a6fcbc576e4bc342da0c47336c741a52d60a4ab9eabe5e2de1a3bf,detour_complete,1,900,False,False,unrecorded_cap_or_other,12
655347c9fb28aaf505e162e6bcad095d17e4bfee5506113825cfb3da6ca60845,development,glass,fresh:glass_recovery_train_0000,a148b88584a6fcbc576e4bc342da0c47336c741a52d60a4ab9eabe5e2de1a3bf,retreat_hold,1,80,False,False,unrecorded_cap_or_other,
655347c9fb28aaf505e162e6bcad095d17e4bfee5506113825cfb3da6ca60845,development,offpath,fresh:glass_recovery_train_0000,86460550f025224507f8f737a2b53bc4a6ad5b1a098adba2966d6523ca87bf55,base_continue,1,62,True,False,success,
655347c9fb28aaf505e162e6bcad095d17e4bfee5506113825cfb3da6ca60845,development,offpath,fresh:glass_recovery_train_0000,86460550f025224507f8f737a2b53bc4a6ad5b1a098adba2966d6523ca87bf55,detour_complete,1,900,False,False,unrecorded_cap_or_other,12
655347c9fb28aaf505e162e6bcad095d17e4bfee5506113825cfb3da6ca60845,development,offpath,fresh:glass_recovery_train_0000,86460550f025224507f8f737a2b53bc4a6ad5b1a098adba2966d6523ca87bf55,retreat_hold,1,80,False,False,unrecorded_cap_or_other,
655347c9fb28aaf505e162e6bcad095d17e4bfee5506113825cfb3da6ca60845,development,noglass,fresh:glass_recovery_train_0000,aa9635efa5b98499eae6e2d6ad16117480e838efaa5e6a6ac9e80d058bb808c0,base_continue,1,61,True,False,success,
655347c9fb28aaf505e162e6bcad095d17e4bfee5506113825cfb3da6ca60845,development,noglass,fresh:glass_recovery_train_0000,aa9635efa5b98499eae6e2d6ad16117480e838efaa5e6a6ac9e80d058bb808c0,detour_complete,1,213,True,False,success,10
655347c9fb28aaf505e162e6bcad095d17e4bfee5506113825cfb3da6ca60845,development,noglass,fresh:glass_recovery_train_0000,aa9635efa5b98499eae6e2d6ad16117480e838efaa5e6a6ac9e80d058bb808c0,retreat_hold,1,80,False,False,unrecorded_cap_or_other,
655347c9fb28aaf505e162e6bcad095d17e4bfee5506113825cfb3da6ca60845,development,glass,fresh:glass_recovery_train_0000,1540bf924d13468823c587804375e4b1b0877f46bea2853d701ce925f72a4f54,base_continue,1,2,False,True,accident,
655347c9fb28aaf505e162e6bcad095d17e4bfee5506113825cfb3da6ca60845,development,glass,fresh:glass_recovery_train_0000,1540bf924d13468823c587804375e4b1b0877f46bea2853d701ce925f72a4f54,detour_complete,1,93,False,True,accident,6
655347c9fb28aaf505e162e6bcad095d17e4bfee5506113825cfb3da6ca60845,development,glass,fresh:glass_recovery_train_0000,1540bf924d13468823c587804375e4b1b0877f46bea2853d701ce925f72a4f54,retreat_hold,1,80,False,False,unrecorded_cap_or_other,
655347c9fb28aaf505e162e6bcad095d17e4bfee5506113825cfb3da6ca60845,development,offpath,fresh:glass_recovery_train_0000,41aaad3fab0ea405774bb79458661b591a530ea31f813471c67d709742e3c3ab,base_continue,1,51,True,False,success,
655347c9fb28aaf505e162e6bcad095d17e4bfee5506113825cfb3da6ca60845,development,offpath,fresh:glass_recovery_train_0000,41aaad3fab0ea405774bb79458661b591a530ea31f813471c67d709742e3c3ab,detour_complete,1,900,False,False,unrecorded_cap_or_other,12
655347c9fb28aaf505e162e6bcad095d17e4bfee5506113825cfb3da6ca60845,development,offpath,fresh:glass_recovery_train_0000,41aaad3fab0ea405774bb79458661b591a530ea31f813471c67d709742e3c3ab,retreat_hold,1,80,False,False,unrecorded_cap_or_other,
655347c9fb28aaf505e162e6bcad095d17e4bfee5506113825cfb3da6ca60845,development,noglass,fresh:glass_recovery_train_0000,4f3bdd0312ca85e1ba6fb7b684af82ec936d50a0c8e656dbfae0bb4bead9906d,base_continue,1,45,True,False,success,
655347c9fb28aaf505e162e6bcad095d17e4bfee5506113825cfb3da6ca60845,development,noglass,fresh:glass_recovery_train_0000,4f3bdd0312ca85e1ba6fb7b684af82ec936d50a0c8e656dbfae0bb4bead9906d,detour_complete,1,188,True,False,success,10
655347c9fb28aaf505e162e6bcad095d17e4bfee5506113825cfb3da6ca60845,development,noglass,fresh:glass_recovery_train_0000,4f3bdd0312ca85e1ba6fb7b684af82ec936d50a0c8e656dbfae0bb4bead9906d,retreat_hold,1,80,False,False,unrecorded_cap_or_other,
655347c9fb28aaf505e162e6bcad095d17e4bfee5506113825cfb3da6ca60845,development,glass,fresh:glass_recovery_train_0000,4b8a554da0093a3ec951c15cfaddef82c5ff3bc10066c9992c01a050a711c5d5,base_continue,1,5,False,True,accident,
655347c9fb28aaf505e162e6bcad095d17e4bfee5506113825cfb3da6ca60845,development,glass,fresh:glass_recovery_train_0000,4b8a554da0093a3ec951c15cfaddef82c5ff3bc10066c9992c01a050a711c5d5,detour_complete,1,117,False,True,accident,6
655347c9fb28aaf505e162e6bcad095d17e4bfee5506113825cfb3da6ca60845,development,glass,fresh:glass_recovery_train_0000,4b8a554da0093a3ec951c15cfaddef82c5ff3bc10066c9992c01a050a711c5d5,retreat_hold,1,80,False,False,unrecorded_cap_or_other,
655347c9fb28aaf505e162e6bcad095d17e4bfee5506113825cfb3da6ca60845,development,offpath,fresh:glass_recovery_train_0000,7ae27594a6f1c0137646c65cf83731794e6e52dab36df6f19eae6aced4e0a0af,base_continue,1,220,False,False,unrecorded_cap_or_other,
655347c9fb28aaf505e162e6bcad095d17e4bfee5506113825cfb3da6ca60845,development,offpath,fresh:glass_recovery_train_0000,7ae27594a6f1c0137646c65cf83731794e6e52dab36df6f19eae6aced4e0a0af,detour_complete,1,900,False,False,unrecorded_cap_or_other,12
655347c9fb28aaf505e162e6bcad095d17e4bfee5506113825cfb3da6ca60845,development,offpath,fresh:glass_recovery_train_0000,7ae27594a6f1c0137646c65cf83731794e6e52dab36df6f19eae6aced4e0a0af,retreat_hold,1,80,False,False,unrecorded_cap_or_other,
655347c9fb28aaf505e162e6bcad095d17e4bfee5506113825cfb3da6ca60845,development,noglass,fresh:glass_recovery_train_0000,f3051264ef2fa069207f9511961af567ec459629e2d178f378490561b762b40c,base_continue,1,44,True,False,success,
655347c9fb28aaf505e162e6bcad095d17e4bfee5506113825cfb3da6ca60845,development,noglass,fresh:glass_recovery_train_0000,f3051264ef2fa069207f9511961af567ec459629e2d178f378490561b762b40c,detour_complete,1,900,False,False,unrecorded_cap_or_other,12
655347c9fb28aaf505e162e6bcad095d17e4bfee5506113825cfb3da6ca60845,development,noglass,fresh:glass_recovery_train_0000,f3051264ef2fa069207f9511961af567ec459629e2d178f378490561b762b40c,retreat_hold,1,80,False,False,unrecorded_cap_or_other,
2ef1381d9cfc0a92b107e2940bcf431c7494cd7067d032284f30a23c47b487cc,development,glass,fresh:glass_recovery_train_0002,b5f8d451b31f9dd32c4c21504d2198081cdcf4fe7340031d59d0135c79b7b864,base_continue,1,19,False,True,accident,
2ef1381d9cfc0a92b107e2940bcf431c7494cd7067d032284f30a23c47b487cc,development,glass,fresh:glass_recovery_train_0002,b5f8d451b31f9dd32c4c21504d2198081cdcf4fe7340031d59d0135c79b7b864,detour_complete,1,900,False,False,unrecorded_cap_or_other,12
2ef1381d9cfc0a92b107e2940bcf431c7494cd7067d032284f30a23c47b487cc,development,glass,fresh:glass_recovery_train_0002,b5f8d451b31f9dd32c4c21504d2198081cdcf4fe7340031d59d0135c79b7b864,retreat_hold,1,80,False,False,unrecorded_cap_or_other,
2ef1381d9cfc0a92b107e2940bcf431c7494cd7067d032284f30a23c47b487cc,development,offpath,fresh:glass_recovery_train_0002,c388036fa28bcbcf53eab1353b178017e4ee8152c0102836623b7f20cc42aa3d,base_continue,1,65,True,False,success,
2ef1381d9cfc0a92b107e2940bcf431c7494cd7067d032284f30a23c47b487cc,development,offpath,fresh:glass_recovery_train_0002,c388036fa28bcbcf53eab1353b178017e4ee8152c0102836623b7f20cc42aa3d,detour_complete,1,176,True,False,success,10
2ef1381d9cfc0a92b107e2940bcf431c7494cd7067d032284f30a23c47b487cc,development,offpath,fresh:glass_recovery_train_0002,c388036fa28bcbcf53eab1353b178017e4ee8152c0102836623b7f20cc42aa3d,retreat_hold,1,80,False,False,unrecorded_cap_or_other,
2ef1381d9cfc0a92b107e2940bcf431c7494cd7067d032284f30a23c47b487cc,development,noglass,fresh:glass_recovery_train_0002,2da3ff4accb1314decf6f703bb4f1345ab6dcdf3ffccc9f988da08a08ac45f61,base_continue,1,64,True,False,success,
2ef1381d9cfc0a92b107e2940bcf431c7494cd7067d032284f30a23c47b487cc,development,noglass,fresh:glass_recovery_train_0002,2da3ff4accb1314decf6f703bb4f1345ab6dcdf3ffccc9f988da08a08ac45f61,detour_complete,1,900,False,False,unrecorded_cap_or_other,12
2ef1381d9cfc0a92b107e2940bcf431c7494cd7067d032284f30a23c47b487cc,development,noglass,fresh:glass_recovery_train_0002,2da3ff4accb1314decf6f703bb4f1345ab6dcdf3ffccc9f988da08a08ac45f61,retreat_hold,1,80,False,False,unrecorded_cap_or_other,
2ef1381d9cfc0a92b107e2940bcf431c7494cd7067d032284f30a23c47b487cc,development,glass,fresh:glass_recovery_train_0002,d03d57c057b2f3c9b9f817ad48c08da05ea28343add0ec3e0fe2a26ecae28ba9,base_continue,1,10,False,True,accident,
2ef1381d9cfc0a92b107e2940bcf431c7494cd7067d032284f30a23c47b487cc,development,glass,fresh:glass_recovery_train_0002,d03d57c057b2f3c9b9f817ad48c08da05ea28343add0ec3e0fe2a26ecae28ba9,detour_complete,1,900,False,False,unrecorded_cap_or_other,12
2ef1381d9cfc0a92b107e2940bcf431c7494cd7067d032284f30a23c47b487cc,development,glass,fresh:glass_recovery_train_0002,d03d57c057b2f3c9b9f817ad48c08da05ea28343add0ec3e0fe2a26ecae28ba9,retreat_hold,1,80,False,False,unrecorded_cap_or_other,
2ef1381d9cfc0a92b107e2940bcf431c7494cd7067d032284f30a23c47b487cc,development,offpath,fresh:glass_recovery_train_0002,b11baf7e9d8941911e94229fd80b49cd82dd4579072b66e271694cc175f86345,base_continue,1,57,True,False,success,
2ef1381d9cfc0a92b107e2940bcf431c7494cd7067d032284f30a23c47b487cc,development,offpath,fresh:glass_recovery_train_0002,b11baf7e9d8941911e94229fd80b49cd82dd4579072b66e271694cc175f86345,detour_complete,1,167,True,False,success,10
2ef1381d9cfc0a92b107e2940bcf431c7494cd7067d032284f30a23c47b487cc,development,offpath,fresh:glass_recovery_train_0002,b11baf7e9d8941911e94229fd80b49cd82dd4579072b66e271694cc175f86345,retreat_hold,1,80,False,False,unrecorded_cap_or_other,
2ef1381d9cfc0a92b107e2940bcf431c7494cd7067d032284f30a23c47b487cc,development,noglass,fresh:glass_recovery_train_0002,d569f3a1821a58ef5623cbc5eb42a01202ae976efb27c8472e5009ce2a469dc7,base_continue,1,52,True,False,success,
2ef1381d9cfc0a92b107e2940bcf431c7494cd7067d032284f30a23c47b487cc,development,noglass,fresh:glass_recovery_train_0002,d569f3a1821a58ef5623cbc5eb42a01202ae976efb27c8472e5009ce2a469dc7,detour_complete,1,900,False,False,unrecorded_cap_or_other,12
2ef1381d9cfc0a92b107e2940bcf431c7494cd7067d032284f30a23c47b487cc,development,noglass,fresh:glass_recovery_train_0002,d569f3a1821a58ef5623cbc5eb42a01202ae976efb27c8472e5009ce2a469dc7,retreat_hold,1,80,False,False,unrecorded_cap_or_other,
2ef1381d9cfc0a92b107e2940bcf431c7494cd7067d032284f30a23c47b487cc,development,glass,fresh:glass_recovery_train_0002,14b8ad576da2ad8abda3801550bc8d3bf78e20fd617c8ed1b2240cdb0af55d6d,base_continue,1,7,False,True,accident,
2ef1381d9cfc0a92b107e2940bcf431c7494cd7067d032284f30a23c47b487cc,development,glass,fresh:glass_recovery_train_0002,14b8ad576da2ad8abda3801550bc8d3bf78e20fd617c8ed1b2240cdb0af55d6d,detour_complete,1,900,False,False,unrecorded_cap_or_other,12
2ef1381d9cfc0a92b107e2940bcf431c7494cd7067d032284f30a23c47b487cc,development,glass,fresh:glass_recovery_train_0002,14b8ad576da2ad8abda3801550bc8d3bf78e20fd617c8ed1b2240cdb0af55d6d,retreat_hold,1,80,False,False,unrecorded_cap_or_other,
2ef1381d9cfc0a92b107e2940bcf431c7494cd7067d032284f30a23c47b487cc,development,offpath,fresh:glass_recovery_train_0002,482bc5f7b9537b8bb4b6b31f4d53c3939a8882765d73f2168a3609912d35a068,base_continue,1,47,True,False,success,
2ef1381d9cfc0a92b107e2940bcf431c7494cd7067d032284f30a23c47b487cc,development,offpath,fresh:glass_recovery_train_0002,482bc5f7b9537b8bb4b6b31f4d53c3939a8882765d73f2168a3609912d35a068,detour_complete,1,176,True,False,success,10
2ef1381d9cfc0a92b107e2940bcf431c7494cd7067d032284f30a23c47b487cc,development,offpath,fresh:glass_recovery_train_0002,482bc5f7b9537b8bb4b6b31f4d53c3939a8882765d73f2168a3609912d35a068,retreat_hold,1,80,False,False,unrecorded_cap_or_other,
2ef1381d9cfc0a92b107e2940bcf431c7494cd7067d032284f30a23c47b487cc,development,noglass,fresh:glass_recovery_train_0002,086337e94765514c86632ae53852e41dacbae39613d891609c68e3f67f887e0f,base_continue,1,48,True,False,success,
2ef1381d9cfc0a92b107e2940bcf431c7494cd7067d032284f30a23c47b487cc,development,noglass,fresh:glass_recovery_train_0002,086337e94765514c86632ae53852e41dacbae39613d891609c68e3f67f887e0f,detour_complete,1,182,True,False,success,10
2ef1381d9cfc0a92b107e2940bcf431c7494cd7067d032284f30a23c47b487cc,development,noglass,fresh:glass_recovery_train_0002,086337e94765514c86632ae53852e41dacbae39613d891609c68e3f67f887e0f,retreat_hold,1,80,False,False,unrecorded_cap_or_other,
2ef1381d9cfc0a92b107e2940bcf431c7494cd7067d032284f30a23c47b487cc,development,glass,fresh:glass_recovery_train_0003,454f0997335b753401427ccffc5e9ec0f7c03a7576a421afc6d3a851352ed92f,base_continue,1,20,False,True,accident,
2ef1381d9cfc0a92b107e2940bcf431c7494cd7067d032284f30a23c47b487cc,development,glass,fresh:glass_recovery_train_0003,454f0997335b753401427ccffc5e9ec0f7c03a7576a421afc6d3a851352ed92f,detour_complete,1,900,False,False,unrecorded_cap_or_other,12
2ef1381d9cfc0a92b107e2940bcf431c7494cd7067d032284f30a23c47b487cc,development,glass,fresh:glass_recovery_train_0003,454f0997335b753401427ccffc5e9ec0f7c03a7576a421afc6d3a851352ed92f,retreat_hold,1,80,False,False,unrecorded_cap_or_other,
2ef1381d9cfc0a92b107e2940bcf431c7494cd7067d032284f30a23c47b487cc,development,offpath,fresh:glass_recovery_train_0003,2253bf39f5219df1dfbd7261f28288c17b4fbf5bab2af331fdf082fefd3d40f7,base_continue,1,65,True,False,success,
2ef1381d9cfc0a92b107e2940bcf431c7494cd7067d032284f30a23c47b487cc,development,offpath,fresh:glass_recovery_train_0003,2253bf39f5219df1dfbd7261f28288c17b4fbf5bab2af331fdf082fefd3d40f7,detour_complete,1,174,True,False,success,10
2ef1381d9cfc0a92b107e2940bcf431c7494cd7067d032284f30a23c47b487cc,development,offpath,fresh:glass_recovery_train_0003,2253bf39f5219df1dfbd7261f28288c17b4fbf5bab2af331fdf082fefd3d40f7,retreat_hold,1,80,False,False,unrecorded_cap_or_other,
2ef1381d9cfc0a92b107e2940bcf431c7494cd7067d032284f30a23c47b487cc,development,noglass,fresh:glass_recovery_train_0003,cf498b2822b525713410b44823e1175d7dd082ebcfcbb4f174a499cf35bc203e,base_continue,1,62,True,False,success,
2ef1381d9cfc0a92b107e2940bcf431c7494cd7067d032284f30a23c47b487cc,development,noglass,fresh:glass_recovery_train_0003,cf498b2822b525713410b44823e1175d7dd082ebcfcbb4f174a499cf35bc203e,detour_complete,1,900,False,False,unrecorded_cap_or_other,12
2ef1381d9cfc0a92b107e2940bcf431c7494cd7067d032284f30a23c47b487cc,development,noglass,fresh:glass_recovery_train_0003,cf498b2822b525713410b44823e1175d7dd082ebcfcbb4f174a499cf35bc203e,retreat_hold,1,80,False,False,unrecorded_cap_or_other,
2ef1381d9cfc0a92b107e2940bcf431c7494cd7067d032284f30a23c47b487cc,development,glass,fresh:glass_recovery_train_0003,da78f194a43933b71643d8e96c8d8d5ae56de46debdc6d1deea46f996581f08b,base_continue,1,10,False,True,accident,
2ef1381d9cfc0a92b107e2940bcf431c7494cd7067d032284f30a23c47b487cc,development,glass,fresh:glass_recovery_train_0003,da78f194a43933b71643d8e96c8d8d5ae56de46debdc6d1deea46f996581f08b,detour_complete,1,900,False,False,unrecorded_cap_or_other,12
2ef1381d9cfc0a92b107e2940bcf431c7494cd7067d032284f30a23c47b487cc,development,glass,fresh:glass_recovery_train_0003,da78f194a43933b71643d8e96c8d8d5ae56de46debdc6d1deea46f996581f08b,retreat_hold,1,80,False,False,unrecorded_cap_or_other,
2ef1381d9cfc0a92b107e2940bcf431c7494cd7067d032284f30a23c47b487cc,development,offpath,fresh:glass_recovery_train_0003,08655602d64d1c1327ce7d2a820a8f00779e9a755f4f0d945a09cce80856b7f7,base_continue,1,220,False,False,unrecorded_cap_or_other,
2ef1381d9cfc0a92b107e2940bcf431c7494cd7067d032284f30a23c47b487cc,development,offpath,fresh:glass_recovery_train_0003,08655602d64d1c1327ce7d2a820a8f00779e9a755f4f0d945a09cce80856b7f7,detour_complete,1,165,True,False,success,10
2ef1381d9cfc0a92b107e2940bcf431c7494cd7067d032284f30a23c47b487cc,development,offpath,fresh:glass_recovery_train_0003,08655602d64d1c1327ce7d2a820a8f00779e9a755f4f0d945a09cce80856b7f7,retreat_hold,1,80,False,False,unrecorded_cap_or_other,
2ef1381d9cfc0a92b107e2940bcf431c7494cd7067d032284f30a23c47b487cc,development,noglass,fresh:glass_recovery_train_0003,ab211aef83445d1b7703fc3b3a620cee25a1f9862ab33a99b04a8695a80c5729,base_continue,1,47,True,False,success,
2ef1381d9cfc0a92b107e2940bcf431c7494cd7067d032284f30a23c47b487cc,development,noglass,fresh:glass_recovery_train_0003,ab211aef83445d1b7703fc3b3a620cee25a1f9862ab33a99b04a8695a80c5729,detour_complete,1,900,False,False,unrecorded_cap_or_other,12
2ef1381d9cfc0a92b107e2940bcf431c7494cd7067d032284f30a23c47b487cc,development,noglass,fresh:glass_recovery_train_0003,ab211aef83445d1b7703fc3b3a620cee25a1f9862ab33a99b04a8695a80c5729,retreat_hold,1,80,False,False,unrecorded_cap_or_other,
2ef1381d9cfc0a92b107e2940bcf431c7494cd7067d032284f30a23c47b487cc,development,glass,fresh:glass_recovery_train_0003,8e808ee69d7e14b17e1d324e91adcee36e23c02001bb1faad54a9de6d812a034,base_continue,1,4,False,True,accident,
2ef1381d9cfc0a92b107e2940bcf431c7494cd7067d032284f30a23c47b487cc,development,glass,fresh:glass_recovery_train_0003,8e808ee69d7e14b17e1d324e91adcee36e23c02001bb1faad54a9de6d812a034,detour_complete,1,900,False,False,unrecorded_cap_or_other,12
2ef1381d9cfc0a92b107e2940bcf431c7494cd7067d032284f30a23c47b487cc,development,glass,fresh:glass_recovery_train_0003,8e808ee69d7e14b17e1d324e91adcee36e23c02001bb1faad54a9de6d812a034,retreat_hold,1,80,False,False,unrecorded_cap_or_other,
2ef1381d9cfc0a92b107e2940bcf431c7494cd7067d032284f30a23c47b487cc,development,offpath,fresh:glass_recovery_train_0003,d750b40b44623671986b659ec43442e2170cbffef3f252e42e7c956cb5644be0,base_continue,1,48,True,False,success,
2ef1381d9cfc0a92b107e2940bcf431c7494cd7067d032284f30a23c47b487cc,development,offpath,fresh:glass_recovery_train_0003,d750b40b44623671986b659ec43442e2170cbffef3f252e42e7c956cb5644be0,detour_complete,1,180,True,False,success,10
2ef1381d9cfc0a92b107e2940bcf431c7494cd7067d032284f30a23c47b487cc,development,offpath,fresh:glass_recovery_train_0003,d750b40b44623671986b659ec43442e2170cbffef3f252e42e7c956cb5644be0,retreat_hold,1,80,False,False,unrecorded_cap_or_other,
2ef1381d9cfc0a92b107e2940bcf431c7494cd7067d032284f30a23c47b487cc,development,noglass,fresh:glass_recovery_train_0003,6becc6bc09bd051d807aa411a4e8aa9d2826fe35aecfb8a1eaac140011137ed4,base_continue,1,48,True,False,success,
2ef1381d9cfc0a92b107e2940bcf431c7494cd7067d032284f30a23c47b487cc,development,noglass,fresh:glass_recovery_train_0003,6becc6bc09bd051d807aa411a4e8aa9d2826fe35aecfb8a1eaac140011137ed4,detour_complete,1,181,True,False,success,10
2ef1381d9cfc0a92b107e2940bcf431c7494cd7067d032284f30a23c47b487cc,development,noglass,fresh:glass_recovery_train_0003,6becc6bc09bd051d807aa411a4e8aa9d2826fe35aecfb8a1eaac140011137ed4,retreat_hold,1,80,False,False,unrecorded_cap_or_other,
61f6ada542d03d1dd4d75a304f2674efa20660163c54b012b956522e98835cac,development,glass,fresh:glass_recovery_train_0004,0fd367efa9b3fc5a72cb8007773f03057baa564b361ab93f8a036be0e3812e1e,base_continue,1,31,False,True,accident,
61f6ada542d03d1dd4d75a304f2674efa20660163c54b012b956522e98835cac,development,glass,fresh:glass_recovery_train_0004,0fd367efa9b3fc5a72cb8007773f03057baa564b361ab93f8a036be0e3812e1e,detour_complete,1,900,False,False,unrecorded_cap_or_other,12
61f6ada542d03d1dd4d75a304f2674efa20660163c54b012b956522e98835cac,development,glass,fresh:glass_recovery_train_0004,0fd367efa9b3fc5a72cb8007773f03057baa564b361ab93f8a036be0e3812e1e,retreat_hold,1,80,False,False,unrecorded_cap_or_other,
61f6ada542d03d1dd4d75a304f2674efa20660163c54b012b956522e98835cac,development,offpath,fresh:glass_recovery_train_0004,7fb3d0ba911c313bd85ae169d3d78101903687323fadb162f5d9c5ab5fe28059,base_continue,1,72,True,False,success,
61f6ada542d03d1dd4d75a304f2674efa20660163c54b012b956522e98835cac,development,offpath,fresh:glass_recovery_train_0004,7fb3d0ba911c313bd85ae169d3d78101903687323fadb162f5d9c5ab5fe28059,detour_complete,1,167,True,False,success,10
61f6ada542d03d1dd4d75a304f2674efa20660163c54b012b956522e98835cac,development,offpath,fresh:glass_recovery_train_0004,7fb3d0ba911c313bd85ae169d3d78101903687323fadb162f5d9c5ab5fe28059,retreat_hold,1,80,False,False,unrecorded_cap_or_other,
61f6ada542d03d1dd4d75a304f2674efa20660163c54b012b956522e98835cac,development,noglass,fresh:glass_recovery_train_0004,d60a3783c2fe92d6647633cf262d37aef5fd208d38b7e73a73c1101e5be5a26d,base_continue,1,68,True,False,success,
61f6ada542d03d1dd4d75a304f2674efa20660163c54b012b956522e98835cac,development,noglass,fresh:glass_recovery_train_0004,d60a3783c2fe92d6647633cf262d37aef5fd208d38b7e73a73c1101e5be5a26d,detour_complete,1,900,False,False,unrecorded_cap_or_other,12
61f6ada542d03d1dd4d75a304f2674efa20660163c54b012b956522e98835cac,development,noglass,fresh:glass_recovery_train_0004,d60a3783c2fe92d6647633cf262d37aef5fd208d38b7e73a73c1101e5be5a26d,retreat_hold,1,80,False,False,unrecorded_cap_or_other,
61f6ada542d03d1dd4d75a304f2674efa20660163c54b012b956522e98835cac,development,glass,fresh:glass_recovery_train_0004,908ef9b1bf44303d25bb595b7c491f06cda835736a0fe952f19de8109f255546,base_continue,1,20,False,True,accident,
61f6ada542d03d1dd4d75a304f2674efa20660163c54b012b956522e98835cac,development,glass,fresh:glass_recovery_train_0004,908ef9b1bf44303d25bb595b7c491f06cda835736a0fe952f19de8109f255546,detour_complete,1,900,False,False,unrecorded_cap_or_other,12
61f6ada542d03d1dd4d75a304f2674efa20660163c54b012b956522e98835cac,development,glass,fresh:glass_recovery_train_0004,908ef9b1bf44303d25bb595b7c491f06cda835736a0fe952f19de8109f255546,retreat_hold,1,80,False,False,unrecorded_cap_or_other,
61f6ada542d03d1dd4d75a304f2674efa20660163c54b012b956522e98835cac,development,offpath,fresh:glass_recovery_train_0004,7523169b692847036bfc239ef44c1f9a42993f8a7491190fb5bade1a72de286a,base_continue,1,96,True,False,success,
61f6ada542d03d1dd4d75a304f2674efa20660163c54b012b956522e98835cac,development,offpath,fresh:glass_recovery_train_0004,7523169b692847036bfc239ef44c1f9a42993f8a7491190fb5bade1a72de286a,detour_complete,1,173,True,False,success,10
61f6ada542d03d1dd4d75a304f2674efa20660163c54b012b956522e98835cac,development,offpath,fresh:glass_recovery_train_0004,7523169b692847036bfc239ef44c1f9a42993f8a7491190fb5bade1a72de286a,retreat_hold,1,80,False,False,unrecorded_cap_or_other,
61f6ada542d03d1dd4d75a304f2674efa20660163c54b012b956522e98835cac,development,noglass,fresh:glass_recovery_train_0004,43f440c35f7fae6e5d2cf43fc17d86ebe44888d8f46117633c222c4c00c73037,base_continue,1,58,True,False,success,
61f6ada542d03d1dd4d75a304f2674efa20660163c54b012b956522e98835cac,development,noglass,fresh:glass_recovery_train_0004,43f440c35f7fae6e5d2cf43fc17d86ebe44888d8f46117633c222c4c00c73037,detour_complete,1,900,False,False,unrecorded_cap_or_other,12
61f6ada542d03d1dd4d75a304f2674efa20660163c54b012b956522e98835cac,development,noglass,fresh:glass_recovery_train_0004,43f440c35f7fae6e5d2cf43fc17d86ebe44888d8f46117633c222c4c00c73037,retreat_hold,1,80,False,False,unrecorded_cap_or_other,
61f6ada542d03d1dd4d75a304f2674efa20660163c54b012b956522e98835cac,development,glass,fresh:glass_recovery_train_0004,fba1b6546de0831ce1b7a92f2b9e94fc329d8004763917946681424617da557f,base_continue,1,7,False,True,accident,
61f6ada542d03d1dd4d75a304f2674efa20660163c54b012b956522e98835cac,development,glass,fresh:glass_recovery_train_0004,fba1b6546de0831ce1b7a92f2b9e94fc329d8004763917946681424617da557f,detour_complete,1,89,False,True,accident,6
61f6ada542d03d1dd4d75a304f2674efa20660163c54b012b956522e98835cac,development,glass,fresh:glass_recovery_train_0004,fba1b6546de0831ce1b7a92f2b9e94fc329d8004763917946681424617da557f,retreat_hold,1,80,False,False,unrecorded_cap_or_other,
61f6ada542d03d1dd4d75a304f2674efa20660163c54b012b956522e98835cac,development,offpath,fresh:glass_recovery_train_0004,96524455265ea1be2e17aceef4ef9f0401b619285835955d08d5f49e3e9e7e3d,base_continue,1,52,True,False,success,
61f6ada542d03d1dd4d75a304f2674efa20660163c54b012b956522e98835cac,development,offpath,fresh:glass_recovery_train_0004,96524455265ea1be2e17aceef4ef9f0401b619285835955d08d5f49e3e9e7e3d,detour_complete,1,189,True,False,success,10
61f6ada542d03d1dd4d75a304f2674efa20660163c54b012b956522e98835cac,development,offpath,fresh:glass_recovery_train_0004,96524455265ea1be2e17aceef4ef9f0401b619285835955d08d5f49e3e9e7e3d,retreat_hold,1,80,False,False,unrecorded_cap_or_other,
61f6ada542d03d1dd4d75a304f2674efa20660163c54b012b956522e98835cac,development,noglass,fresh:glass_recovery_train_0004,1d42af5c8366b50f6568b0f07b9f1ecd9728bc9cffcedae1027789727a56c7d0,base_continue,1,50,True,False,success,
61f6ada542d03d1dd4d75a304f2674efa20660163c54b012b956522e98835cac,development,noglass,fresh:glass_recovery_train_0004,1d42af5c8366b50f6568b0f07b9f1ecd9728bc9cffcedae1027789727a56c7d0,detour_complete,1,180,True,False,success,10
61f6ada542d03d1dd4d75a304f2674efa20660163c54b012b956522e98835cac,development,noglass,fresh:glass_recovery_train_0004,1d42af5c8366b50f6568b0f07b9f1ecd9728bc9cffcedae1027789727a56c7d0,retreat_hold,1,80,False,False,unrecorded_cap_or_other,
61f6ada542d03d1dd4d75a304f2674efa20660163c54b012b956522e98835cac,development,glass,fresh:glass_recovery_train_0004,05310bf4778fd61d5fb16ba6ff81057d91a23b5b7e3c97c55542a25ba546a91d,base_continue,1,32,False,True,accident,
61f6ada542d03d1dd4d75a304f2674efa20660163c54b012b956522e98835cac,development,glass,fresh:glass_recovery_train_0004,05310bf4778fd61d5fb16ba6ff81057d91a23b5b7e3c97c55542a25ba546a91d,detour_complete,1,106,False,True,accident,6
61f6ada542d03d1dd4d75a304f2674efa20660163c54b012b956522e98835cac,development,glass,fresh:glass_recovery_train_0004,05310bf4778fd61d5fb16ba6ff81057d91a23b5b7e3c97c55542a25ba546a91d,retreat_hold,1,80,False,False,unrecorded_cap_or_other,
61f6ada542d03d1dd4d75a304f2674efa20660163c54b012b956522e98835cac,development,offpath,fresh:glass_recovery_train_0004,45e3ca72b66bf8c168a20078c367da0c999b06e06d29392d4d6c3865135c4abd,base_continue,1,45,True,False,success,
61f6ada542d03d1dd4d75a304f2674efa20660163c54b012b956522e98835cac,development,offpath,fresh:glass_recovery_train_0004,45e3ca72b66bf8c168a20078c367da0c999b06e06d29392d4d6c3865135c4abd,detour_complete,1,195,True,False,success,10
61f6ada542d03d1dd4d75a304f2674efa20660163c54b012b956522e98835cac,development,offpath,fresh:glass_recovery_train_0004,45e3ca72b66bf8c168a20078c367da0c999b06e06d29392d4d6c3865135c4abd,retreat_hold,1,80,False,False,unrecorded_cap_or_other,
61f6ada542d03d1dd4d75a304f2674efa20660163c54b012b956522e98835cac,development,noglass,fresh:glass_recovery_train_0004,90c26da7ae63222f8d47bddd9ba02f4d6b9c3db0ec2424bf0d41a8ffe805c9e9,base_continue,1,45,True,False,success,
61f6ada542d03d1dd4d75a304f2674efa20660163c54b012b956522e98835cac,development,noglass,fresh:glass_recovery_train_0004,90c26da7ae63222f8d47bddd9ba02f4d6b9c3db0ec2424bf0d41a8ffe805c9e9,detour_complete,1,195,True,False,success,10
61f6ada542d03d1dd4d75a304f2674efa20660163c54b012b956522e98835cac,development,noglass,fresh:glass_recovery_train_0004,90c26da7ae63222f8d47bddd9ba02f4d6b9c3db0ec2424bf0d41a8ffe805c9e9,retreat_hold,1,80,False,False,unrecorded_cap_or_other,
5de3fa5396875480db81793738029227ed357caa91e5d24290ffc5cb0371f908,development,glass,fresh:glass_recovery_validation_0000,e7264922b1681771f81bfbe7b6d0ce3c28e7ad71bfbdc292ec50bc86de439cfd,base_continue,1,26,False,True,accident,
5de3fa5396875480db81793738029227ed357caa91e5d24290ffc5cb0371f908,development,glass,fresh:glass_recovery_validation_0000,e7264922b1681771f81bfbe7b6d0ce3c28e7ad71bfbdc292ec50bc86de439cfd,detour_complete,1,144,False,True,accident,6
5de3fa5396875480db81793738029227ed357caa91e5d24290ffc5cb0371f908,development,glass,fresh:glass_recovery_validation_0000,e7264922b1681771f81bfbe7b6d0ce3c28e7ad71bfbdc292ec50bc86de439cfd,retreat_hold,1,80,False,False,unrecorded_cap_or_other,
5de3fa5396875480db81793738029227ed357caa91e5d24290ffc5cb0371f908,development,offpath,fresh:glass_recovery_validation_0000,ce20854e00535b1b79a296a560b6e94b61aae2e971c0e99908e5a2d170493bf1,base_continue,1,68,True,False,success,
5de3fa5396875480db81793738029227ed357caa91e5d24290ffc5cb0371f908,development,offpath,fresh:glass_recovery_validation_0000,ce20854e00535b1b79a296a560b6e94b61aae2e971c0e99908e5a2d170493bf1,detour_complete,1,451,True,False,success,10
5de3fa5396875480db81793738029227ed357caa91e5d24290ffc5cb0371f908,development,offpath,fresh:glass_recovery_validation_0000,ce20854e00535b1b79a296a560b6e94b61aae2e971c0e99908e5a2d170493bf1,retreat_hold,1,80,False,False,unrecorded_cap_or_other,
5de3fa5396875480db81793738029227ed357caa91e5d24290ffc5cb0371f908,development,noglass,fresh:glass_recovery_validation_0000,61432e913d74d31450cddd4c3da258b873d69012fc51a14a836875c5cc0fe893,base_continue,1,120,True,False,success,
5de3fa5396875480db81793738029227ed357caa91e5d24290ffc5cb0371f908,development,noglass,fresh:glass_recovery_validation_0000,61432e913d74d31450cddd4c3da258b873d69012fc51a14a836875c5cc0fe893,detour_complete,1,240,True,False,success,10
5de3fa5396875480db81793738029227ed357caa91e5d24290ffc5cb0371f908,development,noglass,fresh:glass_recovery_validation_0000,61432e913d74d31450cddd4c3da258b873d69012fc51a14a836875c5cc0fe893,retreat_hold,1,80,False,False,unrecorded_cap_or_other,
5de3fa5396875480db81793738029227ed357caa91e5d24290ffc5cb0371f908,development,glass,fresh:glass_recovery_validation_0000,0a44cc28f9b90f804d6269dfd059effe40e679643c4e15cbc3839b0d6119c526,base_continue,1,22,False,True,accident,
5de3fa5396875480db81793738029227ed357caa91e5d24290ffc5cb0371f908,development,glass,fresh:glass_recovery_validation_0000,0a44cc28f9b90f804d6269dfd059effe40e679643c4e15cbc3839b0d6119c526,detour_complete,1,900,False,False,unrecorded_cap_or_other,12
5de3fa5396875480db81793738029227ed357caa91e5d24290ffc5cb0371f908,development,glass,fresh:glass_recovery_validation_0000,0a44cc28f9b90f804d6269dfd059effe40e679643c4e15cbc3839b0d6119c526,retreat_hold,1,80,False,False,unrecorded_cap_or_other,
5de3fa5396875480db81793738029227ed357caa91e5d24290ffc5cb0371f908,development,offpath,fresh:glass_recovery_validation_0000,385e4cf128a61a0397a6ba85f7781ee1caf0d702bd14acad762a1e7854ac0ff2,base_continue,1,63,True,False,success,
5de3fa5396875480db81793738029227ed357caa91e5d24290ffc5cb0371f908,development,offpath,fresh:glass_recovery_validation_0000,385e4cf128a61a0397a6ba85f7781ee1caf0d702bd14acad762a1e7854ac0ff2,detour_complete,1,214,True,False,success,10
5de3fa5396875480db81793738029227ed357caa91e5d24290ffc5cb0371f908,development,offpath,fresh:glass_recovery_validation_0000,385e4cf128a61a0397a6ba85f7781ee1caf0d702bd14acad762a1e7854ac0ff2,retreat_hold,1,80,False,False,unrecorded_cap_or_other,
5de3fa5396875480db81793738029227ed357caa91e5d24290ffc5cb0371f908,development,noglass,fresh:glass_recovery_validation_0000,ff97c2cb7af3fed8c82ff276dd52b010c904250bc448000c4d77f57127ff18bc,base_continue,1,220,False,False,unrecorded_cap_or_other,
5de3fa5396875480db81793738029227ed357caa91e5d24290ffc5cb0371f908,development,noglass,fresh:glass_recovery_validation_0000,ff97c2cb7af3fed8c82ff276dd52b010c904250bc448000c4d77f57127ff18bc,detour_complete,1,237,True,False,success,10
5de3fa5396875480db81793738029227ed357caa91e5d24290ffc5cb0371f908,development,noglass,fresh:glass_recovery_validation_0000,ff97c2cb7af3fed8c82ff276dd52b010c904250bc448000c4d77f57127ff18bc,retreat_hold,1,80,False,False,unrecorded_cap_or_other,
5de3fa5396875480db81793738029227ed357caa91e5d24290ffc5cb0371f908,development,glass,fresh:glass_recovery_validation_0000,60207f9b74682e726d30d7e19721031daf6a765f561ba4467a7f2a46fde54d0b,base_continue,1,11,False,True,accident,
5de3fa5396875480db81793738029227ed357caa91e5d24290ffc5cb0371f908,development,glass,fresh:glass_recovery_validation_0000,60207f9b74682e726d30d7e19721031daf6a765f561ba4467a7f2a46fde54d0b,detour_complete,1,85,False,True,accident,6
5de3fa5396875480db81793738029227ed357caa91e5d24290ffc5cb0371f908,development,glass,fresh:glass_recovery_validation_0000,60207f9b74682e726d30d7e19721031daf6a765f561ba4467a7f2a46fde54d0b,retreat_hold,1,80,False,False,unrecorded_cap_or_other,
5de3fa5396875480db81793738029227ed357caa91e5d24290ffc5cb0371f908,development,offpath,fresh:glass_recovery_validation_0000,427d47b1f9294216935e373d264243d794f60761d2cd9ba178af9c71495d96d2,base_continue,1,52,True,False,success,
5de3fa5396875480db81793738029227ed357caa91e5d24290ffc5cb0371f908,development,offpath,fresh:glass_recovery_validation_0000,427d47b1f9294216935e373d264243d794f60761d2cd9ba178af9c71495d96d2,detour_complete,1,225,True,False,success,10
5de3fa5396875480db81793738029227ed357caa91e5d24290ffc5cb0371f908,development,offpath,fresh:glass_recovery_validation_0000,427d47b1f9294216935e373d264243d794f60761d2cd9ba178af9c71495d96d2,retreat_hold,1,80,False,False,unrecorded_cap_or_other,
5de3fa5396875480db81793738029227ed357caa91e5d24290ffc5cb0371f908,development,noglass,fresh:glass_recovery_validation_0000,fd75c067cd9a9fe2b3040e18c4cd6ae63c19d09a3e64e4281d722be2684938dc,base_continue,1,167,True,False,success,
5de3fa5396875480db81793738029227ed357caa91e5d24290ffc5cb0371f908,development,noglass,fresh:glass_recovery_validation_0000,fd75c067cd9a9fe2b3040e18c4cd6ae63c19d09a3e64e4281d722be2684938dc,detour_complete,1,244,True,False,success,10
5de3fa5396875480db81793738029227ed357caa91e5d24290ffc5cb0371f908,development,noglass,fresh:glass_recovery_validation_0000,fd75c067cd9a9fe2b3040e18c4cd6ae63c19d09a3e64e4281d722be2684938dc,retreat_hold,1,80,False,False,unrecorded_cap_or_other,
5de3fa5396875480db81793738029227ed357caa91e5d24290ffc5cb0371f908,development,glass,fresh:glass_recovery_validation_0000,97376df45024d23f451f0cc9e7f16122c8ca877dd224d0c4fe25c5f3ec19d55b,base_continue,1,2,False,True,accident,
5de3fa5396875480db81793738029227ed357caa91e5d24290ffc5cb0371f908,development,glass,fresh:glass_recovery_validation_0000,97376df45024d23f451f0cc9e7f16122c8ca877dd224d0c4fe25c5f3ec19d55b,detour_complete,1,98,False,True,accident,6
5de3fa5396875480db81793738029227ed357caa91e5d24290ffc5cb0371f908,development,glass,fresh:glass_recovery_validation_0000,97376df45024d23f451f0cc9e7f16122c8ca877dd224d0c4fe25c5f3ec19d55b,retreat_hold,1,80,False,False,unrecorded_cap_or_other,
5de3fa5396875480db81793738029227ed357caa91e5d24290ffc5cb0371f908,development,offpath,fresh:glass_recovery_validation_0000,262453b2ca929df86bbed3f2cfb17ed1e07c7d81d4517352faf429e277241ab6,base_continue,1,52,True,False,success,
5de3fa5396875480db81793738029227ed357caa91e5d24290ffc5cb0371f908,development,offpath,fresh:glass_recovery_validation_0000,262453b2ca929df86bbed3f2cfb17ed1e07c7d81d4517352faf429e277241ab6,detour_complete,1,900,False,False,unrecorded_cap_or_other,12
5de3fa5396875480db81793738029227ed357caa91e5d24290ffc5cb0371f908,development,offpath,fresh:glass_recovery_validation_0000,262453b2ca929df86bbed3f2cfb17ed1e07c7d81d4517352faf429e277241ab6,retreat_hold,1,80,False,False,unrecorded_cap_or_other,
5de3fa5396875480db81793738029227ed357caa91e5d24290ffc5cb0371f908,development,noglass,fresh:glass_recovery_validation_0000,d13d133c5f7fe8682bacc04f65f72fb8f1325d63649cab5fcf21a9fbda906867,base_continue,1,160,True,False,success,
5de3fa5396875480db81793738029227ed357caa91e5d24290ffc5cb0371f908,development,noglass,fresh:glass_recovery_validation_0000,d13d133c5f7fe8682bacc04f65f72fb8f1325d63649cab5fcf21a9fbda906867,detour_complete,1,233,True,False,success,10
5de3fa5396875480db81793738029227ed357caa91e5d24290ffc5cb0371f908,development,noglass,fresh:glass_recovery_validation_0000,d13d133c5f7fe8682bacc04f65f72fb8f1325d63649cab5fcf21a9fbda906867,retreat_hold,1,80,False,False,unrecorded_cap_or_other,
d6796d48077a08484abd1252e6deb387d8b6a10bf445e66c4e6eaa0bde0f7818,development,glass,fresh:glass_recovery_validation_0004,e17fa65a91f046d8a32b73959d88890207d14697bb36ee82453b070274433cc9,base_continue,1,20,False,True,accident,
d6796d48077a08484abd1252e6deb387d8b6a10bf445e66c4e6eaa0bde0f7818,development,glass,fresh:glass_recovery_validation_0004,e17fa65a91f046d8a32b73959d88890207d14697bb36ee82453b070274433cc9,detour_complete,1,872,False,False,robosuite_episode_horizon,12
d6796d48077a08484abd1252e6deb387d8b6a10bf445e66c4e6eaa0bde0f7818,development,glass,fresh:glass_recovery_validation_0004,e17fa65a91f046d8a32b73959d88890207d14697bb36ee82453b070274433cc9,retreat_hold,1,10,False,True,accident,
d6796d48077a08484abd1252e6deb387d8b6a10bf445e66c4e6eaa0bde0f7818,development,glass,fresh:glass_recovery_validation_0004,c35850f1a7a3cefeeac039a79997050eed939555f110f4f8ed09b0208aa2c86c,base_continue,1,28,False,True,accident,
d6796d48077a08484abd1252e6deb387d8b6a10bf445e66c4e6eaa0bde0f7818,development,glass,fresh:glass_recovery_validation_0004,c35850f1a7a3cefeeac039a79997050eed939555f110f4f8ed09b0208aa2c86c,detour_complete,1,486,True,False,success,10
d6796d48077a08484abd1252e6deb387d8b6a10bf445e66c4e6eaa0bde0f7818,development,glass,fresh:glass_recovery_validation_0004,c35850f1a7a3cefeeac039a79997050eed939555f110f4f8ed09b0208aa2c86c,retreat_hold,1,9,False,True,accident,
d6796d48077a08484abd1252e6deb387d8b6a10bf445e66c4e6eaa0bde0f7818,development,glass,fresh:glass_recovery_validation_0004,a3ea97e477fd5670df15a323acbe3fc8e49b58f82c84831b3054ad639e7abaa3,base_continue,1,22,False,True,accident,
d6796d48077a08484abd1252e6deb387d8b6a10bf445e66c4e6eaa0bde0f7818,development,glass,fresh:glass_recovery_validation_0004,a3ea97e477fd5670df15a323acbe3fc8e49b58f82c84831b3054ad639e7abaa3,detour_complete,1,582,True,False,success,11
d6796d48077a08484abd1252e6deb387d8b6a10bf445e66c4e6eaa0bde0f7818,development,glass,fresh:glass_recovery_validation_0004,a3ea97e477fd5670df15a323acbe3fc8e49b58f82c84831b3054ad639e7abaa3,retreat_hold,1,10,False,True,accident,
d6796d48077a08484abd1252e6deb387d8b6a10bf445e66c4e6eaa0bde0f7818,development,glass,fresh:glass_recovery_validation_0004,b7bea5e726eba075249d5da9a36eebee5d4e1ea1c274da7f53055ccaccde9102,base_continue,1,7,False,True,accident,
d6796d48077a08484abd1252e6deb387d8b6a10bf445e66c4e6eaa0bde0f7818,development,glass,fresh:glass_recovery_validation_0004,b7bea5e726eba075249d5da9a36eebee5d4e1ea1c274da7f53055ccaccde9102,detour_complete,1,842,False,False,robosuite_episode_horizon,12
d6796d48077a08484abd1252e6deb387d8b6a10bf445e66c4e6eaa0bde0f7818,development,glass,fresh:glass_recovery_validation_0004,b7bea5e726eba075249d5da9a36eebee5d4e1ea1c274da7f53055ccaccde9102,retreat_hold,1,10,False,True,accident,
d6796d48077a08484abd1252e6deb387d8b6a10bf445e66c4e6eaa0bde0f7818,development,glass,fresh:glass_recovery_validation_0004,3a735bac7f28109c327dcead7fc4fbaee493fe280dc7d9577b0ca394a32c2438,base_continue,1,5,False,True,accident,
d6796d48077a08484abd1252e6deb387d8b6a10bf445e66c4e6eaa0bde0f7818,development,glass,fresh:glass_recovery_validation_0004,3a735bac7f28109c327dcead7fc4fbaee493fe280dc7d9577b0ca394a32c2438,detour_complete,1,5,False,True,accident,0
d6796d48077a08484abd1252e6deb387d8b6a10bf445e66c4e6eaa0bde0f7818,development,glass,fresh:glass_recovery_validation_0004,3a735bac7f28109c327dcead7fc4fbaee493fe280dc7d9577b0ca394a32c2438,retreat_hold,1,5,False,True,accident,
